x	y
-1.79840965860499	0.382877827643389
-1.79840965860499	0.382877827643389
-1.79840965860499	0.382877827643389
-1.79839614394125	0.382877807711208
-1.79840965860499	0.382877827643389
1.95786695174359	0.441149378722158
-2.57660997484294	0.657538252319339
-1.1412568453231	0.344431220445032
-1.79839614394125	0.382877807711208
-1.79839614394125	0.382877807711208
0.155111385030128	0.0290417527313876
0.154465593370314	0.0289479903375428
-1.79839614394125	0.382877807711208
-1.14193838802885	0.344646219015582
0.157325350109871	0.02936446462458
-1.80123754984197	0.383647112861273
0.154465593370314	0.0289479903375428
-0.62621301873586	0.15115097520137
-2.5766529574574	0.657773148602288
-1.79840965860499	0.382877827643389
-1.79840965860499	0.382877827643389
-1.79839614394125	0.382877807711208
-2.5766529574574	0.657773148602288
-0.628867026021838	0.151670609188118
1.95731570776637	0.441000340195791
0.154509067766894	0.0289541162362231
-3.08189869996978	0.9470994296719
-1.79839614394125	0.382877807711208
-0.628733247343677	0.151688343674084
-1.14193838802885	0.344646219015582
-2.57669595250488	0.657559862268914
-1.79839614394125	0.382877807711208
-2.57968420714322	0.659073447553718
-1.80123754984197	0.383647112861273
-0.628599509856641	0.151612619227975
-1.79839614394125	0.382877807711208
-1.79840965860499	0.382877827643389
-2.5766529574574	0.657773148602288
1.95988292961267	0.441702177751728
-1.79840965860499	0.382877827643389
-1.79840965860499	0.382877827643389
-1.80123754984197	0.383647112861273
-2.5766529574574	0.657773148602288
-1.79839614394125	0.382877807711208
0.154465593370314	0.0289479903375428
-0.628733247343677	0.151688343674084
-1.79839614394125	0.382877807711208
-1.79840965860499	0.382877827643389
-1.79839614394125	0.382877807711208
-1.79839614394125	0.382877807711208
-1.79839614394125	0.382877807711208
-0.628733247343677	0.151688343674084
-1.79839614394125	0.382877807711208
-2.57669595250488	0.657559862268914
-0.628164901903538	0.15157555358925
-2.57968420714322	0.659073447553718
-1.79840965860499	0.382877827643389
-1.79840965860499	0.382877827643389
-1.80123754984197	0.383647112861273
-1.79840965860499	0.382877827643389
-2.5766529574574	0.657773148602288
-1.79839614394125	0.382877807711208
-1.79839614394125	0.382877807711208
-1.14088544605048	0.344426431780091
-1.79839614394125	0.382877807711208
-1.79840965860499	0.382877827643389
-1.79840965860499	0.382877827643389
-1.79839614394125	0.382877807711208
0.155067569950451	0.0290355764553768
0.155067569950451	0.0290355764553768
-0.354525819937872	0.101778275735803
-1.80123754984197	0.383647112861273
-1.79839614394125	0.382877807711208
-1.79840965860499	0.382877827643389
-1.79840965860499	0.382877827643389
1.95786695174359	0.441149378722158
0.950858461556905	0.2491584305819
0.155067569950451	0.0290355764553768
-1.79840965860499	0.382877827643389
0.154509067766894	0.0289541162362231
-1.79839614394125	0.382877807711208
-1.52954577316989	0.543451783402332
-1.79839614394125	0.382877807711208
-0.628030265547787	0.151499678636842
0.947635845528227	0.248244973505163
-1.1414839653338	0.344622990730584
-2.5766529574574	0.657773148602288
-2.57963910438406	0.659061212358043
-1.80123754984197	0.383647112861273
-1.80123754984197	0.383647112861273
-1.79840965860499	0.382877827643389
-1.79839614394125	0.382877807711208
-1.79839614394125	0.382877807711208
-1.79840965860499	0.382877827643389
-0.628299579656606	0.151558046801791
0.154465593370314	0.0289479903375428
1.95731570776637	0.441000340195791
-1.79840965860499	0.382877827643389
0.154509067766894	0.0289541162362231
-0.632424041671007	0.152580102364835
-2.57968420714322	0.659073447553718
-1.79839614394125	0.382877807711208
-1.79839614394125	0.382877807711208
-1.79840965860499	0.382877827643389
0.155067569950451	0.0290355764553768
-2.5766529574574	0.657773148602288
0.155067569950451	0.0290355764553768
-1.79840965860499	0.382877827643389
0.155067569950451	0.0290355764553768
0.154465593370314	0.0289479903375428
3.26284822825054	1.10169382604423
-0.355104953248248	0.101967480674674
-0.626075023442282	0.151167646950723
-1.79839614394125	0.382877807711208
-1.79840965860499	0.382877827643389
-1.79839614394125	0.382877807711208
-1.79840965860499	0.382877827643389
-2.57669595250488	0.657559862268914
-1.79840965860499	0.382877827643389
-1.79839614394125	0.382877807711208
0.152050960400409	0.028630259939513
-1.79839614394125	0.382877807711208
-1.79839614394125	0.382877807711208
-1.79839614394125	0.382877807711208
-1.80123754984197	0.383647112861273
-1.79839614394125	0.382877807711208
-0.628030265547787	0.151499678636842
-1.04756717059493	0.412661948904752
-1.79840965860499	0.382877827643389
-3.08203048704882	0.947509650360219
-2.57968420714322	0.659073447553718
-0.628733247343677	0.151688343674084
-1.79840965860499	0.382877827643389
-1.79840965860499	0.382877827643389
-2.57660997484294	0.657538252319339
-1.14523333483643	0.345843348749308
-1.79840965860499	0.382877827643389
-1.80123754984197	0.383647112861273
-1.79839614394125	0.382877807711208
-2.57963910438406	0.659061212358043
-1.79839614394125	0.382877807711208
-1.79840965860499	0.382877827643389
0.154509067766894	0.0289541162362231
0.154465593370314	0.0289479903375428
-1.79840965860499	0.382877827643389
-1.14559783756009	0.346052129596875
-1.79840965860499	0.382877827643389
-1.79839614394125	0.382877807711208
-0.631994988626399	0.152498044571477
-0.628733247343677	0.151688343674084
-1.80123754984197	0.383647112861273
-1.79840965860499	0.382877827643389
-1.79840965860499	0.382877827643389
-0.628164901903538	0.15157555358925
-1.79839614394125	0.382877807711208
-1.79840965860499	0.382877827643389
-1.79839614394125	0.382877807711208
-1.79839614394125	0.382877807711208
-1.79839614394125	0.382877807711208
-1.79839614394125	0.382877807711208
0.155067569950451	0.0290355764553768
-1.80123754984197	0.383647112861273
-3.08216231491203	0.947551973079846
-3.46299441124492	1.22953362528533
-1.79839614394125	0.382877807711208
-2.57968420714322	0.659073447553718
-3.08898467402977	0.950960285645612
0.154465593370314	0.0289479903375428
-1.79839614394125	0.382877807711208
0.94820175004088	0.248479682375772
-1.80123754984197	0.383647112861273
-1.79840965860499	0.382877827643389
-1.79839614394125	0.382877807711208
-0.355104953248248	0.101967480674674
-1.1412568453231	0.344431220445032
-0.628030265547787	0.151499678636842
-1.79839614394125	0.382877807711208
-1.79840965860499	0.382877827643389
-2.5766529574574	0.657773148602288
0.154465593370314	0.0289479903375428
-1.79840965860499	0.382877827643389
-2.57660997484294	0.657538252319339
0.155067569950451	0.0290355764553768
-1.79839614394125	0.382877807711208
-1.13849635482287	0.34354887893789
-1.79840965860499	0.382877827643389
-2.57660997484294	0.657538252319339
-1.14559783756009	0.346052129596875
-0.631994988626399	0.152498044571477
-1.79840965860499	0.382877827643389
-3.08542618523242	0.949198094742557
-1.79840965860499	0.382877827643389
-2.57660997484294	0.657538252319339
0.15144823932183	0.0285426379557898
-0.628599509856641	0.151612619227975
2.75580772001712	0.763760469153332
-1.14559783756009	0.346052129596875
-2.57963910438406	0.659061212358043
-1.79840965860499	0.382877827643389
-0.628299579656606	0.151558046801791
-2.57660997484294	0.657538252319339
-2.5766529574574	0.657773148602288
-2.5766529574574	0.657773148602288
-2.57660997484294	0.657538252319339
-1.79840965860499	0.382877827643389
0.154509067766894	0.0289541162362231
-1.79839614394125	0.382877807711208
-1.80123754984197	0.383647112861273
-1.79839614394125	0.382877807711208
-3.08203048704882	0.947509650360219
-1.14171114622793	0.344693702322242
-1.79840965860499	0.382877827643389
-1.79840965860499	0.382877827643389
0.156661115950913	0.0392800358899383
-1.79839614394125	0.382877807711208
-3.08556356757563	0.949512459473102
0.155067569950451	0.0290355764553768
0.947770742439721	0.248281535275256
1.95786695174359	0.441149378722158
-1.79839614394125	0.382877807711208
-2.57660997484294	0.657538252319339
-1.79840965860499	0.382877827643389
-1.79839614394125	0.382877807711208
0.154465593370314	0.0289479903375428
0.155067569950451	0.0290355764553768
-2.57968420714322	0.659073447553718
-1.79839614394125	0.382877807711208
-1.79840965860499	0.382877827643389
-1.79839614394125	0.382877807711208
-1.79839614394125	0.382877807711208
1.95988292961267	0.441702177751728
-1.79840965860499	0.382877827643389
-1.80123754984197	0.383647112861273
-1.79840965860499	0.382877827643389
0.152050960400409	0.028630259939513
-1.79840965860499	0.382877827643389
-1.79840965860499	0.382877827643389
-3.08216231491203	0.947551973079846
-1.52556530925699	0.541887546993991
1.45054889854294	0.478121061898946
-1.79839614394125	0.382877807711208
-1.79839614394125	0.382877807711208
-1.79839614394125	0.382877807711208
0.154465593370314	0.0289479903375428
-1.79840965860499	0.382877827643389
-1.79839614394125	0.382877807711208
-1.80123754984197	0.383647112861273
-1.79839614394125	0.382877807711208
-1.80123754984197	0.383647112861273
-1.79839614394125	0.382877807711208
-1.79840965860499	0.382877827643389
-2.57669595250488	0.657559862268914
-1.79840965860499	0.382877827643389
-1.79840965860499	0.382877827643389
-2.5766529574574	0.657773148602288
-1.80123754984197	0.383647112861273
-1.79839614394125	0.382877807711208
-2.5766529574574	0.657773148602288
-2.5766529574574	0.657773148602288
1.95731570776637	0.441000340195791
-1.79840965860499	0.382877827643389
-1.80123754984197	0.383647112861273
-2.57963910438406	0.659061212358043
-1.79839614394125	0.382877807711208
-1.79839614394125	0.382877807711208
-1.79840965860499	0.382877827643389
0.155111385030128	0.0290417527313876
0.154465593370314	0.0289479903375428
-1.79840965860499	0.382877827643389
-1.79840965860499	0.382877827643389
0.15144823932183	0.0285426379557898
-1.79840965860499	0.382877827643389
-3.08203048704882	0.947509650360219
0.155067569950451	0.0290355764553768
-1.29318528584883	0.57616602568844
-1.79839614394125	0.382877807711208
-2.5766529574574	0.657773148602288
-1.80123754984197	0.383647112861273
0.15963091503218	0.0399802605532864
-1.79840965860499	0.382877827643389
-0.628299579656606	0.151558046801791
-1.79840965860499	0.382877827643389
-1.80123754984197	0.383647112861273
-1.79840965860499	0.382877827643389
-1.79840965860499	0.382877827643389
-1.79840965860499	0.382877827643389
-0.628867026021838	0.151670609188118
-1.83165926032039	0.740451579277532
-1.79840965860499	0.382877827643389
-0.632563406792844	0.152610991116788
-1.79839614394125	0.382877807711208
-1.79839614394125	0.382877807711208
-1.83470480543889	0.742065970342523
-1.79839614394125	0.382877807711208
0.154509067766894	0.0289541162362231
-1.79840965860499	0.382877827643389
0.157370411029726	0.0293708256249034
-1.79839614394125	0.382877807711208
-1.79839614394125	0.382877807711208
-1.80123754984197	0.383647112861273
0.155111385030128	0.0290417527313876
-1.79840965860499	0.382877827643389
-1.80123754984197	0.383647112861273
-4.23376817757738	1.97077097194121
1.95786695174359	0.441149378722158
-1.1414839653338	0.344622990730584
-2.5766529574574	0.657773148602288
-2.58269164924118	0.660244336228982
-2.57963910438406	0.659061212358043
-1.79840965860499	0.382877827643389
-0.738079783119958	0.251987608125061
-0.16320537150404	0.0584738074539776
-1.79839614394125	0.382877807711208
0.157325350109871	0.02936446462458
-1.79840965860499	0.382877827643389
-2.57963910438406	0.659061212358043
-1.79839614394125	0.382877807711208
-1.79839614394125	0.382877807711208
-1.79839614394125	0.382877807711208
-1.1406575104342	0.344234513147494
-1.14559783756009	0.346052129596875
-1.79840965860499	0.382877827643389
1.95988292961267	0.441702177751728
0.154465593370314	0.0289479903375428
0.154509067766894	0.0289541162362231
-1.14950531730286	0.347256013848679
-3.08556356757563	0.949512459473102
-2.5766529574574	0.657773148602288
-1.79839614394125	0.382877807711208
-1.79839614394125	0.382877807711208
-2.57660997484294	0.657538252319339
-1.79840965860499	0.382877827643389
-1.79839614394125	0.382877807711208
-1.79839614394125	0.382877807711208
-2.5766529574574	0.657773148602288
-1.79839614394125	0.382877807711208
-1.79839614394125	0.382877807711208
-1.79839614394125	0.382877807711208
-3.08556356757563	0.949512459473102
-0.628299579656606	0.151558046801791
-1.79840965860499	0.382877827643389
-1.80123754984197	0.383647112861273
-2.5766529574574	0.657773148602288
-0.628733247343677	0.151688343674084
-2.5766529574574	0.657773148602288
-2.5766529574574	0.657773148602288
-1.79840965860499	0.382877827643389
0.152050960400409	0.028630259939513
-0.631994988626399	0.152498044571477
-1.79839614394125	0.382877807711208
0.154465593370314	0.0289479903375428
-1.79840965860499	0.382877827643389
-0.354815349846941	0.101888689175609
-2.57968420714322	0.659073447553718
-1.79840965860499	0.382877827643389
-0.628164901903538	0.15157555358925
-3.08229418357021	0.947231644170671
-1.83072704109891	0.739930594937107
-1.80123754984197	0.383647112861273
-1.79840965860499	0.382877827643389
-1.80123754984197	0.383647112861273
1.95731570776637	0.441000340195791
1.95731570776637	0.441000340195791
-2.57963910438406	0.659061212358043
-1.79839614394125	0.382877807711208
-1.79839614394125	0.382877807711208
-1.79840965860499	0.382877827643389
-1.79840965860499	0.382877827643389
-1.79840965860499	0.382877827643389
-1.79840965860499	0.382877827643389
-1.79840965860499	0.382877827643389
-2.57660997484294	0.657538252319339
0.160221796316651	0.0401166927693931
0.157370411029726	0.0293708256249034
0.155111385030128	0.0290417527313876
-1.80123754984197	0.383647112861273
0.155111385030128	0.0290417527313876
-1.80123754984197	0.383647112861273
-0.628867026021838	0.151670609188118
-1.79840965860499	0.382877827643389
-1.79839614394125	0.382877807711208
-1.80123754984197	0.383647112861273
-1.79840965860499	0.382877827643389
-1.79839614394125	0.382877807711208
-0.628733247343677	0.151688343674084
-1.79840965860499	0.382877827643389
-1.79840965860499	0.382877827643389
-1.79839614394125	0.382877807711208
0.155111385030128	0.0290417527313876
-1.79840965860499	0.382877827643389
-1.79839614394125	0.382877807711208
-1.79839614394125	0.382877807711208
-3.08216231491203	0.947551973079846
-1.1414839653338	0.344622990730584
0.154465593370314	0.0289479903375428
1.02709860167831	0.383182847467804
0.154509067766894	0.0289541162362231
0.155067569950451	0.0290355764553768
-1.79840965860499	0.382877827643389
0.154465593370314	0.0289479903375428
-0.628733247343677	0.151688343674084
-1.79840965860499	0.382877827643389
-1.1414839653338	0.344622990730584
-1.80123754984197	0.383647112861273
-0.628299579656606	0.151558046801791
-3.08189869996978	0.9470994296719
0.157370411029726	0.0293708256249034
0.160221796316651	0.0401166927693931
-2.57963910438406	0.659061212358043
-0.353207074434312	0.101406886597049
-1.04255649350425	0.410401789740815
-1.79839614394125	0.382877807711208
-2.5766529574574	0.657773148602288
-3.08203048704882	0.947509650360219
-1.79839614394125	0.382877807711208
-1.80123754984197	0.383647112861273
-2.5766529574574	0.657773148602288
-2.57963910438406	0.659061212358043
0.157370411029726	0.0293708256249034
0.154509067766894	0.0289541162362231
-1.79840965860499	0.382877827643389
1.95731570776637	0.441000340195791
-2.5766529574574	0.657773148602288
-1.79839614394125	0.382877807711208
-2.5766529574574	0.657773148602288
-3.08542618523242	0.949198094742557
-1.79839614394125	0.382877807711208
-2.57968420714322	0.659073447553718
-1.79839614394125	0.382877807711208
0.157370411029726	0.0293708256249034
2.75520320904554	0.763197913000704
0.162357836679133	0.0405597098553547
-1.79839614394125	0.382877807711208
-1.79839614394125	0.382877807711208
-3.08216231491203	0.947551973079846
-1.79840965860499	0.382877827643389
1.95786695174359	0.441149378722158
-2.5766529574574	0.657773148602288
1.95988292961267	0.441702177751728
-1.79839614394125	0.382877807711208
-1.79840965860499	0.382877827643389
-1.79840965860499	0.382877827643389
0.155111385030128	0.0290417527313876
-3.0857009920368	0.949295045119167
-0.628867026021838	0.151670609188118
-1.80123754984197	0.383647112861273
-2.57660997484294	0.657538252319339
-0.628164901903538	0.15157555358925
-2.5766529574574	0.657773148602288
-1.79840965860499	0.382877827643389
-2.57660997484294	0.657538252319339
-2.57968420714322	0.659073447553718
-2.57963910438406	0.659061212358043
-1.79840965860499	0.382877827643389
-0.628164901903538	0.15157555358925
-1.79839614394125	0.382877807711208
-1.79840965860499	0.382877827643389
-1.79839614394125	0.382877807711208
-1.79839614394125	0.382877807711208
-1.13895833229548	0.343813220888229
-2.57660997484294	0.657538252319339
0.658448437247608	0.206865271021461
1.95731570776637	0.441000340195791
-1.79840965860499	0.382877827643389
0.159402290839324	0.0399177124259514
-0.735201728577998	0.25087231236032
-2.5766529574574	0.657773148602288
2.75807933893485	0.764710363024488
-1.79840965860499	0.382877827643389
0.162357836679133	0.0405597098553547
-0.628599509856641	0.151612619227975
0.155111385030128	0.0290417527313876
0.155111385030128	0.0290417527313876
1.95786695174359	0.441149378722158
2.75868832531345	0.765017792149168
-2.5766529574574	0.657773148602288
1.95786695174359	0.441149378722158
-1.79839614394125	0.382877807711208
-1.79839614394125	0.382877807711208
-1.80123754984197	0.383647112861273
-1.79839614394125	0.382877807711208
-1.79840965860499	0.382877827643389
0.155111385030128	0.0290417527313876
-2.5766529574574	0.657773148602288
0.147007749076803	0.0431148554966707
-2.5766529574574	0.657773148602288
1.95988292961267	0.441702177751728
-0.631994988626399	0.152498044571477
1.95731570776637	0.441000340195791
1.95786695174359	0.441149378722158
-2.57660997484294	0.657538252319339
0.154465593370314	0.0289479903375428
-1.79840965860499	0.382877827643389
-1.79840965860499	0.382877827643389
-1.79839614394125	0.382877807711208
0.155111385030128	0.0290417527313876
-1.79840965860499	0.382877827643389
-1.79840965860499	0.382877827643389
1.95731570776637	0.441000340195791
-1.79840965860499	0.382877827643389
-3.76080338308098	1.48176245886347
-2.57669595250488	0.657559862268914
-1.79839614394125	0.382877807711208
-1.14284398403614	0.345169869447138
-3.08203048704882	0.947509650360219
-1.79839614394125	0.382877807711208
-1.80123754984197	0.383647112861273
-0.359725191866461	0.103238313016327
-1.79839614394125	0.382877807711208
-0.628867026021838	0.151670609188118
-1.79840965860499	0.382877827643389
0.157370411029726	0.0293708256249034
0.154509067766894	0.0289541162362231
-1.79839614394125	0.382877807711208
-1.79840965860499	0.382877827643389
-2.5766529574574	0.657773148602288
-1.79840965860499	0.382877827643389
-1.79840965860499	0.382877827643389
-1.79840965860499	0.382877827643389
-2.57963910438406	0.659061212358043
0.154509067766894	0.0289541162362231
-1.79840965860499	0.382877827643389
-1.79839614394125	0.382877807711208
1.95731570776637	0.441000340195791
3.26224218729945	1.1009233569627
-1.79840965860499	0.382877827643389
0.157370411029726	0.0293708256249034
0.157370411029726	0.0293708256249034
-1.79840965860499	0.382877827643389
0.947770742439721	0.248281535275256
0.947635845528227	0.248244973505163
-1.79839614394125	0.382877807711208
0.948768757521975	0.248549269795159
-3.08216231491203	0.947551973079846
1.95988292961267	0.441702177751728
-1.79839614394125	0.382877807711208
0.157325350109871	0.02936446462458
1.95786695174359	0.441149378722158
-0.632424041671007	0.152580102364835
-2.57669595250488	0.657559862268914
1.95731570776637	0.441000340195791
-1.79840965860499	0.382877827643389
0.154509067766894	0.0289541162362231
-1.79840965860499	0.382877827643389
-1.79839614394125	0.382877807711208
-1.79840965860499	0.382877827643389
-1.79839614394125	0.382877807711208
-1.13895833229548	0.343813220888229
-2.5766529574574	0.657773148602288
-1.79840965860499	0.382877827643389
-1.79839614394125	0.382877807711208
-3.45922605387697	1.22727228815634
-1.79839614394125	0.382877807711208
-1.80123754984197	0.383647112861273
-1.79839614394125	0.382877807711208
2.75520320904554	0.763197913000704
0.154465593370314	0.0289479903375428
1.95786695174359	0.441149378722158
0.154465593370314	0.0289479903375428
2.75868832531345	0.765017792149168
-2.57968420714322	0.659073447553718
-1.79839614394125	0.382877807711208
0.15144823932183	0.0285426379557898
-1.79840965860499	0.382877827643389
0.154465593370314	0.0289479903375428
-0.353207074434312	0.101406886597049
-0.628164901903538	0.15157555358925
-1.79839614394125	0.382877807711208
-0.628733247343677	0.151688343674084
1.95988292961267	0.441702177751728
-1.79839614394125	0.382877807711208
-1.79839614394125	0.382877807711208
-2.5766529574574	0.657773148602288
-1.79839614394125	0.382877807711208
-1.79839614394125	0.382877807711208
-2.5766529574574	0.657773148602288
-2.57660997484294	0.657538252319339
-1.79839614394125	0.382877807711208
0.157325350109871	0.02936446462458
-1.79839614394125	0.382877807711208
-1.79840965860499	0.382877827643389
-1.80123754984197	0.383647112861273
-2.57660997484294	0.657538252319339
-1.79840965860499	0.382877827643389
-1.79840965860499	0.382877827643389
-2.57669595250488	0.657559862268914
-1.79839614394125	0.382877807711208
-1.79840965860499	0.382877827643389
-1.79840965860499	0.382877827643389
-2.57669595250488	0.657559862268914
-0.628733247343677	0.151688343674084
-1.79839614394125	0.382877807711208
-3.08203048704882	0.947509650360219
-1.79840965860499	0.382877827643389
1.95786695174359	0.441149378722158
-1.80123754984197	0.383647112861273
0.154465593370314	0.0289479903375428
-1.79839614394125	0.382877807711208
-1.79839614394125	0.382877807711208
-1.79839614394125	0.382877807711208
-1.79839614394125	0.382877807711208
-1.79840965860499	0.382877827643389
1.95786695174359	0.441149378722158
-2.57968420714322	0.659073447553718
0.154509067766894	0.0289541162362231
-0.628030265547787	0.151499678636842
0.155111385030128	0.0290417527313876
-2.57669595250488	0.657559862268914
1.95786695174359	0.441149378722158
2.75520320904554	0.763197913000704
-0.628299579656606	0.151558046801791
-1.79840965860499	0.382877827643389
-1.79840965860499	0.382877827643389
-3.08556356757563	0.949512459473102
0.154509067766894	0.0289541162362231
-1.79840965860499	0.382877827643389
0.154465593370314	0.0289479903375428
0.154509067766894	0.0289541162362231
-1.1406575104342	0.344234513147494
-2.5766529574574	0.657773148602288
-1.79839614394125	0.382877807711208
0.155067569950451	0.0290355764553768
-1.79839614394125	0.382877807711208
0.154509067766894	0.0289541162362231
1.95731570776637	0.441000340195791
-1.79839614394125	0.382877807711208
1.45138090115721	0.478568850670936
0.157325350109871	0.02936446462458
-1.79839614394125	0.382877807711208
0.154465593370314	0.0289479903375428
0.155111385030128	0.0290417527313876
0.157370411029726	0.0293708256249034
-2.5766529574574	0.657773148602288
-1.79839614394125	0.382877807711208
-3.08556356757563	0.949512459473102
-1.79839614394125	0.382877807711208
-1.79840965860499	0.382877827643389
-1.79839614394125	0.382877807711208
-2.5766529574574	0.657773148602288
-1.80123754984197	0.383647112861273
0.157370411029726	0.0293708256249034
-1.79840965860499	0.382877827643389
-1.79839614394125	0.382877807711208
-0.62621301873586	0.15115097520137
0.944504519928106	0.247598335656165
-2.5766529574574	0.657773148602288
-2.57968420714322	0.659073447553718
-2.5766529574574	0.657773148602288
0.159402290839324	0.0399177124259514
-1.79840965860499	0.382877827643389
2.75868832531345	0.765017792149168
-1.79840965860499	0.382877827643389
-1.14193838802885	0.344646219015582
-1.79840965860499	0.382877827643389
-2.57660997484294	0.657538252319339
0.154509067766894	0.0289541162362231
-2.5766529574574	0.657773148602288
-1.79840965860499	0.382877827643389
0.154509067766894	0.0289541162362231
-1.79840965860499	0.382877827643389
-1.14171114622793	0.344693702322242
-1.79839614394125	0.382877807711208
-0.628164901903538	0.15157555358925
-1.79840965860499	0.382877827643389
-1.79839614394125	0.382877807711208
0.154509067766894	0.0289541162362231
-0.628867026021838	0.151670609188118
2.75580772001712	0.763760469153332
-1.14111344283696	0.344497381350969
2.75580772001712	0.763760469153332
-1.79840965860499	0.382877827643389
0.947770742439721	0.248281535275256
-1.79839614394125	0.382877807711208
0.154509067766894	0.0289541162362231
-0.628599509856641	0.151612619227975
-0.354229439997714	0.101697261087168
-1.79840965860499	0.382877827643389
0.94820175004088	0.248479682375772
-0.628867026021838	0.151670609188118
-1.79840965860499	0.382877827643389
-3.08189869996978	0.9470994296719
-1.79840965860499	0.382877827643389
-1.79839614394125	0.382877807711208
-1.14559783756009	0.346052129596875
-1.79840965860499	0.382877827643389
-1.79840965860499	0.382877827643389
-1.79840965860499	0.382877827643389
-1.79840965860499	0.382877827643389
-1.79840965860499	0.382877827643389
-1.79840965860499	0.382877827643389
-2.57669595250488	0.657559862268914
-2.57660997484294	0.657538252319339
-2.57669595250488	0.657559862268914
-0.628733247343677	0.151688343674084
1.81515619836297	0.703574555319196
-1.53326666156506	0.545110963407603
0.657866689740957	0.206670742493303
1.02363521199244	0.381873400117373
-1.79839614394125	0.382877807711208
-2.57669595250488	0.657559862268914
-0.628867026021838	0.151670609188118
-0.628599509856641	0.151612619227975
1.95786695174359	0.441149378722158
-1.79840965860499	0.382877827643389
-2.57660997484294	0.657538252319339
-2.5766529574574	0.657773148602288
-2.5766529574574	0.657773148602288
-2.57669595250488	0.657559862268914
-1.79839614394125	0.382877807711208
0.948768757521975	0.248549269795159
0.155111385030128	0.0290417527313876
-1.79840965860499	0.382877827643389
0.155111385030128	0.0290417527313876
2.75520320904554	0.763197913000704
-0.631994988626399	0.152498044571477
-1.79839614394125	0.382877807711208
-1.79840965860499	0.382877827643389
1.95988292961267	0.441702177751728
0.15144823932183	0.0285426379557898
-0.628030265547787	0.151499678636842
0.155111385030128	0.0290417527313876
0.950426851449918	0.249037516760643
-3.08216231491203	0.947551973079846
-1.79840965860499	0.382877827643389
0.161043695584893	0.0402684742968713
0.155067569950451	0.0290355764553768
0.160221796316651	0.0401166927693931
2.75520320904554	0.763197913000704
0.16045117802105	0.0401558290866076
-1.79840965860499	0.382877827643389
-0.628164901903538	0.15157555358925
0.158797898832415	0.0397350165406265
-2.5766529574574	0.657773148602288
-1.79840965860499	0.382877827643389
-3.08216231491203	0.947551973079846
-3.08189869996978	0.9470994296719
-1.79840965860499	0.382877827643389
-1.79839614394125	0.382877807711208
-1.79840965860499	0.382877827643389
-3.08556356757563	0.949512459473102
-1.79840965860499	0.382877827643389
-3.08542618523242	0.949198094742557
-1.79840965860499	0.382877827643389
0.155111385030128	0.0290417527313876
-1.79840965860499	0.382877827643389
2.75807933893485	0.764710363024488
-1.79839614394125	0.382877807711208
-2.57968420714322	0.659073447553718
-2.57963910438406	0.659061212358043
-1.79839614394125	0.382877807711208
0.128075192969757	0.0482635683600574
0.154465593370314	0.0289479903375428
-2.57963910438406	0.659061212358043
-2.5766529574574	0.657773148602288
-1.52984634403446	0.54376252749597
1.95988292961267	0.441702177751728
-1.52246182960607	0.540465661800635
0.155111385030128	0.0290417527313876
1.95786695174359	0.441149378722158
0.948337549654709	0.248516516252871
0.657864503304789	0.206616146564203
-0.236295434458238	0.0760318807121589
0.154465593370314	0.0289479903375428
0.154509067766894	0.0289541162362231
1.44862736407577	0.477555630338169
-1.14193838802885	0.344646219015582
-1.83564160885514	0.742645090374466
-0.738748567012076	0.252134640052989
0.157325350109871	0.02936446462458
-1.1414839653338	0.344622990730584
-2.57963910438406	0.659061212358043
-1.79840965860499	0.382877827643389
-1.79840965860499	0.382877827643389
1.95786695174359	0.441149378722158
1.95786695174359	0.441149378722158
-2.57669595250488	0.657559862268914
0.157325350109871	0.02936446462458
-1.79840965860499	0.382877827643389
1.95786695174359	0.441149378722158
3.26224218729945	1.1009233569627
-0.626075023442282	0.151167646950723
-1.14088544605048	0.344426431780091
-0.628733247343677	0.151688343674084
0.154465593370314	0.0289479903375428
3.26284822825054	1.10169382604423
-1.80123754984197	0.383647112861273
-1.14088544605048	0.344426431780091
0.15144823932183	0.0285426379557898
-0.628733247343677	0.151688343674084
-0.63185471444008	0.152466960619287
0.157370411029726	0.0293708256249034
-0.628164901903538	0.15157555358925
0.155067569950451	0.0290355764553768
0.154465593370314	0.0289479903375428
0.948337549654709	0.248516516252871
-1.14088544605048	0.344426431780091
-1.79840965860499	0.382877827643389
-0.628030265547787	0.151499678636842
-0.354525819937872	0.101778275735803
-0.354815349846941	0.101888689175609
-1.79840965860499	0.382877827643389
-3.08203048704882	0.947509650360219
-1.79839614394125	0.382877807711208
-3.08203048704882	0.947509650360219
-1.79839614394125	0.382877807711208
-2.5766529574574	0.657773148602288
-1.1414839653338	0.344622990730584
-1.79839614394125	0.382877807711208
-1.79839614394125	0.382877807711208
-1.79840965860499	0.382877827643389
-1.80123754984197	0.383647112861273
-1.80123754984197	0.383647112861273
-1.79839614394125	0.382877807711208
-2.5766529574574	0.657773148602288
-2.57660997484294	0.657538252319339
-2.5766529574574	0.657773148602288
-2.58269164924118	0.660244336228982
1.44922258720914	0.477763268309402
0.154509067766894	0.0289541162362231
0.155067569950451	0.0290355764553768
1.95731570776637	0.441000340195791
0.155111385030128	0.0290417527313876
1.95731570776637	0.441000340195791
-0.235007751863996	0.0756217011010752
0.128919301055159	0.0428813133463191
-0.628030265547787	0.151499678636842
2.75641316563256	0.763778311858285
1.95786695174359	0.441149378722158
-2.57963910438406	0.659061212358043
-1.79840965860499	0.382877827643389
-1.80123754984197	0.383647112861273
-1.79839614394125	0.382877807711208
0.15144823932183	0.0285426379557898
-3.45922605387697	1.22727228815634
-1.79840965860499	0.382877827643389
-1.79839614394125	0.382877807711208
-1.80123754984197	0.383647112861273
1.95786695174359	0.441149378722158
1.95786695174359	0.441149378722158
-1.79840965860499	0.382877827643389
0.152050960400409	0.028630259939513
-2.57669595250488	0.657559862268914
-1.79839614394125	0.382877807711208
-1.79839614394125	0.382877807711208
-1.79840965860499	0.382877827643389
0.154509067766894	0.0289541162362231
0.154465593370314	0.0289479903375428
-0.631994988626399	0.152498044571477
0.155067569950451	0.0290355764553768
0.947635845528227	0.248244973505163
-3.08542618523242	0.949198094742557
1.95731570776637	0.441000340195791
0.947770742439721	0.248281535275256
-2.57660997484294	0.657538252319339
-3.08189869996978	0.9470994296719
0.154509067766894	0.0289541162362231
-1.79840965860499	0.382877827643389
-1.80123754984197	0.383647112861273
-1.79840965860499	0.382877827643389
-2.57669595250488	0.657559862268914
-2.57660997484294	0.657538252319339
-1.80123754984197	0.383647112861273
-1.79840965860499	0.382877827643389
0.155111385030128	0.0290417527313876
0.948337549654709	0.248516516252871
-2.57963910438406	0.659061212358043
-1.14111344283696	0.344497381350969
-2.5766529574574	0.657773148602288
-1.79839614394125	0.382877807711208
2.75641316563256	0.763778311858285
0.15963091503218	0.0399802605532864
0.947770742439721	0.248281535275256
2.75520320904554	0.763197913000704
1.95731570776637	0.441000340195791
-1.79840965860499	0.382877827643389
0.948768757521975	0.248549269795159
0.154465593370314	0.0289479903375428
-1.79839614394125	0.382877807711208
1.95786695174359	0.441149378722158
-1.14499995487719	0.345855392571373
-0.632563406792844	0.152610991116788
0.154465593370314	0.0289479903375428
-1.1412568453231	0.344431220445032
-0.631994988626399	0.152498044571477
0.154465593370314	0.0289479903375428
0.15144823932183	0.0285426379557898
-1.79839614394125	0.382877807711208
1.95731570776637	0.441000340195791
-1.79840965860499	0.382877827643389
2.75520320904554	0.763197913000704
3.26795444532845	1.10381433627613
-1.14088544605048	0.344426431780091
0.154509067766894	0.0289541162362231
0.155111385030128	0.0290417527313876
-2.57660997484294	0.657538252319339
-1.79839614394125	0.382877807711208
0.154465593370314	0.0289479903375428
-0.628599509856641	0.151612619227975
-1.79840965860499	0.382877827643389
-3.08556356757563	0.949512459473102
-1.79839614394125	0.382877807711208
-1.79840965860499	0.382877827643389
-1.79840965860499	0.382877827643389
-1.14284398403614	0.345169869447138
-1.52246182960607	0.540465661800635
-0.354229439997714	0.101697261087168
-3.08556356757563	0.949512459473102
0.154509067766894	0.0289541162362231
-2.57963910438406	0.659061212358043
-2.57660997484294	0.657538252319339
-1.52527766014307	0.541726073904961
-1.79839614394125	0.382877807711208
-1.79839614394125	0.382877807711208
0.155111385030128	0.0290417527313876
-0.628164901903538	0.15157555358925
-1.79840965860499	0.382877827643389
-1.79839614394125	0.382877807711208
-2.57968420714322	0.659073447553718
-1.79839614394125	0.382877807711208
-1.79840965860499	0.382877827643389
-2.5766529574574	0.657773148602288
-2.5766529574574	0.657773148602288
-2.5766529574574	0.657773148602288
0.155067569950451	0.0290355764553768
-2.57669595250488	0.657559862268914
0.155067569950451	0.0290355764553768
1.95786695174359	0.441149378722158
-0.628299579656606	0.151558046801791
-2.57660997484294	0.657538252319339
-1.79840965860499	0.382877827643389
-0.628299579656606	0.151558046801791
0.154465593370314	0.0289479903375428
2.75641316563256	0.763778311858285
-1.79840965860499	0.382877827643389
1.95988292961267	0.441702177751728
1.95988292961267	0.441702177751728
0.947635845528227	0.248244973505163
0.154509067766894	0.0289541162362231
-1.79840965860499	0.382877827643389
3.26284822825054	1.10169382604423
1.95731570776637	0.441000340195791
0.155067569950451	0.0290355764553768
0.155067569950451	0.0290355764553768
-1.79839614394125	0.382877807711208
0.154465593370314	0.0289479903375428
-0.628164901903538	0.15157555358925
-1.79839614394125	0.382877807711208
-1.79840965860499	0.382877827643389
0.948905461162112	0.248586345985544
0.154465593370314	0.0289479903375428
2.75641316563256	0.763778311858285
0.155111385030128	0.0290417527313876
-1.79840965860499	0.382877827643389
0.950426851449918	0.249037516760643
-2.57660997484294	0.657538252319339
-1.79840965860499	0.382877827643389
-0.628164901903538	0.15157555358925
-1.79839614394125	0.382877807711208
-1.79840965860499	0.382877827643389
-1.79839614394125	0.382877807711208
-0.746468959039539	0.255084183402722
-2.5766529574574	0.657773148602288
-1.79840965860499	0.382877827643389
-1.79840965860499	0.382877827643389
-2.5766529574574	0.657773148602288
0.154465593370314	0.0289479903375428
0.15144823932183	0.0285426379557898
0.155111385030128	0.0290417527313876
-1.80123754984197	0.383647112861273
-1.79839614394125	0.382877807711208
-0.628164901903538	0.15157555358925
-1.79839614394125	0.382877807711208
-1.79839614394125	0.382877807711208
-0.628733247343677	0.151688343674084
-1.79840965860499	0.382877827643389
-0.628030265547787	0.151499678636842
0.155111385030128	0.0290417527313876
0.155111385030128	0.0290417527313876
0.509175451887884	0.179500092399481
0.94820175004088	0.248479682375772
-1.79840965860499	0.382877827643389
-0.628164901903538	0.15157555358925
-1.1414839653338	0.344622990730584
0.154465593370314	0.0289479903375428
0.155067569950451	0.0290355764553768
0.162357836679133	0.0405597098553547
1.95731570776637	0.441000340195791
1.95731570776637	0.441000340195791
-0.628733247343677	0.151688343674084
2.75580772001712	0.763760469153332
1.95786695174359	0.441149378722158
1.95786695174359	0.441149378722158
0.654121684946124	0.205433467520013
2.75520320904554	0.763197913000704
-1.14523333483643	0.345843348749308
-1.14111344283696	0.344497381350969
2.75868832531345	0.765017792149168
-1.79839614394125	0.382877807711208
0.155111385030128	0.0290417527313876
-1.79840965860499	0.382877827643389
-1.79839614394125	0.382877807711208
-0.628164901903538	0.15157555358925
0.155111385030128	0.0290417527313876
-1.79840965860499	0.382877827643389
0.154509067766894	0.0289541162362231
0.155067569950451	0.0290355764553768
0.163185820804974	0.0407257646525502
-1.80123754984197	0.383647112861273
-1.13918941442725	0.343767291351689
1.95786695174359	0.441149378722158
-1.79839614394125	0.382877807711208
-1.79839614394125	0.382877807711208
1.95786695174359	0.441149378722158
0.943937640725668	0.24736392993685
-1.79840965860499	0.382877827643389
-2.57669595250488	0.657559862268914
-1.79839614394125	0.382877807711208
-1.80123754984197	0.383647112861273
-3.08556356757563	0.949512459473102
0.155067569950451	0.0290355764553768
-1.79840965860499	0.382877827643389
-1.79839614394125	0.382877807711208
-1.79840965860499	0.382877827643389
0.157370411029726	0.0293708256249034
-1.80123754984197	0.383647112861273
-0.626075023442282	0.151167646950723
-2.57968420714322	0.659073447553718
-1.79839614394125	0.382877807711208
-1.79839614394125	0.382877807711208
-1.79840965860499	0.382877827643389
-1.79839614394125	0.382877807711208
0.94820175004088	0.248479682375772
-2.57968420714322	0.659073447553718
0.137777354037229	0.0456973820976041
2.75580772001712	0.763760469153332
0.15963091503218	0.0399802605532864
-0.628733247343677	0.151688343674084
0.155111385030128	0.0290417527313876
-2.57660997484294	0.657538252319339
1.95786695174359	0.441149378722158
-0.628867026021838	0.151670609188118
1.81174408502965	0.701697875545868
-1.79839614394125	0.382877807711208
1.95731570776637	0.441000340195791
-1.14583039258107	0.346039770541419
-1.79840965860499	0.382877827643389
-1.79840965860499	0.382877827643389
-1.79840965860499	0.382877827643389
-1.52674340008464	0.542380499879977
-1.14536534536015	0.34589005605433
-3.45922605387697	1.22727228815634
1.95731570776637	0.441000340195791
-0.628733247343677	0.151688343674084
2.75641316563256	0.763778311858285
0.947635845528227	0.248244973505163
0.154465593370314	0.0289479903375428
0.155067569950451	0.0290355764553768
-1.79840965860499	0.382877827643389
-1.79839614394125	0.382877807711208
-1.79840965860499	0.382877827643389
-2.57963910438406	0.659061212358043
1.95786695174359	0.441149378722158
-1.79839614394125	0.382877807711208
0.154509067766894	0.0289541162362231
-2.5766529574574	0.657773148602288
1.95731570776637	0.441000340195791
1.95731570776637	0.441000340195791
-1.79839614394125	0.382877807711208
-0.628164901903538	0.15157555358925
0.154509067766894	0.0289541162362231
2.75580772001712	0.763760469153332
-1.79840965860499	0.382877827643389
0.155067569950451	0.0290355764553768
0.155067569950451	0.0290355764553768
-1.79840965860499	0.382877827643389
-1.79839614394125	0.382877807711208
-1.79839614394125	0.382877807711208
-1.79840965860499	0.382877827643389
0.163185820804974	0.0407257646525502
-2.57660997484294	0.657538252319339
-1.79840965860499	0.382877827643389
-0.629763239673253	0.152058330338803
-1.80123754984197	0.383647112861273
-3.08556356757563	0.949512459473102
-1.80123754984197	0.383647112861273
-1.79839614394125	0.382877807711208
-1.79839614394125	0.382877807711208
-1.79839614394125	0.382877807711208
-1.52585303078124	0.541962051097293
-0.632424041671007	0.152580102364835
0.152050960400409	0.028630259939513
0.155111385030128	0.0290417527313876
0.157370411029726	0.0293708256249034
1.95731570776637	0.441000340195791
2.75520320904554	0.763197913000704
-1.79840965860499	0.382877827643389
2.75580772001712	0.763760469153332
1.95786695174359	0.441149378722158
-1.79840965860499	0.382877827643389
1.95731570776637	0.441000340195791
-2.5766529574574	0.657773148602288
1.95731570776637	0.441000340195791
-1.79840965860499	0.382877827643389
3.26508709738097	1.10261522135605
1.95786695174359	0.441149378722158
1.95786695174359	0.441149378722158
-0.234090861009704	0.0753429614422092
0.152050960400409	0.028630259939513
-0.358557998384515	0.10292132426425
1.95731570776637	0.441000340195791
-1.79840965860499	0.382877827643389
-1.80123754984197	0.383647112861273
-2.57660997484294	0.657538252319339
0.155111385030128	0.0290417527313876
-0.628599509856641	0.151612619227975
1.95786695174359	0.441149378722158
2.75580772001712	0.763760469153332
-1.14523333483643	0.345843348749308
3.26569824690609	1.10327543173781
0.155111385030128	0.0290417527313876
0.157370411029726	0.0293708256249034
-1.79839614394125	0.382877807711208
-1.79839614394125	0.382877807711208
-0.355112179440658	0.101904546481095
-1.79840965860499	0.382877827643389
0.154465593370314	0.0289479903375428
0.154509067766894	0.0289541162362231
-0.628733247343677	0.151688343674084
-3.08189869996978	0.9470994296719
-2.57660997484294	0.657538252319339
0.154465593370314	0.0289479903375428
-1.79839614394125	0.382877807711208
-1.79840965860499	0.382877827643389
-1.79839614394125	0.382877807711208
-2.57669595250488	0.657559862268914
0.130492299167254	0.0491892461812857
-1.79840965860499	0.382877827643389
-2.57669595250488	0.657559862268914
-1.80123754984197	0.383647112861273
-1.79840965860499	0.382877827643389
-0.632563406792844	0.152610991116788
-2.57660997484294	0.657538252319339
-1.79839614394125	0.382877807711208
0.154509067766894	0.0289541162362231
-1.14193838802885	0.344646219015582
-1.14583039258107	0.346039770541419
0.140023273435885	0.041219830052157
0.154509067766894	0.0289541162362231
-0.625937070321993	0.151091209012893
-1.79840965860499	0.382877827643389
1.95988292961267	0.441702177751728
0.154465593370314	0.0289479903375428
-1.79840965860499	0.382877827643389
1.95731570776637	0.441000340195791
0.94820175004088	0.248479682375772
0.152050960400409	0.028630259939513
-1.79839614394125	0.382877807711208
0.155067569950451	0.0290355764553768
-1.79840965860499	0.382877827643389
0.154509067766894	0.0289541162362231
0.157325350109871	0.02936446462458
0.157370411029726	0.0293708256249034
0.948337549654709	0.248516516252871
1.95731570776637	0.441000340195791
2.75868832531345	0.765017792149168
-0.628164901903538	0.15157555358925
0.511187733730715	0.180331422147582
-0.541404043902354	0.20353687445987
-0.109218490679266	0.0435157608135444
-1.79839614394125	0.382877807711208
-0.999770520176459	0.493549718270557
0.947770742439721	0.248281535275256
0.155111385030128	0.0290417527313876
-0.552943934867231	0.352768029750886
-2.57669595250488	0.657559862268914
-2.5766529574574	0.657773148602288
-2.57963910438406	0.659061212358043
-3.08203048704882	0.947509650360219
-3.08189869996978	0.9470994296719
-2.57660997484294	0.657538252319339
-0.628867026021838	0.151670609188118
-1.79839614394125	0.382877807711208
3.26569824690609	1.10327543173781
-1.79840965860499	0.382877827643389
0.156304884454214	0.0392194704826931
1.81574571371452	0.703837629137609
1.45114635521655	0.478471348903038
2.75807933893485	0.764710363024488
-1.80123754984197	0.383647112861273
-1.79840965860499	0.382877827643389
1.95988292961267	0.441702177751728
0.155111385030128	0.0290417527313876
-0.628030265547787	0.151499678636842
0.157370411029726	0.0293708256249034
-2.5766529574574	0.657773148602288
-1.79839614394125	0.382877807711208
0.154465593370314	0.0289479903375428
-1.79840965860499	0.382877827643389
0.154509067766894	0.0289541162362231
-1.79839614394125	0.382877807711208
-1.79840965860499	0.382877827643389
0.663427748733987	0.208300313291545
-0.628299579656606	0.151558046801791
-1.79840965860499	0.382877827643389
-1.79839614394125	0.382877807711208
-1.79839614394125	0.382877807711208
-0.626075023442282	0.151167646950723
-1.79839614394125	0.382877807711208
0.157370411029726	0.0293708256249034
-0.538042778815197	0.20204085051787
1.95731570776637	0.441000340195791
-1.79839614394125	0.382877807711208
-1.3536949425644	0.8524514343807
-1.51227685112488	0.76213256545427
-0.111680767322516	0.0444764309930823
-0.628299579656606	0.151558046801791
0.159992352718576	0.0400538861334557
-3.08203048704882	0.947509650360219
-0.631994988626399	0.152498044571477
-0.412674486587401	0.171991500615452
-0.631994988626399	0.152498044571477
0.658157600688591	0.206837664845118
-0.628733247343677	0.151688343674084
1.44922258720914	0.477763268309402
1.95786695174359	0.441149378722158
1.95731570776637	0.441000340195791
-0.628733247343677	0.151688343674084
-1.79839614394125	0.382877807711208
2.75580772001712	0.763760469153332
1.95731570776637	0.441000340195791
1.95731570776637	0.441000340195791
0.155111385030128	0.0290417527313876
-0.738414128880846	0.252090639638632
-1.79840965860499	0.382877827643389
-1.79839614394125	0.382877807711208
1.95731570776637	0.441000340195791
0.160221796316651	0.0401166927693931
-1.79839614394125	0.382877807711208
-1.79840965860499	0.382877827643389
0.160813493636874	0.0402291855562724
-1.79840965860499	0.382877827643389
1.45391440811699	0.479230213237448
0.154465593370314	0.0289479903375428
0.510399267871221	0.17998283956174
-3.08229418357021	0.947231644170671
0.144304320671072	0.0423970373819599
0.154509067766894	0.0289541162362231
-2.57669595250488	0.657559862268914
0.155067569950451	0.0290355764553768
-1.79839614394125	0.382877807711208
1.95786695174359	0.441149378722158
0.155111385030128	0.0290417527313876
-2.5766529574574	0.657773148602288
-2.5766529574574	0.657773148602288
-0.628599509856641	0.151612619227975
-1.79839614394125	0.382877807711208
-3.08216231491203	0.947551973079846
-1.79839614394125	0.382877807711208
0.152050960400409	0.028630259939513
-0.631994988626399	0.152498044571477
-1.79840965860499	0.382877827643389
-0.628599509856641	0.151612619227975
-1.79839614394125	0.382877807711208
-0.628164901903538	0.15157555358925
0.154509067766894	0.0289541162362231
0.660640141500972	0.207490447031014
2.75868832531345	0.765017792149168
-1.79839614394125	0.382877807711208
0.154509067766894	0.0289541162362231
0.947770742439721	0.248281535275256
0.155067569950451	0.0290355764553768
-1.79840965860499	0.382877827643389
1.45415285694275	0.479329377268875
0.155111385030128	0.0290417527313876
1.95786695174359	0.441149378722158
-1.79839614394125	0.382877807711208
2.75868832531345	0.765017792149168
1.95731570776637	0.441000340195791
-1.79840965860499	0.382877827643389
-1.79840965860499	0.382877827643389
-1.79840965860499	0.382877827643389
0.154509067766894	0.0289541162362231
-1.79840965860499	0.382877827643389
1.44922258720914	0.477763268309402
0.154465593370314	0.0289479903375428
-1.14523333483643	0.345843348749308
-1.79840965860499	0.382877827643389
-1.79839614394125	0.382877807711208
-1.80123754984197	0.383647112861273
-2.57669595250488	0.657559862268914
-1.80123754984197	0.383647112861273
-0.631994988626399	0.152498044571477
-3.0857009920368	0.949295045119167
-1.79840965860499	0.382877827643389
-2.57669595250488	0.657559862268914
-0.628599509856641	0.151612619227975
-3.08203048704882	0.947509650360219
-0.62621301873586	0.15115097520137
1.81264504950119	0.702404900566408
-2.57669595250488	0.657559862268914
2.75641316563256	0.763778311858285
-1.79839614394125	0.382877807711208
3.26224218729945	1.1009233569627
-0.628164901903538	0.15157555358925
0.154465593370314	0.0289479903375428
-1.79840965860499	0.382877827643389
0.947635845528227	0.248244973505163
-1.79839614394125	0.382877807711208
0.160221796316651	0.0401166927693931
1.95988292961267	0.441702177751728
1.95786695174359	0.441149378722158
-2.57669595250488	0.657559862268914
-1.79839614394125	0.382877807711208
-2.57660997484294	0.657538252319339
1.95731570776637	0.441000340195791
-0.355401168227563	0.102014834884787
-1.79840965860499	0.382877827643389
0.948768757521975	0.248549269795159
0.950858461556905	0.2491584305819
-1.79839614394125	0.382877807711208
0.16045117802105	0.0401558290866076
-2.5766529574574	0.657773148602288
-2.5766529574574	0.657773148602288
-0.628733247343677	0.151688343674084
-2.5766529574574	0.657773148602288
0.157370411029726	0.0293708256249034
-1.79840965860499	0.382877827643389
-0.628164901903538	0.15157555358925
-1.79840965860499	0.382877827643389
-1.79839614394125	0.382877807711208
0.155067569950451	0.0290355764553768
-1.79840965860499	0.382877827643389
0.155067569950451	0.0290355764553768
1.95786695174359	0.441149378722158
0.799659602397903	0.328669310394552
-0.628164901903538	0.15157555358925
-0.632563406792844	0.152610991116788
3.26345542626113	1.10199860979414
0.155067569950451	0.0290355764553768
-1.79839614394125	0.382877807711208
-1.79839614394125	0.382877807711208
-0.62621301873586	0.15115097520137
-1.79840965860499	0.382877827643389
2.75868832531345	0.765017792149168
1.95988292961267	0.441702177751728
-0.628733247343677	0.151688343674084
1.95988292961267	0.441702177751728
1.95731570776637	0.441000340195791
0.943937640725668	0.24736392993685
2.76097686654259	0.765783986906631
-1.79840965860499	0.382877827643389
-1.79840965860499	0.382877827643389
0.154509067766894	0.0289541162362231
0.160221796316651	0.0401166927693931
-0.628299579656606	0.151558046801791
0.948337549654709	0.248516516252871
-1.79840965860499	0.382877827643389
-1.79839614394125	0.382877807711208
-1.79839614394125	0.382877807711208
-1.79840965860499	0.382877827643389
-1.79839614394125	0.382877807711208
-1.79839614394125	0.382877807711208
0.155111385030128	0.0290417527313876
-3.08229418357021	0.947231644170671
-1.79839614394125	0.382877807711208
-2.5766529574574	0.657773148602288
-2.57669595250488	0.657559862268914
2.75807933893485	0.764710363024488
0.154465593370314	0.0289479903375428
-3.08189869996978	0.9470994296719
-0.35262379016767	0.101278913820777
0.155067569950451	0.0290355764553768
0.155067569950451	0.0290355764553768
2.75580772001712	0.763760469153332
0.154509067766894	0.0289541162362231
-0.355401168227563	0.102014834884787
0.947770742439721	0.248281535275256
2.75580772001712	0.763760469153332
0.154311934860129	0.0289593414864238
-2.57660997484294	0.657538252319339
-1.79839614394125	0.382877807711208
1.95731570776637	0.441000340195791
-1.79839614394125	0.382877807711208
1.95786695174359	0.441149378722158
-1.79840965860499	0.382877827643389
-1.79839614394125	0.382877807711208
-2.5766529574574	0.657773148602288
0.154465593370314	0.0289479903375428
0.155111385030128	0.0290417527313876
-2.57669595250488	0.657559862268914
-1.79840965860499	0.382877827643389
-1.79840965860499	0.382877827643389
0.152050960400409	0.028630259939513
-1.79839614394125	0.382877807711208
1.95731570776637	0.441000340195791
2.75520320904554	0.763197913000704
0.947770742439721	0.248281535275256
-1.79839614394125	0.382877807711208
-2.5766529574574	0.657773148602288
-1.79840965860499	0.382877827643389
-1.79839614394125	0.382877807711208
0.948337549654709	0.248516516252871
2.75641316563256	0.763778311858285
1.95731570776637	0.441000340195791
-1.79840965860499	0.382877827643389
0.947770742439721	0.248281535275256
0.948905461162112	0.248586345985544
0.155067569950451	0.0290355764553768
0.159992352718576	0.0400538861334557
-1.79840965860499	0.382877827643389
0.15144823932183	0.0285426379557898
1.02304894811125	0.381607715308403
0.155067569950451	0.0290355764553768
-0.628164901903538	0.15157555358925
1.95786695174359	0.441149378722158
-1.79839614394125	0.382877807711208
-1.80123754984197	0.383647112861273
-1.79839614394125	0.382877807711208
0.152050960400409	0.028630259939513
-0.353939368265063	0.101586834148653
0.657283842665822	0.20642210460759
-1.79839614394125	0.382877807711208
0.948337549654709	0.248516516252871
-0.628599509856641	0.151612619227975
0.155111385030128	0.0290417527313876
-1.79839614394125	0.382877807711208
0.15963091503218	0.0399802605532864
2.75580772001712	0.763760469153332
-2.5766529574574	0.657773148602288
-1.79839614394125	0.382877807711208
-1.79840965860499	0.382877827643389
2.75868832531345	0.765017792149168
-3.08189869996978	0.9470994296719
2.75641316563256	0.763778311858285
1.95786695174359	0.441149378722158
-1.79839614394125	0.382877807711208
-2.57968420714322	0.659073447553718
-1.79840965860499	0.382877827643389
-1.79840965860499	0.382877827643389
-1.79840965860499	0.382877827643389
-2.5766529574574	0.657773148602288
-0.628867026021838	0.151670609188118
-1.79839614394125	0.382877807711208
-1.79840965860499	0.382877827643389
-1.79840965860499	0.382877827643389
0.154509067766894	0.0289541162362231
-1.79839614394125	0.382877807711208
1.95786695174359	0.441149378722158
1.95731570776637	0.441000340195791
2.75868832531345	0.765017792149168
1.95731570776637	0.441000340195791
-0.625937070321993	0.151091209012893
-1.79840965860499	0.382877827643389
0.157370411029726	0.0293708256249034
-1.79839614394125	0.382877807711208
-1.79840965860499	0.382877827643389
-1.79839614394125	0.382877807711208
2.75580772001712	0.763760469153332
-3.08216231491203	0.947551973079846
1.95786695174359	0.441149378722158
-2.57669595250488	0.657559862268914
-0.358264019190404	0.102817613458252
0.155067569950451	0.0290355764553768
1.95731570776637	0.441000340195791
-1.80123754984197	0.383647112861273
-0.632563406792844	0.152610991116788
0.154509067766894	0.0289541162362231
-1.79839614394125	0.382877807711208
-1.79840965860499	0.382877827643389
-1.79839614394125	0.382877807711208
-2.57660997484294	0.657538252319339
-1.80123754984197	0.383647112861273
-1.79839614394125	0.382877807711208
-1.79840965860499	0.382877827643389
-2.57968420714322	0.659073447553718
-1.79839614394125	0.382877807711208
1.95731570776637	0.441000340195791
-1.79839614394125	0.382877807711208
0.154465593370314	0.0289479903375428
-1.79839614394125	0.382877807711208
-1.79839614394125	0.382877807711208
3.26345542626113	1.10199860979414
3.26345542626113	1.10199860979414
0.155067569950451	0.0290355764553768
-1.80123754984197	0.383647112861273
-1.79839614394125	0.382877807711208
-1.79839614394125	0.382877807711208
0.155111385030128	0.0290417527313876
2.75807933893485	0.764710363024488
-1.79840965860499	0.382877827643389
-1.79840965860499	0.382877827643389
0.944504519928106	0.247598335656165
-1.79839614394125	0.382877807711208
-1.79839614394125	0.382877807711208
-1.79839614394125	0.382877807711208
-1.79839614394125	0.382877807711208
-1.79840965860499	0.382877827643389
-3.08216231491203	0.947551973079846
-2.5766529574574	0.657773148602288
-1.79840965860499	0.382877827643389
-1.79839614394125	0.382877807711208
-1.79839614394125	0.382877807711208
-1.14171114622793	0.344693702322242
-1.79839614394125	0.382877807711208
1.95731570776637	0.441000340195791
0.154509067766894	0.0289541162362231
-1.79840965860499	0.382877827643389
-1.79840965860499	0.382877827643389
-1.79839614394125	0.382877807711208
1.95731570776637	0.441000340195791
-1.79839614394125	0.382877807711208
1.95731570776637	0.441000340195791
0.154465593370314	0.0289479903375428
1.95786695174359	0.441149378722158
1.95731570776637	0.441000340195791
-1.14088544605048	0.344426431780091
0.154509067766894	0.0289541162362231
-1.79840965860499	0.382877827643389
1.95731570776637	0.441000340195791
1.95731570776637	0.441000340195791
-2.5766529574574	0.657773148602288
0.15144823932183	0.0285426379557898
-2.57669595250488	0.657559862268914
-1.79839614394125	0.382877807711208
-2.5766529574574	0.657773148602288
0.154465593370314	0.0289479903375428
-1.79840965860499	0.382877827643389
-1.13918941442725	0.343767291351689
0.154509067766894	0.0289541162362231
-1.79839614394125	0.382877807711208
-1.52468217246603	0.541450953371581
-0.628599509856641	0.151612619227975
0.947770742439721	0.248281535275256
2.75580772001712	0.763760469153332
1.95731570776637	0.441000340195791
0.948337549654709	0.248516516252871
2.75520320904554	0.763197913000704
-1.79839614394125	0.382877807711208
-1.79840965860499	0.382877827643389
-3.08203048704882	0.947509650360219
-1.79840965860499	0.382877827643389
-1.79839614394125	0.382877807711208
2.75580772001712	0.763760469153332
-3.08216231491203	0.947551973079846
2.75580772001712	0.763760469153332
1.95731570776637	0.441000340195791
-1.79840965860499	0.382877827643389
0.155067569950451	0.0290355764553768
-1.79840965860499	0.382877827643389
-1.79839614394125	0.382877807711208
-1.79840965860499	0.382877827643389
1.95731570776637	0.441000340195791
1.95786695174359	0.441149378722158
1.95786695174359	0.441149378722158
1.95786695174359	0.441149378722158
-1.80123754984197	0.383647112861273
0.152050960400409	0.028630259939513
-2.57669595250488	0.657559862268914
0.94820175004088	0.248479682375772
0.154509067766894	0.0289541162362231
-1.79839614394125	0.382877807711208
1.95786695174359	0.441149378722158
0.155111385030128	0.0290417527313876
1.95786695174359	0.441149378722158
0.94820175004088	0.248479682375772
2.75807933893485	0.764710363024488
-1.79840965860499	0.382877827643389
-1.79839614394125	0.382877807711208
0.155067569950451	0.0290355764553768
3.63865172808213	1.42228041522975
2.75580772001712	0.763760469153332
3.26345542626113	1.10199860979414
1.95786695174359	0.441149378722158
1.95731570776637	0.441000340195791
-2.57660997484294	0.657538252319339
1.95731570776637	0.441000340195791
-1.79840965860499	0.382877827643389
-0.632563406792844	0.152610991116788
-1.79840965860499	0.382877827643389
1.95786695174359	0.441149378722158
-1.79839614394125	0.382877807711208
-1.80123754984197	0.383647112861273
-1.79840965860499	0.382877827643389
-1.79839614394125	0.382877807711208
-1.79839614394125	0.382877807711208
-1.79840965860499	0.382877827643389
-2.57660997484294	0.657538252319339
-1.79839614394125	0.382877807711208
0.143231568712453	0.0420634101782781
1.95786695174359	0.441149378722158
0.160221796316651	0.0401166927693931
1.95731570776637	0.441000340195791
2.75520320904554	0.763197913000704
1.95731570776637	0.441000340195791
-1.79840965860499	0.382877827643389
0.160221796316651	0.0401166927693931
-1.79839614394125	0.382877807711208
-2.5766529574574	0.657773148602288
-2.57660997484294	0.657538252319339
1.95786695174359	0.441149378722158
-2.57669595250488	0.657559862268914
0.154465593370314	0.0289479903375428
2.75580772001712	0.763760469153332
-1.79840965860499	0.382877827643389
-1.79840965860499	0.382877827643389
-2.57669595250488	0.657559862268914
-1.79839614394125	0.382877807711208
-1.79839614394125	0.382877807711208
-1.79840965860499	0.382877827643389
-1.79840965860499	0.382877827643389
0.155111385030128	0.0290417527313876
0.154465593370314	0.0289479903375428
-1.79840965860499	0.382877827643389
-2.5766529574574	0.657773148602288
2.75580772001712	0.763760469153332
2.75641316563256	0.763778311858285
3.26569824690609	1.10327543173781
-1.79839614394125	0.382877807711208
0.155067569950451	0.0290355764553768
-3.08216231491203	0.947551973079846
-2.57669595250488	0.657559862268914
-0.355394630173918	0.102015543768339
0.154509067766894	0.0289541162362231
0.155067569950451	0.0290355764553768
0.157325350109871	0.02936446462458
-1.79840965860499	0.382877827643389
-1.79839614394125	0.382877807711208
-1.79840965860499	0.382877827643389
0.152050960400409	0.028630259939513
1.95988292961267	0.441702177751728
3.63395648950567	1.42026036401428
-1.48891049758972	1.04285591942386
1.95786695174359	0.441149378722158
-1.79840965860499	0.382877827643389
-1.79840965860499	0.382877827643389
-1.79839614394125	0.382877807711208
-2.5766529574574	0.657773148602288
1.95731570776637	0.441000340195791
-0.628599509856641	0.151612619227975
-1.80123754984197	0.383647112861273
-3.08203048704882	0.947509650360219
0.160221796316651	0.0401166927693931
-0.628733247343677	0.151688343674084
0.156661115950913	0.0392800358899383
0.94820175004088	0.248479682375772
0.805467397708516	0.331643487494376
-0.352915395102444	0.101358152963712
0.154509067766894	0.0289541162362231
0.160221796316651	0.0401166927693931
-1.79839614394125	0.382877807711208
-1.52497036065527	0.541612586959632
1.95786695174359	0.441149378722158
-1.52585303078124	0.541962051097293
-1.14499995487719	0.345855392571373
-1.79840965860499	0.382877827643389
-1.80123754984197	0.383647112861273
1.95786695174359	0.441149378722158
1.95786695174359	0.441149378722158
-1.79840965860499	0.382877827643389
-1.79840965860499	0.382877827643389
-1.79840965860499	0.382877827643389
-1.79839614394125	0.382877807711208
-1.79839614394125	0.382877807711208
-1.79840965860499	0.382877827643389
-2.5766529574574	0.657773148602288
-0.628164901903538	0.15157555358925
-0.632563406792844	0.152610991116788
0.154509067766894	0.0289541162362231
-0.628164901903538	0.15157555358925
1.95731570776637	0.441000340195791
-1.79840965860499	0.382877827643389
0.155067569950451	0.0290355764553768
0.155111385030128	0.0290417527313876
-2.57968420714322	0.659073447553718
-1.79839614394125	0.382877807711208
0.94820175004088	0.248479682375772
-1.79840965860499	0.382877827643389
0.154465593370314	0.0289479903375428
0.658157600688591	0.206837664845118
1.95731570776637	0.441000340195791
-3.08229418357021	0.947231644170671
1.95786695174359	0.441149378722158
1.44450447975593	0.475941549703467
1.95786695174359	0.441149378722158
-1.79839614394125	0.382877807711208
-0.628164901903538	0.15157555358925
0.154509067766894	0.0289541162362231
2.75580772001712	0.763760469153332
-1.79840965860499	0.382877827643389
0.94820175004088	0.248479682375772
0.155111385030128	0.0290417527313876
-0.628164901903538	0.15157555358925
-2.57669595250488	0.657559862268914
-1.80123754984197	0.383647112861273
-1.79840965860499	0.382877827643389
-0.628867026021838	0.151670609188118
-1.79839614394125	0.382877807711208
-1.79840965860499	0.382877827643389
-1.80123754984197	0.383647112861273
-1.79840965860499	0.382877827643389
-1.79839614394125	0.382877807711208
1.95731570776637	0.441000340195791
1.95786695174359	0.441149378722158
1.95786695174359	0.441149378722158
1.44862736407577	0.477555630338169
-0.628733247343677	0.151688343674084
0.154509067766894	0.0289541162362231
-2.5766529574574	0.657773148602288
-1.14171114622793	0.344693702322242
1.95731570776637	0.441000340195791
2.75580772001712	0.763760469153332
1.81604086904786	0.704001590638153
0.947635845528227	0.248244973505163
-0.355401168227563	0.102014834884787
1.95731570776637	0.441000340195791
0.157325350109871	0.02936446462458
-1.79840965860499	0.382877827643389
-3.08556356757563	0.949512459473102
-2.5766529574574	0.657773148602288
-2.57669595250488	0.657559862268914
0.154465593370314	0.0289479903375428
1.95786695174359	0.441149378722158
0.154465593370314	0.0289479903375428
0.155111385030128	0.0290417527313876
0.155111385030128	0.0290417527313876
2.75807933893485	0.764710363024488
0.154465593370314	0.0289479903375428
1.44899109330448	0.477667123734845
-0.628867026021838	0.151670609188118
0.155067569950451	0.0290355764553768
-1.79839614394125	0.382877807711208
-1.79839614394125	0.382877807711208
-0.632563406792844	0.152610991116788
0.155111385030128	0.0290417527313876
0.154509067766894	0.0289541162362231
-1.79840965860499	0.382877827643389
-1.79840965860499	0.382877827643389
-1.79839614394125	0.382877807711208
-1.79839614394125	0.382877807711208
-1.79840965860499	0.382877827643389
-1.79840965860499	0.382877827643389
0.947770742439721	0.248281535275256
-1.1413415008172	0.344450233445194
0.155067569950451	0.0290355764553768
-1.79840965860499	0.382877827643389
-0.628599509856641	0.151612619227975
-1.79839614394125	0.382877807711208
0.155067569950451	0.0290355764553768
-2.5766529574574	0.657773148602288
1.95988292961267	0.441702177751728
1.95786695174359	0.441149378722158
-0.628164901903538	0.15157555358925
0.947770742439721	0.248281535275256
0.154509067766894	0.0289541162362231
0.154465593370314	0.0289479903375428
0.155067569950451	0.0290355764553768
1.95731570776637	0.441000340195791
-1.79840965860499	0.382877827643389
-1.79840965860499	0.382877827643389
0.156304884454214	0.0392194704826931
3.26631056571709	1.10328266544307
-0.628867026021838	0.151670609188118
1.95786695174359	0.441149378722158
-2.57660997484294	0.657538252319339
0.155111385030128	0.0290417527313876
-2.57660997484294	0.657538252319339
-1.79840965860499	0.382877827643389
-1.80123754984197	0.383647112861273
0.154509067766894	0.0289541162362231
-1.79840965860499	0.382877827643389
0.158797898832415	0.0397350165406265
0.950998501270056	0.249196467275389
-0.359725191866461	0.103238313016327
-1.79839614394125	0.382877807711208
0.154509067766894	0.0289541162362231
2.75580772001712	0.763760469153332
-0.354519585455166	0.101776151388844
0.155111385030128	0.0290417527313876
1.44780311038183	0.477066495630919
-1.79839614394125	0.382877807711208
0.948768757521975	0.248549269795159
0.944504519928106	0.247598335656165
0.155067569950451	0.0290355764553768
-1.79839614394125	0.382877807711208
-0.352328640216398	0.101201570764145
-2.57669595250488	0.657559862268914
0.947635845528227	0.248244973505163
0.154465593370314	0.0289479903375428
-1.79840965860499	0.382877827643389
-0.63185471444008	0.152466960619287
-0.628867026021838	0.151670609188118
-1.79839614394125	0.382877807711208
-1.79840965860499	0.382877827643389
-1.79840965860499	0.382877827643389
-0.628599509856641	0.151612619227975
-3.08556356757563	0.949512459473102
0.156304884454214	0.0392194704826931
-2.5766529574574	0.657773148602288
-3.08556356757563	0.949512459473102
-1.79839614394125	0.382877807711208
-1.79840965860499	0.382877827643389
-0.632424041671007	0.152580102364835
-1.1412568453231	0.344431220445032
-1.79839614394125	0.382877807711208
-0.628867026021838	0.151670609188118
0.660932155782147	0.207694635746326
-0.628299579656606	0.151558046801791
-0.354519585455166	0.101776151388844
2.75641316563256	0.763778311858285
1.95731570776637	0.441000340195791
0.155111385030128	0.0290417527313876
0.155067569950451	0.0290355764553768
-1.79839614394125	0.382877807711208
-1.79840965860499	0.382877827643389
0.155111385030128	0.0290417527313876
-0.354519585455166	0.101776151388844
-1.79839614394125	0.382877807711208
-0.354815349846941	0.101888689175609
0.160221796316651	0.0401166927693931
-1.79839614394125	0.382877807711208
1.95731570776637	0.441000340195791
2.75641316563256	0.763778311858285
-0.628733247343677	0.151688343674084
0.948905461162112	0.248586345985544
-0.628599509856641	0.151612619227975
-1.79839614394125	0.382877807711208
0.154509067766894	0.0289541162362231
0.948905461162112	0.248586345985544
-1.1414839653338	0.344622990730584
-1.79839614394125	0.382877807711208
-1.79840965860499	0.382877827643389
-1.79839614394125	0.382877807711208
-3.0857009920368	0.949295045119167
0.155067569950451	0.0290355764553768
-0.632424041671007	0.152580102364835
0.154509067766894	0.0289541162362231
-1.79840965860499	0.382877827643389
-2.5766529574574	0.657773148602288
-1.79840965860499	0.382877827643389
0.155111385030128	0.0290417527313876
-2.57660997484294	0.657538252319339
-1.13918941442725	0.343767291351689
-2.57660997484294	0.657538252319339
0.141195201809473	0.0415167743660916
0.658741078701816	0.207014004441108
-1.14171114622793	0.344693702322242
-1.79839614394125	0.382877807711208
0.658157600688591	0.206837664845118
-0.628733247343677	0.151688343674084
0.15820382838182	0.0396092897578142
-1.79839614394125	0.382877807711208
-2.57968420714322	0.659073447553718
-2.5766529574574	0.657773148602288
0.155067569950451	0.0290355764553768
0.155067569950451	0.0290355764553768
-0.632424041671007	0.152580102364835
1.95731570776637	0.441000340195791
2.75580772001712	0.763760469153332
0.948905461162112	0.248586345985544
-1.80123754984197	0.383647112861273
-1.79839614394125	0.382877807711208
0.162590253502546	0.0405994312489443
1.95731570776637	0.441000340195791
-1.79839614394125	0.382877807711208
-1.79839614394125	0.382877807711208
-1.79840965860499	0.382877827643389
-1.79839614394125	0.382877807711208
0.162952579336367	0.0406858836130456
1.95731570776637	0.441000340195791
3.26345542626113	1.10199860979414
-1.1447666380351	0.34569313996721
-1.79839614394125	0.382877807711208
-2.57660997484294	0.657538252319339
-1.79839614394125	0.382877807711208
-1.79840965860499	0.382877827643389
0.154509067766894	0.0289541162362231
-1.79839614394125	0.382877807711208
-1.79839614394125	0.382877807711208
0.144640697621443	0.0425017414545061
-0.628599509856641	0.151612619227975
-1.79839614394125	0.382877807711208
-1.79840965860499	0.382877827643389
-2.0888812011404	0.943710245621911
-3.08216231491203	0.947551973079846
-0.626075023442282	0.151167646950723
-1.79839614394125	0.382877807711208
-1.79839614394125	0.382877807711208
-1.80123754984197	0.383647112861273
-2.5766529574574	0.657773148602288
-1.79840965860499	0.382877827643389
-1.79840965860499	0.382877827643389
-1.79840965860499	0.382877827643389
0.154509067766894	0.0289541162362231
-0.236519085872564	0.0760782981535278
1.95786695174359	0.441149378722158
-1.79839614394125	0.382877807711208
0.16045117802105	0.0401558290866076
-1.79840965860499	0.382877827643389
-0.358848207258787	0.103009197892419
-3.46679196715223	1.23130500663502
-3.08542618523242	0.949198094742557
0.944504519928106	0.247598335656165
-2.5766529574574	0.657773148602288
-1.80123754984197	0.383647112861273
-2.57669595250488	0.657559862268914
-2.57660997484294	0.657538252319339
-1.79840965860499	0.382877827643389
-1.79840965860499	0.382877827643389
-1.79840965860499	0.382877827643389
0.154509067766894	0.0289541162362231
1.95731570776637	0.441000340195791
-2.57660997484294	0.657538252319339
-3.08542618523242	0.949198094742557
-3.08542618523242	0.949198094742557
-1.79840965860499	0.382877827643389
-1.79840965860499	0.382877827643389
0.950426851449918	0.249037516760643
-1.80123754984197	0.383647112861273
-1.79840965860499	0.382877827643389
-1.79840965860499	0.382877827643389
1.95731570776637	0.441000340195791
1.95786695174359	0.441149378722158
-1.79840965860499	0.382877827643389
-1.79840965860499	0.382877827643389
0.155111385030128	0.0290417527313876
-3.45900121533902	1.22669642729201
-0.355104953248248	0.101967480674674
-1.14111344283696	0.344497381350969
-0.737745529684395	0.251848226779474
-0.628030265547787	0.151499678636842
-1.79839614394125	0.382877807711208
-1.1406575104342	0.344234513147494
-1.79839614394125	0.382877807711208
-1.79839614394125	0.382877807711208
-2.57660997484294	0.657538252319339
0.155111385030128	0.0290417527313876
1.95731570776637	0.441000340195791
-1.79840965860499	0.382877827643389
-1.79840965860499	0.382877827643389
-1.79839614394125	0.382877807711208
-1.79840965860499	0.382877827643389
-1.79840965860499	0.382877827643389
-1.14171114622793	0.344693702322242
-1.79839614394125	0.382877807711208
0.154465593370314	0.0289479903375428
-1.79840965860499	0.382877827643389
0.155111385030128	0.0290417527313876
0.154509067766894	0.0289541162362231
-1.14536534536015	0.34589005605433
-1.79839614394125	0.382877807711208
0.154465593370314	0.0289479903375428
0.947770742439721	0.248281535275256
-1.79839614394125	0.382877807711208
-3.08189869996978	0.9470994296719
-1.79839614394125	0.382877807711208
-1.79839614394125	0.382877807711208
-3.08189869996978	0.9470994296719
-2.57660997484294	0.657538252319339
-0.628867026021838	0.151670609188118
-1.80123754984197	0.383647112861273
0.160221796316651	0.0401166927693931
1.95731570776637	0.441000340195791
-0.631994988626399	0.152498044571477
-1.79840965860499	0.382877827643389
-2.5766529574574	0.657773148602288
-1.79839614394125	0.382877807711208
-1.79839614394125	0.382877807711208
-1.79840965860499	0.382877827643389
-3.0857009920368	0.949295045119167
-1.79839614394125	0.382877807711208
0.155067569950451	0.0290355764553768
-1.79839614394125	0.382877807711208
-1.79840965860499	0.382877827643389
2.75520320904554	0.763197913000704
-1.79840965860499	0.382877827643389
-1.79840965860499	0.382877827643389
0.948905461162112	0.248586345985544
-0.628599509856641	0.151612619227975
-1.79840965860499	0.382877827643389
-1.79840965860499	0.382877827643389
-2.5766529574574	0.657773148602288
-2.57669595250488	0.657559862268914
0.154509067766894	0.0289541162362231
-1.1414839653338	0.344622990730584
0.155067569950451	0.0290355764553768
0.155067569950451	0.0290355764553768
0.155067569950451	0.0290355764553768
-0.628867026021838	0.151670609188118
1.95731570776637	0.441000340195791
0.155111385030128	0.0290417527313876
-1.14559783756009	0.346052129596875
-1.79840965860499	0.382877827643389
-0.628164901903538	0.15157555358925
0.16045117802105	0.0401558290866076
-0.628733247343677	0.151688343674084
-1.79839614394125	0.382877807711208
0.155067569950451	0.0290355764553768
-0.628030265547787	0.151499678636842
-1.14171114622793	0.344693702322242
0.154509067766894	0.0289541162362231
-1.80123754984197	0.383647112861273
-1.79840965860499	0.382877827643389
-1.79840965860499	0.382877827643389
1.95731570776637	0.441000340195791
-2.5766529574574	0.657773148602288
-2.5766529574574	0.657773148602288
0.154509067766894	0.0289541162362231
-1.79840965860499	0.382877827643389
-1.79840965860499	0.382877827643389
-1.79840965860499	0.382877827643389
-1.79840965860499	0.382877827643389
-3.08203048704882	0.947509650360219
-1.79839614394125	0.382877807711208
0.950287720870208	0.248999740475732
0.155067569950451	0.0290355764553768
-0.628030265547787	0.151499678636842
-1.79839614394125	0.382877807711208
0.160221796316651	0.0401166927693931
-1.79839614394125	0.382877807711208
0.154509067766894	0.0289541162362231
-1.80123754984197	0.383647112861273
-2.5766529574574	0.657773148602288
-2.57660997484294	0.657538252319339
-1.1414839653338	0.344622990730584
-1.79840965860499	0.382877827643389
-1.79839614394125	0.382877807711208
-1.79840965860499	0.382877827643389
-2.57669595250488	0.657559862268914
-1.14193838802885	0.344646219015582
-1.79840965860499	0.382877827643389
1.95786695174359	0.441149378722158
0.15144823932183	0.0285426379557898
0.154465593370314	0.0289479903375428
0.947635845528227	0.248244973505163
0.154465593370314	0.0289479903375428
0.155111385030128	0.0290417527313876
1.95731570776637	0.441000340195791
-1.79840965860499	0.382877827643389
-0.628164901903538	0.15157555358925
0.162952579336367	0.0406858836130456
-1.79839614394125	0.382877807711208
0.945072510336007	0.247668267417156
1.95786695174359	0.441149378722158
-1.79839614394125	0.382877807711208
0.953104063529892	0.24967071820883
-1.79839614394125	0.382877807711208
-1.79840965860499	0.382877827643389
-3.08216231491203	0.947551973079846
-1.80123754984197	0.383647112861273
-1.79840965860499	0.382877827643389
-1.79840965860499	0.382877827643389
-0.628299579656606	0.151558046801791
-3.08203048704882	0.947509650360219
-2.5766529574574	0.657773148602288
0.154465593370314	0.0289479903375428
-1.1414839653338	0.344622990730584
-1.79839614394125	0.382877807711208
-1.79840965860499	0.382877827643389
-1.80123754984197	0.383647112861273
-1.80123754984197	0.383647112861273
-2.57660997484294	0.657538252319339
-0.626075023442282	0.151167646950723
-0.632563406792844	0.152610991116788
-1.79840965860499	0.382877827643389
-1.79840965860499	0.382877827643389
0.155067569950451	0.0290355764553768
-0.628299579656606	0.151558046801791
0.155111385030128	0.0290417527313876
0.948905461162112	0.248586345985544
-1.79840965860499	0.382877827643389
1.8166310232947	0.704051562387115
0.948768757521975	0.248549269795159
0.155067569950451	0.0290355764553768
0.803406298057045	0.330476655381048
-1.79840965860499	0.382877827643389
-1.79840965860499	0.382877827643389
-2.57669595250488	0.657559862268914
0.154465593370314	0.0289479903375428
-2.57660997484294	0.657538252319339
0.154465593370314	0.0289479903375428
0.948768757521975	0.248549269795159
-1.79840965860499	0.382877827643389
-1.79839614394125	0.382877807711208
-1.79839614394125	0.382877807711208
-0.626075023442282	0.151167646950723
-3.08216231491203	0.947551973079846
-0.628599509856641	0.151612619227975
-1.79839614394125	0.382877807711208
-1.80123754984197	0.383647112861273
0.154509067766894	0.0289541162362231
-1.80123754984197	0.383647112861273
-1.80123754984197	0.383647112861273
-1.79839614394125	0.382877807711208
-1.79839614394125	0.382877807711208
-1.79839614394125	0.382877807711208
-0.628164901903538	0.15157555358925
-3.08556356757563	0.949512459473102
0.155111385030128	0.0290417527313876
1.95731570776637	0.441000340195791
0.155111385030128	0.0290417527313876
-0.631994988626399	0.152498044571477
-2.5766529574574	0.657773148602288
-1.79839614394125	0.382877807711208
-1.79840965860499	0.382877827643389
-1.79839614394125	0.382877807711208
-1.79840965860499	0.382877827643389
-1.80123754984197	0.383647112861273
-0.631994988626399	0.152498044571477
0.154465593370314	0.0289479903375428
-1.79839614394125	0.382877807711208
-1.79839614394125	0.382877807711208
-1.79840965860499	0.382877827643389
-1.79840965860499	0.382877827643389
-1.79840965860499	0.382877827643389
-0.628733247343677	0.151688343674084
-3.08216231491203	0.947551973079846
-1.79839614394125	0.382877807711208
-1.79839614394125	0.382877807711208
-1.79839614394125	0.382877807711208
-1.79840965860499	0.382877827643389
0.154465593370314	0.0289479903375428
-1.79840965860499	0.382877827643389
-0.628164901903538	0.15157555358925
0.947770742439721	0.248281535275256
1.45138090115721	0.478568850670936
0.162357836679133	0.0405597098553547
-1.79839614394125	0.382877807711208
-1.79839614394125	0.382877807711208
0.155111385030128	0.0290417527313876
0.154509067766894	0.0289541162362231
-2.57660997484294	0.657538252319339
1.95731570776637	0.441000340195791
-0.628030265547787	0.151499678636842
0.950287720870208	0.248999740475732
0.155067569950451	0.0290355764553768
1.95731570776637	0.441000340195791
-0.628030265547787	0.151499678636842
-0.628164901903538	0.15157555358925
-1.79840965860499	0.382877827643389
-1.79840965860499	0.382877827643389
0.157370411029726	0.0293708256249034
-1.79840965860499	0.382877827643389
0.157370411029726	0.0293708256249034
-0.628733247343677	0.151688343674084
0.155067569950451	0.0290355764553768
-2.57669595250488	0.657559862268914
-1.80123754984197	0.383647112861273
-1.79840965860499	0.382877827643389
-1.80123754984197	0.383647112861273
-1.79839614394125	0.382877807711208
0.154465593370314	0.0289479903375428
-1.79840965860499	0.382877827643389
-1.79839614394125	0.382877807711208
-1.79840965860499	0.382877827643389
-0.628164901903538	0.15157555358925
-1.79839614394125	0.382877807711208
0.154465593370314	0.0289479903375428
0.154465593370314	0.0289479903375428
0.950858461556905	0.2491584305819
-2.57660997484294	0.657538252319339
-1.52556530925699	0.541887546993991
-0.63185471444008	0.152466960619287
0.154509067766894	0.0289541162362231
-0.628299579656606	0.151558046801791
0.155111385030128	0.0290417527313876
-1.79839614394125	0.382877807711208
-1.79840965860499	0.382877827643389
-2.57669595250488	0.657559862268914
-1.79840965860499	0.382877827643389
-2.5766529574574	0.657773148602288
-1.79840965860499	0.382877827643389
-3.08556356757563	0.949512459473102
-3.45945095257726	1.22747869975084
-1.79839614394125	0.382877807711208
-1.79840965860499	0.382877827643389
-1.79840965860499	0.382877827643389
0.950858461556905	0.2491584305819
0.16045117802105	0.0401558290866076
0.154509067766894	0.0289541162362231
1.95731570776637	0.441000340195791
-1.79839614394125	0.382877807711208
1.45198001091205	0.478658944297305
0.15963091503218	0.0399802605532864
1.95731570776637	0.441000340195791
-1.79839614394125	0.382877807711208
-2.5766529574574	0.657773148602288
1.95731570776637	0.441000340195791
-3.08189869996978	0.9470994296719
-1.79840965860499	0.382877827643389
1.95988292961267	0.441702177751728
1.44922258720914	0.477763268309402
2.75520320904554	0.763197913000704
0.162590253502546	0.0405994312489443
0.155067569950451	0.0290355764553768
-0.628733247343677	0.151688343674084
-0.628733247343677	0.151688343674084
0.155111385030128	0.0290417527313876
0.15144823932183	0.0285426379557898
-3.08216231491203	0.947551973079846
1.95988292961267	0.441702177751728
1.45114635521655	0.478471348903038
0.154509067766894	0.0289541162362231
-0.628164901903538	0.15157555358925
-1.79839614394125	0.382877807711208
-1.79840965860499	0.382877827643389
-1.79839614394125	0.382877807711208
-2.57968420714322	0.659073447553718
0.152050960400409	0.028630259939513
0.159036592116599	0.0397877345506797
-2.5766529574574	0.657773148602288
-1.52468217246603	0.541450953371581
0.422732503974395	0.166740249700131
-0.628867026021838	0.151670609188118
0.948337549654709	0.248516516252871
-0.628599509856641	0.151612619227975
-3.45967591146264	1.22746502283364
2.75807933893485	0.764710363024488
1.02363521199244	0.381873400117373
1.95731570776637	0.441000340195791
1.95786695174359	0.441149378722158
-0.352328640216398	0.101201570764145
3.63629792702422	1.42164529184574
-3.08216231491203	0.947551973079846
0.154465593370314	0.0289479903375428
0.15144823932183	0.0285426379557898
-0.628030265547787	0.151499678636842
-0.628733247343677	0.151688343674084
-1.79840965860499	0.382877827643389
-1.79840965860499	0.382877827643389
-0.632424041671007	0.152580102364835
0.94820175004088	0.248479682375772
-3.08542618523242	0.949198094742557
-3.08216231491203	0.947551973079846
0.155111385030128	0.0290417527313876
-2.57963910438406	0.659061212358043
-1.79840965860499	0.382877827643389
1.95786695174359	0.441149378722158
0.948905461162112	0.248586345985544
-2.5766529574574	0.657773148602288
3.63331351050508	1.42008896661082
-1.79840965860499	0.382877827643389
-1.80123754984197	0.383647112861273
0.160583229502904	0.0401661733691417
1.95786695174359	0.441149378722158
-1.79839614394125	0.382877807711208
-0.626075023442282	0.151167646950723
-1.79840965860499	0.382877827643389
0.948768757521975	0.248549269795159
-1.80123754984197	0.383647112861273
2.75520320904554	0.763197913000704
0.950287720870208	0.248999740475732
0.15963091503218	0.0399802605532864
-1.1406575104342	0.344234513147494
0.154509067766894	0.0289541162362231
-2.57660997484294	0.657538252319339
-2.57963910438406	0.659061212358043
-1.79839614394125	0.382877807711208
-1.79839614394125	0.382877807711208
-0.628733247343677	0.151688343674084
0.160221796316651	0.0401166927693931
-1.79840965860499	0.382877827643389
-1.79840965860499	0.382877827643389
-1.79839614394125	0.382877807711208
-1.14583039258107	0.346039770541419
0.146332921310034	0.0429416898033695
-2.57660997484294	0.657538252319339
0.157325350109871	0.02936446462458
3.26508709738097	1.10261522135605
-1.79840965860499	0.382877827643389
-1.79839614394125	0.382877807711208
0.154465593370314	0.0289479903375428
-1.80123754984197	0.383647112861273
-0.349540348230138	0.100383158992154
0.155067569950451	0.0290355764553768
-0.629763239673253	0.152058330338803
-0.628164901903538	0.15157555358925
-2.5766529574574	0.657773148602288
1.95731570776637	0.441000340195791
-2.5766529574574	0.657773148602288
-1.79839614394125	0.382877807711208
-1.79840965860499	0.382877827643389
-1.80123754984197	0.383647112861273
-0.35262379016767	0.101278913820777
-0.628164901903538	0.15157555358925
-0.628599509856641	0.151612619227975
0.155111385030128	0.0290417527313876
-1.79840965860499	0.382877827643389
0.152050960400409	0.028630259939513
0.155067569950451	0.0290355764553768
-0.628030265547787	0.151499678636842
3.63331351050508	1.42008896661082
-0.792396830153744	0.344017820558448
1.95786695174359	0.441149378722158
-2.57660997484294	0.657538252319339
-1.79840965860499	0.382877827643389
2.75580772001712	0.763760469153332
-2.57669595250488	0.657559862268914
1.95988292961267	0.441702177751728
1.95786695174359	0.441149378722158
0.154509067766894	0.0289541162362231
0.154509067766894	0.0289541162362231
0.157325350109871	0.02936446462458
-2.57669595250488	0.657559862268914
-1.79840965860499	0.382877827643389
-1.79840965860499	0.382877827643389
0.15144823932183	0.0285426379557898
0.154509067766894	0.0289541162362231
-0.631994988626399	0.152498044571477
0.154509067766894	0.0289541162362231
-1.79840965860499	0.382877827643389
-0.354229439997714	0.101697261087168
0.948337549654709	0.248516516252871
-0.628599509856641	0.151612619227975
-1.14284398403614	0.345169869447138
2.10055021952577	0.924312412659368
-0.628299579656606	0.151558046801791
-1.1406575104342	0.344234513147494
-0.628733247343677	0.151688343674084
0.948337549654709	0.248516516252871
0.155067569950451	0.0290355764553768
-0.628733247343677	0.151688343674084
-0.628030265547787	0.151499678636842
-1.79840965860499	0.382877827643389
0.159859477622278	0.0400192334307773
1.02455981174032	0.382091874796033
0.155111385030128	0.0290417527313876
-1.79839614394125	0.382877807711208
-2.57669595250488	0.657559862268914
0.154465593370314	0.0289479903375428
-1.79840965860499	0.382877827643389
-1.79839614394125	0.382877807711208
2.76097686654259	0.765783986906631
-1.79840965860499	0.382877827643389
-1.79840965860499	0.382877827643389
1.95786695174359	0.441149378722158
1.95786695174359	0.441149378722158
1.95731570776637	0.441000340195791
-1.79839614394125	0.382877807711208
0.156070095129669	0.0391676647119387
0.161043695584893	0.0402684742968713
0.155067569950451	0.0290355764553768
-1.79839614394125	0.382877807711208
0.950858461556905	0.2491584305819
0.160583229502904	0.0401661733691417
0.154465593370314	0.0289479903375428
-1.80123754984197	0.383647112861273
0.948337549654709	0.248516516252871
-0.628733247343677	0.151688343674084
1.95731570776637	0.441000340195791
0.950998501270056	0.249196467275389
-2.57660997484294	0.657538252319339
-1.80123754984197	0.383647112861273
0.155111385030128	0.0290417527313876
-1.79840965860499	0.382877827643389
0.154465593370314	0.0289479903375428
1.95988292961267	0.441702177751728
3.63203016857434	1.41874839489518
1.95731570776637	0.441000340195791
0.950426851449918	0.249037516760643
-1.13872731243543	0.343741383764358
-1.1414839653338	0.344622990730584
0.155111385030128	0.0290417527313876
0.944504519928106	0.247598335656165
0.152050960400409	0.028630259939513
-2.58269164924118	0.660244336228982
-3.08556356757563	0.949512459473102
-1.79839614394125	0.382877807711208
-1.80123754984197	0.383647112861273
0.154509067766894	0.0289541162362231
-2.57669595250488	0.657559862268914
-2.57660997484294	0.657538252319339
-1.79840965860499	0.382877827643389
-2.57968420714322	0.659073447553718
-0.628867026021838	0.151670609188118
-0.628299579656606	0.151558046801791
1.95988292961267	0.441702177751728
0.157325350109871	0.02936446462458
1.95731570776637	0.441000340195791
1.95731570776637	0.441000340195791
0.15963091503218	0.0399802605532864
0.948337549654709	0.248516516252871
0.157370411029726	0.0293708256249034
-1.79839614394125	0.382877807711208
0.948337549654709	0.248516516252871
-1.14193838802885	0.344646219015582
-0.632563406792844	0.152610991116788
1.44922258720914	0.477763268309402
0.15144823932183	0.0285426379557898
-0.355104953248248	0.101967480674674
-1.79839614394125	0.382877807711208
-1.5292536270854	0.543488048058857
-1.80123754984197	0.383647112861273
-1.80123754984197	0.383647112861273
1.95731570776637	0.441000340195791
0.15144823932183	0.0285426379557898
0.155067569950451	0.0290355764553768
0.51408290047205	0.181384498788784
-3.08203048704882	0.947509650360219
-1.79840965860499	0.382877827643389
0.158441687834525	0.0396618099099809
0.155067569950451	0.0290355764553768
1.95786695174359	0.441149378722158
-0.628599509856641	0.151612619227975
1.95786695174359	0.441149378722158
1.44725524543057	0.476951096350534
2.75580772001712	0.763760469153332
-1.80123754984197	0.383647112861273
2.75641316563256	0.763778311858285
0.155067569950451	0.0290355764553768
1.95731570776637	0.441000340195791
0.154509067766894	0.0289541162362231
-0.632563406792844	0.152610991116788
2.75580772001712	0.763760469153332
-1.79840965860499	0.382877827643389
0.94820175004088	0.248479682375772
-3.08556356757563	0.949512459473102
-1.52497036065527	0.541612586959632
-1.79839614394125	0.382877807711208
-1.79839614394125	0.382877807711208
-1.14499995487719	0.345855392571373
-1.79839614394125	0.382877807711208
0.144138136643148	0.0423508720464565
-0.628299579656606	0.151558046801791
-0.3523322595973	0.101168276473444
-1.52468217246603	0.541450953371581
-1.79839614394125	0.382877807711208
1.45078261646269	0.478218161496633
-0.626075023442282	0.151167646950723
-0.632424041671007	0.152580102364835
-1.79840965860499	0.382877827643389
0.154509067766894	0.0289541162362231
-1.79839614394125	0.382877807711208
-0.626075023442282	0.151167646950723
0.155111385030128	0.0290417527313876
-1.80123754984197	0.383647112861273
-1.79839614394125	0.382877807711208
-1.79839614394125	0.382877807711208
-2.5766529574574	0.657773148602288
-0.628164901903538	0.15157555358925
0.155111385030128	0.0290417527313876
-0.628164901903538	0.15157555358925
-2.5766529574574	0.657773148602288
-2.57669595250488	0.657559862268914
-2.58269164924118	0.660244336228982
0.155713854733082	0.0390835596706886
-0.628733247343677	0.151688343674084
0.155111385030128	0.0290417527313876
-1.14559783756009	0.346052129596875
2.75520320904554	0.763197913000704
0.154509067766894	0.0289541162362231
-1.79840965860499	0.382877827643389
-0.357247952587094	0.102560703144377
-1.04687191417195	0.412486748895758
-0.628599509856641	0.151612619227975
-1.80123754984197	0.383647112861273
-1.79840965860499	0.382877827643389
0.94820175004088	0.248479682375772
-3.08216231491203	0.947551973079846
-1.79840965860499	0.382877827643389
0.155111385030128	0.0290417527313876
-1.79840965860499	0.382877827643389
-1.79839614394125	0.382877807711208
-1.79839614394125	0.382877807711208
2.75868832531345	0.765017792149168
-1.79839614394125	0.382877807711208
1.95786695174359	0.441149378722158
1.95988292961267	0.441702177751728
0.155067569950451	0.0290355764553768
3.26569824690609	1.10327543173781
2.75868832531345	0.765017792149168
-1.1414839653338	0.344622990730584
0.944504519928106	0.247598335656165
1.95731570776637	0.441000340195791
0.947635845528227	0.248244973505163
2.75641316563256	0.763778311858285
-0.628164901903538	0.15157555358925
0.157370411029726	0.0293708256249034
1.95786695174359	0.441149378722158
-2.57968420714322	0.659073447553718
-1.79839614394125	0.382877807711208
1.81235300959058	0.702242876396542
-0.628164901903538	0.15157555358925
-1.79839614394125	0.382877807711208
0.13656660731672	0.0402314592662008
-0.628867026021838	0.151670609188118
-1.1406575104342	0.344234513147494
-1.14171114622793	0.344693702322242
0.154509067766894	0.0289541162362231
-0.632424041671007	0.152580102364835
-3.08898467402977	0.950960285645612
-1.79840965860499	0.382877827643389
0.163185820804974	0.0407257646525502
0.157325350109871	0.02936446462458
0.157325350109871	0.02936446462458
-1.80123754984197	0.383647112861273
-1.79839614394125	0.382877807711208
-1.79839614394125	0.382877807711208
-1.79839614394125	0.382877807711208
-1.79840965860499	0.382877827643389
-1.13918941442725	0.343767291351689
0.948768757521975	0.248549269795159
0.16045117802105	0.0401558290866076
-1.79840965860499	0.382877827643389
0.160221796316651	0.0401166927693931
-1.14088544605048	0.344426431780091
-0.355979365614545	0.102141358762928
2.75807933893485	0.764710363024488
0.162952579336367	0.0406858836130456
0.160583229502904	0.0401661733691417
-1.79839614394125	0.382877807711208
-1.79840965860499	0.382877827643389
1.95731570776637	0.441000340195791
0.154465593370314	0.0289479903375428
-2.57963910438406	0.659061212358043
0.947635845528227	0.248244973505163
0.154465593370314	0.0289479903375428
-1.79840965860499	0.382877827643389
0.154509067766894	0.0289541162362231
-0.626075023442282	0.151167646950723
-1.79840965860499	0.382877827643389
2.75580772001712	0.763760469153332
-0.359141638818634	0.103112871302961
-1.79840965860499	0.382877827643389
1.95786695174359	0.441149378722158
-1.79840965860499	0.382877827643389
1.95731570776637	0.441000340195791
1.95731570776637	0.441000340195791
1.95731570776637	0.441000340195791
1.95786695174359	0.441149378722158
-2.5766529574574	0.657773148602288
0.154465593370314	0.0289479903375428
1.44839669376933	0.477459847846965
-0.628164901903538	0.15157555358925
-3.08229418357021	0.947231644170671
-1.79839614394125	0.382877807711208
-1.79839614394125	0.382877807711208
-0.628030265547787	0.151499678636842
-1.52556530925699	0.541887546993991
0.950287720870208	0.248999740475732
-1.79840965860499	0.382877827643389
-1.79840965860499	0.382877827643389
-1.79840965860499	0.382877827643389
-2.57669595250488	0.657559862268914
0.157370411029726	0.0293708256249034
-0.628164901903538	0.15157555358925
-1.14559783756009	0.346052129596875
-1.14193838802885	0.344646219015582
2.75580772001712	0.763760469153332
0.155067569950451	0.0290355764553768
0.16045117802105	0.0401558290866076
-1.1406575104342	0.344234513147494
0.162590253502546	0.0405994312489443
-1.79839614394125	0.382877807711208
0.154465593370314	0.0289479903375428
-2.5766529574574	0.657773148602288
-1.79840965860499	0.382877827643389
-2.57660997484294	0.657538252319339
0.16045117802105	0.0401558290866076
0.154509067766894	0.0289541162362231
-1.79840965860499	0.382877827643389
0.154465593370314	0.0289479903375428
0.155067569950451	0.0290355764553768
-1.79839614394125	0.382877807711208
1.95786695174359	0.441149378722158
1.95988292961267	0.441702177751728
-2.5766529574574	0.657773148602288
1.95786695174359	0.441149378722158
2.75520320904554	0.763197913000704
-0.63185471444008	0.152466960619287
0.155111385030128	0.0290417527313876
2.75580772001712	0.763760469153332
-1.79839614394125	0.382877807711208
-1.79840965860499	0.382877827643389
2.75641316563256	0.763778311858285
-1.79839614394125	0.382877807711208
1.95731570776637	0.441000340195791
0.14371839260098	0.0422424410228484
-1.79839614394125	0.382877807711208
-0.73833632952493	0.25198039611565
0.657866689740957	0.206670742493303
0.155111385030128	0.0290417527313876
0.165103009331824	0.0411253937349734
-3.08216231491203	0.947551973079846
0.155067569950451	0.0290355764553768
-0.628733247343677	0.151688343674084
-0.742101285286405	0.253499136601578
2.75807933893485	0.764710363024488
-1.79839614394125	0.382877807711208
-1.80123754984197	0.383647112861273
-1.79840965860499	0.382877827643389
0.162590253502546	0.0405994312489443
-1.14111344283696	0.344497381350969
0.157325350109871	0.02936446462458
1.8138222857108	0.70292085392477
0.157370411029726	0.0293708256249034
0.154465593370314	0.0289479903375428
-2.57660997484294	0.657538252319339
-1.83139270651508	0.740181168650308
-2.5766529574574	0.657773148602288
0.157325350109871	0.02936446462458
-1.79839614394125	0.382877807711208
-1.79840965860499	0.382877827643389
0.158441687834525	0.0396618099099809
0.152050960400409	0.028630259939513
0.155067569950451	0.0290355764553768
1.95731570776637	0.441000340195791
0.154465593370314	0.0289479903375428
-1.79839614394125	0.382877807711208
-1.79840965860499	0.382877827643389
-1.14088544605048	0.344426431780091
-1.79839614394125	0.382877807711208
2.75868832531345	0.765017792149168
0.154465593370314	0.0289479903375428
1.95786695174359	0.441149378722158
0.155111385030128	0.0290417527313876
-1.79840965860499	0.382877827643389
-1.79840965860499	0.382877827643389
0.16045117802105	0.0401558290866076
1.95731570776637	0.441000340195791
1.45078261646269	0.478218161496633
0.162952579336367	0.0406858836130456
-1.79839614394125	0.382877807711208
0.950998501270056	0.249196467275389
-0.35666348042052	0.102404483392645
-2.5766529574574	0.657773148602288
-1.79839614394125	0.382877807711208
-1.79840965860499	0.382877827643389
0.159992352718576	0.0400538861334557
-1.79840965860499	0.382877827643389
-1.79839614394125	0.382877807711208
-1.79840965860499	0.382877827643389
-2.57660997484294	0.657538252319339
-0.741763882242001	0.253307934106881
-3.08189869996978	0.9470994296719
1.95731570776637	0.441000340195791
-2.57968420714322	0.659073447553718
-1.79839614394125	0.382877807711208
-2.57669595250488	0.657559862268914
-1.79840965860499	0.382877827643389
-2.5766529574574	0.657773148602288
-2.5766529574574	0.657773148602288
0.154465593370314	0.0289479903375428
-0.628599509856641	0.151612619227975
-3.08189869996978	0.9470994296719
0.950858461556905	0.2491584305819
0.154311934860129	0.0289593414864238
-1.79839614394125	0.382877807711208
-0.355401168227563	0.102014834884787
-2.57660997484294	0.657538252319339
0.154509067766894	0.0289541162362231
-1.79840965860499	0.382877827643389
1.95786695174359	0.441149378722158
-1.79839614394125	0.382877807711208
0.155067569950451	0.0290355764553768
-1.79840965860499	0.382877827643389
3.26345542626113	1.10199860979414
0.155067569950451	0.0290355764553768
2.75641316563256	0.763778311858285
-0.628599509856641	0.151612619227975
-1.1414839653338	0.344622990730584
-3.46299441124492	1.22953362528533
-1.79839614394125	0.382877807711208
-2.5766529574574	0.657773148602288
-1.79840965860499	0.382877827643389
-1.80123754984197	0.383647112861273
-0.632424041671007	0.152580102364835
0.159992352718576	0.0400538861334557
-1.79839614394125	0.382877807711208
-1.80123754984197	0.383647112861273
-1.14171114622793	0.344693702322242
-0.628030265547787	0.151499678636842
-1.79840965860499	0.382877827643389
-0.628030265547787	0.151499678636842
0.154509067766894	0.0289541162362231
0.154465593370314	0.0289479903375428
0.154509067766894	0.0289541162362231
-1.79839614394125	0.382877807711208
-1.79839614394125	0.382877807711208
-0.628733247343677	0.151688343674084
0.155067569950451	0.0290355764553768
-1.79840965860499	0.382877827643389
-0.628867026021838	0.151670609188118
0.155111385030128	0.0290417527313876
-2.57660997484294	0.657538252319339
1.95786695174359	0.441149378722158
1.95731570776637	0.441000340195791
1.95786695174359	0.441149378722158
1.95988292961267	0.441702177751728
0.948337549654709	0.248516516252871
0.154509067766894	0.0289541162362231
-2.5766529574574	0.657773148602288
2.75520320904554	0.763197913000704
0.948768757521975	0.248549269795159
1.45138090115721	0.478568850670936
1.95731570776637	0.441000340195791
-0.628030265547787	0.151499678636842
0.661811042100157	0.2078534144171
1.95731570776637	0.441000340195791
0.155111385030128	0.0290417527313876
1.44899109330448	0.477667123734845
0.154465593370314	0.0289479903375428
0.15820382838182	0.0396092897578142
-3.08203048704882	0.947509650360219
-0.628733247343677	0.151688343674084
-1.79840965860499	0.382877827643389
0.948768757521975	0.248549269795159
1.95786695174359	0.441149378722158
-1.83072704109891	0.739930594937107
-1.79839614394125	0.382877807711208
-1.14171114622793	0.344693702322242
-0.628030265547787	0.151499678636842
-2.57669595250488	0.657559862268914
-1.79839614394125	0.382877807711208
-1.79840965860499	0.382877827643389
0.950858461556905	0.2491584305819
0.15144823932183	0.0285426379557898
-1.79839614394125	0.382877807711208
-1.79839614394125	0.382877807711208
-1.79840965860499	0.382877827643389
-1.79840965860499	0.382877827643389
0.156304884454214	0.0392194704826931
1.95786695174359	0.441149378722158
-1.79840965860499	0.382877827643389
2.75580772001712	0.763760469153332
0.15144823932183	0.0285426379557898
0.155111385030128	0.0290417527313876
-1.79840965860499	0.382877827643389
-1.79840965860499	0.382877827643389
0.94820175004088	0.248479682375772
-0.628733247343677	0.151688343674084
-1.80123754984197	0.383647112861273
-1.79840965860499	0.382877827643389
0.15144823932183	0.0285426379557898
-1.79839614394125	0.382877807711208
-1.79839614394125	0.382877807711208
0.155067569950451	0.0290355764553768
-2.57660997484294	0.657538252319339
-1.80123754984197	0.383647112861273
-0.632563406792844	0.152610991116788
0.155111385030128	0.0290417527313876
0.948768757521975	0.248549269795159
0.154509067766894	0.0289541162362231
-1.79839614394125	0.382877807711208
-2.5766529574574	0.657773148602288
0.155111385030128	0.0290417527313876
-1.79840965860499	0.382877827643389
0.154465593370314	0.0289479903375428
-1.79839614394125	0.382877807711208
-1.79839614394125	0.382877807711208
-0.628867026021838	0.151670609188118
1.81441103810189	0.702928228145098
0.155067569950451	0.0290355764553768
1.95731570776637	0.441000340195791
-1.79839614394125	0.382877807711208
-2.57669595250488	0.657559862268914
-1.79840965860499	0.382877827643389
0.155111385030128	0.0290417527313876
1.95988292961267	0.441702177751728
-0.628733247343677	0.151688343674084
0.155111385030128	0.0290417527313876
-2.57660997484294	0.657538252319339
0.154509067766894	0.0289541162362231
-3.08203048704882	0.947509650360219
-1.79839614394125	0.382877807711208
-1.79840965860499	0.382877827643389
-2.57669595250488	0.657559862268914
0.948337549654709	0.248516516252871
-1.79839614394125	0.382877807711208
2.75520320904554	0.763197913000704
-0.628867026021838	0.151670609188118
-2.57669595250488	0.657559862268914
1.95786695174359	0.441149378722158
1.95988292961267	0.441702177751728
0.950998501270056	0.249196467275389
0.16045117802105	0.0401558290866076
-1.79840965860499	0.382877827643389
0.154509067766894	0.0289541162362231
-0.3523322595973	0.101168276473444
-1.1406575104342	0.344234513147494
0.155067569950451	0.0290355764553768
0.155067569950451	0.0290355764553768
-2.57669595250488	0.657559862268914
0.948337549654709	0.248516516252871
0.154311934860129	0.0289593414864238
0.658157600688591	0.206837664845118
1.95786695174359	0.441149378722158
0.154465593370314	0.0289479903375428
0.160221796316651	0.0401166927693931
-1.14088544605048	0.344426431780091
-1.13872731243543	0.343741383764358
-1.79839614394125	0.382877807711208
-1.79839614394125	0.382877807711208
0.155067569950451	0.0290355764553768
-3.76137421922742	1.48226291907169
2.75580772001712	0.763760469153332
0.155111385030128	0.0290417527313876
0.157325350109871	0.02936446462458
-1.79840965860499	0.382877827643389
0.15963091503218	0.0399802605532864
-1.79839614394125	0.382877807711208
-1.83597776269255	0.742763952258261
-1.79839614394125	0.382877807711208
-1.79840965860499	0.382877827643389
0.154509067766894	0.0289541162362231
-2.5766529574574	0.657773148602288
-2.5766529574574	0.657773148602288
0.156304884454214	0.0392194704826931
-0.354525819937872	0.101778275735803
0.155067569950451	0.0290355764553768
1.95731570776637	0.441000340195791
-2.5766529574574	0.657773148602288
0.155111385030128	0.0290417527313876
-3.08216231491203	0.947551973079846
-1.80123754984197	0.383647112861273
-1.13872731243543	0.343741383764358
1.95731570776637	0.441000340195791
1.95731570776637	0.441000340195791
0.660932155782147	0.207694635746326
0.164866646813102	0.0410606750914948
-1.79839614394125	0.382877807711208
0.157325350109871	0.02936446462458
0.15144823932183	0.0285426379557898
0.950426851449918	0.249037516760643
0.947770742439721	0.248281535275256
1.44922258720914	0.477763268309402
0.154509067766894	0.0289541162362231
-0.626075023442282	0.151167646950723
0.154509067766894	0.0289541162362231
0.950426851449918	0.249037516760643
-1.79840965860499	0.382877827643389
-0.358848207258787	0.103009197892419
-1.79839614394125	0.382877807711208
3.63331351050508	1.42008896661082
0.94820175004088	0.248479682375772
0.163185820804974	0.0407257646525502
2.75580772001712	0.763760469153332
-0.35262379016767	0.101278913820777
-3.08216231491203	0.947551973079846
-1.79840965860499	0.382877827643389
-3.08203048704882	0.947509650360219
0.947635845528227	0.248244973505163
0.155111385030128	0.0290417527313876
-0.628164901903538	0.15157555358925
-1.1447666380351	0.34569313996721
-2.5766529574574	0.657773148602288
-1.79839614394125	0.382877807711208
0.154465593370314	0.0289479903375428
2.75807933893485	0.764710363024488
-2.5766529574574	0.657773148602288
0.950426851449918	0.249037516760643
0.155111385030128	0.0290417527313876
1.95786695174359	0.441149378722158
-1.79840965860499	0.382877827643389
-1.79840965860499	0.382877827643389
2.10345763612533	0.92603048253316
0.162357836679133	0.0405597098553547
-1.79839614394125	0.382877807711208
0.157370411029726	0.0293708256249034
-1.79840965860499	0.382877827643389
1.95786695174359	0.441149378722158
1.95731570776637	0.441000340195791
1.95731570776637	0.441000340195791
0.950998501270056	0.249196467275389
0.658157600688591	0.206837664845118
1.44780311038183	0.477066495630919
-1.79840965860499	0.382877827643389
-0.355979365614545	0.102141358762928
2.1046410607199	0.926318292522978
2.75807933893485	0.764710363024488
-2.5766529574574	0.657773148602288
-0.354229439997714	0.101697261087168
-1.1414839653338	0.344622990730584
-3.08203048704882	0.947509650360219
-1.79839614394125	0.382877807711208
-1.53013794503811	0.543725951296145
-0.628733247343677	0.151688343674084
-1.79839614394125	0.382877807711208
-2.57968420714322	0.659073447553718
-3.08216231491203	0.947551973079846
-2.5766529574574	0.657773148602288
-0.628867026021838	0.151670609188118
0.157325350109871	0.02936446462458
-0.358848207258787	0.103009197892419
-1.79839614394125	0.382877807711208
-3.08203048704882	0.947509650360219
-2.57968420714322	0.659073447553718
1.8135291528185	0.702758164322864
1.95786695174359	0.441149378722158
0.162590253502546	0.0405994312489443
0.155111385030128	0.0290417527313876
-0.632424041671007	0.152580102364835
-1.79839614394125	0.382877807711208
0.157370411029726	0.0293708256249034
-1.14193838802885	0.344646219015582
-1.52556530925699	0.541887546993991
0.15963091503218	0.0399802605532864
-2.57660997484294	0.657538252319339
-1.79839614394125	0.382877807711208
-1.79839614394125	0.382877807711208
-1.79839614394125	0.382877807711208
-1.79839614394125	0.382877807711208
3.26795444532845	1.10381433627613
-1.79840965860499	0.382877827643389
1.95786695174359	0.441149378722158
-2.57669595250488	0.657559862268914
3.26569824690609	1.10327543173781
-3.08216231491203	0.947551973079846
0.155067569950451	0.0290355764553768
1.95731570776637	0.441000340195791
0.16045117802105	0.0401558290866076
1.95731570776637	0.441000340195791
-1.79839614394125	0.382877807711208
-0.628733247343677	0.151688343674084
0.155067569950451	0.0290355764553768
-1.79839614394125	0.382877807711208
-2.57963910438406	0.659061212358043
0.16045117802105	0.0401558290866076
-1.79839614394125	0.382877807711208
2.75807933893485	0.764710363024488
-1.14111344283696	0.344497381350969
-2.57963910438406	0.659061212358043
0.155111385030128	0.0290417527313876
0.154509067766894	0.0289541162362231
-0.628164901903538	0.15157555358925
-0.628867026021838	0.151670609188118
0.154465593370314	0.0289479903375428
3.26631056571709	1.10328266544307
-1.13872731243543	0.343741383764358
0.160221796316651	0.0401166927693931
1.95731570776637	0.441000340195791
0.943937640725668	0.24736392993685
-0.628867026021838	0.151670609188118
3.26284822825054	1.10169382604423
-0.628299579656606	0.151558046801791
1.95731570776637	0.441000340195791
1.95731570776637	0.441000340195791
0.15144823932183	0.0285426379557898
-1.79839614394125	0.382877807711208
-2.57963910438406	0.659061212358043
0.155067569950451	0.0290355764553768
0.944504519928106	0.247598335656165
-2.57963910438406	0.659061212358043
0.155067569950451	0.0290355764553768
0.154509067766894	0.0289541162362231
-1.79840965860499	0.382877827643389
-1.1412568453231	0.344431220445032
-1.13872731243543	0.343741383764358
0.155111385030128	0.0290417527313876
0.154509067766894	0.0289541162362231
-1.79840965860499	0.382877827643389
-1.79840965860499	0.382877827643389
0.154465593370314	0.0289479903375428
0.155111385030128	0.0290417527313876
-1.79840965860499	0.382877827643389
-1.79839614394125	0.382877807711208
1.95988292961267	0.441702177751728
1.95731570776637	0.441000340195791
-1.79839614394125	0.382877807711208
-2.57660997484294	0.657538252319339
-2.57669595250488	0.657559862268914
-3.08556356757563	0.949512459473102
-1.79839614394125	0.382877807711208
0.948768757521975	0.248549269795159
0.154465593370314	0.0289479903375428
0.155111385030128	0.0290417527313876
0.159859477622278	0.0400192334307773
0.15963091503218	0.0399802605532864
0.948337549654709	0.248516516252871
-1.14583039258107	0.346039770541419
0.94820175004088	0.248479682375772
-1.79840965860499	0.382877827643389
-1.14171114622793	0.344693702322242
-0.628733247343677	0.151688343674084
0.514431860453614	0.181517099423547
3.63331351050508	1.42008896661082
2.75641316563256	0.763778311858285
1.95731570776637	0.441000340195791
0.157370411029726	0.0293708256249034
0.950287720870208	0.248999740475732
-0.628030265547787	0.151499678636842
3.6326714041979	1.41965046916025
0.155067569950451	0.0290355764553768
-0.355104953248248	0.101967480674674
1.95731570776637	0.441000340195791
0.948905461162112	0.248586345985544
0.661223086818105	0.207656588437818
3.26284822825054	1.10169382604423
-1.79839614394125	0.382877807711208
0.155067569950451	0.0290355764553768
-2.5766529574574	0.657773148602288
1.95786695174359	0.441149378722158
-2.57963910438406	0.659061212358043
-1.79839614394125	0.382877807711208
-2.57968420714322	0.659073447553718
-1.52527766014307	0.541726073904961
-2.57660997484294	0.657538252319339
-1.79840965860499	0.382877827643389
0.15963091503218	0.0399802605532864
-0.628599509856641	0.151612619227975
0.155067569950451	0.0290355764553768
0.94820175004088	0.248479682375772
-1.79839614394125	0.382877807711208
-1.79840965860499	0.382877827643389
-1.79840965860499	0.382877827643389
0.950998501270056	0.249196467275389
1.95786695174359	0.441149378722158
3.92516768334333	1.70097969958265
-1.79839614394125	0.382877807711208
1.95786695174359	0.441149378722158
0.944504519928106	0.247598335656165
-1.79839614394125	0.382877807711208
-1.79840965860499	0.382877827643389
1.95988292961267	0.441702177751728
0.157325350109871	0.02936446462458
0.660638687988492	0.207526442563452
-1.80123754984197	0.383647112861273
0.160813493636874	0.0402291855562724
0.154509067766894	0.0289541162362231
-2.5766529574574	0.657773148602288
-0.63185471444008	0.152466960619287
-1.80123754984197	0.383647112861273
0.154465593370314	0.0289479903375428
-0.628867026021838	0.151670609188118
-2.5766529574574	0.657773148602288
0.155067569950451	0.0290355764553768
-1.79839614394125	0.382877807711208
0.155067569950451	0.0290355764553768
0.947635845528227	0.248244973505163
0.162590253502546	0.0405994312489443
0.155111385030128	0.0290417527313876
0.154509067766894	0.0289541162362231
0.156070095129669	0.0391676647119387
-1.52556530925699	0.541887546993991
-0.358852053011674	0.102979336804101
-1.79839614394125	0.382877807711208
-0.628867026021838	0.151670609188118
0.658741078701816	0.207014004441108
-1.79839614394125	0.382877807711208
0.157325350109871	0.02936446462458
1.81574571371452	0.703837629137609
-0.631994988626399	0.152498044571477
0.155111385030128	0.0290417527313876
1.95786695174359	0.441149378722158
-1.80123754984197	0.383647112861273
-1.79840965860499	0.382877827643389
-3.08542618523242	0.949198094742557
-1.1414839653338	0.344622990730584
-0.628299579656606	0.151558046801791
-2.5766529574574	0.657773148602288
-1.79839614394125	0.382877807711208
-3.45922605387697	1.22727228815634
0.155111385030128	0.0290417527313876
-1.80123754984197	0.383647112861273
0.155067569950451	0.0290355764553768
-1.79840965860499	0.382877827643389
-1.79840965860499	0.382877827643389
2.75580772001712	0.763760469153332
0.656596864428374	0.206190386440451
0.155067569950451	0.0290355764553768
1.95786695174359	0.441149378722158
-1.79839614394125	0.382877807711208
-1.79840965860499	0.382877827643389
0.947770742439721	0.248281535275256
-2.57669595250488	0.657559862268914
-1.79840965860499	0.382877827643389
-2.57669595250488	0.657559862268914
-1.79840965860499	0.382877827643389
-1.79840965860499	0.382877827643389
1.95731570776637	0.441000340195791
0.155067569950451	0.0290355764553768
-1.79840965860499	0.382877827643389
-1.79839614394125	0.382877807711208
-0.732229475897083	0.249585184704911
1.95786695174359	0.441149378722158
0.948905461162112	0.248586345985544
-1.79839614394125	0.382877807711208
-1.04290235412753	0.410559570501728
-0.628867026021838	0.151670609188118
-1.1414839653338	0.344622990730584
-1.79840965860499	0.382877827643389
2.75520320904554	0.763197913000704
2.75641316563256	0.763778311858285
-3.08216231491203	0.947551973079846
-1.14088544605048	0.344426431780091
1.02363521199244	0.381873400117373
-2.5766529574574	0.657773148602288
0.16045117802105	0.0401558290866076
-1.79840965860499	0.382877827643389
-2.57660997484294	0.657538252319339
-2.57669595250488	0.657559862268914
-1.79840965860499	0.382877827643389
1.95731570776637	0.441000340195791
-2.57669595250488	0.657559862268914
0.948768757521975	0.248549269795159
-1.79840965860499	0.382877827643389
1.95786695174359	0.441149378722158
0.144976980831471	0.0425943260188831
-1.13872731243543	0.343741383764358
-1.52527766014307	0.541726073904961
-1.14583039258107	0.346039770541419
-1.79840965860499	0.382877827643389
-1.79839614394125	0.382877807711208
-1.79840965860499	0.382877827643389
0.15963091503218	0.0399802605532864
-1.79839614394125	0.382877807711208
0.155111385030128	0.0290417527313876
1.4480329582247	0.477161868008032
0.653826927429073	0.205337088996143
0.157370411029726	0.0293708256249034
3.26569824690609	1.10327543173781
-3.08556356757563	0.949512459473102
-2.57963910438406	0.659061212358043
-1.79839614394125	0.382877807711208
0.131463990676715	0.0437015090033304
0.944504519928106	0.247598335656165
0.157370411029726	0.0293708256249034
0.94820175004088	0.248479682375772
-3.08556356757563	0.949512459473102
-0.626075023442282	0.151167646950723
-0.628299579656606	0.151558046801791
0.154465593370314	0.0289479903375428
-0.241543381848446	0.0777055848228126
-0.738414128880846	0.252090639638632
0.155111385030128	0.0290417527313876
-1.1414839653338	0.344622990730584
1.95988292961267	0.441702177751728
0.157370411029726	0.0293708256249034
-2.57963910438406	0.659061212358043
-1.79840965860499	0.382877827643389
-0.628867026021838	0.151670609188118
-0.625937070321993	0.151091209012893
0.154509067766894	0.0289541162362231
-0.355104953248248	0.101967480674674
0.146922191196889	0.0431076767472804
1.44450447975593	0.475941549703467
-1.79840965860499	0.382877827643389
0.944504519928106	0.247598335656165
-2.57669595250488	0.657559862268914
1.45174463580423	0.478561109172125
0.155111385030128	0.0290417527313876
-0.628733247343677	0.151688343674084
-3.45945095257726	1.22747869975084
-1.79839614394125	0.382877807711208
-1.79840965860499	0.382877827643389
-1.14088544605048	0.344426431780091
0.157370411029726	0.0293708256249034
-3.45922605387697	1.22727228815634
-0.628030265547787	0.151499678636842
-1.79839614394125	0.382877807711208
-1.79839614394125	0.382877807711208
0.154465593370314	0.0289479903375428
-1.79840965860499	0.382877827643389
1.95731570776637	0.441000340195791
-0.628733247343677	0.151688343674084
-1.79839614394125	0.382877807711208
-2.57660997484294	0.657538252319339
-1.79840965860499	0.382877827643389
0.157325350109871	0.02936446462458
0.154465593370314	0.0289479903375428
-0.628867026021838	0.151670609188118
-1.79840965860499	0.382877827643389
-0.628599509856641	0.151612619227975
0.157370411029726	0.0293708256249034
1.95786695174359	0.441149378722158
-2.5766529574574	0.657773148602288
-2.5766529574574	0.657773148602288
1.44958631087756	0.477702557005987
-0.628733247343677	0.151688343674084
0.154311934860129	0.0289593414864238
-1.52246182960607	0.540465661800635
-3.08216231491203	0.947551973079846
0.154465593370314	0.0289479903375428
-2.5766529574574	0.657773148602288
-2.57968420714322	0.659073447553718
0.125539491799069	0.0417872467307421
-1.79840965860499	0.382877827643389
3.26406378444313	1.10187162962723
1.95786695174359	0.441149378722158
-1.79839614394125	0.382877807711208
1.95988292961267	0.441702177751728
0.15963091503218	0.0399802605532864
-1.79840965860499	0.382877827643389
0.155111385030128	0.0290417527313876
-1.79839614394125	0.382877807711208
-2.57669595250488	0.657559862268914
1.95786695174359	0.441149378722158
-1.79839614394125	0.382877807711208
-1.79839614394125	0.382877807711208
-1.79840965860499	0.382877827643389
-1.52304226528151	0.540703452519057
0.160221796316651	0.0401166927693931
0.154509067766894	0.0289541162362231
0.154509067766894	0.0289541162362231
0.155111385030128	0.0290417527313876
-1.79840965860499	0.382877827643389
0.154465593370314	0.0289479903375428
-1.79840965860499	0.382877827643389
-1.79839614394125	0.382877807711208
-3.08203048704882	0.947509650360219
-2.5766529574574	0.657773148602288
2.75868832531345	0.765017792149168
0.156070095129669	0.0391676647119387
-2.5766529574574	0.657773148602288
1.95731570776637	0.441000340195791
0.154465593370314	0.0289479903375428
0.94820175004088	0.248479682375772
-1.79840965860499	0.382877827643389
-2.5766529574574	0.657773148602288
0.154465593370314	0.0289479903375428
-1.53013794503811	0.543725951296145
-0.628164901903538	0.15157555358925
-0.36377836325993	0.104348730459055
-1.79840965860499	0.382877827643389
1.95786695174359	0.441149378722158
1.95786695174359	0.441149378722158
-0.62621301873586	0.15115097520137
0.155067569950451	0.0290355764553768
0.948905461162112	0.248586345985544
-0.35569023027487	0.10209347470967
-0.236642536873473	0.0761450888689269
-1.79839614394125	0.382877807711208
-0.628030265547787	0.151499678636842
-1.79840965860499	0.382877827643389
-2.57660997484294	0.657538252319339
-0.628599509856641	0.151612619227975
-1.79840965860499	0.382877827643389
-1.79839614394125	0.382877807711208
-2.57669595250488	0.657559862268914
-1.79840965860499	0.382877827643389
-2.57669595250488	0.657559862268914
1.95786695174359	0.441149378722158
-1.80123754984197	0.383647112861273
-2.57660997484294	0.657538252319339
-1.79839614394125	0.382877807711208
0.51386494250992	0.181311218287051
0.154465593370314	0.0289479903375428
-2.57669595250488	0.657559862268914
2.75580772001712	0.763760469153332
-1.79840965860499	0.382877827643389
-3.45922605387697	1.22727228815634
-3.08216231491203	0.947551973079846
-1.14088544605048	0.344426431780091
0.154465593370314	0.0289479903375428
0.948905461162112	0.248586345985544
-2.57660997484294	0.657538252319339
0.159992352718576	0.0400538861334557
1.95731570776637	0.441000340195791
1.45331304696192	0.47899741335022
0.155067569950451	0.0290355764553768
0.16045117802105	0.0401558290866076
-0.62621301873586	0.15115097520137
0.155067569950451	0.0290355764553768
-2.57669595250488	0.657559862268914
-3.08216231491203	0.947551973079846
-1.79839614394125	0.382877807711208
0.950287720870208	0.248999740475732
0.155067569950451	0.0290355764553768
-0.628599509856641	0.151612619227975
0.147259813410519	0.0432007445014279
-0.355104953248248	0.101967480674674
-2.57660997484294	0.657538252319339
0.155067569950451	0.0290355764553768
0.154509067766894	0.0289541162362231
-2.5766529574574	0.657773148602288
3.26345542626113	1.10199860979414
2.10173504798347	0.924843834263361
0.159992352718576	0.0400538861334557
-2.57669595250488	0.657559862268914
-1.79839614394125	0.382877807711208
-1.79839614394125	0.382877807711208
2.75807933893485	0.764710363024488
-2.5766529574574	0.657773148602288
-1.79840965860499	0.382877827643389
-1.79840965860499	0.382877827643389
-1.79840965860499	0.382877827643389
2.75580772001712	0.763760469153332
-2.57669595250488	0.657559862268914
-1.79840965860499	0.382877827643389
-1.79839614394125	0.382877807711208
-0.632563406792844	0.152610991116788
-2.57660997484294	0.657538252319339
-2.57660997484294	0.657538252319339
3.26345542626113	1.10199860979414
0.948905461162112	0.248586345985544
2.75520320904554	0.763197913000704
2.75580772001712	0.763760469153332
-3.08898467402977	0.950960285645612
2.75520320904554	0.763197913000704
0.15144823932183	0.0285426379557898
0.154509067766894	0.0289541162362231
0.160221796316651	0.0401166927693931
-1.79840965860499	0.382877827643389
0.155067569950451	0.0290355764553768
0.948337549654709	0.248516516252871
-2.57963910438406	0.659061212358043
-1.1414839653338	0.344622990730584
2.75807933893485	0.764710363024488
-1.79840965860499	0.382877827643389
-1.52556530925699	0.541887546993991
-0.62621301873586	0.15115097520137
-0.628733247343677	0.151688343674084
-0.631994988626399	0.152498044571477
-2.57968420714322	0.659073447553718
0.947635845528227	0.248244973505163
0.159992352718576	0.0400538861334557
0.162952579336367	0.0406858836130456
-0.632424041671007	0.152580102364835
0.155111385030128	0.0290417527313876
-1.79839614394125	0.382877807711208
1.95731570776637	0.441000340195791
-1.79840965860499	0.382877827643389
0.160813493636874	0.0402291855562724
0.94820175004088	0.248479682375772
2.75641316563256	0.763778311858285
0.154465593370314	0.0289479903375428
-0.62621301873586	0.15115097520137
-0.628299579656606	0.151558046801791
0.155067569950451	0.0290355764553768
0.156304884454214	0.0392194704826931
0.154509067766894	0.0289541162362231
-2.5766529574574	0.657773148602288
-1.83504104592481	0.742292078332567
-2.57968420714322	0.659073447553718
0.94820175004088	0.248479682375772
-2.57963910438406	0.659061212358043
-2.57660997484294	0.657538252319339
0.157370411029726	0.0293708256249034
-1.79840965860499	0.382877827643389
0.162357836679133	0.0405597098553547
2.75580772001712	0.763760469153332
3.26224218729945	1.1009233569627
1.95786695174359	0.441149378722158
1.95731570776637	0.441000340195791
0.945072510336007	0.247668267417156
0.155067569950451	0.0290355764553768
1.95786695174359	0.441149378722158
1.95731570776637	0.441000340195791
-2.58269164924118	0.660244336228982
0.160221796316651	0.0401166927693931
0.94820175004088	0.248479682375772
-1.1447666380351	0.34569313996721
-1.79840965860499	0.382877827643389
-1.79840965860499	0.382877827643389
0.154509067766894	0.0289541162362231
-3.08189869996978	0.9470994296719
0.159992352718576	0.0400538861334557
-2.5766529574574	0.657773148602288
0.154509067766894	0.0289541162362231
-0.354815349846941	0.101888689175609
-0.626075023442282	0.151167646950723
-0.628733247343677	0.151688343674084
0.156304884454214	0.0392194704826931
0.157325350109871	0.02936446462458
-1.13918941442725	0.343767291351689
0.157370411029726	0.0293708256249034
0.94820175004088	0.248479682375772
0.947635845528227	0.248244973505163
-1.79839614394125	0.382877807711208
0.159402290839324	0.0399177124259514
-2.57669595250488	0.657559862268914
0.947770742439721	0.248281535275256
1.44839669376933	0.477459847846965
1.95988292961267	0.441702177751728
2.75580772001712	0.763760469153332
2.75807933893485	0.764710363024488
0.154311934860129	0.0289593414864238
0.157325350109871	0.02936446462458
-0.628164901903538	0.15157555358925
-0.628733247343677	0.151688343674084
-2.5766529574574	0.657773148602288
-0.628030265547787	0.151499678636842
-1.79840965860499	0.382877827643389
-1.79839614394125	0.382877807711208
-0.628164901903538	0.15157555358925
0.142892234362748	0.0419793224062305
0.154509067766894	0.0289541162362231
-1.79840965860499	0.382877827643389
-0.628164901903538	0.15157555358925
-1.79839614394125	0.382877807711208
-2.5766529574574	0.657773148602288
0.155067569950451	0.0290355764553768
0.157370411029726	0.0293708256249034
2.75520320904554	0.763197913000704
0.947635845528227	0.248244973505163
0.154509067766894	0.0289541162362231
0.154509067766894	0.0289541162362231
2.75807933893485	0.764710363024488
-1.79839614394125	0.382877807711208
-1.79840965860499	0.382877827643389
0.155067569950451	0.0290355764553768
-0.355104953248248	0.101967480674674
-2.5766529574574	0.657773148602288
0.165103009331824	0.0411253937349734
-1.79840965860499	0.382877827643389
-0.63185471444008	0.152466960619287
0.154465593370314	0.0289479903375428
-0.62621301873586	0.15115097520137
0.160583229502904	0.0401661733691417
0.160221796316651	0.0401166927693931
-2.5766529574574	0.657773148602288
0.162357836679133	0.0405597098553547
0.155111385030128	0.0290417527313876
1.95786695174359	0.441149378722158
2.75580772001712	0.763760469153332
2.75580772001712	0.763760469153332
0.155067569950451	0.0290355764553768
-1.79840965860499	0.382877827643389
1.45198001091205	0.478658944297305
0.14380305748793	0.042271222114559
0.152050960400409	0.028630259939513
-1.79839614394125	0.382877807711208
-1.79840965860499	0.382877827643389
0.152050960400409	0.028630259939513
-0.628164901903538	0.15157555358925
-1.79840965860499	0.382877827643389
-1.79840965860499	0.382877827643389
-0.355104953248248	0.101967480674674
-1.79840965860499	0.382877827643389
-0.628164901903538	0.15157555358925
-1.79839614394125	0.382877807711208
0.155067569950451	0.0290355764553768
-1.79839614394125	0.382877807711208
-0.628299579656606	0.151558046801791
-0.628733247343677	0.151688343674084
-1.79839614394125	0.382877807711208
-0.628733247343677	0.151688343674084
0.157325350109871	0.02936446462458
1.02329749324129	0.381582146499257
0.154311934860129	0.0289593414864238
-0.628599509856641	0.151612619227975
-1.79839614394125	0.382877807711208
0.6628368429258	0.20810242430301
-0.628733247343677	0.151688343674084
-0.628867026021838	0.151670609188118
-1.79840965860499	0.382877827643389
0.154465593370314	0.0289479903375428
0.66401463442463	0.208486788853871
0.157370411029726	0.0293708256249034
-0.628733247343677	0.151688343674084
-0.628733247343677	0.151688343674084
0.950426851449918	0.249037516760643
0.145227337337459	0.0426443607563146
0.155111385030128	0.0290417527313876
-1.79839614394125	0.382877807711208
-0.355112179440658	0.101904546481095
1.44862736407577	0.477555630338169
-1.79839614394125	0.382877807711208
1.95731570776637	0.441000340195791
-1.13872731243543	0.343741383764358
-2.08484842220823	0.940993818731239
-1.05085567955959	0.414282430800086
0.946592090327999	0.248117976822064
0.14380305748793	0.042271222114559
-1.04290235412753	0.410559570501728
-0.62621301873586	0.15115097520137
-1.79840965860499	0.382877827643389
-0.632563406792844	0.152610991116788
0.154509067766894	0.0289541162362231
-2.58269164924118	0.660244336228982
-1.79840965860499	0.382877827643389
-1.79839614394125	0.382877807711208
0.154509067766894	0.0289541162362231
0.947635845528227	0.248244973505163
1.45114635521655	0.478471348903038
-0.628733247343677	0.151688343674084
0.160221796316651	0.0401166927693931
-2.57669595250488	0.657559862268914
1.95988292961267	0.441702177751728
-1.79840965860499	0.382877827643389
-1.79840965860499	0.382877827643389
1.95988292961267	0.441702177751728
-1.79840965860499	0.382877827643389
-1.79839614394125	0.382877807711208
-1.79839614394125	0.382877807711208
-1.79840965860499	0.382877827643389
0.154509067766894	0.0289541162362231
1.95988292961267	0.441702177751728
0.950426851449918	0.249037516760643
-0.629906869562113	0.152090136193736
-0.628030265547787	0.151499678636842
0.16045117802105	0.0401558290866076
0.155713854733082	0.0390835596706886
-2.5766529574574	0.657773148602288
3.26284822825054	1.10169382604423
0.947635845528227	0.248244973505163
-1.79840965860499	0.382877827643389
-1.79839614394125	0.382877807711208
-2.57963910438406	0.659061212358043
0.16045117802105	0.0401558290866076
1.44922258720914	0.477763268309402
-4.01193246433531	1.72463037714346
-0.35569023027487	0.10209347470967
-0.355401168227563	0.102014834884787
0.155111385030128	0.0290417527313876
-1.80123754984197	0.383647112861273
-2.57963910438406	0.659061212358043
-3.08203048704882	0.947509650360219
0.154465593370314	0.0289479903375428
0.950426851449918	0.249037516760643
0.658157600688591	0.206837664845118
-3.45945095257726	1.22747869975084
0.154465593370314	0.0289479903375428
2.75580772001712	0.763760469153332
-0.62621301873586	0.15115097520137
-1.80123754984197	0.383647112861273
1.44899109330448	0.477667123734845
-2.57660997484294	0.657538252319339
-3.08189869996978	0.9470994296719
0.154509067766894	0.0289541162362231
-0.628164901903538	0.15157555358925
0.162125356869158	0.0404960611383205
0.154509067766894	0.0289541162362231
0.155111385030128	0.0290417527313876
0.155067569950451	0.0290355764553768
0.156304884454214	0.0392194704826931
0.159036592116599	0.0397877345506797
0.155067569950451	0.0290355764553768
-0.628164901903538	0.15157555358925
-1.79840965860499	0.382877827643389
0.947770742439721	0.248281535275256
1.95731570776637	0.441000340195791
1.95786695174359	0.441149378722158
1.95786695174359	0.441149378722158
0.511535984561553	0.180463547184556
1.31139839023769	0.562237305599265
2.75807933893485	0.764710363024488
1.95731570776637	0.441000340195791
-1.79839614394125	0.382877807711208
0.154465593370314	0.0289479903375428
1.95786695174359	0.441149378722158
-1.80123754984197	0.383647112861273
1.95731570776637	0.441000340195791
-1.79840965860499	0.382877827643389
-0.628030265547787	0.151499678636842
-3.45967591146264	1.22746502283364
-2.5766529574574	0.657773148602288
-1.79839614394125	0.382877807711208
-2.5766529574574	0.657773148602288
0.154509067766894	0.0289541162362231
0.152050960400409	0.028630259939513
-2.5766529574574	0.657773148602288
-1.79840965860499	0.382877827643389
-1.79839614394125	0.382877807711208
-2.5766529574574	0.657773148602288
-1.79839614394125	0.382877807711208
0.659324643575319	0.207123110468657
0.155067569950451	0.0290355764553768
-0.628733247343677	0.151688343674084
0.162952579336367	0.0406858836130456
0.15144823932183	0.0285426379557898
-1.79840965860499	0.382877827643389
-0.628299579656606	0.151558046801791
0.157325350109871	0.02936446462458
2.75580772001712	0.763760469153332
-3.46655637771013	1.23090093950973
1.44509906384746	0.476148552116978
0.15963091503218	0.0399802605532864
-0.628164901903538	0.15157555358925
-0.351744415353914	0.1010114930848
-1.14088544605048	0.344426431780091
-1.79840965860499	0.382877827643389
-1.80123754984197	0.383647112861273
-3.08542618523242	0.949198094742557
0.154509067766894	0.0289541162362231
0.943937640725668	0.24736392993685
0.159992352718576	0.0400538861334557
0.154509067766894	0.0289541162362231
0.154509067766894	0.0289541162362231
0.947770742439721	0.248281535275256
0.658741078701816	0.207014004441108
0.947635845528227	0.248244973505163
0.658448437247608	0.206865271021461
0.656596864428374	0.206190386440451
1.95731570776637	0.441000340195791
-2.57968420714322	0.659073447553718
3.63331351050508	1.42008896661082
-3.45922605387697	1.22727228815634
-0.628733247343677	0.151688343674084
0.94820175004088	0.248479682375772
3.26284822825054	1.10169382604423
0.154465593370314	0.0289479903375428
-2.57669595250488	0.657559862268914
0.157370411029726	0.0293708256249034
1.95786695174359	0.441149378722158
1.95731570776637	0.441000340195791
-1.79840965860499	0.382877827643389
-1.79839614394125	0.382877807711208
-1.79840965860499	0.382877827643389
0.154465593370314	0.0289479903375428
-2.5766529574574	0.657773148602288
-2.57669595250488	0.657559862268914
-1.52499008340819	0.541418114624462
0.948337549654709	0.248516516252871
-3.08203048704882	0.947509650360219
-0.352328640216398	0.101201570764145
-0.628733247343677	0.151688343674084
-1.79839614394125	0.382877807711208
-3.08216231491203	0.947551973079846
-1.79840965860499	0.382877827643389
-2.57968420714322	0.659073447553718
-1.79839614394125	0.382877807711208
2.75580772001712	0.763760469153332
1.95731570776637	0.441000340195791
0.156661115950913	0.0392800358899383
0.155111385030128	0.0290417527313876
-1.79839614394125	0.382877807711208
-0.632424041671007	0.152580102364835
-1.79839614394125	0.382877807711208
-1.79840965860499	0.382877827643389
-1.79839614394125	0.382877807711208
-1.79839614394125	0.382877807711208
0.15144823932183	0.0285426379557898
0.154465593370314	0.0289479903375428
0.154509067766894	0.0289541162362231
0.152050960400409	0.028630259939513
-0.628733247343677	0.151688343674084
-2.57660997484294	0.657538252319339
0.157325350109871	0.02936446462458
0.659616568882323	0.207151031447049
1.95731570776637	0.441000340195791
0.15963091503218	0.0399802605532864
-1.5292536270854	0.543488048058857
0.657864503304789	0.206616146564203
0.154509067766894	0.0289541162362231
0.14371839260098	0.0422424410228484
0.15144823932183	0.0285426379557898
1.95731570776637	0.441000340195791
-0.628164901903538	0.15157555358925
-1.79839614394125	0.382877807711208
-1.1414839653338	0.344622990730584
-0.628599509856641	0.151612619227975
1.95731570776637	0.441000340195791
1.95731570776637	0.441000340195791
-1.79839614394125	0.382877807711208
0.155067569950451	0.0290355764553768
-1.80123754984197	0.383647112861273
0.154465593370314	0.0289479903375428
-2.57660997484294	0.657538252319339
0.156896734628332	0.0393320207188234
0.155111385030128	0.0290417527313876
-1.79839614394125	0.382877807711208
-2.57660997484294	0.657538252319339
-2.57660997484294	0.657538252319339
0.155067569950451	0.0290355764553768
-1.80123754984197	0.383647112861273
-1.79839614394125	0.382877807711208
-1.79839614394125	0.382877807711208
0.157325350109871	0.02936446462458
0.155111385030128	0.0290417527313876
1.95786695174359	0.441149378722158
-3.08542618523242	0.949198094742557
-2.57660997484294	0.657538252319339
-1.79839614394125	0.382877807711208
1.44839669376933	0.477459847846965
-2.5766529574574	0.657773148602288
-2.57660997484294	0.657538252319339
-0.628164901903538	0.15157555358925
0.154509067766894	0.0289541162362231
-2.5766529574574	0.657773148602288
-1.79840965860499	0.382877827643389
-1.79839614394125	0.382877807711208
-2.57660997484294	0.657538252319339
-1.79839614394125	0.382877807711208
2.75641316563256	0.763778311858285
0.154509067766894	0.0289541162362231
-0.732903532938375	0.249925569855424
0.947635845528227	0.248244973505163
0.154509067766894	0.0289541162362231
-0.628733247343677	0.151688343674084
1.95731570776637	0.441000340195791
-0.628599509856641	0.151612619227975
0.155067569950451	0.0290355764553768
-1.04255649350425	0.410401789740815
1.95786695174359	0.441149378722158
0.15144823932183	0.0285426379557898
1.95786695174359	0.441149378722158
-1.79839614394125	0.382877807711208
-1.79840965860499	0.382877827643389
-1.79840965860499	0.382877827643389
0.152050960400409	0.028630259939513
-1.79839614394125	0.382877807711208
1.95786695174359	0.441149378722158
0.154465593370314	0.0289479903375428
0.154509067766894	0.0289541162362231
-1.79840965860499	0.382877827643389
-1.79840965860499	0.382877827643389
0.947770742439721	0.248281535275256
0.154509067766894	0.0289541162362231
-1.79840965860499	0.382877827643389
-1.79839614394125	0.382877807711208
-2.5766529574574	0.657773148602288
-2.5766529574574	0.657773148602288
-1.79840965860499	0.382877827643389
-1.79840965860499	0.382877827643389
-1.79840965860499	0.382877827643389
-1.79839614394125	0.382877807711208
0.157325350109871	0.02936446462458
0.160221796316651	0.0401166927693931
-1.79840965860499	0.382877827643389
0.154465593370314	0.0289479903375428
-0.631994988626399	0.152498044571477
-1.80123754984197	0.383647112861273
-1.79839614394125	0.382877807711208
-1.79839614394125	0.382877807711208
-1.79839614394125	0.382877807711208
-1.79840965860499	0.382877827643389
0.154509067766894	0.0289541162362231
-2.57669595250488	0.657559862268914
-1.79840965860499	0.382877827643389
-2.57968420714322	0.659073447553718
0.653540010885453	0.205185988936824
-1.79839614394125	0.382877807711208
-2.5766529574574	0.657773148602288
-1.79840965860499	0.382877827643389
-1.79840965860499	0.382877827643389
-1.79840965860499	0.382877827643389
-1.79839614394125	0.382877807711208
1.44958631087756	0.477702557005987
1.44981862951738	0.477799018830262
-0.628299579656606	0.151558046801791
0.16045117802105	0.0401558290866076
0.948337549654709	0.248516516252871
1.95731570776637	0.441000340195791
1.95988292961267	0.441702177751728
-1.79839614394125	0.382877807711208
-3.08189869996978	0.9470994296719
-0.628733247343677	0.151688343674084
0.154465593370314	0.0289479903375428
-1.79839614394125	0.382877807711208
0.154465593370314	0.0289479903375428
-1.79839614394125	0.382877807711208
2.75580772001712	0.763760469153332
-2.57669595250488	0.657559862268914
0.15144823932183	0.0285426379557898
-3.08203048704882	0.947509650360219
-0.625937070321993	0.151091209012893
-2.57660997484294	0.657538252319339
-1.79840965860499	0.382877827643389
0.155067569950451	0.0290355764553768
-1.80123754984197	0.383647112861273
0.947770742439721	0.248281535275256
-0.628299579656606	0.151558046801791
0.157370411029726	0.0293708256249034
0.944504519928106	0.247598335656165
0.155067569950451	0.0290355764553768
0.154465593370314	0.0289479903375428
0.154465593370314	0.0289479903375428
-1.79840965860499	0.382877827643389
-1.79840965860499	0.382877827643389
-2.57660997484294	0.657538252319339
-2.57963910438406	0.659061212358043
0.948768757521975	0.248549269795159
-1.79840965860499	0.382877827643389
-1.79839614394125	0.382877807711208
0.943937640725668	0.24736392993685
0.155067569950451	0.0290355764553768
0.155111385030128	0.0290417527313876
-1.79840965860499	0.382877827643389
-1.14088544605048	0.344426431780091
0.15963091503218	0.0399802605532864
-0.628733247343677	0.151688343674084
-2.57968420714322	0.659073447553718
1.95731570776637	0.441000340195791
-2.57669595250488	0.657559862268914
2.75520320904554	0.763197913000704
-0.628733247343677	0.151688343674084
0.658449623497539	0.206846818911275
-1.14111344283696	0.344497381350969
-0.742101285286405	0.253499136601578
1.95988292961267	0.441702177751728
-2.5766529574574	0.657773148602288
-1.79840965860499	0.382877827643389
-2.57660997484294	0.657538252319339
-1.79839614394125	0.382877807711208
-0.628164901903538	0.15157555358925
0.948905461162112	0.248586345985544
-1.79839614394125	0.382877807711208
1.95786695174359	0.441149378722158
-1.79839614394125	0.382877807711208
0.154509067766894	0.0289541162362231
-1.79839614394125	0.382877807711208
-1.79840965860499	0.382877827643389
-1.79839614394125	0.382877807711208
-2.57968420714322	0.659073447553718
-2.57660997484294	0.657538252319339
-1.79839614394125	0.382877807711208
0.948337549654709	0.248516516252871
0.162590253502546	0.0405994312489443
-1.79840965860499	0.382877827643389
-0.628030265547787	0.151499678636842
-1.79839614394125	0.382877807711208
0.16045117802105	0.0401558290866076
-1.79839614394125	0.382877807711208
-1.79840965860499	0.382877827643389
-1.79840965860499	0.382877827643389
-1.80123754984197	0.383647112861273
-1.79839614394125	0.382877807711208
-1.79840965860499	0.382877827643389
-2.57660997484294	0.657538252319339
-1.80123754984197	0.383647112861273
1.95786695174359	0.441149378722158
-1.79839614394125	0.382877807711208
-1.79840965860499	0.382877827643389
-1.79840965860499	0.382877827643389
-1.79840965860499	0.382877827643389
0.155111385030128	0.0290417527313876
-1.79839614394125	0.382877807711208
-1.79840965860499	0.382877827643389
-1.79839614394125	0.382877807711208
-1.79839614394125	0.382877807711208
-1.79840965860499	0.382877827643389
-1.79839614394125	0.382877807711208
-1.79840965860499	0.382877827643389
-1.79840965860499	0.382877827643389
0.155067569950451	0.0290355764553768
1.95988292961267	0.441702177751728
-1.79840965860499	0.382877827643389
-1.79840965860499	0.382877827643389
-1.79839614394125	0.382877807711208
-1.79839614394125	0.382877807711208
-1.14284398403614	0.345169869447138
2.75868832531345	0.765017792149168
0.160813493636874	0.0402291855562724
-1.80123754984197	0.383647112861273
0.154465593370314	0.0289479903375428
-1.79839614394125	0.382877807711208
0.155111385030128	0.0290417527313876
0.154465593370314	0.0289479903375428
-1.79839614394125	0.382877807711208
-1.79839614394125	0.382877807711208
-1.52585303078124	0.541962051097293
-2.57660997484294	0.657538252319339
-1.79840965860499	0.382877827643389
-0.628164901903538	0.15157555358925
0.147510896476738	0.0432547789402825
-2.57968420714322	0.659073447553718
1.95988292961267	0.441702177751728
0.154509067766894	0.0289541162362231
-0.625937070321993	0.151091209012893
-1.1414839653338	0.344622990730584
-1.79840965860499	0.382877827643389
-0.628733247343677	0.151688343674084
-1.79839614394125	0.382877807711208
0.152050960400409	0.028630259939513
0.154465593370314	0.0289479903375428
0.154465593370314	0.0289479903375428
-0.628164901903538	0.15157555358925
-2.5766529574574	0.657773148602288
0.154465593370314	0.0289479903375428
-1.79839614394125	0.382877807711208
-1.79839614394125	0.382877807711208
-1.79840965860499	0.382877827643389
0.950858461556905	0.2491584305819
-1.79839614394125	0.382877807711208
-2.57669595250488	0.657559862268914
-1.79840965860499	0.382877827643389
0.155111385030128	0.0290417527313876
-0.628733247343677	0.151688343674084
0.155067569950451	0.0290355764553768
-1.79840965860499	0.382877827643389
-1.79839614394125	0.382877807711208
0.154509067766894	0.0289541162362231
-0.628733247343677	0.151688343674084
-1.79840965860499	0.382877827643389
-3.4599009305559	1.22709220959572
-0.628599509856641	0.151612619227975
-1.52439405688463	0.541142934209623
0.16045117802105	0.0401558290866076
0.155111385030128	0.0290417527313876
-1.79839614394125	0.382877807711208
-3.08556356757563	0.949512459473102
0.154509067766894	0.0289541162362231
-2.57660997484294	0.657538252319339
-1.79840965860499	0.382877827643389
-1.79840965860499	0.382877827643389
-1.79840965860499	0.382877827643389
-1.52527766014307	0.541726073904961
-1.79839614394125	0.382877807711208
-1.79839614394125	0.382877807711208
-0.628164901903538	0.15157555358925
-2.5766529574574	0.657773148602288
-1.79840965860499	0.382877827643389
-2.57963910438406	0.659061212358043
0.155111385030128	0.0290417527313876
-0.628164901903538	0.15157555358925
-1.79840965860499	0.382877827643389
-2.57968420714322	0.659073447553718
-1.79839614394125	0.382877807711208
-0.631994988626399	0.152498044571477
0.162357836679133	0.0405597098553547
-1.79839614394125	0.382877807711208
-1.14171114622793	0.344693702322242
1.95786695174359	0.441149378722158
2.75868832531345	0.765017792149168
-1.79840965860499	0.382877827643389
3.26345542626113	1.10199860979414
0.155111385030128	0.0290417527313876
0.950858461556905	0.2491584305819
0.154465593370314	0.0289479903375428
0.154509067766894	0.0289541162362231
0.155067569950451	0.0290355764553768
-1.79840965860499	0.382877827643389
0.154465593370314	0.0289479903375428
0.154465593370314	0.0289479903375428
-3.08216231491203	0.947551973079846
-1.1414839653338	0.344622990730584
-2.57660997484294	0.657538252319339
-3.08203048704882	0.947509650360219
-1.80123754984197	0.383647112861273
1.95786695174359	0.441149378722158
-1.79840965860499	0.382877827643389
-1.79839614394125	0.382877807711208
0.948768757521975	0.248549269795159
-1.79840965860499	0.382877827643389
-0.628867026021838	0.151670609188118
0.155111385030128	0.0290417527313876
0.155067569950451	0.0290355764553768
-0.628733247343677	0.151688343674084
0.94820175004088	0.248479682375772
-1.14171114622793	0.344693702322242
-1.79839614394125	0.382877807711208
0.661517102334111	0.207824976675168
-0.628867026021838	0.151670609188118
-1.79840965860499	0.382877827643389
-2.57660997484294	0.657538252319339
-1.79840965860499	0.382877827643389
-2.57669595250488	0.657559862268914
-1.79840965860499	0.382877827643389
-2.57669595250488	0.657559862268914
-1.79839614394125	0.382877807711208
-1.79840965860499	0.382877827643389
-2.5766529574574	0.657773148602288
-1.79840965860499	0.382877827643389
-2.57660997484294	0.657538252319339
0.155111385030128	0.0290417527313876
-0.628299579656606	0.151558046801791
-1.79840965860499	0.382877827643389
-1.79839614394125	0.382877807711208
-1.79839614394125	0.382877807711208
-0.628030265547787	0.151499678636842
-0.789530930804051	0.342214789279307
-0.358848207258787	0.103009197892419
-0.735122504035354	0.250746836229491
-0.738414128880846	0.252090639638632
-0.358264019190404	0.102817613458252
0.950287720870208	0.248999740475732
-0.238517872091775	0.0767343190056563
1.45078261646269	0.478218161496633
-1.69661550867139	0.956574938709399
-2.5766529574574	0.657773148602288
-1.79840965860499	0.382877827643389
-0.354525819937872	0.101778275735803
-1.14499995487719	0.345855392571373
-1.79840965860499	0.382877827643389
0.947770742439721	0.248281535275256
-3.08203048704882	0.947509650360219
0.656014281877058	0.205959668867586
-0.237437039825944	0.0763599123457812
0.144640697621443	0.0425017414545061
0.165103009331824	0.0411253937349734
1.95731570776637	0.441000340195791
-2.57660997484294	0.657538252319339
-1.79840965860499	0.382877827643389
0.154509067766894	0.0289541162362231
-1.79839614394125	0.382877807711208
-1.79839614394125	0.382877807711208
-1.79840965860499	0.382877827643389
-1.79840965860499	0.382877827643389
0.155111385030128	0.0290417527313876
1.95786695174359	0.441149378722158
-1.79839614394125	0.382877807711208
-0.628733247343677	0.151688343674084
-1.79839614394125	0.382877807711208
0.660638687988492	0.207526442563452
-1.52984634403446	0.54376252749597
-1.79840965860499	0.382877827643389
0.154465593370314	0.0289479903375428
0.944504519928106	0.247598335656165
-3.76108876538849	1.48211039032061
1.02338601426445	0.38161996773056
-0.789605168834435	0.342652630123742
-0.746468959039539	0.255084183402722
-0.536101171148354	0.201337796547223
-1.52275201069355	0.540627902821117
-0.0734703854953909	0.0323869114733748
-0.538963433786103	0.202464572078945
-1.29515319796898	0.577477426894068
-1.79840965860499	0.382877827643389
-1.79839614394125	0.382877807711208
-2.58269164924118	0.660244336228982
-2.57968420714322	0.659073447553718
-2.5766529574574	0.657773148602288
-2.57660997484294	0.657538252319339
-2.5766529574574	0.657773148602288
-1.79840965860499	0.382877827643389
-3.46322465260564	1.22963503158779
-0.354815349846941	0.101888689175609
1.44922258720914	0.477763268309402
0.94820175004088	0.248479682375772
0.163185820804974	0.0407257646525502
1.95731570776637	0.441000340195791
-3.08229418357021	0.947231644170671
3.92389000551089	1.70054361221532
2.75580772001712	0.763760469153332
-3.45922605387697	1.22727228815634
0.950998501270056	0.249196467275389
0.154465593370314	0.0289479903375428
-2.57669595250488	0.657559862268914
0.154465593370314	0.0289479903375428
1.95731570776637	0.441000340195791
0.157370411029726	0.0293708256249034
0.656596864428374	0.206190386440451
-1.79839614394125	0.382877807711208
-1.79840965860499	0.382877827643389
2.75580772001712	0.763760469153332
0.157325350109871	0.02936446462458
0.155067569950451	0.0290355764553768
0.653245802516738	0.205089848433872
0.948768757521975	0.248549269795159
0.155067569950451	0.0290355764553768
-1.79839614394125	0.382877807711208
-2.57963910438406	0.659061212358043
-1.79840965860499	0.382877827643389
-0.628599509856641	0.151612619227975
0.154509067766894	0.0289541162362231
1.95731570776637	0.441000340195791
-0.632424041671007	0.152580102364835
-1.79840965860499	0.382877827643389
0.94820175004088	0.248479682375772
-1.79839614394125	0.382877807711208
-1.79839614394125	0.382877807711208
-1.79839614394125	0.382877807711208
-1.79840965860499	0.382877827643389
-1.79839614394125	0.382877807711208
-0.628867026021838	0.151670609188118
2.75868832531345	0.765017792149168
1.95786695174359	0.441149378722158
1.95786695174359	0.441149378722158
-1.80123754984197	0.383647112861273
0.154465593370314	0.0289479903375428
-1.79839614394125	0.382877807711208
-0.355112179440658	0.101904546481095
1.81323362267005	0.702723165703649
0.160813493636874	0.0402291855562724
0.161043695584893	0.0402684742968713
-0.628030265547787	0.151499678636842
-2.57669595250488	0.657559862268914
-3.08203048704882	0.947509650360219
-3.46299441124492	1.22953362528533
-1.14171114622793	0.344693702322242
-2.57660997484294	0.657538252319339
-1.79839614394125	0.382877807711208
-0.628164901903538	0.15157555358925
-1.79840965860499	0.382877827643389
-1.79839614394125	0.382877807711208
-1.79840965860499	0.382877827643389
3.26284822825054	1.10169382604423
-1.79840965860499	0.382877827643389
-1.79840965860499	0.382877827643389
-1.79840965860499	0.382877827643389
-1.79840965860499	0.382877827643389
1.95731570776637	0.441000340195791
-1.79840965860499	0.382877827643389
-1.79839614394125	0.382877807711208
-1.79839614394125	0.382877807711208
-1.79840965860499	0.382877827643389
-2.5766529574574	0.657773148602288
-1.79840965860499	0.382877827643389
-2.57660997484294	0.657538252319339
0.948337549654709	0.248516516252871
1.95731570776637	0.441000340195791
-0.628733247343677	0.151688343674084
0.15144823932183	0.0285426379557898
-1.79840965860499	0.382877827643389
1.95786695174359	0.441149378722158
-1.79839614394125	0.382877807711208
1.95786695174359	0.441149378722158
-1.79839614394125	0.382877807711208
0.157325350109871	0.02936446462458
0.154509067766894	0.0289541162362231
1.95786695174359	0.441149378722158
1.95786695174359	0.441149378722158
-1.80123754984197	0.383647112861273
1.95786695174359	0.441149378722158
-1.79840965860499	0.382877827643389
0.154509067766894	0.0289541162362231
-1.79839614394125	0.382877807711208
-1.79840965860499	0.382877827643389
-2.57669595250488	0.657559862268914
-1.79840965860499	0.382877827643389
0.155111385030128	0.0290417527313876
-1.79839614394125	0.382877807711208
0.155067569950451	0.0290355764553768
0.154465593370314	0.0289479903375428
-1.79839614394125	0.382877807711208
3.26284822825054	1.10169382604423
-1.79839614394125	0.382877807711208
-1.80123754984197	0.383647112861273
-1.79840965860499	0.382877827643389
-1.79839614394125	0.382877807711208
0.948905461162112	0.248586345985544
0.152050960400409	0.028630259939513
-1.79839614394125	0.382877807711208
0.155067569950451	0.0290355764553768
0.155067569950451	0.0290355764553768
-1.79839614394125	0.382877807711208
-1.79839614394125	0.382877807711208
-2.57968420714322	0.659073447553718
-1.80123754984197	0.383647112861273
1.95988292961267	0.441702177751728
-0.626075023442282	0.151167646950723
-1.79839614394125	0.382877807711208
0.154509067766894	0.0289541162362231
-2.57669595250488	0.657559862268914
-1.79839614394125	0.382877807711208
-1.79840965860499	0.382877827643389
-1.79840965860499	0.382877827643389
-3.08216231491203	0.947551973079846
-2.57968420714322	0.659073447553718
-1.79839614394125	0.382877807711208
-1.79839614394125	0.382877807711208
0.157370411029726	0.0293708256249034
0.160221796316651	0.0401166927693931
-0.355104953248248	0.101967480674674
-0.628733247343677	0.151688343674084
-0.628733247343677	0.151688343674084
-1.79840965860499	0.382877827643389
-1.79839614394125	0.382877807711208
0.948768757521975	0.248549269795159
-1.80123754984197	0.383647112861273
-3.08203048704882	0.947509650360219
-1.1414839653338	0.344622990730584
0.945072510336007	0.247668267417156
-1.79840965860499	0.382877827643389
-1.79839614394125	0.382877807711208
-0.632424041671007	0.152580102364835
-1.79840965860499	0.382877827643389
3.26631056571709	1.10328266544307
0.155111385030128	0.0290417527313876
-1.79839614394125	0.382877807711208
-1.79840965860499	0.382877827643389
1.95786695174359	0.441149378722158
1.95786695174359	0.441149378722158
0.155111385030128	0.0290417527313876
-1.1406575104342	0.344234513147494
0.94820175004088	0.248479682375772
-1.79840965860499	0.382877827643389
-0.628164901903538	0.15157555358925
1.95731570776637	0.441000340195791
2.75641316563256	0.763778311858285
-1.80123754984197	0.383647112861273
-2.57669595250488	0.657559862268914
0.157325350109871	0.02936446462458
-1.79839614394125	0.382877807711208
0.155111385030128	0.0290417527313876
1.95731570776637	0.441000340195791
1.95988292961267	0.441702177751728
0.159992352718576	0.0400538861334557
0.15144823932183	0.0285426379557898
-1.79840965860499	0.382877827643389
-1.79840965860499	0.382877827643389
2.75580772001712	0.763760469153332
-1.79839614394125	0.382877807711208
-1.79839614394125	0.382877807711208
0.16045117802105	0.0401558290866076
0.160221796316651	0.0401166927693931
0.154509067766894	0.0289541162362231
-0.628299579656606	0.151558046801791
0.160221796316651	0.0401166927693931
0.154465593370314	0.0289479903375428
0.154509067766894	0.0289541162362231
-2.09282342877292	0.94604006879287
-2.57660997484294	0.657538252319339
0.155067569950451	0.0290355764553768
-1.79839614394125	0.382877807711208
1.95731570776637	0.441000340195791
-1.04687191417195	0.412486748895758
-0.539661343528338	0.202765677037844
-1.52896155531942	0.543366808154917
-1.14111344283696	0.344497381350969
-1.79840965860499	0.382877827643389
-1.79839614394125	0.382877807711208
-2.57669595250488	0.657559862268914
-2.57669595250488	0.657559862268914
-0.35262379016767	0.101278913820777
-3.0857009920368	0.949295045119167
-2.57660997484294	0.657538252319339
-2.57660997484294	0.657538252319339
-1.79840965860499	0.382877827643389
-0.628164901903538	0.15157555358925
-1.14111344283696	0.344497381350969
-0.628867026021838	0.151670609188118
-0.63185471444008	0.152466960619287
0.155067569950451	0.0290355764553768
-1.79839614394125	0.382877807711208
0.154509067766894	0.0289541162362231
2.75520320904554	0.763197913000704
-1.79839614394125	0.382877807711208
-0.736467942319606	0.25123635401307
-1.79839614394125	0.382877807711208
-1.14171114622793	0.344693702322242
-2.5766529574574	0.657773148602288
0.948337549654709	0.248516516252871
1.95786695174359	0.441149378722158
-1.79840965860499	0.382877827643389
-0.628733247343677	0.151688343674084
0.154509067766894	0.0289541162362231
-1.79840965860499	0.382877827643389
1.95988292961267	0.441702177751728
3.26631056571709	1.10328266544307
-1.79839614394125	0.382877807711208
-1.79839614394125	0.382877807711208
-1.79840965860499	0.382877827643389
-1.79839614394125	0.382877807711208
-1.79839614394125	0.382877807711208
-2.58269164924118	0.660244336228982
1.95786695174359	0.441149378722158
-2.5766529574574	0.657773148602288
-1.79839614394125	0.382877807711208
-1.79840965860499	0.382877827643389
0.155067569950451	0.0290355764553768
-1.79840965860499	0.382877827643389
-1.79840965860499	0.382877827643389
-1.79840965860499	0.382877827643389
0.155111385030128	0.0290417527313876
-2.57660997484294	0.657538252319339
2.75580772001712	0.763760469153332
-1.79839614394125	0.382877807711208
-1.79839614394125	0.382877807711208
-2.57660997484294	0.657538252319339
-2.57669595250488	0.657559862268914
-0.628299579656606	0.151558046801791
-1.79840965860499	0.382877827643389
-1.80123754984197	0.383647112861273
-1.79839614394125	0.382877807711208
-0.628164901903538	0.15157555358925
-1.79840965860499	0.382877827643389
0.154465593370314	0.0289479903375428
-1.14193838802885	0.344646219015582
1.95786695174359	0.441149378722158
0.658157600688591	0.206837664845118
-3.08203048704882	0.947509650360219
0.159859477622278	0.0400192334307773
-1.79839614394125	0.382877807711208
-2.5766529574574	0.657773148602288
-2.57669595250488	0.657559862268914
-2.5766529574574	0.657773148602288
1.95731570776637	0.441000340195791
-1.80123754984197	0.383647112861273
-1.79839614394125	0.382877807711208
0.152050960400409	0.028630259939513
-1.79840965860499	0.382877827643389
-1.79840965860499	0.382877827643389
-1.79840965860499	0.382877827643389
-1.80123754984197	0.383647112861273
-1.79839614394125	0.382877807711208
-2.57669595250488	0.657559862268914
0.154509067766894	0.0289541162362231
3.26406378444313	1.10187162962723
-2.57963910438406	0.659061212358043
-0.628733247343677	0.151688343674084
-1.79839614394125	0.382877807711208
-2.57669595250488	0.657559862268914
0.155111385030128	0.0290417527313876
2.75807933893485	0.764710363024488
1.95988292961267	0.441702177751728
1.95786695174359	0.441149378722158
-3.08216231491203	0.947551973079846
1.95731570776637	0.441000340195791
1.95731570776637	0.441000340195791
0.948337549654709	0.248516516252871
1.95988292961267	0.441702177751728
-0.628867026021838	0.151670609188118
-1.79839614394125	0.382877807711208
0.950426851449918	0.249037516760643
-1.79839614394125	0.382877807711208
-0.628164901903538	0.15157555358925
-0.628030265547787	0.151499678636842
1.95731570776637	0.441000340195791
-2.5766529574574	0.657773148602288
0.154509067766894	0.0289541162362231
-1.79839614394125	0.382877807711208
0.950287720870208	0.248999740475732
0.948768757521975	0.248549269795159
0.154465593370314	0.0289479903375428
2.75520320904554	0.763197913000704
-2.5766529574574	0.657773148602288
1.95786695174359	0.441149378722158
-3.08203048704882	0.947509650360219
-1.52896155531942	0.543366808154917
2.75580772001712	0.763760469153332
-0.628867026021838	0.151670609188118
-1.79840965860499	0.382877827643389
-0.358848207258787	0.103009197892419
0.155111385030128	0.0290417527313876
-1.79840965860499	0.382877827643389
-0.631994988626399	0.152498044571477
0.15963091503218	0.0399802605532864
1.95786695174359	0.441149378722158
3.26345542626113	1.10199860979414
-1.79840965860499	0.382877827643389
-3.45945095257726	1.22747869975084
0.948337549654709	0.248516516252871
-1.79839614394125	0.382877807711208
0.160221796316651	0.0401166927693931
1.95786695174359	0.441149378722158
0.159992352718576	0.0400538861334557
1.95786695174359	0.441149378722158
1.95786695174359	0.441149378722158
1.95731570776637	0.441000340195791
-1.80123754984197	0.383647112861273
-2.57968420714322	0.659073447553718
-2.5766529574574	0.657773148602288
-0.628164901903538	0.15157555358925
-0.628733247343677	0.151688343674084
-1.79840965860499	0.382877827643389
0.160221796316651	0.0401166927693931
-1.14171114622793	0.344693702322242
0.163185820804974	0.0407257646525502
0.154465593370314	0.0289479903375428
-0.628299579656606	0.151558046801791
-2.57669595250488	0.657559862268914
-3.08216231491203	0.947551973079846
-1.79840965860499	0.382877827643389
-1.79840965860499	0.382877827643389
-1.79840965860499	0.382877827643389
-1.14171114622793	0.344693702322242
-0.74243876954869	0.25362235352836
-0.352915395102444	0.101358152963712
0.131753666673345	0.0437753507518871
3.63331351050508	1.42008896661082
0.659324643575319	0.207123110468657
0.94820175004088	0.248479682375772
0.658794699245427	0.20676579192552
0.156304884454214	0.0392194704826931
3.26631056571709	1.10328266544307
0.157370411029726	0.0293708256249034
0.663718669460888	0.208457802619674
0.154465593370314	0.0289479903375428
0.155067569950451	0.0290355764553768
-1.79839614394125	0.382877807711208
-1.79840965860499	0.382877827643389
-1.79840965860499	0.382877827643389
-1.80123754984197	0.383647112861273
1.95786695174359	0.441149378722158
0.15144823932183	0.0285426379557898
0.948337549654709	0.248516516252871
0.155067569950451	0.0290355764553768
-0.63185471444008	0.152466960619287
1.95786695174359	0.441149378722158
-0.628164901903538	0.15157555358925
1.95731570776637	0.441000340195791
-1.79840965860499	0.382877827643389
0.157325350109871	0.02936446462458
-0.632563406792844	0.152610991116788
-1.79839614394125	0.382877807711208
-1.14284398403614	0.345169869447138
-1.79839614394125	0.382877807711208
0.160813493636874	0.0402291855562724
0.154509067766894	0.0289541162362231
-2.57963910438406	0.659061212358043
-1.79840965860499	0.382877827643389
0.950287720870208	0.248999740475732
-0.628733247343677	0.151688343674084
-2.5766529574574	0.657773148602288
-1.79839614394125	0.382877807711208
0.948337549654709	0.248516516252871
-1.79840965860499	0.382877827643389
-1.79840965860499	0.382877827643389
-1.79839614394125	0.382877807711208
0.671242260155002	0.308574717990314
1.02567343435987	0.382470463826608
-3.08203048704882	0.947509650360219
1.8138222857108	0.70292085392477
0.140609521820489	0.0413743325045252
0.154465593370314	0.0289479903375428
-1.14583039258107	0.346039770541419
0.154509067766894	0.0289541162362231
0.422520693979278	0.166619271733836
-0.625937070321993	0.151091209012893
-1.79839614394125	0.382877807711208
-1.79840965860499	0.382877827643389
-1.14914601884225	0.347138431595007
-1.1469923118494	0.346453219918088
-2.5766529574574	0.657773148602288
-1.14088544605048	0.344426431780091
0.159402290839324	0.0399177124259514
-1.53356229568948	0.545142396907194
0.154465593370314	0.0289479903375428
-1.1413415008172	0.344450233445194
0.154509067766894	0.0289541162362231
-1.79840965860499	0.382877827643389
-1.79840965860499	0.382877827643389
-2.57669595250488	0.657559862268914
-1.80123754984197	0.383647112861273
-1.79840965860499	0.382877827643389
-1.14111344283696	0.344497381350969
0.131588254721678	0.0495753524376327
-1.14171114622793	0.344693702322242
0.129361611840483	0.0429922432725703
-1.14260761039773	0.345006924269412
0.146670376003709	0.0430346600388633
0.16045117802105	0.0401558290866076
0.424719696521905	0.167520800855861
0.154509067766894	0.0289541162362231
2.76097686654259	0.765783986906631
-1.52674340008464	0.542380499879977
-1.79840965860499	0.382877827643389
-1.83504104592481	0.742292078332567
0.155067569950451	0.0290355764553768
0.157370411029726	0.0293708256249034
-3.45945095257726	1.22747869975084
3.26508709738097	1.10261522135605
0.653540010885453	0.205185988936824
0.154509067766894	0.0289541162362231
-1.79840965860499	0.382877827643389
-1.79840965860499	0.382877827643389
1.95786695174359	0.441149378722158
-0.628733247343677	0.151688343674084
1.95988292961267	0.441702177751728
0.16045117802105	0.0401558290866076
2.75580772001712	0.763760469153332
0.154465593370314	0.0289479903375428
0.155067569950451	0.0290355764553768
-1.79839614394125	0.382877807711208
0.154509067766894	0.0289541162362231
-2.57660997484294	0.657538252319339
-1.79840965860499	0.382877827643389
0.155111385030128	0.0290417527313876
-1.79840965860499	0.382877827643389
-0.169664956250467	0.0607827502330806
-1.14308042190445	0.345158978274606
0.42217472484669	0.16651690753331
1.81323362267005	0.702723165703649
-0.418699120063541	0.174624493913997
-0.582670942875528	0.427929186935215
-0.117957085717499	0.0469570963557836
-0.416119418774553	0.17334263980881
-1.11112767215023	0.766579733783713
0.653826927429073	0.205337088996143
-1.15244311507728	1.00611012412508
-1.29917429595245	0.579864221629977
-0.738670030097319	0.252119567169358
-1.80123754984197	0.383647112861273
-0.355401168227563	0.102014834884787
-1.83597776269255	0.742763952258261
-0.629484725404603	0.301722302378485
-0.41132889398855	0.171302358575038
-1.5292536270854	0.543488048058857
0.155067569950451	0.0290355764553768
-3.08189869996978	0.9470994296719
-2.57669595250488	0.657559862268914
-1.79839614394125	0.382877807711208
-0.628299579656606	0.151558046801791
-2.5766529574574	0.657773148602288
-3.08203048704882	0.947509650360219
0.154311934860129	0.0289593414864238
0.154509067766894	0.0289541162362231
0.16045117802105	0.0401558290866076
-2.5766529574574	0.657773148602288
-2.5766529574574	0.657773148602288
1.95786695174359	0.441149378722158
-1.14193838802885	0.344646219015582
0.155111385030128	0.0290417527313876
-2.57660997484294	0.657538252319339
-1.79839614394125	0.382877807711208
-1.79839614394125	0.382877807711208
0.154465593370314	0.0289479903375428
1.95988292961267	0.441702177751728
1.95988292961267	0.441702177751728
-2.57669595250488	0.657559862268914
-1.79840965860499	0.382877827643389
-2.57669595250488	0.657559862268914
-3.08542618523242	0.949198094742557
-1.79839614394125	0.382877807711208
1.95988292961267	0.441702177751728
-1.80123754984197	0.383647112861273
-0.63185471444008	0.152466960619287
-1.79840965860499	0.382877827643389
0.157370411029726	0.0293708256249034
-0.628599509856641	0.151612619227975
1.95731570776637	0.441000340195791
-1.80123754984197	0.383647112861273
-0.628299579656606	0.151558046801791
-0.628733247343677	0.151688343674084
0.155111385030128	0.0290417527313876
-1.79840965860499	0.382877827643389
-1.79839614394125	0.382877807711208
-1.79839614394125	0.382877807711208
-1.79839614394125	0.382877807711208
-1.79840965860499	0.382877827643389
-2.57669595250488	0.657559862268914
0.154465593370314	0.0289479903375428
0.155111385030128	0.0290417527313876
-1.04163570285521	0.409773247801858
0.155111385030128	0.0290417527313876
-3.08189869996978	0.9470994296719
-0.36349392970535	0.104306676026293
0.139684630056245	0.0411185419267414
2.10286507825917	0.92563188054431
1.95988292961267	0.441702177751728
-1.14950531730286	0.347256013848679
-0.173341415808603	0.0620980411857629
0.51408290047205	0.181384498788784
-1.14088544605048	0.344426431780091
-0.628164901903538	0.15157555358925
-0.628164901903538	0.15157555358925
-2.57669595250488	0.657559862268914
-2.5766529574574	0.657773148602288
-1.79839614394125	0.382877807711208
-0.354519585455166	0.101776151388844
-1.52275201069355	0.540627902821117
-1.80123754984197	0.383647112861273
-2.57669595250488	0.657559862268914
-3.08556356757563	0.949512459473102
-1.79840965860499	0.382877827643389
-1.79839614394125	0.382877807711208
-2.57968420714322	0.659073447553718
-1.79840965860499	0.382877827643389
-1.14523333483643	0.345843348749308
-1.14499995487719	0.345855392571373
-0.539089600210505	0.202542124367007
-0.628164901903538	0.15157555358925
1.95731570776637	0.441000340195791
-1.14088544605048	0.344426431780091
-1.79840965860499	0.382877827643389
0.950858461556905	0.2491584305819
-0.628733247343677	0.151688343674084
0.950858461556905	0.2491584305819
-1.79839614394125	0.382877807711208
-2.57660997484294	0.657538252319339
-1.79840965860499	0.382877827643389
-3.08542618523242	0.949198094742557
-3.08203048704882	0.947509650360219
0.154509067766894	0.0289541162362231
-2.5766529574574	0.657773148602288
0.950998501270056	0.249196467275389
1.95786695174359	0.441149378722158
-1.79839614394125	0.382877807711208
-0.628867026021838	0.151670609188118
2.75520320904554	0.763197913000704
-0.628867026021838	0.151670609188118
0.157325350109871	0.02936446462458
1.95731570776637	0.441000340195791
3.26224218729945	1.1009233569627
-0.63185471444008	0.152466960619287
-1.79840965860499	0.382877827643389
-0.628733247343677	0.151688343674084
0.160813493636874	0.0402291855562724
0.155111385030128	0.0290417527313876
0.155111385030128	0.0290417527313876
-3.08216231491203	0.947551973079846
0.157325350109871	0.02936446462458
-0.628599509856641	0.151612619227975
-0.355979365614545	0.102141358762928
-0.631994988626399	0.152498044571477
-0.167409271163493	0.059935085601386
0.65757421006213	0.206588655278929
-1.52585303078124	0.541962051097293
0.512103476504473	0.180655514559587
-0.329579284453302	0.152316872109509
-0.626075023442282	0.151167646950723
-2.57669595250488	0.657559862268914
-0.352328640216398	0.101201570764145
-1.14111344283696	0.344497381350969
-1.79840965860499	0.382877827643389
-3.08542618523242	0.949198094742557
-1.79840965860499	0.382877827643389
-1.1412568453231	0.344431220445032
-1.79840965860499	0.382877827643389
0.154509067766894	0.0289541162362231
-1.79840965860499	0.382877827643389
-1.79840965860499	0.382877827643389
-3.08556356757563	0.949512459473102
-1.79839614394125	0.382877807711208
-2.5766529574574	0.657773148602288
-0.660436926211724	0.393972569808351
0.94820175004088	0.248479682375772
-0.73955895107728	0.252503873418029
-1.13849635482287	0.34354887893789
-0.354525819937872	0.101778275735803
1.0181042757466	0.379060641594988
-0.555219164063906	0.354388779396207
-0.626075023442282	0.151167646950723
1.95988292961267	0.441702177751728
2.75520320904554	0.763197913000704
1.02536243762998	0.382135939817951
2.75580772001712	0.763760469153332
-2.5766529574574	0.657773148602288
1.55840517604601	0.757272939237287
-2.57669595250488	0.657559862268914
-0.628299579656606	0.151558046801791
0.154509067766894	0.0289541162362231
-0.628164901903538	0.15157555358925
0.154509067766894	0.0289541162362231
-1.79840965860499	0.382877827643389
2.75520320904554	0.763197913000704
-1.79840965860499	0.382877827643389
0.16045117802105	0.0401558290866076
3.26284822825054	1.10169382604423
0.514780733836532	0.181589698987139
-1.79839614394125	0.382877807711208
0.154509067766894	0.0289541162362231
-1.79840965860499	0.382877827643389
0.155111385030128	0.0290417527313876
-0.628867026021838	0.151670609188118
-0.628030265547787	0.151499678636842
-1.79839614394125	0.382877807711208
-1.79839614394125	0.382877807711208
-2.5766529574574	0.657773148602288
-1.79839614394125	0.382877807711208
0.157325350109871	0.02936446462458
-2.5766529574574	0.657773148602288
-0.628733247343677	0.151688343674084
0.155713854733082	0.0390835596706886
-0.632563406792844	0.152610991116788
-0.513087684480647	0.271636701294626
-0.806439883449804	0.440841789370894
0.510440135603011	0.179966436385068
-0.241892151565733	0.0777967682855961
-0.504657345698144	0.266343563170319
-0.2522080068421	0.127382783263308
-0.510418274488785	0.269902179155575
-1.14111344283696	0.344497381350969
-1.79839614394125	0.382877807711208
-0.539089600210505	0.202542124367007
-0.54070401543365	0.203254410003037
-0.359141638818634	0.103112871302961
-0.629906869562113	0.152090136193736
-1.79840965860499	0.382877827643389
-1.79840965860499	0.382877827643389
-1.79840965860499	0.382877827643389
-0.628164901903538	0.15157555358925
-1.79839614394125	0.382877807711208
-2.57660997484294	0.657538252319339
-1.79840965860499	0.382877827643389
-1.79839614394125	0.382877807711208
-1.79840965860499	0.382877827643389
0.154465593370314	0.0289479903375428
-2.57660997484294	0.657538252319339
0.155067569950451	0.0290355764553768
0.155067569950451	0.0290355764553768
-1.79839614394125	0.382877807711208
-2.5766529574574	0.657773148602288
-1.79839614394125	0.382877807711208
-2.58269164924118	0.660244336228982
-1.79839614394125	0.382877807711208
0.157370411029726	0.0293708256249034
-0.63185471444008	0.152466960619287
-0.123853575061694	0.049290177788526
-0.231409214332045	0.0745090449257407
0.154509067766894	0.0289541162362231
-0.355401168227563	0.102014834884787
-1.14583039258107	0.346039770541419
0.669715508406058	0.307763797286233
-0.358264019190404	0.102817613458252
0.144389940892798	0.0424393237157952
1.95988292961267	0.441702177751728
0.950858461556905	0.2491584305819
0.155111385030128	0.0290417527313876
1.31565227991103	0.564944763794614
-0.628733247343677	0.151688343674084
-0.632563406792844	0.152610991116788
-1.79840965860499	0.382877827643389
-2.5766529574574	0.657773148602288
-1.80123754984197	0.383647112861273
-1.14559783756009	0.346052129596875
0.950426851449918	0.249037516760643
1.44391071628385	0.475549251261387
0.16045117802105	0.0401558290866076
-0.625937070321993	0.151091209012893
-0.358848207258787	0.103009197892419
-1.79840965860499	0.382877827643389
2.75807933893485	0.764710363024488
-1.79839614394125	0.382877807711208
1.95731570776637	0.441000340195791
-1.79840965860499	0.382877827643389
3.26508709738097	1.10261522135605
0.154465593370314	0.0289479903375428
0.154509067766894	0.0289541162362231
3.26406378444313	1.10187162962723
0.155067569950451	0.0290355764553768
0.157370411029726	0.0293708256249034
-1.79840965860499	0.382877827643389
-0.632563406792844	0.152610991116788
0.154465593370314	0.0289479903375428
-2.5766529574574	0.657773148602288
0.331230181195349	0.183899859713982
-0.970083159428318	0.599209657562895
-0.972055356140787	0.601260765886067
0.146332921310034	0.0429416898033695
1.04989721959839	0.499092239481372
0.775079704340598	0.461011309448316
-0.806301574475639	0.440102374945707
-2.57669595250488	0.657559862268914
-0.355394630173918	0.102015543768339
-0.414515563910564	0.172670310722692
-1.1414839653338	0.344622990730584
-1.52896155531942	0.543366808154917
-0.628164901903538	0.15157555358925
-1.79839614394125	0.382877807711208
-0.628733247343677	0.151688343674084
-2.57669595250488	0.657559862268914
-1.79839614394125	0.382877807711208
-1.79839614394125	0.382877807711208
-1.79839614394125	0.382877807711208
-2.57669595250488	0.657559862268914
-1.79840965860499	0.382877827643389
-1.79840965860499	0.382877827643389
-2.57963910438406	0.659061212358043
-3.08216231491203	0.947551973079846
-1.79840965860499	0.382877827643389
1.95786695174359	0.441149378722158
-0.632563406792844	0.152610991116788
0.154509067766894	0.0289541162362231
0.948768757521975	0.248549269795159
-1.79840965860499	0.382877827643389
0.155067569950451	0.0290355764553768
0.510399267871221	0.17998283956174
1.95786695174359	0.441149378722158
0.658448437247608	0.206865271021461
-2.5766529574574	0.657773148602288
-1.14536534536015	0.34589005605433
-1.79839614394125	0.382877807711208
-1.79840965860499	0.382877827643389
-1.79840965860499	0.382877827643389
0.15820382838182	0.0396092897578142
-2.57968420714322	0.659073447553718
-2.5766529574574	0.657773148602288
-2.57669595250488	0.657559862268914
-1.79839614394125	0.382877807711208
-0.628164901903538	0.15157555358925
-1.79840965860499	0.382877827643389
-1.79840965860499	0.382877827643389
1.95786695174359	0.441149378722158
-1.79839614394125	0.382877807711208
-1.79840965860499	0.382877827643389
-1.79839614394125	0.382877807711208
-2.57963910438406	0.659061212358043
0.154509067766894	0.0289541162362231
-0.63185471444008	0.152466960619287
-1.1447666380351	0.34569313996721
-2.57968420714322	0.659073447553718
-2.5766529574574	0.657773148602288
-1.79839614394125	0.382877807711208
0.15144823932183	0.0285426379557898
-0.356367399040958	0.102345848061694
-1.14559783756009	0.346052129596875
-1.14111344283696	0.344497381350969
1.02363521199244	0.381873400117373
0.948905461162112	0.248586345985544
-2.5766529574574	0.657773148602288
1.02304894811125	0.381607715308403
-0.628867026021838	0.151670609188118
1.95786695174359	0.441149378722158
-0.625937070321993	0.151091209012893
-2.5766529574574	0.657773148602288
0.155067569950451	0.0290355764553768
-3.08216231491203	0.947551973079846
-0.631994988626399	0.152498044571477
-0.632563406792844	0.152610991116788
0.159859477622278	0.0400192334307773
0.15144823932183	0.0285426379557898
-2.5766529574574	0.657773148602288
-1.79839614394125	0.382877807711208
0.155067569950451	0.0290355764553768
-1.79840965860499	0.382877827643389
0.160221796316651	0.0401166927693931
-1.79840965860499	0.382877827643389
-0.628164901903538	0.15157555358925
-1.79839614394125	0.382877807711208
-2.57669595250488	0.657559862268914
-1.04290235412753	0.410559570501728
-0.364075191310441	0.104431351921358
3.26795444532845	1.10381433627613
3.26284822825054	1.10169382604423
3.26569824690609	1.10327543173781
0.154465593370314	0.0289479903375428
2.75580772001712	0.763760469153332
-0.628030265547787	0.151499678636842
0.948337549654709	0.248516516252871
0.160221796316651	0.0401166927693931
-1.79839614394125	0.382877807711208
-1.80123754984197	0.383647112861273
-1.79839614394125	0.382877807711208
-0.236072750277141	0.0759464812223969
-1.79840965860499	0.382877827643389
-2.57669595250488	0.657559862268914
-1.79839614394125	0.382877807711208
1.95988292961267	0.441702177751728
-1.79840965860499	0.382877827643389
-2.57968420714322	0.659073447553718
-2.57660997484294	0.657538252319339
0.154509067766894	0.0289541162362231
1.95786695174359	0.441149378722158
-0.632563406792844	0.152610991116788
0.154509067766894	0.0289541162362231
-1.79839614394125	0.382877807711208
-0.629906869562113	0.152090136193736
-1.14914601884225	0.347138431595007
1.95988292961267	0.441702177751728
3.26224218729945	1.1009233569627
-2.57669595250488	0.657559862268914
-1.52439405688463	0.541142934209623
0.420151022258527	0.16557864218888
1.44839669376933	0.477459847846965
-3.46679196715223	1.23130500663502
-1.79839614394125	0.382877807711208
1.95731570776637	0.441000340195791
-1.80123754984197	0.383647112861273
-1.79839614394125	0.382877807711208
1.95988292961267	0.441702177751728
1.95786695174359	0.441149378722158
0.155111385030128	0.0290417527313876
-0.628299579656606	0.151558046801791
0.15144823932183	0.0285426379557898
-2.57660997484294	0.657538252319339
-2.57660997484294	0.657538252319339
0.155067569950451	0.0290355764553768
-2.57660997484294	0.657538252319339
-0.628030265547787	0.151499678636842
0.157370411029726	0.0293708256249034
-1.79840965860499	0.382877827643389
-2.57669595250488	0.657559862268914
-1.79839614394125	0.382877807711208
0.155111385030128	0.0290417527313876
0.15963091503218	0.0399802605532864
1.95988292961267	0.441702177751728
0.155111385030128	0.0290417527313876
1.95786695174359	0.441149378722158
2.75868832531345	0.765017792149168
-3.08216231491203	0.947551973079846
-1.79839614394125	0.382877807711208
0.154465593370314	0.0289479903375428
-0.63185471444008	0.152466960619287
0.154465593370314	0.0289479903375428
-1.79839614394125	0.382877807711208
-1.79839614394125	0.382877807711208
-1.79840965860499	0.382877827643389
-2.57660997484294	0.657538252319339
-0.626075023442282	0.151167646950723
-1.79840965860499	0.382877827643389
-0.628867026021838	0.151670609188118
1.95786695174359	0.441149378722158
-1.79840965860499	0.382877827643389
-1.79840965860499	0.382877827643389
-3.08203048704882	0.947509650360219
-1.79839614394125	0.382877807711208
0.155067569950451	0.0290355764553768
-1.83105982818556	0.740099638711398
-3.45922605387697	1.22727228815634
-1.79839614394125	0.382877807711208
2.75520320904554	0.763197913000704
-0.628599509856641	0.151612619227975
0.653540010885453	0.205185988936824
-0.628030265547787	0.151499678636842
0.155067569950451	0.0290355764553768
-0.359725191866461	0.103238313016327
-1.04687191417195	0.412486748895758
-1.79839614394125	0.382877807711208
-0.747395384530406	0.255291285535185
-3.76108876538849	1.48211039032061
-1.14111344283696	0.344497381350969
-1.80123754984197	0.383647112861273
-0.628733247343677	0.151688343674084
-2.57660997484294	0.657538252319339
-1.80123754984197	0.383647112861273
-1.79839614394125	0.382877807711208
0.15963091503218	0.0399802605532864
-1.79839614394125	0.382877807711208
-1.79839614394125	0.382877807711208
-3.46276423195498	1.22902448571158
-1.79839614394125	0.382877807711208
-2.57669595250488	0.657559862268914
-1.13872731243543	0.343741383764358
0.155067569950451	0.0290355764553768
1.95731570776637	0.441000340195791
1.95731570776637	0.441000340195791
-2.57963910438406	0.659061212358043
-2.5766529574574	0.657773148602288
-2.57669595250488	0.657559862268914
-1.79839614394125	0.382877807711208
-1.79839614394125	0.382877807711208
-1.79840965860499	0.382877827643389
0.154509067766894	0.0289541162362231
-3.08203048704882	0.947509650360219
-1.79840965860499	0.382877827643389
-2.57660997484294	0.657538252319339
2.75868832531345	0.765017792149168
-1.79839614394125	0.382877807711208
-1.79839614394125	0.382877807711208
0.15963091503218	0.0399802605532864
0.159402290839324	0.0399177124259514
-1.14088544605048	0.344426431780091
-0.628733247343677	0.151688343674084
-0.632424041671007	0.152580102364835
-3.08229418357021	0.947231644170671
1.45078261646269	0.478218161496633
1.95731570776637	0.441000340195791
1.95786695174359	0.441149378722158
-1.80123754984197	0.383647112861273
-1.79839614394125	0.382877807711208
-1.79839614394125	0.382877807711208
-0.355979365614545	0.102141358762928
0.15144823932183	0.0285426379557898
0.154311934860129	0.0289593414864238
0.154509067766894	0.0289541162362231
-0.628164901903538	0.15157555358925
-1.79840965860499	0.382877827643389
0.157370411029726	0.0293708256249034
-2.5766529574574	0.657773148602288
0.154465593370314	0.0289479903375428
-0.628030265547787	0.151499678636842
-1.79840965860499	0.382877827643389
-1.79840965860499	0.382877827643389
-0.245190781440017	0.0788498782296321
-2.5766529574574	0.657773148602288
0.160221796316651	0.0401166927693931
-0.628733247343677	0.151688343674084
2.75520320904554	0.763197913000704
1.95786695174359	0.441149378722158
2.75641316563256	0.763778311858285
-1.80123754984197	0.383647112861273
-1.79840965860499	0.382877827643389
1.95731570776637	0.441000340195791
-1.79839614394125	0.382877807711208
-2.5766529574574	0.657773148602288
-1.79839614394125	0.382877807711208
1.45138090115721	0.478568850670936
0.154509067766894	0.0289541162362231
-2.57660997484294	0.657538252319339
-1.79840965860499	0.382877827643389
-0.628030265547787	0.151499678636842
-2.57660997484294	0.657538252319339
-1.79839614394125	0.382877807711208
0.155111385030128	0.0290417527313876
-0.741763882242001	0.253307934106881
-1.79840965860499	0.382877827643389
-1.80123754984197	0.383647112861273
-1.79840965860499	0.382877827643389
-0.628299579656606	0.151558046801791
-1.79839614394125	0.382877807711208
1.95786695174359	0.441149378722158
-1.79840965860499	0.382877827643389
-1.79839614394125	0.382877807711208
-1.79840965860499	0.382877827643389
-1.14523333483643	0.345843348749308
-0.628164901903538	0.15157555358925
-1.79839614394125	0.382877807711208
-1.79839614394125	0.382877807711208
-1.14111344283696	0.344497381350969
-2.57669595250488	0.657559862268914
-1.79839614394125	0.382877807711208
-1.79839614394125	0.382877807711208
-2.57669595250488	0.657559862268914
-1.79840965860499	0.382877827643389
-1.13895833229548	0.343813220888229
-1.83099487872884	0.740025429797688
-1.79839614394125	0.382877807711208
-1.79839614394125	0.382877807711208
-2.57963910438406	0.659061212358043
-3.08203048704882	0.947509650360219
-1.79840965860499	0.382877827643389
-1.79839614394125	0.382877807711208
-1.14088544605048	0.344426431780091
-3.45945095257726	1.22747869975084
-3.08203048704882	0.947509650360219
-2.57963910438406	0.659061212358043
-1.79840965860499	0.382877827643389
-2.5766529574574	0.657773148602288
0.945072510336007	0.247668267417156
-0.738670030097319	0.252119567169358
-0.737745529684395	0.251848226779474
0.157325350109871	0.02936446462458
-3.08203048704882	0.947509650360219
0.160221796316651	0.0401166927693931
2.75580772001712	0.763760469153332
0.947635845528227	0.248244973505163
-3.08542618523242	0.949198094742557
0.660638687988492	0.207526442563452
-1.79839614394125	0.382877807711208
-1.79839614394125	0.382877807711208
-0.628733247343677	0.151688343674084
-2.5766529574574	0.657773148602288
0.947635845528227	0.248244973505163
-0.358848207258787	0.103009197892419
-2.57669595250488	0.657559862268914
-1.79840965860499	0.382877827643389
-2.57660997484294	0.657538252319339
0.155067569950451	0.0290355764553768
-2.57660997484294	0.657538252319339
-0.626075023442282	0.151167646950723
-1.79840965860499	0.382877827643389
-2.5766529574574	0.657773148602288
-1.80123754984197	0.383647112861273
-1.79839614394125	0.382877807711208
-2.57963910438406	0.659061212358043
-2.57669595250488	0.657559862268914
-1.52896155531942	0.543366808154917
0.650348410925067	0.204075615297835
-1.04431250676144	0.411172957447673
0.947635845528227	0.248244973505163
-2.5766529574574	0.657773148602288
-0.355112179440658	0.101904546481095
-0.237734534646551	0.0765149348263535
0.948337549654709	0.248516516252871
-2.0887702850993	0.943580524590739
-1.79840965860499	0.382877827643389
-2.57660997484294	0.657538252319339
-1.79839614394125	0.382877807711208
-1.1414839653338	0.344622990730584
-1.79840965860499	0.382877827643389
-1.79840965860499	0.382877827643389
0.659032459281836	0.207041754611057
-1.80123754984197	0.383647112861273
-1.79839614394125	0.382877807711208
-1.79840965860499	0.382877827643389
-0.628030265547787	0.151499678636842
-1.79840965860499	0.382877827643389
-1.79840965860499	0.382877827643389
-1.79839614394125	0.382877807711208
-1.79839614394125	0.382877807711208
-1.80123754984197	0.383647112861273
-3.46322465260564	1.22963503158779
0.138533784789969	0.0664565050595254
-1.04232764455762	0.41013375079511
0.147848686423209	0.0433479015633612
-1.1414839653338	0.344622990730584
1.95731570776637	0.441000340195791
0.12382847897004	0.0412596497824574
-3.08912772662777	0.951015235110598
-0.632424041671007	0.152580102364835
1.95731570776637	0.441000340195791
-0.632424041671007	0.152580102364835
1.95731570776637	0.441000340195791
1.04424975463849	0.495554192271584
-1.79840965860499	0.382877827643389
2.75520320904554	0.763197913000704
0.15963091503218	0.0399802605532864
-1.79840965860499	0.382877827643389
-1.79839614394125	0.382877807711208
-0.355401168227563	0.102014834884787
-1.79840965860499	0.382877827643389
-1.79840965860499	0.382877827643389
-1.79840965860499	0.382877827643389
0.948337549654709	0.248516516252871
-0.631994988626399	0.152498044571477
-3.08216231491203	0.947551973079846
0.155111385030128	0.0290417527313876
0.948905461162112	0.248586345985544
-1.79840965860499	0.382877827643389
-1.13872731243543	0.343741383764358
-2.57669595250488	0.657559862268914
0.157325350109871	0.02936446462458
-3.08229418357021	0.947231644170671
0.948905461162112	0.248586345985544
0.131682648363566	0.0437604593152334
-1.00015786784563	0.494168908292225
-1.14111344283696	0.344497381350969
-0.744181789627878	0.254179651745662
1.0238833519431	0.381787644807647
-1.79840965860499	0.382877827643389
-1.04313192494267	0.410517747694466
-1.52304226528151	0.540703452519057
-1.79840965860499	0.382877827643389
-1.79840965860499	0.382877827643389
-3.08189869996978	0.9470994296719
-1.79840965860499	0.382877827643389
-1.13872731243543	0.343741383764358
-1.80123754984197	0.383647112861273
0.154465593370314	0.0289479903375428
-2.5766529574574	0.657773148602288
-1.79839614394125	0.382877807711208
0.154465593370314	0.0289479903375428
-1.79839614394125	0.382877807711208
-1.14111344283696	0.344497381350969
-0.356656967234746	0.102398272590581
-0.629763239673253	0.152058330338803
0.950287720870208	0.248999740475732
0.157370411029726	0.0293708256249034
0.161043695584893	0.0402684742968713
-3.08203048704882	0.947509650360219
2.75868832531345	0.765017792149168
0.156304884454214	0.0392194704826931
-1.14523333483643	0.345843348749308
0.154465593370314	0.0289479903375428
0.945072510336007	0.247668267417156
-1.79839614394125	0.382877807711208
-1.79839614394125	0.382877807711208
0.948337549654709	0.248516516252871
-1.79839614394125	0.382877807711208
0.155067569950451	0.0290355764553768
-1.79839614394125	0.382877807711208
-1.79840965860499	0.382877827643389
0.156661115950913	0.0392800358899383
-2.5766529574574	0.657773148602288
-2.5766529574574	0.657773148602288
-1.79839614394125	0.382877807711208
-2.57669595250488	0.657559862268914
-1.79839614394125	0.382877807711208
-2.5766529574574	0.657773148602288
0.155111385030128	0.0290417527313876
0.154465593370314	0.0289479903375428
-1.79839614394125	0.382877807711208
-0.629763239673253	0.152058330338803
-2.57963910438406	0.659061212358043
-1.79840965860499	0.382877827643389
-1.52954577316989	0.543451783402332
-2.57669595250488	0.657559862268914
-2.57669595250488	0.657559862268914
-2.57660997484294	0.657538252319339
0.154509067766894	0.0289541162362231
-0.628733247343677	0.151688343674084
-2.57963910438406	0.659061212358043
-1.79840965860499	0.382877827643389
-3.08542618523242	0.949198094742557
-3.08203048704882	0.947509650360219
0.950426851449918	0.249037516760643
-0.356952421866901	0.102502236157484
-0.63185471444008	0.152466960619287
1.95786695174359	0.441149378722158
0.943937640725668	0.24736392993685
-1.79840965860499	0.382877827643389
0.948337549654709	0.248516516252871
-1.14499995487719	0.345855392571373
-1.79840965860499	0.382877827643389
0.152050960400409	0.028630259939513
0.156661115950913	0.0392800358899383
0.155067569950451	0.0290355764553768
-1.79839614394125	0.382877807711208
-1.79840965860499	0.382877827643389
-1.14111344283696	0.344497381350969
0.154509067766894	0.0289541162362231
-0.628299579656606	0.151558046801791
-1.79840965860499	0.382877827643389
-1.79840965860499	0.382877827643389
-0.358848207258787	0.103009197892419
0.154465593370314	0.0289479903375428
-1.79839614394125	0.382877807711208
-1.14111344283696	0.344497381350969
-1.80123754984197	0.383647112861273
0.154509067766894	0.0289541162362231
0.948905461162112	0.248586345985544
-2.57669595250488	0.657559862268914
-1.79840965860499	0.382877827643389
-2.57660997484294	0.657538252319339
-1.79840965860499	0.382877827643389
-2.5766529574574	0.657773148602288
-1.79839614394125	0.382877807711208
-1.79840965860499	0.382877827643389
-1.79839614394125	0.382877807711208
-1.79840965860499	0.382877827643389
-1.79840965860499	0.382877827643389
0.157325350109871	0.02936446462458
-1.52984634403446	0.54376252749597
-1.14088544605048	0.344426431780091
-1.52527766014307	0.541726073904961
0.155067569950451	0.0290355764553768
-1.79839614394125	0.382877807711208
-1.52556530925699	0.541887546993991
-1.79839614394125	0.382877807711208
3.26631056571709	1.10328266544307
-1.79839614394125	0.382877807711208
-1.80123754984197	0.383647112861273
-1.79839614394125	0.382877807711208
-2.5766529574574	0.657773148602288
-2.57669595250488	0.657559862268914
0.155067569950451	0.0290355764553768
1.95786695174359	0.441149378722158
1.95731570776637	0.441000340195791
1.95731570776637	0.441000340195791
1.95786695174359	0.441149378722158
0.155111385030128	0.0290417527313876
2.75580772001712	0.763760469153332
1.95786695174359	0.441149378722158
1.95731570776637	0.441000340195791
1.95786695174359	0.441149378722158
0.15144823932183	0.0285426379557898
-2.57660997484294	0.657538252319339
-2.57963910438406	0.659061212358043
-1.79840965860499	0.382877827643389
-1.14111344283696	0.344497381350969
-1.79840965860499	0.382877827643389
-1.79839614394125	0.382877807711208
-2.58269164924118	0.660244336228982
0.154465593370314	0.0289479903375428
0.152050960400409	0.028630259939513
0.94820175004088	0.248479682375772
-1.79840965860499	0.382877827643389
-1.79840965860499	0.382877827643389
-1.79839614394125	0.382877807711208
-2.5766529574574	0.657773148602288
-2.5766529574574	0.657773148602288
-1.79839614394125	0.382877807711208
-2.57669595250488	0.657559862268914
0.155713854733082	0.0390835596706886
-1.79839614394125	0.382877807711208
-3.08203048704882	0.947509650360219
-0.354519585455166	0.101776151388844
-3.45945095257726	1.22747869975084
-1.80123754984197	0.383647112861273
-1.79839614394125	0.382877807711208
-2.57963910438406	0.659061212358043
1.95731570776637	0.441000340195791
0.162719274583833	0.0406219991153643
-0.628867026021838	0.151670609188118
0.157370411029726	0.0293708256249034
-0.628733247343677	0.151688343674084
-1.79840965860499	0.382877827643389
1.44958631087756	0.477702557005987
1.95731570776637	0.441000340195791
0.660638687988492	0.207526442563452
1.95731570776637	0.441000340195791
0.948337549654709	0.248516516252871
1.95786695174359	0.441149378722158
1.95786695174359	0.441149378722158
0.154465593370314	0.0289479903375428
-1.79840965860499	0.382877827643389
1.95988292961267	0.441702177751728
0.16045117802105	0.0401558290866076
-0.628733247343677	0.151688343674084
0.154509067766894	0.0289541162362231
2.75580772001712	0.763760469153332
-0.628164901903538	0.15157555358925
-1.79840965860499	0.382877827643389
-1.79839614394125	0.382877807711208
-2.57669595250488	0.657559862268914
-1.14088544605048	0.344426431780091
-2.5766529574574	0.657773148602288
-3.45967591146264	1.22746502283364
-2.5766529574574	0.657773148602288
0.152050960400409	0.028630259939513
-1.80123754984197	0.383647112861273
0.155111385030128	0.0290417527313876
-1.79840965860499	0.382877827643389
0.155111385030128	0.0290417527313876
0.160813493636874	0.0402291855562724
-0.63185471444008	0.152466960619287
-1.80123754984197	0.383647112861273
-0.629906869562113	0.152090136193736
-0.628299579656606	0.151558046801791
0.146922191196889	0.0431076767472804
2.75520320904554	0.763197913000704
0.155111385030128	0.0290417527313876
-0.739003822726622	0.252222384495429
0.943937640725668	0.24736392993685
-1.79840965860499	0.382877827643389
-2.57669595250488	0.657559862268914
-2.57669595250488	0.657559862268914
-1.79840965860499	0.382877827643389
-1.14171114622793	0.344693702322242
-1.79840965860499	0.382877827643389
-1.1414839653338	0.344622990730584
0.695887395472241	0.455465983952709
0.131814043124596	0.0438161720723548
-0.63185471444008	0.152466960619287
0.947770742439721	0.248281535275256
3.26631056571709	1.10328266544307
-1.79840965860499	0.382877827643389
1.44839669376933	0.477459847846965
0.154509067766894	0.0289541162362231
-0.628164901903538	0.15157555358925
0.154465593370314	0.0289479903375428
-0.628867026021838	0.151670609188118
-0.354815349846941	0.101888689175609
-1.13872731243543	0.343741383764358
1.95786695174359	0.441149378722158
-1.79840965860499	0.382877827643389
-1.79840965860499	0.382877827643389
-1.79839614394125	0.382877807711208
-2.5766529574574	0.657773148602288
2.75520320904554	0.763197913000704
-1.79840965860499	0.382877827643389
-0.628733247343677	0.151688343674084
0.948337549654709	0.248516516252871
-2.5766529574574	0.657773148602288
-1.79839614394125	0.382877807711208
-4.01193246433531	1.72463037714346
-1.79839614394125	0.382877807711208
-0.354525819937872	0.101778275735803
-1.79840965860499	0.382877827643389
-2.57669595250488	0.657559862268914
-1.79839614394125	0.382877807711208
0.15144823932183	0.0285426379557898
1.95786695174359	0.441149378722158
-1.79840965860499	0.382877827643389
-2.57669595250488	0.657559862268914
0.155111385030128	0.0290417527313876
-1.83504104592481	0.742292078332567
2.75807933893485	0.764710363024488
3.63331351050508	1.42008896661082
1.95786695174359	0.441149378722158
0.154509067766894	0.0289541162362231
0.157325350109871	0.02936446462458
0.950426851449918	0.249037516760643
-1.18054210061732	0.657967863762949
-1.05155424706667	0.414505634920334
-1.14260761039773	0.345006924269412
-1.80123754984197	0.383647112861273
-1.79839614394125	0.382877807711208
-1.79839614394125	0.382877807711208
-1.79840965860499	0.382877827643389
1.95988292961267	0.441702177751728
-2.57669595250488	0.657559862268914
0.159402290839324	0.0399177124259514
0.155067569950451	0.0290355764553768
-1.14193838802885	0.344646219015582
0.155111385030128	0.0290417527313876
0.155111385030128	0.0290417527313876
-1.79839614394125	0.382877807711208
-1.14171114622793	0.344693702322242
-1.53326666156506	0.545110963407603
-1.79840965860499	0.382877827643389
-1.79839614394125	0.382877807711208
-0.628733247343677	0.151688343674084
-1.80123754984197	0.383647112861273
-1.1412568453231	0.344431220445032
-1.79839614394125	0.382877807711208
-1.79839614394125	0.382877807711208
-1.80123754984197	0.383647112861273
-1.79839614394125	0.382877807711208
-1.79840965860499	0.382877827643389
0.155111385030128	0.0290417527313876
-0.628599509856641	0.151612619227975
-1.14499995487719	0.345855392571373
1.95786695174359	0.441149378722158
-0.628599509856641	0.151612619227975
1.95731570776637	0.441000340195791
-0.628733247343677	0.151688343674084
-3.08229418357021	0.947231644170671
-1.79840965860499	0.382877827643389
-1.52614082474697	0.541895090059418
0.953104063529892	0.24967071820883
-1.79840965860499	0.382877827643389
-2.57660997484294	0.657538252319339
-1.79839614394125	0.382877807711208
-1.79839614394125	0.382877807711208
-1.79839614394125	0.382877807711208
0.155067569950451	0.0290355764553768
-4.01591566480886	1.72772177589649
-3.0857009920368	0.949295045119167
-1.79839614394125	0.382877807711208
1.95786695174359	0.441149378722158
2.75641316563256	0.763778311858285
-1.79840965860499	0.382877827643389
0.155111385030128	0.0290417527313876
-1.80123754984197	0.383647112861273
2.75580772001712	0.763760469153332
-2.57660997484294	0.657538252319339
-1.14111344283696	0.344497381350969
-0.628599509856641	0.151612619227975
-1.79839614394125	0.382877807711208
-1.79840965860499	0.382877827643389
-1.79839614394125	0.382877807711208
-1.79839614394125	0.382877807711208
-3.08229418357021	0.947231644170671
-0.629906869562113	0.152090136193736
-1.80123754984197	0.383647112861273
-0.63185471444008	0.152466960619287
0.155111385030128	0.0290417527313876
-1.79839614394125	0.382877807711208
0.152050960400409	0.028630259939513
0.155067569950451	0.0290355764553768
-0.631994988626399	0.152498044571477
-1.79840965860499	0.382877827643389
-0.628867026021838	0.151670609188118
-1.79840965860499	0.382877827643389
0.950287720870208	0.248999740475732
1.44862736407577	0.477555630338169
-1.79839614394125	0.382877807711208
-1.79839614394125	0.382877807711208
-2.5766529574574	0.657773148602288
-0.628164901903538	0.15157555358925
-2.57660997484294	0.657538252319339
0.154465593370314	0.0289479903375428
-3.08203048704882	0.947509650360219
-3.08216231491203	0.947551973079846
-1.79840965860499	0.382877827643389
-0.628030265547787	0.151499678636842
-1.79839614394125	0.382877807711208
0.154465593370314	0.0289479903375428
0.154509067766894	0.0289541162362231
-1.79839614394125	0.382877807711208
-3.08189869996978	0.9470994296719
-1.79839614394125	0.382877807711208
-1.80123754984197	0.383647112861273
-1.79839614394125	0.382877807711208
-1.79840965860499	0.382877827643389
-1.79840965860499	0.382877827643389
-2.57660997484294	0.657538252319339
-3.08203048704882	0.947509650360219
-1.79840965860499	0.382877827643389
-0.628599509856641	0.151612619227975
-1.79840965860499	0.382877827643389
0.152050960400409	0.028630259939513
-2.57963910438406	0.659061212358043
-0.628867026021838	0.151670609188118
2.75641316563256	0.763778311858285
0.155067569950451	0.0290355764553768
0.947635845528227	0.248244973505163
1.44839669376933	0.477459847846965
-0.358848207258787	0.103009197892419
0.156896734628332	0.0393320207188234
0.160221796316651	0.0401166927693931
2.75868832531345	0.765017792149168
-0.631994988626399	0.152498044571477
0.155111385030128	0.0290417527313876
-2.5766529574574	0.657773148602288
-2.57660997484294	0.657538252319339
-2.57968420714322	0.659073447553718
-1.79839614394125	0.382877807711208
0.154509067766894	0.0289541162362231
-0.628299579656606	0.151558046801791
-2.5766529574574	0.657773148602288
-1.79839614394125	0.382877807711208
-1.80123754984197	0.383647112861273
0.160221796316651	0.0401166927693931
0.944504519928106	0.247598335656165
0.947770742439721	0.248281535275256
-3.08229418357021	0.947231644170671
-1.79840965860499	0.382877827643389
-2.5766529574574	0.657773148602288
-2.57669595250488	0.657559862268914
-1.80123754984197	0.383647112861273
-1.79840965860499	0.382877827643389
0.155067569950451	0.0290355764553768
-1.79839614394125	0.382877807711208
-2.57963910438406	0.659061212358043
-1.79839614394125	0.382877807711208
-2.57660997484294	0.657538252319339
-2.57968420714322	0.659073447553718
-1.79839614394125	0.382877807711208
0.154509067766894	0.0289541162362231
-0.626075023442282	0.151167646950723
-0.628164901903538	0.15157555358925
-1.79839614394125	0.382877807711208
-1.79840965860499	0.382877827643389
-0.628164901903538	0.15157555358925
-1.1414839653338	0.344622990730584
0.94820175004088	0.248479682375772
-2.5766529574574	0.657773148602288
0.143467885183021	0.0421790290070851
0.950998501270056	0.249196467275389
0.16045117802105	0.0401558290866076
0.94820175004088	0.248479682375772
-1.79840965860499	0.382877827643389
-0.35569023027487	0.10209347470967
-0.628030265547787	0.151499678636842
-3.0857009920368	0.949295045119167
-3.46299441124492	1.22953362528533
-1.79840965860499	0.382877827643389
-2.5766529574574	0.657773148602288
0.154509067766894	0.0289541162362231
-0.354519585455166	0.101776151388844
-0.628733247343677	0.151688343674084
-1.79840965860499	0.382877827643389
-2.57669595250488	0.657559862268914
-2.5766529574574	0.657773148602288
-1.79839614394125	0.382877807711208
-1.79839614394125	0.382877807711208
-3.08189869996978	0.9470994296719
1.01868988091969	0.379571940690884
0.15144823932183	0.0285426379557898
0.943937640725668	0.24736392993685
0.154465593370314	0.0289479903375428
-0.628164901903538	0.15157555358925
0.948905461162112	0.248586345985544
-0.628164901903538	0.15157555358925
0.155067569950451	0.0290355764553768
0.154509067766894	0.0289541162362231
-2.57669595250488	0.657559862268914
-0.628030265547787	0.151499678636842
-0.628164901903538	0.15157555358925
-1.79840965860499	0.382877827643389
-1.79839614394125	0.382877807711208
-1.79839614394125	0.382877807711208
-0.628733247343677	0.151688343674084
-0.628733247343677	0.151688343674084
-0.628299579656606	0.151558046801791
-2.5766529574574	0.657773148602288
-1.79839614394125	0.382877807711208
-2.57963910438406	0.659061212358043
-1.79840965860499	0.382877827643389
0.94820175004088	0.248479682375772
0.160221796316651	0.0401166927693931
1.95988292961267	0.441702177751728
-1.14193838802885	0.344646219015582
-3.46299441124492	1.22953362528533
0.155067569950451	0.0290355764553768
0.160221796316651	0.0401166927693931
-0.628733247343677	0.151688343674084
-0.629763239673253	0.152058330338803
2.75580772001712	0.763760469153332
3.26284822825054	1.10169382604423
0.15963091503218	0.0399802605532864
0.948337549654709	0.248516516252871
1.44450447975593	0.475941549703467
0.157370411029726	0.0293708256249034
-0.358264019190404	0.102817613458252
-3.45922605387697	1.22727228815634
-1.79839614394125	0.382877807711208
0.157370411029726	0.0293708256249034
0.162357836679133	0.0405597098553547
-1.79839614394125	0.382877807711208
0.154509067766894	0.0289541162362231
-0.628164901903538	0.15157555358925
-3.08556356757563	0.949512459473102
0.658157600688591	0.206837664845118
0.154509067766894	0.0289541162362231
-1.13872731243543	0.343741383764358
-1.79839614394125	0.382877807711208
-0.62621301873586	0.15115097520137
0.145227337337459	0.0426443607563146
-2.57963910438406	0.659061212358043
0.154465593370314	0.0289479903375428
-0.628164901903538	0.15157555358925
-2.5766529574574	0.657773148602288
-0.628299579656606	0.151558046801791
0.154509067766894	0.0289541162362231
0.162125356869158	0.0404960611383205
0.15144823932183	0.0285426379557898
0.155067569950451	0.0290355764553768
-3.08556356757563	0.949512459473102
0.156070095129669	0.0391676647119387
-1.79840965860499	0.382877827643389
-1.79839614394125	0.382877807711208
-1.80123754984197	0.383647112861273
-1.80123754984197	0.383647112861273
-1.79840965860499	0.382877827643389
-3.08203048704882	0.947509650360219
-2.5766529574574	0.657773148602288
-2.57963910438406	0.659061212358043
0.161043695584893	0.0402684742968713
-0.353207074434312	0.101406886597049
-0.625937070321993	0.151091209012893
0.154465593370314	0.0289479903375428
0.800380368072435	0.329168985697583
-2.5766529574574	0.657773148602288
2.75520320904554	0.763197913000704
0.127436205712794	0.0424074206930577
-0.359725191866461	0.103238313016327
-0.625937070321993	0.151091209012893
2.10080345028195	0.924400736993524
-0.351744415353914	0.1010114930848
0.948337549654709	0.248516516252871
-4.23376817757738	1.97077097194121
0.660054375205789	0.207294450910716
-0.628164901903538	0.15157555358925
-0.11512189478062	0.0458130318128354
-3.45945095257726	1.22747869975084
-1.79840965860499	0.382877827643389
-2.57660997484294	0.657538252319339
-2.57963910438406	0.659061212358043
-1.13872731243543	0.343741383764358
3.63565166019344	1.42132833477826
3.26224218729945	1.1009233569627
0.155067569950451	0.0290355764553768
0.155111385030128	0.0290417527313876
-1.79839614394125	0.382877807711208
0.155111385030128	0.0290417527313876
-1.79840965860499	0.382877827643389
0.155067569950451	0.0290355764553768
-1.79839614394125	0.382877807711208
-3.08216231491203	0.947551973079846
-1.79839614394125	0.382877807711208
-1.79840965860499	0.382877827643389
-1.79839614394125	0.382877807711208
0.15144823932183	0.0285426379557898
-0.628733247343677	0.151688343674084
0.155111385030128	0.0290417527313876
0.950287720870208	0.248999740475732
-1.79840965860499	0.382877827643389
-0.628030265547787	0.151499678636842
-2.57660997484294	0.657538252319339
-0.628299579656606	0.151558046801791
-1.79839614394125	0.382877807711208
0.947770742439721	0.248281535275256
0.132951093876262	0.0441757525557606
-2.5766529574574	0.657773148602288
-1.79839614394125	0.382877807711208
3.26284822825054	1.10169382604423
1.44862736407577	0.477555630338169
-1.79839614394125	0.382877807711208
-2.5766529574574	0.657773148602288
1.4480329582247	0.477161868008032
-2.57963910438406	0.659061212358043
1.95786695174359	0.441149378722158
-0.628733247343677	0.151688343674084
-1.79839614394125	0.382877807711208
0.155111385030128	0.0290417527313876
-1.14111344283696	0.344497381350969
-2.57660997484294	0.657538252319339
-1.79840965860499	0.382877827643389
-1.79840965860499	0.382877827643389
0.16045117802105	0.0401558290866076
0.154465593370314	0.0289479903375428
-1.79839614394125	0.382877807711208
-1.79840965860499	0.382877827643389
-1.79840965860499	0.382877827643389
0.154465593370314	0.0289479903375428
-0.628164901903538	0.15157555358925
0.152050960400409	0.028630259939513
-1.79840965860499	0.382877827643389
0.161043695584893	0.0402684742968713
2.75520320904554	0.763197913000704
-1.79839614394125	0.382877807711208
-1.79840965860499	0.382877827643389
0.155067569950451	0.0290355764553768
-0.359141638818634	0.103112871302961
-2.57669595250488	0.657559862268914
-1.79840965860499	0.382877827643389
1.95786695174359	0.441149378722158
-2.5766529574574	0.657773148602288
-2.57669595250488	0.657559862268914
0.154509067766894	0.0289541162362231
-3.08229418357021	0.947231644170671
-1.14583039258107	0.346039770541419
-2.57660997484294	0.657538252319339
-1.79839614394125	0.382877807711208
-0.628299579656606	0.151558046801791
0.154509067766894	0.0289541162362231
2.75580772001712	0.763760469153332
-3.08203048704882	0.947509650360219
1.95786695174359	0.441149378722158
-2.57968420714322	0.659073447553718
1.95988292961267	0.441702177751728
1.95786695174359	0.441149378722158
1.95786695174359	0.441149378722158
-1.80123754984197	0.383647112861273
-1.79840965860499	0.382877827643389
-1.79840965860499	0.382877827643389
-0.628030265547787	0.151499678636842
-0.3523322595973	0.101168276473444
-2.5766529574574	0.657773148602288
0.15963091503218	0.0399802605532864
3.26631056571709	1.10328266544307
1.95731570776637	0.441000340195791
-1.79840965860499	0.382877827643389
-3.08556356757563	0.949512459473102
-0.628733247343677	0.151688343674084
0.154465593370314	0.0289479903375428
0.155111385030128	0.0290417527313876
-1.79840965860499	0.382877827643389
0.155111385030128	0.0290417527313876
0.160813493636874	0.0402291855562724
1.95786695174359	0.441149378722158
0.947770742439721	0.248281535275256
-1.79840965860499	0.382877827643389
1.95786695174359	0.441149378722158
-1.52525862148376	0.541687313963439
0.154465593370314	0.0289479903375428
-1.14088544605048	0.344426431780091
0.659032459281836	0.207041754611057
-3.76894933168033	1.48672161607666
-2.5766529574574	0.657773148602288
1.95786695174359	0.441149378722158
1.95786695174359	0.441149378722158
-2.57660997484294	0.657538252319339
1.95731570776637	0.441000340195791
1.95731570776637	0.441000340195791
-1.79839614394125	0.382877807711208
-1.79839614394125	0.382877807711208
-1.79839614394125	0.382877807711208
-3.08216231491203	0.947551973079846
-2.57660997484294	0.657538252319339
-2.57963910438406	0.659061212358043
-1.79840965860499	0.382877827643389
-1.79840965860499	0.382877827643389
-0.628030265547787	0.151499678636842
0.157325350109871	0.02936446462458
-1.79839614394125	0.382877807711208
0.159992352718576	0.0400538861334557
-3.08189869996978	0.9470994296719
-0.628599509856641	0.151612619227975
1.95731570776637	0.441000340195791
-1.79839614394125	0.382877807711208
0.159859477622278	0.0400192334307773
-1.79840965860499	0.382877827643389
0.156304884454214	0.0392194704826931
0.94820175004088	0.248479682375772
0.155111385030128	0.0290417527313876
3.26284822825054	1.10169382604423
0.950858461556905	0.2491584305819
2.75807933893485	0.764710363024488
1.45174463580423	0.478561109172125
-3.46299441124492	1.22953362528533
0.154465593370314	0.0289479903375428
1.95731570776637	0.441000340195791
3.26345542626113	1.10199860979414
-3.76894933168033	1.48672161607666
0.156070095129669	0.0391676647119387
1.95731570776637	0.441000340195791
2.75641316563256	0.763778311858285
-1.14559783756009	0.346052129596875
0.155067569950451	0.0290355764553768
-0.355104953248248	0.101967480674674
-1.79840965860499	0.382877827643389
-2.5766529574574	0.657773148602288
-3.0857009920368	0.949295045119167
0.155111385030128	0.0290417527313876
0.165103009331824	0.0411253937349734
-2.57669595250488	0.657559862268914
-3.08203048704882	0.947509650360219
-1.79839614394125	0.382877807711208
2.75641316563256	0.763778311858285
2.75868832531345	0.765017792149168
-1.79840965860499	0.382877827643389
-2.5766529574574	0.657773148602288
-0.628164901903538	0.15157555358925
0.163185820804974	0.0407257646525502
-1.79840965860499	0.382877827643389
-1.79839614394125	0.382877807711208
1.95731570776637	0.441000340195791
2.75580772001712	0.763760469153332
0.159859477622278	0.0400192334307773
-0.238649881872283	0.0768149363688191
-0.628299579656606	0.151558046801791
0.155067569950451	0.0290355764553768
0.146922191196889	0.0431076767472804
-1.1413415008172	0.344450233445194
-1.14523333483643	0.345843348749308
1.95731570776637	0.441000340195791
-0.35262379016767	0.101278913820777
0.155111385030128	0.0290417527313876
-1.79840965860499	0.382877827643389
0.154509067766894	0.0289541162362231
-2.57669595250488	0.657559862268914
-1.79840965860499	0.382877827643389
-1.79840965860499	0.382877827643389
0.155067569950451	0.0290355764553768
-1.79840965860499	0.382877827643389
0.15144823932183	0.0285426379557898
-1.79840965860499	0.382877827643389
2.75580772001712	0.763760469153332
1.95786695174359	0.441149378722158
0.155067569950451	0.0290355764553768
-1.79839614394125	0.382877807711208
-1.79840965860499	0.382877827643389
0.157370411029726	0.0293708256249034
2.75580772001712	0.763760469153332
0.154509067766894	0.0289541162362231
1.95731570776637	0.441000340195791
0.157325350109871	0.02936446462458
0.15963091503218	0.0399802605532864
1.13985128939467	1.29578304339047
-0.354809804669678	0.101824397658975
0.943937640725668	0.24736392993685
1.95786695174359	0.441149378722158
-2.57963910438406	0.659061212358043
1.44839669376933	0.477459847846965
-1.14171114622793	0.344693702322242
0.669887108825485	0.308252439258341
0.670479674423801	0.308592907557702
-0.0810739659369847	0.0356571318766008
-0.396460690593055	0.275452707828328
-1.04418706517305	0.411112263748397
-1.79840965860499	0.382877827643389
0.155111385030128	0.0290417527313876
-2.57963910438406	0.659061212358043
1.95786695174359	0.441149378722158
-1.79839614394125	0.382877807711208
-1.79840965860499	0.382877827643389
-1.79839614394125	0.382877807711208
0.658449623497539	0.206846818911275
2.75520320904554	0.763197913000704
1.95988292961267	0.441702177751728
1.95786695174359	0.441149378722158
-1.80123754984197	0.383647112861273
-0.539089600210505	0.202542124367007
-0.354519585455166	0.101776151388844
3.63331351050508	1.42008896661082
1.95988292961267	0.441702177751728
2.75641316563256	0.763778311858285
0.163185820804974	0.0407257646525502
2.10286507825917	0.92563188054431
-0.15035337114389	0.0856970191136993
-0.341539128861427	0.20732696242964
0.163970815094869	0.0945196363183455
-0.555270271834524	0.35484158367503
-1.51604839819474	0.764413651947134
0.154509067766894	0.0289541162362231
0.154509067766894	0.0289541162362231
0.947163829875457	0.248276694926132
-0.628733247343677	0.151688343674084
1.95731570776637	0.441000340195791
-1.79840965860499	0.382877827643389
0.154465593370314	0.0289479903375428
-1.79840965860499	0.382877827643389
-1.79839614394125	0.382877807711208
1.95786695174359	0.441149378722158
1.95786695174359	0.441149378722158
-2.57660997484294	0.657538252319339
-1.79840965860499	0.382877827643389
-3.0857009920368	0.949295045119167
-1.79839614394125	0.382877807711208
-1.79839614394125	0.382877807711208
2.75580772001712	0.763760469153332
-3.08229418357021	0.947231644170671
-1.1412568453231	0.344431220445032
-2.57660997484294	0.657538252319339
-0.628599509856641	0.151612619227975
1.95731570776637	0.441000340195791
0.155067569950451	0.0290355764553768
1.31253456967921	0.563091330038175
-0.738002720964575	0.251779850607704
0.656894206098884	0.206287716765961
0.15212683666691	0.0382614485850816
-3.08203048704882	0.947509650360219
-0.628164901903538	0.15157555358925
-2.57660997484294	0.657538252319339
-1.79839614394125	0.382877807711208
-1.79839614394125	0.382877807711208
-2.57968420714322	0.659073447553718
-3.08542618523242	0.949198094742557
-0.628867026021838	0.151670609188118
-0.628733247343677	0.151688343674084
0.154509067766894	0.0289541162362231
-1.79840965860499	0.382877827643389
-2.5766529574574	0.657773148602288
-1.80123754984197	0.383647112861273
0.94820175004088	0.248479682375772
-1.79839614394125	0.382877807711208
-1.79839614394125	0.382877807711208
0.155111385030128	0.0290417527313876
-3.08203048704882	0.947509650360219
-1.80123754984197	0.383647112861273
0.155111385030128	0.0290417527313876
0.155067569950451	0.0290355764553768
0.154465593370314	0.0289479903375428
2.75580772001712	0.763760469153332
0.154465593370314	0.0289479903375428
-0.738079783119958	0.251987608125061
-0.628164901903538	0.15157555358925
-0.236420091117799	0.0760498926963215
1.81633531763119	0.703887329894944
0.15963091503218	0.0399802605532864
0.800732484930354	0.329422357686243
1.95731570776637	0.441000340195791
0.512600050895113	0.18073388148523
-0.628030265547787	0.151499678636842
-1.79840965860499	0.382877827643389
-2.5766529574574	0.657773148602288
-2.57660997484294	0.657538252319339
-0.632563406792844	0.152610991116788
-0.628733247343677	0.151688343674084
-0.632563406792844	0.152610991116788
-1.52246182960607	0.540465661800635
-3.08216231491203	0.947551973079846
0.159992352718576	0.0400538861334557
-2.5766529574574	0.657773148602288
-1.79840965860499	0.382877827643389
0.155067569950451	0.0290355764553768
-1.79840965860499	0.382877827643389
-3.08542618523242	0.949198094742557
0.154509067766894	0.0289541162362231
1.95988292961267	0.441702177751728
-1.1414839653338	0.344622990730584
-1.14111344283696	0.344497381350969
-0.628164901903538	0.15157555358925
-0.628733247343677	0.151688343674084
1.44839669376933	0.477459847846965
-1.1414839653338	0.344622990730584
2.75580772001712	0.763760469153332
2.75520320904554	0.763197913000704
0.654408135649179	0.205512311863459
1.95786695174359	0.441149378722158
0.15963091503218	0.0399802605532864
0.162719274583833	0.0406219991153643
0.155067569950451	0.0290355764553768
-2.57660997484294	0.657538252319339
-1.80123754984197	0.383647112861273
-1.79840965860499	0.382877827643389
-1.79839614394125	0.382877807711208
-1.79839614394125	0.382877807711208
-1.79840965860499	0.382877827643389
-1.79839614394125	0.382877807711208
-2.5766529574574	0.657773148602288
0.155111385030128	0.0290417527313876
0.154509067766894	0.0289541162362231
-1.79839614394125	0.382877807711208
0.155111385030128	0.0290417527313876
-1.79840965860499	0.382877827643389
-1.79840965860499	0.382877827643389
0.155067569950451	0.0290355764553768
0.160221796316651	0.0401166927693931
-2.57669595250488	0.657559862268914
-1.52525862148376	0.541687313963439
0.154509067766894	0.0289541162362231
0.94820175004088	0.248479682375772
-1.79839614394125	0.382877807711208
-0.628299579656606	0.151558046801791
1.95786695174359	0.441149378722158
-3.08203048704882	0.947509650360219
0.154509067766894	0.0289541162362231
-1.14111344283696	0.344497381350969
-2.57968420714322	0.659073447553718
-0.238300485260816	0.0767056206772632
-2.5766529574574	0.657773148602288
-1.80123754984197	0.383647112861273
-1.79839614394125	0.382877807711208
-1.79840965860499	0.382877827643389
-2.57669595250488	0.657559862268914
-1.79840965860499	0.382877827643389
-1.79840965860499	0.382877827643389
-0.628599509856641	0.151612619227975
-2.57660997484294	0.657538252319339
-0.354815349846941	0.101888689175609
0.154509067766894	0.0289541162362231
-1.14523333483643	0.345843348749308
0.94820175004088	0.248479682375772
0.65757421006213	0.206588655278929
-1.1412568453231	0.344431220445032
-3.08203048704882	0.947509650360219
0.160221796316651	0.0401166927693931
-0.628599509856641	0.151612619227975
0.16045117802105	0.0401558290866076
0.159992352718576	0.0400538861334557
-3.45945095257726	1.22747869975084
-2.5766529574574	0.657773148602288
3.26345542626113	1.10199860979414
0.157370411029726	0.0293708256249034
-0.355104953248248	0.101967480674674
-0.632424041671007	0.152580102364835
0.155067569950451	0.0290355764553768
-2.5766529574574	0.657773148602288
-1.80123754984197	0.383647112861273
-1.14111344283696	0.344497381350969
-1.14111344283696	0.344497381350969
-2.57669595250488	0.657559862268914
0.154509067766894	0.0289541162362231
0.154465593370314	0.0289479903375428
-0.628164901903538	0.15157555358925
-1.14088544605048	0.344426431780091
0.947635845528227	0.248244973505163
0.152050960400409	0.028630259939513
-1.52468217246603	0.541450953371581
0.154465593370314	0.0289479903375428
-1.79839614394125	0.382877807711208
-0.628733247343677	0.151688343674084
-0.738748567012076	0.252134640052989
-0.353939368265063	0.101586834148653
0.147510896476738	0.0432547789402825
-3.4599009305559	1.22709220959572
-1.14111344283696	0.344497381350969
-1.80123754984197	0.383647112861273
0.162357836679133	0.0405597098553547
-0.628164901903538	0.15157555358925
-2.57660997484294	0.657538252319339
-1.80123754984197	0.383647112861273
-2.5766529574574	0.657773148602288
-1.14171114622793	0.344693702322242
-2.57963910438406	0.659061212358043
0.155067569950451	0.0290355764553768
1.81604086904786	0.704001590638153
0.94820175004088	0.248479682375772
0.154465593370314	0.0289479903375428
-2.57660997484294	0.657538252319339
-0.628164901903538	0.15157555358925
0.950858461556905	0.2491584305819
1.95786695174359	0.441149378722158
0.160813493636874	0.0402291855562724
0.948337549654709	0.248516516252871
0.947770742439721	0.248281535275256
0.155111385030128	0.0290417527313876
-3.08556356757563	0.949512459473102
-1.79840965860499	0.382877827643389
0.162357836679133	0.0405597098553547
-1.79840965860499	0.382877827643389
-1.79840965860499	0.382877827643389
-1.79840965860499	0.382877827643389
0.155067569950451	0.0290355764553768
-1.14193838802885	0.344646219015582
1.95988292961267	0.441702177751728
0.94820175004088	0.248479682375772
3.92516768334333	1.70097969958265
-2.57660997484294	0.657538252319339
-2.57660997484294	0.657538252319339
-3.08556356757563	0.949512459473102
-1.79839614394125	0.382877807711208
0.154509067766894	0.0289541162362231
-0.16719037374262	0.0598638290738506
-1.52468217246603	0.541450953371581
-1.79839614394125	0.382877807711208
-1.79840965860499	0.382877827643389
0.155111385030128	0.0290417527313876
-1.80123754984197	0.383647112861273
-1.79840965860499	0.382877827643389
-2.5766529574574	0.657773148602288
-1.79839614394125	0.382877807711208
-1.79839614394125	0.382877807711208
-1.79840965860499	0.382877827643389
-1.79839614394125	0.382877807711208
-1.79839614394125	0.382877807711208
-1.79839614394125	0.382877807711208
-3.08912772662777	0.951015235110598
-2.57660997484294	0.657538252319339
0.155111385030128	0.0290417527313876
-1.79840965860499	0.382877827643389
-2.57669595250488	0.657559862268914
0.514998191803244	0.181676716913907
0.154509067766894	0.0289541162362231
0.509738797084365	0.17970407358381
0.950287720870208	0.248999740475732
-1.80123754984197	0.383647112861273
0.152050960400409	0.028630259939513
1.45114635521655	0.478471348903038
0.157325350109871	0.02936446462458
1.95731570776637	0.441000340195791
-1.79839614394125	0.382877807711208
-1.79840965860499	0.382877827643389
-1.79839614394125	0.382877807711208
-1.79839614394125	0.382877807711208
-1.79840965860499	0.382877827643389
-1.80123754984197	0.383647112861273
-1.79839614394125	0.382877807711208
-1.79840965860499	0.382877827643389
-1.14523333483643	0.345843348749308
-1.79840965860499	0.382877827643389
-0.354815349846941	0.101888689175609
-1.79840965860499	0.382877827643389
-1.79840965860499	0.382877827643389
0.155111385030128	0.0290417527313876
-0.234659925712008	0.0755339906287207
-2.57660997484294	0.657538252319339
-1.79840965860499	0.382877827643389
-1.04255649350425	0.410401789740815
-1.79840965860499	0.382877827643389
0.15144823932183	0.0285426379557898
0.157370411029726	0.0293708256249034
0.155111385030128	0.0290417527313876
0.155111385030128	0.0290417527313876
-1.1447666380351	0.34569313996721
-1.79839614394125	0.382877807711208
-1.79840965860499	0.382877827643389
-1.79840965860499	0.382877827643389
-1.79839614394125	0.382877807711208
-1.14171114622793	0.344693702322242
-1.79840965860499	0.382877827643389
-1.79840965860499	0.382877827643389
-1.79839614394125	0.382877807711208
-2.57669595250488	0.657559862268914
-2.57968420714322	0.659073447553718
-0.626075023442282	0.151167646950723
-1.79840965860499	0.382877827643389
-1.79840965860499	0.382877827643389
0.155067569950451	0.0290355764553768
-0.628030265547787	0.151499678636842
-3.08229418357021	0.947231644170671
-3.46322465260564	1.22963503158779
-0.628164901903538	0.15157555358925
0.950858461556905	0.2491584305819
0.948768757521975	0.248549269795159
-0.63185471444008	0.152466960619287
0.161043695584893	0.0402684742968713
0.94820175004088	0.248479682375772
0.946592090327999	0.248117976822064
-2.57660997484294	0.657538252319339
1.95786695174359	0.441149378722158
-0.628164901903538	0.15157555358925
-1.79839614394125	0.382877807711208
-1.80123754984197	0.383647112861273
-1.79839614394125	0.382877807711208
-2.5766529574574	0.657773148602288
-1.79839614394125	0.382877807711208
-2.57963910438406	0.659061212358043
0.157370411029726	0.0293708256249034
-2.57660997484294	0.657538252319339
-1.79840965860499	0.382877827643389
-1.79839614394125	0.382877807711208
-2.57660997484294	0.657538252319339
-1.79839614394125	0.382877807711208
-3.08216231491203	0.947551973079846
-2.58269164924118	0.660244336228982
-0.358848207258787	0.103009197892419
-1.79839614394125	0.382877807711208
0.141195201809473	0.0415167743660916
0.159859477622278	0.0400192334307773
2.34214413722098	1.14880500240653
0.948905461162112	0.248586345985544
0.154509067766894	0.0289541162362231
-0.628599509856641	0.151612619227975
-1.79839614394125	0.382877807711208
-1.79840965860499	0.382877827643389
-1.79839614394125	0.382877807711208
0.154465593370314	0.0289479903375428
-1.79839614394125	0.382877807711208
2.75580772001712	0.763760469153332
2.75520320904554	0.763197913000704
-1.79840965860499	0.382877827643389
0.156661115950913	0.0392800358899383
-1.79839614394125	0.382877807711208
-3.08229418357021	0.947231644170671
0.154465593370314	0.0289479903375428
-1.14499995487719	0.345855392571373
-1.1414839653338	0.344622990730584
-1.79839614394125	0.382877807711208
-1.52275201069355	0.540627902821117
0.154509067766894	0.0289541162362231
0.800942292103537	0.329468782128631
0.947635845528227	0.248244973505163
0.658157600688591	0.206837664845118
0.144640697621443	0.0425017414545061
1.95731570776637	0.441000340195791
0.162125356869158	0.0404960611383205
-1.14559783756009	0.346052129596875
-1.80123754984197	0.383647112861273
0.154509067766894	0.0289541162362231
-1.1412568453231	0.344431220445032
-1.79839614394125	0.382877807711208
-1.79839614394125	0.382877807711208
-2.57660997484294	0.657538252319339
-1.79839614394125	0.382877807711208
-1.79839614394125	0.382877807711208
-0.628733247343677	0.151688343674084
-1.79840965860499	0.382877827643389
-2.5766529574574	0.657773148602288
-1.79839614394125	0.382877807711208
-1.1413415008172	0.344450233445194
-0.628299579656606	0.151558046801791
-1.79839614394125	0.382877807711208
-1.79840965860499	0.382877827643389
0.162125356869158	0.0404960611383205
-2.5766529574574	0.657773148602288
0.160221796316651	0.0401166927693931
1.95786695174359	0.441149378722158
0.162719274583833	0.0406219991153643
2.75580772001712	0.763760469153332
-3.08912772662777	0.951015235110598
0.94820175004088	0.248479682375772
-0.636281951781153	0.153487716090317
-0.628867026021838	0.151670609188118
-1.79839614394125	0.382877807711208
-1.80123754984197	0.383647112861273
0.154465593370314	0.0289479903375428
1.95731570776637	0.441000340195791
-0.628164901903538	0.15157555358925
-1.14284398403614	0.345169869447138
0.154509067766894	0.0289541162362231
-1.79839614394125	0.382877807711208
0.154311934860129	0.0289593414864238
-1.79840965860499	0.382877827643389
-1.80123754984197	0.383647112861273
-3.46299441124492	1.22953362528533
-1.79839614394125	0.382877807711208
-1.79839614394125	0.382877807711208
-1.79840965860499	0.382877827643389
0.155067569950451	0.0290355764553768
1.81264504950119	0.702404900566408
0.15963091503218	0.0399802605532864
-1.14523333483643	0.345843348749308
0.154465593370314	0.0289479903375428
0.511315925469962	0.180318053690652
0.15547989361324	0.039031965106125
-2.5766529574574	0.657773148602288
0.154509067766894	0.0289541162362231
-0.626075023442282	0.151167646950723
-3.45922605387697	1.22727228815634
-1.79839614394125	0.382877807711208
-1.79839614394125	0.382877807711208
-1.52468217246603	0.541450953371581
-2.57660997484294	0.657538252319339
-0.628599509856641	0.151612619227975
-0.628599509856641	0.151612619227975
-1.1414839653338	0.344622990730584
-1.79839614394125	0.382877807711208
-1.79840965860499	0.382877827643389
-1.79839614394125	0.382877807711208
-1.79840965860499	0.382877827643389
-1.79839614394125	0.382877807711208
-3.08216231491203	0.947551973079846
-1.79840965860499	0.382877827643389
-1.80123754984197	0.383647112861273
-1.79839614394125	0.382877807711208
-1.80123754984197	0.383647112861273
-1.79839614394125	0.382877807711208
-1.79840965860499	0.382877827643389
-1.79839614394125	0.382877807711208
-3.0857009920368	0.949295045119167
-0.62621301873586	0.15115097520137
-1.14088544605048	0.344426431780091
0.160221796316651	0.0401166927693931
1.02533495299364	0.382457756692076
-1.52674340008464	0.542380499879977
0.154465593370314	0.0289479903375428
-0.628599509856641	0.151612619227975
-1.79840965860499	0.382877827643389
0.155111385030128	0.0290417527313876
-3.45967591146264	1.22746502283364
1.95786695174359	0.441149378722158
-0.632424041671007	0.152580102364835
-0.626075023442282	0.151167646950723
-2.5766529574574	0.657773148602288
-1.79839614394125	0.382877807711208
0.154509067766894	0.0289541162362231
0.154509067766894	0.0289541162362231
-2.57660997484294	0.657538252319339
-1.79840965860499	0.382877827643389
-0.632424041671007	0.152580102364835
2.75641316563256	0.763778311858285
-3.45945095257726	1.22747869975084
-1.79840965860499	0.382877827643389
-1.79840965860499	0.382877827643389
0.154465593370314	0.0289479903375428
-1.79840965860499	0.382877827643389
-3.08216231491203	0.947551973079846
-1.80123754984197	0.383647112861273
-1.79840965860499	0.382877827643389
-1.79839614394125	0.382877807711208
-0.628299579656606	0.151558046801791
-1.79840965860499	0.382877827643389
-1.52585303078124	0.541962051097293
-1.79839614394125	0.382877807711208
0.154465593370314	0.0289479903375428
1.45114635521655	0.478471348903038
0.948337549654709	0.248516516252871
-1.52556530925699	0.541887546993991
-0.628867026021838	0.151670609188118
-0.737824274342293	0.251781339210884
-0.628164901903538	0.15157555358925
-3.08203048704882	0.947509650360219
0.660932155782147	0.207694635746326
2.75520320904554	0.763197913000704
-2.57660997484294	0.657538252319339
0.154509067766894	0.0289541162362231
3.63629792702422	1.42164529184574
-1.79840965860499	0.382877827643389
-0.628599509856641	0.151612619227975
-0.628733247343677	0.151688343674084
-1.79839614394125	0.382877807711208
-1.79839614394125	0.382877807711208
-1.79839614394125	0.382877807711208
-1.79839614394125	0.382877807711208
-1.79839614394125	0.382877807711208
-1.79839614394125	0.382877807711208
-1.79839614394125	0.382877807711208
-1.79840965860499	0.382877827643389
-2.57968420714322	0.659073447553718
-2.57669595250488	0.657559862268914
-0.35569023027487	0.10209347470967
-1.79840965860499	0.382877827643389
-1.14111344283696	0.344497381350969
-1.79839614394125	0.382877807711208
-1.52525862148376	0.541687313963439
-1.80123754984197	0.383647112861273
-0.632563406792844	0.152610991116788
-3.08556356757563	0.949512459473102
0.162719274583833	0.0406219991153643
-2.57669595250488	0.657559862268914
-0.538963433786103	0.202464572078945
1.95786695174359	0.441149378722158
1.95988292961267	0.441702177751728
-1.79840965860499	0.382877827643389
1.95786695174359	0.441149378722158
1.31473628244331	0.564270657565622
-1.14171114622793	0.344693702322242
-0.628733247343677	0.151688343674084
-0.352036490485324	0.101122204058746
-2.08460819785075	0.94084287548003
0.155067569950451	0.0290355764553768
0.154465593370314	0.0289479903375428
0.155067569950451	0.0290355764553768
-2.57669595250488	0.657559862268914
-1.79840965860499	0.382877827643389
-2.57660997484294	0.657538252319339
-1.79840965860499	0.382877827643389
-3.0857009920368	0.949295045119167
-1.79840965860499	0.382877827643389
-2.57660997484294	0.657538252319339
0.155067569950451	0.0290355764553768
-3.08203048704882	0.947509650360219
-1.79840965860499	0.382877827643389
-2.5766529574574	0.657773148602288
-1.1406575104342	0.344234513147494
0.155111385030128	0.0290417527313876
-1.04347763338354	0.410675434748757
-1.13918941442725	0.343767291351689
-0.356656967234746	0.102398272590581
0.154465593370314	0.0289479903375428
-0.628030265547787	0.151499678636842
0.948905461162112	0.248586345985544
0.160813493636874	0.0402291855562724
0.159992352718576	0.0400538861334557
-2.5766529574574	0.657773148602288
-1.83571376784154	0.742355297253328
-1.14088544605048	0.344426431780091
3.26569824690609	1.10327543173781
0.661225548064972	0.20772290984652
0.157325350109871	0.02936446462458
-1.5292536270854	0.543488048058857
-0.628733247343677	0.151688343674084
-0.358852053011674	0.102979336804101
1.95786695174359	0.441149378722158
-1.79840965860499	0.382877827643389
-2.5766529574574	0.657773148602288
-1.79840965860499	0.382877827643389
-1.79839614394125	0.382877807711208
-2.57660997484294	0.657538252319339
-2.5766529574574	0.657773148602288
-1.79839614394125	0.382877807711208
-1.79840965860499	0.382877827643389
-1.69368543283268	0.954207038668379
0.160813493636874	0.0402291855562724
3.6326714041979	1.41965046916025
-1.79839614394125	0.382877807711208
0.154465593370314	0.0289479903375428
-1.79839614394125	0.382877807711208
0.154465593370314	0.0289479903375428
-0.355394630173918	0.102015543768339
-1.1413415008172	0.344450233445194
0.944504519928106	0.247598335656165
0.94820175004088	0.248479682375772
-1.1414839653338	0.344622990730584
0.948768757521975	0.248549269795159
-0.736467942319606	0.25123635401307
0.154465593370314	0.0289479903375428
-2.5766529574574	0.657773148602288
-1.79840965860499	0.382877827643389
-1.79839614394125	0.382877807711208
-1.79840965860499	0.382877827643389
-1.79840965860499	0.382877827643389
-3.08216231491203	0.947551973079846
-2.57669595250488	0.657559862268914
-3.08203048704882	0.947509650360219
-1.79839614394125	0.382877807711208
-2.57669595250488	0.657559862268914
0.157325350109871	0.02936446462458
0.160221796316651	0.0401166927693931
2.75807933893485	0.764710363024488
-1.79840965860499	0.382877827643389
-1.1414839653338	0.344622990730584
-1.52614082474697	0.541895090059418
0.157370411029726	0.0293708256249034
0.948337549654709	0.248516516252871
-3.08216231491203	0.947551973079846
-1.14974325164212	0.347335128550777
-1.79840965860499	0.382877827643389
-0.628867026021838	0.151670609188118
-0.354519585455166	0.101776151388844
-1.79839614394125	0.382877807711208
-0.63185471444008	0.152466960619287
-1.79839614394125	0.382877807711208
0.159402290839324	0.0399177124259514
-0.23899936488781	0.076906393395764
-2.57669595250488	0.657559862268914
-1.79840965860499	0.382877827643389
-1.79840965860499	0.382877827643389
-1.79840965860499	0.382877827643389
0.154509067766894	0.0289541162362231
-0.355104953248248	0.101967480674674
-1.13895833229548	0.343813220888229
0.950426851449918	0.249037516760643
-1.80123754984197	0.383647112861273
2.75641316563256	0.763778311858285
-1.79840965860499	0.382877827643389
-0.628867026021838	0.151670609188118
-1.1414839653338	0.344622990730584
-1.52955481711501	0.543641482939636
-1.79840965860499	0.382877827643389
-1.79840965860499	0.382877827643389
-1.79840965860499	0.382877827643389
-0.628733247343677	0.151688343674084
0.947770742439721	0.248281535275256
0.160221796316651	0.0401166927693931
-2.57669595250488	0.657559862268914
1.55187798528937	0.752695278647351
1.95786695174359	0.441149378722158
0.154465593370314	0.0289479903375428
0.159992352718576	0.0400538861334557
1.45078261646269	0.478218161496633
-0.354809804669678	0.101824397658975
0.660932155782147	0.207694635746326
-1.14583039258107	0.346039770541419
-3.08556356757563	0.949512459473102
0.154509067766894	0.0289541162362231
-1.79840965860499	0.382877827643389
-1.80123754984197	0.383647112861273
-0.628299579656606	0.151558046801791
-0.628299579656606	0.151558046801791
-1.79839614394125	0.382877807711208
1.95786695174359	0.441149378722158
-3.08203048704882	0.947509650360219
0.157370411029726	0.0293708256249034
-3.08216231491203	0.947551973079846
-1.14193838802885	0.344646219015582
-1.79839614394125	0.382877807711208
-0.628164901903538	0.15157555358925
-2.57963910438406	0.659061212358043
-1.79839614394125	0.382877807711208
-1.79839614394125	0.382877807711208
-1.79839614394125	0.382877807711208
0.160813493636874	0.0402291855562724
-1.79840965860499	0.382877827643389
-1.79840965860499	0.382877827643389
-1.79840965860499	0.382877827643389
-1.79840965860499	0.382877827643389
0.947770742439721	0.248281535275256
3.63865172808213	1.42228041522975
-0.735201728577998	0.25087231236032
-2.57660997484294	0.657538252319339
-0.738079783119958	0.251987608125061
-1.18646093927296	0.662551325409641
-1.04687191417195	0.412486748895758
0.159859477622278	0.0400192334307773
-1.30297756911684	0.58208110971542
-1.14559783756009	0.346052129596875
0.135364021327178	0.0449437078279942
-0.538391637447097	0.202241097472968
-2.08450404139696	0.940647115246043
-3.08203048704882	0.947509650360219
-1.51347413888638	0.762985163792994
-1.10911327507175	0.763693612292771
-0.168318442800183	0.0602514969158982
-3.08203048704882	0.947509650360219
-0.354815349846941	0.101888689175609
-0.739003822726622	0.252222384495429
1.02422162940792	0.382079227006262
-1.80123754984197	0.383647112861273
0.160813493636874	0.0402291855562724
-1.79840965860499	0.382877827643389
-1.1414839653338	0.344622990730584
-0.355394630173918	0.102015543768339
-1.13872731243543	0.343741383764358
-0.352620864579995	0.101250485836996
-1.03833923168558	0.407994641461304
-1.29882542782854	0.579669605589987
-1.14499995487719	0.345855392571373
-1.79839614394125	0.382877807711208
-1.14171114622793	0.344693702322242
-1.1447666380351	0.34569313996721
-2.5766529574574	0.657773148602288
-0.812717326023852	0.444865117262995
-1.53326666156506	0.545110963407603
-4.22615919364595	1.9643368190771
-1.1414839653338	0.344622990730584
-0.628030265547787	0.151499678636842
-0.628733247343677	0.151688343674084
-1.14111344283696	0.344497381350969
2.75580772001712	0.763760469153332
0.154465593370314	0.0289479903375428
-0.628164901903538	0.15157555358925
-1.14088544605048	0.344426431780091
0.947635845528227	0.248244973505163
1.44922258720914	0.477763268309402
0.154509067766894	0.0289541162362231
0.950998501270056	0.249196467275389
-0.632424041671007	0.152580102364835
-0.626075023442282	0.151167646950723
-1.52556530925699	0.541887546993991
-3.08216231491203	0.947551973079846
-1.79839614394125	0.382877807711208
-0.355401168227563	0.102014834884787
-1.14536534536015	0.34589005605433
-3.08229418357021	0.947231644170671
-0.353939368265063	0.101586834148653
0.155111385030128	0.0290417527313876
-1.79839614394125	0.382877807711208
-0.628733247343677	0.151688343674084
1.95786695174359	0.441149378722158
0.154311934860129	0.0289593414864238
0.155067569950451	0.0290355764553768
-0.354525819937872	0.101778275735803
-2.57669595250488	0.657559862268914
0.162719274583833	0.0406219991153643
-1.79840965860499	0.382877827643389
0.157325350109871	0.02936446462458
-1.79839614394125	0.382877807711208
-1.14559783756009	0.346052129596875
-1.79839614394125	0.382877807711208
-2.5766529574574	0.657773148602288
-3.45945095257726	1.22747869975084
0.94820175004088	0.248479682375772
1.95731570776637	0.441000340195791
2.75641316563256	0.763778311858285
0.154465593370314	0.0289479903375428
0.154509067766894	0.0289541162362231
-1.79839614394125	0.382877807711208
-0.628733247343677	0.151688343674084
-1.5292536270854	0.543488048058857
-0.168443906364487	0.0602979483615774
-1.83496954182052	0.74201254055013
-2.57963910438406	0.659061212358043
-1.79839614394125	0.382877807711208
-1.14088544605048	0.344426431780091
-0.628867026021838	0.151670609188118
-0.354229439997714	0.101697261087168
-0.628299579656606	0.151558046801791
-0.628867026021838	0.151670609188118
2.75580772001712	0.763760469153332
-3.08216231491203	0.947551973079846
-2.5766529574574	0.657773148602288
0.154465593370314	0.0289479903375428
-1.79839614394125	0.382877807711208
0.156304884454214	0.0392194704826931
-1.1406575104342	0.344234513147494
0.144389940892798	0.0424393237157952
0.16045117802105	0.0401558290866076
-0.809362084979269	0.442571037659562
-1.52585303078124	0.541962051097293
0.154509067766894	0.0289541162362231
-0.354815349846941	0.101888689175609
-2.57669595250488	0.657559862268914
-0.628030265547787	0.151499678636842
-0.628599509856641	0.151612619227975
-0.628164901903538	0.15157555358925
-0.54346877962796	0.204399150899749
-1.79840965860499	0.382877827643389
0.155111385030128	0.0290417527313876
-1.79840965860499	0.382877827643389
-1.79839614394125	0.382877807711208
-2.5766529574574	0.657773148602288
-1.79839614394125	0.382877807711208
-1.79840965860499	0.382877827643389
-0.353939368265063	0.101586834148653
-0.628867026021838	0.151670609188118
-0.73833632952493	0.25198039611565
1.44862736407577	0.477555630338169
-0.540233723322025	0.202917482560003
-1.04617699792138	0.412020671665578
-1.1414839653338	0.344622990730584
-1.1412568453231	0.344431220445032
-2.5766529574574	0.657773148602288
-1.52527766014307	0.541726073904961
-0.234090861009704	0.0753429614422092
0.159402290839324	0.0399177124259514
-1.52527766014307	0.541726073904961
-1.30218715697095	0.581632419012511
0.146922191196889	0.0431076767472804
-0.354815349846941	0.101888689175609
0.50720087150347	0.178829201945322
0.140609521820489	0.0413743325045252
-0.36349392970535	0.104306676026293
-1.00328617466883	0.495938980978668
-1.19046123228298	0.665434002173852
-0.245541128473275	0.0789739237518624
-0.355394630173918	0.102015543768339
-1.79839614394125	0.382877807711208
-1.79840965860499	0.382877827643389
-2.5766529574574	0.657773148602288
-0.628164901903538	0.15157555358925
0.948337549654709	0.248516516252871
0.157325350109871	0.02936446462458
-3.08229418357021	0.947231644170671
-1.79839614394125	0.382877807711208
-0.632563406792844	0.152610991116788
0.155067569950451	0.0290355764553768
-1.52984634403446	0.54376252749597
-3.0857009920368	0.949295045119167
-1.53818647672694	0.546975382750286
-1.52527766014307	0.541726073904961
-0.628164901903538	0.15157555358925
-0.547072375141699	0.205896809005572
1.44450447975593	0.475941549703467
-0.359141638818634	0.103112871302961
1.8135291528185	0.702758164322864
1.4480329582247	0.477161868008032
-0.737824274342293	0.251781339210884
-0.628030265547787	0.151499678636842
-1.1406575104342	0.344234513147494
-1.04290235412753	0.410559570501728
-0.786285484359973	0.340832261518803
-3.46322465260564	1.22963503158779
-3.08216231491203	0.947551973079846
-3.0857009920368	0.949295045119167
-1.79839614394125	0.382877807711208
3.26284822825054	1.10169382604423
-2.57669595250488	0.657559862268914
-1.14171114622793	0.344693702322242
-1.79839614394125	0.382877807711208
0.155067569950451	0.0290355764553768
-1.79839614394125	0.382877807711208
-0.632563406792844	0.152610991116788
-0.354815349846941	0.101888689175609
-0.546507483504259	0.205607207829156
0.126806512303075	0.0477831384978955
0.514431860453614	0.181517099423547
-1.04347763338354	0.410675434748757
-3.76500715654354	1.48473725010782
-1.1414839653338	0.344622990730584
0.154465593370314	0.0289479903375428
-3.4599009305559	1.22709220959572
-2.57660997484294	0.657538252319339
-1.04255649350425	0.410401789740815
0.162357836679133	0.0405597098553547
0.658449623497539	0.206846818911275
-0.746468959039539	0.255084183402722
1.95786695174359	0.441149378722158
0.140609521820489	0.0413743325045252
-0.73833632952493	0.25198039611565
0.155111385030128	0.0290417527313876
-0.626075023442282	0.151167646950723
0.15547989361324	0.039031965106125
0.159402290839324	0.0399177124259514
-1.04396421075156	0.411040526644558
-0.32441435249135	0.149546400678217
-0.412261031351047	0.171714138801548
-1.79840965860499	0.382877827643389
-1.04232764455762	0.41013375079511
-1.79839614394125	0.382877807711208
0.154465593370314	0.0289479903375428
1.95988292961267	0.441702177751728
0.948337549654709	0.248516516252871
2.75807933893485	0.764710363024488
-2.57669595250488	0.657559862268914
-1.79839614394125	0.382877807711208
-1.79840965860499	0.382877827643389
-3.08216231491203	0.947551973079846
0.948905461162112	0.248586345985544
-1.79840965860499	0.382877827643389
-2.5766529574574	0.657773148602288
-0.628164901903538	0.15157555358925
0.15963091503218	0.0399802605532864
1.95786695174359	0.441149378722158
0.661517102334111	0.207824976675168
-0.626075023442282	0.151167646950723
-2.57660997484294	0.657538252319339
-1.04744397176015	0.412600703300656
-1.83868845155664	0.743833089652786
0.155067569950451	0.0290355764553768
-0.628030265547787	0.151499678636842
1.44839669376933	0.477459847846965
0.159036592116599	0.0397877345506797
0.805467397708516	0.331643487494376
0.14380305748793	0.042271222114559
-0.735458723618684	0.250947808327744
-0.543688234679481	0.204395614503949
-0.628599509856641	0.151612619227975
0.144640697621443	0.0425017414545061
-1.14088544605048	0.344426431780091
1.8166310232947	0.704051562387115
-1.00016650180889	0.493507674581424
-1.79839614394125	0.382877807711208
-2.5766529574574	0.657773148602288
1.95988292961267	0.441702177751728
-1.79840965860499	0.382877827643389
-2.5766529574574	0.657773148602288
-1.80123754984197	0.383647112861273
-1.79839614394125	0.382877807711208
-1.79839614394125	0.382877807711208
-1.79839614394125	0.382877807711208
0.790935189024059	0.627155843210913
0.159992352718576	0.0400538861334557
0.152050960400409	0.028630259939513
0.129270930562912	0.0487053692648074
-0.555959356407231	0.355383866589101
-0.149052204198529	0.0848805251888351
-0.581844040395476	0.4270815766026
-0.557206988563684	0.356379710575636
-4.22513159005981	1.96306276053114
-0.632563406792844	0.152610991116788
-0.937341415813954	0.692383392914535
-3.76080338308098	1.48176245886347
-1.14171114622793	0.344693702322242
3.26345542626113	1.10199860979414
0.144389940892798	0.0424393237157952
-1.79840965860499	0.382877827643389
-0.257036408811482	0.129803055430867
-0.241194698180716	0.0775963201393135
-0.354525819937872	0.101778275735803
0.428807864809411	0.326671202899297
-1.00043708163123	0.493921146875203
-0.236989724567202	0.0762485047293907
-1.50863317586361	0.759208525222823
-2.00272065629652	1.39786535000836
0.13534654092017	0.064851864452896
-3.08203048704882	0.947509650360219
-1.79839614394125	0.382877807711208
0.154465593370314	0.0289479903375428
0.94820175004088	0.248479682375772
1.95988292961267	0.441702177751728
-1.79839614394125	0.382877807711208
-1.79839614394125	0.382877807711208
-1.79840965860499	0.382877827643389
-1.79839614394125	0.382877807711208
-1.79840965860499	0.382877827643389
-1.79839614394125	0.382877807711208
-0.544038098124227	0.204549461860792
0.155067569950451	0.0290355764553768
0.144976980831471	0.0425943260188831
-1.1414839653338	0.344622990730584
0.162125356869158	0.0404960611383205
1.0239728358881	0.381885834911352
-0.666786096164298	0.399154413844994
-2.49279734463239	1.38096013082348
0.729250147183525	0.608411140659371
-1.73609040471757	1.46976309014604
-0.628195266656509	0.301456110896782
-0.505966587917247	0.266999766123348
-0.512730838430833	0.27134967750119
-2.0894625554263	0.944110632073379
-1.14193838802885	0.344646219015582
-2.49245485878935	1.38073510925551
-3.08898467402977	0.950960285645612
-0.115768194406184	0.0460582108717829
0.136589296650132	0.0654816461969539
-0.63159924778929	0.303148971324203
-0.0402833582166176	0.0192440608910917
0.567401194306838	0.452648866316262
-1.14499995487719	0.345855392571373
0.658157600688591	0.206837664845118
0.160221796316651	0.0401166927693931
-3.46702762063817	1.23112270337757
-0.117013070189122	0.046526646461327
-3.08229418357021	0.947231644170671
-1.79839614394125	0.382877807711208
-1.79839614394125	0.382877807711208
-1.79839614394125	0.382877807711208
1.95731570776637	0.441000340195791
2.75520320904554	0.763197913000704
0.154509067766894	0.0289541162362231
-2.57660997484294	0.657538252319339
-3.08556356757563	0.949512459473102
-1.79840965860499	0.382877827643389
-2.57963910438406	0.659061212358043
-2.5766529574574	0.657773148602288
-2.5766529574574	0.657773148602288
0.510967914253512	0.180245566763838
-3.08556356757563	0.949512459473102
0.155067569950451	0.0290355764553768
0.162357836679133	0.0405597098553547
-2.57660997484294	0.657538252319339
1.44899109330448	0.477667123734845
0.656014281877058	0.205959668867586
-0.806926369219065	0.538674829511934
-1.10727194969292	0.763195459839263
-0.813028464416497	0.44513602340247
0.136861270958273	0.0453939461531857
-1.29538171494723	0.577437227146469
-0.12075997380286	0.0480297290129821
-1.62149328768967	1.25784981484273
-0.355979365614545	0.102141358762928
-4.22650189263991	1.96443457300709
0.129916076947615	0.0554206976348945
-0.738079783119958	0.251987608125061
1.11196975563365	0.998863292748245
1.25283050010547	0.677613121936022
0.13422930794267	0.0445728055584624
-0.356952421866901	0.102502236157484
-0.735201728577998	0.25087231236032
-1.14914601884225	0.347138431595007
-0.358557998384515	0.10292132426425
-0.743029498323094	0.253754321369633
-0.628164901903538	0.15157555358925
-0.628733247343677	0.151688343674084
0.152050960400409	0.028630259939513
0.154509067766894	0.0289541162362231
0.950426851449918	0.249037516760643
-1.79839614394125	0.382877807711208
-2.57669595250488	0.657559862268914
2.75641316563256	0.763778311858285
-3.08542618523242	0.949198094742557
-1.79840965860499	0.382877827643389
-3.45922605387697	1.22727228815634
-1.79840965860499	0.382877827643389
1.95988292961267	0.441702177751728
-1.79839614394125	0.382877807711208
-1.79839614394125	0.382877807711208
1.0282187103729	0.383542758401815
3.26284822825054	1.10169382604423
-0.632424041671007	0.152580102364835
0.160221796316651	0.0401166927693931
1.44899109330448	0.477667123734845
-0.359141638818634	0.103112871302961
1.8138222857108	0.70292085392477
-0.555549527019439	0.355101102660715
-1.18174346454259	0.659230216983642
0.366647605945859	0.162372910160872
-0.96711433929926	0.596462363075377
-1.00102800522207	0.494605341939198
-0.970292184449375	0.599004838656599
-0.460913685493417	0.308159411205111
-0.682902673496451	0.5434620014675
-0.176969702932129	0.0633516632098865
-0.327783649433147	0.151320027520186
0.140023273435885	0.041219830052157
0.506286345412427	0.178440504115667
-1.79839614394125	0.382877807711208
-1.79840965860499	0.382877827643389
-0.628733247343677	0.151688343674084
-1.79840965860499	0.382877827643389
-1.79840965860499	0.382877827643389
-1.80123754984197	0.383647112861273
-1.79840965860499	0.382877827643389
3.26224218729945	1.1009233569627
-1.79839614394125	0.382877807711208
1.95786695174359	0.441149378722158
0.154509067766894	0.0289541162362231
1.95786695174359	0.441149378722158
-0.628030265547787	0.151499678636842
-1.79840965860499	0.382877827643389
-0.632563406792844	0.152610991116788
0.154465593370314	0.0289479903375428
-1.79839614394125	0.382877807711208
-1.79840965860499	0.382877827643389
0.15144823932183	0.0285426379557898
-0.241762406615348	0.0777470617850766
-0.63185471444008	0.152466960619287
-1.79839614394125	0.382877807711208
-1.79840965860499	0.382877827643389
0.146332921310034	0.0429416898033695
-0.625937070321993	0.151091209012893
1.55749040589242	0.756886319378393
0.65757421006213	0.206588655278929
2.75520320904554	0.763197913000704
1.81456677210567	0.703082758766755
1.02329749324129	0.381582146499257
2.26372255084709	1.73575449310588
-0.739003822726622	0.252222384495429
-0.538963433786103	0.202464572078945
0.155111385030128	0.0290417527313876
0.658449623497539	0.206846818911275
-3.0857009920368	0.949295045119167
-2.5766529574574	0.657773148602288
-1.79839614394125	0.382877807711208
0.152050960400409	0.028630259939513
-1.80123754984197	0.383647112861273
-2.5766529574574	0.657773148602288
2.75580772001712	0.763760469153332
0.155111385030128	0.0290417527313876
-1.79839614394125	0.382877807711208
2.75641316563256	0.763778311858285
1.95731570776637	0.441000340195791
0.157370411029726	0.0293708256249034
-1.79839614394125	0.382877807711208
-1.79840965860499	0.382877827643389
1.95731570776637	0.441000340195791
1.95786695174359	0.441149378722158
-1.79840965860499	0.382877827643389
-1.79840965860499	0.382877827643389
-1.79839614394125	0.382877807711208
-2.57963910438406	0.659061212358043
3.26795444532845	1.10381433627613
-0.354809804669678	0.101824397658975
1.44922258720914	0.477763268309402
1.04267536642294	0.494927913760596
-3.76108876538849	1.48211039032061
-0.626075023442282	0.151167646950723
3.26345542626113	1.10199860979414
0.948337549654709	0.248516516252871
-2.0851928861798	0.941244883307777
-1.53788712908045	0.54684392251851
-0.354815349846941	0.101888689175609
-0.354815349846941	0.101888689175609
-1.14559783756009	0.346052129596875
-2.09305375149111	0.946159640923577
-1.79839614394125	0.382877807711208
-1.79839614394125	0.382877807711208
0.155111385030128	0.0290417527313876
-0.352620864579995	0.101250485836996
-1.79839614394125	0.382877807711208
0.15144823932183	0.0285426379557898
-1.79839614394125	0.382877807711208
-2.57968420714322	0.659073447553718
-1.79839614394125	0.382877807711208
1.95786695174359	0.441149378722158
0.157370411029726	0.0293708256249034
-1.79840965860499	0.382877827643389
0.154509067766894	0.0289541162362231
0.155111385030128	0.0290417527313876
-1.79840965860499	0.382877827643389
0.157370411029726	0.0293708256249034
-1.80123754984197	0.383647112861273
-1.79840965860499	0.382877827643389
0.154509067766894	0.0289541162362231
1.60039455537571	1.10473288262416
0.497279873421619	0.314968149914104
-0.409083068223129	0.170290860377214
-0.465534435908575	0.311661584220382
-1.52614082474697	0.541895090059418
0.497645742117265	0.314813932957823
-1.83199158756097	0.740532814070127
-0.241325335112873	0.0776212717213414
-1.14536534536015	0.34589005605433
-1.79840965860499	0.382877827643389
-1.80123754984197	0.383647112861273
-1.1406575104342	0.344234513147494
-1.79840965860499	0.382877827643389
-1.79840965860499	0.382877827643389
-1.79839614394125	0.382877807711208
-1.79840965860499	0.382877827643389
2.75520320904554	0.763197913000704
1.95786695174359	0.441149378722158
-1.79840965860499	0.382877827643389
-1.80123754984197	0.383647112861273
-1.79840965860499	0.382877827643389
-1.79840965860499	0.382877827643389
-2.5766529574574	0.657773148602288
-1.79840965860499	0.382877827643389
-1.14559783756009	0.346052129596875
0.155067569950451	0.0290355764553768
-1.79839614394125	0.382877807711208
-0.628164901903538	0.15157555358925
0.157325350109871	0.02936446462458
0.147259813410519	0.0432007445014279
-0.785941854072081	0.340646515205131
-3.08216231491203	0.947551973079846
-2.30100347000821	1.14813064628252
-1.52525862148376	0.541687313963439
-1.35511250636166	1.1299733227504
-0.805244547671088	0.439374894873463
-1.04687191417195	0.412486748895758
-1.52984634403446	0.54376252749597
-1.83199158756097	0.740532814070127
-0.628867026021838	0.151670609188118
-1.79840965860499	0.382877827643389
-2.5766529574574	0.657773148602288
1.95731570776637	0.441000340195791
-1.79839614394125	0.382877807711208
-1.79839614394125	0.382877807711208
-0.628599509856641	0.151612619227975
0.157370411029726	0.0293708256249034
1.44899109330448	0.477667123734845
0.154509067766894	0.0289541162362231
0.152050960400409	0.028630259939513
-0.354525819937872	0.101778275735803
0.154509067766894	0.0289541162362231
-2.57660997484294	0.657538252319339
-0.249451042268111	0.125886512199318
1.06860587118357	0.649106453286799
-0.469196440710176	0.314858364487068
-0.23733699757943	0.0763359683654099
-0.793526909263106	0.34442474324859
-1.79840965860499	0.382877827643389
-1.80123754984197	0.383647112861273
-1.79840965860499	0.382877827643389
-3.08556356757563	0.949512459473102
-1.79840965860499	0.382877827643389
1.95988292961267	0.441702177751728
-1.80123754984197	0.383647112861273
-1.79839614394125	0.382877807711208
-1.79839614394125	0.382877807711208
-1.80123754984197	0.383647112861273
-1.79840965860499	0.382877827643389
-1.79839614394125	0.382877807711208
1.95731570776637	0.441000340195791
1.95786695174359	0.441149378722158
-3.08216231491203	0.947551973079846
-1.80123754984197	0.383647112861273
-1.80123754984197	0.383647112861273
0.154509067766894	0.0289541162362231
-0.354815349846941	0.101888689175609
1.95786695174359	0.441149378722158
1.95786695174359	0.441149378722158
-0.628867026021838	0.151670609188118
0.675458526307107	0.310947368433736
3.63565166019344	1.42132833477826
2.55106914829351	1.38283198971158
-0.166213389018895	0.0595190660770883
-1.79840965860499	0.382877827643389
-1.79840965860499	0.382877827643389
-1.79839614394125	0.382877807711208
-2.5766529574574	0.657773148602288
-1.80123754984197	0.383647112861273
-2.5766529574574	0.657773148602288
-1.79839614394125	0.382877807711208
-1.79840965860499	0.382877827643389
-1.79839614394125	0.382877807711208
-1.80123754984197	0.383647112861273
-2.57660997484294	0.657538252319339
-1.13895833229548	0.343813220888229
3.63331351050508	1.42008896661082
0.154465593370314	0.0289479903375428
1.02651128578825	0.383050193875148
1.45174463580423	0.478561109172125
-0.363196548838041	0.104223897327175
-0.167973568861706	0.0601248969281319
-0.0121873256810096	0.00610973157928639
-0.55351033893629	0.353807805754384
-0.0370239588263447	0.0176969587988927
-2.57660997484294	0.657538252319339
-1.79839614394125	0.382877807711208
-0.628164901903538	0.15157555358925
-1.80123754984197	0.383647112861273
-2.5766529574574	0.657773148602288
-1.80123754984197	0.383647112861273
-1.79840965860499	0.382877827643389
-1.04721949984211	0.412618976511128
-1.79840965860499	0.382877827643389
-0.738159266562824	0.251825620637215
-0.628733247343677	0.151688343674084
0.124391130548139	0.0414392550449754
-1.50559832869084	0.757145119337891
0.156088407190946	0.0828871607062598
-0.155346072186988	0.0886029700851144
-1.79839614394125	0.382877807711208
-1.79839614394125	0.382877807711208
-1.79839614394125	0.382877807711208
-1.79840965860499	0.382877827643389
-1.79840965860499	0.382877827643389
2.75520320904554	0.763197913000704
-1.79840965860499	0.382877827643389
-1.79839614394125	0.382877807711208
-1.79840965860499	0.382877827643389
-1.79840965860499	0.382877827643389
0.155067569950451	0.0290355764553768
-0.23197785438725	0.0746812633614378
-0.240410025521882	0.0773316206983627
2.75868832531345	0.765017792149168
0.376551488393798	0.167096677243062
-1.86146732725586	1.17015026127871
-2.5766529574574	0.657773148602288
-2.5766529574574	0.657773148602288
-1.79839614394125	0.382877807711208
-1.79839614394125	0.382877807711208
-1.79840965860499	0.382877827643389
-1.79839614394125	0.382877807711208
-1.79840965860499	0.382877827643389
-2.57660997484294	0.657538252319339
-1.79840965860499	0.382877827643389
0.144640697621443	0.0425017414545061
0.950426851449918	0.249037516760643
0.294965583408351	0.213116817857597
-0.799868239118663	0.693729416675045
-1.61282917776339	1.24699345658051
-1.79839614394125	0.382877807711208
-1.79840965860499	0.382877827643389
-2.57660997484294	0.657538252319339
-1.79839614394125	0.382877807711208
-1.79840965860499	0.382877827643389
-3.08216231491203	0.947551973079846
0.654989426637948	0.205620898952272
0.15547989361324	0.039031965106125
-1.00198412029617	0.904226899287076
-0.25333893256812	0.189505399362473
-1.27431411686887	1.39901651693471
0.0131204437390068	0.00719150070376131
-0.971801006089989	0.600543593760837
-2.5766529574574	0.657773148602288
-2.5766529574574	0.657773148602288
-1.1414839653338	0.344622990730584
-0.628164901903538	0.15157555358925
-0.738414128880846	0.252090639638632
-0.608447121723315	0.500179363676943
-1.00062593751524	0.902648267478795
-0.993658927435633	0.48979357843458
-1.79839614394125	0.382877807711208
-1.79840965860499	0.382877827643389
-1.79839614394125	0.382877807711208
-1.79839614394125	0.382877807711208
-1.79839614394125	0.382877807711208
-1.79840965860499	0.382877827643389
-1.79839614394125	0.382877807711208
-1.79840965860499	0.382877827643389
-1.79840965860499	0.382877827643389
0.157370411029726	0.0293708256249034
0.947770742439721	0.248281535275256
-1.80123754984197	0.383647112861273
-1.79839614394125	0.382877807711208
-1.79840965860499	0.382877827643389
-1.79839614394125	0.382877807711208
-1.79840965860499	0.382877827643389
-1.79839614394125	0.382877807711208
0.154465593370314	0.0289479903375428
-1.79840965860499	0.382877827643389
-1.79840965860499	0.382877827643389
0.155111385030128	0.0290417527313876
0.155111385030128	0.0290417527313876
1.95786695174359	0.441149378722158
-2.57669595250488	0.657559862268914
-1.79839614394125	0.382877807711208
-1.79839614394125	0.382877807711208
-0.628733247343677	0.151688343674084
-2.57660997484294	0.657538252319339
-1.79840965860499	0.382877827643389
-1.79840965860499	0.382877827643389
-2.57669595250488	0.657559862268914
-1.79840965860499	0.382877827643389
1.95731570776637	0.441000340195791
-1.79840965860499	0.382877827643389
1.95786695174359	0.441149378722158
0.160583229502904	0.0401661733691417
0.154509067766894	0.0289541162362231
-1.79840965860499	0.382877827643389
-1.79840965860499	0.382877827643389
-1.79840965860499	0.382877827643389
1.95731570776637	0.441000340195791
-1.79839614394125	0.382877807711208
-1.79839614394125	0.382877807711208
-1.79839614394125	0.382877807711208
-0.628599509856641	0.151612619227975
-0.628299579656606	0.151558046801791
0.154509067766894	0.0289541162362231
0.15144823932183	0.0285426379557898
1.95731570776637	0.441000340195791
1.95786695174359	0.441149378722158
-0.628299579656606	0.151558046801791
-1.79840965860499	0.382877827643389
0.155067569950451	0.0290355764553768
0.154465593370314	0.0289479903375428
-1.79839614394125	0.382877807711208
-1.79840965860499	0.382877827643389
-0.628164901903538	0.15157555358925
-2.57669595250488	0.657559862268914
-0.628299579656606	0.151558046801791
-2.57669595250488	0.657559862268914
-3.08229418357021	0.947231644170671
-2.5766529574574	0.657773148602288
2.75520320904554	0.763197913000704
-1.79840965860499	0.382877827643389
-2.57669595250488	0.657559862268914
0.94820175004088	0.248479682375772
-1.79839614394125	0.382877807711208
0.155067569950451	0.0290355764553768
-1.79839614394125	0.382877807711208
-0.35262379016767	0.101278913820777
0.155067569950451	0.0290355764553768
-1.80123754984197	0.383647112861273
-2.57660997484294	0.657538252319339
0.154509067766894	0.0289541162362231
0.94820175004088	0.248479682375772
0.157370411029726	0.0293708256249034
0.154465593370314	0.0289479903375428
1.44780311038183	0.477066495630919
0.154509067766894	0.0289541162362231
0.94820175004088	0.248479682375772
0.154465593370314	0.0289479903375428
-1.79840965860499	0.382877827643389
-1.79839614394125	0.382877807711208
-2.57660997484294	0.657538252319339
-3.08203048704882	0.947509650360219
-2.5766529574574	0.657773148602288
-1.79839614394125	0.382877807711208
-1.1412568453231	0.344431220445032
-0.628733247343677	0.151688343674084
-1.83072704109891	0.739930594937107
-0.628733247343677	0.151688343674084
-0.632563406792844	0.152610991116788
-1.52497036065527	0.541612586959632
-0.739337707457692	0.252266162743882
-0.541053988501391	0.203408052094411
-1.79840965860499	0.382877827643389
-0.626075023442282	0.151167646950723
-0.628030265547787	0.151499678636842
