x	y
1.95988292961267	0.441702177751728
0.13422930794267	0.0445728055584624
1.44839669376933	0.477459847846965
1.81264504950119	0.702404900566408
1.0239728358881	0.381885834911352
0.948337549654709	0.248516516252871
0.94820175004088	0.248479682375772
0.345157534887886	0.172428405417455
0.936071353173364	0.630091301039344
0.161090176372696	0.0989960155120014
0.942540749928446	0.636885009636398
2.10345763612533	0.92603048253316
0.948337549654709	0.248516516252871
0.666720675538898	0.306383563426964
0.659032459281836	0.207041754611057
1.95731570776637	0.441000340195791
0.155111385030128	0.0290417527313876
0.950998501270056	0.249196467275389
0.948768757521975	0.248549269795159
1.81604086904786	0.704001590638153
2.10399981041024	1.43942472194576
1.45198001091205	0.478658944297305
1.44981862951738	0.477799018830262
-0.629763239673253	0.152058330338803
0.948905461162112	0.248586345985544
2.75807933893485	0.764710363024488
1.44958631087756	0.477702557005987
1.44981862951738	0.477799018830262
2.10577777041247	0.92695430431462
0.658157600688591	0.206837664845118
0.511535984561553	0.180463547184556
1.31166744621023	0.562613064395961
1.44780311038183	0.477066495630919
0.155067569950451	0.0290355764553768
3.26224218729945	1.1009233569627
0.374356834493824	0.166186882736063
1.31240282325545	0.562988742832529
2.10252540036319	0.925396731648863
1.95731570776637	0.441000340195791
-1.79839614394125	0.382877807711208
2.34043347531034	1.1476207146242
-1.79840965860499	0.382877827643389
1.95731570776637	0.441000340195791
0.948337549654709	0.248516516252871
-0.0720755687185948	0.0317719902261314
-0.354815349846941	0.101888689175609
0.950287720870208	0.248999740475732
2.3386469338706	1.1463460110087
1.76101611268726	0.964908126415187
0.950287720870208	0.248999740475732
-0.234659925712008	0.0755339906287207
-0.170446804497055	0.061063471550791
-0.116798931417201	0.0464504059922324
1.02651128578825	0.383050193875148
1.95786695174359	0.441149378722158
-3.08203048704882	0.947509650360219
0.162952579336367	0.0406858836130456
0.510967914253512	0.180245566763838
-1.1414839653338	0.344622990730584
-1.30240708959037	0.582011421694818
0.657866689740957	0.206670742493303
-2.57963910438406	0.659061212358043
2.33807558295589	1.14590125490883
0.886587808103249	0.471017277383661
1.45114635521655	0.478471348903038
0.165339307449228	0.041165861935724
0.155111385030128	0.0290417527313876
0.659324643575319	0.207123110468657
1.95786695174359	0.441149378722158
0.594189410842473	0.307535258101134
0.133168522192678	0.0442284444874965
0.67150187758438	0.308828121931979
0.153279132821243	0.0813292288133733
0.1498940589164	0.0795137378212153
2.75580772001712	0.763760469153332
-3.08216231491203	0.947551973079846
-1.79840965860499	0.382877827643389
2.54500845450902	1.37818427264558
2.10193245054258	0.924755435038698
-1.1414839653338	0.344622990730584
0.673406299089429	0.309995735525838
2.1037096154536	0.926051884063359
0.773192457530603	0.458914799961596
1.56168201581809	0.759280975451106
1.44450447975593	0.475941549703467
1.76136333181412	0.965618801346497
0.948337549654709	0.248516516252871
0.160221796316651	0.0401166927693931
1.3150863687139	0.564688556451063
0.947163829875457	0.248276694926132
1.95988292961267	0.441702177751728
0.944504519928106	0.247598335656165
0.65757421006213	0.206588655278929
1.8135291528185	0.702758164322864
0.155111385030128	0.0290417527313876
0.154509067766894	0.0289541162362231
-1.1413415008172	0.344450233445194
2.75807933893485	0.764710363024488
0.526334165342797	0.302839041859775
-4.22944054003563	1.96755402133536
-0.319955306937844	0.147397740640472
-1.1414839653338	0.344622990730584
-0.74243876954869	0.25362235352836
-0.785720368096092	0.340476144248071
1.31161763457028	0.562749823451238
0.375697952755359	0.166607987363229
0.517113632980752	0.182385971564448
1.37496663060594	1.05657294877211
0.426534137158906	0.168253126180802
0.585509213576081	0.302002922696166
0.510399267871221	0.17998283956174
0.162357836679133	0.0405597098553547
1.07228604598581	0.651523044941711
-0.0734384542323317	0.0323643349727654
-1.86270478893402	1.17137725839041
1.06695149496246	0.64684443034121
1.0511434473863	0.499648112473628
0.670571388016324	0.308341959138758
1.25529000410081	0.679988691216471
0.154509067766894	0.0289541162362231
0.14255281745336	0.0418775195715754
-0.240278820798337	0.0772929353381372
0.660638687988492	0.207526442563452
-1.14088544605048	0.344426431780091
0.658741078701816	0.207014004441108
0.133301116726748	0.0442849463266127
1.04424975463849	0.495554192271584
4.55203036054763	2.49350160133009
0.802918643333599	0.330207493215053
0.514431860453614	0.181517099423547
1.25265150930857	0.678188776904929
-0.173341415808603	0.0620980411857629
0.515848504972472	0.181937471471781
0.154465593370314	0.0289479903375428
1.44922258720914	0.477763268309402
1.02558467001725	0.382518749728777
0.159402290839324	0.0399177124259514
1.0472501359547	0.497556503187299
0.127740324846529	0.0481396538224244
0.13328328820967	0.0569457680764617
-0.249886916369337	0.126053611235155
0.878803888280179	0.465243589924941
0.133046177085143	0.0637920107410573
0.160813493636874	0.0402291855562724
3.63629792702422	1.42164529184574
2.88727492780753	1.91292118012785
1.0238833519431	0.381787644807647
1.95731570776637	0.441000340195791
0.163185820804974	0.0407257646525502
0.159859477622278	0.0400192334307773
-0.628599509856641	0.151612619227975
0.658448437247608	0.206865271021461
0.802138012530807	0.329972517070534
0.160221796316651	0.0401166927693931
-0.354815349846941	0.101888689175609
-0.50435518614772	0.266152831092033
0.154465593370314	0.0289479903375428
0.657866689740957	0.206670742493303
2.10345763612533	0.92603048253316
1.95786695174359	0.441149378722158
1.95786695174359	0.441149378722158
1.95786695174359	0.441149378722158
0.157325350109871	0.02936446462458
1.95786695174359	0.441149378722158
0.947770742439721	0.248281535275256
0.947635845528227	0.248244973505163
0.494148821335009	0.312063905214744
-0.326850635290987	0.150922823207438
-1.10533398757211	0.760768896049564
0.373753217777433	0.165661732219598
1.02363521199244	0.381873400117373
0.513733853850566	0.181194231451746
1.0192751562055	0.379836783778508
2.10173504798347	0.924843834263361
-2.57660997484294	0.657538252319339
0.658449623497539	0.206846818911275
1.55174017229736	0.752717131207676
2.33899743092669	1.14663661123896
1.95731570776637	0.441000340195791
0.135013832711232	0.0448286361779132
-2.57669595250488	0.657559862268914
1.04480901675325	0.495932284777841
2.3386469338706	1.1463460110087
0.806595592048773	0.332087792308818
0.426403404838852	0.16824819606602
0.948337549654709	0.248516516252871
1.44391071628385	0.475549251261387
0.155111385030128	0.0290417527313876
0.155111385030128	0.0290417527313876
3.26857074944807	1.10417713664958
2.75807933893485	0.764710363024488
1.95731570776637	0.441000340195791
3.26569824690609	1.10327543173781
0.15144823932183	0.0285426379557898
0.950287720870208	0.248999740475732
0.134446827346684	0.044648821058174
1.55598981029304	0.755831923074866
1.45138090115721	0.478568850670936
0.641749189962593	0.455889784988141
1.2529866440879	0.678639049872135
0.160583229502904	0.0401661733691417
-0.631994988626399	0.152498044571477
-1.79839614394125	0.382877807711208
0.948905461162112	0.248586345985544
-0.628733247343677	0.151688343674084
0.657866689740957	0.206670742493303
2.75580772001712	0.763760469153332
-0.737489374761453	0.251678150254292
0.159992352718576	0.0400538861334557
-1.5088621709036	0.759006136042553
-2.13112379831303	1.63697088894714
-0.628164901903538	0.15157555358925
-0.418098622830114	0.174378553054991
0.653826927429073	0.205337088996143
2.75641316563256	0.763778311858285
1.81235300959058	0.702242876396542
2.75641316563256	0.763778311858285
1.95731570776637	0.441000340195791
-2.57660997484294	0.657538252319339
1.95786695174359	0.441149378722158
-1.79839614394125	0.382877807711208
0.154465593370314	0.0289479903375428
0.154509067766894	0.0289541162362231
4.16544558167092	1.96422252025176
0.660640141500972	0.207490447031014
2.54765628877172	1.38029323985794
0.876407774550411	0.464196199084558
0.426534137158906	0.168253126180802
0.155111385030128	0.0290417527313876
0.940596822297131	0.635040639902186
1.04169780172704	0.494121856474359
1.06251868198243	0.64340853360446
0.155067569950451	0.0290355764553768
0.124039163201388	0.041320652448604
1.44785372417853	0.477041110592846
0.155111385030128	0.0290417527313876
0.162125356869158	0.0404960611383205
1.02558467001725	0.382518749728777
0.162357836679133	0.0405597098553547
1.44862736407577	0.477555630338169
1.95786695174359	0.441149378722158
0.144054213480702	0.0423469198905259
1.95988292961267	0.441702177751728
0.943937640725668	0.24736392993685
-3.08542618523242	0.949198094742557
-4.01193246433531	1.72463037714346
1.81235300959058	0.702242876396542
-0.789874992835508	0.342400986685966
0.14027070998759	0.0412729382935957
0.950858461556905	0.2491584305819
2.75641316563256	0.763778311858285
1.95731570776637	0.441000340195791
0.160221796316651	0.0401166927693931
-2.57968420714322	0.659073447553718
0.154509067766894	0.0289541162362231
0.155067569950451	0.0290355764553768
0.948905461162112	0.248586345985544
-0.735201728577998	0.25087231236032
1.44922258720914	0.477763268309402
-1.52984634403446	0.54376252749597
-1.04687191417195	0.412486748895758
-0.236295434458238	0.0760318807121589
2.75520320904554	0.763197913000704
1.23401232087268	1.20938964788845
1.06449090773496	0.645455137767061
0.67031140224908	0.308146609796731
2.75580772001712	0.763760469153332
-0.237090328086136	0.0762301533221021
1.95786695174359	0.441149378722158
0.155111385030128	0.0290417527313876
0.952960668065698	0.249631740841768
1.0239728358881	0.381885834911352
1.02558467001725	0.382518749728777
2.75520320904554	0.763197913000704
0.154509067766894	0.0289541162362231
0.515848504972472	0.181937471471781
0.16045117802105	0.0401558290866076
0.513516136888496	0.181178716343693
1.81294103662311	0.70256079058948
0.124488256386008	0.0469611145656188
1.44958631087756	0.477702557005987
-2.57963910438406	0.659061212358043
0.15547989361324	0.039031965106125
2.75580772001712	0.763760469153332
1.44899109330448	0.477667123734845
1.95786695174359	0.441149378722158
1.95786695174359	0.441149378722158
1.95988292961267	0.441702177751728
0.950287720870208	0.248999740475732
1.95786695174359	0.441149378722158
1.95988292961267	0.441702177751728
0.130275387420614	0.0433068776559506
2.10227195989275	0.924990315433236
0.128002629615466	0.0425983067073654
-0.233964530152622	0.0753172914260115
-1.29445710557565	0.57719309643802
0.421828677837084	0.166370084244426
4.37308121738766	2.22561534970761
0.88067338607847	0.466267903307237
0.427940197825985	0.168935073750412
0.950998501270056	0.249196467275389
0.143467885183021	0.0421790290070851
2.75580772001712	0.763760469153332
1.95786695174359	0.441149378722158
-2.57669595250488	0.657559862268914
1.0239728358881	0.381885834911352
-0.628867026021838	0.151670609188118
1.95988292961267	0.441702177751728
-1.29860074136172	0.5797920330012
0.948905461162112	0.248586345985544
1.44839669376933	0.477459847846965
1.80835489274816	0.70010856168417
1.44862736407577	0.477555630338169
0.144640697621443	0.0425017414545061
0.155067569950451	0.0290355764553768
-1.83199158756097	0.740532814070127
0.802432270015275	0.330171616269446
3.63629792702422	1.42164529184574
1.95786695174359	0.441149378722158
1.95988292961267	0.441702177751728
1.45078261646269	0.478218161496633
-1.79839614394125	0.382877807711208
0.948337549654709	0.248516516252871
-0.114843768201865	0.045743722193408
0.144138136643148	0.0423508720464565
-0.793650299520997	0.344601205700018
-0.628164901903538	0.15157555358925
1.02592340208434	0.382810966482796
0.658794699245427	0.20676579192552
0.154509067766894	0.0289541162362231
1.95786695174359	0.441149378722158
1.45114635521655	0.478471348903038
-0.736467942319606	0.25123635401307
1.44509906384746	0.476148552116978
1.95731570776637	0.441000340195791
-2.57963910438406	0.659061212358043
-2.30476209042479	1.1515199403139
3.26224218729945	1.1009233569627
0.516764201582912	0.182313298692041
1.81323362267005	0.702723165703649
1.02558467001725	0.382518749728777
0.146922191196889	0.0431076767472804
-0.355401168227563	0.102014834884787
1.95731570776637	0.441000340195791
0.428976385850053	0.169324382927391
0.658157600688591	0.206837664845118
0.124391130548139	0.0414392550449754
-1.14088544605048	0.344426431780091
2.75520320904554	0.763197913000704
1.95786695174359	0.441149378722158
2.75580772001712	0.763760469153332
1.95786695174359	0.441149378722158
0.808443090829137	0.332994891311029
0.532461358077736	0.307320313898672
0.159992352718576	0.0400538861334557
0.805116244112889	0.331471066458395
-0.540486497816113	0.203240784979243
-1.2948051112795	0.577362423726676
0.657866689740957	0.206670742493303
1.8166310232947	0.704051562387115
1.81323362267005	0.702723165703649
0.950998501270056	0.249196467275389
1.02626205148491	0.382823634565729
1.95731570776637	0.441000340195791
-0.632424041671007	0.152580102364835
2.75520320904554	0.763197913000704
-0.628733247343677	0.151688343674084
1.44899109330448	0.477667123734845
-1.14171114622793	0.344693702322242
-2.0894625554263	0.944110632073379
1.81205656672306	0.701877636994275
1.81604086904786	0.704001590638153
-1.1406575104342	0.344234513147494
0.948337549654709	0.248516516252871
2.75580772001712	0.763760469153332
1.95988292961267	0.441702177751728
1.95786695174359	0.441149378722158
1.95988292961267	0.441702177751728
1.95731570776637	0.441000340195791
2.75807933893485	0.764710363024488
0.159992352718576	0.0400538861334557
0.803406298057045	0.330476655381048
-0.539661343528338	0.202765677037844
1.31310179325084	0.563385616536445
1.02363521199244	0.381873400117373
1.31621760221634	0.565072072441532
0.950426851449918	0.249037516760643
0.658157600688591	0.206837664845118
-1.80123754984197	0.383647112861273
-0.62621301873586	0.15115097520137
-1.14088544605048	0.344426431780091
-0.628599509856641	0.151612619227975
1.30954841364399	0.561221413550022
0.506985941033904	0.178701728610087
0.660347295989593	0.207462296247491
0.945072510336007	0.247668267417156
0.159402290839324	0.0399177124259514
3.63694507499105	1.42148992135626
0.157370411029726	0.0293708256249034
1.44922258720914	0.477763268309402
1.02019987734301	0.380189874951528
1.95786695174359	0.441149378722158
0.154509067766894	0.0289541162362231
0.160221796316651	0.0401166927693931
0.138505261605656	0.0407411207212223
0.658157600688591	0.206837664845118
0.661223086818105	0.207656588437818
0.948337549654709	0.248516516252871
0.154465593370314	0.0289479903375428
0.950426851449918	0.249037516760643
1.8138222857108	0.70292085392477
0.154509067766894	0.0289541162362231
-2.08529767867884	0.94108469631813
0.801571141201532	0.329656916274671
1.02533495299364	0.382457756692076
-2.57669595250488	0.657559862268914
-0.538169446885037	0.20211193569765
0.14556417703739	0.0427370982099398
0.425627365203623	0.167916299468516
-0.622551476616889	0.297821562046113
0.155067569950451	0.0290355764553768
0.160221796316651	0.0401166927693931
2.75641316563256	0.763778311858285
1.81604086904786	0.704001590638153
3.9232513707374	1.69997531930461
0.950998501270056	0.249196467275389
1.95731570776637	0.441000340195791
1.95786695174359	0.441149378722158
1.45138090115721	0.478568850670936
1.25529000410081	0.679988691216471
1.04480901675325	0.495932284777841
0.166633298185197	0.102461745120593
-0.123523531877845	0.049113754435573
-0.11854795863833	0.0471817731309927
1.55507391974261	0.755498369683247
1.44780311038183	0.477066495630919
-2.57963910438406	0.659061212358043
2.75868832531345	0.765017792149168
0.155111385030128	0.0290417527313876
-3.76558584887962	1.48443010453042
-0.628599509856641	0.151612619227975
0.162952579336367	0.0406858836130456
-3.08542618523242	0.949198094742557
0.154509067766894	0.0289541162362231
1.01985986214015	0.380041869937102
1.02651128578825	0.383050193875148
-0.74269218165825	0.253631177667885
0.158441687834525	0.0396618099099809
0.13571412709247	0.0450530753488282
0.143132619682455	0.0420748163550394
0.94820175004088	0.248479682375772
1.95731570776637	0.441000340195791
1.02190239796348	0.380920127363489
-2.57963910438406	0.659061212358043
1.95786695174359	0.441149378722158
0.952960668065698	0.249631740841768
2.75520320904554	0.763197913000704
1.95731570776637	0.441000340195791
3.26345542626113	1.10199860979414
1.02246283803588	0.381238371277329
1.31196676791469	0.562729963486004
1.81294103662311	0.70256079058948
0.134446827346684	0.044648821058174
1.5524442422019	0.753203287410312
0.425281606664403	0.167780963846818
1.02246283803588	0.381238371277329
0.519100510452626	0.183053579050841
0.133651056800119	0.0443846032753033
0.947635845528227	0.248244973505163
1.25334390367997	0.677845490978149
1.55152601933111	0.752759870414717
1.44922258720914	0.477763268309402
-0.628733247343677	0.151688343674084
0.154509067766894	0.0289541162362231
0.154465593370314	0.0289479903375428
0.504960699394822	0.177842284993928
1.44899109330448	0.477667123734845
1.45114635521655	0.478471348903038
-1.52955481711501	0.543641482939636
0.509876478641146	0.179762262788489
-1.29894971744328	0.579925756370133
-0.236642536873473	0.0761450888689269
-4.41182236634418	2.21034035519034
-0.355104953248248	0.101967480674674
-1.0465244135449	0.412299764954399
0.653826927429073	0.205337088996143
0.658741078701816	0.207014004441108
1.95988292961267	0.441702177751728
0.154465593370314	0.0289479903375428
1.44981862951738	0.477799018830262
0.160221796316651	0.0401166927693931
3.63694507499105	1.42148992135626
1.95731570776637	0.441000340195791
0.945072510336007	0.247668267417156
3.26224218729945	1.1009233569627
-0.739337707457692	0.252266162743882
-0.424968543056862	0.177469299340613
1.60583756625488	1.11125580158597
3.63930219020844	1.42227110610744
-0.356952421866901	0.102502236157484
1.31310179325084	0.563385616536445
1.25579721554069	0.680542706830025
1.0472501359547	0.497556503187299
1.81235300959058	0.702242876396542
1.04169780172704	0.494121856474359
1.25579721554069	0.680542706830025
0.146922191196889	0.0431076767472804
-1.0419816315643	0.409976007162161
0.430937351269827	0.170174602935209
0.947163829875457	0.248276694926132
0.160583229502904	0.0401661733691417
1.81294103662311	0.70256079058948
2.10173504798347	0.924843834263361
-0.166972081756225	0.0597742269277735
3.6326714041979	1.41965046916025
1.95988292961267	0.441702177751728
1.95731570776637	0.441000340195791
-1.5292536270854	0.543488048058857
0.653826927429073	0.205337088996143
0.160221796316651	0.0401166927693931
1.81294103662311	0.70256079058948
-0.117715111446697	0.0468041560106054
1.55563768080424	0.755897558752995
0.948337549654709	0.248516516252871
-0.357247952587094	0.102560703144377
0.156070095129669	0.0391676647119387
-0.415116620386652	0.172916119993669
0.135930401959736	0.045112999214881
-1.14193838802885	0.344646219015582
-1.14111344283696	0.344497381350969
0.947635845528227	0.248244973505163
0.154311934860129	0.0289593414864238
1.95786695174359	0.441149378722158
2.34135533413392	1.14844291387782
0.155111385030128	0.0290417527313876
1.31183590793173	0.562694726030807
0.155067569950451	0.0290355764553768
1.95731570776637	0.441000340195791
0.944504519928106	0.247598335656165
1.95731570776637	0.441000340195791
1.95786695174359	0.441149378722158
2.75520320904554	0.763197913000704
1.81826867111223	0.704762090721195
-3.4599009305559	1.22709220959572
0.802138012530807	0.329972517070534
1.31070034384838	0.56184147035493
0.660932155782147	0.207694635746326
0.159859477622278	0.0400192334307773
0.670479674423801	0.308592907557702
2.72277391143415	1.63231901735076
-1.2941091808211	0.576975974922849
-0.167880062254655	0.0601000389710004
2.33706074348868	1.14515549915231
1.31218528243788	0.56311122145944
-0.36130712484679	0.103695538861668
2.10252540036319	0.925396731648863
1.81294103662311	0.70256079058948
0.134579360214552	0.0446820626093357
0.669975753795622	0.30798845763185
0.141195201809473	0.0415167743660916
0.425281606664403	0.167780963846818
-0.737745529684395	0.251848226779474
0.162125356869158	0.0404960611383205
3.26569824690609	1.10327543173781
1.0192751562055	0.379836783778508
0.659032643407672	0.20695576224899
2.75868832531345	0.765017792149168
1.95786695174359	0.441149378722158
2.75580772001712	0.763760469153332
0.144054213480702	0.0423469198905259
2.10345763612533	0.92603048253316
0.948905461162112	0.248586345985544
0.798324210831681	0.328230166540438
0.125014428422596	0.0471403293673712
3.63565166019344	1.42132833477826
-3.08216231491203	0.947551973079846
0.51245179464898	0.180728048354012
1.31395278889093	0.563876697752499
-0.536543629071067	0.201474262127947
0.143467885183021	0.0421790290070851
-0.628733247343677	0.151688343674084
0.160813493636874	0.0402291855562724
0.152050960400409	0.028630259939513
1.95786695174359	0.441149378722158
0.947635845528227	0.248244973505163
0.157370411029726	0.0293708256249034
3.92516768334333	1.70097969958265
0.154509067766894	0.0289541162362231
1.95786695174359	0.441149378722158
0.155067569950451	0.0290355764553768
3.26406378444313	1.10187162962723
1.95786695174359	0.441149378722158
-1.80123754984197	0.383647112861273
-1.79839614394125	0.382877807711208
2.75807933893485	0.764710363024488
0.155111385030128	0.0290417527313876
1.95731570776637	0.441000340195791
0.154509067766894	0.0289541162362231
0.154509067766894	0.0289541162362231
1.24864381476314	0.674778975998023
1.0238833519431	0.381787644807647
0.950287720870208	0.248999740475732
0.510619816865865	0.180113549991954
0.948905461162112	0.248586345985544
0.50755078071475	0.178917899343599
-0.738414128880846	0.252090639638632
-1.83105982818556	0.740099638711398
1.05312902244408	0.50058358545934
0.799449870454357	0.328747918236032
-0.0813771757937801	0.035789700940242
1.31183590793173	0.562694726030807
-0.236519085872564	0.0760782981535278
-2.08460819785075	0.94084287548003
-0.738670030097319	0.252119567169358
3.63395648950567	1.42026036401428
2.75580772001712	0.763760469153332
0.989685944983307	0.811338550089535
-0.149297962193678	0.0850110286783148
1.02626205148491	0.382823634565729
0.343068448104388	0.171439068373362
0.802704240998476	0.33025128123342
0.587054689786968	0.30294475460331
1.44105230587437	0.883923063375872
0.881259046897678	0.467343195983911
0.345417426227086	0.172769364558937
2.10252540036319	0.925396731648863
-1.14559783756009	0.346052129596875
1.95988292961267	0.441702177751728
-0.352036490485324	0.101122204058746
3.63565166019344	1.42132833477826
3.26508709738097	1.10261522135605
-0.628164901903538	0.15157555358925
1.95731570776637	0.441000340195791
-0.737745529684395	0.251848226779474
0.94820175004088	0.248479682375772
1.02558467001725	0.382518749728777
-1.5292536270854	0.543488048058857
3.26345542626113	1.10199860979414
-1.83132702405761	0.74028277145384
0.797760401782817	0.327916718359797
0.947635845528227	0.248244973505163
-1.1413415008172	0.344450233445194
0.65757421006213	0.206588655278929
0.15820382838182	0.0396092897578142
0.948337549654709	0.248516516252871
2.75520320904554	0.763197913000704
-1.79840965860499	0.382877827643389
0.156304884454214	0.0392194704826931
-0.742101285286405	0.253499136601578
1.95731570776637	0.441000340195791
0.15963091503218	0.0399802605532864
-1.1406575104342	0.344234513147494
0.94820175004088	0.248479682375772
2.75580772001712	0.763760469153332
0.154509067766894	0.0289541162362231
1.95731570776637	0.441000340195791
2.75641316563256	0.763778311858285
-0.628030265547787	0.151499678636842
1.95786695174359	0.441149378722158
0.159402290839324	0.0399177124259514
0.154311934860129	0.0289593414864238
0.155067569950451	0.0290355764553768
2.75641316563256	0.763778311858285
-0.354815349846941	0.101888689175609
-0.536671114051193	0.201606330220057
3.26508709738097	1.10261522135605
3.26284822825054	1.10169382604423
-0.742101285286405	0.253499136601578
1.31742436471332	0.565703873185492
-0.790981247304199	0.34324629444054
-0.240976410898063	0.0775300306973211
-3.76108876538849	1.48211039032061
0.51386494250992	0.181311218287051
0.162357836679133	0.0405597098553547
-0.536671114051193	0.201606330220057
-0.241543381848446	0.0777055848228126
0.778061237971599	0.463162695440141
0.127400928165014	0.0480444248477577
-0.172107354750232	0.0616237994837963
-0.806613464250832	0.440297416724532
-0.359141638818634	0.103112871302961
1.95786695174359	0.441149378722158
0.425065527869463	0.167656114427908
2.10636939831221	0.927285990182235
0.144389940892798	0.0424393237157952
0.499527832815012	0.316371350898373
0.805467397708516	0.331643487494376
-0.406843917254169	0.169211513226811
2.10021124048698	0.924077935460336
-0.234312185154952	0.0754304879292539
0.155111385030128	0.0290417527313876
0.797760401782817	0.327916718359797
2.75641316563256	0.763778311858285
-0.354525819937872	0.101778275735803
2.76097686654259	0.765783986906631
2.75580772001712	0.763760469153332
-1.14499995487719	0.345855392571373
0.144304320671072	0.0423970373819599
-1.79840965860499	0.382877827643389
0.943937640725668	0.24736392993685
-1.52614082474697	0.541895090059418
1.31126841403568	0.56233368703482
-1.14088544605048	0.344426431780091
-0.734865258526109	0.250732421647056
0.144054213480702	0.0423469198905259
0.663718669460888	0.208457802619674
0.162357836679133	0.0405597098553547
-0.737264204548701	0.251556002952819
0.154509067766894	0.0289541162362231
0.154509067766894	0.0289541162362231
0.155067569950451	0.0290355764553768
-0.628164901903538	0.15157555358925
1.95786695174359	0.441149378722158
-1.14523333483643	0.345843348749308
-0.628030265547787	0.151499678636842
0.154465593370314	0.0289479903375428
3.26284822825054	1.10169382604423
0.155067569950451	0.0290355764553768
0.154509067766894	0.0289541162362231
0.947635845528227	0.248244973505163
-1.79840965860499	0.382877827643389
2.75641316563256	0.763778311858285
-1.1413415008172	0.344450233445194
-0.628164901903538	0.15157555358925
-0.363196548838041	0.104223897327175
-2.5766529574574	0.657773148602288
-2.57660997484294	0.657538252319339
-1.52585303078124	0.541962051097293
0.424611273738373	0.167583555175302
0.661517102334111	0.207824976675168
0.654408135649179	0.205512311863459
-1.52896155531942	0.543366808154917
-0.171201121492568	0.0613083374431992
-1.1414839653338	0.344622990730584
1.76603086237792	0.968080196512967
0.947770742439721	0.248281535275256
-2.08258536505703	0.939450405182719
1.81176507224111	0.701716027060748
0.802704240998476	0.33025128123342
1.02363521199244	0.381873400117373
-0.74269218165825	0.253631177667885
0.159402290839324	0.0399177124259514
-0.355401168227563	0.102014834884787
-0.237212899766669	0.0763212805777045
0.661223086818105	0.207656588437818
1.44981862951738	0.477799018830262
0.883459415345703	0.468288237698106
-0.411455582564613	0.234765335214756
-0.236642536873473	0.0761450888689269
0.700071120544321	0.458809639720758
0.444571362235528	0.321316578348808
0.702746827846861	0.461211439775158
0.428631067442515	0.169230176789531
1.25717588580468	0.681336772174657
0.807177314700217	0.33225357951289
0.581203790122393	0.299494366211767
1.45198001091205	0.478658944297305
-1.69722223237915	0.956557235506187
1.07392795708274	0.653014942197049
1.31296915771995	0.563217318478537
0.154509067766894	0.0289541162362231
-2.57968420714322	0.659073447553718
-2.5766529574574	0.657773148602288
1.01961500222098	0.379984696878922
0.13041301345043	0.0433517092562305
0.658449623497539	0.206846818911275
1.95786695174359	0.441149378722158
0.154465593370314	0.0289479903375428
-2.5766529574574	0.657773148602288
-3.76529646610535	1.48477662035046
-4.01193246433531	1.72463037714346
0.155111385030128	0.0290417527313876
-0.354525819937872	0.101778275735803
0.157370411029726	0.0293708256249034
0.162125356869158	0.0404960611383205
1.32274474478692	0.567739549528655
-3.08203048704882	0.947509650360219
-0.355104953248248	0.101967480674674
0.948337549654709	0.248516516252871
-0.539661343528338	0.202765677037844
-1.83470480543889	0.742065970342523
3.26345542626113	1.10199860979414
0.157325350109871	0.02936446462458
1.95731570776637	0.441000340195791
0.154465593370314	0.0289479903375428
-2.57963910438406	0.659061212358043
-1.79839614394125	0.382877807711208
-3.08203048704882	0.947509650360219
1.02304894811125	0.381607715308403
-2.5766529574574	0.657773148602288
0.144054213480702	0.0423469198905259
0.943937640725668	0.24736392993685
-0.3523322595973	0.101168276473444
1.95988292961267	0.441702177751728
1.95731570776637	0.441000340195791
0.160813493636874	0.0402291855562724
-3.08556356757563	0.949512459473102
0.657477424666525	0.20641752360443
0.159859477622278	0.0400192334307773
3.63331351050508	1.42008896661082
-0.628733247343677	0.151688343674084
-1.79839614394125	0.382877807711208
-1.04630043534404	0.412061137796638
-1.04255649350425	0.410401789740815
-1.04313192494267	0.410517747694466
0.131814043124596	0.0438161720723548
-1.00395217666584	0.496433034650267
-1.48922312501415	1.04138216398357
0.660347295989593	0.207462296247491
-0.411927679691464	0.171559111174735
0.144640697621443	0.0425017414545061
-1.14111344283696	0.344497381350969
1.31621760221634	0.565072072441532
0.122878022189367	0.0524774303017056
-1.04687191417195	0.412486748895758
-1.29110511870394	0.575249388426856
0.369736154171671	0.163797194417226
-1.04290235412753	0.410559570501728
-0.789083391693148	0.34215026874497
-0.415718108031314	0.173116245300649
1.95731570776637	0.441000340195791
1.06005724652589	0.64094331057756
0.774140291421258	0.459713179819956
0.123626725166388	0.0466183439460429
0.427480972384198	0.325200148170879
1.75029220302626	1.35181162361839
1.76157139616501	0.965358710066719
0.151017216852493	0.0800586005958577
1.60524952835386	1.11086061091414
0.130075947991101	0.0555608156022176
0.513167244701502	0.180988618942657
2.01844002351847	1.90720257974071
-0.803572943144849	0.535289511805048
-0.161741213249533	0.0579719954170508
0.697230292760239	0.456792571533665
-1.48799978515012	1.04024579546187
0.802273091671679	0.329882237321236
-1.29894971744328	0.579925756370133
0.324931872029241	0.180005810279352
-1.80123754984197	0.383647112861273
0.162357836679133	0.0405597098553547
0.16045117802105	0.0401558290866076
-0.418699120063541	0.174624493913997
1.31543636736156	0.564668618767136
-1.00031169490348	0.493505974173506
-0.240976410898063	0.0775300306973211
2.75641316563256	0.763778311858285
1.95786695174359	0.441149378722158
-1.14499995487719	0.345855392571373
0.58275306088536	0.300543406969333
-0.236642536873473	0.0761450888689269
0.131814043124596	0.0438161720723548
0.509738797084365	0.17970407358381
-1.52554695498285	0.541620681553635
0.150139558066054	0.0439481510359518
-1.83072704109891	0.739930594937107
0.378797506404512	0.168264477916546
0.132382889280095	0.0439989008298304
0.15963091503218	0.0399802605532864
0.431070466345996	0.170227115144882
1.81264504950119	0.702404900566408
2.75520320904554	0.763197913000704
-2.5766529574574	0.657773148602288
2.75868832531345	0.765017792149168
-0.628299579656606	0.151558046801791
-2.0888812011404	0.943710245621911
0.658448437247608	0.206865271021461
0.155067569950451	0.0290355764553768
0.948905461162112	0.248586345985544
0.661223086818105	0.207656588437818
1.44862736407577	0.477555630338169
-1.80123754984197	0.383647112861273
0.154465593370314	0.0289479903375428
0.944504519928106	0.247598335656165
-0.628733247343677	0.151688343674084
1.95731570776637	0.441000340195791
2.75580772001712	0.763760469153332
0.154465593370314	0.0289479903375428
-0.746808236911364	0.255160904419701
1.95731570776637	0.441000340195791
1.95988292961267	0.441702177751728
-0.632424041671007	0.152580102364835
-1.79840965860499	0.382877827643389
-3.08203048704882	0.947509650360219
0.658157600688591	0.206837664845118
1.04687216507312	0.497472408891339
-1.04290235412753	0.410559570501728
0.373132843551181	0.165617533396105
2.3386469338706	1.1463460110087
0.128365329637129	0.054738664069392
2.3392177093588	1.14668438820198
0.144389940892798	0.0424393237157952
-0.626075023442282	0.151167646950723
-0.793429875895682	0.344404192761186
-0.737411368529038	0.251647475713659
0.511187733730715	0.180331422147582
0.67031140224908	0.308146609796731
0.128003827528337	0.0482344496818407
1.81264504950119	0.702404900566408
-0.739003822726622	0.252222384495429
1.81604086904786	0.704001590638153
0.144389940892798	0.0424393237157952
0.672812797155709	0.309654422171124
1.01985986214015	0.380041869937102
1.06497579950132	0.644868831893705
0.0486926319605554	0.0300138308622902
0.345115716023747	0.172584086500586
-0.32957820021637	0.15232381958644
-1.49157716445824	1.04608479532804
-0.670434356152933	0.40163781241793
0.449150930549755	0.325230512287508
-0.0116489901277023	0.00588600383390641
0.882351172371629	0.467564315220484
0.145739797715845	0.0772582828577757
-0.0611540055083738	0.03863532872469
0.122556771532012	0.046241413099629
-0.411746492353726	0.171554824556765
-0.667943132665949	0.399687185070704
0.529221789222177	0.30461075930615
-0.358848207258787	0.103009197892419
1.31451987093813	0.564351638075811
-0.62621301873586	0.15115097520137
0.805467397708516	0.331643487494376
1.04934203386098	0.498700980586011
-1.04255649350425	0.410401789740815
-3.08216231491203	0.947551973079846
-0.543250105928331	0.204305308908878
1.44862736407577	0.477555630338169
-1.14523333483643	0.345843348749308
-0.237212899766669	0.0763212805777045
0.660932155782147	0.207694635746326
0.160221796316651	0.0401166927693931
-0.234312185154952	0.0754304879292539
-0.239216268709345	0.0769712564401174
0.878803888280179	0.465243589924941
-0.789874992835508	0.342400986685966
-0.239216268709345	0.0769712564401174
1.25579721554069	0.680542706830025
0.135930401959736	0.045112999214881
1.31310179325084	0.563385616536445
-0.355394630173918	0.102015543768339
-2.57669595250488	0.657559862268914
-1.14088544605048	0.344426431780091
0.947635845528227	0.248244973505163
1.81235300959058	0.702242876396542
0.154465593370314	0.0289479903375428
-1.79839614394125	0.382877807711208
-3.0857009920368	0.949295045119167
0.144640697621443	0.0425017414545061
-0.414248785891065	0.172553623155678
-0.354519585455166	0.101776151388844
0.950426851449918	0.249037516760643
-0.240278820798337	0.0772929353381372
-2.57963910438406	0.659061212358043
1.95988292961267	0.441702177751728
0.154509067766894	0.0289541162362231
1.44862736407577	0.477555630338169
1.95786695174359	0.441149378722158
0.144389940892798	0.0424393237157952
0.157370411029726	0.0293708256249034
-1.79840965860499	0.382877827643389
-0.628599509856641	0.151612619227975
3.63629792702422	1.42164529184574
-0.628164901903538	0.15157555358925
0.952960668065698	0.249631740841768
0.155111385030128	0.0290417527313876
0.155067569950451	0.0290355764553768
-0.120167455299042	0.0478010740088029
-3.76500715654354	1.48473725010782
0.135413489226664	0.0578132039573497
-0.238649881872283	0.0768149363688191
1.04467439086358	0.495654476038041
-3.08542618523242	0.949198094742557
-0.354815349846941	0.101888689175609
-0.813335377667097	0.445360348910649
1.55507391974261	0.755498369683247
1.55357482739164	0.753998587470342
1.25308727931006	0.677893883554368
2.75807933893485	0.764710363024488
-1.2995232454581	0.579997913839283
0.584104905839828	0.301485438005613
0.162952579336367	0.0406858836130456
-1.1083052810932	0.763115610975735
-0.355104953248248	0.101967480674674
0.160221796316651	0.0401166927693931
0.806031822454127	0.331901204294119
0.670571388016324	0.308341959138758
1.05302168896472	0.50059162464074
1.04690378710311	0.497343192229306
1.04780700199927	0.497914055094941
0.656596864428374	0.206190386440451
0.800380368072435	0.329168985697583
0.510839396613925	0.180141996770445
1.25275088403046	0.6773633765589
0.144054213480702	0.0423469198905259
3.26224218729945	1.1009233569627
0.66698042724415	0.306554705615375
0.526988033731373	0.303339825390078
-1.11112767215023	0.766579733783713
-0.165306041400927	0.0592208118770727
-0.663447126941514	0.395906367327969
1.11609521827917	1.00374410967444
0.489067424308665	0.308518216192786
0.938718655097515	0.632855394368024
0.3260517192548	0.180529005105452
1.25788804854073	0.681410760369185
-2.30041902135912	1.14771664793519
-0.789874992835508	0.342400986685966
0.466646397627937	0.31728954614339
1.23312586255679	0.84726321858255
-0.628030265547787	0.151499678636842
-0.622602514066325	0.297951287862419
0.661225548064972	0.20772290984652
0.948337549654709	0.248516516252871
-0.359141638818634	0.103112871302961
0.156661115950913	0.0392800358899383
0.130752588085462	0.0492654896041968
0.125754317811352	0.0474157894684339
0.160221796316651	0.0401166927693931
0.156896734628332	0.0393320207188234
2.75580772001712	0.763760469153332
2.75580772001712	0.763760469153332
0.776479066310609	0.461588906829984
3.26284822825054	1.10169382604423
1.44958631087756	0.477702557005987
1.59550964698919	1.10080664200335
0.159992352718576	0.0400538861334557
0.130839837148547	0.0558138396767043
2.75807933893485	0.764710363024488
1.31543636736156	0.564668618767136
-3.76137421922742	1.48226291907169
-1.04221071709325	0.410198911511082
-2.49153887696394	1.3794831051551
1.95731570776637	0.441000340195791
-2.57660997484294	0.657538252319339
0.160583229502904	0.0401661733691417
-0.738414128880846	0.252090639638632
0.155067569950451	0.0290355764553768
-0.628733247343677	0.151688343674084
0.132382889280095	0.0439989008298304
-3.08556356757563	0.949512459473102
0.517679529031036	0.182559383699696
1.95786695174359	0.441149378722158
-0.626075023442282	0.151167646950723
2.75580772001712	0.763760469153332
-0.626075023442282	0.151167646950723
0.157370411029726	0.0293708256249034
0.948337549654709	0.248516516252871
-0.628299579656606	0.151558046801791
1.95731570776637	0.441000340195791
-3.08203048704882	0.947509650360219
0.94820175004088	0.248479682375772
2.75520320904554	0.763197913000704
3.63203016857434	1.41874839489518
0.948337549654709	0.248516516252871
0.802353086825023	0.329964914866132
1.75990348715341	0.963737800961195
-0.543338453486017	0.204199784090533
-0.628164901903538	0.15157555358925
-3.45967591146264	1.22746502283364
-0.352036490485324	0.101122204058746
0.659032459281836	0.207041754611057
1.93713252355331	1.18705609659435
0.661225548064972	0.20772290984652
0.144054213480702	0.0423469198905259
1.31621760221634	0.565072072441532
-1.29503373562381	0.577267948395295
0.658157600688591	0.206837664845118
0.140948251392809	0.041458274749763
-0.628516191143665	0.301330111365903
2.71767019805321	1.62734134389295
-0.0787909552849089	0.0346730484105952
0.144976980831471	0.0425943260188831
-0.234534484549801	0.0754746413023498
0.802207811651426	0.330062663722945
1.31451987093813	0.564351638075811
0.883846853632687	0.468705553411493
0.421828677837084	0.166370084244426
0.94820175004088	0.248479682375772
1.03656718976396	0.491100325692511
0.140023273435885	0.041219830052157
1.31253456967921	0.563091330038175
0.434271712381076	0.171521306650672
0.514998191803244	0.181676716913907
0.87388887239032	0.462227316778665
1.10753252090835	0.992356638437585
-0.689882741482277	0.551055404566821
1.74535178253652	1.34736777454422
0.647637877258657	0.461674572169995
-0.0102866478219371	0.00523158263984477
-1.73397885878577	1.46555717962312
-0.410597999582018	0.234250839874387
-1.11266347664137	0.768287809961015
0.88597423800517	0.470053313135035
0.123819089900801	0.0466999860646617
2.10399981041024	1.43942472194576
-0.509766296558063	0.269560889619866
0.492444614593417	0.311107956878425
0.153279132821243	0.0813292288133733
-0.354229439997714	0.101697261087168
0.579394843356813	0.298618840642394
0.667910039261565	0.30706346862549
0.313227947341565	0.203483739267921
0.1330827989725	0.0442077225266119
-0.738414128880846	0.252090639638632
-0.355112179440658	0.101904546481095
0.162952579336367	0.0406858836130456
-0.628733247343677	0.151688343674084
-1.14171114622793	0.344693702322242
1.81115625615482	0.701436048499222
0.155111385030128	0.0290417527313876
1.81294103662311	0.70256079058948
1.81205656672306	0.701877636994275
0.15963091503218	0.0399802605532864
0.154509067766894	0.0289541162362231
-1.18460293939519	0.661416192397193
-0.414582700218	0.172696165251637
0.134446827346684	0.044648821058174
2.10430087590064	0.92608275519231
-4.41569932182186	2.2153935768134
1.04703892798642	0.497162533983788
-1.52468217246603	0.541450953371581
1.30898590240314	0.561115575362232
1.95731570776637	0.441000340195791
-1.14193838802885	0.344646219015582
-0.354525819937872	0.101778275735803
0.154509067766894	0.0289541162362231
-1.79839614394125	0.382877807711208
-1.79839614394125	0.382877807711208
-1.14111344283696	0.344497381350969
1.25368012065866	0.678376263809774
0.661225548064972	0.20772290984652
1.95731570776637	0.441000340195791
0.162357836679133	0.0405597098553547
-3.46276423195498	1.22902448571158
0.154465593370314	0.0289479903375428
-2.5766529574574	0.657773148602288
0.154509067766894	0.0289541162362231
1.95786695174359	0.441149378722158
0.154509067766894	0.0289541162362231
0.154465593370314	0.0289479903375428
1.95786695174359	0.441149378722158
-0.742186336237652	0.253369233953609
-0.354229439997714	0.101697261087168
-0.628164901903538	0.15157555358925
0.154465593370314	0.0289479903375428
-0.628164901903538	0.15157555358925
2.10252540036319	0.925396731648863
0.132732885510209	0.0441080605497273
0.156661115950913	0.0392800358899383
1.01961500222098	0.379984696878922
0.13125430574639	0.0494561793802337
-0.628599509856641	0.151612619227975
-0.355104953248248	0.101967480674674
0.51408290047205	0.181384498788784
0.339152358087674	0.169136307644266
2.25548297708173	1.7226368784195
0.656894206098884	0.206287716765961
0.130658069144789	0.0492298941542097
1.02338601426445	0.38161996773056
0.425842843580689	0.168023318876402
0.513516136888496	0.181178716343693
1.0914061116154	0.826111893998565
0.661811042100157	0.2078534144171
0.667910039261565	0.30706346862549
0.882351172371629	0.467564315220484
0.806382919129529	0.331954183712481
-0.507905861404418	0.268372224830245
1.30842279896953	0.560888896280948
0.8804110252599	0.466091387895369
0.511755072041239	0.180523302881905
0.376286778136865	0.166956339676594
0.584893231275224	0.301576967339416
1.02455981174032	0.382091874796033
0.425281606664403	0.167780963846818
0.120313607013079	0.045423239090566
0.572055725778403	0.457401448379836
-0.115296761585483	0.0684259826563083
-0.172323794216928	0.061695096887414
-0.32440993230369	0.149592506469743
-0.624773794560314	0.298987479143815
-0.200078967412888	0.108293332089392
-0.201627925340883	0.109260957329778
0.16030703417754	0.0922134588653651
1.09172133900279	0.82733297377506
0.313579103364266	0.189617651914038
0.131502389184024	0.063086206739737
1.02363521199244	0.381873400117373
0.340409059882159	0.169860397551539
0.374415285500742	0.166142250247248
-2.08911637827436	0.943898849288905
0.316736406061773	0.191895658287928
-0.0397111993831533	0.0189742651368284
0.132513899668301	0.0440249398537092
-0.628243335554657	0.30121752247215
-0.354519585455166	0.101776151388844
-0.738079783119958	0.251987608125061
-0.35569023027487	0.10209347470967
-1.04779140371951	0.412732841654536
0.658741078701816	0.207014004441108
1.81323362267005	0.702723165703649
-1.79840965860499	0.382877827643389
3.26569824690609	1.10327543173781
2.75868832531345	0.765017792149168
-0.352036490485324	0.101122204058746
0.950998501270056	0.249196467275389
1.81633531763119	0.703887329894944
1.95731570776637	0.441000340195791
0.373504015970365	0.165719506035071
1.45138090115721	0.478568850670936
-0.628164901903538	0.15157555358925
-0.354815349846941	0.101888689175609
-0.414583729189825	0.172844740940255
-0.539312347732804	0.202625351504848
0.94820175004088	0.248479682375772
0.94820175004088	0.248479682375772
3.26224218729945	1.1009233569627
-0.628030265547787	0.151499678636842
2.75580772001712	0.763760469153332
0.160221796316651	0.0401166927693931
-3.08189869996978	0.9470994296719
0.658157600688591	0.206837664845118
0.948905461162112	0.248586345985544
1.95786695174359	0.441149378722158
-0.628599509856641	0.151612619227975
0.950426851449918	0.249037516760643
-1.80123754984197	0.383647112861273
1.95988292961267	0.441702177751728
-1.79840965860499	0.382877827643389
0.948337549654709	0.248516516252871
-2.5766529574574	0.657773148602288
-0.63185471444008	0.152466960619287
-2.57660997484294	0.657538252319339
0.155067569950451	0.0290355764553768
-0.628867026021838	0.151670609188118
1.95786695174359	0.441149378722158
1.95786695174359	0.441149378722158
-2.4956135361193	1.382975059296
0.658741078701816	0.207014004441108
0.663422627847196	0.208288477111549
1.02190239796348	0.380920127363489
-1.52527766014307	0.541726073904961
0.802918643333599	0.330207493215053
1.55413915094178	0.754287920214899
1.04878615303112	0.49819821900345
0.946592090327999	0.248117976822064
0.660640141500972	0.207490447031014
1.07075230082482	0.650311109491724
0.668169269084798	0.307180828373381
1.3804383662781	1.0645664454516
1.04746072672504	0.497700711342051
0.704711677510469	0.463391578024093
0.653826927429073	0.205337088996143
1.13736977309775	1.16841358596522
1.60224562976967	1.10615903644753
0.513297440290374	0.181056085890725
0.660932155782147	0.207694635746326
1.43232562132151	0.876083329754825
1.24923680785857	0.675374574455104
-1.51250283169498	0.761893695753477
1.43860739687104	0.881045797732577
0.137992233769885	0.0457542226421718
1.22897522271084	0.842363225880004
-0.810611538250955	0.443339445574606
0.327300283493511	0.181381559150352
-4.22547404239284	1.96366948140393
-0.194573537798328	0.105174532934789
0.127651677266186	0.0424864772644231
0.129594610798128	0.0621125717019867
4.37246862085129	2.22501493733621
-0.326388583670354	0.150459579345173
-0.631921563015673	0.30332819832855
-0.785720368096092	0.340476144248071
0.159402290839324	0.0399177124259514
1.07331886117734	0.652443585048616
0.879179400777076	0.465727337740917
0.948768757521975	0.248549269795159
-1.52984634403446	0.54376252749597
-1.52585303078124	0.541962051097293
-1.13895833229548	0.343813220888229
-0.738002720964575	0.251779850607704
0.143231568712453	0.0420634101782781
1.81797148254981	0.704596952092508
1.81264504950119	0.702404900566408
2.75520320904554	0.763197913000704
0.948905461162112	0.248586345985544
-0.63185471444008	0.152466960619287
-0.735122504035354	0.250746836229491
-0.737745529684395	0.251848226779474
1.01810403870788	0.379203855378532
0.159992352718576	0.0400538861334557
0.420710921124661	0.165871172191323
0.155111385030128	0.0290417527313876
-1.1447666380351	0.34569313996721
-0.739003822726622	0.252222384495429
-1.79840965860499	0.382877827643389
1.95786695174359	0.441149378722158
1.95988292961267	0.441702177751728
0.154509067766894	0.0289541162362231
-0.175564770680714	0.0628506785144863
-0.628599509856641	0.151612619227975
0.159992352718576	0.0400538861334557
0.15963091503218	0.0399802605532864
0.512769172128037	0.180759806127899
1.95731570776637	0.441000340195791
0.154509067766894	0.0289541162362231
1.45078261646269	0.478218161496633
0.947770742439721	0.248281535275256
-0.62621301873586	0.15115097520137
0.155111385030128	0.0290417527313876
-0.355104953248248	0.101967480674674
0.950287720870208	0.248999740475732
1.4480329582247	0.477161868008032
-1.1413415008172	0.344450233445194
0.152050960400409	0.028630259939513
-0.626075023442282	0.151167646950723
-0.736586565970025	0.251242066595204
-1.14111344283696	0.344497381350969
-1.52527766014307	0.541726073904961
1.31742436471332	0.565703873185492
-0.789083391693148	0.34215026874497
0.162952579336367	0.0406858836130456
0.511755072041239	0.180523302881905
0.657866689740957	0.206670742493303
0.699264801562772	0.45890644150918
1.31707371804938	0.565285221866794
1.81235300959058	0.702242876396542
-0.120705980641787	0.0479830037605722
0.514431860453614	0.181517099423547
0.740143355173867	0.724893971447333
0.51386494250992	0.181311218287051
0.660347295989593	0.207462296247491
0.427165924201302	0.1685512930904
0.159859477622278	0.0400192334307773
0.513167244701502	0.180988618942657
-0.788395480319902	0.341804995882944
0.670571388016324	0.308341959138758
0.658741078701816	0.207014004441108
0.511003196816671	0.180124792682429
1.02304894811125	0.381607715308403
0.886621193111568	0.470711538389859
-0.0811474412009062	0.0356903997730397
-2.30135040709624	1.14829181495397
-0.80817198828208	0.441228939518888
1.76080743527667	0.965082451079631
0.885276963514558	0.469599954599376
-0.116798931417201	0.0464504059922324
-1.04186502485552	0.409908817117415
0.136787961909379	0.0584341792268259
0.347504227803246	0.173732508531155
0.136232409391936	0.0652977139166454
-0.0410063169891733	0.0195833477732505
-0.418432324070287	0.17452805778287
-0.237212899766669	0.0763212805777045
1.23123371779755	0.845097483012058
0.13041301345043	0.0433517092562305
1.31240282325545	0.562988742832529
1.02480914386846	0.382191050766977
0.510051323737923	0.179850968444512
-0.624515637931586	0.299231145339758
0.943937640725668	0.24736392993685
1.44862736407577	0.477555630338169
-1.79839614394125	0.382877807711208
-0.238300485260816	0.0767056206772632
0.948337549654709	0.248516516252871
1.02592340208434	0.382810966482796
0.162952579336367	0.0406858836130456
2.33842592547281	1.14619164851825
0.660638687988492	0.207526442563452
0.124414451363141	0.0469555832619546
1.0472501359547	0.497556503187299
-0.628867026021838	0.151670609188118
0.157370411029726	0.0293708256249034
0.154465593370314	0.0289479903375428
2.75580772001712	0.763760469153332
1.95786695174359	0.441149378722158
-3.08203048704882	0.947509650360219
3.26569824690609	1.10327543173781
1.95988292961267	0.441702177751728
1.95988292961267	0.441702177751728
0.94820175004088	0.248479682375772
-0.628733247343677	0.151688343674084
-3.08216231491203	0.947551973079846
2.54614231756351	1.37953151874953
1.45114635521655	0.478471348903038
2.10173504798347	0.924843834263361
1.95786695174359	0.441149378722158
2.75520320904554	0.763197913000704
-1.79840965860499	0.382877827643389
-1.14111344283696	0.344497381350969
2.75580772001712	0.763760469153332
0.155067569950451	0.0290355764553768
2.75641316563256	0.763778311858285
2.75580772001712	0.763760469153332
1.95731570776637	0.441000340195791
1.95786695174359	0.441149378722158
0.154465593370314	0.0289479903375428
-2.57669595250488	0.657559862268914
0.14556417703739	0.0427370982099398
-3.0857009920368	0.949295045119167
3.9275816800867	1.70263786398349
-1.79839614394125	0.382877807711208
-0.168663393721381	0.0603724956040683
0.162357836679133	0.0405597098553547
4.16416878488742	1.96341587712626
1.81574571371452	0.703837629137609
1.02271178737872	0.381316878019672
2.5452226219926	1.378586498706
1.32089519817333	0.567130449722235
0.133494205957342	0.0502794825774846
0.155067569950451	0.0290355764553768
1.95786695174359	0.441149378722158
2.10252540036319	0.925396731648863
0.67374098604665	0.310203332995967
1.56028411647763	0.757949262675408
1.04795451865138	0.497656496642998
0.588405870825793	0.304001827564856
0.155067569950451	0.0290355764553768
3.26508709738097	1.10261522135605
0.883459415345703	0.468288237698106
1.45331304696192	0.47899741335022
-0.355401168227563	0.102014834884787
0.144725574883443	0.0425191258680454
0.585963612037222	0.302734251511687
-1.04021595924619	0.409215240728406
0.138298265480237	0.0590452968047927
4.16480743748042	1.96391658672842
1.25016529401374	0.67594617648207
1.81545080408239	0.703738180326379
0.986336797544748	0.808289462090963
0.0351787207104812	0.0204666691067117
0.799097783580045	0.328494942133771
0.144725574883443	0.0425191258680454
-0.41741669704243	0.238770272279064
-1.8300617404783	0.739244520230481
-0.625420064790819	0.299364667533995
-0.0738214879395876	0.0325386172378161
-0.560530028292524	0.358942113075518
-0.0343695793742259	0.0164935358365607
0.428285671446016	0.169094775343879
-0.624552065460917	0.298912713773585
-0.510418274488785	0.269902179155575
-2.1343453315341	1.6430716503046
0.510619816865865	0.180113549991954
-0.237461264314549	0.155778645960959
0.883522598319616	0.46852696737076
0.126850400325993	0.0541601948700295
0.84166610394258	0.766356561178129
1.02212623462815	0.380948102315312
-1.14536534536015	0.34589005605433
1.81545080408239	0.703738180326379
-0.626075023442282	0.151167646950723
-1.52527766014307	0.541726073904961
0.160946012629139	0.040173329737006
-0.164527160147053	0.0589422882015183
0.155067569950451	0.0290355764553768
3.63395648950567	1.42026036401428
1.81294103662311	0.70256079058948
-1.1414839653338	0.344622990730584
0.15963091503218	0.0399802605532864
-0.240627572806769	0.0774207528438286
1.44839669376933	0.477459847846965
1.04836317982236	0.498217822369961
-0.233964530152622	0.0753172914260115
1.7558818285849	1.36120775302982
-0.352915395102444	0.101358152963712
3.26345542626113	1.10199860979414
0.947163829875457	0.248276694926132
1.95731570776637	0.441000340195791
2.75807933893485	0.764710363024488
0.157370411029726	0.0293708256249034
1.95731570776637	0.441000340195791
-2.5766529574574	0.657773148602288
0.154509067766894	0.0289541162362231
0.948337549654709	0.248516516252871
0.154465593370314	0.0289479903375428
0.160221796316651	0.0401166927693931
-0.631994988626399	0.152498044571477
-1.79840965860499	0.382877827643389
-2.5766529574574	0.657773148602288
-2.5766529574574	0.657773148602288
0.661223086818105	0.207656588437818
-2.57968420714322	0.659073447553718
1.95988292961267	0.441702177751728
1.95731570776637	0.441000340195791
0.948768757521975	0.248549269795159
1.95731570776637	0.441000340195791
-1.1413415008172	0.344450233445194
-0.230712570441327	0.0742666476260239
0.802704240998476	0.33025128123342
1.81323362267005	0.702723165703649
-1.5292536270854	0.543488048058857
0.144389940892798	0.0424393237157952
1.02338601426445	0.38161996773056
0.140609521820489	0.0413743325045252
0.659324643575319	0.207123110468657
0.657866689740957	0.206670742493303
1.31253456967921	0.563091330038175
0.132732885510209	0.0441080605497273
0.135497064378108	0.0449728061554857
0.134663561206417	0.0447043906173227
2.75580772001712	0.763760469153332
3.92452877652187	1.70087632208659
0.146670376003709	0.0430346600388633
1.44981862951738	0.477799018830262
0.129605375797865	0.048824572939505
0.144054213480702	0.0423469198905259
1.30386805857521	0.558190303151464
0.422386530780278	0.166593415832503
0.668959447651159	0.307697909547482
0.132164012775708	0.0439252834614193
0.136861270958273	0.0453939461531857
0.509876478641146	0.179762262788489
0.144304320671072	0.0423970373819599
-0.793305877820496	0.344462091426673
-2.13623846275178	1.64758262111222
3.26284822825054	1.10169382604423
-2.30065661297022	1.14788322958659
-0.169950858785796	0.0608368727720565
0.37719892423885	0.167428598365971
1.22628101138782	1.02946852864152
0.574800752940181	0.460214435644997
-0.503669907155829	0.381497015072189
-0.942852753489797	0.697659334723358
-0.69308677166462	0.554254245545766
-0.666002721121228	0.397903920588439
0.150615569862954	0.0798245367337306
0.323090723804887	0.179010326113571
0.0369862947463007	0.0215611396672762
1.04557901596628	0.496342633681703
0.531517297622752	0.306320740836884
-0.46614015263495	0.312523989311675
1.52472215212596	1.30525854095755
0.880151515451718	0.46637679203864
0.158023230324133	0.0839533985426658
-0.622280141343316	0.297793777237155
-0.333122553921604	0.153982889620527
-0.261111530257411	0.132122400834976
-2.30076598465326	1.14787782347651
0.159859477622278	0.0400192334307773
-2.5766529574574	0.657773148602288
-0.354519585455166	0.101776151388844
-1.52525862148376	0.541687313963439
1.45054889854294	0.478121061898946
0.159992352718576	0.0400538861334557
1.45138090115721	0.478568850670936
0.950998501270056	0.249196467275389
1.44509906384746	0.476148552116978
1.0239728358881	0.381885834911352
0.65757421006213	0.206588655278929
-0.534032698929875	0.200474562335257
0.155111385030128	0.0290417527313876
2.10114269367742	0.924635433318668
-0.162645023142981	0.0582934318085609
-1.80123754984197	0.383647112861273
0.157325350109871	0.02936446462458
1.95988292961267	0.441702177751728
-1.79840965860499	0.382877827643389
1.95988292961267	0.441702177751728
-2.5766529574574	0.657773148602288
0.160221796316651	0.0401166927693931
0.944504519928106	0.247598335656165
-4.01957111035614	1.72991145987686
-1.1406575104342	0.344234513147494
-1.1414839653338	0.344622990730584
-1.14111344283696	0.344497381350969
0.50755078071475	0.178917899343599
0.94820175004088	0.248479682375772
0.948768757521975	0.248549269795159
0.155111385030128	0.0290417527313876
2.10080345028195	0.924400736993524
0.154465593370314	0.0289479903375428
1.44862736407577	0.477555630338169
-2.5766529574574	0.657773148602288
-0.355104953248248	0.101967480674674
-1.79840965860499	0.382877827643389
1.95786695174359	0.441149378722158
0.948337549654709	0.248516516252871
1.81515619836297	0.703574555319196
-0.5431188895219	0.204245277624117
0.510839396613925	0.180141996770445
-1.04021595924619	0.409215240728406
-1.14914601884225	0.347138431595007
-0.359141638818634	0.103112871302961
0.161043695584893	0.0402684742968713
0.159992352718576	0.0400538861334557
0.884171043725458	0.468743896126079
0.141967130194531	0.0417132288760272
0.430167567859913	0.169808421907507
0.510271633266051	0.179924314863983
1.7594787819258	0.963664569613647
1.38167692737954	1.06471275483777
0.670906859207156	0.308500067147838
1.0472501359547	0.497556503187299
0.428631067442515	0.169230176789531
-0.508101504150183	0.268556831921681
1.74437222263518	1.34501014730074
1.02363521199244	0.381873400117373
0.989685944983307	0.811338550089535
-0.0827779879102081	0.036399718605894
2.72221471940598	1.63161181872182
1.9442189987784	1.1936715042042
0.657866689740957	0.206670742493303
-3.76108876538849	1.48211039032061
0.848342981026311	0.624877740593104
-0.543600187389582	0.204393526545073
-0.742354946133043	0.253440043281208
0.139684630056245	0.0411185419267414
1.02533495299364	0.382457756692076
0.138533784789969	0.0664565050595254
1.25914688960828	0.682756054019572
0.372743868086512	0.16529941656091
-0.936925108912905	0.692084844169809
0.134485569272454	0.0573994714779513
-0.340855136909298	0.206658954276029
-1.051045679448	0.848421602114341
-0.621042482452693	0.297116692953715
1.6785333965376	1.94963952990099
0.698581305383364	0.457984580287106
0.315561908844169	0.191138022536611
0.670831219986141	0.308462665871979
-1.0075202234291	0.4987397956021
-0.464275361188111	0.310842385096228
0.137241747959079	0.0658054864748649
-1.10967490972367	0.765674641364894
-0.807547420066161	0.440867270911814
-1.51170809593199	0.761452815094782
1.31131552912942	0.562420854049402
0.143467885183021	0.0421790290070851
1.55265783773452	0.753699130068357
-0.359435145573547	0.103170722743079
-0.236642536873473	0.0761450888689269
-0.237212899766669	0.0763212805777045
-0.738670030097319	0.252119567169358
1.25357639446184	0.679092116889119
0.139684630056245	0.0411185419267414
0.948337549654709	0.248516516252871
1.44981862951738	0.477799018830262
2.34428714005014	1.15007845209507
0.653826927429073	0.205337088996143
1.04836317982236	0.498217822369961
1.02617238539361	0.38275777208832
0.156661115950913	0.0392800358899383
0.157370411029726	0.0293708256249034
-1.14193838802885	0.344646219015582
0.950858461556905	0.2491584305819
-1.79840965860499	0.382877827643389
-1.52246182960607	0.540465661800635
0.154509067766894	0.0289541162362231
-0.354809804669678	0.101824397658975
-3.08203048704882	0.947509650360219
-1.79840965860499	0.382877827643389
-3.76500715654354	1.48473725010782
2.75580772001712	0.763760469153332
2.75641316563256	0.763778311858285
0.157370411029726	0.0293708256249034
0.948337549654709	0.248516516252871
0.159859477622278	0.0400192334307773
-1.79840965860499	0.382877827643389
2.75580772001712	0.763760469153332
0.657866689740957	0.206670742493303
2.34135533413392	1.14844291387782
-0.628164901903538	0.15157555358925
0.152050960400409	0.028630259939513
-1.03998820725116	0.409113309598422
-0.627598197564051	0.300860032383781
0.653826927429073	0.205337088996143
-0.412261031351047	0.171714138801548
-1.05142448722124	0.41439445041073
-0.323322096708705	0.149188943317618
1.02533495299364	0.382457756692076
1.81264504950119	0.702404900566408
0.799659602397903	0.328669310394552
0.517113632980752	0.182385971564448
0.16045117802105	0.0401558290866076
0.374077768613044	0.165818583952208
1.01985986214015	0.380041869937102
0.154509067766894	0.0289541162362231
0.593454360913331	0.307072022189241
0.529582344156348	0.305303818112092
-0.624824451696218	0.299085257385298
0.654408135649179	0.205512311863459
0.805116244112889	0.331471066458395
-1.4886027236113	1.04084402990244
-0.169353526647245	0.0605927748191673
0.50952600895777	0.179673416398791
0.425281606664403	0.167780963846818
0.134446827346684	0.044648821058174
0.948337549654709	0.248516516252871
0.676182664759537	0.311605857683786
1.31742436471332	0.565703873185492
0.143467885183021	0.0421790290070851
-0.804586302088995	0.536576122678754
0.58809258340558	0.303772057806143
-0.117660477054644	0.0467865531553836
-0.329770647368486	0.152300665435464
0.468260319555637	0.31874016658616
3.92516768334333	1.70097969958265
0.88261256714855	0.467807154334079
0.50776496866365	0.179019570667438
0.133142839040939	0.0568208455015268
0.506850875189508	0.178656463900139
-0.504657345698144	0.266343563170319
-0.554792118280615	0.354653186400212
-0.792396830153744	0.344017820558448
3.70655902078206	4.42813393830157
-0.0445285117474655	0.0212234532327812
0.58657978760058	0.30312760472504
0.130657133985458	0.055726465560363
-0.11512189478062	0.0458130318128354
1.02455981174032	0.382091874796033
1.04913228358011	0.498411474435078
0.374933422580566	0.16625772778587
-0.0775335080082925	0.0341172758140013
-0.414849585401539	0.172825872337049
0.422040479715549	0.166403584249267
1.31296915771995	0.563217318478537
-0.540836580077605	0.203369627038744
-1.83238513754881	0.740761304659517
-0.3523322595973	0.101168276473444
-0.354815349846941	0.101888689175609
-0.632424041671007	0.152580102364835
0.944504519928106	0.247598335656165
0.135400381642412	0.0399126036308379
1.55563768080424	0.755897558752995
2.75868832531345	0.765017792149168
3.26406378444313	1.10187162962723
-0.631994988626399	0.152498044571477
1.95988292961267	0.441702177751728
0.162125356869158	0.0404960611383205
1.95731570776637	0.441000340195791
-0.628867026021838	0.151670609188118
-1.14523333483643	0.345843348749308
3.26345542626113	1.10199860979414
0.155111385030128	0.0290417527313876
1.81545080408239	0.703738180326379
-0.53874057789979	0.202401825815006
-1.79839614394125	0.382877807711208
-1.79839614394125	0.382877807711208
0.159992352718576	0.0400538861334557
0.947770742439721	0.248281535275256
-0.628164901903538	0.15157555358925
1.44958631087756	0.477702557005987
0.155111385030128	0.0290417527313876
0.947770742439721	0.248281535275256
-1.14088544605048	0.344426431780091
1.95786695174359	0.441149378722158
0.155111385030128	0.0290417527313876
-2.57963910438406	0.659061212358043
-0.628733247343677	0.151688343674084
1.0238833519431	0.381787644807647
-1.53105076095787	0.544124626485143
0.128431434764688	0.0427214136286789
0.159402290839324	0.0399177124259514
0.14380305748793	0.042271222114559
0.15547989361324	0.039031965106125
0.527578604752974	0.303709014226356
0.654121684946124	0.205433467520013
0.582439476614043	0.300374349088181
-0.326701435000739	0.150635968932603
0.123555562714425	0.0466077516946964
0.159036592116599	0.0397877345506797
0.658449623497539	0.206846818911275
0.379020836927846	0.16824941368642
1.8138222857108	0.70292085392477
1.23282184412205	0.847050726361095
0.51408290047205	0.181384498788784
-0.117984276991248	0.0469113915138907
0.534821858109376	0.309160180297409
0.14556417703739	0.0427370982099398
-0.417764990192744	0.174212377460942
0.159402290839324	0.0399177124259514
-0.23522957281847	0.0756912588669357
0.125085786448965	0.0471836584371826
-0.73955895107728	0.252503873418029
-0.414248785891065	0.172553623155678
-1.50548263846326	0.756965523445421
-0.35262379016767	0.101278913820777
1.07075230082482	0.650311109491724
-1.70045193992328	0.959389000268318
1.2523964405748	0.678127150547035
1.04023849222891	0.493343152511521
0.941539967669654	0.635876946879287
0.510301546145278	0.179862312054923
0.144385246238792	0.0694385377165542
0.49516720309176	0.31344970604071
0.132972093147608	0.0568179657905118
1.31685844911644	0.565253656635589
0.347160169107215	0.173532012724072
0.143727197928134	0.069043438203988
-0.621615292877024	0.297645337540775
-1.86218881611503	1.17049077336732
-0.0800483973605086	0.0352154945047399
-0.412571771023346	0.23570354521143
1.25460848783248	0.679060492763701
1.76884766063898	0.970416202522007
0.584578935507783	0.301384393607091
0.148691611613207	0.0787460175858861
-0.411396616732374	0.171295832500664
-1.29825184667106	0.579597355540298
0.298729317891969	0.20509563772479
2.24952233813215	1.71610661160403
0.154311934860129	0.0289593414864238
0.144138136643148	0.0423508720464565
0.948337549654709	0.248516516252871
0.510967914253512	0.180245566763838
-0.737824274342293	0.251781339210884
-2.5766529574574	0.657773148602288
0.950287720870208	0.248999740475732
0.144725574883443	0.0425191258680454
0.803269824230379	0.33049399469318
1.44862736407577	0.477555630338169
-2.5766529574574	0.657773148602288
0.155067569950451	0.0290355764553768
-3.08542618523242	0.949198094742557
0.154509067766894	0.0289541162362231
1.95988292961267	0.441702177751728
1.95786695174359	0.441149378722158
-0.628733247343677	0.151688343674084
0.154509067766894	0.0289541162362231
1.95786695174359	0.441149378722158
0.660638687988492	0.207526442563452
-2.5766529574574	0.657773148602288
-0.628599509856641	0.151612619227975
0.162357836679133	0.0405597098553547
0.155111385030128	0.0290417527313876
0.154465593370314	0.0289479903375428
0.94820175004088	0.248479682375772
3.26345542626113	1.10199860979414
0.156304884454214	0.0392194704826931
1.02651128578825	0.383050193875148
0.15144823932183	0.0285426379557898
0.154509067766894	0.0289541162362231
1.95786695174359	0.441149378722158
-0.632563406792844	0.152610991116788
-1.00428527958743	0.496616726867449
1.81323362267005	0.702723165703649
-0.11706780556092	0.0465584081549706
2.10055021952577	0.924312412659368
0.947635845528227	0.248244973505163
0.678609860108498	0.312621969538109
0.666385345775343	0.306202110873003
0.660347295989593	0.207462296247491
0.801084517559327	0.329506929263352
0.947770742439721	0.248281535275256
-1.52585303078124	0.541962051097293
3.26284822825054	1.10169382604423
0.51386494250992	0.181311218287051
1.81176507224111	0.701716027060748
3.63331351050508	1.42008896661082
0.667315577413551	0.306736150645152
0.421616261221355	0.166276240508206
0.14027070998759	0.0412729382935957
0.14556417703739	0.0427370982099398
1.31275235192293	0.563405500186811
0.660638687988492	0.207526442563452
0.511406581218177	0.180333732150807
-0.355401168227563	0.102014834884787
4.16730154885901	1.96585814036702
0.131850096082115	0.0496765164754003
0.653245802516738	0.205089848433872
0.135364021327178	0.0449437078279942
0.132164012775708	0.0439252834614193
-0.172146935477652	0.0616689663411184
-0.241892151565733	0.0777967682855961
-1.04232764455762	0.41013375079511
-2.65427985709144	1.61948626480728
-1.14088544605048	0.344426431780091
-1.52955481711501	0.543641482939636
-1.1413415008172	0.344450233445194
-1.1414839653338	0.344622990730584
0.806244384688032	0.331915295133442
0.802138012530807	0.329972517070534
1.02271178737872	0.381316878019672
0.127405387111306	0.0480111839782604
1.06664538573783	0.647260521821468
-0.00629032798137975	0.00323732414026409
0.695212716038234	0.454872450493791
-0.556387577313392	0.355744922540121
0.170838267024065	0.10528034976037
-0.154241285191041	0.0879800951941539
-0.32852376495645	0.1516940327181
0.511187733730715	0.180331422147582
0.342418445966623	0.171057767476948
-0.0108165317881156	0.0054729555448719
0.642430287060283	0.456544824527462
1.25591455534448	0.680097858973745
0.128338588542606	0.0483629401375905
1.02651128578825	0.383050193875148
0.132951093876262	0.0441757525557606
0.161043695584893	0.0402684742968713
-1.1414839653338	0.344622990730584
1.02363521199244	0.381873400117373
2.3415744993868	1.14854547995181
-0.628733247343677	0.151688343674084
-2.49458520094053	1.38231611515781
0.948337549654709	0.248516516252871
0.660932155782147	0.207694635746326
2.75868832531345	0.765017792149168
1.81604086904786	0.704001590638153
0.15144823932183	0.0285426379557898
1.95786695174359	0.441149378722158
-1.79840965860499	0.382877827643389
-0.35262379016767	0.101278913820777
-1.79840965860499	0.382877827643389
2.75641316563256	0.763778311858285
-0.359725191866461	0.103238313016327
0.157325350109871	0.02936446462458
-3.08229418357021	0.947231644170671
0.948337549654709	0.248516516252871
-1.14171114622793	0.344693702322242
-1.79840965860499	0.382877827643389
1.95731570776637	0.441000340195791
3.26406378444313	1.10187162962723
-0.735201728577998	0.25087231236032
0.948337549654709	0.248516516252871
0.155067569950451	0.0290355764553768
-0.73587491106309	0.251021106469488
0.947163829875457	0.248276694926132
0.154465593370314	0.0289479903375428
-1.80123754984197	0.383647112861273
-1.52304226528151	0.540703452519057
-1.18054210061732	0.657967863762949
2.10636939831221	0.927285990182235
3.26284822825054	1.10169382604423
0.948768757521975	0.248549269795159
0.511187733730715	0.180331422147582
0.155111385030128	0.0290417527313876
1.02685010343664	0.383062880383657
-1.04347763338354	0.410675434748757
0.131588254721678	0.0495753524376327
1.30898590240314	0.561115575362232
0.421616261221355	0.166276240508206
0.587489890613321	0.303329813943562
3.03307413456977	2.2145165461523
0.661225548064972	0.20772290984652
1.0238833519431	0.381787644807647
0.511755072041239	0.180523302881905
0.433717103386986	0.171306483537627
0.428416999766404	0.169070991058927
0.512103476504473	0.180655514559587
0.139436459089769	0.0410524321785509
0.682921389720775	0.314934281801767
2.34393536580824	1.14978628636697
1.81767719681703	0.704324972687456
-0.240846100521927	0.0774684702165293
-0.415517834935378	0.173096521773236
1.2523964405748	0.678127150547035
-1.85505804801774	1.16199339565662
0.65757421006213	0.206588655278929
-1.83039434521114	0.739673075735054
2.09962019368326	0.923638574732708
1.31600243356677	0.564924856678145
0.51408290047205	0.181384498788784
-0.685306134308419	0.485470307289101
0.773533317815072	0.459189589105413
0.128673280033835	0.0484868522338571
3.92516768334333	1.70097969958265
-0.415260649198912	0.173133497265618
0.510967914253512	0.180245566763838
0.515499054941254	0.181746856962572
2.39232290148504	2.02616909033375
0.880148600822102	0.465798141511016
0.140948251392809	0.041458274749763
0.770955724134749	0.456917697319517
0.135364021327178	0.0449437078279942
-0.00864269670898305	0.0044168844896688
-0.112905092608641	0.066944716742483
-0.330937904921865	0.152931374943538
0.346712166130059	0.173271358216005
0.145683624079725	0.0771527137966606
-0.334277092874139	0.202304659244081
-0.195547495294885	0.105823661417444
-1.85846998977206	1.16644412000466
-0.237212899766669	0.0763212805777045
-0.0399038560947894	0.0190470784820881
0.117081239017808	0.0442372821504118
-0.117929588660045	0.0468818487534914
0.51386494250992	0.181311218287051
0.805467397708516	0.331643487494376
0.131463990676715	0.0437015090033304
1.31565227991103	0.564944763794614
-1.52527766014307	0.541726073904961
0.658157600688591	0.206837664845118
-3.45945095257726	1.22747869975084
-1.83537736671358	0.742411015726266
0.512103476504473	0.180655514559587
-0.355401168227563	0.102014834884787
-0.355104953248248	0.101967480674674
2.75868832531345	0.765017792149168
0.805467397708516	0.331643487494376
0.801571141201532	0.329656916274671
0.947635845528227	0.248244973505163
-0.628164901903538	0.15157555358925
0.155111385030128	0.0290417527313876
1.95988292961267	0.441702177751728
-1.79839614394125	0.382877807711208
-1.79840965860499	0.382877827643389
2.75868832531345	0.765017792149168
-3.46702762063817	1.23112270337757
1.44958631087756	0.477702557005987
1.95786695174359	0.441149378722158
-2.57660997484294	0.657538252319339
1.44509906384746	0.476148552116978
0.155111385030128	0.0290417527313876
1.95786695174359	0.441149378722158
0.155067569950451	0.0290355764553768
1.95786695174359	0.441149378722158
-0.628299579656606	0.151558046801791
2.75580772001712	0.763760469153332
2.75641316563256	0.763778311858285
-1.79840965860499	0.382877827643389
2.75868832531345	0.765017792149168
0.155067569950451	0.0290355764553768
0.155067569950451	0.0290355764553768
0.809948331327798	0.333505430295414
1.95786695174359	0.441149378722158
0.508115032981171	0.179108309242443
1.31331884073887	0.56363424296824
3.9226128726263	1.6989438994259
0.660932155782147	0.207694635746326
-0.259164130543083	0.13107000906767
0.429402678919788	0.169523968553339
-0.165524140224107	0.0592721353648851
0.511315925469962	0.180318053690652
0.51464907727053	0.181544056103037
-0.117902708700115	0.0469250276685034
1.06068669061744	0.641226804474201
-1.14171114622793	0.344693702322242
-2.0901551618161	0.944122897155291
-1.18309149572464	0.65955331260621
0.160221796316651	0.0401166927693931
-0.628733247343677	0.151688343674084
0.127300641662698	0.042364990085096
0.160813493636874	0.0402291855562724
-0.792961532394216	0.344288490733264
0.128338588542606	0.0483629401375905
-0.237559934502149	0.0764246711906185
0.341362557344424	0.170369727124455
1.76157139616501	0.965358710066719
-0.115713119983189	0.0460276099716504
-0.240976410898063	0.0775300306973211
-0.788395480319902	0.341804995882944
0.137427081968539	0.0455820755982064
0.51408290047205	0.181384498788784
-1.50920533808673	0.759234123562016
0.135725292726052	0.0579491154080408
0.424265519863284	0.167436585180397
1.0239728358881	0.381885834911352
1.04378432587275	0.495692924097087
1.03621982753779	0.490898675018395
-0.0923271633366842	0.0567570890513832
1.3794495883588	1.06174899062244
0.147386000325911	0.0779902311224963
0.698767835423198	0.458127529315628
1.22884942574337	1.35172163263984
-1.65134891037356	1.7093732421268
1.09102652010489	0.825595742867105
0.128095938069514	0.054688430908986
0.935544548277246	0.630279083057948
-0.580372226620096	0.425512145530772
0.442876848769179	0.319691315273818
1.55413915094178	0.754287920214899
1.06602492181005	0.645840643906259
-0.0772300873434247	0.0339864112578627
0.533407493506938	0.307753866234165
-1.79840965860499	0.382877827643389
0.145900922770069	0.0428171507649781
-0.628733247343677	0.151688343674084
0.154465593370314	0.0289479903375428
0.581507825414038	0.299733978427016
-1.14284398403614	0.345169869447138
0.948905461162112	0.248586345985544
2.75641316563256	0.763778311858285
1.31183590793173	0.562694726030807
0.802489056255948	0.330144551890374
1.81264504950119	0.702404900566408
1.81886023461405	0.704877804186235
1.95731570776637	0.441000340195791
0.948768757521975	0.248549269795159
-3.08229418357021	0.947231644170671
-0.736131442714986	0.251191396874175
-2.57660997484294	0.657538252319339
2.75641316563256	0.763778311858285
3.26224218729945	1.1009233569627
0.948905461162112	0.248586345985544
-0.354525819937872	0.101778275735803
0.162357836679133	0.0405597098553547
-3.45967591146264	1.22746502283364
-1.83072704109891	0.739930594937107
-1.79840965860499	0.382877827643389
1.95731570776637	0.441000340195791
1.95786695174359	0.441149378722158
-0.354525819937872	0.101778275735803
-2.5766529574574	0.657773148602288
1.81115625615482	0.701436048499222
-0.352036490485324	0.101122204058746
0.152050960400409	0.028630259939513
-2.57968420714322	0.659073447553718
0.156661115950913	0.0392800358899383
0.94820175004088	0.248479682375772
-3.46299441124492	1.22953362528533
0.155111385030128	0.0290417527313876
0.130221292046546	0.0555517354093256
0.500767109936768	0.317307922365802
1.02271178737872	0.381316878019672
0.374019062828365	0.165791509559394
0.673147662557951	0.30986199776055
-1.5082900806176	0.75898051972622
-0.169228505263572	0.0605484402011059
0.88099839576048	0.466529066729843
-1.1406575104342	0.344234513147494
-0.237559934502149	0.0764246711906185
-0.998168277304966	0.492119843921675
0.428844518886435	0.169326646561233
1.04267536642294	0.494927913760596
0.805116244112889	0.331471066458395
1.44253864883488	0.885602859187718
2.10316240233048	1.43757175326208
0.514431860453614	0.181517099423547
0.527347046937738	0.303580292355027
-0.329458323063792	0.152151823606521
0.132183867428434	0.0497956563494198
0.506636186737087	0.178613076266429
0.129007902031019	0.0486060931750835
-0.739810651859165	0.252595067527066
-1.5073757032447	0.758018136888993
-0.167754072609883	0.0600616127897958
-0.168071231557483	0.0602122711084703
0.514780733836532	0.181589698987139
0.131274697818821	0.0560114645881296
-0.789874992835508	0.342400986685966
-4.01624972536839	1.72772773472485
1.02363521199244	0.381873400117373
0.495507895778233	0.313228071151536
1.60358324282779	1.1090616683866
-0.25979467246934	0.131401310968492
0.942308735126638	0.637351813125302
1.54828773160562	0.75077259968661
0.529517606521035	0.304829208941964
-0.107896587382193	0.0638799247421343
0.67031140224908	0.308146609796731
0.443690399055382	0.320225081700798
-0.806301574475639	0.440102374945707
0.137894527922204	0.0661252306008865
-0.00564086577947838	0.0029380396442245
-0.0784585117723019	0.0345081942560214
-0.327162257518513	0.15107114930378
1.57888117362252	1.71147438594888
-0.804000972345036	0.438775541584656
-0.665053046070224	0.397254476932718
0.590678248489277	0.305402658436623
-0.322702563283061	0.148894962484286
-0.0797943273019492	0.0351107855199681
0.125008948627559	0.0471744825153182
-0.409576382980751	0.233752229276332
-0.233973899268484	0.153269795803767
1.31331884073887	0.56363424296824
-0.805506317894011	0.440072843470486
-0.540269772022685	0.203101413077247
0.947770742439721	0.248281535275256
-1.1447666380351	0.34569313996721
0.159992352718576	0.0400538861334557
-2.29762000702574	1.14577423775709
1.02329749324129	0.381582146499257
2.75641316563256	0.763778311858285
0.160221796316651	0.0401166927693931
1.8135291528185	0.702758164322864
0.128568405154016	0.0427795258685336
0.658157600688591	0.206837664845118
1.02880620938241	0.38386800333252
1.95786695174359	0.441149378722158
0.152050960400409	0.028630259939513
2.75807933893485	0.764710363024488
0.163185820804974	0.0407257646525502
1.95786695174359	0.441149378722158
3.26345542626113	1.10199860979414
-0.628299579656606	0.151558046801791
0.145519951638557	0.0426515731302186
0.147510896476738	0.0432547789402825
-3.45900121533902	1.22669642729201
-1.14583039258107	0.346039770541419
2.75641316563256	0.763778311858285
-0.628867026021838	0.151670609188118
0.157325350109871	0.02936446462458
0.154509067766894	0.0289541162362231
3.26284822825054	1.10169382604423
2.75641316563256	0.763778311858285
1.45198001091205	0.478658944297305
0.16045117802105	0.0401558290866076
-0.628599509856641	0.151612619227975
0.159402290839324	0.0399177124259514
-1.14950531730286	0.347256013848679
0.155067569950451	0.0290355764553768
-0.742101285286405	0.253499136601578
0.50755078071475	0.178917899343599
-0.233742966580479	0.0752394538943447
1.02246283803588	0.381238371277329
0.775835244235538	0.460987299237594
0.128591433736742	0.0484895075702699
0.431282460267094	0.170334509811247
0.130920287619515	0.0493322328761646
0.131516255673475	0.0495525805236666
-0.73833632952493	0.25198039611565
0.143467885183021	0.0421790290070851
-1.04347763338354	0.410675434748757
0.132382889280095	0.0439989008298304
0.134446827346684	0.044648821058174
0.853935615473485	0.630228495907806
1.31196676791469	0.562729963486004
0.509876478641146	0.179762262788489
2.54335719964434	1.37657609273331
-1.0001037668499	0.493752779623566
-0.738079783119958	0.251987608125061
0.375316417198894	0.166365145741971
-1.05145197091213	0.849834563159001
-0.624178537751399	0.298708339466037
1.31218528243788	0.56311122145944
0.425497080140127	0.167863861612803
-0.804000972345036	0.438775541584656
0.514213661606994	0.181383794125596
0.16045117802105	0.0401558290866076
0.58565092474121	0.302565370854111
0.518965091965043	0.18293925063954
1.32054367497259	0.566710774982165
0.534057864553352	0.308200872984233
0.805818467531733	0.331696510115434
1.06175674869059	0.643473493403998
4.17043948933667	1.96717286809947
0.940892486240359	0.635217358760045
0.12723888771567	0.047994430922843
-0.0419212885876107	0.0200018076106731
0.878909657055808	0.464843492255347
-0.0392700001266818	0.0187775018019205
0.340409059882159	0.169860397551539
0.433717103386986	0.171306483537627
1.25368012065866	0.678376263809774
0.139774210780199	0.0670732346945976
0.670813889422589	0.308682359286234
-0.079443953533135	0.0349594720381106
0.801003629379337	0.329269419736642
0.127651677266186	0.0424864772644231
-0.118308141297603	0.0470324989584549
0.673482458034147	0.310019955946795
-2.30418064567315	1.15110792862376
0.514481081391015	0.181268451010121
0.804765006705712	0.331183851246171
-0.632424041671007	0.152580102364835
-3.45922605387697	1.22727228815634
0.94820175004088	0.248479682375772
-0.239565596492154	0.0770626405707141
1.31310179325084	0.563385616536445
1.0238833519431	0.381787644807647
-0.354525819937872	0.101778275735803
0.660932155782147	0.207694635746326
3.92630081042927	1.70195316826628
1.44862736407577	0.477555630338169
0.659324643575319	0.207123110468657
0.129868142847707	0.048914965567742
-1.83072704109891	0.739930594937107
-0.35569023027487	0.10209347470967
2.75868832531345	0.765017792149168
-0.354815349846941	0.101888689175609
0.948337549654709	0.248516516252871
1.95786695174359	0.441149378722158
0.160583229502904	0.0401661733691417
0.658449623497539	0.206846818911275
1.44899109330448	0.477667123734845
0.154465593370314	0.0289479903375428
-1.14559783756009	0.346052129596875
0.155067569950451	0.0290355764553768
-1.79840965860499	0.382877827643389
2.75580772001712	0.763760469153332
1.44958631087756	0.477702557005987
-0.628164901903538	0.15157555358925
-1.14088544605048	0.344426431780091
3.26284822825054	1.10169382604423
2.75580772001712	0.763760469153332
0.154465593370314	0.0289479903375428
0.944504519928106	0.247598335656165
-0.165306041400927	0.0592208118770727
1.81411735765381	0.702765282094499
0.16045117802105	0.0401558290866076
1.81515619836297	0.703574555319196
0.125420086757105	0.0473043623728007
-0.117366577096693	0.0467267891566294
-0.168415949181166	0.0603482965151677
-0.540233723322025	0.202917482560003
-0.792741102489134	0.344191342632362
0.989563236002635	0.811186681643082
-0.245541128473275	0.0789739237518624
-0.237437039825944	0.0763599123457812
-3.45967591146264	1.22746502283364
-0.238649881872283	0.0768149363688191
-0.35569023027487	0.10209347470967
0.37719892423885	0.167428598365971
0.881648218382847	0.466747321637601
0.658741078701816	0.207014004441108
-0.172323794216928	0.061695096887414
0.802840016253824	0.330197869326294
0.510619816865865	0.180113549991954
0.15820382838182	0.0396092897578142
0.582135429099346	0.300116828868121
-2.08842427586292	0.943056845107949
0.427726139064257	0.168841338822495
2.3386469338706	1.1463460110087
1.44839669376933	0.477459847846965
-1.05085567955959	0.414282430800086
0.132972093147608	0.0568179657905118
-2.08450404139696	0.940647115246043
0.371241121847868	0.164587159709047
1.8135291528185	0.702758164322864
3.26284822825054	1.10169382604423
1.43944836001319	0.882592924139301
1.2523964405748	0.678127150547035
0.850847900893371	0.627488696642584
3.9232513707374	1.69997531930461
0.421616261221355	0.166276240508206
-0.554234070092779	0.354290941824182
0.144311754888897	0.0763815163177372
1.02329749324129	0.381582146499257
-1.0403348553758	0.409226758738803
2.72130636911511	1.63038915327299
0.363840149442024	0.16106044929967
-0.236642536873473	0.0761450888689269
0.658448437247608	0.206865271021461
1.44922258720914	0.477763268309402
1.44862736407577	0.477555630338169
-3.46299441124492	1.22953362528533
0.155067569950451	0.0290355764553768
0.160221796316651	0.0401166927693931
0.132032810243933	0.0438841642048134
-1.14583039258107	0.346039770541419
-0.74243876954869	0.25362235352836
0.945072510336007	0.247668267417156
0.15144823932183	0.0285426379557898
1.31798968775981	0.566002482239596
0.654121684946124	0.205433467520013
-0.539216839237451	0.20245410257918
2.75520320904554	0.763197913000704
2.75520320904554	0.763197913000704
1.95731570776637	0.441000340195791
2.75641316563256	0.763778311858285
-1.79840965860499	0.382877827643389
0.155111385030128	0.0290417527313876
-0.629906869562113	0.152090136193736
1.95786695174359	0.441149378722158
0.159992352718576	0.0400538861334557
-0.629763239673253	0.152058330338803
0.948905461162112	0.248586345985544
-0.628299579656606	0.151558046801791
2.75580772001712	0.763760469153332
1.44839669376933	0.477459847846965
0.154465593370314	0.0289479903375428
-1.79839614394125	0.382877807711208
0.155067569950451	0.0290355764553768
-2.57660997484294	0.657538252319339
1.95786695174359	0.441149378722158
1.95988292961267	0.441702177751728
2.75641316563256	0.763778311858285
-1.79839614394125	0.382877807711208
0.155067569950451	0.0290355764553768
-2.0861697947568	0.941936992542813
-0.54346877962796	0.204399150899749
0.510440135603011	0.179966436385068
0.146922191196889	0.0431076767472804
-0.358264019190404	0.102817613458252
0.802704240998476	0.33025128123342
0.155067569950451	0.0290355764553768
0.94820175004088	0.248479682375772
0.729402516491309	0.608619799385184
0.661517102334111	0.207824976675168
0.425842843580689	0.168023318876402
1.01985986214015	0.380041869937102
-0.742776335066151	0.253679551734855
-0.536892625271128	0.201634766838871
0.673482458034147	0.310019955946795
0.947635845528227	0.248244973505163
0.160583229502904	0.0401661733691417
-0.415183675733752	0.172968540362155
1.54721470845483	0.750234420704173
-0.355104953248248	0.101967480674674
0.797547838398202	0.327616486302074
1.02626205148491	0.382823634565729
0.805116244112889	0.331471066458395
1.55322278137623	0.754063606155397
0.146670376003709	0.0430346600388633
1.02422162940792	0.382079227006262
-1.0403348553758	0.409226758738803
-0.788395480319902	0.341804995882944
0.950998501270056	0.249196467275389
-1.14559783756009	0.346052129596875
1.02363521199244	0.381873400117373
0.770431889582126	0.456940342907739
-0.628299579656606	0.151558046801791
0.653826927429073	0.205337088996143
0.657283842665822	0.20642210460759
1.23082188150032	0.844432406333074
1.43601090495908	0.88026702341135
1.60900262794029	1.11480004707776
1.02973272600178	0.384045666652184
0.151699954163731	0.0804346032930412
-0.417951912763612	0.239288506849258
1.25206112434144	0.677677095621971
-0.542550190002901	0.204022574863377
-0.238517872091775	0.0767343190056563
-0.113940536103998	0.0453592768616862
1.04515557784367	0.495950978123491
0.665789826193136	0.305820336162944
0.797760401782817	0.327916718359797
0.670571388016324	0.308341959138758
-2.5766529574574	0.657773148602288
-1.1489072506678	0.347059060481392
-3.45967591146264	1.22746502283364
-1.79840965860499	0.382877827643389
-0.628867026021838	0.151670609188118
0.139774852128096	0.0411362731979931
-1.79840965860499	0.382877827643389
0.948905461162112	0.248586345985544
2.75807933893485	0.764710363024488
0.948337549654709	0.248516516252871
3.92580672554595	1.70065833032814
0.660347295989593	0.207462296247491
1.95731570776637	0.441000340195791
1.95786695174359	0.441149378722158
1.95731570776637	0.441000340195791
-0.353207074434312	0.101406886597049
2.75580772001712	0.763760469153332
2.75807933893485	0.764710363024488
-3.08556356757563	0.949512459473102
2.75807933893485	0.764710363024488
0.658741078701816	0.207014004441108
1.95786695174359	0.441149378722158
0.154465593370314	0.0289479903375428
-0.628599509856641	0.151612619227975
1.95786695174359	0.441149378722158
0.157325350109871	0.02936446462458
-1.79839614394125	0.382877807711208
0.160583229502904	0.0401661733691417
-1.14499995487719	0.345855392571373
0.948337549654709	0.248516516252871
-1.79839614394125	0.382877807711208
-1.80123754984197	0.383647112861273
-0.23733699757943	0.0763359683654099
-1.83564160885514	0.742645090374466
-1.1414839653338	0.344622990730584
-2.30476209042479	1.1515199403139
-1.13872731243543	0.343741383764358
0.51386494250992	0.181311218287051
0.128217426027829	0.0426676360228733
-0.628867026021838	0.151670609188118
0.144054213480702	0.0423469198905259
-0.539884754000364	0.202777184376746
-0.259500572573262	0.131251778546968
0.666720675538898	0.306383563426964
2.09995861282333	0.923872580873855
0.126543144272307	0.0540223218243271
0.156304884454214	0.0392194704826931
-0.792617263209445	0.34408015271057
0.157370411029726	0.0293708256249034
-1.14088544605048	0.344426431780091
0.162719274583833	0.0406219991153643
0.135013832711232	0.0448286361779132
1.01868988091969	0.379571940690884
0.514213661606994	0.181383794125596
1.81294103662311	0.70256079058948
2.10173504798347	0.924843834263361
0.948337549654709	0.248516516252871
-0.786064001710535	0.340634932199196
-0.624501462907049	0.298906969740345
-0.738079783119958	0.251987608125061
-0.166192019317493	0.0595369312524389
-0.74243876954869	0.25362235352836
1.5554260223568	0.75543285370151
0.517113632980752	0.182385971564448
-0.631994988626399	0.152498044571477
0.884089858217768	0.469340266806164
0.660932155782147	0.207694635746326
2.51204202833827	2.33561318086773
1.75524264186999	1.36042918501167
0.150456333779779	0.0797497927418712
0.42553016455023	0.323350865814411
-1.05255225278892	0.850826842801535
0.136651782977308	0.0655033734097284
0.510967914253512	0.180245566763838
0.702180904158771	0.460554514936809
0.341059872769559	0.170221907440528
-2.35602114383008	2.1530073922205
-2.30100347000821	1.14813064628252
-0.415450817577452	0.173071801779126
-1.85505804801774	1.16199339565662
-2.57660997484294	0.657538252319339
-0.628164901903538	0.15157555358925
-1.14088544605048	0.344426431780091
-0.362614650451211	0.104032260636264
0.143231568712453	0.0420634101782781
-0.35569023027487	0.10209347470967
0.94820175004088	0.248479682375772
-0.738079783119958	0.251987608125061
0.950426851449918	0.249037516760643
0.144054213480702	0.0423469198905259
2.75868832531345	0.765017792149168
-3.45945095257726	1.22747869975084
1.02422162940792	0.382079227006262
0.658741078701816	0.207014004441108
0.145227337337459	0.0426443607563146
-2.57660997484294	0.657538252319339
0.155111385030128	0.0290417527313876
-1.52468217246603	0.541450953371581
1.45198001091205	0.478658944297305
0.155111385030128	0.0290417527313876
2.75580772001712	0.763760469153332
-2.57660997484294	0.657538252319339
0.155067569950451	0.0290355764553768
3.26345542626113	1.10199860979414
0.154509067766894	0.0289541162362231
-0.175990907131087	0.0630052614300172
1.02905346042572	0.383739690415575
-0.233395157779413	0.075126282890225
0.80809182652064	0.332822174466832
1.31366843634341	0.563614405395139
0.323111427912927	0.178870060024189
-0.167973568861706	0.0601248969281319
-1.52955481711501	0.543641482939636
-1.18054210061732	0.657967863762949
1.04399119976667	0.495648425781198
1.75780594186057	0.962186704227779
-0.410995787493564	0.171132757340513
-0.789949074347787	0.342860425674977
1.25368012065866	0.678376263809774
0.140948251392809	0.041458274749763
-0.544388043857763	0.20467834687827
3.63629792702422	1.42164529184574
-0.539535866518366	0.202616428643095
0.802489056255948	0.330144551890374
1.55126146787483	0.752994445894456
0.421403232021629	0.166120380263236
2.10345763612533	0.92603048253316
1.75801664616211	0.962045011646966
0.342599673171557	0.170893303342559
0.373445619140009	0.165721944947213
1.81233199914231	0.701747179885858
-0.166627348638768	0.0596534560097413
-0.511168955039369	0.270517447187913
0.584578935507783	0.301384393607091
-0.359432307228107	0.103134774665835
-1.04232764455762	0.41013375079511
-0.538518495752287	0.202252156786087
1.75491054960845	0.96018687428186
0.144640697621443	0.0425017414545061
-0.355104953248248	0.101967480674674
0.12673427123984	0.0421743288351107
0.426934660994314	0.324966422805685
2.88702586524229	1.91258830747795
-0.0403290559160741	0.0192649447241707
0.8804110252599	0.466091387895369
1.43349573664255	0.877413685405303
-0.80431002386015	0.43870771778407
-0.329146058047281	0.151991518723621
0.156661115950913	0.0392800358899383
0.342295556627301	0.170733222878425
0.154509067766894	0.0289541162362231
-0.123801067900222	0.0492585693438973
-0.734865258526109	0.250732421647056
0.506286345412427	0.178440504115667
1.44922258720914	0.477763268309402
2.75641316563256	0.763778311858285
1.81604086904786	0.704001590638153
0.155111385030128	0.0290417527313876
0.133278306932504	0.0569513571942704
-0.628299579656606	0.151558046801791
0.162125356869158	0.0404960611383205
3.26569824690609	1.10327543173781
1.44922258720914	0.477763268309402
0.162357836679133	0.0405597098553547
0.137211516101373	0.0455091631041957
1.94585225748165	1.19570046958984
1.95786695174359	0.441149378722158
2.75580772001712	0.763760469153332
-0.352915395102444	0.101358152963712
0.950426851449918	0.249037516760643
-1.79840965860499	0.382877827643389
2.75580772001712	0.763760469153332
0.154311934860129	0.0289593414864238
-0.628299579656606	0.151558046801791
0.659616568882323	0.207151031447049
1.44839669376933	0.477459847846965
-0.628164901903538	0.15157555358925
-1.79840965860499	0.382877827643389
-1.79840965860499	0.382877827643389
1.02626205148491	0.382823634565729
-0.628867026021838	0.151670609188118
-0.241413963115422	0.077619233966542
0.658448437247608	0.206865271021461
0.152050960400409	0.028630259939513
0.67374098604665	0.310203332995967
0.154465593370314	0.0289479903375428
-0.236072750277141	0.0759464812223969
1.04711437298264	0.497299290173911
0.42674901755277	0.168383534172577
0.427726139064257	0.168841338822495
0.154465593370314	0.0289479903375428
0.426057714386364	0.168088710052056
0.363249394712098	0.160743330765044
-0.628733247343677	0.151688343674084
-0.742101285286405	0.253499136601578
0.425281606664403	0.167780963846818
-3.76194534162119	1.48181566309851
-0.0826005929647283	0.0363011439434515
0.155713854733082	0.0390835596706886
0.509175451887884	0.179500092399481
0.159402290839324	0.0399177124259514
0.131190430440417	0.043607248787474
0.659324643575319	0.207123110468657
1.31196676791469	0.562729963486004
0.801922158295548	0.329828855715043
0.659032459281836	0.207041754611057
2.34485636396197	1.15039336472359
-0.54346877962796	0.204399150899749
1.31218528243788	0.56311122145944
1.02455981174032	0.382091874796033
0.156070095129669	0.0391676647119387
0.514780733836532	0.181589698987139
0.125085786448965	0.0471836584371826
-0.237907054483207	0.0765120695488488
0.937189366552706	0.632673215528645
0.16045117802105	0.0401558290866076
0.375267251572156	0.166613055379071
-0.167880062254655	0.0601000389710004
-2.57669595250488	0.657559862268914
0.374402254410437	0.165957266705863
3.26345542626113	1.10199860979414
-1.13872731243543	0.343741383764358
0.148186394591661	0.0434281534721658
-2.08853487094957	0.94349842004388
-0.121959868123294	0.0485306914005998
0.156070095129669	0.0391676647119387
-0.236519085872564	0.0760782981535278
1.81574571371452	0.703837629137609
2.75520320904554	0.763197913000704
-0.145150532238875	0.0825846022016867
0.0405492059959824	0.0235881767586881
-0.151844535277978	0.104281080712741
-0.00494494810136126	0.00259696601647665
-0.278321556560321	0.175832117814218
0.124751416858666	0.0470574836800859
-0.537241703354832	0.201774932174822
-0.469759519331607	0.315252255907171
0.135109608302976	0.0576761112443644
-1.73243268853214	1.46562942127962
0.587619781575194	0.303756952848921
0.130387981869983	0.0556784680602715
0.428499118546633	0.169166907815334
-1.1447666380351	0.34569313996721
-2.48848413171765	1.37709665279584
-1.83199158756097	0.740532814070127
1.02214625298213	0.381008988602194
0.135580186525053	0.0449978908716727
-0.738079783119958	0.251987608125061
-3.46299441124492	1.22953362528533
0.155067569950451	0.0290355764553768
0.950858461556905	0.2491584305819
0.422040479715549	0.166403584249267
3.63629792702422	1.42164529184574
0.144890403623689	0.042539469630613
0.653826927429073	0.205337088996143
0.947770742439721	0.248281535275256
0.425842843580689	0.168023318876402
1.44780311038183	0.477066495630919
1.95786695174359	0.441149378722158
0.154465593370314	0.0289479903375428
-0.35569023027487	0.10209347470967
0.155067569950451	0.0290355764553768
-0.628299579656606	0.151558046801791
2.75807933893485	0.764710363024488
3.9275816800867	1.70263786398349
1.4480329582247	0.477161868008032
-1.79839614394125	0.382877807711208
1.44922258720914	0.477763268309402
0.16045117802105	0.0401558290866076
0.948905461162112	0.248586345985544
0.134925706502385	0.0447645626433866
1.81264504950119	0.702404900566408
0.658449623497539	0.206846818911275
0.880089054147088	0.466551885629704
1.25508904789493	0.679765877048983
1.02271178737872	0.381316878019672
1.25206112434144	0.677677095621971
0.144839984425568	0.0424652121179643
0.950426851449918	0.249037516760643
-3.08542618523242	0.949198094742557
-0.251712212287298	0.127016889778474
-0.619152800552872	0.29608472326445
0.131596310987735	0.0561342871874986
1.30997768027886	0.561552899420126
1.01868988091969	0.379571940690884
0.162125356869158	0.0404960611383205
-1.33843143080967	0.837447991444504
1.0495511584149	0.49869013205924
0.943937640725668	0.24736392993685
0.144389940892798	0.0424393237157952
0.140719961959704	0.0675346230666405
0.37156503848093	0.164732367180838
0.135101626332481	0.057672406203932
0.369736154171671	0.163797194417226
0.771869910442035	0.457603950108276
0.1384839455864	0.0664088203211816
0.590690182885767	0.305386590557676
0.159992352718576	0.0400538861334557
1.23268529805582	1.03859939232809
1.44195794915894	0.88495585285044
0.431493827089577	0.170378647120809
-0.167409271163493	0.059935085601386
0.374992176019385	0.166261800681351
1.43763107794404	0.880176997412606
-0.804534584178506	0.536018217727281
-0.166213389018895	0.0595190660770883
2.09623186676469	0.921454672983403
-0.792741102489134	0.344191342632362
0.669552643528324	0.308070987336909
0.948768757521975	0.248549269795159
2.34192571099863	1.148837051844
1.5539791543407	0.754668539958327
0.427308827697831	0.168575943832829
0.91128288782227	0.791495177969174
0.658449623497539	0.206846818911275
2.34393536580824	1.14978628636697
0.331330453577661	0.183952724945463
1.04424975463849	0.495554192271584
0.989685944983307	0.811338550089535
0.159180695408462	0.0916035809471281
1.43634499948318	0.879102311262163
1.31308720516422	0.563178519768989
1.55126146787483	0.752994445894456
0.699589979235291	0.458179963276782
-0.200183177411088	0.108495164448901
0.451533240257407	0.327325961538032
-0.418699120063541	0.174624493913997
-0.801087473074586	0.436813686175563
-0.173341415808603	0.0620980411857629
-0.786629190605387	0.340991155673526
-2.57968420714322	0.659073447553718
1.31240282325545	0.562988742832529
2.75807933893485	0.764710363024488
0.128568405154016	0.0427795258685336
-0.237559934502149	0.0764246711906185
0.140609521820489	0.0413743325045252
1.44780311038183	0.477066495630919
-0.235404091206056	0.075783701658557
1.95786695174359	0.441149378722158
2.10534947076348	1.44181343752199
0.947770742439721	0.248281535275256
2.75520320904554	0.763197913000704
1.04801697819616	0.498004473628131
3.26569824690609	1.10327543173781
1.95786695174359	0.441149378722158
-1.79839614394125	0.382877807711208
2.75807933893485	0.764710363024488
1.95988292961267	0.441702177751728
-0.628164901903538	0.15157555358925
-1.79840965860499	0.382877827643389
0.15144823932183	0.0285426379557898
0.155111385030128	0.0290417527313876
-1.13895833229548	0.343813220888229
-0.628867026021838	0.151670609188118
3.26569824690609	1.10327543173781
4.86214758721951	3.15035984100845
0.950287720870208	0.248999740475732
0.658157600688591	0.206837664845118
1.45054889854294	0.478121061898946
0.948337549654709	0.248516516252871
1.02304894811125	0.381607715308403
1.81235300959058	0.702242876396542
0.658449623497539	0.206846818911275
1.04044805884449	0.49337374099371
0.376875238635301	0.16727169805512
1.95786695174359	0.441149378722158
3.26284822825054	1.10169382604423
0.511884149147493	0.180536056250855
0.129297606667776	0.0551498554583142
0.669900234787502	0.307847468714531
0.140023273435885	0.041219830052157
-0.118901525235319	0.0472561684211653
-2.00961500466156	1.40472235073703
1.02131734487847	0.380569582022262
0.67255389099498	0.309487891494371
0.94820175004088	0.248479682375772
1.55598981029304	0.755831923074866
1.02422162940792	0.382079227006262
0.793938787838851	0.326027980619057
0.672373989693993	0.309514405967234
1.25658555936341	0.68088288459711
-0.236642536873473	0.0761450888689269
0.132382889280095	0.0439989008298304
0.94820175004088	0.248479682375772
-0.229596498468623	0.150103409648107
1.22695768010534	1.03036609338977
-0.414515563910564	0.172670310722692
-0.240976410898063	0.0775300306973211
2.1037096154536	0.926051884063359
-1.69010915746495	0.950594935338849
0.374667869915192	0.166123158223375
-0.242110936050434	0.0778562762427623
0.13656660731672	0.0402314592662008
0.774443692273241	0.45988068813169
1.94413465149283	1.19356336331134
0.144640697621443	0.0425017414545061
-0.117715111446697	0.0468041560106054
0.137894527922204	0.0661252306008865
-1.52527766014307	0.541726073904961
-1.05541930160636	0.416079140893358
-0.737411368529038	0.251647475713659
-1.04162398220417	0.409776469371892
-0.233964530152622	0.0753172914260115
-1.04267374187429	0.410246962947944
0.943937640725668	0.24736392993685
1.30330701894065	0.557834387152656
0.425842843580689	0.168023318876402
0.338398780127632	0.168834034265268
1.43634499948318	0.879102311262163
-0.554513070525121	0.354483927736834
-1.00169279215826	0.49501160897974
-1.46099779365528	1.31876000837247
-1.61667493045909	1.25216647123379
0.156535772013366	0.0900469913600016
-0.257232353603145	0.130022935659369
0.134796989185734	0.044763826715822
0.125085786448965	0.0471836584371826
0.511535984561553	0.180463547184556
-0.168760743646406	0.0604728682433177
1.55322278137623	0.754063606155397
0.94820175004088	0.248479682375772
-1.79840965860499	0.382877827643389
-1.1414839653338	0.344622990730584
1.02617238539361	0.38275777208832
-3.46702762063817	1.23112270337757
-0.738748567012076	0.252134640052989
1.44899109330448	0.477667123734845
-1.79839614394125	0.382877807711208
0.154509067766894	0.0289541162362231
0.160813493636874	0.0402291855562724
1.04801697819616	0.498004473628131
1.0282187103729	0.383542758401815
1.02363521199244	0.381873400117373
0.658157600688591	0.206837664845118
0.94820175004088	0.248479682375772
1.44981862951738	0.477799018830262
2.75520320904554	0.763197913000704
0.948337549654709	0.248516516252871
0.508115032981171	0.179108309242443
0.154465593370314	0.0289479903375428
0.159402290839324	0.0399177124259514
1.31543636736156	0.564668618767136
-2.5766529574574	0.657773148602288
-2.57968420714322	0.659073447553718
0.950426851449918	0.249037516760643
1.95786695174359	0.441149378722158
0.803055311396109	0.330423388744012
-1.51592702222711	0.764714423305997
0.947635845528227	0.248244973505163
-0.415785083697339	0.173214573475784
0.673147662557951	0.30986199776055
-1.53415312392258	0.54539482804645
1.95731570776637	0.441000340195791
0.372154632546278	0.165023296170665
0.950426851449918	0.249037516760643
1.81545080408239	0.703738180326379
1.81604086904786	0.704001590638153
1.02271178737872	0.381316878019672
-0.16684564485734	0.0597373941238438
3.6326714041979	1.41965046916025
0.58582326390311	0.302158236366012
0.51464907727053	0.181544056103037
0.802138012530807	0.329972517070534
0.510747125906926	0.180055308660596
0.658449623497539	0.206846818911275
1.04801697819616	0.498004473628131
0.124751416858666	0.0470574836800859
1.95731570776637	0.441000340195791
1.93713252355331	1.18705609659435
0.511315925469962	0.180318053690652
0.794146565130866	0.326173615410342
0.129007902031019	0.0486060931750835
1.55472173238364	0.754945653890023
-0.742776335066151	0.253679551734855
-0.540836580077605	0.203369627038744
-1.52585303078124	0.541962051097293
2.54578920374591	1.37918799565204
0.124488256386008	0.0469611145656188
-0.742186336237652	0.253369233953609
-0.735538279411364	0.250976055861043
0.139684630056245	0.0411185419267414
-3.46276423195498	1.22902448571158
-0.415785083697339	0.173214573475784
0.132164012775708	0.0439252834614193
-0.628733247343677	0.151688343674084
-0.354519585455166	0.101776151388844
-0.168202168113605	0.0602664712665637
0.376551412982955	0.167247054250923
-4.01226246083748	1.72475882924761
0.950998501270056	0.249196467275389
0.155067569950451	0.0290355764553768
-0.788395480319902	0.341804995882944
1.04536760236631	0.496267966555643
0.658157600688591	0.206837664845118
0.800169874224594	0.329047040920974
0.881061209097818	0.46630997336116
1.60265930765279	1.10746514400358
0.43038017867016	0.169931858392029
1.09087530292901	0.825840810677254
0.131588254721678	0.0495753524376327
0.772859934684723	0.45854055069752
0.147597353924913	0.0432809812564028
-0.744181789627878	0.254179651745662
0.162952579336367	0.0406858836130456
1.25342360352899	0.678146701343376
0.136064150045345	0.0451527296002601
0.661517102334111	0.207824976675168
-1.83199158756097	0.740532814070127
-1.00075889534507	0.494647107908871
-0.236642536873473	0.0761450888689269
1.76080743527667	0.965082451079631
-1.14171114622793	0.344693702322242
-0.628164901903538	0.15157555358925
1.02279934713965	0.381250494154782
-0.355401168227563	0.102014834884787
0.944504519928106	0.247598335656165
0.132951093876262	0.0441757525557606
-0.35569023027487	0.10209347470967
0.155067569950451	0.0290355764553768
-0.628164901903538	0.15157555358925
2.75580772001712	0.763760469153332
-1.79839614394125	0.382877807711208
0.15144823932183	0.0285426379557898
-2.57963910438406	0.659061212358043
0.154509067766894	0.0289541162362231
0.139684630056245	0.0411185419267414
-1.52556530925699	0.541887546993991
0.156304884454214	0.0392194704826931
-1.79839614394125	0.382877807711208
-1.83066282429031	0.739596942279786
0.803269824230379	0.33049399469318
0.511755072041239	0.180523302881905
0.156304884454214	0.0392194704826931
0.659616568882323	0.207151031447049
1.95731570776637	0.441000340195791
1.04433776121347	0.495994684306372
-2.0887702850993	0.943580524590739
0.801922158295548	0.329828855715043
-0.792741102489134	0.344191342632362
0.142306377840433	0.0418148962103769
-0.742776335066151	0.253679551734855
0.127436205712794	0.0424074206930577
0.155067569950451	0.0290355764553768
-1.83199158756097	0.740532814070127
1.44725524543057	0.476951096350534
0.661225548064972	0.20772290984652
1.94595836043264	1.19623120045605
3.26345542626113	1.10199860979414
-0.5431188895219	0.204245277624117
1.04368981844324	0.495127036286315
0.802489056255948	0.330144551890374
0.804551193439478	0.331168980919484
-1.00718752312453	0.498535526397277
-1.1840119631349	0.66014918760717
1.94270621029333	1.19250166929759
0.157325350109871	0.02936446462458
-0.364075191310441	0.104431351921358
0.772738250931096	0.459129102120572
-0.628299579656606	0.151558046801791
2.54392429932058	1.37700533086051
1.0472501359547	0.497556503187299
-2.08484842220823	0.940993818731239
-0.538391637447097	0.202241097472968
-1.82874780946892	0.738800580746292
0.140609521820489	0.0413743325045252
-0.237212899766669	0.0763212805777045
0.953104063529892	0.24967071820883
1.60464170056367	1.10989557218827
0.798324210831681	0.328230166540438
-0.35569023027487	0.10209347470967
-0.355112179440658	0.101904546481095
0.15144823932183	0.0285426379557898
0.66698042724415	0.306554705615375
2.75580772001712	0.763760469153332
4.16793953393336	1.96626606855667
0.52899283649257	0.304753752439328
0.427594646547955	0.168736117125312
-1.48546141641402	1.03821129719048
0.127651677266186	0.0424864772644231
-1.0419816315643	0.409976007162161
0.38372420568173	0.170583730699899
0.155713854733082	0.0390835596706886
0.882861159603867	0.468366555921742
-0.53874057789979	0.202401825815006
1.81235300959058	0.702242876396542
0.88378361922821	0.468684036461483
1.8166310232947	0.704051562387115
-0.353939368265063	0.101586834148653
1.45114635521655	0.478471348903038
0.155067569950451	0.0290355764553768
0.676307490803662	0.31158022240744
1.81515619836297	0.703574555319196
0.155067569950451	0.0290355764553768
1.95731570776637	0.441000340195791
2.75641316563256	0.763778311858285
1.95786695174359	0.441149378722158
1.02914563133488	0.3838807966434
0.155111385030128	0.0290417527313876
0.155067569950451	0.0290355764553768
-1.83564160885514	0.742645090374466
-2.57660997484294	0.657538252319339
1.95786695174359	0.441149378722158
-0.628599509856641	0.151612619227975
1.04079506363497	0.493718951705615
-3.08203048704882	0.947509650360219
0.154465593370314	0.0289479903375428
-1.14171114622793	0.344693702322242
-0.628867026021838	0.151670609188118
-1.52955481711501	0.543641482939636
0.14371839260098	0.0422424410228484
0.511187733730715	0.180331422147582
1.0472501359547	0.497556503187299
0.585338177362246	0.302351290065957
0.424935770305415	0.167621556044747
0.673482458034147	0.310019955946795
-1.04347763338354	0.410675434748757
-1.04313192494267	0.410517747694466
-0.543818752032067	0.204528065886448
1.31110478579583	0.562358978556018
-1.14088544605048	0.344426431780091
1.44922258720914	0.477763268309402
-0.237212899766669	0.0763212805777045
-1.5088621709036	0.759006136042553
-1.14171114622793	0.344693702322242
2.75520320904554	0.763197913000704
1.44899109330448	0.477667123734845
-1.1414839653338	0.344622990730584
-2.0044755252953	1.39858651938676
-0.737154567775087	0.251538686589487
0.65757421006213	0.206588655278929
-0.785598299709024	0.340429869924533
0.802138012530807	0.329972517070534
-1.52556530925699	0.541887546993991
1.81826867111223	0.704762090721195
-0.241194698180716	0.0775963201393135
-0.24589156237082	0.079070854077361
-1.51296382044259	0.76245444535201
-0.540010421209968	0.202885751343567
1.02514752788745	0.382203792201025
0.154465593370314	0.0289479903375428
-1.48892144564036	1.0411120755181
-1.82874780946892	0.738800580746292
-0.790856126479565	0.343201648006092
-0.742186336237652	0.253369233953609
1.81515619836297	0.703574555319196
1.31018992558857	0.561832639399483
-0.254958695668936	0.128753897208798
0.506636186737087	0.178613076266429
-3.46345495606107	1.22933734600421
0.512948788838409	0.180923723722652
-0.35569023027487	0.10209347470967
1.23205980629445	0.846993679223735
2.10227195989275	0.924990315433236
-0.120490621868934	0.0479276905170135
1.81545080408239	0.703738180326379
0.375522987574006	0.166534241680736
2.1062553957088	1.44232625883908
0.58337064368769	0.300948307786924
-0.789042931525978	0.342296984906227
-0.241194698180716	0.0775963201393135
0.14670535726723	0.0776036669310692
-4.41569932182186	2.2153935768134
-4.58028644652542	2.49797531052026
-0.237212899766669	0.0763212805777045
0.144640697621443	0.0425017414545061
0.672096455682138	0.309127443711553
1.54828773160562	0.75077259968661
0.948905461162112	0.248586345985544
2.75580772001712	0.763760469153332
0.661517102334111	0.207824976675168
1.93954790797232	1.18863154455072
0.654121684946124	0.205433467520013
0.943937640725668	0.24736392993685
1.95786695174359	0.441149378722158
1.95731570776637	0.441000340195791
1.81264504950119	0.702404900566408
2.75868832531345	0.765017792149168
2.75868832531345	0.765017792149168
0.658741078701816	0.207014004441108
0.658741078701816	0.207014004441108
0.950287720870208	0.248999740475732
1.44922258720914	0.477763268309402
1.95786695174359	0.441149378722158
-0.352328640216398	0.101201570764145
0.157325350109871	0.02936446462458
0.948905461162112	0.248586345985544
-2.57968420714322	0.659073447553718
0.948768757521975	0.248549269795159
1.95786695174359	0.441149378722158
2.75641316563256	0.763778311858285
-1.14499995487719	0.345855392571373
-1.00433126300217	0.496955247543201
0.124153707844076	0.0468349501941597
-0.74269218165825	0.253631177667885
-0.168663393721381	0.0603724956040683
-1.04359432816695	0.410701746871047
0.128003827528337	0.0482344496818407
0.13125430574639	0.0494561793802337
0.142892234362748	0.0419793224062305
0.513297440290374	0.181056085890725
0.658448437247608	0.206865271021461
-0.0800966314259405	0.0352428263549873
0.155713854733082	0.0390835596706886
0.93806978813195	0.632258605793538
1.02329749324129	0.381582146499257
0.130977595936442	0.0435409758262869
-0.964542465124542	0.594134551247628
1.06620259355029	0.645915254902495
0.948768757521975	0.248549269795159
0.585954730694897	0.302744685250839
2.10518557386543	0.926356193545713
-0.625937070321993	0.151091209012893
-0.63185471444008	0.152466960619287
-0.539661343528338	0.202765677037844
0.511884149147493	0.180536056250855
0.140023273435885	0.041219830052157
1.81456677210567	0.703082758766755
-0.412860436217696	0.171921381427765
0.131814043124596	0.0438161720723548
-1.6924365528594	0.952130100066479
1.60297393512535	1.10834112951941
0.584264578856795	0.301155138737163
1.44035579911252	0.883085649053647
0.134446827346684	0.044648821058174
-1.14111344283696	0.344497381350969
0.659032643407672	0.20695576224899
-0.168225021948888	0.0602048659076593
-1.29882542782854	0.579669605589987
-0.997509204027781	0.492307329534456
4.16416878488742	1.96341587712626
1.25249399789827	0.677360299966471
-0.505048194517701	0.266381680926557
0.657864503304789	0.206616146564203
-1.51050426618039	0.760722760369829
-0.17577753011317	0.0629386368387672
-1.29145315181805	0.575466227441089
-0.626075023442282	0.151167646950723
-0.628867026021838	0.151670609188118
1.81176507224111	0.701716027060748
-0.352620864579995	0.101250485836996
1.23435175766272	0.849676088253841
0.146922191196889	0.0431076767472804
-1.29318120987036	0.576513823755825
0.879560693658437	0.465283433803917
1.02651128578825	0.383050193875148
0.133518654529654	0.0443432692760018
0.798676159728442	0.328314833787517
1.3150863687139	0.564688556451063
2.10055021952577	0.924312412659368
1.31196676791469	0.562729963486004
1.04515557784367	0.495950978123491
1.23435175766272	0.849676088253841
1.94002977399126	1.19051606055465
0.163916956237752	0.100750878664106
-1.29515319796898	0.577477426894068
-0.543250105928331	0.204305308908878
-0.963624068458547	0.593456466053861
0.128409991510058	0.0483828350789698
0.130070615556567	0.0555691726612021
0.803620921341924	0.330666152724973
0.585521640254103	0.301815706321041
0.162357836679133	0.0405597098553547
1.55486158244648	0.754948133287252
-1.79840965860499	0.382877827643389
-1.79839614394125	0.382877807711208
0.660347295989593	0.207462296247491
0.653826927429073	0.205337088996143
1.95988292961267	0.441702177751728
1.44899109330448	0.477667123734845
1.95786695174359	0.441149378722158
0.659324643575319	0.207123110468657
1.81411735765381	0.702765282094499
-0.628164901903538	0.15157555358925
1.44725524543057	0.476951096350534
0.155067569950451	0.0290355764553768
0.155111385030128	0.0290417527313876
1.95731570776637	0.441000340195791
0.158441687834525	0.0396618099099809
1.95786695174359	0.441149378722158
2.75520320904554	0.763197913000704
0.159859477622278	0.0400192334307773
1.95731570776637	0.441000340195791
0.155111385030128	0.0290417527313876
-1.14171114622793	0.344693702322242
-2.57660997484294	0.657538252319339
-1.79839614394125	0.382877807711208
2.10661966239409	0.927129156443633
0.160813493636874	0.0402291855562724
0.155713854733082	0.0390835596706886
0.658157600688591	0.206837664845118
-0.162300795954345	0.0581731243217536
-1.2957297752472	0.577552208373856
3.63331351050508	1.42008896661082
0.65757421006213	0.206588655278929
-0.11854795863833	0.0471817731309927
0.876980757709068	0.464120106246
0.160221796316651	0.0401166927693931
0.129451701763363	0.0552996203439574
1.44862736407577	0.477555630338169
1.43634499948318	0.879102311262163
0.143132619682455	0.0420748163550394
0.511755072041239	0.180523302881905
-1.1406575104342	0.344234513147494
-0.544038098124227	0.204549461860792
0.428285671446016	0.169094775343879
2.10316240233048	1.43757175326208
-0.35569023027487	0.10209347470967
1.31183590793173	0.562694726030807
0.808231026632447	0.332766886176791
-0.233964530152622	0.0753172914260115
-0.235948417281415	0.0759021467201397
0.131814043124596	0.0438161720723548
1.44839669376933	0.477459847846965
-0.628030265547787	0.151499678636842
-1.82874780946892	0.738800580746292
0.132382889280095	0.0439989008298304
0.12361699947569	0.0411752836081972
0.431493827089577	0.170378647120809
0.42217472484669	0.16651690753331
0.154465593370314	0.0289479903375428
-0.797530143352387	0.346515824779404
1.01985986214015	0.380041869937102
-0.117929588660045	0.0468818487534914
2.5437102301488	1.3769190112143
0.658157600688591	0.206837664845118
-0.329458323063792	0.152151823606521
0.154465593370314	0.0289479903375428
0.159859477622278	0.0400192334307773
1.44862736407577	0.477555630338169
0.658449623497539	0.206846818911275
2.75641316563256	0.763778311858285
-0.792617263209445	0.34408015271057
2.5452226219926	1.378586498706
-0.35569023027487	0.10209347470967
0.140609521820489	0.0413743325045252
-0.239216268709345	0.0769712564401174
0.511187733730715	0.180331422147582
0.948337549654709	0.248516516252871
-2.09046195789681	0.944479240118372
0.149551069550847	0.043790750343374
-2.08922761541921	0.943816452673973
0.370353098023906	0.16429178654147
0.584277193226462	0.3011241317862
0.529872216678282	0.305088562840973
1.31218528243788	0.56311122145944
-1.04347763338354	0.410675434748757
0.658741078701816	0.207014004441108
0.140783643747874	0.0675835149436117
1.02304894811125	0.381607715308403
0.667910039261565	0.30706346862549
-0.627003274611623	0.300529188364514
-0.0747243207166357	0.0329236495647239
-0.507804767338244	0.268072565537459
0.667575068911108	0.306882048611956
-0.277354587205516	0.175048063861735
0.696434539708199	0.455250197017884
-0.0810515161299132	0.03565307121072
0.155111385030128	0.0290417527313876
0.160221796316651	0.0401166927693931
0.144054213480702	0.0423469198905259
0.512103476504473	0.180655514559587
0.146584487246171	0.0430023159110844
3.26345542626113	1.10199860979414
1.02675953274209	0.382890377120406
1.95786695174359	0.441149378722158
0.948768757521975	0.248549269795159
1.44839669376933	0.477459847846965
0.950858461556905	0.2491584305819
0.140856221308987	0.0414153093198016
-0.628164901903538	0.15157555358925
0.657866689740957	0.206670742493303
-1.52585303078124	0.541962051097293
0.657864503304789	0.206616146564203
1.95786695174359	0.441149378722158
1.95731570776637	0.441000340195791
-1.13918941442725	0.343767291351689
-1.79839614394125	0.382877807711208
-1.79839614394125	0.382877807711208
1.95731570776637	0.441000340195791
2.75868832531345	0.765017792149168
1.44899109330448	0.477667123734845
-1.79840965860499	0.382877827643389
2.75641316563256	0.763778311858285
0.15963091503218	0.0399802605532864
1.95786695174359	0.441149378722158
-0.792396830153744	0.344017820558448
-1.52556530925699	0.541887546993991
2.75520320904554	0.763197913000704
-1.00361914170206	0.496209107630798
-1.00031169490348	0.493505974173506
-0.352620864579995	0.101250485836996
2.10252540036319	0.925396731648863
-0.354525819937872	0.101778275735803
0.948337549654709	0.248516516252871
-1.83066282429031	0.739596942279786
0.802138012530807	0.329972517070534
1.47758630667427	1.48842884108953
1.93954790797232	1.18863154455072
-0.323478262143869	0.149164513688911
0.128852754702737	0.0485791509684367
0.134796989185734	0.044763826715822
1.45114635521655	0.478471348903038
-0.625937070321993	0.151091209012893
-1.51683748482938	0.764963888056652
-0.738414128880846	0.252090639638632
-0.0777327385177198	0.0342298345396652
-0.536671114051193	0.201606330220057
0.426188529242061	0.168158662567646
1.88857312149405	1.62415553975685
0.421616261221355	0.166276240508206
-0.421405550621989	0.175887918722605
-0.411729751297452	0.171423243510252
1.06603177625767	0.646802125466603
0.12672283246212	0.0541609527068201
-0.415517834935378	0.173096521773236
0.12408118042017	0.0468326163672866
0.671166583876549	0.308670070263109
0.676050206195971	0.311376233221729
-1.52585303078124	0.541962051097293
-0.327591026739327	0.151191945428346
1.5524442422019	0.753203287410312
-1.04221071709325	0.410198911511082
-0.150894559867475	0.0860227470530368
-3.08203048704882	0.947509650360219
-0.737154567775087	0.251538686589487
-0.165524140224107	0.0592721353648851
-0.254370792107733	0.128453995962992
1.02558467001725	0.382518749728777
1.23187559239844	0.845909310977756
-1.1447666380351	0.34569313996721
0.797195943100185	0.32753176692214
0.159402290839324	0.0399177124259514
-0.194989416429833	0.10549329523348
-0.234438841107355	0.0754307260806296
-1.0001037668499	0.493752779623566
-0.236865950236819	0.0762080730306188
-0.11854795863833	0.0471817731309927
-0.00960682614081959	0.00489574483601124
0.339758566383255	0.169487309376746
3.29422964504377	2.91720512745279
0.98575445289533	0.806093164143135
0.947635845528227	0.248244973505163
0.130275387420614	0.0433068776559506
0.660638687988492	0.207526442563452
1.76282005299112	0.966290892399671
0.510399267871221	0.17998283956174
0.324707978994205	0.179674967353067
-0.807997368719043	0.441651304111933
1.06571047053831	0.645313983412741
2.24528425457013	2.50404217039825
0.422805251434951	0.166707224467271
0.947635845528227	0.248244973505163
1.81545080408239	0.703738180326379
2.75868832531345	0.765017792149168
1.95786695174359	0.441149378722158
-0.628599509856641	0.151612619227975
1.95786695174359	0.441149378722158
-1.1406575104342	0.344234513147494
-0.236865950236819	0.0762080730306188
0.656596864428374	0.206190386440451
-1.53326666156506	0.545110963407603
-0.628164901903538	0.15157555358925
-1.14088544605048	0.344426431780091
0.948337549654709	0.248516516252871
-2.57660997484294	0.657538252319339
-2.57963910438406	0.659061212358043
1.8138222857108	0.70292085392477
-0.356952421866901	0.102502236157484
-1.14111344283696	0.344497381350969
0.155067569950451	0.0290355764553768
-0.358264019190404	0.102817613458252
3.63629792702422	1.42164529184574
1.95731570776637	0.441000340195791
-0.628164901903538	0.15157555358925
-3.08216231491203	0.947551973079846
-0.355104953248248	0.101967480674674
1.4480329582247	0.477161868008032
-1.00043708163123	0.493921146875203
0.120313607013079	0.045423239090566
-0.164744037178764	0.059028259963585
0.810884422728548	0.334033388444438
-2.57660997484294	0.657538252319339
-1.50920533808673	0.759234123562016
0.513733853850566	0.181194231451746
-0.807548674395524	0.440888000966653
0.585521640254103	0.301815706321041
1.31600243356677	0.564924856678145
0.772888775786913	0.458621992619318
-0.359725191866461	0.103238313016327
-0.538614601651019	0.202264227467562
0.699544875545061	0.45883463686609
0.134796989185734	0.044763826715822
0.123890289984819	0.0467338918733295
0.426188529242061	0.168158662567646
-2.49130517577134	1.3793138866032
1.45078261646269	0.478218161496633
-1.69335391232958	0.95387553116282
-1.50863317586361	0.759208525222823
-0.409861174567975	0.233929376581551
-0.738002720964575	0.251779850607704
-1.28937285617751	0.574083957636609
1.93921054930517	1.18774699704902
-0.627920734859053	0.301050564774921
0.517329942421449	0.18248668342077
-0.238649881872283	0.0768149363688191
0.376873816800882	0.167414245094654
-1.29882542782854	0.579669605589987
3.63629792702422	1.42164529184574
0.335771955008269	0.16742788658464
-0.358848207258787	0.103009197892419
-1.83132702405761	0.74028277145384
-1.29503373562381	0.577267948395295
0.130241690767924	0.0556750391030632
-0.168443906364487	0.0602979483615774
-0.632563406792844	0.152610991116788
0.140766128844203	0.0466229828896092
-0.409513704059271	0.170519468316986
-1.00169279215826	0.49501160897974
2.10286507825917	0.92563188054431
0.420497290289715	0.165725313801652
0.32701291059626	0.181203411092372
-0.502091835338388	0.264719291568768
0.134652159028374	0.0645965863242581
-0.411927679691464	0.171559111174735
0.377786837575273	0.167726927816864
-0.0773820044668893	0.0340746300882354
0.124414451363141	0.0469555832619546
-0.539089600210505	0.202542124367007
0.881764908781585	0.46696468444511
-0.555499221348619	0.354655118946668
1.44445835142207	0.887087898070633
-0.621906689845975	0.297400499083712
-2.08922761541921	0.943816452673973
0.511315925469962	0.180318053690652
0.132732885510209	0.0441080605497273
0.65757421006213	0.206588655278929
0.589646587977421	0.304741958565845
1.31161763457028	0.562749823451238
0.140361834634309	0.0413037326992959
0.952665441537448	0.941091868525566
0.493362041679003	0.311422564631188
0.344810876823588	0.172151862394131
1.95731570776637	0.441000340195791
-0.628867026021838	0.151670609188118
1.95786695174359	0.441149378722158
0.947635845528227	0.248244973505163
2.75580772001712	0.763760469153332
-1.79840965860499	0.382877827643389
1.44450447975593	0.475941549703467
-1.1414839653338	0.344622990730584
0.948337549654709	0.248516516252871
-2.08460819785075	0.94084287548003
-3.08216231491203	0.947551973079846
1.95786695174359	0.441149378722158
-1.52896155531942	0.543366808154917
0.94820175004088	0.248479682375772
0.155067569950451	0.0290355764553768
-0.628030265547787	0.151499678636842
2.75807933893485	0.764710363024488
-2.5766529574574	0.657773148602288
0.154465593370314	0.0289479903375428
3.26569824690609	1.10327543173781
-1.52525862148376	0.541687313963439
-1.83105982818556	0.740099638711398
1.02422162940792	0.382079227006262
-1.14583039258107	0.346039770541419
-2.5766529574574	0.657773148602288
0.51408290047205	0.181384498788784
0.155111385030128	0.0290417527313876
0.950426851449918	0.249037516760643
0.163185820804974	0.0407257646525502
-0.238130718624198	0.0765764115230572
0.791039157410606	0.324621067904644
2.75520320904554	0.763197913000704
0.67031140224908	0.308146609796731
0.798324210831681	0.328230166540438
0.149462691489562	0.0437488783912187
1.25332170849571	0.678676769954947
0.950426851449918	0.249037516760643
-0.735201728577998	0.25087231236032
-1.14171114622793	0.344693702322242
-1.52468217246603	0.541450953371581
1.4480329582247	0.477161868008032
0.671624451454571	0.308842819963485
-0.542900106811953	0.204176406519794
-2.0818949561759	0.939030968916842
0.144976980831471	0.0425943260188831
0.672812797155709	0.309654422171124
0.94820175004088	0.248479682375772
0.590990832455095	0.305632632862991
-0.236420091117799	0.0760498926963215
-0.540836580077605	0.203369627038744
-0.623906381122263	0.29857673275019
2.33842592547281	1.14619164851825
0.511535984561553	0.180463547184556
-0.240846100521927	0.0774684702165293
0.943227438574144	0.637569715845761
-1.04324829900211	0.41067273876345
-3.45945095257726	1.22747869975084
-1.83105982818556	0.740099638711398
2.1031177894695	0.925795147014246
-0.539661343528338	0.202765677037844
0.425842843580689	0.168023318876402
-0.794523906500362	0.345121969413896
-1.83530553524322	0.742418988109019
0.134446827346684	0.044648821058174
-0.418699120063541	0.174624493913997
0.654408135649179	0.205512311863459
0.126864758084239	0.0422209393647781
0.147510896476738	0.0432547789402825
-0.78873939795176	0.341991104298643
-1.13872731243543	0.343741383764358
-2.6548897280826	1.62001272366482
-0.934551001479246	0.688769118872916
0.144976980831471	0.0425943260188831
-0.329268273514475	0.152147965046291
1.81323362267005	0.702723165703649
-1.00328617466883	0.495938980978668
1.02855796326907	0.383555576069077
-0.233395157779413	0.075126282890225
2.10021124048698	0.924077935460336
0.803269824230379	0.33049399469318
0.513297440290374	0.181056085890725
0.12412218193265	0.053024250758687
1.02880620938241	0.38386800333252
1.02422162940792	0.382079227006262
-0.118225301795606	0.0470554996015602
1.04746072672504	0.497700711342051
-1.83099487872884	0.740025429797688
0.374033731308239	0.16601974607059
2.10021124048698	0.924077935460336
0.155111385030128	0.0290417527313876
0.155067569950451	0.0290355764553768
0.155111385030128	0.0290417527313876
0.162357836679133	0.0405597098553547
-0.628164901903538	0.15157555358925
1.45114635521655	0.478471348903038
0.950858461556905	0.2491584305819
1.44839669376933	0.477459847846965
0.94820175004088	0.248479682375772
-1.79839614394125	0.382877807711208
-0.628299579656606	0.151558046801791
3.26345542626113	1.10199860979414
0.155111385030128	0.0290417527313876
1.95786695174359	0.441149378722158
0.162125356869158	0.0404960611383205
0.947770742439721	0.248281535275256
1.95731570776637	0.441000340195791
-1.1413415008172	0.344450233445194
1.44958631087756	0.477702557005987
0.155067569950451	0.0290355764553768
0.155067569950451	0.0290355764553768
0.163185820804974	0.0407257646525502
0.948337549654709	0.248516516252871
-2.5766529574574	0.657773148602288
-2.5766529574574	0.657773148602288
0.801571141201532	0.329656916274671
-0.628164901903538	0.15157555358925
0.16045117802105	0.0401558290866076
-0.237212899766669	0.0763212805777045
-0.539535866518366	0.202616428643095
-1.52554695498285	0.541620681553635
-1.04664817491529	0.41219337703347
0.427044554676773	0.168576132834755
-0.234659925712008	0.0755339906287207
0.146670376003709	0.0430346600388633
1.02019987734301	0.380189874951528
1.44899109330448	0.477667123734845
0.94820175004088	0.248479682375772
1.04780700199927	0.497914055094941
1.76025085410072	0.964447531505056
-1.04290235412753	0.410559570501728
0.510399267871221	0.17998283956174
-0.241194698180716	0.0775963201393135
-1.83165926032039	0.740451579277532
0.661223086818105	0.207656588437818
0.377404218840005	0.167467183880646
-1.52275201069355	0.540627902821117
-3.08203048704882	0.947509650360219
4.37308121738766	2.22561534970761
-2.08784246267646	0.942656561663798
-0.535752039699562	0.201197678787455
-1.8300617404783	0.739244520230481
0.584880930577845	0.301581005042689
1.75836423143201	0.962753553234379
0.133518654529654	0.0443432692760018
-0.117984276991248	0.0469113915138907
-1.83571376784154	0.742355297253328
1.31451987093813	0.564351638075811
-0.737411368529038	0.251647475713659
0.13571412709247	0.0450530753488282
-0.632424041671007	0.152580102364835
0.94820175004088	0.248479682375772
-1.83597776269255	0.742763952258261
3.63395648950567	1.42026036401428
-0.355104953248248	0.101967480674674
-1.82841297073294	0.73863065228361
-0.355401168227563	0.102014834884787
-1.04232764455762	0.41013375079511
-0.35569023027487	0.10209347470967
-1.52955481711501	0.543641482939636
1.81176507224111	0.701716027060748
0.154509067766894	0.0289541162362231
-0.632563406792844	0.152610991116788
-1.52984634403446	0.54376252749597
-0.241543381848446	0.0777055848228126
0.159859477622278	0.0400192334307773
-0.538391637447097	0.202241097472968
1.45114635521655	0.478471348903038
0.16045117802105	0.0401558290866076
1.81264504950119	0.702404900566408
-0.23522957281847	0.0756912588669357
0.162357836679133	0.0405597098553547
0.953104063529892	0.24967071820883
-0.542550190002901	0.204022574863377
0.94820175004088	0.248479682375772
-1.04324829900211	0.41067273876345
-1.52525862148376	0.541687313963439
0.145227337337459	0.0426443607563146
0.798887367854718	0.328506973468232
0.802353086825023	0.329964914866132
0.64426514594258	0.458663446970106
1.23278814895811	0.846422938378743
1.81456677210567	0.703082758766755
3.26284822825054	1.10169382604423
2.75641316563256	0.763778311858285
0.155067569950451	0.0290355764553768
0.948905461162112	0.248586345985544
0.155111385030128	0.0290417527313876
2.75580772001712	0.763760469153332
0.135983782260437	0.0400782901589669
0.159992352718576	0.0400538861334557
-0.35569023027487	0.10209347470967
3.92452877652187	1.70087632208659
-0.628299579656606	0.151558046801791
0.161043695584893	0.0402684742968713
0.155111385030128	0.0290417527313876
2.75641316563256	0.763778311858285
0.94820175004088	0.248479682375772
-1.79839614394125	0.382877807711208
0.656894206098884	0.206287716765961
-1.79839614394125	0.382877807711208
-3.08216231491203	0.947551973079846
-0.234090861009704	0.0753429614422092
1.44958631087756	0.477702557005987
0.94820175004088	0.248479682375772
2.75580772001712	0.763760469153332
-1.14559783756009	0.346052129596875
-2.492223966474	1.37994790676841
-1.18146011267688	0.658330438871895
-0.742101285286405	0.253499136601578
0.948768757521975	0.248549269795159
-1.50806167447291	0.75852900058031
-3.45967591146264	1.22746502283364
-0.739003822726622	0.252222384495429
-0.115560333893349	0.0459571256215431
2.33527403839181	1.14369090689666
1.02363521199244	0.381873400117373
-0.173898627793226	0.0622737835466209
0.14371839260098	0.0422424410228484
0.425497080140127	0.167863861612803
0.778810040385109	0.463291242685988
1.31110478579583	0.562358978556018
0.423708721184005	0.16718499503533
1.44274874641284	0.886588294027327
-1.34489984811901	0.842385980668023
0.513297440290374	0.181056085890725
1.31366843634341	0.563614405395139
-1.05063685601883	0.414018676297534
-0.352328640216398	0.101201570764145
1.31473628244331	0.564270657565622
0.155067569950451	0.0290355764553768
0.131516255673475	0.0495525805236666
-1.00070780910999	0.494095781511885
-0.240976410898063	0.0775300306973211
0.146332921310034	0.0429416898033695
-1.29755430131512	0.57896670968903
1.03989141335332	0.492998127324037
-0.12075997380286	0.0480297290129821
-3.45900121533902	1.22669642729201
0.14371839260098	0.0422424410228484
0.131463990676715	0.0437015090033304
0.129270930562912	0.0487053692648074
0.667910039261565	0.30706346862549
0.146922191196889	0.0431076767472804
0.422943696836606	0.166784628626567
1.4480329582247	0.477161868008032
0.128782523982544	0.0428430922951178
0.155111385030128	0.0290417527313876
-0.794215822472199	0.344737473235044
0.154465593370314	0.0289479903375428
-0.122282174227126	0.0486458526553681
1.80776863099121	0.699584023999556
-1.03986963329328	0.409012486353307
-0.542900106811953	0.204176406519794
1.95786695174359	0.441149378722158
0.160813493636874	0.0402291855562724
0.67381718361366	0.310093898628815
-0.07378549474269	0.0325146021847303
-4.0152478191119	1.72707941673336
-0.236420091117799	0.0760498926963215
0.424611273738373	0.167583555175302
0.124488256386008	0.0469611145656188
1.31218528243788	0.56311122145944
1.04690378710311	0.497343192229306
0.801571141201532	0.329656916274671
-0.416180819022606	0.173548740911163
-1.00718752312453	0.498535526397277
0.948337549654709	0.248516516252871
0.133827547304626	0.0504034048186407
1.04780700199927	0.497914055094941
0.589032264568651	0.304349472385491
0.15963091503218	0.0399802605532864
2.75641316563256	0.763778311858285
1.95731570776637	0.441000340195791
0.516414683304658	0.182180363838712
1.44780311038183	0.477066495630919
1.95731570776637	0.441000340195791
1.95786695174359	0.441149378722158
0.155111385030128	0.0290417527313876
-0.628164901903538	0.15157555358925
0.943937640725668	0.24736392993685
-0.354229439997714	0.101697261087168
-2.5766529574574	0.657773148602288
-3.46322465260564	1.22963503158779
1.81264504950119	0.702404900566408
2.75580772001712	0.763760469153332
-1.79839614394125	0.382877807711208
0.155111385030128	0.0290417527313876
0.16045117802105	0.0401558290866076
0.155067569950451	0.0290355764553768
1.95786695174359	0.441149378722158
-3.0857009920368	0.949295045119167
2.75641316563256	0.763778311858285
0.154509067766894	0.0289541162362231
-0.628030265547787	0.151499678636842
-1.80123754984197	0.383647112861273
0.157325350109871	0.02936446462458
2.75868832531345	0.765017792149168
0.510619816865865	0.180113549991954
-3.76108876538849	1.48211039032061
0.145313170347528	0.042674261922763
1.02592340208434	0.382810966482796
1.02304894811125	0.381607715308403
0.673147662557951	0.30986199776055
0.661811042100157	0.2078534144171
0.50720087150347	0.178829201945322
0.373162580695551	0.165341999479447
-0.117312200329271	0.046700587944202
1.02329749324129	0.381582146499257
-0.412594451513588	0.171856355506214
3.63500627246108	1.42050433165602
0.658157600688591	0.206837664845118
0.428631067442515	0.169230176789531
-1.00718752312453	0.498535526397277
1.02533495299364	0.382457756692076
0.344207795805188	0.171857661229965
0.13323321112832	0.0501688799168253
-0.355979365614545	0.102141358762928
1.55183311001027	0.753399095718747
1.25308727931006	0.677893883554368
0.132732885510209	0.0441080605497273
-1.13872731243543	0.343741383764358
-0.123306934697032	0.0490427998551211
0.422520693979278	0.166619271733836
0.513167244701502	0.180988618942657
-0.625108743744779	0.299624457542705
-1.29582752385193	0.578160974531549
-2.0851928861798	0.941244883307777
0.429189841643481	0.169462047821113
1.25906599326275	0.682454257243186
-0.254370792107733	0.128453995962992
-0.349540348230138	0.100383158992154
-2.08853487094957	0.94349842004388
0.801922158295548	0.329828855715043
-0.418699120063541	0.174624493913997
-0.236865950236819	0.0762080730306188
0.149551069550847	0.043790750343374
-1.04255649350425	0.410401789740815
0.159992352718576	0.0400538861334557
0.124180335663375	0.0413642945682001
-0.416119418774553	0.17334263980881
0.140609521820489	0.0413743325045252
0.163185820804974	0.0407257646525502
1.31275235192293	0.563405500186811
-0.241543381848446	0.0777055848228126
0.798535307893646	0.328254107247198
0.425281606664403	0.167780963846818
-1.04630043534404	0.412061137796638
1.81294103662311	0.70256079058948
1.7654598675949	0.968500078169628
-3.05112683604749	2.46472392925369
-1.83165926032039	0.740451579277532
-0.537241703354832	0.201774932174822
-0.172886148273605	0.0618700874958794
0.155111385030128	0.0290417527313876
0.806964784735136	0.332177200552997
0.804765006705712	0.331183851246171
0.14380305748793	0.042271222114559
-0.628516191143665	0.301330111365903
1.01640148337761	0.378206769106788
0.51245179464898	0.180728048354012
0.155067569950451	0.0290355764553768
0.149253893040484	0.0791452903083559
0.510271633266051	0.179924314863983
2.10252540036319	0.925396731648863
1.25506772843681	0.679536332250155
3.92694117717927	1.70243676685084
3.92452877652187	1.70087632208659
1.31218528243788	0.56311122145944
1.0192751562055	0.379836783778508
-1.79840965860499	0.382877827643389
1.44391071628385	0.475549251261387
1.44922258720914	0.477763268309402
2.75868832531345	0.765017792149168
3.26345542626113	1.10199860979414
1.44862736407577	0.477555630338169
-1.79839614394125	0.382877807711208
0.658448437247608	0.206865271021461
-1.79840965860499	0.382877827643389
-1.52246182960607	0.540465661800635
0.142892234362748	0.0419793224062305
0.154465593370314	0.0289479903375428
0.154509067766894	0.0289541162362231
0.155111385030128	0.0290417527313876
-1.1414839653338	0.344622990730584
1.95786695174359	0.441149378722158
2.75580772001712	0.763760469153332
0.155713854733082	0.0390835596706886
-0.628164901903538	0.15157555358925
1.95786695174359	0.441149378722158
-1.80123754984197	0.383647112861273
1.44780311038183	0.477066495630919
1.45138090115721	0.478568850670936
0.154509067766894	0.0289541162362231
-0.628299579656606	0.151558046801791
0.159036592116599	0.0397877345506797
-1.83199158756097	0.740532814070127
0.156070095129669	0.0391676647119387
-0.633622907819692	0.1529660004018
0.805116244112889	0.331471066458395
-1.04324829900211	0.41067273876345
-0.789995070710077	0.342550534501667
-1.50548263846326	0.756965523445421
1.55528546656109	0.755344535013972
3.26569824690609	1.10327543173781
0.508115032981171	0.179108309242443
-0.623583634287472	0.298378288783754
1.45114635521655	0.478471348903038
0.661223086818105	0.207656588437818
0.428631067442515	0.169230176789531
0.948337549654709	0.248516516252871
-1.18736482596681	0.663870723805443
1.0192751562055	0.379836783778508
-0.117391426362144	0.0466831384071538
-0.360018151462565	0.103295990712749
0.147007749076803	0.0431148554966707
0.146332921310034	0.0429416898033695
1.81797148254981	0.704596952092508
-0.352036490485324	0.101122204058746
-1.52556530925699	0.541887546993991
1.05024320247209	0.499305652780174
-1.00428527958743	0.496616726867449
0.660347295989593	0.207462296247491
-0.0747060327030967	0.0329118265288211
0.427726139064257	0.168841338822495
0.127811645941547	0.0481547579411935
1.31161763457028	0.562749823451238
1.81545080408239	0.703738180326379
-1.29353315609389	0.576437929846008
0.156896734628332	0.0393320207188234
0.140609521820489	0.0413743325045252
-1.83132702405761	0.74028277145384
0.424589856092066	0.167423262672112
0.511535984561553	0.180463547184556
0.136808149734598	0.0402802904391503
0.142892234362748	0.0419793224062305
-1.1406575104342	0.344234513147494
-0.538963433786103	0.202464572078945
1.55287065064265	0.753512057969004
0.127329099679244	0.0480229321825531
0.138127543219772	0.0458068858026646
-1.14088544605048	0.344426431780091
0.801003629379337	0.329269419736642
-4.01624972536839	1.72772773472485
0.38121548021087	0.169383601621866
-1.83165926032039	0.740451579277532
-1.29882542782854	0.579669605589987
0.670737684854578	0.308719803763878
1.44862736407577	0.477555630338169
0.373768905624823	0.165889064042439
1.45054889854294	0.478121061898946
0.511755072041239	0.180523302881905
-1.34427362797871	0.842694118565477
1.814860828926	0.70324597733131
-0.359141638818634	0.103112871302961
0.66698042724415	0.306554705615375
-0.73833632952493	0.25198039611565
-0.0778369843795223	0.0342460626890111
0.886361496446088	0.470450698347211
1.8138222857108	0.70292085392477
0.427654289731256	0.168670277379416
1.31161763457028	0.562749823451238
3.63629792702422	1.42164529184574
-1.04347763338354	0.410675434748757
0.950287720870208	0.248999740475732
0.948337549654709	0.248516516252871
0.661517102334111	0.207824976675168
0.94820175004088	0.248479682375772
0.155111385030128	0.0290417527313876
0.131516255673475	0.0495525805236666
1.95786695174359	0.441149378722158
1.4480329582247	0.477161868008032
0.154509067766894	0.0289541162362231
0.16045117802105	0.0401558290866076
-0.237212899766669	0.0763212805777045
1.75581252415946	0.960877392919588
0.94820175004088	0.248479682375772
2.75580772001712	0.763760469153332
0.156304884454214	0.0392194704826931
1.95731570776637	0.441000340195791
-2.5766529574574	0.657773148602288
-1.14088544605048	0.344426431780091
1.95786695174359	0.441149378722158
0.154465593370314	0.0289479903375428
1.95731570776637	0.441000340195791
0.142892234362748	0.0419793224062305
0.94820175004088	0.248479682375772
1.95988292961267	0.441702177751728
-2.57968420714322	0.659073447553718
-1.0419816315643	0.409976007162161
0.154509067766894	0.0289541162362231
0.511884149147493	0.180536056250855
-0.235754205237999	0.0758930201795801
0.160221796316651	0.0401166927693931
-1.1412568453231	0.344431220445032
-2.65071577726669	1.61450216392847
1.81826867111223	0.704762090721195
1.31126841403568	0.56233368703482
0.43038017867016	0.169931858392029
1.44665759513172	0.476601664632304
0.416988723475707	0.164348304838727
1.55378707815797	0.754352987255714
0.944504519928106	0.247598335656165
0.15963091503218	0.0399802605532864
1.81294103662311	0.70256079058948
0.124391130548139	0.0414392550449754
0.426188529242061	0.168158662567646
-0.541404043902354	0.20353687445987
-0.738079783119958	0.251987608125061
-0.117391426362144	0.0466831384071538
-3.76137421922742	1.48226291907169
0.426188529242061	0.168158662567646
-0.164961528199622	0.0590946327024874
-1.52585303078124	0.541962051097293
0.427726139064257	0.168841338822495
-2.08484842220823	0.940993818731239
0.853654303163103	0.629909796235604
1.75435561378562	0.959697329695737
-1.2941091808211	0.576975974922849
0.344203738752608	0.171848648698291
-0.355401168227563	0.102014834884787
3.92516768334333	1.70097969958265
1.30785910565979	0.560597035734697
2.75580772001712	0.763760469153332
1.81323362267005	0.702723165703649
-0.41367474039286	0.236507738035056
-1.50981787638691	0.760401413502174
-1.83105982818556	0.740099638711398
1.75103592323411	1.35444374614998
3.63694507499105	1.42148992135626
-0.788962872631865	0.342076545446221
1.602483388216	1.10851845995143
-0.417498560054849	0.174105987349017
-0.358852053011674	0.102979336804101
1.02329749324129	0.381582146499257
1.45114635521655	0.478471348903038
-0.236642536873473	0.0761450888689269
-0.538169446885037	0.20211193569765
0.803406298057045	0.330476655381048
0.94820175004088	0.248479682375772
-1.29538171494723	0.577437227146469
0.160813493636874	0.0402291855562724
-0.536322009305803	0.201466150653051
0.133301116726748	0.0442849463266127
-0.236642536873473	0.0761450888689269
-0.792396830153744	0.344017820558448
-0.166972081756225	0.0597742269277735
0.511755072041239	0.180523302881905
1.30877399614962	0.561080478424277
0.67374098604665	0.310203332995967
-0.786064001710535	0.340634932199196
0.128075192969757	0.0482635683600574
0.695887395472241	0.455465983952709
0.882675790549136	0.467743019683631
0.669552643528324	0.308070987336909
0.374992176019385	0.166261800681351
1.0239728358881	0.381885834911352
0.144054213480702	0.0423469198905259
0.771565280162323	0.457435642145508
-0.241543381848446	0.0777055848228126
0.160221796316651	0.0401166927693931
0.130847633086116	0.0558190648233276
1.76414846932977	0.967304800506254
1.55152601933111	0.752759870414717
0.947770742439721	0.248281535275256
1.31161763457028	0.562749823451238
0.94820175004088	0.248479682375772
1.81574571371452	0.703837629137609
2.09962019368326	0.923638574732708
0.414330896555899	0.163186376860482
3.6326714041979	1.41965046916025
-1.79840965860499	0.382877827643389
-1.80123754984197	0.383647112861273
1.95731570776637	0.441000340195791
0.660638687988492	0.207526442563452
3.26345542626113	1.10199860979414
0.157325350109871	0.02936446462458
-1.52585303078124	0.541962051097293
0.143231568712453	0.0420634101782781
0.94820175004088	0.248479682375772
0.154509067766894	0.0289541162362231
0.950998501270056	0.249196467275389
3.26284822825054	1.10169382604423
-2.5766529574574	0.657773148602288
0.12913352992743	0.0429550272454785
0.155111385030128	0.0290417527313876
0.653826927429073	0.205337088996143
-1.79839614394125	0.382877807711208
0.155111385030128	0.0290417527313876
-0.628867026021838	0.151670609188118
-0.358264019190404	0.102817613458252
-3.08189869996978	0.9470994296719
-0.120436689899838	0.0478987092728061
-0.234659925712008	0.0755339906287207
1.44981862951738	0.477799018830262
1.55472173238364	0.754945653890023
-0.168098950998947	0.060182556134742
1.5558485462913	0.755659230691169
0.15144823932183	0.0285426379557898
-1.53385767192304	0.545384911398725
1.81574571371452	0.703837629137609
-0.421671919871399	0.176021386488643
0.374343498860092	0.165966304255998
1.31110478579583	0.562358978556018
1.22897522271084	0.842363225880004
0.155111385030128	0.0290417527313876
1.44862736407577	0.477555630338169
-1.14111344283696	0.344497381350969
2.33413825881179	1.14291338616828
0.776820462673347	0.46185043427999
1.44862736407577	0.477555630338169
0.344814357962911	0.172223529033892
-0.543250105928331	0.204305308908878
-0.965749155927154	0.595618846511141
-1.48922312501415	1.04138216398357
-1.29515319796898	0.577477426894068
-0.742101285286405	0.253499136601578
0.950998501270056	0.249196467275389
-0.356656967234746	0.102398272590581
-0.242459551461214	0.077947382082456
-0.354815349846941	0.101888689175609
-0.168415949181166	0.0603482965151677
-0.236865950236819	0.0762080730306188
-1.69337605577332	0.953224222592698
-1.18309149572464	0.65955331260621
0.667240028590948	0.306612269695255
2.10286507825917	0.92563188054431
-0.175432015465782	0.0628166126562356
-0.624552065460917	0.298912713773585
-0.54346877962796	0.204399150899749
1.04690378710311	0.497343192229306
0.674410150483169	0.310435009145187
1.23187559239844	0.845909310977756
1.8135291528185	0.702758164322864
0.675381903961414	0.311010897261863
0.12766278679512	0.0481491979841494
-1.83504104592481	0.742292078332567
1.55676323731571	0.756369695530655
-1.50947479439886	0.760140817990627
0.797760401782817	0.327916718359797
1.02271178737872	0.381316878019672
-1.2941091808211	0.576975974922849
-0.241892151565733	0.0777967682855961
1.54793474376751	0.750539790868506
-1.29790303333427	0.579341243572057
1.31104941060088	0.562257057470917
0.132732885510209	0.0441080605497273
0.13422930794267	0.0445728055584624
0.425065527869463	0.167656114427908
-0.810923332320749	0.443516649682128
0.135013832711232	0.0448286361779132
0.15963091503218	0.0399802605532864
0.845796274482391	0.621966764982129
0.139774210780199	0.0670732346945976
1.07166061434485	0.651002940505193
-1.29318528584883	0.57616602568844
-0.238130718624198	0.0765764115230572
0.670906859207156	0.308500067147838
0.421057115552697	0.166017922839267
0.131541520016344	0.0437194079588842
0.66930424577174	0.30749416119693
3.26569824690609	1.10327543173781
0.425281606664403	0.167780963846818
-0.628030265547787	0.151499678636842
1.8138222857108	0.70292085392477
0.424935770305415	0.167621556044747
0.771260593055051	0.457204660531777
1.941066245155	1.18987292325932
0.13125430574639	0.0494561793802337
-0.161741213249533	0.0579719954170508
0.948337549654709	0.248516516252871
0.589161551646797	0.304771723465165
0.510619816865865	0.180113549991954
0.161043695584893	0.0402684742968713
0.94820175004088	0.248479682375772
0.658157600688591	0.206837664845118
1.45174463580423	0.478561109172125
0.798676159728442	0.328314833787517
3.26284822825054	1.10169382604423
0.162357836679133	0.0405597098553547
-0.352915395102444	0.101358152963712
-1.79839614394125	0.382877807711208
0.94820175004088	0.248479682375772
1.3076457108734	0.560429723767112
2.75641316563256	0.763778311858285
-1.14171114622793	0.344693702322242
2.75641316563256	0.763778311858285
1.95786695174359	0.441149378722158
1.95731570776637	0.441000340195791
1.45114635521655	0.478471348903038
-1.79839614394125	0.382877807711208
-1.79839614394125	0.382877807711208
-0.738882523398138	0.252189660649256
-0.628733247343677	0.151688343674084
1.95988292961267	0.441702177751728
1.44862736407577	0.477555630338169
0.162357836679133	0.0405597098553547
-2.5766529574574	0.657773148602288
-1.79840965860499	0.382877827643389
1.95786695174359	0.441149378722158
2.75520320904554	0.763197913000704
0.155111385030128	0.0290417527313876
2.75580772001712	0.763760469153332
-0.738670030097319	0.252119567169358
-2.5766529574574	0.657773148602288
1.81545080408239	0.703738180326379
0.154465593370314	0.0289479903375428
-0.169664956250467	0.0607827502330806
-1.83165926032039	0.740451579277532
0.658741078701816	0.207014004441108
-0.352915395102444	0.101358152963712
-0.542550190002901	0.204022574863377
2.3392177093588	1.14668438820198
2.10114269367742	0.924635433318668
0.518965091965043	0.18293925063954
0.511755072041239	0.180523302881905
2.09682127519349	0.921775526445784
3.26284822825054	1.10169382604423
0.513516136888496	0.181178716343693
1.30962623234866	0.561361148899563
-3.45922605387697	1.22727228815634
1.95731570776637	0.441000340195791
0.154465593370314	0.0289479903375428
0.950287720870208	0.248999740475732
-1.79840965860499	0.382877827643389
0.584277193226462	0.3011241317862
0.146922191196889	0.0431076767472804
-1.52733164921203	0.542467335870669
1.04368981844324	0.495127036286315
-1.52926336424741	0.543358625626883
-3.76865619432902	1.48655906351652
0.162357836679133	0.0405597098553547
0.132600988210423	0.0440609588064188
2.1037096154536	0.926051884063359
1.25042147238036	0.676388597053865
1.0413509498197	0.494052519302526
-1.18618496921206	0.662452990855805
1.31183590793173	0.562694726030807
-0.234881985943443	0.0755878057926229
-1.28937285617751	0.574083957636609
-0.418699120063541	0.174624493913997
1.81323362267005	0.702723165703649
0.882600927399831	0.468295583820609
0.50776496866365	0.179019570667438
0.146019889663271	0.0774016363169878
-0.0766234130521355	0.033718032708427
1.81323362267005	0.702723165703649
-1.04416930284237	0.410817461260561
-0.115066717069849	0.0457685745068807
-2.08553743334962	0.941412888325459
-0.74269218165825	0.253631177667885
0.146670376003709	0.0430346600388633
1.45054889854294	0.478121061898946
-0.734865258526109	0.250732421647056
0.130070615556567	0.0555691726612021
-1.14583039258107	0.346039770541419
-0.354519585455166	0.101776151388844
1.45078261646269	0.478218161496633
0.128075192969757	0.0482635683600574
-0.807063081176681	0.441221548160824
0.659032459281836	0.207041754611057
0.135147068183463	0.0448731525122335
0.801786885039242	0.329686341918844
-2.08588206375572	0.941486520759418
-1.04721949984211	0.412618976511128
-0.0740874081867181	0.0326465317956135
1.03968123804489	0.492918499809222
-1.04278630064219	0.410314973185565
0.37713976360368	0.167394977086872
-0.354815349846941	0.101888689175609
0.660932155782147	0.207694635746326
-0.785941854072081	0.340646515205131
-0.121730210126732	0.0483931682097506
0.658157600688591	0.206837664845118
0.345804617933805	0.172794472084294
0.144389940892798	0.0424393237157952
-0.352036490485324	0.101122204058746
1.06693551903278	0.646612243385251
0.510619816865865	0.180113549991954
0.147510896476738	0.0432547789402825
-0.741173379981644	0.25299768453382
-0.117336741462383	0.0466584622287431
-1.52556530925699	0.541887546993991
2.10252540036319	0.925396731648863
0.427380592234077	0.168681699885593
-1.29422913938657	0.576824155878015
0.513733853850566	0.181194231451746
0.15963091503218	0.0399802605532864
0.156304884454214	0.0392194704826931
0.802353086825023	0.329964914866132
0.160221796316651	0.0401166927693931
2.75520320904554	0.763197913000704
0.800521879884642	0.329131641552942
1.4480329582247	0.477161868008032
1.02558467001725	0.382518749728777
-1.52525862148376	0.541687313963439
1.44450447975593	0.475941549703467
2.54670827785359	1.38000841399591
0.125008948627559	0.0471744825153182
2.75580772001712	0.763760469153332
0.948337549654709	0.248516516252871
0.948337549654709	0.248516516252871
0.156304884454214	0.0392194704826931
0.674075603168132	0.310361240164618
0.506420516253432	0.178441254862104
0.134796989185734	0.044763826715822
0.124153707844076	0.0468349501941597
-2.30007213812399	1.14746925859003
-1.05142448722124	0.41439445041073
2.75520320904554	0.763197913000704
2.75868832531345	0.765017792149168
2.75868832531345	0.765017792149168
0.947770742439721	0.248281535275256
-1.79839614394125	0.382877807711208
-1.79840965860499	0.382877827643389
0.161043695584893	0.0402684742968713
0.140023273435885	0.041219830052157
1.81264504950119	0.702404900566408
-1.14499995487719	0.345855392571373
-1.14088544605048	0.344426431780091
-0.738079783119958	0.251987608125061
0.155111385030128	0.0290417527313876
0.155067569950451	0.0290355764553768
1.95731570776637	0.441000340195791
2.75580772001712	0.763760469153332
1.95731570776637	0.441000340195791
0.948337549654709	0.248516516252871
-1.80123754984197	0.383647112861273
0.948768757521975	0.248549269795159
0.660638687988492	0.207526442563452
1.95731570776637	0.441000340195791
-1.83099487872884	0.740025429797688
-0.738670030097319	0.252119567169358
0.582439476614043	0.300374349088181
0.156304884454214	0.0392194704826931
-0.737745529684395	0.251848226779474
-1.04687191417195	0.412486748895758
-0.735538279411364	0.250976055861043
0.132951093876262	0.0441757525557606
0.511535984561553	0.180463547184556
0.417251270551917	0.164411014904255
-2.65816520702034	1.62382804846216
0.511315925469962	0.180318053690652
0.656596864428374	0.206190386440451
-1.51536103121353	0.764034834188615
0.12928924722801	0.055144587450931
0.376875238635301	0.16727169805512
-2.4886098005228	1.37584679442998
0.659032459281836	0.207041754611057
0.806382919129529	0.331954183712481
1.04780700199927	0.497914055094941
0.132164012775708	0.0439252834614193
-0.624552065460917	0.298912713773585
-0.792396830153744	0.344017820558448
-1.83105982818556	0.740099638711398
-0.35569023027487	0.10209347470967
-1.29180126592501	0.575635440327952
-0.23522957281847	0.0756912588669357
-1.29468583724064	0.577050898837199
1.02651128578825	0.383050193875148
0.950287720870208	0.248999740475732
0.697517931667986	0.457094547418296
0.510051323737923	0.179850968444512
-0.788395480319902	0.341804995882944
0.163185820804974	0.0407257646525502
1.31473628244331	0.564270657565622
-0.504042333144739	0.266012917728938
0.133528954864751	0.044333899674477
1.03933408515551	0.492573720159458
-0.503401617078509	0.265523042009152
4.16793953393336	1.96626606855667
0.779755840857959	0.464173827423405
0.489490640792519	0.308657325900767
1.51730639516438	1.29651044135307
0.374992176019385	0.166261800681351
-0.738414128880846	0.252090639638632
-1.14499995487719	0.345855392571373
-0.628299579656606	0.151558046801791
-0.411746492353726	0.171554824556765
-1.69722223237915	0.956557235506187
-0.542550190002901	0.204022574863377
2.1037096154536	0.926051884063359
-2.80127268269503	1.87978977965065
-1.50890779517478	0.759811839667551
0.128409991510058	0.0483828350789698
-1.50794706066394	0.75869717656901
0.13571412709247	0.0450530753488282
-0.236642536873473	0.0761450888689269
0.336787433263013	0.167919859906496
0.130544423159807	0.0433854954695409
-0.414849585401539	0.172825872337049
-0.172669104556229	0.0618131682393964
0.125916993909445	0.0537508905746059
-1.35546765220618	1.12947209717742
0.806031822454127	0.331901204294119
1.39066483792098	1.0760178455511
1.54828773160562	0.75077259968661
2.33706074348868	1.14515549915231
-1.23932283148333	0.943252329294443
-1.52644938828825	0.542097216238236
-0.165088554277847	0.0591488725692337
0.807667121594307	0.332402633699121
0.130382580547973	0.0557024249618874
0.373454818648763	0.165812563770478
1.94295847839385	1.19235782048187
-1.04687191417195	0.412486748895758
0.160813493636874	0.0402291855562724
0.425411281391427	0.167750699925777
0.510440135603011	0.179966436385068
-1.00016650180889	0.493507674581424
0.798112323859371	0.328001407916524
0.147510896476738	0.0432547789402825
-0.359432307228107	0.103134774665835
-0.414216368176492	0.236735088352148
-0.32363418327189	0.149335805144695
0.670571388016324	0.308341959138758
-0.329147982594378	0.152002884124992
-0.35569023027487	0.10209347470967
-1.14171114622793	0.344693702322242
0.803634308584142	0.330504508432051
-1.04347763338354	0.410675434748757
1.81545080408239	0.703738180326379
0.658157600688591	0.206837664845118
0.948905461162112	0.248586345985544
0.160221796316651	0.0401166927693931
0.948905461162112	0.248586345985544
2.75580772001712	0.763760469153332
0.425497080140127	0.167863861612803
-1.00361914170206	0.496209107630798
1.44509906384746	0.476148552116978
-2.5766529574574	0.657773148602288
-0.354815349846941	0.101888689175609
0.805116244112889	0.331471066458395
-0.167535179530461	0.0599846998526839
0.154465593370314	0.0289479903375428
0.155067569950451	0.0290355764553768
-1.14523333483643	0.345843348749308
0.797547838398202	0.327616486302074
0.147848686423209	0.0433479015633612
-0.789650928512862	0.342421974551524
0.808654354333683	0.333023384885456
0.131244557787275	0.0436234987478517
0.59129172719439	0.305808683850984
0.803055311396109	0.330423388744012
0.938722557544726	0.633927967461859
4.54963741504814	2.49142638298113
1.02626205148491	0.382823634565729
0.947770742439721	0.248281535275256
-1.14499995487719	0.345855392571373
0.654703443030561	0.205608890273211
1.44509906384746	0.476148552116978
2.75641316563256	0.763778311858285
0.155111385030128	0.0290417527313876
2.75580772001712	0.763760469153332
0.658449623497539	0.206846818911275
-3.08203048704882	0.947509650360219
0.155111385030128	0.0290417527313876
0.512321829500026	0.180674048803135
2.75520320904554	0.763197913000704
0.155067569950451	0.0290355764553768
2.75520320904554	0.763197913000704
-1.79840965860499	0.382877827643389
1.95786695174359	0.441149378722158
3.26406378444313	1.10187162962723
-0.628867026021838	0.151670609188118
-3.08216231491203	0.947551973079846
-3.08189869996978	0.9470994296719
-0.628599509856641	0.151612619227975
2.75807933893485	0.764710363024488
-3.4599009305559	1.22709220959572
-2.0888812011404	0.943710245621911
1.31353490903236	0.563324577749506
2.10227195989275	0.924990315433236
-1.52497036065527	0.541612586959632
-3.76137421922742	1.48226291907169
0.425497080140127	0.167863861612803
1.04023849222891	0.493343152511521
-2.30065661297022	1.14788322958659
-0.118198760703267	0.0469638279861991
3.63203016857434	1.41874839489518
-1.04721949984211	0.412618976511128
-0.0064548984287695	0.00334179330824075
0.131814043124596	0.0438161720723548
0.516414683304658	0.182180363838712
-0.237907054483207	0.0765120695488488
0.133301116726748	0.0442849463266127
-0.414515563910564	0.172670310722692
0.144890403623689	0.042539469630613
0.880148600822102	0.465798141511016
0.132382889280095	0.0439989008298304
0.425842843580689	0.168023318876402
2.72466968012884	1.63483488457966
-0.418699120063541	0.174624493913997
-0.540136497897179	0.20308713328324
1.55486158244648	0.754948133287252
1.43884089633637	0.882621269664331
-1.1414839653338	0.344622990730584
0.805467397708516	0.331643487494376
-1.34427362797871	0.842694118565477
-1.50856486148784	0.759478247028092
0.876980757709068	0.464120106246
-2.30100347000821	1.14813064628252
-1.18336718045491	0.659680463908191
0.802489056255948	0.330144551890374
0.659032643407672	0.20695576224899
0.140131568938287	0.0672610114285674
0.129611115232073	0.0552814638410688
0.319042588352105	0.193298357033735
0.148186394591661	0.0434281534721658
-1.04290235412753	0.410559570501728
-0.236642536873473	0.0761450888689269
-1.69365069043125	0.952980236644444
0.805818467531733	0.331696510115434
-0.80581673868088	0.440312918195351
0.489772327474073	0.308856535941457
-1.03986963329328	0.409012486353307
1.55357482739164	0.753998587470342
2.1031177894695	0.925795147014246
0.510967914253512	0.180245566763838
-2.08224011884719	0.939282107374303
-1.18184985626015	0.658332026839947
-0.808482858365808	0.441259143602958
0.130323873520588	0.0491059528446299
1.02422162940792	0.382079227006262
0.132830269347538	0.0566941160717077
3.26284822825054	1.10169382604423
-1.04595278088894	0.411874241216211
0.427940197825985	0.168935073750412
0.132951093876262	0.0441757525557606
0.676641427898326	0.311737908940663
-0.62574329550905	0.299522773517337
0.881701739718082	0.466907949847724
-0.166213389018895	0.0595190660770883
-0.424968543056862	0.177469299340613
-0.797312161678037	0.346534853807119
0.666125335326482	0.306001775989962
-0.231629644038533	0.0745681370593555
1.38687627278034	1.07151972448339
-0.111736396242696	0.0445015745003232
0.658741078701816	0.207014004441108
-0.539438704416492	0.202662195535841
-0.261036758279708	0.13211404650529
-0.415785083697339	0.173214573475784
0.132183867428434	0.0497956563494198
0.798535307893646	0.328254107247198
-0.321498630266757	0.148130773447812
0.808231026632447	0.332766886176791
-2.4956135361193	1.382975059296
0.132382889280095	0.0439989008298304
0.162719274583833	0.0406219991153643
1.4317400246719	0.87530641585214
0.528527508497305	0.304283630470329
-0.237559934502149	0.0764246711906185
0.132032810243933	0.0438841642048134
-0.737489374761453	0.251678150254292
1.05024320247209	0.499305652780174
-0.234312185154952	0.0754304879292539
2.5427894591106	1.37603904067737
1.94677381660885	1.19617977561764
0.159992352718576	0.0400538861334557
0.426188529242061	0.168158662567646
1.01844354699295	0.379351483810338
0.160221796316651	0.0401166927693931
0.948337549654709	0.248516516252871
-0.628867026021838	0.151670609188118
1.94618781985765	1.19547478989918
1.02329749324129	0.381582146499257
0.157370411029726	0.0293708256249034
3.26569824690609	1.10327543173781
1.81767719681703	0.704324972687456
0.948768757521975	0.248549269795159
0.947770742439721	0.248281535275256
-1.14088544605048	0.344426431780091
-2.08391905009995	0.940245123426704
0.160221796316651	0.0401166927693931
0.428285671446016	0.169094775343879
0.805116244112889	0.331471066458395
2.75580772001712	0.763760469153332
-2.57660997484294	0.657538252319339
2.75807933893485	0.764710363024488
-0.54346877962796	0.204399150899749
0.159859477622278	0.0400192334307773
-1.14088544605048	0.344426431780091
2.54578920374591	1.37918799565204
3.63331351050508	1.42008896661082
-1.03964164372292	0.408955449510983
2.54996002967576	1.38205036107685
0.948905461162112	0.248586345985544
-1.29894971744328	0.579925756370133
-0.167754072609883	0.0600616127897958
-1.04416930284237	0.410817461260561
2.75580772001712	0.763760469153332
2.75580772001712	0.763760469153332
0.154465593370314	0.0289479903375428
0.943937640725668	0.24736392993685
-1.79839614394125	0.382877807711208
-2.57963910438406	0.659061212358043
0.94820175004088	0.248479682375772
1.44862736407577	0.477555630338169
-3.08542618523242	0.949198094742557
0.160813493636874	0.0402291855562724
-1.79839614394125	0.382877807711208
-1.79839614394125	0.382877807711208
-2.57669595250488	0.657559862268914
0.945072510336007	0.247668267417156
0.155067569950451	0.0290355764553768
1.02329749324129	0.381582146499257
0.948768757521975	0.248549269795159
0.155067569950451	0.0290355764553768
0.155067569950451	0.0290355764553768
-1.79840965860499	0.382877827643389
0.162357836679133	0.0405597098553547
0.157325350109871	0.02936446462458
-1.1414839653338	0.344622990730584
0.143467885183021	0.0421790290070851
0.140609521820489	0.0413743325045252
1.02212623462815	0.380948102315312
-4.01591566480886	1.72772177589649
0.660640141500972	0.207490447031014
0.517329942421449	0.18248668342077
0.654121684946124	0.205433467520013
0.13125430574639	0.0494561793802337
0.506420516253432	0.178441254862104
1.0444623770314	0.495719164594595
-1.83139270651508	0.740181168650308
0.156896734628332	0.0393320207188234
0.804765006705712	0.331183851246171
-0.735795036496609	0.251087692088149
-1.04813892068855	0.412775744631749
0.144976980831471	0.0425943260188831
1.31253456967921	0.563091330038175
0.427940197825985	0.168935073750412
3.26224218729945	1.1009233569627
0.144054213480702	0.0423469198905259
0.376551488393798	0.167096677243062
0.427940197825985	0.168935073750412
0.42447586723862	0.167476495974403
0.802138012530807	0.329972517070534
-0.538391637447097	0.202241097472968
2.3386469338706	1.1463460110087
-0.741173379981644	0.25299768453382
0.377522545229957	0.167567105298898
0.506985941033904	0.178701728610087
0.130894531886353	0.0435089375277545
-3.76108876538849	1.48211039032061
-3.46299441124492	1.22953362528533
0.510619816865865	0.180113549991954
-1.04595278088894	0.411874241216211
0.424935770305415	0.167621556044747
-1.04431250676144	0.411172957447673
0.65757421006213	0.206588655278929
0.948337549654709	0.248516516252871
-0.0773820044668893	0.0340746300882354
2.10139563641952	0.924609016057742
0.512103476504473	0.180655514559587
0.65757421006213	0.206588655278929
0.127651677266186	0.0424864772644231
0.374933422580566	0.16625772778587
-0.117660477054644	0.0467865531553836
-1.04290235412753	0.410559570501728
-0.422271909209449	0.176267476336917
-0.241762406615348	0.0777470617850766
-0.789949074347787	0.342860425674977
0.373180610877933	0.165574351861478
-0.543250105928331	0.204305308908878
-1.04630043534404	0.412061137796638
3.26569824690609	1.10327543173781
-1.14171114622793	0.344693702322242
-0.23899936488781	0.076906393395764
-1.29515319796898	0.577477426894068
0.154465593370314	0.0289479903375428
0.147173024714353	0.043149325154862
0.132032810243933	0.0438841642048134
-3.45945095257726	1.22747869975084
-1.0046184504941	0.49675456385791
0.144054213480702	0.0423469198905259
-0.62846719018546	0.301580120835599
2.88610251474957	1.91122938300448
0.157732115981917	0.0907102608303277
0.137777354037229	0.0456973820976041
-3.45922605387697	1.22727228815634
-0.166213389018895	0.0595190660770883
3.26345542626113	1.10199860979414
0.129007902031019	0.0486060931750835
0.511187733730715	0.180331422147582
0.13125430574639	0.0494561793802337
1.45114635521655	0.478471348903038
-2.0888812011404	0.943710245621911
1.25357639446184	0.679092116889119
0.510839396613925	0.180141996770445
0.510619816865865	0.180113549991954
0.130920287619515	0.0493322328761646
0.948768757521975	0.248549269795159
-0.54346877962796	0.204399150899749
1.04044805884449	0.49337374099371
-1.1412568453231	0.344431220445032
0.94820175004088	0.248479682375772
-1.29802782774478	0.579253782835915
0.428844518886435	0.169326646561233
-2.13372183602033	1.64338680904353
0.16045117802105	0.0401558290866076
-0.351744415353914	0.1010114930848
-0.628164901903538	0.15157555358925
-0.624787013389174	0.299458156224005
0.131190430440417	0.043607248787474
3.17248031878801	2.56145019230511
0.161043695584893	0.0402684742968713
2.33899743092669	1.14663661123896
2.75580772001712	0.763760469153332
0.155067569950451	0.0290355764553768
0.141195201809473	0.0415167743660916
0.160813493636874	0.0402291855562724
1.44899109330448	0.477667123734845
0.155111385030128	0.0290417527313876
1.45054889854294	0.478121061898946
1.02422162940792	0.382079227006262
0.130848367555103	0.0492864903447113
0.154465593370314	0.0289479903375428
1.95731570776637	0.441000340195791
-0.626075023442282	0.151167646950723
0.15144823932183	0.0285426379557898
0.145313170347528	0.042674261922763
0.948768757521975	0.248549269795159
0.94820175004088	0.248479682375772
0.943937640725668	0.24736392993685
-0.235007751863996	0.0756217011010752
1.95731570776637	0.441000340195791
0.16045117802105	0.0401558290866076
-1.52525862148376	0.541687313963439
-2.57963910438406	0.659061212358043
0.160221796316651	0.0401166927693931
1.44780311038183	0.477066495630919
1.31183590793173	0.562694726030807
3.6326714041979	1.41965046916025
0.947635845528227	0.248244973505163
1.31530203855702	0.564526657282562
2.75580772001712	0.763760469153332
-1.79840965860499	0.382877827643389
-0.628030265547787	0.151499678636842
0.154311934860129	0.0289593414864238
-1.79840965860499	0.382877827643389
2.75580772001712	0.763760469153332
-0.359141638818634	0.103112871302961
2.75580772001712	0.763760469153332
0.154465593370314	0.0289479903375428
-1.80123754984197	0.383647112861273
0.15144823932183	0.0285426379557898
3.26224218729945	1.1009233569627
0.155067569950451	0.0290355764553768
-2.5766529574574	0.657773148602288
0.154465593370314	0.0289479903375428
-2.57660997484294	0.657538252319339
0.155111385030128	0.0290417527313876
1.95786695174359	0.441149378722158
-1.79840965860499	0.382877827643389
1.95786695174359	0.441149378722158
1.95786695174359	0.441149378722158
-3.46322465260564	1.22963503158779
-0.355104953248248	0.101967480674674
-3.76924254390279	1.48645562373934
0.154465593370314	0.0289479903375428
-0.542550190002901	0.204022574863377
2.10173504798347	0.924843834263361
1.02329749324129	0.381582146499257
0.155067569950451	0.0290355764553768
1.44922258720914	0.477763268309402
0.509175451887884	0.179500092399481
0.154509067766894	0.0289541162362231
-3.46322465260564	1.22963503158779
-1.04326787487181	0.410574945464854
-1.52954577316989	0.543451783402332
-0.967005498334107	0.596709706304127
-1.79839614394125	0.382877807711208
-1.0438234260038	0.410788519057193
0.658448437247608	0.206865271021461
0.670221504441968	0.308342042732951
-1.1414839653338	0.344622990730584
0.51386494250992	0.181311218287051
1.30898590240314	0.561115575362232
-2.0029166236219	1.39659199590098
-0.736131442714986	0.251191396874175
-0.738079783119958	0.251987608125061
0.154465593370314	0.0289479903375428
0.140609521820489	0.0413743325045252
0.146332921310034	0.0429416898033695
0.658741078701816	0.207014004441108
0.145227337337459	0.0426443607563146
-1.14111344283696	0.344497381350969
0.159402290839324	0.0399177124259514
-0.789306862497791	0.342262742988917
-2.5766529574574	0.657773148602288
-0.355104953248248	0.101967480674674
-1.50890779517478	0.759811839667551
1.81323362267005	0.702723165703649
-1.14088544605048	0.344426431780091
0.67374098604665	0.310203332995967
0.941892448802518	0.636316235630065
-0.789306862497791	0.342262742988917
-0.789650928512862	0.342421974551524
-1.04221071709325	0.410198911511082
0.131182346173996	0.0494239428300676
-0.789186944928493	0.341997569429404
-0.737489374761453	0.251678150254292
0.165103009331824	0.0411253937349734
-0.628030265547787	0.151499678636842
1.31275235192293	0.563405500186811
0.659324643575319	0.207123110468657
1.02558467001725	0.382518749728777
0.657866689740957	0.206670742493303
0.657283842665822	0.20642210460759
0.155067569950451	0.0290355764553768
-1.52497036065527	0.541612586959632
1.81441103810189	0.702928228145098
-0.738670030097319	0.252119567169358
0.94820175004088	0.248479682375772
0.157370411029726	0.0293708256249034
1.44780311038183	0.477066495630919
0.505173599482681	0.177964969298403
0.139684630056245	0.0411185419267414
0.131814043124596	0.0438161720723548
-1.14111344283696	0.344497381350969
-0.35262379016767	0.101278913820777
-0.41816567462896	0.17438817779225
-0.738002720964575	0.251779850607704
1.45054889854294	0.478121061898946
-1.52468217246603	0.541450953371581
0.659032643407672	0.20695576224899
-0.352915395102444	0.101358152963712
2.75641316563256	0.763778311858285
-1.1414839653338	0.344622990730584
0.512948788838409	0.180923723722652
-0.742186336237652	0.253369233953609
0.514431860453614	0.181517099423547
0.145313170347528	0.042674261922763
1.81264504950119	0.702404900566408
0.159402290839324	0.0399177124259514
1.45054889854294	0.478121061898946
-0.539312347732804	0.202625351504848
-0.738670030097319	0.252119567169358
-0.165995298204196	0.0594566920073821
-0.354815349846941	0.101888689175609
0.155067569950451	0.0290355764553768
-0.628030265547787	0.151499678636842
1.02455981174032	0.382091874796033
1.44862736407577	0.477555630338169
1.31161763457028	0.562749823451238
0.160813493636874	0.0402291855562724
0.15547989361324	0.039031965106125
-0.352915395102444	0.101358152963712
-3.45922605387697	1.22727228815634
0.157325350109871	0.02936446462458
0.424373787314051	0.167361463682442
0.132164012775708	0.0439252834614193
1.44839669376933	0.477459847846965
1.30785910565979	0.560597035734697
-2.57968420714322	0.659073447553718
-2.57669595250488	0.657559862268914
-0.738079783119958	0.251987608125061
0.156304884454214	0.0392194704826931
2.75868832531345	0.765017792149168
-2.5766529574574	0.657773148602288
-1.80123754984197	0.383647112861273
1.95988292961267	0.441702177751728
1.55598981029304	0.755831923074866
0.380307254840881	0.168957183383726
-0.0636344539089991	0.0402143383999354
0.078946622107416	0.0536771823751945
-0.0760707649937686	0.0465868633333204
0.501915733707647	0.31826036007306
2.23826007475375	2.4888724839091
-0.793526909263106	0.34442474324859
-0.0346553031592165	0.0166250645459583
-0.153965100622829	0.0878235305111623
0.436306479740711	0.313947696556039
-0.259750191845531	0.131408005200169
-1.10852717104292	0.763334208785295
0.904385538616122	0.783063462067454
-0.50709512987148	0.268080796616478
-0.624824451696218	0.299085257385298
0.411656813598782	0.327430188094292
-0.323790233074692	0.149308363719974
0.777425857794473	0.462374564731441
0.413633088113078	0.329362489438461
0.511884149147493	0.180536056250855
-0.557766313831001	0.356788665999433
0.671071788506695	0.308901200069349
-0.159177254450397	0.109750226098893
-0.800466635772122	0.43634359105689
-0.536322009305803	0.201466150653051
-1.17832212137368	0.656122371860623
-1.00663766549606	0.910218558742367
-0.355104953248248	0.101967480674674
-1.79840965860499	0.382877827643389
0.342292064511967	0.170673465309382
-0.355104953248248	0.101967480674674
-0.740148737877288	0.252718341140933
0.799449870454357	0.328747918236032
-1.83132702405761	0.74028277145384
1.02271178737872	0.381316878019672
-1.50913178764052	0.759807100505666
-0.536322009305803	0.201466150653051
0.345804617933805	0.172794472084294
-0.173553333813331	0.062152000450543
-0.192366799099198	0.103970760531523
-0.628193473396668	0.301139441269947
0.13422930794267	0.0445728055584624
-1.29847664104935	0.579413585561218
0.378697642183921	0.16814680793788
0.67374098604665	0.310203332995967
-1.0392951647518	0.408752694954169
0.120313607013079	0.045423239090566
0.653826927429073	0.205337088996143
0.132732885510209	0.0441080605497273
0.128670408883655	0.0548738095016879
0.668428346247074	0.307151892750459
0.16045117802105	0.0401558290866076
-1.29388110726104	0.576654901330229
1.44899109330448	0.477667123734845
1.04759640633222	0.497574511501099
0.656311070885642	0.206056768558202
-0.353869649549919	0.101612368376454
-0.537137657009595	0.201827173809651
0.154509067766894	0.0289541162362231
1.31742436471332	0.565703873185492
-0.354519585455166	0.101776151388844
0.508678695512037	0.179257945972662
-0.418365309512863	0.174458184135551
-0.234312185154952	0.0754304879292539
-0.735538279411364	0.250976055861043
0.13125430574639	0.0494561793802337
1.06819146459979	0.647644307884769
0.146670376003709	0.0430346600388633
1.55357482739164	0.753998587470342
2.75641316563256	0.763778311858285
0.661225548064972	0.20772290984652
0.661225548064972	0.20772290984652
0.124224947793226	0.0468546188464198
0.950858461556905	0.2491584305819
0.160221796316651	0.0401166927693931
1.95731570776637	0.441000340195791
-0.628733247343677	0.151688343674084
-0.240976410898063	0.0775300306973211
1.95786695174359	0.441149378722158
3.63395648950567	1.42026036401428
0.159992352718576	0.0400538861334557
0.157370411029726	0.0293708256249034
0.155111385030128	0.0290417527313876
-1.14559783756009	0.346052129596875
0.139684630056245	0.0411185419267414
-0.358848207258787	0.103009197892419
-1.82841297073294	0.73863065228361
0.511187733730715	0.180331422147582
0.144640697621443	0.0425017414545061
1.45138090115721	0.478568850670936
0.424373787314051	0.167361463682442
-3.0857009920368	0.949295045119167
0.154509067766894	0.0289541162362231
-0.355979365614545	0.102141358762928
0.160813493636874	0.0402291855562724
-2.57963910438406	0.659061212358043
-3.08203048704882	0.947509650360219
1.02592340208434	0.382810966482796
0.15144823932183	0.0285426379557898
0.144976980831471	0.0425943260188831
0.159402290839324	0.0399177124259514
0.162590253502546	0.0405994312489443
-0.63185471444008	0.152466960619287
-1.52585303078124	0.541962051097293
-0.736131442714986	0.251191396874175
2.75641316563256	0.763778311858285
2.75641316563256	0.763778311858285
1.45138090115721	0.478568850670936
1.02019987734301	0.380189874951528
0.659032459281836	0.207041754611057
1.44899109330448	0.477667123734845
1.31183590793173	0.562694726030807
0.658157600688591	0.206837664845118
1.45174463580423	0.478561109172125
-2.5766529574574	0.657773148602288
0.124153707844076	0.0468349501941597
0.131481738645676	0.0561966026115973
-1.13849635482287	0.34354887893789
-3.45967591146264	1.22746502283364
0.67150187758438	0.308828121931979
-0.628867026021838	0.151670609188118
0.510301546145278	0.179862312054923
-1.52554695498285	0.541620681553635
0.145227337337459	0.0426443607563146
0.16045117802105	0.0401558290866076
-0.737489374761453	0.251678150254292
-1.1414839653338	0.344622990730584
1.56074774099766	0.758493117498527
0.159992352718576	0.0400538861334557
-0.737824274342293	0.251781339210884
0.802704240998476	0.33025128123342
0.154465593370314	0.0289479903375428
1.95731570776637	0.441000340195791
1.95731570776637	0.441000340195791
-2.57669595250488	0.657559862268914
-0.236642536873473	0.0761450888689269
0.947635845528227	0.248244973505163
1.55896709775471	0.757622057216156
1.02304894811125	0.381607715308403
-1.2948051112795	0.577362423726676
0.159859477622278	0.0400192334307773
-2.5766529574574	0.657773148602288
0.426403404838852	0.16824819606602
0.879886113204827	0.465323710800725
-0.0374502808061987	0.0179282390513467
-2.80708387167985	1.88841656596768
0.947635845528227	0.248244973505163
-0.809986788684743	0.442997398307845
0.803406298057045	0.330476655381048
-0.234659925712008	0.0755339906287207
0.375846998396574	0.166691055896437
1.5524442422019	0.753203287410312
1.94295847839385	1.19235782048187
0.603209443047627	0.455919300991519
-0.907205441937425	0.760450805183661
-0.00700527855891465	0.00361081836285269
-0.231666286626522	0.151612256811198
-0.625108743744779	0.299624457542705
0.131587631973577	0.0561520158479122
-0.415183675733752	0.172968540362155
0.376873816800882	0.167414245094654
1.23079984243864	0.84390253996513
0.0166513587180288	0.00904776458649823
0.16045117802105	0.0401558290866076
0.0182430800483528	0.00994276685085119
0.772174795113499	0.457923849616105
-0.806924470834439	0.440526610909245
0.317407388814092	0.192164370241078
0.159402290839324	0.0399177124259514
0.771260541695829	0.45708611612332
-1.35221095477821	1.126249637644
1.04225292605534	0.494407662288361
-2.48486203510736	1.37307151296162
0.345117767679071	0.172383594582925
0.471284708897184	0.321176041601691
0.604293824783125	0.457208283214705
0.8804110252599	0.466091387895369
0.587176291944614	0.303137191834926
-0.687103010795824	0.486956352394152
0.661517102334111	0.207824976675168
-1.79840965860499	0.382877827643389
-0.327162257518513	0.15107114930378
1.02304894811125	0.381607715308403
0.511187733730715	0.180331422147582
-1.62817181966354	1.26632751198835
1.02304894811125	0.381607715308403
-0.234659925712008	0.0755339906287207
0.883522598319616	0.46852696737076
-0.329146058047281	0.151991518723621
1.75103592323411	1.35444374614998
-1.29237610264655	0.575925969894521
0.699243871849046	0.4588380851756
0.80809182652064	0.332822174466832
0.424265519863284	0.167436585180397
-0.514801107386695	0.272701974442151
0.877042762036996	0.463932417256714
-0.810680601515489	0.541753210017109
0.494828071415663	0.312661338355822
0.639047266901666	0.453510889925451
1.02709860167831	0.383182847467804
-1.83172567613139	0.740097644798901
-0.53807249671511	0.202201826922908
-1.14974325164212	0.347335128550777
1.0190295579627	0.379719734867384
1.02363521199244	0.381873400117373
-2.57968420714322	0.659073447553718
-0.357247952587094	0.102560703144377
-3.45945095257726	1.22747869975084
-0.628030265547787	0.151499678636842
0.144389940892798	0.0424393237157952
0.157325350109871	0.02936446462458
0.94820175004088	0.248479682375772
-1.1447666380351	0.34569313996721
-0.628164901903538	0.15157555358925
0.805467397708516	0.331643487494376
1.5524442422019	0.753203287410312
0.147007749076803	0.0431148554966707
0.149712096338292	0.079264743375971
-0.603619280163598	0.494452327083475
-0.328833852296794	0.151818069855998
-0.737489374761453	0.251678150254292
0.155111385030128	0.0290417527313876
0.144304320671072	0.0423970373819599
1.0239728358881	0.381885834911352
3.26345542626113	1.10199860979414
1.95988292961267	0.441702177751728
0.127070379735415	0.047874175161852
-0.168663393721381	0.0603724956040683
-2.5766529574574	0.657773148602288
2.10021124048698	0.924077935460336
-1.52497036065527	0.541612586959632
2.3392177093588	1.14668438820198
-1.80123754984197	0.383647112861273
1.95731570776637	0.441000340195791
-0.352036490485324	0.101122204058746
-0.737154567775087	0.251538686589487
0.510089510074648	0.179877546335957
1.95731570776637	0.441000340195791
3.26345542626113	1.10199860979414
-0.73833632952493	0.25198039611565
0.948905461162112	0.248586345985544
-1.1406575104342	0.344234513147494
0.950998501270056	0.249196467275389
0.514780733836532	0.181589698987139
0.140023273435885	0.041219830052157
1.02246283803588	0.381238371277329
-0.628733247343677	0.151688343674084
1.44899109330448	0.477667123734845
-1.79839614394125	0.382877807711208
1.04836317982236	0.498217822369961
2.75641316563256	0.763778311858285
0.157370411029726	0.0293708256249034
-0.742186336237652	0.253369233953609
0.944504519928106	0.247598335656165
0.948337549654709	0.248516516252871
0.160221796316651	0.0401166927693931
-1.80123754984197	0.383647112861273
-2.57669595250488	0.657559862268914
0.658794699245427	0.20676579192552
-1.1413415008172	0.344450233445194
0.159402290839324	0.0399177124259514
-0.352328640216398	0.101201570764145
-0.735201728577998	0.25087231236032
0.155111385030128	0.0290417527313876
-1.14111344283696	0.344497381350969
0.42217472484669	0.16651690753331
1.44509906384746	0.476148552116978
0.658449623497539	0.206846818911275
0.160221796316651	0.0401166927693931
3.26345542626113	1.10199860979414
0.154509067766894	0.0289541162362231
-0.628299579656606	0.151558046801791
-1.79839614394125	0.382877807711208
0.156304884454214	0.0392194704826931
-1.1406575104342	0.344234513147494
0.797972177742043	0.327977456331324
2.75580772001712	0.763760469153332
1.44839669376933	0.477459847846965
0.154465593370314	0.0289479903375428
1.44922258720914	0.477763268309402
0.155067569950451	0.0290355764553768
3.6326714041979	1.41965046916025
0.945072510336007	0.247668267417156
0.154509067766894	0.0289541162362231
-0.352036490485324	0.101122204058746
0.165103009331824	0.0411253937349734
-1.29503373562381	0.577267948395295
1.95786695174359	0.441149378722158
0.154465593370314	0.0289479903375428
-2.5766529574574	0.657773148602288
-2.5766529574574	0.657773148602288
0.654408135649179	0.205512311863459
-0.628733247343677	0.151688343674084
3.63500627246108	1.42050433165602
-0.930747859403263	0.685507512595038
1.47370240496908	1.48207209662502
-0.118816355540932	0.0472701969336813
1.95731570776637	0.441000340195791
-1.3503734605696	0.84935907827322
-1.00334886962648	0.496090169972327
0.339758566383255	0.169487309376746
-2.30030983594691	1.14754924641394
1.88380551707075	1.61373876383709
0.509738797084365	0.17970407358381
0.148187146747178	0.0784518159390956
-1.00570828112365	0.908587010417016
-0.622280141343316	0.297793777237155
1.04843994408953	0.497796812133918
0.130920287619515	0.0493322328761646
0.350350100940236	0.175311691152206
0.496469381656949	0.313961877302463
0.16045117802105	0.0401558290866076
-1.69595105516813	0.955981928995573
-0.254291775407101	0.128474303625751
-0.415517834935378	0.173096521773236
0.130070615556567	0.0555691726612021
0.316052212465719	0.191423565515776
0.341683515144474	0.170370018773878
1.38656931311594	1.07232720985666
1.31353490903236	0.563324577749506
-0.415450817577452	0.173071801779126
-0.257188697652741	0.130043092441789
-0.359725191866461	0.103238313016327
-0.255580130691612	0.129209497249265
0.0178288523933893	0.0096700877612594
0.774784803839899	0.460245905655184
1.0515463218851	0.499778966402694
1.44839669376933	0.477459847846965
-2.57660997484294	0.657538252319339
0.950426851449918	0.249037516760643
-0.628599509856641	0.151612619227975
1.02651128578825	0.383050193875148
-1.50806167447291	0.75852900058031
0.144976980831471	0.0425943260188831
-2.5766529574574	0.657773148602288
0.948768757521975	0.248549269795159
3.92694117717927	1.70243676685084
-1.04830445283218	0.412998546651081
1.95786695174359	0.441149378722158
1.44899109330448	0.477667123734845
1.31798968775981	0.566002482239596
2.10345763612533	0.92603048253316
0.161043695584893	0.0402684742968713
-3.08189869996978	0.9470994296719
-0.354519585455166	0.101776151388844
0.154465593370314	0.0289479903375428
-0.627275723645145	0.300642442777685
0.162125356869158	0.0404960611383205
-1.52896155531942	0.543366808154917
-3.08229418357021	0.947231644170671
-0.790168092677088	0.342820605922819
0.512948788838409	0.180923723722652
-0.424901868682805	0.177479894055701
0.514431860453614	0.181517099423547
-0.628299579656606	0.151558046801791
1.0465573597421	0.496941985086031
0.430937351269827	0.170174602935209
0.139436459089769	0.0410524321785509
0.660054375205789	0.207294450910716
0.516197868156601	0.182070276152868
-1.1414839653338	0.344622990730584
-0.354815349846941	0.101888689175609
-0.163838348578899	0.058695787626698
-1.04347763338354	0.410675434748757
-0.742101285286405	0.253499136601578
0.309453371166654	0.20067937773191
-1.82874780946892	0.738800580746292
0.772695456200561	0.458882495112196
-0.63132601946024	0.303048347852369
1.31110478579583	0.562358978556018
-1.53297073485798	0.544868330378889
0.144389940892798	0.0424393237157952
-1.52468217246603	0.541450953371581
0.124953122017102	0.0416133200147752
0.139774852128096	0.0411362731979931
-1.00334886962648	0.496090169972327
1.95731570776637	0.441000340195791
2.75807933893485	0.764710363024488
0.585195102475556	0.30181034100534
0.144389940892798	0.0424393237157952
0.511535984561553	0.180463547184556
-0.741510950758259	0.253188727186893
0.15547989361324	0.039031965106125
0.661811042100157	0.2078534144171
2.75868832531345	0.765017792149168
-0.235948417281415	0.0759021467201397
0.131814043124596	0.0438161720723548
-0.741510950758259	0.253188727186893
1.0472501359547	0.497556503187299
-0.325460428922752	0.150061790536247
-0.624824451696218	0.299085257385298
1.04711437298264	0.497299290173911
1.4480329582247	0.477161868008032
4.55219604274922	2.49505220739744
1.02246283803588	0.381238371277329
2.33956836114453	1.14697515944292
1.31253456967921	0.563091330038175
1.02363521199244	0.381873400117373
-3.08189869996978	0.9470994296719
-0.354229439997714	0.101697261087168
4.36994521583168	2.22249832804223
0.15963091503218	0.0399802605532864
0.132382889280095	0.0439989008298304
-1.14171114622793	0.344693702322242
-1.82908274045033	0.738883204958362
0.425842843580689	0.168023318876402
1.02304894811125	0.381607715308403
1.81441103810189	0.702928228145098
0.511187733730715	0.180331422147582
-1.04290235412753	0.410559570501728
0.944504519928106	0.247598335656165
-0.74269218165825	0.253631177667885
0.803269824230379	0.33049399469318
1.81235300959058	0.702242876396542
3.26631056571709	1.10328266544307
-1.69276902569465	0.952359245821965
-0.236295434458238	0.0760318807121589
0.583361698950977	0.300948832154317
-1.82874780946892	0.738800580746292
-0.355104953248248	0.101967480674674
-0.236989724567202	0.0762485047293907
0.796843963628248	0.327279555312973
1.02626205148491	0.382823634565729
-1.29237610264655	0.575925969894521
1.31183590793173	0.562694726030807
1.44981862951738	0.477799018830262
-0.685997129922166	0.486106269618751
-1.04347763338354	0.410675434748757
0.948337549654709	0.248516516252871
3.26284822825054	1.10169382604423
0.805116244112889	0.331471066458395
1.54828773160562	0.75077259968661
-0.236072750277141	0.0759464812223969
-1.04779140371951	0.412732841654536
-0.242459551461214	0.077947382082456
-2.5766529574574	0.657773148602288
-0.628164901903538	0.15157555358925
-0.737745529684395	0.251848226779474
-0.541186744719213	0.203457979336671
1.04378432587275	0.495692924097087
3.63500627246108	1.42050433165602
2.75520320904554	0.763197913000704
-0.354519585455166	0.101776151388844
0.66698042724415	0.306554705615375
0.147848686423209	0.0433479015633612
0.94820175004088	0.248479682375772
1.25692095547473	0.68084554853337
4.37683201246191	2.22760460346685
-3.08216231491203	0.947551973079846
1.44450447975593	0.475941549703467
-0.352036490485324	0.101122204058746
-2.30476209042479	1.1515199403139
0.374343498860092	0.165966304255998
-1.51536103121353	0.764034834188615
1.81235300959058	0.702242876396542
0.939014722180685	0.633221526715507
0.88158540579846	0.466932419228524
1.54941215268896	0.75156283209148
0.947635845528227	0.248244973505163
0.660638687988492	0.207526442563452
-1.61836304034692	1.2513954232828
-0.240976410898063	0.0775300306973211
1.95786695174359	0.441149378722158
0.672888864603785	0.309645885119075
0.511755072041239	0.180523302881905
3.92389000551089	1.70054361221532
1.02363521199244	0.381873400117373
0.146670376003709	0.0430346600388633
0.147848686423209	0.0433479015633612
0.377786837575273	0.167726927816864
0.511535984561553	0.180463547184556
3.26284822825054	1.10169382604423
-0.50946464493218	0.269396741706226
0.130977595936442	0.0435409758262869
0.676050206195971	0.311376233221729
0.658157600688591	0.206837664845118
3.92389000551089	1.70054361221532
1.95988292961267	0.441702177751728
2.75641316563256	0.763778311858285
-1.1414839653338	0.344622990730584
1.55357482739164	0.753998587470342
-0.628867026021838	0.151670609188118
-1.52468217246603	0.541450953371581
2.10345763612533	0.92603048253316
1.02480914386846	0.382191050766977
-2.5766529574574	0.657773148602288
-1.04021595924619	0.409215240728406
-0.35262379016767	0.101278913820777
-0.628299579656606	0.151558046801791
-0.628164901903538	0.15157555358925
0.152050960400409	0.028630259939513
0.660638687988492	0.207526442563452
0.948337549654709	0.248516516252871
1.95786695174359	0.441149378722158
0.155067569950451	0.0290355764553768
-2.57660997484294	0.657538252319339
0.155067569950451	0.0290355764553768
-1.29353315609389	0.576437929846008
-0.241194698180716	0.0775963201393135
-0.240627572806769	0.0774207528438286
1.5554260223568	0.75543285370151
-0.628030265547787	0.151499678636842
0.14556417703739	0.0427370982099398
0.163185820804974	0.0407257646525502
-0.329146058047281	0.151991518723621
-2.29972533491248	1.14713533709438
0.377463332864578	0.167570032868996
-0.78873939795176	0.341991104298643
0.672812797155709	0.309654422171124
-1.30227812831189	0.581489078311917
-1.52556530925699	0.541887546993991
1.04302207258716	0.494997011858153
-1.04021595924619	0.409215240728406
-0.790637113549688	0.343172490347042
-1.29376133697956	0.576703831793288
1.45198001091205	0.478658944297305
0.802138012530807	0.329972517070534
-0.353939368265063	0.101586834148653
0.132382889280095	0.0439989008298304
0.514431860453614	0.181517099423547
0.654408135649179	0.205512311863459
0.136280534534393	0.0452223830753287
-0.999374530992601	0.492999676156488
-0.506571882441745	0.267399394400547
-0.354525819937872	0.101778275735803
-1.1412568453231	0.344431220445032
1.81545080408239	0.703738180326379
-0.73833632952493	0.25198039611565
1.81411735765381	0.702765282094499
0.131516255673475	0.0495525805236666
0.50755078071475	0.178917899343599
-0.415785083697339	0.173214573475784
-1.52497036065527	0.541612586959632
1.94190894989514	1.1912274312362
-4.23012908950087	1.96806967376347
0.657866689740957	0.206670742493303
1.0495511584149	0.49869013205924
1.45078261646269	0.478218161496633
0.130275387420614	0.0433068776559506
0.669784291026036	0.308207159870033
1.31777492346909	0.565684040805599
0.156661115950913	0.0392800358899383
1.52252267930123	1.30289880546726
0.804199982861606	0.330881993772713
0.506286345412427	0.178440504115667
-1.00361914170206	0.496209107630798
-0.255369578167339	0.128949668562758
0.144640697621443	0.0425017414545061
0.880085834837522	0.465830263044958
-0.041867800224155	0.0199853930992183
0.15144823932183	0.0285426379557898
0.656014281877058	0.205959668867586
-0.417165105552592	0.173939978457542
1.02363521199244	0.381873400117373
-1.2941091808211	0.576975974922849
-0.809986788684743	0.442997398307845
-0.628164901903538	0.15157555358925
1.81604086904786	0.704001590638153
2.10080345028195	0.924400736993524
3.63331351050508	1.42008896661082
-0.668602321767401	0.400091749654085
1.60328850097904	1.10868107744973
0.527283346081774	0.303542933831935
0.513516136888496	0.181178716343693
0.370675903814024	0.164447109358775
1.04390304170334	0.495341115745227
1.06713000146179	0.646554877134422
0.155111385030128	0.0290417527313876
-0.806612457433559	0.440304257659114
-0.788395480319902	0.341804995882944
1.3049883455516	0.558704538400946
-0.168443906364487	0.0602979483615774
0.135580186525053	0.0449978908716727
0.162952579336367	0.0406858836130456
-3.45945095257726	1.22747869975084
1.55415734614874	0.754461189942461
-0.539312347732804	0.202625351504848
0.658157600688591	0.206837664845118
0.160583229502904	0.0401661733691417
0.154509067766894	0.0289541162362231
-2.48916849767719	1.37756053367297
-0.508411021552542	0.268406408234683
1.04424975463849	0.495554192271584
-0.171201121492568	0.0613083374431992
0.143231568712453	0.0420634101782781
2.33807558295589	1.14590125490883
-0.628599509856641	0.151612619227975
0.511187733730715	0.180331422147582
0.144976980831471	0.0425943260188831
-1.82841297073294	0.73863065228361
0.950998501270056	0.249196467275389
0.140361834634309	0.0413037326992959
-0.628733247343677	0.151688343674084
1.44862736407577	0.477555630338169
0.155111385030128	0.0290417527313876
-1.79839614394125	0.382877807711208
-2.30007213812399	1.14746925859003
-0.167754072609883	0.0600616127897958
-1.52556530925699	0.541887546993991
0.661223086818105	0.207656588437818
0.156304884454214	0.0392194704826931
-1.52585303078124	0.541962051097293
-0.741173379981644	0.25299768453382
1.44509906384746	0.476148552116978
0.492963540363094	0.311100338433214
1.23275810440818	0.847995204534946
-0.0797461473737743	0.0350889021671119
0.154509067766894	0.0289541162362231
1.38009530006437	1.0626050219654
0.144839984425568	0.0424652121179643
-1.18802579754576	0.663518333483276
1.0239728358881	0.381885834911352
-1.1414839653338	0.344622990730584
0.134096582628132	0.0445246807155045
1.43854011903875	0.881623246091676
1.0472501359547	0.497556503187299
0.948905461162112	0.248586345985544
-1.04699599964233	0.412236522767609
-1.53326666156506	0.545110963407603
0.801922158295548	0.329828855715043
1.04177298813522	0.494067381658565
0.659324643575319	0.207123110468657
-0.233616960664733	0.0751877350099978
0.948337549654709	0.248516516252871
2.75807933893485	0.764710363024488
1.95988292961267	0.441702177751728
1.95731570776637	0.441000340195791
2.75807933893485	0.764710363024488
0.124743014208916	0.0415439261654004
-0.354815349846941	0.101888689175609
-1.79840965860499	0.382877827643389
-2.5766529574574	0.657773148602288
1.45174463580423	0.478561109172125
-0.628164901903538	0.15157555358925
1.95786695174359	0.441149378722158
-0.626075023442282	0.151167646950723
1.95786695174359	0.441149378722158
-1.14088544605048	0.344426431780091
-0.628733247343677	0.151688343674084
1.44922258720914	0.477763268309402
-1.79839614394125	0.382877807711208
1.44981862951738	0.477799018830262
2.75641316563256	0.763778311858285
0.155067569950451	0.0290355764553768
0.947635845528227	0.248244973505163
1.81856249292271	0.704712372795119
-0.738079783119958	0.251987608125061
0.673147662557951	0.30986199776055
0.948337549654709	0.248516516252871
-1.83132702405761	0.74028277145384
-0.237212899766669	0.0763212805777045
0.671166583876549	0.308670070263109
0.130061977767633	0.0432396857332205
0.88067338607847	0.466267903307237
1.81323362267005	0.702723165703649
-0.796750092178599	0.346265049283181
1.3150863687139	0.564688556451063
0.374092127736531	0.166034201456291
0.427726139064257	0.168841338822495
1.5507001335775	0.752512547286498
0.144054213480702	0.0423469198905259
1.55152601933111	0.752759870414717
0.133879172838789	0.0444578970345513
-0.735795036496609	0.251087692088149
-0.628599509856641	0.151612619227975
-0.538963433786103	0.202464572078945
1.31075302529266	0.562166881695306
2.88342487413123	1.90938302316557
-0.792177004178852	0.343795599913078
-0.236989724567202	0.0762485047293907
0.802840016253824	0.330197869326294
0.658157600688591	0.206837664845118
0.512321829500026	0.180674048803135
0.658157600688591	0.206837664845118
0.802918643333599	0.330207493215053
-1.50863317586361	0.759208525222823
0.42217472484669	0.16651690753331
0.126805005032802	0.0478092039191894
-0.168443906364487	0.0602979483615774
0.7770846824153	0.461986686975141
-0.422872332672069	0.176466785846571
-0.117634611193586	0.0468309314969464
-1.04313192494267	0.410517747694466
-1.1414839653338	0.344622990730584
-0.627598197564051	0.300860032383781
0.132732885510209	0.0441080605497273
-1.52525862148376	0.541687313963439
0.131473734056699	0.0560625837590415
-1.52614082474697	0.541895090059418
-0.539312347732804	0.202625351504848
-0.241543381848446	0.0777055848228126
0.123961491867375	0.0467299276400687
4.37117058796747	2.22329777919763
1.0238833519431	0.381787644807647
0.670495785883766	0.308175450251856
1.04843994408953	0.497796812133918
-0.787882842654018	0.341355165417004
0.511535984561553	0.180463547184556
1.0413509498197	0.494052519302526
0.944504519928106	0.247598335656165
1.0472501359547	0.497556503187299
-0.806924470834439	0.440526610909245
-0.171416957929972	0.0613808082861972
-0.414515563910564	0.172670310722692
-1.04416930284237	0.410817461260561
0.132250799691079	0.0439371594892287
-0.168663393721381	0.0603724956040683
1.44221445210322	0.88530851640438
0.66401463442463	0.208486788853871
0.843130644511103	0.619552405930707
1.55598981029304	0.755831923074866
-0.238130718624198	0.0765764115230572
1.23774273929977	0.851958547242484
0.511884149147493	0.180536056250855
-0.54346877962796	0.204399150899749
-2.08853487094957	0.94349842004388
-0.542900106811953	0.204176406519794
-0.17577753011317	0.0629386368387672
3.26284822825054	1.10169382604423
0.771870295630741	0.45769289495397
-0.120490621868934	0.0479276905170135
0.947635845528227	0.248244973505163
0.663422627847196	0.208288477111549
0.128568405154016	0.0427795258685336
0.14556417703739	0.0427370982099398
1.02304894811125	0.381607715308403
-1.50863317586361	0.759208525222823
1.8166310232947	0.704051562387115
1.43970607943884	0.882904500572979
1.95988292961267	0.441702177751728
0.804765006705712	0.331183851246171
-1.14171114622793	0.344693702322242
0.145995384957952	0.042836480378728
0.131190430440417	0.043607248787474
-1.14111344283696	0.344497381350969
0.805116244112889	0.331471066458395
0.123291888942056	0.0464976353750352
0.135147068183463	0.0448731525122335
1.45355066214954	0.47909620382923
0.94820175004088	0.248479682375772
1.44899109330448	0.477667123734845
-1.53326666156506	0.545110963407603
-0.628299579656606	0.151558046801791
0.510619816865865	0.180113549991954
0.130894531886353	0.0435089375277545
-0.628599509856641	0.151612619227975
-0.628164901903538	0.15157555358925
1.95786695174359	0.441149378722158
-3.08216231491203	0.947551973079846
-0.628733247343677	0.151688343674084
0.144138136643148	0.0423508720464565
0.301433518955411	0.207104525872668
0.494843841097939	0.312391940547355
0.509738797084365	0.17970407358381
0.145900922770069	0.0428171507649781
0.124391130548139	0.0414392550449754
-1.52585303078124	0.541962051097293
3.26631056571709	1.10328266544307
1.95731570776637	0.441000340195791
1.44922258720914	0.477763268309402
1.81456677210567	0.703082758766755
0.513297440290374	0.181056085890725
1.76025085410072	0.964447531505056
1.81604086904786	0.704001590638153
1.31331884073887	0.56363424296824
3.92452877652187	1.70087632208659
1.44450447975593	0.475941549703467
1.95786695174359	0.441149378722158
1.44839669376933	0.477459847846965
-4.01193246433531	1.72463037714346
0.948768757521975	0.248549269795159
-1.1447666380351	0.34569313996721
0.152050960400409	0.028630259939513
1.95786695174359	0.441149378722158
-0.354229439997714	0.101697261087168
1.95786695174359	0.441149378722158
1.95731570776637	0.441000340195791
2.75641316563256	0.763778311858285
0.948337549654709	0.248516516252871
-2.57660997484294	0.657538252319339
-3.08216231491203	0.947551973079846
-1.52556530925699	0.541887546993991
0.154509067766894	0.0289541162362231
0.155067569950451	0.0290355764553768
0.154465593370314	0.0289479903375428
-0.356952421866901	0.102502236157484
2.10577777041247	0.92695430431462
-0.628733247343677	0.151688343674084
0.799239343613409	0.328591622299045
1.31395278889093	0.563876697752499
1.81604086904786	0.704001590638153
-0.24589156237082	0.079070854077361
-1.14171114622793	0.344693702322242
0.880148600822102	0.465798141511016
-0.117634611193586	0.0468309314969464
-0.415785083697339	0.173214573475784
0.425031349997206	0.167672494772293
1.51671535393255	1.29363907896003
0.656014281877058	0.205959668867586
0.669975753795622	0.30798845763185
-1.83165926032039	0.740451579277532
0.346452006387823	0.173144938194172
-0.233964530152622	0.0753172914260115
1.6026793133729	1.10788317644789
0.155111385030128	0.0290417527313876
-0.632563406792844	0.152610991116788
2.09623186676469	0.921454672983403
1.06374877239713	0.643646666521253
0.38121548021087	0.169383601621866
1.25473183298555	0.679004838710393
-0.813966176968873	0.445561021772591
-0.236642536873473	0.0761450888689269
-0.411606235670002	0.235032007519621
-1.51627074165718	0.764944689823934
-1.29445710557565	0.57719309643802
1.60277950987425	1.10944633810094
-1.2941091808211	0.576975974922849
1.4354278983403	0.879592314801495
-0.419700963977491	0.175008681759222
1.45174463580423	0.478561109172125
0.428844518886435	0.169326646561233
-0.74269218165825	0.253631177667885
-0.167880062254655	0.0601000389710004
-0.237212899766669	0.0763212805777045
-1.79839614394125	0.382877807711208
1.43970607943884	0.882904500572979
-0.413822687440913	0.236508775210289
1.60236455987695	1.10754320687839
0.136652466874315	0.0583469727844822
0.131814043124596	0.0438161720723548
-0.735795036496609	0.251087692088149
0.127476057735319	0.0544213820391125
1.06221758745426	0.643118810743245
-0.352328640216398	0.101201570764145
4.1660832151626	1.96430930605611
-1.2941091808211	0.576975974922849
0.133134712517645	0.0568317747059139
0.660347295989593	0.207462296247491
-0.417498560054849	0.174105987349017
-0.356952421866901	0.102502236157484
-0.0787909552849089	0.0346730484105952
3.92516768334333	1.70097969958265
1.44899109330448	0.477667123734845
0.131463990676715	0.0437015090033304
-1.29917429595245	0.579864221629977
-0.0794920793562974	0.034975917735626
0.591303356385791	0.305825227482059
2.10080345028195	0.924400736993524
0.948337549654709	0.248516516252871
0.801571141201532	0.329656916274671
1.30708068948027	0.559940275346127
0.124180335663375	0.0413642945682001
-0.240976410898063	0.0775300306973211
0.328301456915242	0.182229394654643
-0.999437341583464	0.493311859213278
-0.0710867468919551	0.0313503757224285
-0.240061032815783	0.077222364016591
1.43498934720201	0.878496044252938
0.886621193111568	0.470711538389859
2.54578920374591	1.37918799565204
-0.236767517349992	0.0761374057811359
-0.168443906364487	0.0602979483615774
-1.04221071709325	0.410198911511082
1.3150863687139	0.564688556451063
0.578971956140597	0.298543995460256
1.7710049954513	0.971924947264388
2.10543731746934	0.926718487222265
-0.241194698180716	0.0775963201393135
0.673147662557951	0.30986199776055
0.155111385030128	0.0290417527313876
-1.85565873045026	1.1618693527825
0.802138012530807	0.329972517070534
0.661225548064972	0.20772290984652
-4.01259254724387	1.72469983017164
0.15963091503218	0.0399802605532864
0.143467885183021	0.0421790290070851
-1.2948051112795	0.577362423726676
0.653245802516738	0.205089848433872
0.127866363638053	0.0425460435773885
1.81323362267005	0.702723165703649
0.424054549100668	0.167331926668015
1.04079506363497	0.493718951705615
-2.5766529574574	0.657773148602288
-2.5766529574574	0.657773148602288
-2.5766529574574	0.657773148602288
0.660932155782147	0.207694635746326
0.947635845528227	0.248244973505163
0.128329954248913	0.0483810589309592
0.156304884454214	0.0392194704826931
-1.79839614394125	0.382877807711208
2.75807933893485	0.764710363024488
1.44862736407577	0.477555630338169
0.144054213480702	0.0423469198905259
0.944504519928106	0.247598335656165
1.04536760236631	0.496267966555643
-0.0373489805161347	0.0178830334187009
0.316298532276205	0.191304322152392
1.31161763457028	0.562749823451238
1.02592340208434	0.382810966482796
0.947635845528227	0.248244973505163
3.6326714041979	1.41965046916025
1.8138222857108	0.70292085392477
0.154465593370314	0.0289479903375428
0.948337549654709	0.248516516252871
0.950858461556905	0.2491584305819
1.44899109330448	0.477667123734845
-1.79839614394125	0.382877807711208
2.75580772001712	0.763760469153332
1.95731570776637	0.441000340195791
0.944504519928106	0.247598335656165
3.26345542626113	1.10199860979414
1.44922258720914	0.477763268309402
-1.79839614394125	0.382877807711208
1.95731570776637	0.441000340195791
0.657866689740957	0.206670742493303
0.160221796316651	0.0401166927693931
1.0238833519431	0.381787644807647
-0.354519585455166	0.101776151388844
0.155067569950451	0.0290355764553768
1.54737158203618	0.750034770693234
-0.238130718624198	0.0765764115230572
0.670495785883766	0.308175450251856
-1.29445710557565	0.57719309643802
-1.1414839653338	0.344622990730584
0.879827542304998	0.466312125509254
-0.172323794216928	0.061695096887414
1.02567343435987	0.382470463826608
-0.628867026021838	0.151670609188118
0.654408135649179	0.205512311863459
-0.329770647368486	0.152300665435464
-0.741763882242001	0.253307934106881
1.55187798528937	0.752695278647351
-1.18736482596681	0.663870723805443
-0.16719037374262	0.0598638290738506
0.165339307449228	0.041165861935724
-0.242110936050434	0.0778562762427623
-0.326402408427734	0.150449139960453
0.884107757926487	0.468945532977705
-1.52527766014307	0.541726073904961
-1.69398351198074	0.953209725297627
1.44839669376933	0.477459847846965
-0.741848602831151	0.253311922462979
-0.624143741591422	0.299051711455743
-1.00043708163123	0.493921146875203
0.381589837692244	0.169477231502777
3.92389000551089	1.70054361221532
0.673406299089429	0.309995735525838
-0.738414128880846	0.252090639638632
0.128075192969757	0.0482635683600574
-1.83039434521114	0.739673075735054
0.140948251392809	0.041458274749763
-0.165766787157628	0.0594163094679699
-0.355394630173918	0.102015543768339
-0.997577549395498	0.492570416679555
-0.237559934502149	0.0764246711906185
-0.234881985943443	0.0755878057926229
-0.789186944928493	0.341997569429404
0.510839396613925	0.180141996770445
-0.168663393721381	0.0603724956040683
-0.341128448741319	0.207036608724475
1.31331884073887	0.56363424296824
-0.234090861009704	0.0753429614422092
1.31742436471332	0.565703873185492
-1.61995394604644	1.25487752375598
0.592841584325286	0.306759585927698
0.159992352718576	0.0400538861334557
1.04480901675325	0.495932284777841
1.02422162940792	0.382079227006262
-0.53874057789979	0.202401825815006
0.426188529242061	0.168158662567646
1.4480329582247	0.477161868008032
0.801294435982005	0.329722340410091
-0.5431188895219	0.204245277624117
0.654121684946124	0.205433467520013
0.512103476504473	0.180655514559587
1.44780311038183	0.477066495630919
0.511755072041239	0.180523302881905
-0.238649881872283	0.0768149363688191
0.950426851449918	0.249037516760643
-0.165088554277847	0.0591488725692337
0.129916076947615	0.0554206976348945
-1.34134474488791	0.84038805667147
0.51464907727053	0.181544056103037
-0.629060725440023	0.301784707167884
0.162590253502546	0.0405994312489443
1.31218528243788	0.56311122145944
0.374343498860092	0.165966304255998
0.129270930562912	0.0487053692648074
0.150139558066054	0.0439481510359518
0.133134712517645	0.0568317747059139
2.88924241560883	1.91537454414504
0.586571228605748	0.30310952317022
-0.172540841763772	0.0617450223024159
0.133518654529654	0.0443432692760018
-0.80904866605277	0.442187627366536
0.318795452966446	0.193348712447468
-0.237559934502149	0.0764246711906185
2.72578399363787	1.63627178086611
-0.259206525287071	0.131093379870512
-0.411995312167042	0.171599355711984
0.155713854733082	0.0390835596706886
-0.628299579656606	0.151558046801791
-0.999437341583464	0.493311859213278
1.25249399789827	0.677360299966471
0.16045117802105	0.0401558290866076
0.658741078701816	0.207014004441108
0.154509067766894	0.0289541162362231
0.511535984561553	0.180463547184556
0.80150355401707	0.329724441598446
-1.13849635482287	0.34354887893789
0.129916076947615	0.0554206976348945
-0.168318442800183	0.0602514969158982
-1.14499995487719	0.345855392571373
0.948905461162112	0.248586345985544
-1.80123754984197	0.383647112861273
0.160221796316651	0.0401166927693931
-0.24589156237082	0.079070854077361
1.31196676791469	0.562729963486004
-0.355401168227563	0.102014834884787
-3.08203048704882	0.947509650360219
1.81545080408239	0.703738180326379
1.02422162940792	0.382079227006262
0.800652555127551	0.328983853903581
0.50720087150347	0.178829201945322
3.26406378444313	1.10187162962723
0.510839396613925	0.180141996770445
1.02097706153712	0.380421430230224
0.528296793116107	0.304281314845389
-0.256677530842303	0.129644700392135
0.659324643575319	0.207123110468657
1.81323362267005	0.702723165703649
1.44839669376933	0.477459847846965
0.155067569950451	0.0290355764553768
1.45114635521655	0.478471348903038
1.95731570776637	0.441000340195791
1.45391440811699	0.479230213237448
1.95988292961267	0.441702177751728
1.45138090115721	0.478568850670936
2.75580772001712	0.763760469153332
0.658741078701816	0.207014004441108
1.01961500222098	0.379984696878922
2.75641316563256	0.763778311858285
1.95731570776637	0.441000340195791
1.95786695174359	0.441149378722158
0.950998501270056	0.249196467275389
-2.57660997484294	0.657538252319339
0.948768757521975	0.248549269795159
-1.79840965860499	0.382877827643389
-0.628867026021838	0.151670609188118
-0.632424041671007	0.152580102364835
0.154509067766894	0.0289541162362231
-0.628164901903538	0.15157555358925
-2.09305375149111	0.946159640923577
0.155111385030128	0.0290417527313876
-0.631994988626399	0.152498044571477
-1.52866955783943	0.543083867430977
0.135786560268728	0.0450186221930223
0.13571412709247	0.0450530753488282
-1.50771865123221	0.758301194323698
-1.00658490479124	0.498192690617992
-0.165868726206903	0.059398359502228
0.658157600688591	0.206837664845118
1.31416993955936	0.56393406368061
-0.738079783119958	0.251987608125061
0.51245179464898	0.180728048354012
0.670831219986141	0.308462665871979
0.798887367854718	0.328506973468232
1.31451987093813	0.564351638075811
0.67374098604665	0.310203332995967
0.661517102334111	0.207824976675168
3.26345542626113	1.10199860979414
1.2540162666677	0.678629053894652
1.31240282325545	0.562988742832529
-0.736131442714986	0.251191396874175
-0.738414128880846	0.252090639638632
0.128591433736742	0.0484895075702699
0.371830898216795	0.164878125398627
1.02846670438308	0.383574973231276
0.138533784789969	0.0664565050595254
-0.996907415288135	0.49182997996147
-0.539089600210505	0.202542124367007
1.02567343435987	0.382470463826608
1.31486971476921	0.564331716989034
-3.45945095257726	1.22747869975084
0.14380305748793	0.042271222114559
0.132382889280095	0.0439989008298304
0.510619816865865	0.180113549991954
0.431282460267094	0.170334509811247
-0.542200355463654	0.20382681574915
-0.0106726859315774	0.00535651966171858
-0.114531033021198	0.0455888758023028
-0.789530930804051	0.342214789279307
0.36874162668236	0.163439915519406
0.132032810243933	0.0438841642048134
-0.786407711275529	0.340763223671733
1.31275235192293	0.563405500186811
0.146922191196889	0.0431076767472804
0.587176291944614	0.303137191834926
0.803408818952654	0.330566110600543
0.948337549654709	0.248516516252871
1.02480914386846	0.382191050766977
1.04592550905106	0.496555772385996
3.92516768334333	1.70097969958265
0.124153707844076	0.0468349501941597
1.02329749324129	0.381582146499257
1.04368981844324	0.495127036286315
0.37156503848093	0.164732367180838
-0.539312347732804	0.202625351504848
-1.52497036065527	0.541612586959632
0.514431860453614	0.181517099423547
-0.114208159166471	0.0454613905002761
1.02363521199244	0.381873400117373
0.585338177362246	0.302351290065957
-0.116722056715399	0.0464705519721834
-0.115110612138407	0.045844206374042
0.67374098604665	0.310203332995967
1.43718872687132	0.880018013600312
0.0542962904998875	0.0334573234767149
0.588707465419301	0.304164601027873
0.421616261221355	0.166276240508206
0.879497924712769	0.465358146017653
0.592035585160671	0.30656838233964
0.425065527869463	0.167656114427908
-1.1117882338652	0.767071933625115
2.5437102301488	1.3769190112143
0.371241121847868	0.164587159709047
-0.787504446295743	0.341507805714106
-0.737745529684395	0.251848226779474
-0.074691403259768	0.032904439302586
0.373504015970365	0.165719506035071
-0.967696867519134	0.596257528552273
0.879823295650508	0.465619204635478
-0.415183675733752	0.172968540362155
-0.358848207258787	0.103009197892419
1.0476706981431	0.497602919891168
-0.255597256299403	0.129044978394764
-1.04630043534404	0.412061137796638
0.802918643333599	0.330207493215053
2.88899435529144	1.91481564965975
1.0239728358881	0.381885834911352
-1.50525559201099	0.756917643624113
2.10173504798347	0.924843834263361
-0.628838972377586	0.301497189830301
1.04334303236484	0.494914028912666
-0.236295434458238	0.0760318807121589
1.2333544915414	1.03941906924364
1.04571409021437	0.49628651803995
-0.502823845451771	0.265242545150136
1.55322278137623	0.754063606155397
-3.45967591146264	1.22746502283364
1.23282184412205	0.847050726361095
3.26569824690609	1.10327543173781
-0.738079783119958	0.251987608125061
1.81574571371452	0.703837629137609
1.95731570776637	0.441000340195791
2.75580772001712	0.763760469153332
1.31275235192293	0.563405500186811
0.659324643575319	0.207123110468657
0.51698026885657	0.182353676420312
-0.233964530152622	0.0753172914260115
0.948337549654709	0.248516516252871
0.660932155782147	0.207694635746326
0.511755072041239	0.180523302881905
-0.168098950998947	0.060182556134742
0.948337549654709	0.248516516252871
1.04411565864259	0.495318996316923
0.421270140467149	0.166129444830307
1.25147028817193	0.677097701721655
-0.413914940317443	0.172398209586204
0.802138012530807	0.329972517070534
1.44899109330448	0.477667123734845
0.948337549654709	0.248516516252871
-1.0403348553758	0.409226758738803
0.67031140224908	0.308146609796731
-0.415183675733752	0.172968540362155
0.144640697621443	0.0425017414545061
-3.46299441124492	1.22953362528533
1.81235300959058	0.702242876396542
1.44839669376933	0.477459847846965
0.948337549654709	0.248516516252871
3.26284822825054	1.10169382604423
0.155111385030128	0.0290417527313876
1.81294103662311	0.70256079058948
3.9275816800867	1.70263786398349
1.95731570776637	0.441000340195791
3.26406378444313	1.10187162962723
1.95731570776637	0.441000340195791
0.154509067766894	0.0289541162362231
0.947770742439721	0.248281535275256
-1.79840965860499	0.382877827643389
1.95786695174359	0.441149378722158
-1.1414839653338	0.344622990730584
-3.08556356757563	0.949512459473102
-1.83132702405761	0.74028277145384
-1.14088544605048	0.344426431780091
1.45138090115721	0.478568850670936
0.660347295989593	0.207462296247491
1.30989992268633	0.561413151162592
0.425497080140127	0.167863861612803
0.668707820531128	0.307111587133796
-0.241325335112873	0.0776212717213414
1.02855796326907	0.383555576069077
0.880412908398583	0.466769991773935
0.658157600688591	0.206837664845118
-1.11199838714536	0.76733958082849
-0.359725191866461	0.103238313016327
1.55486158244648	0.754948133287252
0.130894531886353	0.0435089375277545
0.16045117802105	0.0401558290866076
-0.359141638818634	0.103112871302961
-0.23733699757943	0.0763359683654099
0.154509067766894	0.0289541162362231
1.55507391974261	0.755498369683247
1.94643843508127	1.19640601479646
0.803985492374408	0.330791149341887
0.506985941033904	0.178701728610087
-0.408418134680697	0.169967671226709
0.127405387111306	0.0480111839782604
0.804551193439478	0.331168980919484
0.946086241757686	0.640313954024101
0.128568405154016	0.0427795258685336
-0.242459551461214	0.077947382082456
0.12734351598535	0.0544306878864236
0.128353498749062	0.0427000802237377
-0.997176624877224	0.492104865568636
-1.1414839653338	0.344622990730584
0.127651677266186	0.0424864772644231
-0.326227567679558	0.150590383555099
0.128919301055159	0.0428813133463191
1.44780311038183	0.477066495630919
-0.237212899766669	0.0763212805777045
0.122913256272718	0.040952298518456
0.802273091671679	0.329882237321236
0.937662591459185	0.631763564194763
0.702746827846861	0.461211439775158
-0.791200257545119	0.343340530735072
1.02246283803588	0.381238371277329
0.424935770305415	0.167621556044747
1.31395278889093	0.563876697752499
1.44981862951738	0.477799018830262
1.81264504950119	0.702404900566408
3.26508709738097	1.10261522135605
-1.0001037668499	0.493752779623566
-0.328833852296794	0.151818069855998
-1.0419816315643	0.409976007162161
0.139684630056245	0.0411185419267414
1.44899109330448	0.477667123734845
-0.330315271870605	0.152564634384329
-0.509411182171857	0.269612526768787
0.342115994538253	0.170891262641201
-0.237212899766669	0.0763212805777045
0.580946985066446	0.299598313531511
0.140023273435885	0.041219830052157
0.133879172838789	0.0444578970345513
-0.0804465192993072	0.0353912074741878
1.94363104489489	1.19302199176286
1.76021767807687	0.964723136667237
-0.236642536873473	0.0761450888689269
1.0692174570206	0.648723109431619
0.495468232993783	0.313689110597316
0.421962304057483	0.166378653401473
0.421270140467149	0.166129444830307
1.31275235192293	0.563405500186811
-0.543600187389582	0.204393526545073
0.16045117802105	0.0401558290866076
2.10444273982063	1.43975667959336
-0.0741007656838568	0.0326446982737396
1.60236455987695	1.10754320687839
0.424373787314051	0.167361463682442
1.04190614833444	0.494338412378578
-1.85510053804914	1.16162158828123
1.02246283803588	0.381238371277329
-1.83105982818556	0.740099638711398
-0.3523322595973	0.101168276473444
0.506850875189508	0.178656463900139
0.140023273435885	0.041219830052157
2.1037096154536	0.926051884063359
-0.354519585455166	0.101776151388844
0.514431860453614	0.181517099423547
0.128002629615466	0.0425983067073654
1.81456677210567	0.703082758766755
1.43854011903875	0.881623246091676
0.510619816865865	0.180113549991954
3.92389000551089	1.70054361221532
1.45078261646269	0.478218161496633
0.157370411029726	0.0293708256249034
0.948337549654709	0.248516516252871
1.44839669376933	0.477459847846965
0.660347295989593	0.207462296247491
-0.355104953248248	0.101967480674674
0.156304884454214	0.0392194704826931
-1.1414839653338	0.344622990730584
1.81441103810189	0.702928228145098
-1.00333595878715	0.496142824081274
0.950858461556905	0.2491584305819
-0.628733247343677	0.151688343674084
0.512103476504473	0.180655514559587
0.94820175004088	0.248479682375772
1.25495544914621	0.679951637650209
0.803620921341924	0.330666152724973
-4.01160255769466	1.72433692110226
-1.30240708959037	0.582011421694818
1.04480901675325	0.495932284777841
0.490174538397635	0.309231078877933
0.982469398961977	0.802797593998668
-0.118253503079345	0.0470100497471401
0.129346968723243	0.0430094917251188
1.06540552238296	0.646059754757069
0.425065527869463	0.167656114427908
1.81235300959058	0.702242876396542
-0.737745529684395	0.251848226779474
0.15547989361324	0.039031965106125
0.339753430958515	0.169666328704917
-1.52525862148376	0.541687313963439
2.75580772001712	0.763760469153332
1.95786695174359	0.441149378722158
1.95786695174359	0.441149378722158
3.26569824690609	1.10327543173781
0.678532530893668	0.312673492868646
2.10114269367742	0.924635433318668
1.45138090115721	0.478568850670936
1.45078261646269	0.478218161496633
0.950998501270056	0.249196467275389
3.26284822825054	1.10169382604423
-2.5766529574574	0.657773148602288
3.26569824690609	1.10327543173781
2.76097686654259	0.765783986906631
0.145227337337459	0.0426443607563146
-2.5766529574574	0.657773148602288
0.950426851449918	0.249037516760643
-0.628299579656606	0.151558046801791
0.162590253502546	0.0405994312489443
-0.625937070321993	0.151091209012893
0.154465593370314	0.0289479903375428
0.145180009462501	0.0425673704481714
0.126278262403354	0.0420248527106577
1.31565227991103	0.564944763794614
0.426188529242061	0.168158662567646
0.144976980831471	0.0425943260188831
-0.54233208208366	0.203886592916296
0.670235846552931	0.308134565191259
0.511884149147493	0.180536056250855
-1.2941091808211	0.576975974922849
0.669975753795622	0.30798845763185
0.343215720718814	0.171249343298025
0.125916993909445	0.0537508905746059
0.134796989185734	0.044763826715822
-0.737411368529038	0.251647475713659
-0.171331064664604	0.0613224232521491
-0.547988878512522	0.206215499936994
-1.52497036065527	0.541612586959632
-0.166972081756225	0.0597742269277735
-2.5766529574574	0.657773148602288
1.94216163464171	1.19075653173228
-0.418098622830114	0.174378553054991
-0.354815349846941	0.101888689175609
-0.789650928512862	0.342421974551524
1.75857433397038	0.962537125105929
-0.539219691548408	0.202623826299243
-1.29733006650978	0.578803317170819
0.137975327840755	0.066270081040515
0.160583229502904	0.0401661733691417
-0.357247952587094	0.102560703144377
0.137831499803166	0.0660890894484678
0.140023273435885	0.041219830052157
1.76290047909539	0.966122848912779
-1.00428527958743	0.496616726867449
0.160813493636874	0.0402291855562724
0.534748856717679	0.308645038944289
-0.789306862497791	0.342262742988917
-0.737824274342293	0.251781339210884
1.06449090773496	0.645455137767061
-3.46299441124492	1.22953362528533
-0.74243876954869	0.25362235352836
-0.11512189478062	0.0458130318128354
-0.326706420774188	0.150676078031383
-0.0821056809364456	0.0361099031541769
1.02685010343664	0.383062880383657
0.373487311088405	0.165498832622079
0.13125430574639	0.0494561793802337
1.235455787809	0.849918868533774
1.8138222857108	0.70292085392477
0.128936415922896	0.0485814724251015
0.425151238885793	0.167665451674877
0.15144823932183	0.0285426379557898
-0.118870679253281	0.0473038498999803
-0.355401168227563	0.102014834884787
-0.539884754000364	0.202777184376746
1.04467439086358	0.495654476038041
-0.538963433786103	0.202464572078945
-0.167409271163493	0.059935085601386
0.144976980831471	0.0425943260188831
0.950426851449918	0.249037516760643
-0.168202168113605	0.0602664712665637
0.694538610000626	0.454251752585453
-2.08258536505703	0.939450405182719
-0.11954479396179	0.0475820926768518
0.532757448572384	0.307284015306416
0.129145074812062	0.055158061871462
-0.118577481929284	0.0471349831073602
0.143132619682455	0.0420748163550394
0.132164012775708	0.0439252834614193
0.152050960400409	0.028630259939513
-0.743595444723557	0.253966184771903
-0.74243876954869	0.25362235352836
-0.327589684718349	0.151206157461436
-1.50525559201099	0.756917643624113
-0.16719037374262	0.0598638290738506
-1.52304226528151	0.540703452519057
0.160813493636874	0.0402291855562724
-0.172323794216928	0.061695096887414
-1.29133208294327	0.57526815180387
-0.116744249017674	0.0464304413870714
-1.14499995487719	0.345855392571373
0.510839396613925	0.180141996770445
-0.234659925712008	0.0755339906287207
-1.83099487872884	0.740025429797688
-1.14523333483643	0.345843348749308
-0.074691403259768	0.032904439302586
-0.237437039825944	0.0763599123457812
-0.743029498323094	0.253754321369633
-1.51695840714881	0.765087733861551
1.5524442422019	0.753203287410312
1.44450447975593	0.475941549703467
2.75580772001712	0.763760469153332
1.55472173238364	0.754945653890023
3.63629792702422	1.42164529184574
-0.628164901903538	0.15157555358925
1.44899109330448	0.477667123734845
2.75641316563256	0.763778311858285
0.805680641996882	0.331728723334835
0.162357836679133	0.0405597098553547
0.423497133045461	0.167044019107774
1.44391071628385	0.475549251261387
0.157325350109871	0.02936446462458
-1.51284627596671	0.762154786285722
-0.122269782209368	0.0485946960641137
0.145227337337459	0.0426443607563146
2.54614231756351	1.37953151874953
0.948905461162112	0.248586345985544
1.44981862951738	0.477799018830262
1.31296915771995	0.563217318478537
0.123890289984819	0.0467338918733295
0.803985492374408	0.330791149341887
1.45138090115721	0.478568850670936
0.139774852128096	0.0411362731979931
1.35733455822174	1.256630113676
0.57354061146821	0.458250394277487
0.32422835984949	0.196860157460216
0.668838779848121	0.307452120870821
0.299675681747357	0.205935125967884
-0.168663393721381	0.0603724956040683
-0.0409071028828248	0.0195375407023989
-0.540836580077605	0.203369627038744
0.142306377840433	0.0418148962103769
0.653540010885453	0.205185988936824
1.07648266133892	0.655073087593304
0.139097983949456	0.0409512881184992
-0.628733247343677	0.151688343674084
-1.83072704109891	0.739930594937107
1.45138090115721	0.478568850670936
0.511535984561553	0.180463547184556
0.948337549654709	0.248516516252871
0.94820175004088	0.248479682375772
0.154465593370314	0.0289479903375428
1.31240282325545	0.562988742832529
1.44899109330448	0.477667123734845
-0.628867026021838	0.151670609188118
0.15963091503218	0.0399802605532864
0.154465593370314	0.0289479903375428
0.154465593370314	0.0289479903375428
0.144138136643148	0.0423508720464565
0.155111385030128	0.0290417527313876
2.75580772001712	0.763760469153332
1.44899109330448	0.477667123734845
1.54941215268896	0.75156283209148
0.423078399332576	0.166842561193324
1.60482080074579	1.10982222502928
1.02626205148491	0.382823634565729
0.800521879884642	0.329131641552942
-0.629161817123023	0.301637361557933
0.94820175004088	0.248479682375772
-1.04418706517305	0.411112263748397
0.142892234362748	0.0419793224062305
-1.52439405688463	0.541142934209623
-1.51661453662032	0.765093518873786
1.31486971476921	0.564331716989034
0.676307490803662	0.31158022240744
0.658157600688591	0.206837664845118
0.533702291448323	0.307943246436499
-0.792396830153744	0.344017820558448
-0.626075023442282	0.151167646950723
-1.52246182960607	0.540465661800635
0.144976980831471	0.0425943260188831
-0.508107866806817	0.26824808787015
-0.122070131565794	0.0485466325449333
-0.116689463209501	0.0463870725079561
0.80809182652064	0.332822174466832
-0.964542465124542	0.594134551247628
1.01868988091969	0.379571940690884
-1.00428527958743	0.496616726867449
0.13422930794267	0.0445728055584624
1.31253456967921	0.563091330038175
-0.536671114051193	0.201606330220057
-2.08553743334962	0.941412888325459
0.38121548021087	0.169383601621866
-3.08216231491203	0.947551973079846
1.3150863687139	0.564688556451063
-0.542550190002901	0.204022574863377
-0.169320011151056	0.0606649453809961
1.31161763457028	0.562749823451238
0.425281606664403	0.167780963846818
-0.539787890554963	0.202744059579388
0.343211488292579	0.171244587332318
0.652526292518019	0.46583811540794
1.94388293117648	1.19389586255578
-0.252476543309965	0.127445589033375
0.128409991510058	0.0483828350789698
0.535368576016925	0.309381644985365
-1.1824938027729	0.658885369129562
1.02212623462815	0.380948102315312
0.420710921124661	0.165871172191323
2.10080345028195	0.924400736993524
1.26077887717336	0.683512590741364
0.510271633266051	0.179924314863983
-0.236642536873473	0.0761450888689269
-3.08216231491203	0.947551973079846
-0.737745529684395	0.251848226779474
0.429402678919788	0.169523968553339
-0.807235224462935	0.440644755239146
3.26631056571709	1.10328266544307
1.09236332801533	0.827203100696375
-0.117312200329271	0.046700587944202
-0.665699841159248	0.39803202522764
0.128409991510058	0.0483828350789698
0.770955724134749	0.456917697319517
-0.164399596828408	0.0589021623891461
-0.234312185154952	0.0754304879292539
-0.785598299709024	0.340429869924533
2.10139563641952	0.924609016057742
0.132382889280095	0.0439989008298304
1.23704261670618	0.851504974617286
0.421828677837084	0.166370084244426
0.777123188708003	0.462143896688881
0.510967914253512	0.180245566763838
-0.19815145605143	0.107222402663046
-0.16945056323585	0.0606971786368304
-0.164055233193113	0.0587654505194552
0.803269824230379	0.33049399469318
2.3415744993868	1.14854547995181
0.14371839260098	0.0422424410228484
0.50952600895777	0.179673416398791
1.44839669376933	0.477459847846965
1.04690378710311	0.497343192229306
-0.735795036496609	0.251087692088149
-1.14171114622793	0.344693702322242
-0.171201121492568	0.0613083374431992
1.04502103592787	0.496054824715763
0.802273091671679	0.329882237321236
-0.539661343528338	0.202765677037844
0.135364021327178	0.0449437078279942
1.94505783241245	1.19489373748555
-3.76529646610535	1.48477662035046
1.02329749324129	0.381582146499257
3.26284822825054	1.10169382604423
0.162590253502546	0.0405994312489443
0.15963091503218	0.0399802605532864
0.948337549654709	0.248516516252871
-0.355394630173918	0.102015543768339
1.45174463580423	0.478561109172125
0.660640141500972	0.207490447031014
-1.03964164372292	0.408955449510983
-3.08556356757563	0.949512459473102
0.128217426027829	0.0426676360228733
-0.74243876954869	0.25362235352836
-1.79839614394125	0.382877807711208
0.135013832711232	0.0448286361779132
0.801354619883508	0.329441219362467
0.145313170347528	0.042674261922763
0.132513899668301	0.0440249398537092
-0.737745529684395	0.251848226779474
1.44922258720914	0.477763268309402
0.672812797155709	0.309654422171124
0.132382889280095	0.0439989008298304
0.155067569950451	0.0290355764553768
-0.234659925712008	0.0755339906287207
0.376170944443065	0.166829586293887
-0.236642536873473	0.0761450888689269
0.132164012775708	0.0439252834614193
0.348150931119913	0.174106617578502
-0.789530930804051	0.342214789279307
-1.15162036075797	1.00445760316375
-0.198939346061404	0.107740275389615
0.154465593370314	0.0289479903375428
0.152050960400409	0.028630259939513
2.88412735993623	1.90781040435036
-0.231409214332045	0.0745090449257407
-1.14171114622793	0.344693702322242
0.661517102334111	0.207824976675168
-0.241194698180716	0.0775963201393135
-3.08203048704882	0.947509650360219
3.63395648950567	1.42026036401428
1.55563768080424	0.755897558752995
1.81441103810189	0.702928228145098
0.948905461162112	0.248586345985544
1.95786695174359	0.441149378722158
0.15963091503218	0.0399802605532864
-1.79840965860499	0.382877827643389
0.155111385030128	0.0290417527313876
-0.628164901903538	0.15157555358925
0.661517102334111	0.207824976675168
-0.355401168227563	0.102014834884787
0.123220765952761	0.0464728599078504
-0.237734534646551	0.0765149348263535
0.656311070885642	0.206056768558202
0.144725574883443	0.0425191258680454
-0.790219131055702	0.342560224844598
2.1037096154536	0.926051884063359
0.669975753795622	0.30798845763185
0.944504519928106	0.247598335656165
-0.121658514631689	0.0484213056189974
-0.511168955039369	0.270517447187913
-0.969688836542503	0.598605784844084
-0.168098950998947	0.060182556134742
0.425842843580689	0.168023318876402
-0.32608980926253	0.150342891122813
1.94447061010714	1.19445208639609
0.885016438325024	0.469497274711102
0.428285671446016	0.169094775343879
0.132382889280095	0.0439989008298304
0.803055311396109	0.330423388744012
0.803620921341924	0.330666152724973
3.63331351050508	1.42008896661082
-0.422338717958194	0.176267249908471
1.3136030122127	0.563459647897708
-0.0723836012975521	0.031906910693167
0.60465509181834	0.457842890277256
0.129602692162006	0.0552849677106642
0.131463990676715	0.0437015090033304
-0.121352846510502	0.0482535926174825
0.343068448104388	0.171439068373362
-0.803287714686696	0.535033035802774
0.798324210831681	0.328230166540438
-0.739220696441847	0.252380570526188
0.66698042724415	0.306554705615375
-0.415852063034605	0.173194395734347
-1.82807822419763	0.738372454891922
0.880085834837522	0.465830263044958
1.9453935394215	1.19466859553319
0.135937173335384	0.065153738750526
-0.967985166917285	0.596358783142383
-4.01226246083748	1.72475882924761
1.55528546656109	0.755344535013972
0.133827547304626	0.0504034048186407
-2.49211244747223	1.38038819940848
-0.411662068870429	0.171457253105263
-0.664967552072695	0.397726322180862
0.37843365344838	0.167968121789855
-1.03998820725116	0.409113309598422
1.04424975463849	0.495554192271584
1.02846670438308	0.383574973231276
1.44922258720914	0.477763268309402
0.580889770883775	0.299280688862088
-0.176550485343644	0.0631792496386275
2.10345763612533	0.92603048253316
-1.5088621709036	0.759006136042553
-0.165088554277847	0.0591488725692337
-0.66467498420205	0.397526639107899
-0.539884754000364	0.202777184376746
0.126806512303075	0.0477831384978955
0.803055311396109	0.330423388744012
0.588719097872329	0.304194471760505
0.331903320509225	0.184323318246039
0.677232189659578	0.312059813333357
1.44311896686197	0.886170242062415
1.04480901675325	0.495932284777841
0.948337549654709	0.248516516252871
0.130658069144789	0.0492298941542097
-0.684255988262682	0.484342971325814
-0.339483910095677	0.24278586492888
-0.684255988262682	0.484342971325814
-0.903258075615688	0.756709007343281
-0.162300795954345	0.0581731243217536
0.344814357962911	0.172223529033892
-0.414849585401539	0.172825872337049
-0.782584706497323	0.338824521604781
0.593865989831313	0.307385155210456
0.125420086757105	0.0473043623728007
-1.0001037668499	0.493752779623566
0.135983782260437	0.0400782901589669
2.10534947076348	1.44181343752199
1.31565227991103	0.564944763794614
-0.791200257545119	0.343340530735072
-0.538391637447097	0.202241097472968
-0.738159266562824	0.251825620637215
1.4480329582247	0.477161868008032
-1.14536534536015	0.34589005605433
-0.359725191866461	0.103238313016327
1.95786695174359	0.441149378722158
-1.1414839653338	0.344622990730584
-0.414916504285137	0.173010164636834
-0.735458723618684	0.250947808327744
-0.628164901903538	0.15157555358925
-1.79840965860499	0.382877827643389
0.159859477622278	0.0400192334307773
-3.46679196715223	1.23130500663502
1.44862736407577	0.477555630338169
0.135364021327178	0.0449437078279942
3.26406378444313	1.10187162962723
-0.74243876954869	0.25362235352836
0.660932155782147	0.207694635746326
0.146584487246171	0.0430023159110844
2.72221471940598	1.63161181872182
0.801354619883508	0.329441219362467
0.160583229502904	0.0401661733691417
0.803269824230379	0.33049399469318
0.804902320215242	0.331341314716319
-2.30007213812399	1.14746925859003
0.427726139064257	0.168841338822495
2.75580772001712	0.763760469153332
1.05135133077307	0.499849660112348
-0.0800966314259405	0.0352428263549873
0.143901899658238	0.0762152061419542
0.588104525479538	0.303776671058552
-0.679324869063681	0.479795438441087
0.154465593370314	0.0289479903375428
1.0239728358881	0.381885834911352
0.155111385030128	0.0290417527313876
-0.628164901903538	0.15157555358925
-0.353207074434312	0.101406886597049
0.511755072041239	0.180523302881905
0.162357836679133	0.0405597098553547
2.10173504798347	0.924843834263361
1.95731570776637	0.441000340195791
1.43793590610944	0.881892247511652
0.94820175004088	0.248479682375772
0.950426851449918	0.249037516760643
3.26857074944807	1.10417713664958
1.45174463580423	0.478561109172125
1.95786695174359	0.441149378722158
1.95786695174359	0.441149378722158
0.155067569950451	0.0290355764553768
0.154509067766894	0.0289541162362231
1.95731570776637	0.441000340195791
1.8166310232947	0.704051562387115
3.63565166019344	1.42132833477826
1.93864730600348	1.18850017595477
0.429189841643481	0.169462047821113
1.02499638904051	0.382165912389253
1.02338601426445	0.38161996773056
0.658449623497539	0.206846818911275
1.44839669376933	0.477459847846965
0.138890879231432	0.0666409138953449
0.132032810243933	0.0438841642048134
1.8135291528185	0.702758164322864
-1.0438234260038	0.410788519057193
2.10227195989275	0.924990315433236
0.510619816865865	0.180113549991954
-1.30253713545476	0.581669294138588
1.95786695174359	0.441149378722158
1.04690378710311	0.497343192229306
-1.29180126592501	0.575635440327952
-0.793963650421868	0.344955654228715
0.798887367854718	0.328506973468232
0.154465593370314	0.0289479903375428
-0.788172601637339	0.341595524377101
-0.791200257545119	0.343340530735072
0.58809258340558	0.303772057806143
0.671242260155002	0.308574717990314
0.660638687988492	0.207526442563452
4.16480743748042	1.96391658672842
-0.78537681039936	0.340290544519683
-0.415183675733752	0.172968540362155
0.156070095129669	0.0391676647119387
-0.236295434458238	0.0760318807121589
0.426699095186531	0.168429089865199
-0.632563406792844	0.152610991116788
0.369499156233705	0.163786956551749
-1.83631399679176	0.742708043545115
-0.616627805008406	0.294566689433852
1.45198001091205	0.478658944297305
1.25308727931006	0.677893883554368
0.674333859734918	0.310512339568963
0.132513899668301	0.0440249398537092
-0.792741102489134	0.344191342632362
-0.739003822726622	0.252222384495429
-0.237212899766669	0.0763212805777045
0.801294435982005	0.329722340410091
-0.16719037374262	0.0598638290738506
-0.168760743646406	0.0604728682433177
0.936727338721262	0.631352447003411
0.657179529610805	0.206320016652676
0.134579360214552	0.0446820626093357
-0.417832083070999	0.174255353735987
0.802353086825023	0.329964914866132
0.667575068911108	0.306882048611956
-0.806612457433559	0.440304257659114
3.63331351050508	1.42008896661082
1.04703892798642	0.497162533983788
-0.117660477054644	0.0467865531553836
0.161043695584893	0.0402684742968713
0.511535984561553	0.180463547184556
2.34070848677509	1.14717025349514
0.373180610877933	0.165574351861478
0.425281606664403	0.167780963846818
0.658741078701816	0.207014004441108
0.130534492586352	0.0556874732872
-1.83105982818556	0.740099638711398
1.94551662408098	1.19481111321837
1.31331884073887	0.56363424296824
-0.628599509856641	0.151612619227975
-0.354809804669678	0.101824397658975
0.128601831848837	0.0484529754734972
0.873301186050236	0.461756673437728
0.94820175004088	0.248479682375772
1.8135291528185	0.702758164322864
0.519665650060962	0.18326408921244
3.26508709738097	1.10261522135605
2.75641316563256	0.763778311858285
-0.739337707457692	0.252266162743882
3.26224218729945	1.1009233569627
1.0190295579627	0.379719734867384
2.75520320904554	0.763197913000704
3.6326714041979	1.41965046916025
1.81294103662311	0.70256079058948
0.657866689740957	0.206670742493303
0.506286345412427	0.178440504115667
1.95731570776637	0.441000340195791
0.944504519928106	0.247598335656165
0.155111385030128	0.0290417527313876
-2.5766529574574	0.657773148602288
-0.628164901903538	0.15157555358925
-0.358848207258787	0.103009197892419
3.26284822825054	1.10169382604423
1.02447067732237	0.381899446024378
3.63865172808213	1.42228041522975
0.154509067766894	0.0289541162362231
0.128217426027829	0.0426676360228733
-1.1406575104342	0.344234513147494
0.654121684946124	0.205433467520013
0.511315925469962	0.180318053690652
0.801705526679166	0.329494691176548
-0.236642536873473	0.0761450888689269
1.01985986214015	0.380041869937102
1.51606872313092	1.29402622536977
1.75524264186999	1.36042918501167
0.513516136888496	0.181178716343693
-3.76137421922742	1.48226291907169
2.33899743092669	1.14663661123896
-1.69567712933466	0.95544795283318
1.45054889854294	0.478121061898946
1.95731570776637	0.441000340195791
3.6326714041979	1.41965046916025
1.44450447975593	0.475941549703467
0.155111385030128	0.0290417527313876
0.944504519928106	0.247598335656165
-0.628867026021838	0.151670609188118
2.75580772001712	0.763760469153332
1.44899109330448	0.477667123734845
1.95731570776637	0.441000340195791
3.92936359942063	1.70302424744953
0.51408290047205	0.181384498788784
1.60070982683077	1.1050727450212
0.373753217777433	0.165661732219598
-2.49119644412757	1.37909180287789
0.13422930794267	0.0445728055584624
0.139185376148384	0.0667894925858745
0.133301116726748	0.0442849463266127
-0.167754072609883	0.0600616127897958
0.659324643575319	0.207123110468657
1.95786695174359	0.441149378722158
3.9226128726263	1.6989438994259
0.661517102334111	0.207824976675168
-1.52497036065527	0.541612586959632
0.130275387420614	0.0433068776559506
0.146670376003709	0.0430346600388633
-0.360724405250577	0.103539565324799
-1.29882542782854	0.579669605589987
-0.738414128880846	0.252090639638632
1.44839669376933	0.477459847846965
-0.241194698180716	0.0775963201393135
-0.539661343528338	0.202765677037844
-1.04396421075156	0.411040526644558
0.803406298057045	0.330476655381048
-3.08912772662777	0.951015235110598
0.142892234362748	0.0419793224062305
1.31310179325084	0.563385616536445
-0.739220696441847	0.252380570526188
0.653540010885453	0.205185988936824
-0.256677530842303	0.129644700392135
0.801922158295548	0.329828855715043
-1.29525574662277	0.577871829307603
1.25881210567717	0.68250341264782
0.327587605088765	0.18154599062201
2.25292396647689	1.7187251619259
0.147259813410519	0.0432007445014279
-1.29847664104935	0.579413585561218
-1.49569604737777	1.05018302949496
0.159992352718576	0.0400538861334557
0.584578935507783	0.301384393607091
0.124224947793226	0.0468546188464198
1.0239728358881	0.381885834911352
0.658157600688591	0.206837664845118
1.01961500222098	0.379984696878922
-0.0741223766434938	0.0326693738351606
0.768484654873778	0.455487752743666
0.124822735555812	0.0470818361400661
0.657283842665822	0.20642210460759
1.8831494748756	1.61530760423067
0.87730549327442	0.464338198778869
0.581989917416078	0.300388439927268
0.806382919129529	0.331954183712481
-1.52896155531942	0.543366808154917
2.1031177894695	0.925795147014246
0.132600988210423	0.0440609588064188
-0.237437039825944	0.0763599123457812
-0.0800966314259405	0.0352428263549873
0.948768757521975	0.248549269795159
2.1081031239529	0.927530934131959
0.80418588371357	0.330841973654618
2.10345763612533	0.92603048253316
-1.82841297073294	0.73863065228361
2.54670827785359	1.38000841399591
0.147173024714353	0.043149325154862
-0.355401168227563	0.102014834884787
0.94820175004088	0.248479682375772
-1.79839614394125	0.382877807711208
0.155067569950451	0.0290355764553768
-0.791832805004252	0.343622226885232
3.6326714041979	1.41965046916025
0.948905461162112	0.248586345985544
-3.0857009920368	0.949295045119167
0.160221796316651	0.0401166927693931
0.162719274583833	0.0406219991153643
0.948337549654709	0.248516516252871
-1.79840965860499	0.382877827643389
0.154509067766894	0.0289541162362231
0.65757421006213	0.206588655278929
-0.121676375691626	0.0483804301176356
-1.82874780946892	0.738800580746292
0.124675860041347	0.0470515285364447
0.159992352718576	0.0400538861334557
2.3415744993868	1.14854547995181
1.3150863687139	0.564688556451063
0.159992352718576	0.0400538861334557
0.428844518886435	0.169326646561233
1.02246283803588	0.381238371277329
0.14027070998759	0.0412729382935957
0.37156503848093	0.164732367180838
0.356943242334292	0.178927735340644
0.511884149147493	0.180536056250855
3.26406378444313	1.10187162962723
1.81574571371452	0.703837629137609
2.75641316563256	0.763778311858285
0.658157600688591	0.206837664845118
1.02329749324129	0.381582146499257
0.159992352718576	0.0400538861334557
3.26406378444313	1.10187162962723
-0.0781870692137403	0.0344068197522396
-0.631921563015673	0.30332819832855
-0.325608383044716	0.150330941023521
-0.35569023027487	0.10209347470967
0.801922158295548	0.329828855715043
1.06283268198428	0.643666030279054
0.885454295355372	0.469782072585527
-1.04290235412753	0.410559570501728
-1.80123754984197	0.383647112861273
0.775683821469936	0.461469511900725
-1.50525559201099	0.756917643624113
0.947770742439721	0.248281535275256
0.800380368072435	0.329168985697583
-1.04221071709325	0.410198911511082
0.128003827528337	0.0482344496818407
-1.29457725250681	0.576939174145334
0.584292640095187	0.30151965227866
-1.04313192494267	0.410517747694466
2.25698162261209	1.72588088466664
-0.802896160089374	0.534686933821599
0.347462455015685	0.173706546379549
-0.0768410666224909	0.0338092299383698
0.658157600688591	0.206837664845118
0.16045117802105	0.0401558290866076
0.805467397708516	0.331643487494376
2.10139563641952	0.924609016057742
1.31218528243788	0.56311122145944
0.873625635103833	0.461862098027791
3.6326714041979	1.41965046916025
0.806031822454127	0.331901204294119
1.44899109330448	0.477667123734845
-1.2948051112795	0.577362423726676
-0.238649881872283	0.0768149363688191
0.373753217777433	0.165661732219598
0.161043695584893	0.0402684742968713
-0.114798840995251	0.0456854313144561
1.76080743527667	0.965082451079631
1.45198001091205	0.478658944297305
1.45174463580423	0.478561109172125
1.38431190069449	1.06815032222376
1.0239728358881	0.381885834911352
1.81797148254981	0.704596952092508
3.26224218729945	1.1009233569627
0.944504519928106	0.247598335656165
1.25940066717258	0.682987619618916
1.03732686154431	0.491603053219662
0.131814043124596	0.0438161720723548
1.45054889854294	0.478121061898946
-1.14088544605048	0.344426431780091
2.33470644076288	1.14335517449658
0.135013832711232	0.0448286361779132
-0.789306862497791	0.342262742988917
0.806031822454127	0.331901204294119
1.31275235192293	0.563405500186811
-0.510412640598019	0.270130572602861
0.144976980831471	0.0425943260188831
-0.241194698180716	0.0775963201393135
1.44862736407577	0.477555630338169
0.513516136888496	0.181178716343693
1.44839669376933	0.477459847846965
0.159402290839324	0.0399177124259514
2.54578920374591	1.37918799565204
1.80835489274816	0.70010856168417
-2.5766529574574	0.657773148602288
-0.542769081676375	0.204049428112683
0.948337549654709	0.248516516252871
-0.354815349846941	0.101888689175609
-0.626075023442282	0.151167646950723
1.8138222857108	0.70292085392477
-0.412860436217696	0.171921381427765
0.659324643575319	0.207123110468657
1.8138222857108	0.70292085392477
1.81294103662311	0.70256079058948
-1.14111344283696	0.344497381350969
-0.628164901903538	0.15157555358925
0.160221796316651	0.0401166927693931
-1.52896155531942	0.543366808154917
0.88099839576048	0.466529066729843
0.140789498810933	0.0413270034921494
0.85304382109191	0.629180410574105
3.26224218729945	1.1009233569627
1.44899109330448	0.477667123734845
0.94820175004088	0.248479682375772
0.155067569950451	0.0290355764553768
0.659094086113482	0.20686382155205
1.02939313477738	0.384032816891873
1.95988292961267	0.441702177751728
1.95988292961267	0.441702177751728
0.154465593370314	0.0289479903375428
0.156304884454214	0.0392194704826931
0.659032459281836	0.207041754611057
1.95786695174359	0.441149378722158
1.95731570776637	0.441000340195791
0.800942292103537	0.329468782128631
0.506850875189508	0.178656463900139
0.425627365203623	0.167916299468516
-0.793650299520997	0.344601205700018
-0.542900106811953	0.204176406519794
0.425497080140127	0.167863861612803
0.801354619883508	0.329441219362467
0.426403404838852	0.16824819606602
1.95731570776637	0.441000340195791
1.0239728358881	0.381885834911352
1.25810079627233	0.681685805066219
0.66937968290993	0.307605615084939
0.658449623497539	0.206846818911275
0.126279530758567	0.0476107769003057
0.149551069550847	0.043790750343374
-0.417498560054849	0.174105987349017
1.55378707815797	0.754352987255714
0.50776496866365	0.179019570667438
1.55486158244648	0.754948133287252
0.125420086757105	0.0473043623728007
-0.418699120063541	0.174624493913997
1.75470348804114	0.959971912184309
-0.354815349846941	0.101888689175609
-3.45922605387697	1.22727228815634
-1.00388955818397	0.496069737089694
0.51245179464898	0.180728048354012
-0.235007751863996	0.0756217011010752
-0.165524140224107	0.0592721353648851
-0.236642536873473	0.0761450888689269
1.5554260223568	0.75543285370151
1.02304894811125	0.381607715308403
1.02592340208434	0.382810966482796
0.510619816865865	0.180113549991954
0.426403404838852	0.16824819606602
0.135364021327178	0.0449437078279942
0.130586200312459	0.0492036069928143
0.12412218193265	0.053024250758687
1.44899109330448	0.477667123734845
0.583057246951312	0.300779301083878
2.34336570879691	1.1493067363545
1.81235300959058	0.702242876396542
1.55563768080424	0.755897558752995
-0.241543381848446	0.0777055848228126
0.427726139064257	0.168841338822495
0.144389940892798	0.0424393237157952
-1.79839614394125	0.382877807711208
0.144389940892798	0.0424393237157952
0.802273091671679	0.329882237321236
-0.237090328086136	0.0762301533221021
-0.792052634019788	0.343809589207604
3.26345542626113	1.10199860979414
0.141436045082701	0.0679003432540227
-2.57669595250488	0.657559862268914
1.81205656672306	0.701877636994275
0.147173024714353	0.043149325154862
-0.36349392970535	0.104306676026293
0.134446827346684	0.044648821058174
0.162952579336367	0.0406858836130456
1.81205656672306	0.701877636994275
2.75868832531345	0.765017792149168
-2.57660997484294	0.657538252319339
-0.628733247343677	0.151688343674084
-0.63185471444008	0.152466960619287
-1.79839614394125	0.382877807711208
1.44509906384746	0.476148552116978
-3.08556356757563	0.949512459473102
-1.14111344283696	0.344497381350969
-0.739003822726622	0.252222384495429
0.16045117802105	0.0401558290866076
0.950426851449918	0.249037516760643
-0.628733247343677	0.151688343674084
0.154465593370314	0.0289479903375428
-4.23047348880845	1.96803052545194
-0.172452668801544	0.0617304368190577
0.133651056800119	0.0443846032753033
1.02422162940792	0.382079227006262
1.8138222857108	0.70292085392477
0.123555562714425	0.0466077516946964
0.162590253502546	0.0405994312489443
-0.168663393721381	0.0603724956040683
0.802704240998476	0.33025128123342
2.75520320904554	0.763197913000704
1.08882466979661	0.822752243752582
1.45114635521655	0.478471348903038
2.75580772001712	0.763760469153332
0.156070095129669	0.0391676647119387
1.81604086904786	0.704001590638153
1.95731570776637	0.441000340195791
1.95786695174359	0.441149378722158
-1.14193838802885	0.344646219015582
0.160221796316651	0.0401166927693931
0.15963091503218	0.0399802605532864
1.95731570776637	0.441000340195791
-0.556881357293939	0.356476468536853
-0.234312185154952	0.0754304879292539
-1.04267374187429	0.410246962947944
-2.30135040709624	1.14829181495397
-0.171762117804328	0.0615057733921786
0.147007749076803	0.0431148554966707
-1.52585303078124	0.541962051097293
-1.00223536966402	0.904481089892919
-0.415383804346892	0.172945640822636
-0.169008421659159	0.0604879259203808
1.30842279896953	0.560888896280948
1.0641906017043	0.645092794443035
0.135413489226664	0.0578132039573497
1.55322278137623	0.754063606155397
-0.804934172385481	0.439319541353519
0.130920287619515	0.0493322328761646
-0.359432307228107	0.103134774665835
0.42440029925669	0.167434139239713
-0.625046185969824	0.298954638210409
-1.18396539795966	0.659756408161173
0.506286345412427	0.178440504115667
-0.670141508838271	0.401424211281051
-1.69501316326713	0.954695474244129
0.530878689268381	0.305733700660615
1.22717923107012	1.03070562056317
1.43659354112542	0.880872771635626
0.796054859880159	0.327022011293397
0.941597069975086	0.636043946768533
0.128670408883655	0.0548738095016879
-0.153429180092979	0.0875049092638506
1.46983874777138	1.47582247532023
0.424373787314051	0.167361463682442
-1.61958007716916	1.25494973199996
-0.966459804240415	0.595367779510124
0.134224691202209	0.0445508027113822
1.55126146787483	0.752994445894456
0.495226615512475	0.313013157866661
0.375581739818815	0.166553161927003
-0.786851278108693	0.341002012219478
0.135930401959736	0.045112999214881
0.807528635845388	0.332541409655835
-0.325464789243747	0.150066551001885
2.72277391143415	1.63231901735076
0.343718766977058	0.17180680807435
0.497550825538004	0.314800901979366
-0.788051638764763	0.341587882696307
-0.804758487849663	0.536530927639311
-1.13895833229548	0.343813220888229
0.160221796316651	0.0401166927693931
0.658741078701816	0.207014004441108
-0.355401168227563	0.102014834884787
0.658157600688591	0.206837664845118
1.44862736407577	0.477555630338169
1.81886023461405	0.704877804186235
-1.29847664104935	0.579413585561218
-1.04488326260696	0.411431568917432
-4.72651596674871	2.79605389872282
-0.81302425153498	0.445211936996355
-0.541404043902354	0.20353687445987
0.16045117802105	0.0401558290866076
0.132513899668301	0.0440249398537092
-0.234090861009704	0.0753429614422092
0.147259813410519	0.0432007445014279
2.73013943726426	1.63979577917839
1.44839669376933	0.477459847846965
-0.806300502923464	0.440052788877231
1.31543636736156	0.564668618767136
0.510440135603011	0.179966436385068
-0.934770327207845	0.690152697361563
1.31139839023769	0.562237305599265
0.51408290047205	0.181384498788784
1.44981862951738	0.477799018830262
0.801646495621991	0.329806891015716
-1.68917260304825	0.949843821970341
0.671959673080726	0.309050234043549
1.02558467001725	0.382518749728777
2.75868832531345	0.765017792149168
1.95786695174359	0.441149378722158
0.154465593370314	0.0289479903375428
1.95731570776637	0.441000340195791
2.75580772001712	0.763760469153332
0.135725292726052	0.0579491154080408
-0.325152368345626	0.149912584088137
0.127966269193328	0.0546791368153725
1.81294103662311	0.70256079058948
-1.83597776269255	0.742763952258261
1.31310179325084	0.563385616536445
1.0239728358881	0.381885834911352
0.803620921341924	0.330666152724973
0.346409706658078	0.173128687108114
0.510399267871221	0.17998283956174
-0.167535179530461	0.0599846998526839
1.31126841403568	0.56233368703482
0.339758566383255	0.169487309376746
2.75868832531345	0.765017792149168
-0.784177987931164	0.339638597270029
-0.354229439997714	0.101697261087168
-0.78873939795176	0.341991104298643
0.129916076947615	0.0554206976348945
0.804902320215242	0.331341314716319
0.144725574883443	0.0425191258680454
-0.539312347732804	0.202625351504848
0.13125430574639	0.0494561793802337
1.02480914386846	0.382191050766977
-0.00713594132997973	0.00367746055461426
1.31600243356677	0.564924856678145
2.10167048269825	1.43602379590593
0.65757421006213	0.206588655278929
0.50952600895777	0.179673416398791
-0.783834570396785	0.339480063811582
1.81294103662311	0.70256079058948
1.04566202999735	0.496690652983138
0.696526204982658	0.455515666354278
0.161043695584893	0.0402684742968713
0.124751416858666	0.0470574836800859
1.02685010343664	0.383062880383657
0.131541520016344	0.0437194079588842
-0.738414128880846	0.252090639638632
0.374667869915192	0.166123158223375
0.663132334033902	0.208271470068789
0.589464667908567	0.304977824579916
-0.805244547671088	0.439374894873463
-0.628299579656606	0.151558046801791
0.154465593370314	0.0289479903375428
-0.360018151462565	0.103295990712749
0.132822208517431	0.056695914322575
3.6326714041979	1.41965046916025
0.42363541765707	0.167033692932676
-1.83105982818556	0.740099638711398
0.143817020419273	0.042209488638599
0.144054213480702	0.0423469198905259
0.157370411029726	0.0293708256249034
0.947770742439721	0.248281535275256
-0.628867026021838	0.151670609188118
2.10080345028195	0.924400736993524
-0.359141638818634	0.103112871302961
-0.355104953248248	0.101967480674674
1.81515619836297	0.703574555319196
-0.628599509856641	0.151612619227975
-0.355104953248248	0.101967480674674
0.146584487246171	0.0430023159110844
-1.03964164372292	0.408955449510983
-1.14284398403614	0.345169869447138
1.95786695174359	0.441149378722158
2.75580772001712	0.763760469153332
-1.04021595924619	0.409215240728406
0.802273091671679	0.329882237321236
0.590690182885767	0.305386590557676
0.15047786822287	0.0440284865064344
-0.621686679461025	0.297492094197077
-1.29860074136172	0.5797920330012
0.131814043124596	0.0438161720723548
-0.113934108417811	0.0453822951028561
0.802704240998476	0.33025128123342
0.660932155782147	0.207694635746326
4.17171356290756	1.96721533204587
1.44922258720914	0.477763268309402
-0.537820479884978	0.201951327851571
2.10928505311053	0.928215775958591
1.95731570776637	0.441000340195791
0.156070095129669	0.0391676647119387
-1.79839614394125	0.382877807711208
2.75580772001712	0.763760469153332
1.81264504950119	0.702404900566408
0.124488256386008	0.0469611145656188
0.512103476504473	0.180655514559587
0.129989608626953	0.0489773561473865
-0.16684564485734	0.0597373941238438
-0.355394630173918	0.102015543768339
0.147259813410519	0.0432007445014279
-4.23376817757738	1.97077097194121
0.374402254410437	0.165957266705863
-0.238649881872283	0.0768149363688191
0.67150187758438	0.308828121931979
1.0466925841433	0.497144343266033
1.04467439086358	0.495654476038041
0.506116430455627	0.17830960313907
-0.113562603126315	0.0451916045301702
0.876717909154008	0.463866575605238
1.0238833519431	0.381787644807647
1.02477894780054	0.381972647840696
1.26124481439707	0.683877729135813
1.24982936095721	0.675907127726155
1.45198001091205	0.478658944297305
0.421828677837084	0.166370084244426
0.342907558328519	0.17108452863234
0.155111385030128	0.0290417527313876
0.371830898216795	0.164878125398627
0.660640141500972	0.207490447031014
-0.237783836658627	0.0764730781037413
0.669294093430786	0.307879355796411
0.513516136888496	0.181178716343693
-1.1840119631349	0.66014918760717
2.72277391143415	1.63231901735076
0.798324210831681	0.328230166540438
1.43634499948318	0.879102311262163
1.4480329582247	0.477161868008032
0.673482458034147	0.310019955946795
0.511535984561553	0.180463547184556
0.802273091671679	0.329882237321236
1.22867379581651	0.841784160285762
2.75807933893485	0.764710363024488
-0.9661046610391	0.596054432906184
-0.737824274342293	0.251781339210884
0.510301546145278	0.179862312054923
-1.83039434521114	0.739673075735054
0.131588254721678	0.0495753524376327
0.58565092474121	0.302565370854111
1.60594564456824	1.11305233958762
0.147597353924913	0.0432809812564028
0.513733853850566	0.181194231451746
-0.415847728365783	0.173416198873373
-1.0465244135449	0.412299764954399
1.02304894811125	0.381607715308403
-0.117634611193586	0.0468309314969464
4.55219604274922	2.49505220739744
1.9442189987784	1.1936715042042
-0.789530930804051	0.342214789279307
0.512103476504473	0.180655514559587
0.512321829500026	0.180674048803135
-0.234312185154952	0.0754304879292539
3.26284822825054	1.10169382604423
0.155111385030128	0.0290417527313876
0.154509067766894	0.0289541162362231
0.154465593370314	0.0289479903375428
-0.325772973836945	0.150225747425239
-0.355104953248248	0.101967480674674
0.162357836679133	0.0405597098553547
-2.5766529574574	0.657773148602288
0.15144823932183	0.0285426379557898
-0.355979365614545	0.102141358762928
0.803406298057045	0.330476655381048
0.15963091503218	0.0399802605532864
0.160221796316651	0.0401166927693931
0.162590253502546	0.0405994312489443
0.155067569950451	0.0290355764553768
-0.812713183791751	0.445021044977566
-0.355104953248248	0.101967480674674
0.147259813410519	0.0432007445014279
-0.628299579656606	0.151558046801791
-1.52439405688463	0.541142934209623
2.54200501544965	1.37495579850842
-0.53874057789979	0.202401825815006
2.75580772001712	0.763760469153332
1.02514752788745	0.382203792201025
0.654703443030561	0.205608890273211
1.8135291528185	0.702758164322864
0.15547989361324	0.039031965106125
0.427726139064257	0.168841338822495
0.157325350109871	0.02936446462458
1.44922258720914	0.477763268309402
1.95786695174359	0.441149378722158
1.54828773160562	0.75077259968661
1.04459638890115	0.495573049358365
0.428285671446016	0.169094775343879
0.157325350109871	0.02936446462458
-0.628867026021838	0.151670609188118
-0.539661343528338	0.202765677037844
1.44862736407577	0.477555630338169
0.660932155782147	0.207694635746326
-2.5766529574574	0.657773148602288
-1.1414839653338	0.344622990730584
0.132032810243933	0.0438841642048134
-0.359432307228107	0.103134774665835
0.660638687988492	0.207526442563452
1.44450447975593	0.475941549703467
-0.358264019190404	0.102817613458252
-1.52896155531942	0.543366808154917
-0.352620864579995	0.101250485836996
-0.162989326959396	0.0584083699345145
0.146670376003709	0.0430346600388633
1.04079506363497	0.493718951705615
-1.10918454329817	0.763995769327407
1.01985986214015	0.380041869937102
4.16416878488742	1.96341587712626
0.149212845857803	0.0436974436845553
0.51408290047205	0.181384498788784
0.137641851799643	0.0456295024698016
-0.544388043857763	0.20467834687827
0.370650988532887	0.164283149019924
-0.236865950236819	0.0762080730306188
1.55507391974261	0.755498369683247
1.02363521199244	0.381873400117373
0.948905461162112	0.248586345985544
-1.04255649350425	0.410401789740815
-0.239289328474782	0.0769945522116738
0.510619816865865	0.180113549991954
0.325136101962082	0.18019938130608
-0.0778442799880398	0.0342488222119108
-1.52556530925699	0.541887546993991
-3.45922605387697	1.22727228815634
0.159992352718576	0.0400538861334557
1.3150863687139	0.564688556451063
0.15212683666691	0.0382614485850816
-3.76080338308098	1.48176245886347
3.26284822825054	1.10169382604423
-0.782927899613125	0.33904041759686
3.63395648950567	1.42026036401428
0.804551193439478	0.331168980919484
1.81545080408239	0.703738180326379
-1.29145315181805	0.575466227441089
0.145227337337459	0.0426443607563146
-0.996511669786601	0.49158781401669
1.45114635521655	0.478471348903038
-0.738414128880846	0.252090639638632
1.45114635521655	0.478471348903038
0.658157600688591	0.206837664845118
2.34371732683554	1.14959868175071
-0.628164901903538	0.15157555358925
-0.628599509856641	0.151612619227975
0.154465593370314	0.0289479903375428
-0.626075023442282	0.151167646950723
0.948337549654709	0.248516516252871
3.26284822825054	1.10169382604423
-0.628599509856641	0.151612619227975
-1.83470480543889	0.742065970342523
0.661225548064972	0.20772290984652
-0.74243876954869	0.25362235352836
2.75641316563256	0.763778311858285
0.143477516670026	0.0421253750116672
2.10252540036319	0.925396731648863
-0.746129763239495	0.254909548180685
-1.52246182960607	0.540465661800635
-0.418699120063541	0.174624493913997
-4.01193246433531	1.72463037714346
-2.09282342877292	0.94604006879287
1.31161763457028	0.562749823451238
0.154465593370314	0.0289479903375428
3.63395648950567	1.42026036401428
0.161043695584893	0.0402684742968713
1.06529045706672	0.645066381834495
0.667910039261565	0.30706346862549
-1.0465244135449	0.412299764954399
1.95786695174359	0.441149378722158
1.44899109330448	0.477667123734845
4.16480743748042	1.96391658672842
0.156304884454214	0.0392194704826931
0.66930424577174	0.30749416119693
0.878163028357037	0.465443049503421
-0.741510950758259	0.253188727186893
-0.742354946133043	0.253440043281208
-0.113617842404022	0.045231923551469
-1.0403348553758	0.409226758738803
1.02338601426445	0.38161996773056
-3.76108876538849	1.48211039032061
-0.538963433786103	0.202464572078945
-0.542550190002901	0.204022574863377
-0.791708514054291	0.343534455185817
-0.537020300726747	0.201726380349835
0.657866689740957	0.206670742493303
0.803834759846622	0.330669806288606
0.160813493636874	0.0402291855562724
-0.324097777063102	0.14944854000421
1.31834040226142	0.565982656192084
0.510619816865865	0.180113549991954
-0.789083391693148	0.34215026874497
0.377786837575273	0.167726927816864
0.128217426027829	0.0426676360228733
0.512103476504473	0.180655514559587
-0.354525819937872	0.101778275735803
1.02422162940792	0.382079227006262
1.44450447975593	0.475941549703467
0.510619816865865	0.180113549991954
0.428285671446016	0.169094775343879
0.67374098604665	0.310203332995967
1.04100401918575	0.493707174905356
1.55415734614874	0.754461189942461
2.3386469338706	1.1463460110087
2.1037096154536	0.926051884063359
0.801003629379337	0.329269419736642
-1.1824938027729	0.658885369129562
-0.162645023142981	0.0582934318085609
-0.120490621868934	0.0479276905170135
0.658157600688591	0.206837664845118
-0.354809804669678	0.101824397658975
1.04934203386098	0.498700980586011
0.511535984561553	0.180463547184556
-1.04416930284237	0.410817461260561
-0.536101171148354	0.201337796547223
-1.00395217666584	0.496433034650267
0.425842843580689	0.168023318876402
1.31565227991103	0.564944763794614
0.510967914253512	0.180245566763838
-0.355394630173918	0.102015543768339
-1.14499995487719	0.345855392571373
0.50720087150347	0.178829201945322
0.948337549654709	0.248516516252871
-1.04324829900211	0.41067273876345
0.883261506201147	0.468247227057581
1.02709860167831	0.383182847467804
-0.628599509856641	0.151612619227975
-0.628299579656606	0.151558046801791
-0.737489374761453	0.251678150254292
-1.14523333483643	0.345843348749308
0.154509067766894	0.0289541162362231
1.02914563133488	0.3838807966434
0.659032459281836	0.207041754611057
-0.539919662858571	0.202972610998623
1.76247306121477	0.966423627602267
0.144640697621443	0.0425017414545061
0.147848686423209	0.0433479015633612
3.26345542626113	1.10199860979414
0.658741078701816	0.207014004441108
0.511535984561553	0.180463547184556
0.132164012775708	0.0439252834614193
0.657477424666525	0.20641752360443
1.02304894811125	0.381607715308403
1.31296915771995	0.563217318478537
-1.00361914170206	0.496209107630798
-0.0781405164773084	0.0343722722954072
-0.628164901903538	0.15157555358925
0.656014281877058	0.205959668867586
0.143132619682455	0.0420748163550394
1.31126841403568	0.56233368703482
0.658449623497539	0.206846818911275
0.94820175004088	0.248479682375772
-0.236295434458238	0.0760318807121589
-0.738079783119958	0.251987608125061
0.372478302274122	0.165131668825676
0.147510896476738	0.0432547789402825
2.33413825881179	1.14291338616828
1.31565227991103	0.564944763794614
1.95731570776637	0.441000340195791
1.95786695174359	0.441149378722158
0.157325350109871	0.02936446462458
1.81604086904786	0.704001590638153
0.948768757521975	0.248549269795159
1.4480329582247	0.477161868008032
0.510839396613925	0.180141996770445
-0.236865950236819	0.0762080730306188
0.16045117802105	0.0401558290866076
-0.544038098124227	0.204549461860792
0.130534492586352	0.0556874732872
-0.734865258526109	0.250732421647056
1.5524442422019	0.753203287410312
-1.14088544605048	0.344426431780091
-0.168760743646406	0.0604728682433177
-4.01558169607127	1.72750624811894
-0.739003822726622	0.252222384495429
1.02422162940792	0.382079227006262
-0.5431188895219	0.204245277624117
0.426188529242061	0.168158662567646
2.75807933893485	0.764710363024488
0.155067569950451	0.0290355764553768
0.143132619682455	0.0420748163550394
-0.628164901903538	0.15157555358925
0.660347295989593	0.207462296247491
1.55713813466701	0.756332773751855
1.8138222857108	0.70292085392477
-0.171546284974738	0.0614263022767799
0.131900506227203	0.0562878352351733
0.886944573431526	0.470889744115218
1.04917157105215	0.498568781838382
1.04968809060783	0.498914343791501
1.0466925841433	0.497144343266033
2.75641316563256	0.763778311858285
0.948337549654709	0.248516516252871
0.374019062828365	0.165791509559394
-0.800467332140471	0.436333905099233
1.31275235192293	0.563405500186811
1.30842279896953	0.560888896280948
0.375581739818815	0.166553161927003
-0.628164901903538	0.15157555358925
0.16045117802105	0.0401558290866076
-1.83232400582308	0.740448880550104
-2.08553743334962	0.941412888325459
2.09936716295541	0.923201539626781
0.665789826193136	0.305820336162944
-0.243005367486847	0.0781807445892085
-1.52955481711501	0.543641482939636
-0.363196548838041	0.104223897327175
2.54392429932058	1.37700533086051
-1.52926336424741	0.543358625626883
1.31543636736156	0.564668618767136
-0.165650631391215	0.0593414877038015
0.948768757521975	0.248549269795159
1.95731570776637	0.441000340195791
0.94820175004088	0.248479682375772
0.801084517559327	0.329506929263352
-0.35569023027487	0.10209347470967
-3.46702762063817	1.23112270337757
0.155067569950451	0.0290355764553768
0.14255281745336	0.0418775195715754
-1.14171114622793	0.344693702322242
0.658448437247608	0.206865271021461
-1.14088544605048	0.344426431780091
-1.14559783756009	0.346052129596875
-1.1414839653338	0.344622990730584
0.155111385030128	0.0290417527313876
-1.51627074165718	0.764944689823934
0.130275387420614	0.0433068776559506
1.45138090115721	0.478568850670936
0.50952600895777	0.179673416398791
1.55620078746038	0.756212440653057
-0.355401168227563	0.102014834884787
0.144138136643148	0.0423508720464565
-1.52614082474697	0.541895090059418
-3.08203048704882	0.947509650360219
0.658157600688591	0.206837664845118
-0.738079783119958	0.251987608125061
1.31218528243788	0.56311122145944
-1.19082781696903	0.665975116345565
4.16544558167092	1.96422252025176
0.803055311396109	0.330423388744012
3.92694117717927	1.70243676685084
-0.239565596492154	0.0770626405707141
0.144054213480702	0.0423469198905259
-0.626075023442282	0.151167646950723
3.63629792702422	1.42164529184574
0.427726139064257	0.168841338822495
0.65757421006213	0.206588655278929
3.26631056571709	1.10328266544307
2.75641316563256	0.763778311858285
1.44509906384746	0.476148552116978
3.6326714041979	1.41965046916025
1.95988292961267	0.441702177751728
3.92694117717927	1.70243676685084
1.95988292961267	0.441702177751728
1.45174463580423	0.478561109172125
1.0190295579627	0.379719734867384
3.26224218729945	1.1009233569627
1.76380162310955	0.967438028830762
0.154465593370314	0.0289479903375428
1.55861485722101	0.757688140819901
2.3392177093588	1.14668438820198
-1.14499995487719	0.345855392571373
1.02329749324129	0.381582146499257
-0.537020300726747	0.201726380349835
-0.622873965072891	0.297999365421546
1.31275235192293	0.563405500186811
0.801786885039242	0.329686341918844
1.31218528243788	0.56311122145944
1.31253456967921	0.563091330038175
0.803620921341924	0.330666152724973
-0.626075023442282	0.151167646950723
-0.325777269541973	0.150210725398921
1.81264504950119	0.702404900566408
-0.236072750277141	0.0759464812223969
0.880085834837522	0.465830263044958
0.516197868156601	0.182070276152868
-0.540010421209968	0.202885751343567
-2.65589294808244	1.62177538987332
-0.54346877962796	0.204399150899749
0.513297440290374	0.181056085890725
0.701124624924488	0.459775838699935
2.10543731746934	0.926718487222265
1.81264504950119	0.702404900566408
3.26284822825054	1.10169382604423
0.882277710369227	0.467928065247585
0.802840016253824	0.330197869326294
1.02617238539361	0.38275777208832
0.798676159728442	0.328314833787517
0.15963091503218	0.0399802605532864
0.5126703877852	0.180806312829072
0.948768757521975	0.248549269795159
-1.53013794503811	0.543725951296145
0.657866689740957	0.206670742493303
-2.48916849767719	1.37756053367297
-0.236642536873473	0.0761450888689269
1.95786695174359	0.441149378722158
1.44862736407577	0.477555630338169
0.162952579336367	0.0406858836130456
-0.358852053011674	0.102979336804101
1.31275235192293	0.563405500186811
3.26345542626113	1.10199860979414
0.157325350109871	0.02936446462458
1.02271178737872	0.381316878019672
1.44958631087756	0.477702557005987
0.658741078701816	0.207014004441108
-0.628867026021838	0.151670609188118
-0.35569023027487	0.10209347470967
1.0465573597421	0.496941985086031
-1.30925066930692	0.585413938456037
-0.738748567012076	0.252134640052989
-3.08216231491203	0.947551973079846
0.159859477622278	0.0400192334307773
2.09962019368326	0.923638574732708
0.144054213480702	0.0423469198905259
2.75520320904554	0.763197913000704
0.160813493636874	0.0402291855562724
-1.29550136568035	0.577481337553921
-0.741510950758259	0.253188727186893
-2.57669595250488	0.657559862268914
-1.53105076095787	0.544124626485143
0.947635845528227	0.248244973505163
0.160813493636874	0.0402291855562724
-0.354519585455166	0.101776151388844
2.10114269367742	0.924635433318668
-0.63185471444008	0.152466960619287
1.02422162940792	0.382079227006262
0.657179529610805	0.206320016652676
0.124488256386008	0.0469611145656188
1.02363521199244	0.381873400117373
-2.57660997484294	0.657538252319339
0.139684630056245	0.0411185419267414
1.38455334755268	1.06798069800504
0.799239343613409	0.328591622299045
1.95786695174359	0.441149378722158
-2.5766529574574	0.657773148602288
0.801855724958264	0.329978129287869
3.63331351050508	1.42008896661082
0.948768757521975	0.248549269795159
-0.628733247343677	0.151688343674084
0.160583229502904	0.0401661733691417
0.129868142847707	0.048914965567742
0.658448437247608	0.206865271021461
0.774178163234416	0.45972220708713
0.140948251392809	0.041458274749763
0.50776496866365	0.179019570667438
1.31183590793173	0.562694726030807
1.25215742453943	0.676830136259227
0.660638687988492	0.207526442563452
0.425497080140127	0.167863861612803
-0.236319399670092	0.0760645410533321
1.02617238539361	0.38275777208832
-0.168663393721381	0.0603724956040683
-1.04453512123014	0.411299191300165
-0.631994988626399	0.152498044571477
1.31240282325545	0.562988742832529
-0.240410025521882	0.0773316206983627
-2.0888812011404	0.943710245621911
1.55152601933111	0.752759870414717
-0.353207074434312	0.101406886597049
0.425842843580689	0.168023318876402
0.657283842665822	0.20642210460759
0.806031822454127	0.331901204294119
2.10577777041247	0.92695430431462
-0.237783836658627	0.0764730781037413
-0.415116620386652	0.172916119993669
-1.04021595924619	0.409215240728406
-0.737154567775087	0.251538686589487
-0.355401168227563	0.102014834884787
2.72578399363787	1.63627178086611
0.94820175004088	0.248479682375772
3.6326714041979	1.41965046916025
0.657866689740957	0.206670742493303
2.10636939831221	0.927285990182235
3.26284822825054	1.10169382604423
0.144054213480702	0.0423469198905259
0.512103476504473	0.180655514559587
0.154465593370314	0.0289479903375428
-3.76137421922742	1.48226291907169
0.162357836679133	0.0405597098553547
0.658157600688591	0.206837664845118
-0.628299579656606	0.151558046801791
1.95786695174359	0.441149378722158
-0.232326150568762	0.0747848072087388
-0.354229439997714	0.101697261087168
-0.736131442714986	0.251191396874175
0.141195201809473	0.0415167743660916
1.55507391974261	0.755498369683247
1.44958631087756	0.477702557005987
0.881701739718082	0.466907949847724
0.131682648363566	0.0437604593152334
1.81176507224111	0.701716027060748
0.670571388016324	0.308341959138758
2.10080345028195	0.924400736993524
1.55770066431938	0.756785003922843
-0.628164901903538	0.15157555358925
1.04634616178494	0.496931093386432
0.511187733730715	0.180331422147582
-0.546156558129354	0.205464884972569
0.660932155782147	0.207694635746326
1.02363521199244	0.381873400117373
-3.08216231491203	0.947551973079846
1.44862736407577	0.477555630338169
0.947770742439721	0.248281535275256
0.162357836679133	0.0405597098553547
0.126537481835482	0.0540219075248714
-0.237783836658627	0.0764730781037413
-0.354815349846941	0.101888689175609
-1.29894971744328	0.579925756370133
-1.14111344283696	0.344497381350969
-1.29515319796898	0.577477426894068
0.801855724958264	0.329978129287869
0.658157600688591	0.206837664845118
0.15963091503218	0.0399802605532864
0.154509067766894	0.0289541162362231
2.75520320904554	0.763197913000704
0.659324643575319	0.207123110468657
0.950858461556905	0.2491584305819
0.133528954864751	0.044333899674477
-0.421405550621989	0.175887918722605
0.135147068183463	0.0448731525122335
0.511187733730715	0.180331422147582
-0.234534484549801	0.0754746413023498
-0.236319399670092	0.0760645410533321
0.669715508406058	0.307763797286233
-0.54346877962796	0.204399150899749
0.804902320215242	0.331341314716319
1.02709860167831	0.383182847467804
1.44981862951738	0.477799018830262
1.81294103662311	0.70256079058948
1.44899109330448	0.477667123734845
0.948337549654709	0.248516516252871
-1.83199158756097	0.740532814070127
0.948905461162112	0.248586345985544
0.669552643528324	0.308070987336909
1.814860828926	0.70324597733131
0.146922191196889	0.0431076767472804
1.0238833519431	0.381787644807647
0.134446827346684	0.044648821058174
0.129916076947615	0.0554206976348945
-3.45945095257726	1.22747869975084
1.02214625298213	0.381008988602194
1.0239728358881	0.381885834911352
-0.354519585455166	0.101776151388844
-1.0001037668499	0.493752779623566
0.950287720870208	0.248999740475732
0.428499118546633	0.169166907815334
1.55230573373748	0.753147839021799
0.160813493636874	0.0402291855562724
0.127034429174404	0.0542905008022168
0.140948251392809	0.041458274749763
-0.12075997380286	0.0480297290129821
0.129346968723243	0.0430094917251188
-1.52614082474697	0.541895090059418
-0.355979365614545	0.102141358762928
-2.0842635823597	0.940591792243383
1.04746072672504	0.497700711342051
0.139248581987656	0.0668141785409158
0.16045117802105	0.0401558290866076
-0.352328640216398	0.101201570764145
-1.18554156921173	0.661825405236208
1.04648273437524	0.496746751219813
-1.83132702405761	0.74028277145384
0.510967914253512	0.180245566763838
0.658157600688591	0.206837664845118
3.63395648950567	1.42026036401428
-1.04056236968378	0.409373067940558
-3.08216231491203	0.947551973079846
2.10345763612533	0.92603048253316
-0.354815349846941	0.101888689175609
-0.113940536103998	0.0453592768616862
0.658448437247608	0.206865271021461
1.44839669376933	0.477459847846965
1.02363521199244	0.381873400117373
0.146584487246171	0.0430023159110844
0.660347295989593	0.207462296247491
0.802489056255948	0.330144551890374
1.31196676791469	0.562729963486004
1.25532341893513	0.679585273431595
0.802489056255948	0.330144551890374
0.810767275232633	0.333808907492106
-0.240627572806769	0.0774207528438286
1.81574571371452	0.703837629137609
4.16793953393336	1.96626606855667
2.33527403839181	1.14369090689666
-0.236519085872564	0.0760782981535278
0.658449623497539	0.206846818911275
1.02304894811125	0.381607715308403
0.948337549654709	0.248516516252871
0.5126703877852	0.180806312829072
0.87388887239032	0.462227316778665
1.81294103662311	0.70256079058948
-0.737489374761453	0.251678150254292
-0.354229439997714	0.101697261087168
0.154311934860129	0.0289593414864238
0.424935770305415	0.167621556044747
-0.114798840995251	0.0456854313144561
0.157370411029726	0.0293708256249034
1.44922258720914	0.477763268309402
2.33785384704991	1.14562321252435
0.802489056255948	0.330144551890374
-0.930061742503662	0.684796241279196
1.02592340208434	0.382810966482796
0.658448437247608	0.206865271021461
2.75641316563256	0.763778311858285
-0.168663393721381	0.0603724956040683
0.160221796316651	0.0401166927693931
0.426403404838852	0.16824819606602
-0.746468959039539	0.255084183402722
2.75580772001712	0.763760469153332
0.511187733730715	0.180331422147582
0.945072510336007	0.247668267417156
1.4480329582247	0.477161868008032
0.158797898832415	0.0397350165406265
0.65757421006213	0.206588655278929
-1.80123754984197	0.383647112861273
1.31070034384838	0.56184147035493
0.516414683304658	0.182180363838712
-0.632563406792844	0.152610991116788
0.943937640725668	0.24736392993685
1.45174463580423	0.478561109172125
0.948337549654709	0.248516516252871
1.81235300959058	0.702242876396542
0.804336592371997	0.330963349185792
-0.556518203003994	0.35587984056935
0.510399267871221	0.17998283956174
0.131463990676715	0.0437015090033304
1.44839669376933	0.477459847846965
0.425065527869463	0.167656114427908
-0.415183675733752	0.172968540362155
1.02499638904051	0.382165912389253
0.656894206098884	0.206287716765961
2.10543731746934	0.926718487222265
2.75580772001712	0.763760469153332
-0.355401168227563	0.102014834884787
0.154465593370314	0.0289479903375428
1.95731570776637	0.441000340195791
0.145995384957952	0.042836480378728
0.128782523982544	0.0428430922951178
1.02651128578825	0.383050193875148
0.130658069144789	0.0492298941542097
-0.809790685121301	0.443227585332495
0.14556417703739	0.0427370982099398
0.160813493636874	0.0402291855562724
0.161043695584893	0.0402684742968713
-0.628867026021838	0.151670609188118
0.513516136888496	0.181178716343693
0.659324643575319	0.207123110468657
0.159992352718576	0.0400538861334557
1.45174463580423	0.478561109172125
-0.785941854072081	0.340646515205131
-0.412526907999635	0.171766273135573
4.16921395377231	1.96613153904457
-0.358557998384515	0.10292132426425
0.512103476504473	0.180655514559587
0.144640697621443	0.0425017414545061
1.0472501359547	0.497556503187299
-1.04221071709325	0.410198911511082
1.8135291528185	0.702758164322864
-3.76471792016279	1.48446146627735
-1.13849635482287	0.34354887893789
3.26345542626113	1.10199860979414
2.72277391143415	1.63231901735076
0.660638687988492	0.207526442563452
1.44922258720914	0.477763268309402
0.948768757521975	0.248549269795159
0.509175451887884	0.179500092399481
1.81294103662311	0.70256079058948
-1.83530553524322	0.742418988109019
-0.735201728577998	0.25087231236032
1.55450950666522	0.755013474046303
1.31486971476921	0.564331716989034
1.8135291528185	0.702758164322864
0.657866689740957	0.206670742493303
0.947635845528227	0.248244973505163
0.15963091503218	0.0399802605532864
0.658157600688591	0.206837664845118
-0.628867026021838	0.151670609188118
-2.5766529574574	0.657773148602288
2.09995861282333	0.923872580873855
1.95786695174359	0.441149378722158
0.426403404838852	0.16824819606602
1.44922258720914	0.477763268309402
3.9275816800867	1.70263786398349
1.02363521199244	0.381873400117373
-4.419586339886	2.21928020280036
1.8138222857108	0.70292085392477
0.511535984561553	0.180463547184556
0.140948251392809	0.041458274749763
-1.00395217666584	0.496433034650267
-0.358557998384515	0.10292132426425
0.805467397708516	0.331643487494376
0.947635845528227	0.248244973505163
1.31275235192293	0.563405500186811
0.950858461556905	0.2491584305819
1.81205656672306	0.701877636994275
0.661517102334111	0.207824976675168
0.146332921310034	0.0429416898033695
2.75580772001712	0.763760469153332
-2.57963910438406	0.659061212358043
0.950858461556905	0.2491584305819
-0.355112179440658	0.101904546481095
1.95731570776637	0.441000340195791
1.8138222857108	0.70292085392477
0.948905461162112	0.248586345985544
-0.234090861009704	0.0753429614422092
-3.45922605387697	1.22727228815634
-0.240976410898063	0.0775300306973211
-1.83504104592481	0.742292078332567
0.658448437247608	0.206865271021461
-0.735458723618684	0.250947808327744
-3.45945095257726	1.22747869975084
1.45138090115721	0.478568850670936
-1.79839614394125	0.382877807711208
1.44981862951738	0.477799018830262
0.16045117802105	0.0401558290866076
-3.08556356757563	0.949512459473102
-0.628599509856641	0.151612619227975
0.161043695584893	0.0402684742968713
3.26345542626113	1.10199860979414
0.144976980831471	0.0425943260188831
0.160813493636874	0.0402291855562724
2.75580772001712	0.763760469153332
0.948905461162112	0.248586345985544
1.43633551372502	0.880259488778094
-0.237212899766669	0.0763212805777045
-0.119629156304863	0.0475743424904282
0.371183235649807	0.164508752405401
4.37308121738766	2.22561534970761
-0.625430537103922	0.299764003396603
0.702028884218045	0.461011580665152
-0.338680600262399	0.205202380532824
1.8138222857108	0.70292085392477
0.147007749076803	0.0431148554966707
0.421270140467149	0.166129444830307
-0.359435145573547	0.103170722743079
1.44899109330448	0.477667123734845
0.371241121847868	0.164587159709047
4.55656955303875	2.49964018162588
0.798324210831681	0.328230166540438
0.133301116726748	0.0442849463266127
-1.2948051112795	0.577362423726676
0.511884149147493	0.180536056250855
0.67150187758438	0.308828121931979
0.160813493636874	0.0402291855562724
0.156304884454214	0.0392194704826931
-2.5766529574574	0.657773148602288
-1.52439405688463	0.541142934209623
0.511535984561553	0.180463547184556
1.81323362267005	0.702723165703649
1.81886023461405	0.704877804186235
0.141195201809473	0.0415167743660916
-0.237212899766669	0.0763212805777045
-0.358848207258787	0.103009197892419
1.81515619836297	0.703574555319196
0.948768757521975	0.248549269795159
0.144054213480702	0.0423469198905259
0.144389940892798	0.0424393237157952
0.159992352718576	0.0400538861334557
1.31777492346909	0.565684040805599
2.75580772001712	0.763760469153332
0.142892234362748	0.0419793224062305
-1.14536534536015	0.34589005605433
0.94820175004088	0.248479682375772
0.947635845528227	0.248244973505163
-0.735201728577998	0.25087231236032
-1.82908274045033	0.738883204958362
0.94820175004088	0.248479682375772
1.44899109330448	0.477667123734845
0.156304884454214	0.0392194704826931
0.137076726975463	0.0454574356683616
0.948337549654709	0.248516516252871
0.16045117802105	0.0401558290866076
3.26406378444313	1.10187162962723
1.02363521199244	0.381873400117373
0.155067569950451	0.0290355764553768
0.950426851449918	0.249037516760643
2.54614231756351	1.37953151874953
0.152050960400409	0.028630259939513
0.948337549654709	0.248516516252871
0.94820175004088	0.248479682375772
2.75520320904554	0.763197913000704
0.947770742439721	0.248281535275256
-0.167880062254655	0.0601000389710004
0.154465593370314	0.0289479903375428
-1.52468217246603	0.541450953371581
0.163185820804974	0.0407257646525502
-2.5766529574574	0.657773148602288
0.152050960400409	0.028630259939513
-3.08203048704882	0.947509650360219
-2.57669595250488	0.657559862268914
-1.52497036065527	0.541612586959632
-2.57660997484294	0.657538252319339
-3.45967591146264	1.22746502283364
-3.46299441124492	1.22953362528533
-0.36349392970535	0.104306676026293
0.160221796316651	0.0401166927693931
0.15963091503218	0.0399802605532864
-0.240976410898063	0.0775300306973211
0.431627491838122	0.170469918195788
1.04801697819616	0.498004473628131
1.44450447975593	0.475941549703467
0.162952579336367	0.0406858836130456
-0.355394630173918	0.102015543768339
1.0239728358881	0.381885834911352
0.660347295989593	0.207462296247491
-0.735538279411364	0.250976055861043
-4.01259254724387	1.72469983017164
3.26284822825054	1.10169382604423
0.156304884454214	0.0392194704826931
2.75580772001712	0.763760469153332
1.31473628244331	0.564270657565622
0.13656660731672	0.0402314592662008
-0.237559934502149	0.0764246711906185
0.145995384957952	0.042836480378728
-0.628030265547787	0.151499678636842
1.81574571371452	0.703837629137609
-3.08189869996978	0.9470994296719
0.947770742439721	0.248281535275256
0.657866689740957	0.206670742493303
1.95786695174359	0.441149378722158
2.75807933893485	0.764710363024488
0.450255974886891	0.326095733992809
0.420923941760099	0.16593978696762
-1.18359312070861	0.660393195874088
-0.196985158550697	0.106667403967369
0.469851032688577	0.320284327511461
0.339758566383255	0.169487309376746
-0.503799839753861	0.381702777669886
-0.113016151489276	0.0670203001671041
0.790491446328213	0.625938082142638
0.64417611086088	0.583668197315958
-1.94048684531849	1.92052792362836
0.775381791218634	0.461278768273716
0.370326825020082	0.164116205224483
-0.237212899766669	0.0763212805777045
1.55486158244648	0.754948133287252
0.948905461162112	0.248586345985544
0.15963091503218	0.0399802605532864
-1.1412568453231	0.344431220445032
0.15963091503218	0.0399802605532864
0.948337549654709	0.248516516252871
0.157325350109871	0.02936446462458
0.94820175004088	0.248479682375772
1.44725524543057	0.476951096350534
1.6038976207751	1.10940156497452
3.26284822825054	1.10169382604423
-1.14088544605048	0.344426431780091
2.75807933893485	0.764710363024488
-0.628733247343677	0.151688343674084
-1.79839614394125	0.382877807711208
3.26406378444313	1.10187162962723
0.155067569950451	0.0290355764553768
3.26224218729945	1.1009233569627
-1.79840965860499	0.382877827643389
-0.358557998384515	0.10292132426425
0.950858461556905	0.2491584305819
0.160221796316651	0.0401166927693931
-1.79840965860499	0.382877827643389
0.94820175004088	0.248479682375772
-1.79839614394125	0.382877807711208
-3.08189869996978	0.9470994296719
1.02626205148491	0.382823634565729
0.155111385030128	0.0290417527313876
1.95786695174359	0.441149378722158
3.26569824690609	1.10327543173781
1.95731570776637	0.441000340195791
0.947635845528227	0.248244973505163
1.95786695174359	0.441149378722158
1.95786695174359	0.441149378722158
-0.628867026021838	0.151670609188118
0.155111385030128	0.0290417527313876
0.1330827989725	0.0442077225266119
0.144725574883443	0.0425191258680454
3.26569824690609	1.10327543173781
1.95786695174359	0.441149378722158
-3.08556356757563	0.949512459473102
-0.74243876954869	0.25362235352836
0.94820175004088	0.248479682375772
-1.79839614394125	0.382877807711208
-2.5766529574574	0.657773148602288
-0.63185471444008	0.152466960619287
0.155111385030128	0.0290417527313876
0.948768757521975	0.248549269795159
0.15144823932183	0.0285426379557898
1.95786695174359	0.441149378722158
1.95731570776637	0.441000340195791
2.75580772001712	0.763760469153332
0.772888775786913	0.458621992619318
-0.737824274342293	0.251781339210884
0.146922191196889	0.0431076767472804
0.511187733730715	0.180331422147582
-0.999825864716523	0.493946054521897
1.81604086904786	0.704001590638153
-3.76137421922742	1.48226291907169
-2.5766529574574	0.657773148602288
1.95731570776637	0.441000340195791
-1.79839614394125	0.382877807711208
-1.79839614394125	0.382877807711208
-1.79840965860499	0.382877827643389
-1.80123754984197	0.383647112861273
-1.79839614394125	0.382877807711208
0.154465593370314	0.0289479903375428
0.159992352718576	0.0400538861334557
0.154509067766894	0.0289541162362231
0.160221796316651	0.0401166927693931
-1.79839614394125	0.382877807711208
2.75520320904554	0.763197913000704
0.154509067766894	0.0289541162362231
2.75641316563256	0.763778311858285
0.190045870791955	0.162382982554023
0.262748478677811	0.247878692408179
1.31310179325084	0.563385616536445
1.06467715805871	0.644478179892282
0.011425660499493	0.00793572247560541
0.885519891317285	1.21415099417533
0.803620921341924	0.330666152724973
1.07948733864317	1.37176346650957
0.283318612414411	0.231293827640657
2.10250928059236	1.43681661284035
1.35707359457519	1.25792684205974
0.354510446319092	0.321481289957556
0.428294140778539	0.326110517198893
-0.538827794981425	0.617258775748972
-0.184015220286856	0.123311422321737
0.147259813410519	0.0432007445014279
0.128338588542606	0.0483629401375905
-0.118522789236604	0.0470958686716323
0.155067569950451	0.0290355764553768
1.95731570776637	0.441000340195791
0.157325350109871	0.02936446462458
0.152050960400409	0.028630259939513
0.154465593370314	0.0289479903375428
1.95731570776637	0.441000340195791
0.154509067766894	0.0289541162362231
0.947770742439721	0.248281535275256
0.948337549654709	0.248516516252871
2.75868832531345	0.765017792149168
0.152050960400409	0.028630259939513
-1.79839614394125	0.382877807711208
-1.79839614394125	0.382877807711208
1.95786695174359	0.441149378722158
0.155067569950451	0.0290355764553768
2.75520320904554	0.763197913000704
2.75868832531345	0.765017792149168
1.95786695174359	0.441149378722158
-1.79839614394125	0.382877807711208
-0.628867026021838	0.151670609188118
-0.62621301873586	0.15115097520137
2.75641316563256	0.763778311858285
2.75641316563256	0.763778311858285
1.95731570776637	0.441000340195791
3.63629792702422	1.42164529184574
-1.79840965860499	0.382877827643389
1.95786695174359	0.441149378722158
2.10286507825917	0.92563188054431
1.95786695174359	0.441149378722158
3.26345542626113	1.10199860979414
-0.628299579656606	0.151558046801791
0.155111385030128	0.0290417527313876
0.950858461556905	0.2491584305819
0.155713854733082	0.0390835596706886
1.95786695174359	0.441149378722158
1.8138222857108	0.70292085392477
0.948337549654709	0.248516516252871
1.95731570776637	0.441000340195791
2.75868832531345	0.765017792149168
0.155067569950451	0.0290355764553768
-1.79839614394125	0.382877807711208
1.95731570776637	0.441000340195791
-1.80123754984197	0.383647112861273
0.950858461556905	0.2491584305819
-1.83902639389835	0.744207122858341
2.75641316563256	0.763778311858285
3.26345542626113	1.10199860979414
0.776074739695724	0.461198500424292
0.802138012530807	0.329972517070534
1.54772454303117	0.750267453926655
0.943937640725668	0.24736392993685
0.162357836679133	0.0405597098553547
1.04591688407727	0.496764913557561
0.132382889280095	0.0439989008298304
-1.52527766014307	0.541726073904961
1.31110478579583	0.562358978556018
0.659324643575319	0.207123110468657
0.155067569950451	0.0290355764553768
-2.5766529574574	0.657773148602288
-2.5766529574574	0.657773148602288
-1.79840965860499	0.382877827643389
-1.79840965860499	0.382877827643389
-2.5766529574574	0.657773148602288
0.155067569950451	0.0290355764553768
-2.5766529574574	0.657773148602288
-1.79839614394125	0.382877807711208
-1.79839614394125	0.382877807711208
1.95988292961267	0.441702177751728
-2.57660997484294	0.657538252319339
1.95731570776637	0.441000340195791
0.880085834837522	0.465830263044958
0.173148388615925	0.112908397086082
0.732461835855232	0.612175498257498
0.283779036587695	0.222892392441763
0.139542963985349	0.0669682425041542
0.849260881974389	0.624995949276597
-0.963322830736449	0.593182240234578
0.132164012775708	0.0439252834614193
1.26262024373977	0.684941633391549
-0.326080905120294	0.150357677981339
0.510089510074648	0.179877546335957
0.656311070885642	0.206056768558202
-0.237437039825944	0.0763599123457812
0.153279132821243	0.0813292288133733
-1.3488998728741	0.847090592602405
1.8166310232947	0.704051562387115
0.157325350109871	0.02936446462458
-1.83072704109891	0.739930594937107
1.55265783773452	0.753699130068357
0.658157600688591	0.206837664845118
-0.234659925712008	0.0755339906287207
1.55528546656109	0.755344535013972
0.154509067766894	0.0289541162362231
0.146670376003709	0.0430346600388633
-1.0465244135449	0.412299764954399
1.81235300959058	0.702242876396542
1.8135291528185	0.702758164322864
0.14556417703739	0.0427370982099398
-0.628733247343677	0.151688343674084
2.75580772001712	0.763760469153332
0.157370411029726	0.0293708256249034
1.31126841403568	0.56233368703482
0.653540010885453	0.205185988936824
0.147848686423209	0.0433479015633612
1.95786695174359	0.441149378722158
-0.354815349846941	0.101888689175609
-1.1406575104342	0.344234513147494
1.44725524543057	0.476951096350534
-1.1413415008172	0.344450233445194
-0.74130359144273	0.253017545263874
-1.79840965860499	0.382877827643389
3.26284822825054	1.10169382604423
-0.738079783119958	0.251987608125061
-1.79839614394125	0.382877807711208
-1.79840965860499	0.382877827643389
3.26284822825054	1.10169382604423
1.95786695174359	0.441149378722158
0.510619816865865	0.180113549991954
-3.45945095257726	1.22747869975084
-0.628164901903538	0.15157555358925
-0.628030265547787	0.151499678636842
1.02651128578825	0.383050193875148
-1.79840965860499	0.382877827643389
1.44839669376933	0.477459847846965
0.952960668065698	0.249631740841768
3.92580672554595	1.70065833032814
0.950858461556905	0.2491584305819
2.75520320904554	0.763197913000704
1.45138090115721	0.478568850670936
3.26631056571709	1.10328266544307
0.657864503304789	0.206616146564203
3.26284822825054	1.10169382604423
-1.79839614394125	0.382877807711208
0.659616568882323	0.207151031447049
-3.4599009305559	1.22709220959572
1.95731570776637	0.441000340195791
3.26284822825054	1.10169382604423
-2.57669595250488	0.657559862268914
-2.5766529574574	0.657773148602288
-0.738079783119958	0.251987608125061
2.75868832531345	0.765017792149168
0.157325350109871	0.02936446462458
1.95786695174359	0.441149378722158
1.308210147198	0.560788489886055
0.143467885183021	0.0421790290070851
0.132951093876262	0.0441757525557606
1.31139839023769	0.562237305599265
-1.18341374103987	0.659766839734254
-3.08556356757563	0.949512459473102
0.660932155782147	0.207694635746326
0.669975753795622	0.30798845763185
1.88924039977932	1.62401452269469
1.81294103662311	0.70256079058948
-0.236865950236819	0.0762080730306188
0.657477424666525	0.20641752360443
0.953104063529892	0.24967071820883
-0.632563406792844	0.152610991116788
2.75807933893485	0.764710363024488
0.161043695584893	0.0402684742968713
-1.79839614394125	0.382877807711208
0.948905461162112	0.248586345985544
0.154509067766894	0.0289541162362231
1.95786695174359	0.441149378722158
-0.628867026021838	0.151670609188118
2.75520320904554	0.763197913000704
1.02304894811125	0.381607715308403
2.75868832531345	0.765017792149168
3.26284822825054	1.10169382604423
0.140948251392809	0.041458274749763
0.130323873520588	0.0491059528446299
0.187484303324189	0.16871226915402
-0.0225456195071355	0.0149108889031672
0.179070590123786	0.143090906643101
-0.196320025917112	0.152591366707642
0.042294929352936	0.024627773236504
-0.00111854280556098	0.000717553629576717
0.535337683902321	0.309116262791333
-0.468468008482062	0.314355643524444
0.299078362035777	0.205523567310543
0.461257415505691	0.440780277854125
0.881433267470284	0.467217588908144
0.802489056255948	0.330144551890374
0.511315925469962	0.180318053690652
0.579088357762317	0.298382177179021
0.72539818813137	0.604196221202329
-0.0135677107495504	0.00683397082323186
1.13062511156229	1.15771185348383
0.288593848801607	0.217707425037802
0.472805810730595	0.322728059070437
0.425842843580689	0.168023318876402
-1.1406575104342	0.344234513147494
1.43575980104164	0.878405357792239
4.37117058796747	2.22329777919763
-1.79840965860499	0.382877827643389
4.54903770256378	2.49044092574637
0.154465593370314	0.0289479903375428
-3.76894933168033	1.48672161607666
-1.14111344283696	0.344497381350969
-1.04347763338354	0.410675434748757
-1.52556530925699	0.541887546993991
0.156304884454214	0.0392194704826931
-0.242459551461214	0.077947382082456
0.950287720870208	0.248999740475732
2.75807933893485	0.764710363024488
-2.5766529574574	0.657773148602288
0.945072510336007	0.247668267417156
1.81886023461405	0.704877804186235
3.26406378444313	1.10187162962723
1.8138222857108	0.70292085392477
1.44981862951738	0.477799018830262
0.145900922770069	0.0428171507649781
-1.14536534536015	0.34589005605433
0.155111385030128	0.0290417527313876
1.0282187103729	0.383542758401815
0.804551193439478	0.331168980919484
-2.30510991052137	1.15171940932676
0.803269824230379	0.33049399469318
1.95731570776637	0.441000340195791
0.161043695584893	0.0402684742968713
-3.4599009305559	1.22709220959572
2.75580772001712	0.763760469153332
-3.45967591146264	1.22746502283364
1.02422162940792	0.382079227006262
-2.5766529574574	0.657773148602288
-0.238130718624198	0.0765764115230572
1.95731570776637	0.441000340195791
1.4480329582247	0.477161868008032
-0.628164901903538	0.15157555358925
-0.325606788605036	0.150305368250002
1.45078261646269	0.478218161496633
0.948905461162112	0.248586345985544
2.75580772001712	0.763760469153332
1.95731570776637	0.441000340195791
1.95731570776637	0.441000340195791
0.160583229502904	0.0401661733691417
-0.350128602099817	0.100573869045266
-2.5766529574574	0.657773148602288
0.160583229502904	0.0401661733691417
3.26284822825054	1.10169382604423
-0.62621301873586	0.15115097520137
0.947635845528227	0.248244973505163
0.650927958296355	0.204183865095431
0.650927958296355	0.204183865095431
1.81826867111223	0.704762090721195
1.44450447975593	0.475941549703467
1.95731570776637	0.441000340195791
0.12913352992743	0.0429550272454785
0.948768757521975	0.248549269795159
1.31600243356677	0.564924856678145
0.423194539981807	0.321525811247334
0.527347046937738	0.303580292355027
-0.735201728577998	0.25087231236032
0.525602206025362	0.302714159025743
0.425627365203623	0.167916299468516
0.309100537428315	0.186536927045681
-1.52497036065527	0.541612586959632
-0.354519585455166	0.101776151388844
0.657864503304789	0.206616146564203
0.372837785151391	0.165167314397746
0.0470491998024387	0.0290201996182498
0.136280534534393	0.0452223830753287
-1.14559783756009	0.346052129596875
0.161043695584893	0.0402684742968713
1.95786695174359	0.441149378722158
-0.628599509856641	0.151612619227975
-0.626075023442282	0.151167646950723
3.26284822825054	1.10169382604423
1.95731570776637	0.441000340195791
-1.79840965860499	0.382877827643389
-1.0392951647518	0.408752694954169
0.155067569950451	0.0290355764553768
-1.79840965860499	0.382877827643389
-1.80123754984197	0.383647112861273
-0.236642536873473	0.0761450888689269
0.947770742439721	0.248281535275256
-0.632424041671007	0.152580102364835
-3.08189869996978	0.9470994296719
1.81323362267005	0.702723165703649
-3.08556356757563	0.949512459473102
2.75807933893485	0.764710363024488
2.75641316563256	0.763778311858285
-0.694967242968659	0.556176951724675
-0.622602514066325	0.297951287862419
1.04299616753743	0.494514424164666
-0.325147943448607	0.149885751509845
-0.417764990192744	0.174212377460942
-1.85814888087445	1.1660283918281
-0.745882213757673	0.254774193994342
-2.30441435077628	1.15122076767449
0.671166583876549	0.308670070263109
-3.46299441124492	1.22953362528533
0.155111385030128	0.0290417527313876
3.26284822825054	1.10169382604423
0.948337549654709	0.248516516252871
2.75580772001712	0.763760469153332
0.155111385030128	0.0290417527313876
-3.0857009920368	0.949295045119167
2.75520320904554	0.763197913000704
-1.83530553524322	0.742418988109019
0.948337549654709	0.248516516252871
-3.46322465260564	1.22963503158779
-1.52527766014307	0.541726073904961
0.426474606521104	0.168193145756301
-1.05520468300664	0.416206937149662
-1.52585303078124	0.541962051097293
-0.355104953248248	0.101967480674674
0.145180009462501	0.0425673704481714
0.155067569950451	0.0290355764553768
-0.536101171148354	0.201337796547223
0.154465593370314	0.0289479903375428
0.50776496866365	0.179019570667438
0.146584487246171	0.0430023159110844
-0.328956381540422	0.152030278790754
1.02329749324129	0.381582146499257
0.144304320671072	0.0423970373819599
-4.22581657690928	1.96408199501772
4.71331186808695	2.80793125466839
0.669887108825485	0.308252439258341
1.44862736407577	0.477555630338169
-1.52497036065527	0.541612586959632
0.514431860453614	0.181517099423547
0.132732885510209	0.0441080605497273
-3.76500715654354	1.48473725010782
0.162125356869158	0.0404960611383205
0.141534099969908	0.041600735872343
-1.52556530925699	0.541887546993991
0.948768757521975	0.248549269795159
0.146332921310034	0.0429416898033695
-0.537241703354832	0.201774932174822
-0.739810651859165	0.252595067527066
-1.79840965860499	0.382877827643389
0.66930424577174	0.30749416119693
-1.50897634643426	0.759381379959404
-0.628164901903538	0.15157555358925
-3.45922605387697	1.22727228815634
-0.536892625271128	0.201634766838871
-1.50931959236161	0.759486805982778
0.659032459281836	0.207041754611057
-0.354815349846941	0.101888689175609
-1.50651106541178	0.757648389188625
-0.413914940317443	0.172398209586204
0.799097783580045	0.328494942133771
1.44899109330448	0.477667123734845
0.336436263089051	0.167710583527799
0.6685040593911	0.307362203674464
0.421828677837084	0.166370084244426
-0.506192198893441	0.267533094000495
-1.52556530925699	0.541887546993991
0.143132619682455	0.0420748163550394
3.63565166019344	1.42132833477826
-1.1413415008172	0.344450233445194
0.661517102334111	0.207824976675168
2.75580772001712	0.763760469153332
-0.735122504035354	0.250746836229491
0.132732885510209	0.0441080605497273
1.02363521199244	0.381873400117373
1.04746072672504	0.497700711342051
0.663132334033902	0.208271470068789
0.810884422728548	0.334033388444438
-3.76108876538849	1.48211039032061
0.94820175004088	0.248479682375772
-0.236072750277141	0.0759464812223969
0.50952600895777	0.179673416398791
-2.30441435077628	1.15122076767449
2.75520320904554	0.763197913000704
-0.738670030097319	0.252119567169358
0.513733853850566	0.181194231451746
-0.354815349846941	0.101888689175609
2.75520320904554	0.763197913000704
-1.5082900806176	0.75898051972622
-1.83105982818556	0.740099638711398
-0.356367399040958	0.102345848061694
1.8135291528185	0.702758164322864
-0.354815349846941	0.101888689175609
-2.57660997484294	0.657538252319339
-0.734865258526109	0.250732421647056
0.160221796316651	0.0401166927693931
0.159402290839324	0.0399177124259514
1.44839669376933	0.477459847846965
-3.0857009920368	0.949295045119167
0.51464907727053	0.181544056103037
0.144725574883443	0.0425191258680454
-2.57660997484294	0.657538252319339
0.154465593370314	0.0289479903375428
-0.629906869562113	0.152090136193736
-0.352328640216398	0.101201570764145
0.155111385030128	0.0290417527313876
2.75641316563256	0.763778311858285
0.658741078701816	0.207014004441108
2.75580772001712	0.763760469153332
0.017830160419649	0.0097004034828973
-0.0807708116355571	0.0355216913668977
0.36847538061688	0.163264871053341
-1.03986963329328	0.409012486353307
1.23153812814242	0.845489870760327
-0.240627572806769	0.0774207528438286
-1.34796229008534	0.846753250447306
0.369064887496803	0.16355508921706
-0.53874057789979	0.202401825815006
0.950287720870208	0.248999740475732
0.94820175004088	0.248479682375772
0.425065527869463	0.167656114427908
2.75580772001712	0.763760469153332
0.94820175004088	0.248479682375772
1.95786695174359	0.441149378722158
0.94820175004088	0.248479682375772
-1.79839614394125	0.382877807711208
-1.52955481711501	0.543641482939636
1.95731570776637	0.441000340195791
0.154509067766894	0.0289541162362231
1.95731570776637	0.441000340195791
1.44922258720914	0.477763268309402
0.94820175004088	0.248479682375772
-2.08651667798306	0.942148962041558
0.159992352718576	0.0400538861334557
0.65757421006213	0.206588655278929
0.50952600895777	0.179673416398791
1.31275235192293	0.563405500186811
0.428071608230174	0.168976723678548
0.798535307893646	0.328254107247198
0.880085834837522	0.465830263044958
1.44862736407577	0.477555630338169
-0.537369569369678	0.201808408063057
-0.237559934502149	0.0764246711906185
1.31161763457028	0.562749823451238
1.75824597538546	0.96327545614859
1.31543636736156	0.564668618767136
-0.355394630173918	0.102015543768339
0.428071608230174	0.168976723678548
0.50720087150347	0.178829201945322
0.124601127651265	0.0414946434208037
0.508328475896171	0.179169172392383
0.886297747978178	0.470449920379509
3.92389000551089	1.70054361221532
2.10139563641952	0.924609016057742
-0.628733247343677	0.151688343674084
-0.624824451696218	0.299085257385298
1.81174408502965	0.701697875545868
3.92389000551089	1.70054361221532
1.81294103662311	0.70256079058948
0.420710921124661	0.165871172191323
-1.83165926032039	0.740451579277532
-1.85542204303444	1.16184378502526
3.26569824690609	1.10327543173781
-0.53874057789979	0.202401825815006
-1.29825184667106	0.579597355540298
0.511755072041239	0.180523302881905
0.376227673488516	0.166887584006595
-3.46299441124492	1.22953362528533
0.67381718361366	0.310093898628815
1.5520922495992	0.753268069075162
-0.624837249318542	0.299370553539413
0.673964751021539	0.310376435602029
0.661223086818105	0.207656588437818
0.657866689740957	0.206670742493303
-1.1447666380351	0.34569313996721
0.798324210831681	0.328230166540438
0.658157600688591	0.206837664845118
0.128060503782942	0.0545889581090712
2.10080345028195	0.924400736993524
0.88158540579846	0.466932419228524
-0.168443906364487	0.0602979483615774
1.31530203855702	0.564526657282562
1.44899109330448	0.477667123734845
-0.746468959039539	0.255084183402722
0.506636186737087	0.178613076266429
0.660932155782147	0.207694635746326
-0.628164901903538	0.15157555358925
0.15963091503218	0.0399802605532864
-1.5073757032447	0.758018136888993
-0.355104953248248	0.101967480674674
1.44839669376933	0.477459847846965
-4.41216759171177	2.21071024552937
0.143467885183021	0.0421790290070851
0.947770742439721	0.248281535275256
-1.04721949984211	0.412618976511128
-0.737489374761453	0.251678150254292
0.661223086818105	0.207656588437818
-0.414849585401539	0.172825872337049
0.377463332864578	0.167570032868996
-1.1414839653338	0.344622990730584
-0.11760573864599	0.0467499055716863
0.658449623497539	0.206846818911275
-0.631994988626399	0.152498044571477
-1.52497036065527	0.541612586959632
-1.29515319796898	0.577477426894068
2.10286507825917	0.92563188054431
1.76324747872785	0.966834009915525
-0.354229439997714	0.101697261087168
3.63395648950567	1.42026036401428
0.659032459281836	0.207041754611057
-0.11706780556092	0.0465584081549706
0.67150187758438	0.308828121931979
-1.04232764455762	0.41013375079511
1.02480914386846	0.382191050766977
1.44862736407577	0.477555630338169
0.503199687484611	0.177252156994688
-0.50435518614772	0.266152831092033
-0.231629644038533	0.0745681370593555
0.878909657055808	0.464843492255347
3.63331351050508	1.42008896661082
0.947635845528227	0.248244973505163
-0.628733247343677	0.151688343674084
0.948337549654709	0.248516516252871
3.26631056571709	1.10328266544307
0.162125356869158	0.0404960611383205
1.95731570776637	0.441000340195791
-0.628164901903538	0.15157555358925
0.160813493636874	0.0402291855562724
0.144976980831471	0.0425943260188831
0.144389940892798	0.0424393237157952
2.75520320904554	0.763197913000704
0.16045117802105	0.0401558290866076
0.510839396613925	0.180141996770445
0.124153707844076	0.0468349501941597
0.660932155782147	0.207694635746326
0.124416977957023	0.0469224635455144
-0.119521314129107	0.0475310840819249
0.657866689740957	0.206670742493303
0.120911069576874	0.0456495127528085
2.54257405726722	1.37573596793611
0.138200386524352	0.0663685845763942
1.02363521199244	0.381873400117373
0.948768757521975	0.248549269795159
0.672020645637805	0.309003303495101
0.143817020419273	0.042209488638599
-2.5766529574574	0.657773148602288
1.95786695174359	0.441149378722158
-0.789083391693148	0.34215026874497
0.126399327283004	0.0476622497261913
-0.737154567775087	0.251538686589487
0.132600988210423	0.0440609588064188
4.37055816627281	2.22298948334302
-3.46299441124492	1.22953362528533
1.31388474659322	0.563741493426488
2.34450443332301	1.15010103410384
-0.237559934502149	0.0764246711906185
-0.236072750277141	0.0759464812223969
-1.52497036065527	0.541612586959632
-0.539089600210505	0.202542124367007
0.135229888192167	0.0448735756906235
1.44958631087756	0.477702557005987
2.75868832531345	0.765017792149168
0.673406299089429	0.309995735525838
1.04634616178494	0.496931093386432
0.161043695584893	0.0402684742968713
2.10430087590064	0.92608275519231
-1.1413415008172	0.344450233445194
0.586752810057648	0.302645289679449
0.144640697621443	0.0425017414545061
1.02558467001725	0.382518749728777
0.146922191196889	0.0431076767472804
2.09995861282333	0.923872580873855
2.75580772001712	0.763760469153332
0.950858461556905	0.2491584305819
-1.18650676324905	0.662687745285691
-0.35569023027487	0.10209347470967
2.33956836114453	1.14697515944292
2.34135533413392	1.14844291387782
0.947770742439721	0.248281535275256
0.946592090327999	0.248117976822064
-3.76137421922742	1.48226291907169
1.44922258720914	0.477763268309402
-0.35569023027487	0.10209347470967
0.947635845528227	0.248244973505163
-1.83072704109891	0.739930594937107
-0.237437039825944	0.0763599123457812
-0.16945056323585	0.0606971786368304
-0.628030265547787	0.151499678636842
-0.355104953248248	0.101967480674674
0.140856221308987	0.0414153093198016
-3.46345495606107	1.22933734600421
3.26345542626113	1.10199860979414
-2.48768859481625	1.37524672589584
1.81264504950119	0.702404900566408
0.802918643333599	0.330207493215053
0.160221796316651	0.0401166927693931
-0.120221326145877	0.0478165432547273
-0.168975142967507	0.0605402988532689
-2.08484842220823	0.940993818731239
0.659032459281836	0.207041754611057
0.160583229502904	0.0401661733691417
0.144640697621443	0.0425017414545061
0.661223086818105	0.207656588437818
0.947770742439721	0.248281535275256
0.02241621085195	0.0121297288187022
0.137251140592937	0.0659045626428235
-0.112330105381523	0.0447565059622626
1.44391071628385	0.475549251261387
1.31430247809655	0.563856873803471
0.335479744214579	0.167133836060811
-0.195037860883412	0.105489685795581
0.582135429099346	0.300116828868121
0.154509067766894	0.0289541162362231
0.947770742439721	0.248281535275256
0.155067569950451	0.0290355764553768
1.44899109330448	0.477667123734845
2.75580772001712	0.763760469153332
0.160221796316651	0.0401166927693931
-2.5766529574574	0.657773148602288
-0.628030265547787	0.151499678636842
-2.5766529574574	0.657773148602288
-1.5292536270854	0.543488048058857
-0.628243335554657	0.30121752247215
0.155067569950451	0.0290355764553768
0.514431860453614	0.181517099423547
0.807528635845388	0.332541409655835
2.10173504798347	0.924843834263361
0.675716089867762	0.31121850434917
-0.168098950998947	0.060182556134742
0.342418445966623	0.171057767476948
0.674333859734918	0.310512339568963
0.697195860513883	0.456132629141919
2.88957864271077	1.91582055296902
2.72487913013225	1.6352217084451
-1.83105982818556	0.740099638711398
0.948768757521975	0.248549269795159
-0.628867026021838	0.151670609188118
-0.623311653851392	0.298165624398171
1.02019987734301	0.380189874951528
2.75641316563256	0.763778311858285
0.155713854733082	0.0390835596706886
-0.168663393721381	0.0603724956040683
2.75641316563256	0.763778311858285
0.582743789790521	0.300565467879737
0.132164012775708	0.0439252834614193
0.657866689740957	0.206670742493303
0.50720087150347	0.178829201945322
0.428285671446016	0.169094775343879
0.584104905839828	0.301485438005613
0.128673280033835	0.0484868522338571
0.134796989185734	0.044763826715822
0.948905461162112	0.248586345985544
-1.29110511870394	0.575249388426856
3.26284822825054	1.10169382604423
0.595100882887349	0.308195010506166
0.948905461162112	0.248586345985544
-0.622280141343316	0.297793777237155
1.43821479539841	0.88093652563181
0.801646495621991	0.329806891015716
0.661517102334111	0.207824976675168
0.797805698752546	0.327984897752775
0.948768757521975	0.248549269795159
-0.414582700218	0.172696165251637
0.658157600688591	0.206837664845118
-0.738414128880846	0.252090639638632
-2.5766529574574	0.657773148602288
-1.79840965860499	0.382877827643389
0.42674901755277	0.168383534172577
0.658157600688591	0.206837664845118
0.162590253502546	0.0405994312489443
1.81545080408239	0.703738180326379
-4.22650189263991	1.96443457300709
-0.419366947267837	0.174907138182534
1.75913134402599	0.962955465942688
0.656894206098884	0.206287716765961
0.127740324846529	0.0481396538224244
-0.326706420774188	0.150676078031383
1.55230573373748	0.753147839021799
-0.164744037178764	0.059028259963585
0.154465593370314	0.0289479903375428
0.65757421006213	0.206588655278929
-0.738670030097319	0.252119567169358
-1.04255649350425	0.410401789740815
0.15820382838182	0.0396092897578142
0.156070095129669	0.0391676647119387
0.15212683666691	0.0382614485850816
0.140023273435885	0.041219830052157
-0.538867626524031	0.202372193079411
2.10404963108371	0.926287358542244
1.9466888765548	1.19611301936704
0.155111385030128	0.0290417527313876
0.160221796316651	0.0401166927693931
1.44862736407577	0.477555630338169
0.341991383777001	0.170558622885727
-1.14193838802885	0.344646219015582
1.81235300959058	0.702242876396542
0.160813493636874	0.0402291855562724
3.26284822825054	1.10169382604423
0.0135214664614744	0.00740505101485473
0.148187146747178	0.0784518159390956
0.53016786637845	0.305307054273554
1.44922258720914	0.477763268309402
0.342766164806246	0.17127254417448
-0.508809985706161	0.268982412843499
-0.326080905120294	0.150357677981339
1.25368012065866	0.678376263809774
0.155111385030128	0.0290417527313876
0.157325350109871	0.02936446462458
0.658741078701816	0.207014004441108
0.154465593370314	0.0289479903375428
1.95731570776637	0.441000340195791
2.10055021952577	0.924312412659368
-2.57669595250488	0.657559862268914
0.146584487246171	0.0430023159110844
-1.29353315609389	0.576437929846008
0.144389940892798	0.0424393237157952
1.44839669376933	0.477459847846965
1.2583551766962	0.681974338655605
-0.325464789243747	0.150066551001885
-1.83105982818556	0.740099638711398
0.128744720496134	0.0484930569078401
0.511535984561553	0.180463547184556
0.653826927429073	0.205337088996143
2.3415744993868	1.14854547995181
1.81115625615482	0.701436048499222
-4.7229886597894	2.7891188328844
-2.08553743334962	0.941412888325459
-1.83132702405761	0.74028277145384
0.653245802516738	0.205089848433872
0.65757421006213	0.206588655278929
0.154509067766894	0.0289541162362231
-0.5431188895219	0.204245277624117
0.653245802516738	0.205089848433872
0.67374098604665	0.310203332995967
0.659032459281836	0.207041754611057
3.92389000551089	1.70054361221532
-1.04255649350425	0.410401789740815
0.132951093876262	0.0441757525557606
-1.99909932552802	1.3911445471169
-0.171331064664604	0.0613224232521491
-0.358557998384515	0.10292132426425
-0.326710965442548	0.150656477706423
0.876717909154008	0.463866575605238
-1.51227685112488	0.76213256545427
0.373753217777433	0.165661732219598
-0.356367399040958	0.102345848061694
-1.05520468300664	0.416206937149662
-2.0842635823597	0.940591792243383
0.586113466784762	0.30236762510167
0.132250799691079	0.0439371594892287
0.144839984425568	0.0424652121179643
0.144976980831471	0.0425943260188831
0.659032459281836	0.207041754611057
1.75780594186057	0.962186704227779
0.660347295989593	0.207462296247491
-0.0775407294713637	0.0341157452619414
0.374667869915192	0.166123158223375
0.510967914253512	0.180245566763838
-4.01491403388669	1.72624539690177
3.26345542626113	1.10199860979414
0.430937351269827	0.170174602935209
0.586439005232639	0.30256234304971
0.3378516596344	0.168352827513667
2.10114269367742	0.924635433318668
-1.2948051112795	0.577362423726676
1.44922258720914	0.477763268309402
1.43601905124061	0.878807824515871
3.92516768334333	1.70097969958265
3.26569824690609	1.10327543173781
0.162952579336367	0.0406858836130456
0.773192457530603	0.458914799961596
2.10021124048698	0.924077935460336
0.421616261221355	0.166276240508206
1.44899109330448	0.477667123734845
0.15820382838182	0.0396092897578142
0.802840016253824	0.330197869326294
0.506286345412427	0.178440504115667
-1.52556530925699	0.541887546993991
-0.355401168227563	0.102014834884787
2.10021124048698	0.924077935460336
0.658157600688591	0.206837664845118
1.81411735765381	0.702765282094499
-0.628867026021838	0.151670609188118
-0.354519585455166	0.101776151388844
-1.52585303078124	0.541962051097293
-1.04779140371951	0.412732841654536
-1.1414839653338	0.344622990730584
-0.166213389018895	0.0595190660770883
-0.628733247343677	0.151688343674084
0.94820175004088	0.248479682375772
-0.742776335066151	0.253679551734855
0.161043695584893	0.0402684742968713
0.944504519928106	0.247598335656165
0.658157600688591	0.206837664845118
0.144054213480702	0.0423469198905259
0.673071542267294	0.309707778207768
0.166569140541347	0.102557836012779
1.34619444420328	1.4278209061568
0.12641117651875	0.0540251508608845
0.136660347079805	0.0583233114299996
0.588719097872329	0.304194471760505
1.30785910565979	0.560597035734697
1.8166310232947	0.704051562387115
0.512103476504473	0.180655514559587
-1.82841297073294	0.73863065228361
-0.235725494787964	0.0758333105755394
0.425842843580689	0.168023318876402
0.146332921310034	0.0429416898033695
2.75641316563256	0.763778311858285
0.947770742439721	0.248281535275256
0.659032459281836	0.207041754611057
1.07137836473667	0.650489845122742
3.26508709738097	1.10261522135605
-0.35666348042052	0.102404483392645
-2.57669595250488	0.657559862268914
0.659032459281836	0.207041754611057
-3.08189869996978	0.9470994296719
-1.79840965860499	0.382877827643389
-1.00109114438115	0.494830108494711
0.950287720870208	0.248999740475732
0.155111385030128	0.0290417527313876
-1.52896155531942	0.543366808154917
-1.83105982818556	0.740099638711398
2.75580772001712	0.763760469153332
1.31018992558857	0.561832639399483
0.160583229502904	0.0401661733691417
-1.04221071709325	0.410198911511082
0.133868704041977	0.0444524744567928
0.139684630056245	0.0411185419267414
-1.79839614394125	0.382877807711208
0.421057115552697	0.166017922839267
-0.237212899766669	0.0763212805777045
1.44862736407577	0.477555630338169
3.26284822825054	1.10169382604423
0.147848686423209	0.0433479015633612
0.162125356869158	0.0404960611383205
-0.628733247343677	0.151688343674084
1.81515619836297	0.703574555319196
2.75641316563256	0.763778311858285
0.160221796316651	0.0401166927693931
1.0238833519431	0.381787644807647
0.155111385030128	0.0290417527313876
0.660054375205789	0.207294450910716
0.658448437247608	0.206865271021461
1.95786695174359	0.441149378722158
1.5524442422019	0.753203287410312
0.802489056255948	0.330144551890374
0.660932155782147	0.207694635746326
0.155067569950451	0.0290355764553768
0.948337549654709	0.248516516252871
1.81515619836297	0.703574555319196
0.657866689740957	0.206670742493303
0.658157600688591	0.206837664845118
0.159992352718576	0.0400538861334557
0.14371839260098	0.0422424410228484
3.92516768334333	1.70097969958265
0.156304884454214	0.0392194704826931
3.26569824690609	1.10327543173781
1.45138090115721	0.478568850670936
1.0472501359547	0.497556503187299
2.75868832531345	0.765017792149168
0.513733853850566	0.181194231451746
1.04023849222891	0.493343152511521
0.511187733730715	0.180331422147582
-2.57669595250488	0.657559862268914
0.658157600688591	0.206837664845118
-3.76137421922742	1.48226291907169
0.159992352718576	0.0400538861334557
-0.237783836658627	0.0764730781037413
0.146584487246171	0.0430023159110844
1.45138090115721	0.478568850670936
-0.354229439997714	0.101697261087168
0.155111385030128	0.0290417527313876
-1.1406575104342	0.344234513147494
-0.739472647353845	0.252404120102369
0.947635845528227	0.248244973505163
0.147848686423209	0.0433479015633612
-0.631994988626399	0.152498044571477
0.15963091503218	0.0399802605532864
0.159992352718576	0.0400538861334557
0.155067569950451	0.0290355764553768
0.948768757521975	0.248549269795159
1.02422162940792	0.382079227006262
0.950858461556905	0.2491584305819
3.26284822825054	1.10169382604423
1.02514752788745	0.382203792201025
0.134579360214552	0.0446820626093357
0.154465593370314	0.0289479903375428
0.12747667107683	0.0480354772047687
0.0328538379841481	0.0246310077703149
0.149934129552589	0.0794380591088888
-0.320427661001512	0.147747767969711
-1.14111344283696	0.344497381350969
1.01465761954981	0.377631121624317
0.12976385462973	0.0554328716503754
0.798324210831681	0.328230166540438
0.948905461162112	0.248586345985544
2.0985439196218	0.922769880021207
0.447669694866171	0.323877108789843
1.03365663809653	0.385170431219246
0.155067569950451	0.0290355764553768
0.658448437247608	0.206865271021461
0.948905461162112	0.248586345985544
1.44862736407577	0.477555630338169
-3.45945095257726	1.22747869975084
1.95786695174359	0.441149378722158
1.95731570776637	0.441000340195791
0.155067569950451	0.0290355764553768
-0.628299579656606	0.151558046801791
-1.80123754984197	0.383647112861273
1.95786695174359	0.441149378722158
-1.79840965860499	0.382877827643389
0.653540010885453	0.205185988936824
0.160583229502904	0.0401661733691417
-1.52275201069355	0.540627902821117
2.75580772001712	0.763760469153332
3.26345542626113	1.10199860979414
-0.354809804669678	0.101824397658975
0.154465593370314	0.0289479903375428
0.160813493636874	0.0402291855562724
0.155067569950451	0.0290355764553768
-2.57660997484294	0.657538252319339
0.948337549654709	0.248516516252871
0.16045117802105	0.0401558290866076
-0.628599509856641	0.151612619227975
-3.76137421922742	1.48226291907169
0.660932155782147	0.207694635746326
2.75520320904554	0.763197913000704
-0.358557998384515	0.10292132426425
2.75520320904554	0.763197913000704
-3.76108876538849	1.48211039032061
-0.35262379016767	0.101278913820777
1.44450447975593	0.475941549703467
3.26224218729945	1.1009233569627
1.95731570776637	0.441000340195791
0.154509067766894	0.0289541162362231
1.45138090115721	0.478568850670936
1.95731570776637	0.441000340195791
2.75580772001712	0.763760469153332
-0.359141638818634	0.103112871302961
1.4480329582247	0.477161868008032
0.370326825020082	0.164116205224483
1.06374877239713	0.643646666521253
-1.04687191417195	0.412486748895758
-2.09374947900653	0.946588314074809
0.658157600688591	0.206837664845118
1.04413088328048	0.495761798173922
-0.389236206904744	0.308822812669663
-0.628733247343677	0.151688343674084
-0.628599509856641	0.151612619227975
0.154465593370314	0.0289479903375428
2.75641316563256	0.763778311858285
0.943937640725668	0.24736392993685
1.95786695174359	0.441149378722158
0.658741078701816	0.207014004441108
1.95786695174359	0.441149378722158
3.26569824690609	1.10327543173781
2.75807933893485	0.764710363024488
3.26284822825054	1.10169382604423
2.75580772001712	0.763760469153332
0.143467885183021	0.0421790290070851
-2.57669595250488	0.657559862268914
1.95786695174359	0.441149378722158
0.848864316744293	0.624621529771899
0.950519627131784	0.644390049795274
0.941597069975086	0.636043946768533
1.55322278137623	0.754063606155397
-0.413194033026847	0.172063670363972
0.530236039156497	0.305798951397004
-0.275886751000294	0.174114669268579
0.153776918697306	0.0882961679818234
0.948905461162112	0.248586345985544
1.81235300959058	0.702242876396542
0.162590253502546	0.0405994312489443
0.140609521820489	0.0413743325045252
0.659032459281836	0.207041754611057
0.808443090829137	0.332994891311029
0.424719696521905	0.167520800855861
0.661517102334111	0.207824976675168
0.157325350109871	0.02936446462458
0.879241808673471	0.465808533323085
0.417041312613382	0.164331509274333
-0.237783836658627	0.0764730781037413
-0.119306289404716	0.0474522294006456
-0.238130718624198	0.0765764115230572
0.135930401959736	0.045112999214881
0.145227337337459	0.0426443607563146
0.658449623497539	0.206846818911275
0.948337549654709	0.248516516252871
0.146922191196889	0.0431076767472804
-1.29503373562381	0.577267948395295
3.26631056571709	1.10328266544307
0.154465593370314	0.0289479903375428
0.660640141500972	0.207490447031014
-0.78873939795176	0.341991104298643
1.44899109330448	0.477667123734845
0.159402290839324	0.0399177124259514
1.44839669376933	0.477459847846965
0.804765006705712	0.331183851246171
1.81633531763119	0.703887329894944
-0.162861071132377	0.0583534612127534
-0.236295434458238	0.0760318807121589
1.02156194483674	0.380771817220124
-2.0888812011404	0.943710245621911
1.81294103662311	0.70256079058948
-3.76471792016279	1.48446146627735
1.02363521199244	0.381873400117373
1.0239728358881	0.381885834911352
0.130894531886353	0.0435089375277545
-1.52733164921203	0.542467335870669
0.654703443030561	0.205608890273211
1.44839669376933	0.477459847846965
-0.238477685762541	0.0766637276789288
0.657866689740957	0.206670742493303
1.5558485462913	0.755659230691169
-0.355104953248248	0.101967480674674
-0.536892625271128	0.201634766838871
0.511187733730715	0.180331422147582
-4.01591566480886	1.72772177589649
-1.1414839653338	0.344622990730584
0.154465593370314	0.0289479903375428
1.31310179325084	0.563385616536445
-0.628733247343677	0.151688343674084
1.44899109330448	0.477667123734845
0.144640697621443	0.0425017414545061
0.143477516670026	0.0421253750116672
-0.355401168227563	0.102014834884787
0.67031140224908	0.308146609796731
0.947770742439721	0.248281535275256
1.02558467001725	0.382518749728777
2.75520320904554	0.763197913000704
3.26345542626113	1.10199860979414
-3.45967591146264	1.22746502283364
1.44839669376933	0.477459847846965
0.94820175004088	0.248479682375772
2.75641316563256	0.763778311858285
0.666893686008721	0.306724713902588
-0.240976410898063	0.0775300306973211
-0.236295434458238	0.0760318807121589
1.02558467001725	0.382518749728777
0.510619816865865	0.180113549991954
0.371241121847868	0.164587159709047
0.947770742439721	0.248281535275256
1.95786695174359	0.441149378722158
0.144640697621443	0.0425017414545061
0.155111385030128	0.0290417527313876
-1.14559783756009	0.346052129596875
0.147259813410519	0.0432007445014279
-2.57968420714322	0.659073447553718
-0.355394630173918	0.102015543768339
1.95786695174359	0.441149378722158
-2.57669595250488	0.657559862268914
-4.01259254724387	1.72469983017164
-0.628299579656606	0.151558046801791
0.417597749872015	0.164587834326102
1.81235300959058	0.702242876396542
2.75580772001712	0.763760469153332
1.02592340208434	0.382810966482796
1.5330269914526	1.85813849644497
-0.337202847496876	0.240755741126531
0.166634637631594	0.10256707771054
0.155067569950451	0.0290355764553768
1.31218528243788	0.56311122145944
0.945072510336007	0.247668267417156
1.04690378710311	0.497343192229306
0.510967914253512	0.180245566763838
1.23316024468512	0.847347946626701
-0.325918106206965	0.150477940797154
1.55805296257806	0.757338935380643
-0.236072750277141	0.0759464812223969
0.772738250931096	0.459129102120572
0.128075192969757	0.0482635683600574
1.95731570776637	0.441000340195791
0.156070095129669	0.0391676647119387
1.31473628244331	0.564270657565622
-1.52556530925699	0.541887546993991
3.63331351050508	1.42008896661082
1.31218528243788	0.56311122145944
-1.79840965860499	0.382877827643389
-1.1414839653338	0.344622990730584
2.34249550448842	1.14909671976623
-1.04255649350425	0.410401789740815
-1.04523148934329	0.411475029300845
1.0192751562055	0.379836783778508
-0.63185471444008	0.152466960619287
-0.628164901903538	0.15157555358925
-1.52497036065527	0.541612586959632
1.31798968775981	0.566002482239596
-0.236865950236819	0.0762080730306188
-1.14523333483643	0.345843348749308
-0.535752039699562	0.201197678787455
-0.408085769952372	0.169768454114057
0.123819504700162	0.0467310347737323
1.95731570776637	0.441000340195791
1.04857253905646	0.498207693200093
0.948337549654709	0.248516516252871
0.657283842665822	0.20642210460759
0.144976980831471	0.0425943260188831
-0.627598197564051	0.300860032383781
0.144054213480702	0.0423469198905259
-0.234534484549801	0.0754746413023498
1.02592340208434	0.382810966482796
0.132382889280095	0.0439989008298304
0.50720087150347	0.178829201945322
-0.354519585455166	0.101776151388844
-0.739003822726622	0.252222384495429
-1.14088544605048	0.344426431780091
0.511755072041239	0.180523302881905
0.132164012775708	0.0439252834614193
0.161043695584893	0.0402684742968713
-1.14171114622793	0.344693702322242
-1.29422913938657	0.576824155878015
0.943937640725668	0.24736392993685
1.44839669376933	0.477459847846965
-0.114853970799127	0.0457131921372416
0.94820175004088	0.248479682375772
0.948337549654709	0.248516516252871
0.658157600688591	0.206837664845118
1.94295847839385	1.19235782048187
1.0192751562055	0.379836783778508
-1.0438234260038	0.410788519057193
-1.83105982818556	0.740099638711398
0.947770742439721	0.248281535275256
0.950426851449918	0.249037516760643
0.654408135649179	0.205512311863459
1.02304894811125	0.381607715308403
-4.01193246433531	1.72463037714346
-0.0406200833354701	0.0194037010733111
0.128936415922896	0.0485814724251015
0.146922191196889	0.0431076767472804
-0.121083321791546	0.0481564628616814
-3.46322465260564	1.22963503158779
-0.539089600210505	0.202542124367007
-0.735538279411364	0.250976055861043
-3.46345495606107	1.22933734600421
0.65757421006213	0.206588655278929
0.137777354037229	0.0456973820976041
-2.57963910438406	0.659061212358043
-0.789771607636251	0.342344583417344
1.81294103662311	0.70256079058948
0.948768757521975	0.248549269795159
-3.45900121533902	1.22669642729201
2.10404963108371	0.926287358542244
-3.45945095257726	1.22747869975084
2.75580772001712	0.763760469153332
0.160813493636874	0.0402291855562724
0.948337549654709	0.248516516252871
0.941244473157646	0.635700371772169
0.514213661606994	0.181383794125596
0.510271633266051	0.179924314863983
0.948337549654709	0.248516516252871
0.654989426637948	0.205620898952272
1.25613147565969	0.680993740252718
0.143467885183021	0.0421790290070851
-0.343181513778344	0.20848512873275
-0.811860349599095	0.443851190091369
0.160221796316651	0.0401166927693931
-0.628299579656606	0.151558046801791
-0.629763239673253	0.152058330338803
0.948337549654709	0.248516516252871
-1.79839614394125	0.382877807711208
0.146332921310034	0.0429416898033695
0.15144823932183	0.0285426379557898
2.75580772001712	0.763760469153332
0.162952579336367	0.0406858836130456
0.144389940892798	0.0424393237157952
2.75580772001712	0.763760469153332
-3.45922605387697	1.22727228815634
-2.5766529574574	0.657773148602288
-0.547287052704382	0.205976261023422
3.26631056571709	1.10328266544307
0.155111385030128	0.0290417527313876
0.155067569950451	0.0290355764553768
0.15963091503218	0.0399802605532864
0.670495785883766	0.308175450251856
-1.14171114622793	0.344693702322242
-0.628733247343677	0.151688343674084
-0.234659925712008	0.0755339906287207
3.92516768334333	1.70097969958265
-2.57660997484294	0.657538252319339
0.659324643575319	0.207123110468657
-0.53874057789979	0.202401825815006
3.26345542626113	1.10199860979414
2.09962019368326	0.923638574732708
0.158797898832415	0.0397350165406265
-0.636281951781153	0.153487716090317
-1.14088544605048	0.344426431780091
1.81797148254981	0.704596952092508
-1.52556530925699	0.541887546993991
3.26284822825054	1.10169382604423
-0.628733247343677	0.151688343674084
0.156304884454214	0.0392194704826931
1.95786695174359	0.441149378722158
-2.5766529574574	0.657773148602288
-2.5766529574574	0.657773148602288
0.947635845528227	0.248244973505163
-0.628733247343677	0.151688343674084
4.55717706137385	2.5000021491674
1.44922258720914	0.477763268309402
2.75580772001712	0.763760469153332
1.02558467001725	0.382518749728777
1.44899109330448	0.477667123734845
0.657864503304789	0.206616146564203
0.805329377718584	0.331441349253762
0.948337549654709	0.248516516252871
3.27084439282948	1.10457819366653
-0.234659925712008	0.0755339906287207
-2.57660997484294	0.657538252319339
0.155067569950451	0.0290355764553768
1.4480329582247	0.477161868008032
0.33094362895519	0.183721520760054
0.496469381656949	0.313961877302463
0.533468446437987	0.307729926896515
3.63500627246108	1.42050433165602
0.801571141201532	0.329656916274671
0.668959447651159	0.307697909547482
-0.538867626524031	0.202372193079411
-3.76529646610535	1.48477662035046
0.15963091503218	0.0399802605532864
0.127740324846529	0.0481396538224244
0.526038629309883	0.302599420766598
-1.14523333483643	0.345843348749308
0.14380305748793	0.042271222114559
0.160221796316651	0.0401166927693931
0.15963091503218	0.0399802605532864
-1.14171114622793	0.344693702322242
0.152050960400409	0.028630259939513
2.75807933893485	0.764710363024488
2.75520320904554	0.763197913000704
-0.747056276000891	0.255214642839991
1.8135291528185	0.702758164322864
-3.08229418357021	0.947231644170671
-2.5766529574574	0.657773148602288
-1.14111344283696	0.344497381350969
0.948337549654709	0.248516516252871
1.95786695174359	0.441149378722158
0.159402290839324	0.0399177124259514
0.667575068911108	0.306882048611956
-0.171201121492568	0.0613083374431992
1.81441103810189	0.702928228145098
1.04599966087592	0.496530182996476
0.127740324846529	0.0481396538224244
-1.00395217666584	0.496433034650267
-0.0412423657768069	0.0196811244919799
0.146922191196889	0.0431076767472804
1.81886023461405	0.704877804186235
0.674668298279169	0.310670180430479
0.14371839260098	0.0422424410228484
0.162357836679133	0.0405597098553547
-0.53874057789979	0.202401825815006
1.44981862951738	0.477799018830262
-0.35569023027487	0.10209347470967
-1.14499995487719	0.345855392571373
1.0444623770314	0.495719164594595
0.510619816865865	0.180113549991954
-0.536322009305803	0.201466150653051
-4.0152478191119	1.72707941673336
-0.233742966580479	0.0752394538943447
0.159992352718576	0.0400538861334557
-1.18081668189854	0.657863228216405
-1.04244076044317	0.410025002253574
0.589635199273674	0.304758300206874
-1.04313192494267	0.410517747694466
2.75641316563256	0.763778311858285
0.670495785883766	0.308175450251856
1.30842279896953	0.560888896280948
1.02533495299364	0.382457756692076
0.149551069550847	0.043790750343374
0.659324643575319	0.207123110468657
0.161043695584893	0.0402684742968713
1.02363521199244	0.381873400117373
-0.240627572806769	0.0774207528438286
0.947770742439721	0.248281535275256
2.34428714005014	1.15007845209507
0.800169874224594	0.329047040920974
-1.14111344283696	0.344497381350969
0.805467397708516	0.331643487494376
0.425497080140127	0.167863861612803
3.26284822825054	1.10169382604423
1.44839669376933	0.477459847846965
-1.83132702405761	0.74028277145384
0.127734657092946	0.0481556732712864
0.948905461162112	0.248586345985544
-2.30760400798629	1.15359822502646
0.146922191196889	0.0431076767472804
-3.45967591146264	1.22746502283364
1.04114198965725	0.493788387990445
0.802353086825023	0.329964914866132
0.985596220724592	0.805827054747832
1.44839669376933	0.477459847846965
2.10430087590064	0.92608275519231
0.672812797155709	0.309654422171124
0.132382889280095	0.0439989008298304
1.02363521199244	0.381873400117373
1.81264504950119	0.702404900566408
3.26345542626113	1.10199860979414
1.81604086904786	0.704001590638153
-0.360018151462565	0.103295990712749
-0.115445012575853	0.0459374479837746
1.44780311038183	0.477066495630919
1.81515619836297	0.703574555319196
-1.18433444905884	0.660318604057607
-0.74243876954869	0.25362235352836
0.506636186737087	0.178613076266429
0.13794440241614	0.0661540900530683
-0.0435641915940222	0.0207733811332674
0.803269824230379	0.33049399469318
-1.34858872005238	0.846795220569234
0.159859477622278	0.0400192334307773
1.31166744621023	0.562613064395961
1.0476706981431	0.497602919891168
-1.50931959236161	0.759486805982778
1.02617238539361	0.38275777208832
0.700741410174218	0.459417294592334
-0.789874992835508	0.342400986685966
0.147848686423209	0.0433479015633612
4.37246862085129	2.22501493733621
-1.79840965860499	0.382877827643389
0.15963091503218	0.0399802605532864
1.95786695174359	0.441149378722158
0.506850875189508	0.178656463900139
0.950426851449918	0.249037516760643
0.162125356869158	0.0404960611383205
1.81294103662311	0.70256079058948
-1.83537736671358	0.742411015726266
2.75868832531345	0.765017792149168
-2.08495289661111	0.941010945670462
0.15963091503218	0.0399802605532864
0.159992352718576	0.0400538861334557
1.04424975463849	0.495554192271584
-0.325464789243747	0.150066551001885
-0.116744249017674	0.0464304413870714
0.128782523982544	0.0428430922951178
0.516764201582912	0.182313298692041
1.95731570776637	0.441000340195791
0.132600988210423	0.0440609588064188
0.156661115950913	0.0392800358899383
1.43909769829356	0.883276752201089
-0.355394630173918	0.102015543768339
-1.1413415008172	0.344450233445194
-0.788172601637339	0.341595524377101
0.128673280033835	0.0484868522338571
-0.11602138731707	0.0461854401682624
1.04536760236631	0.496267966555643
-0.544388043857763	0.20467834687827
-0.538963433786103	0.202464572078945
-2.5766529574574	0.657773148602288
0.513167244701502	0.180988618942657
0.666720675538898	0.306383563426964
-0.536671114051193	0.201606330220057
1.04690378710311	0.497343192229306
0.142892234362748	0.0419793224062305
-0.739003822726622	0.252222384495429
-0.112705442513314	0.0448629777101296
0.658449623497539	0.206846818911275
0.129698001528666	0.043121447504943
1.76247306121477	0.966423627602267
-0.352328640216398	0.101201570764145
-0.736131442714986	0.251191396874175
-0.237090328086136	0.0762301533221021
-1.83039434521114	0.739673075735054
-0.117660477054644	0.0467865531553836
1.814860828926	0.70324597733131
-0.114853970799127	0.0457131921372416
0.667055935180136	0.306473926098619
0.129710858795042	0.0431178260696597
-0.355394630173918	0.102015543768339
-0.166972081756225	0.0597742269277735
0.670831219986141	0.308462665871979
-0.628599509856641	0.151612619227975
0.658741078701816	0.207014004441108
0.669628669438464	0.307969115106046
-2.5766529574574	0.657773148602288
-1.2957297752472	0.577552208373856
-1.82841297073294	0.73863065228361
1.8135291528185	0.702758164322864
1.02363521199244	0.381873400117373
-1.04290235412753	0.410559570501728
0.176869307215365	0.131576339325488
0.511003196816671	0.180124792682429
-2.0894625554263	0.944110632073379
0.134796989185734	0.044763826715822
-0.165088554277847	0.0591488725692337
0.510747125906926	0.180055308660596
0.511535984561553	0.180463547184556
1.95786695174359	0.441149378722158
0.377727671382528	0.167676466473203
1.44899109330448	0.477667123734845
0.514431860453614	0.181517099423547
2.10543731746934	0.926718487222265
1.02592340208434	0.382810966482796
1.31183590793173	0.562694726030807
0.672812797155709	0.309654422171124
-0.237559934502149	0.0764246711906185
-0.73955895107728	0.252503873418029
0.879823295650508	0.465619204635478
-0.628838972377586	0.301497189830301
-1.83597776269255	0.742763952258261
-0.351744415353914	0.1010114930848
1.95731570776637	0.441000340195791
1.02480914386846	0.382191050766977
-1.14193838802885	0.344646219015582
1.04467439086358	0.495654476038041
1.02743758778838	0.383195606193548
0.513297440290374	0.181056085890725
0.159859477622278	0.0400192334307773
-0.542900106811953	0.204176406519794
-0.539089600210505	0.202542124367007
0.754594977219989	0.744138359063478
0.135364021327178	0.0449437078279942
1.31161763457028	0.562749823451238
1.02592340208434	0.382810966482796
0.658448437247608	0.206865271021461
0.162590253502546	0.0405994312489443
-0.172323794216928	0.061695096887414
0.160946012629139	0.040173329737006
0.341991383777001	0.170558622885727
-0.35569023027487	0.10209347470967
0.661225548064972	0.20772290984652
-1.50897634643426	0.759381379959404
-0.407821868853272	0.169680195764422
-0.539661343528338	0.202765677037844
-0.353939368265063	0.101586834148653
0.658157600688591	0.206837664845118
0.653826927429073	0.205337088996143
-0.628164901903538	0.15157555358925
0.144976980831471	0.0425943260188831
1.55598981029304	0.755831923074866
-0.737745529684395	0.251848226779474
4.55279421036568	2.49597177977193
-1.29802782774478	0.579253782835915
0.12913352992743	0.0429550272454785
-0.789650928512862	0.342421974551524
1.8138222857108	0.70292085392477
0.947770742439721	0.248281535275256
0.132951093876262	0.0441757525557606
0.802432270015275	0.330171616269446
-0.414248785891065	0.172553623155678
1.55287065064265	0.753512057969004
-0.241194698180716	0.0775963201393135
-0.792052634019788	0.343809589207604
1.44839669376933	0.477459847846965
-0.172669104556229	0.0618131682393964
-1.53013794503811	0.543725951296145
-2.3045284921599	1.15130739007319
-1.0465244135449	0.412299764954399
0.144640697621443	0.0425017414545061
-3.76165974462818	1.48222195957514
-1.68977730874814	0.950240382325095
-0.164182716008776	0.0588217692737051
-0.233395157779413	0.075126282890225
0.802489056255948	0.330144551890374
-0.359141638818634	0.103112871302961
-0.173231531936069	0.0619881764616233
-0.792177004178852	0.343795599913078
0.130920287619515	0.0493322328761646
-1.69661550867139	0.956574938709399
-1.52246182960607	0.540465661800635
-0.358557998384515	0.10292132426425
0.658448437247608	0.206865271021461
0.66930424577174	0.30749416119693
0.661517102334111	0.207824976675168
1.23342982315364	0.847171133705041
2.33706074348868	1.14515549915231
1.59978379272755	1.10397520673989
0.51663050829484	0.182162712770504
0.134446827346684	0.044648821058174
-0.744181789627878	0.254179651745662
1.02304894811125	0.381607715308403
1.31331884073887	0.56363424296824
-2.57968420714322	0.659073447553718
1.05135133077307	0.499849660112348
0.657866689740957	0.206670742493303
0.658741078701816	0.207014004441108
1.8138222857108	0.70292085392477
0.51386494250992	0.181311218287051
0.14027070998759	0.0412729382935957
-0.63185471444008	0.152466960619287
-0.359141638818634	0.103112871302961
-1.00725001382192	0.498549530389026
1.02338601426445	0.38161996773056
0.882166787829541	0.467842315468733
0.165103009331824	0.0411253937349734
-1.29445710557565	0.57719309643802
0.804902320215242	0.331341314716319
2.10055021952577	0.924312412659368
-1.85563924109955	1.16406443245283
-1.04056236968378	0.409373067940558
-0.628599509856641	0.151612619227975
1.95786695174359	0.441149378722158
-0.236072750277141	0.0759464812223969
0.807740478355158	0.33253414891386
0.508115032981171	0.179108309242443
0.147259813410519	0.0432007445014279
0.948337549654709	0.248516516252871
0.152050960400409	0.028630259939513
1.02363521199244	0.381873400117373
0.658449623497539	0.206846818911275
1.08942911512406	0.824711451307018
3.26284822825054	1.10169382604423
0.475037446928121	0.324448718833035
-0.076126295516662	0.03353476597524
0.947770742439721	0.248281535275256
0.132732885510209	0.0441080605497273
0.132951093876262	0.0441757525557606
2.1020378862734	0.924415184389491
1.55528546656109	0.755344535013972
1.55840517604601	0.757272939237287
-0.352328640216398	0.101201570764145
-0.805552209730631	0.537459179283553
0.370060499620689	0.163964092997672
-2.0894625554263	0.944110632073379
-1.5270374870482	0.542502468800959
0.373718753098049	0.165904637929385
1.81633531763119	0.703887329894944
0.162357836679133	0.0405597098553547
0.159859477622278	0.0400192334307773
-1.79840965860499	0.382877827643389
-0.414916683326375	0.172824045878667
0.660347295989593	0.207462296247491
-4.23411420899595	1.97080112496183
-0.238649881872283	0.0768149363688191
0.140023273435885	0.041219830052157
-0.113940536103998	0.0453592768616862
-0.0778442799880398	0.0342488222119108
0.800652555127551	0.328983853903581
-1.48517757436377	1.03691647220494
1.55563768080424	0.755897558752995
0.133301116726748	0.0442849463266127
0.124675860041347	0.0470515285364447
0.663474597852439	0.304636332374253
-0.0784889842334877	0.0345413234843914
-0.239216268709345	0.0769712564401174
-0.792741102489134	0.344191342632362
-1.30616616113229	0.584090871913129
-1.52275201069355	0.540627902821117
0.58502536987726	0.302063743656343
0.132600988210423	0.0440609588064188
0.12747667107683	0.0480354772047687
-0.354815349846941	0.101888689175609
-2.30007213812399	1.14746925859003
-0.742101285286405	0.253499136601578
-0.797874914579277	0.346669204715146
0.427940197825985	0.168935073750412
-1.00042671384016	0.494424006740095
0.803760414606964	0.330819866621168
1.04544127883284	0.496012712131819
-0.167754072609883	0.0600616127897958
-0.23899936488781	0.076906393395764
0.145313170347528	0.042674261922763
-1.51170809593199	0.761452815094782
-1.14583039258107	0.346039770541419
0.128936415922896	0.0485814724251015
-1.14171114622793	0.344693702322242
1.44028850179998	0.883441749469015
1.81264504950119	0.702404900566408
2.33899743092669	1.14663661123896
0.146332921310034	0.0429416898033695
1.44899109330448	0.477667123734845
-1.29180126592501	0.575635440327952
0.135013832711232	0.0448286361779132
0.133168522192678	0.0442284444874965
-0.175564770680714	0.0628506785144863
-0.741510950758259	0.253188727186893
-1.85381514072393	1.1599869012745
4.16480743748042	1.96391658672842
1.75689924692463	0.960820487873194
-0.551150458301818	0.207525827256259
2.10080345028195	0.924400736993524
-1.52527766014307	0.541726073904961
0.135013832711232	0.0448286361779132
-1.52468217246603	0.541450953371581
-2.57963910438406	0.659061212358043
0.661517102334111	0.207824976675168
1.04278235143153	0.494384712219271
-0.791385170007867	0.343525272280006
0.948905461162112	0.248586345985544
0.159859477622278	0.0400192334307773
0.154509067766894	0.0289541162362231
1.31275235192293	0.563405500186811
0.802840016253824	0.330197869326294
-2.0851928861798	0.941244883307777
1.75982614037927	0.963533317367054
0.144976980831471	0.0425943260188831
1.3150863687139	0.564688556451063
-0.355104953248248	0.101967480674674
1.55126146787483	0.752994445894456
1.02338601426445	0.38161996773056
-2.29796697128273	1.14602149739505
-1.04617699792138	0.412020671665578
0.12703205067779	0.0542948691687646
-1.04056236968378	0.409373067940558
-0.241194698180716	0.0775963201393135
1.0238833519431	0.381787644807647
-0.121352846510502	0.0482535926174825
0.14371839260098	0.0422424410228484
2.75641316563256	0.763778311858285
-1.0419816315643	0.409976007162161
0.132382889280095	0.0439989008298304
-1.18618496921206	0.662452990855805
-0.536671114051193	0.201606330220057
1.7594787819258	0.963664569613647
0.531469370494966	0.306203808407942
0.947770742439721	0.248281535275256
0.14556417703739	0.0427370982099398
0.67150187758438	0.308828121931979
2.54822169023008	1.38099385922808
-3.08216231491203	0.947551973079846
-1.13918941442725	0.343767291351689
0.127866363638053	0.0425460435773885
0.160583229502904	0.0401661733691417
4.16672033565258	1.96395333165621
0.138505261605656	0.0407411207212223
1.76435507103013	0.967932409653904
0.133868704041977	0.0444524744567928
-0.789650928512862	0.342421974551524
0.162357836679133	0.0405597098553547
-1.83132702405761	0.74028277145384
2.10252540036319	0.925396731648863
-0.171201121492568	0.0613083374431992
0.671166583876549	0.308670070263109
0.144389940892798	0.0424393237157952
3.26569824690609	1.10327543173781
1.0239728358881	0.381885834911352
0.883522598319616	0.46852696737076
1.94098253363766	1.18981745233933
0.672812797155709	0.309654422171124
-1.04687191417195	0.412486748895758
0.947770742439721	0.248281535275256
0.654121684946124	0.205433467520013
1.04899589876292	0.498299138876255
0.146584487246171	0.0430023159110844
1.02156194483674	0.380771817220124
0.796843963628248	0.327279555312973
0.144054213480702	0.0423469198905259
1.25134871234286	0.676857859762756
1.0239728358881	0.381885834911352
0.132382889280095	0.0439989008298304
-0.628164901903538	0.15157555358925
-0.542550190002901	0.204022574863377
-1.29790303333427	0.579341243572057
0.132382889280095	0.0439989008298304
0.653540010885453	0.205185988936824
-0.540836580077605	0.203369627038744
3.63331351050508	1.42008896661082
0.144640697621443	0.0425017414545061
1.04634616178494	0.496931093386432
-0.35262379016767	0.101278913820777
0.948905461162112	0.248586345985544
-0.175219253175259	0.0627416121374728
1.44665759513172	0.476601664632304
3.26631056571709	1.10328266544307
0.660640141500972	0.207490447031014
3.26508709738097	1.10261522135605
1.45391440811699	0.479230213237448
1.02304894811125	0.381607715308403
1.25008564906397	0.675939360519104
0.160221796316651	0.0401166927693931
-0.35262379016767	0.101278913820777
0.948905461162112	0.248586345985544
-1.29538171494723	0.577437227146469
-1.69271082861525	0.952704551969826
-1.1412568453231	0.344431220445032
0.944504519928106	0.247598335656165
-0.788172601637339	0.341595524377101
0.131541520016344	0.0437194079588842
0.879497924712769	0.465358146017653
1.02422162940792	0.382079227006262
1.2650798212169	0.686824882442894
2.75520320904554	0.763197913000704
0.676641427898326	0.311737908940663
0.881701739718082	0.466907949847724
0.654121684946124	0.205433467520013
0.947770742439721	0.248281535275256
0.510967914253512	0.180245566763838
-0.16719037374262	0.0598638290738506
1.0472501359547	0.497556503187299
1.45114635521655	0.478471348903038
0.376875238635301	0.16727169805512
1.04278235143153	0.494384712219271
0.159402290839324	0.0399177124259514
0.671166583876549	0.308670070263109
-1.79840965860499	0.382877827643389
-1.51170809593199	0.761452815094782
-0.236642536873473	0.0761450888689269
-4.01160255769466	1.72433692110226
-0.355104953248248	0.101967480674674
-3.76471792016279	1.48446146627735
-0.237212899766669	0.0763212805777045
0.667575068911108	0.306882048611956
1.55413915094178	0.754287920214899
1.95786695174359	0.441149378722158
-2.57669595250488	0.657559862268914
-1.52984634403446	0.54376252749597
1.02880620938241	0.38386800333252
2.89074581749379	1.91735868445074
0.586125139743896	0.30240710453499
0.654703443030561	0.205608890273211
0.771870295630741	0.45769289495397
1.04780700199927	0.497914055094941
1.31126841403568	0.56233368703482
-1.2941091808211	0.576975974922849
0.145995384957952	0.042836480378728
0.133301116726748	0.0442849463266127
-0.999167083585943	0.493010859676662
-1.14171114622793	0.344693702322242
2.75641316563256	0.763778311858285
0.530890073192666	0.306271327214717
0.803055311396109	0.330423388744012
1.02617238539361	0.38275777208832
0.94820175004088	0.248479682375772
0.804551193439478	0.331168980919484
-3.08229418357021	0.947231644170671
-0.356367399040958	0.102345848061694
0.158797898832415	0.0397350165406265
-1.52984634403446	0.54376252749597
2.3386469338706	1.1463460110087
-0.234659925712008	0.0755339906287207
-1.79839614394125	0.382877807711208
-0.355104953248248	0.101967480674674
0.145227337337459	0.0426443607563146
-0.236865950236819	0.0762080730306188
1.44899109330448	0.477667123734845
2.75868832531345	0.765017792149168
2.10114269367742	0.924635433318668
4.55398875119246	2.49719961871509
0.14556417703739	0.0427370982099398
0.159992352718576	0.0400538861334557
0.51408290047205	0.181384498788784
0.1330827989725	0.0442077225266119
-0.412594451513588	0.171856355506214
-1.52527766014307	0.541726073904961
0.658448437247608	0.206865271021461
0.160221796316651	0.0401166927693931
-0.789306862497791	0.342262742988917
-1.0456052115104	0.411595401174635
0.132250799691079	0.0439371594892287
1.81441103810189	0.702928228145098
0.513297440290374	0.181056085890725
0.160813493636874	0.0402291855562724
3.26345542626113	1.10199860979414
3.63395648950567	1.42026036401428
0.428631067442515	0.169230176789531
-1.04255649350425	0.410401789740815
1.81264504950119	0.702404900566408
-1.23597264353958	0.938828936883507
-1.14193838802885	0.344646219015582
0.128495499405986	0.0484410453710279
-0.114798840995251	0.0456854313144561
0.128431434764688	0.0427214136286789
-1.29515319796898	0.577477426894068
0.146332921310034	0.0429416898033695
1.26032318885289	0.683649377912084
-0.0797461473737743	0.0350889021671119
-0.233395157779413	0.075126282890225
1.02304894811125	0.381607715308403
0.127811645941547	0.0481547579411935
-0.236865950236819	0.0762080730306188
-1.04021595924619	0.409215240728406
2.3410042779854	1.14815153258672
1.81411735765381	0.702765282094499
-0.11706780556092	0.0465584081549706
-0.539089600210505	0.202542124367007
0.654703443030561	0.205608890273211
0.511406581218177	0.180333732150807
-3.46345495606107	1.22933734600421
0.164866646813102	0.0410606750914948
0.132032810243933	0.0438841642048134
1.31366843634341	0.563614405395139
3.63331351050508	1.42008896661082
-0.735458723618684	0.250947808327744
-0.738670030097319	0.252119567169358
0.657866689740957	0.206670742493303
-0.0743440353600411	0.0327473386945025
-0.234881985943443	0.0755878057926229
0.417597749872015	0.164587834326102
0.144976980831471	0.0425943260188831
0.154509067766894	0.0289541162362231
0.160221796316651	0.0401166927693931
1.55450950666522	0.755013474046303
0.155111385030128	0.0290417527313876
2.33842592547281	1.14619164851825
-0.743366896164806	0.253811440648201
-1.69694783625764	0.956763598468156
0.511755072041239	0.180523302881905
1.44569447046789	0.476184455710964
0.508611512899089	0.179247425596536
1.02363521199244	0.381873400117373
0.154509067766894	0.0289541162362231
0.94820175004088	0.248479682375772
-1.29917429595245	0.579864221629977
-0.236519085872564	0.0760782981535278
0.15963091503218	0.0399802605532864
1.81545080408239	0.703738180326379
0.658157600688591	0.206837664845118
1.31187743476134	0.562546621193265
3.63331351050508	1.42008896661082
1.759269277723	0.963114961116771
0.152050960400409	0.028630259939513
-1.83597776269255	0.742763952258261
3.26569824690609	1.10327543173781
1.44862736407577	0.477555630338169
-1.2948051112795	0.577362423726676
0.160221796316651	0.0401166927693931
-3.45945095257726	1.22747869975084
0.162952579336367	0.0406858836130456
0.669640034979678	0.307781097383292
0.94820175004088	0.248479682375772
0.160221796316651	0.0401166927693931
0.94820175004088	0.248479682375772
1.95731570776637	0.441000340195791
1.44839669376933	0.477459847846965
0.134096582628132	0.0445246807155045
0.155067569950451	0.0290355764553768
-0.0777810266934077	0.0342469158484829
3.26345542626113	1.10199860979414
-1.83165926032039	0.740451579277532
1.31240282325545	0.562988742832529
1.01810403870788	0.379203855378532
-1.79839614394125	0.382877807711208
0.370650988532887	0.164283149019924
3.26284822825054	1.10169382604423
1.8138222857108	0.70292085392477
0.948768757521975	0.248549269795159
-0.628164901903538	0.15157555358925
0.130252043796619	0.0490662084514869
0.155067569950451	0.0290355764553768
1.04378432587275	0.495692924097087
0.156070095129669	0.0391676647119387
0.947635845528227	0.248244973505163
0.157370411029726	0.0293708256249034
0.944504519928106	0.247598335656165
1.81294103662311	0.70256079058948
0.948905461162112	0.248586345985544
1.95786695174359	0.441149378722158
0.144640697621443	0.0425017414545061
-0.626075023442282	0.151167646950723
-0.358557998384515	0.10292132426425
1.02592340208434	0.382810966482796
0.94820175004088	0.248479682375772
2.72074576726988	1.62941016530153
1.44862736407577	0.477555630338169
0.15963091503218	0.0399802605532864
-3.76471792016279	1.48446146627735
-0.738079783119958	0.251987608125061
0.159992352718576	0.0400538861334557
-0.355394630173918	0.102015543768339
0.658157600688591	0.206837664845118
1.81294103662311	0.70256079058948
0.658741078701816	0.207014004441108
3.92630081042927	1.70195316826628
0.144389940892798	0.0424393237157952
0.802489056255948	0.330144551890374
1.76046014220399	0.964372176205742
0.160221796316651	0.0401166927693931
0.160813493636874	0.0402291855562724
0.14556417703739	0.0427370982099398
0.947770742439721	0.248281535275256
0.155111385030128	0.0290417527313876
-0.734865258526109	0.250732421647056
0.162125356869158	0.0404960611383205
-0.736131442714986	0.251191396874175
-1.83962358353467	0.744558464662274
0.15963091503218	0.0399802605532864
0.948768757521975	0.248549269795159
-1.52866955783943	0.543083867430977
1.95786695174359	0.441149378722158
-0.734528869218703	0.25053149884483
0.657864503304789	0.206616146564203
0.947770742439721	0.248281535275256
3.26284822825054	1.10169382604423
0.948768757521975	0.248549269795159
0.518750431073695	0.182920356597954
1.44899109330448	0.477667123734845
1.44862736407577	0.477555630338169
3.26857074944807	1.10417713664958
1.02097706153712	0.380421430230224
-0.168663393721381	0.0603724956040683
0.155111385030128	0.0290417527313876
1.95731570776637	0.441000340195791
0.947635845528227	0.248244973505163
0.163185820804974	0.0407257646525502
0.950426851449918	0.249037516760643
1.44839669376933	0.477459847846965
-1.52525862148376	0.541687313963439
0.948337549654709	0.248516516252871
1.45138090115721	0.478568850670936
0.944504519928106	0.247598335656165
-0.628733247343677	0.151688343674084
1.02156194483674	0.380771817220124
1.44862736407577	0.477555630338169
0.15963091503218	0.0399802605532864
1.44839669376933	0.477459847846965
-1.00077046454764	0.494047076059912
0.508115032981171	0.179108309242443
0.12976385462973	0.0554328716503754
0.155111385030128	0.0290417527313876
0.146584487246171	0.0430023159110844
0.14556417703739	0.0427370982099398
1.8135291528185	0.702758164322864
-0.792741102489134	0.344191342632362
0.133301116726748	0.0442849463266127
0.94820175004088	0.248479682375772
0.144389940892798	0.0424393237157952
-0.240627572806769	0.0774207528438286
0.512948788838409	0.180923723722652
-0.354229439997714	0.101697261087168
0.154465593370314	0.0289479903375428
-1.14171114622793	0.344693702322242
0.948337549654709	0.248516516252871
1.44922258720914	0.477763268309402
0.143132619682455	0.0420748163550394
0.154465593370314	0.0289479903375428
-0.742776335066151	0.253679551734855
-0.35569023027487	0.10209347470967
0.660638687988492	0.207526442563452
0.156304884454214	0.0392194704826931
-0.412860436217696	0.171921381427765
1.95786695174359	0.441149378722158
-0.234312185154952	0.0754304879292539
0.657866689740957	0.206670742493303
0.661811042100157	0.2078534144171
0.659032459281836	0.207041754611057
-1.04324829900211	0.41067273876345
0.94820175004088	0.248479682375772
-0.628867026021838	0.151670609188118
1.45198001091205	0.478658944297305
-0.735795036496609	0.251087692088149
1.95988292961267	0.441702177751728
-3.0857009920368	0.949295045119167
0.145995384957952	0.042836480378728
0.5126703877852	0.180806312829072
1.02304894811125	0.381607715308403
1.55090836910576	0.752761159852234
0.155067569950451	0.0290355764553768
0.653826927429073	0.205337088996143
1.95731570776637	0.441000340195791
0.947635845528227	0.248244973505163
0.343416652067669	0.171640279908396
2.75641316563256	0.763778311858285
0.94820175004088	0.248479682375772
0.146332921310034	0.0429416898033695
1.44862736407577	0.477555630338169
-1.83504104592481	0.742292078332567
-2.5766529574574	0.657773148602288
3.26406378444313	1.10187162962723
-0.236072750277141	0.0759464812223969
2.75641316563256	0.763778311858285
1.45198001091205	0.478658944297305
0.152050960400409	0.028630259939513
2.75580772001712	0.763760469153332
1.44839669376933	0.477459847846965
2.75580772001712	0.763760469153332
1.95786695174359	0.441149378722158
-0.628599509856641	0.151612619227975
0.656311070885642	0.206056768558202
1.02685010343664	0.383062880383657
0.162719274583833	0.0406219991153643
-0.737745529684395	0.251848226779474
0.155111385030128	0.0290417527313876
0.658157600688591	0.206837664845118
1.02363521199244	0.381873400117373
-0.631994988626399	0.152498044571477
-3.08216231491203	0.947551973079846
2.75580772001712	0.763760469153332
2.10139563641952	0.924609016057742
0.943937640725668	0.24736392993685
0.154311934860129	0.0289593414864238
0.658448437247608	0.206865271021461
-1.52497036065527	0.541612586959632
1.81323362267005	0.702723165703649
1.44839669376933	0.477459847846965
0.948337549654709	0.248516516252871
3.63694507499105	1.42148992135626
-0.628733247343677	0.151688343674084
0.15144823932183	0.0285426379557898
0.155067569950451	0.0290355764553768
0.156661115950913	0.0392800358899383
0.155111385030128	0.0290417527313876
0.948768757521975	0.248549269795159
-3.08216231491203	0.947551973079846
-0.355394630173918	0.102015543768339
-0.743029498323094	0.253754321369633
0.155067569950451	0.0290355764553768
-0.628599509856641	0.151612619227975
0.948905461162112	0.248586345985544
-0.358848207258787	0.103009197892419
0.155713854733082	0.0390835596706886
-1.83105982818556	0.740099638711398
-1.79840965860499	0.382877827643389
2.75641316563256	0.763778311858285
0.144976980831471	0.0425943260188831
-1.79839614394125	0.382877807711208
-1.1414839653338	0.344622990730584
0.159402290839324	0.0399177124259514
0.948768757521975	0.248549269795159
0.160813493636874	0.0402291855562724
0.514780733836532	0.181589698987139
0.158797898832415	0.0397350165406265
-1.79839614394125	0.382877807711208
1.30785910565979	0.560597035734697
-1.04290235412753	0.410559570501728
0.154465593370314	0.0289479903375428
-1.52556530925699	0.541887546993991
0.653245802516738	0.205089848433872
0.155067569950451	0.0290355764553768
0.663132334033902	0.208271470068789
1.95731570776637	0.441000340195791
0.154465593370314	0.0289479903375428
-1.79839614394125	0.382877807711208
3.26284822825054	1.10169382604423
1.38296656345871	1.06658698077271
1.02592340208434	0.382810966482796
0.155067569950451	0.0290355764553768
1.81515619836297	0.703574555319196
0.944504519928106	0.247598335656165
1.95731570776637	0.441000340195791
0.948905461162112	0.248586345985544
1.95786695174359	0.441149378722158
0.155067569950451	0.0290355764553768
0.948337549654709	0.248516516252871
1.95731570776637	0.441000340195791
2.75580772001712	0.763760469153332
-1.14523333483643	0.345843348749308
1.95786695174359	0.441149378722158
0.156661115950913	0.0392800358899383
3.26284822825054	1.10169382604423
0.950858461556905	0.2491584305819
0.948768757521975	0.248549269795159
2.75807933893485	0.764710363024488
-2.57660997484294	0.657538252319339
1.95988292961267	0.441702177751728
1.95731570776637	0.441000340195791
-1.14284398403614	0.345169869447138
-2.57660997484294	0.657538252319339
-3.08229418357021	0.947231644170671
3.26508709738097	1.10261522135605
-1.14088544605048	0.344426431780091
-3.45922605387697	1.22727228815634
-2.5766529574574	0.657773148602288
0.154509067766894	0.0289541162362231
2.75807933893485	0.764710363024488
3.26284822825054	1.10169382604423
1.81323362267005	0.702723165703649
0.158441687834525	0.0396618099099809
1.44958631087756	0.477702557005987
-1.52525862148376	0.541687313963439
-3.08556356757563	0.949512459473102
0.947163829875457	0.248276694926132
1.30785910565979	0.560597035734697
2.54427735653569	1.37734833843962
0.155111385030128	0.0290417527313876
1.95731570776637	0.441000340195791
0.950858461556905	0.2491584305819
0.950998501270056	0.249196467275389
1.95786695174359	0.441149378722158
-0.357247952587094	0.102560703144377
-1.79839614394125	0.382877807711208
-2.5766529574574	0.657773148602288
0.155111385030128	0.0290417527313876
-2.5766529574574	0.657773148602288
1.44780311038183	0.477066495630919
0.160221796316651	0.0401166927693931
0.948768757521975	0.248549269795159
-1.14171114622793	0.344693702322242
-0.629763239673253	0.152058330338803
-1.14171114622793	0.344693702322242
-0.628733247343677	0.151688343674084
0.948768757521975	0.248549269795159
0.154465593370314	0.0289479903375428
2.75868832531345	0.765017792149168
0.160813493636874	0.0402291855562724
0.659324643575319	0.207123110468657
-2.57660997484294	0.657538252319339
0.160221796316651	0.0401166927693931
1.02019987734301	0.380189874951528
1.44509906384746	0.476148552116978
2.75520320904554	0.763197913000704
-0.628164901903538	0.15157555358925
1.44862736407577	0.477555630338169
0.159402290839324	0.0399177124259514
1.95731570776637	0.441000340195791
2.75868832531345	0.765017792149168
0.950858461556905	0.2491584305819
3.26508709738097	1.10261522135605
2.75520320904554	0.763197913000704
-1.79839614394125	0.382877807711208
1.4480329582247	0.477161868008032
0.94820175004088	0.248479682375772
-1.79840965860499	0.382877827643389
-1.79839614394125	0.382877807711208
-1.79840965860499	0.382877827643389
1.95786695174359	0.441149378722158
0.155067569950451	0.0290355764553768
1.95786695174359	0.441149378722158
1.95786695174359	0.441149378722158
1.95731570776637	0.441000340195791
1.95731570776637	0.441000340195791
1.95786695174359	0.441149378722158
0.161043695584893	0.0402684742968713
-1.79839614394125	0.382877807711208
0.154509067766894	0.0289541162362231
0.157370411029726	0.0293708256249034
2.75580772001712	0.763760469153332
0.944504519928106	0.247598335656165
-1.52585303078124	0.541962051097293
1.95731570776637	0.441000340195791
-0.628733247343677	0.151688343674084
-1.79839614394125	0.382877807711208
0.948768757521975	0.248549269795159
1.95786695174359	0.441149378722158
3.26284822825054	1.10169382604423
-1.13895833229548	0.343813220888229
0.146922191196889	0.0431076767472804
-0.632424041671007	0.152580102364835
2.75641316563256	0.763778311858285
0.94820175004088	0.248479682375772
0.948337549654709	0.248516516252871
3.26569824690609	1.10327543173781
-1.14914601884225	0.347138431595007
1.44922258720914	0.477763268309402
0.659032459281836	0.207041754611057
0.514431860453614	0.181517099423547
-1.79840965860499	0.382877827643389
-3.08216231491203	0.947551973079846
-1.79840965860499	0.382877827643389
0.162719274583833	0.0406219991153643
0.154509067766894	0.0289541162362231
0.157370411029726	0.0293708256249034
-3.08229418357021	0.947231644170671
-3.76108876538849	1.48211039032061
-3.45922605387697	1.22727228815634
-2.57660997484294	0.657538252319339
-1.14499995487719	0.345855392571373
0.950858461556905	0.2491584305819
1.95786695174359	0.441149378722158
-0.628867026021838	0.151670609188118
-3.08203048704882	0.947509650360219
-0.354815349846941	0.101888689175609
2.1031177894695	0.925795147014246
-1.14284398403614	0.345169869447138
-1.79839614394125	0.382877807711208
2.75580772001712	0.763760469153332
-0.632563406792844	0.152610991116788
0.94820175004088	0.248479682375772
1.95731570776637	0.441000340195791
-2.57660997484294	0.657538252319339
0.146332921310034	0.0429416898033695
1.95731570776637	0.441000340195791
1.44922258720914	0.477763268309402
0.658448437247608	0.206865271021461
1.8135291528185	0.702758164322864
0.661225548064972	0.20772290984652
0.155067569950451	0.0290355764553768
0.15144823932183	0.0285426379557898
1.95731570776637	0.441000340195791
1.95786695174359	0.441149378722158
0.162719274583833	0.0406219991153643
0.157325350109871	0.02936446462458
1.95988292961267	0.441702177751728
2.75580772001712	0.763760469153332
-2.57669595250488	0.657559862268914
-3.0857009920368	0.949295045119167
-0.628030265547787	0.151499678636842
1.95786695174359	0.441149378722158
-2.57669595250488	0.657559862268914
-1.79839614394125	0.382877807711208
0.948905461162112	0.248586345985544
3.63331351050508	1.42008896661082
-1.79839614394125	0.382877807711208
-1.79839614394125	0.382877807711208
-0.739337707457692	0.252266162743882
-1.79839614394125	0.382877807711208
1.95786695174359	0.441149378722158
-1.79840965860499	0.382877827643389
-1.79839614394125	0.382877807711208
1.95731570776637	0.441000340195791
-1.79840965860499	0.382877827643389
-3.08216231491203	0.947551973079846
-1.79840965860499	0.382877827643389
0.950998501270056	0.249196467275389
0.948768757521975	0.248549269795159
1.95786695174359	0.441149378722158
3.26508709738097	1.10261522135605
0.157370411029726	0.0293708256249034
-1.79839614394125	0.382877807711208
1.95731570776637	0.441000340195791
1.95988292961267	0.441702177751728
0.16045117802105	0.0401558290866076
0.154509067766894	0.0289541162362231
0.947770742439721	0.248281535275256
-1.80123754984197	0.383647112861273
-2.57660997484294	0.657538252319339
0.948337549654709	0.248516516252871
-2.5766529574574	0.657773148602288
-1.80123754984197	0.383647112861273
0.947770742439721	0.248281535275256
-1.79839614394125	0.382877807711208
0.155067569950451	0.0290355764553768
0.15820382838182	0.0396092897578142
-1.80123754984197	0.383647112861273
1.44839669376933	0.477459847846965
-3.46322465260564	1.22963503158779
1.95988292961267	0.441702177751728
2.75580772001712	0.763760469153332
3.63694507499105	1.42148992135626
1.44981862951738	0.477799018830262
1.44725524543057	0.476951096350534
2.75520320904554	0.763197913000704
0.152050960400409	0.028630259939513
0.157370411029726	0.0293708256249034
2.75580772001712	0.763760469153332
2.75520320904554	0.763197913000704
0.15144823932183	0.0285426379557898
1.95731570776637	0.441000340195791
1.95731570776637	0.441000340195791
0.155067569950451	0.0290355764553768
1.95786695174359	0.441149378722158
1.95731570776637	0.441000340195791
-1.79839614394125	0.382877807711208
3.26284822825054	1.10169382604423
1.95786695174359	0.441149378722158
1.95731570776637	0.441000340195791
0.155111385030128	0.0290417527313876
1.95731570776637	0.441000340195791
3.26345542626113	1.10199860979414
-0.628030265547787	0.151499678636842
1.95731570776637	0.441000340195791
3.63629792702422	1.42164529184574
1.95786695174359	0.441149378722158
0.154465593370314	0.0289479903375428
0.155111385030128	0.0290417527313876
0.157370411029726	0.0293708256249034
3.26857074944807	1.10417713664958
1.95731570776637	0.441000340195791
2.75580772001712	0.763760469153332
0.16045117802105	0.0401558290866076
1.95786695174359	0.441149378722158
-1.79839614394125	0.382877807711208
0.155067569950451	0.0290355764553768
-1.79839614394125	0.382877807711208
-1.80123754984197	0.383647112861273
0.160221796316651	0.0401166927693931
-1.79840965860499	0.382877827643389
0.162590253502546	0.0405994312489443
-1.79840965860499	0.382877827643389
-1.79840965860499	0.382877827643389
0.154311934860129	0.0289593414864238
-3.08189869996978	0.9470994296719
-0.744521675908842	0.254256650960469
1.95786695174359	0.441149378722158
-2.57968420714322	0.659073447553718
1.95786695174359	0.441149378722158
1.95786695174359	0.441149378722158
0.947770742439721	0.248281535275256
0.154465593370314	0.0289479903375428
1.95786695174359	0.441149378722158
1.95731570776637	0.441000340195791
0.950426851449918	0.249037516760643
1.95731570776637	0.441000340195791
1.95786695174359	0.441149378722158
1.95731570776637	0.441000340195791
0.94820175004088	0.248479682375772
1.95731570776637	0.441000340195791
1.95731570776637	0.441000340195791
1.95786695174359	0.441149378722158
2.75580772001712	0.763760469153332
0.948768757521975	0.248549269795159
-1.14111344283696	0.344497381350969
0.155111385030128	0.0290417527313876
0.154465593370314	0.0289479903375428
0.952960668065698	0.249631740841768
-2.5766529574574	0.657773148602288
-1.79839614394125	0.382877807711208
1.95786695174359	0.441149378722158
2.75868832531345	0.765017792149168
-0.63185471444008	0.152466960619287
-0.63185471444008	0.152466960619287
0.948905461162112	0.248586345985544
-1.79840965860499	0.382877827643389
1.95786695174359	0.441149378722158
-2.5766529574574	0.657773148602288
0.154509067766894	0.0289541162362231
2.75807933893485	0.764710363024488
1.95988292961267	0.441702177751728
-1.79840965860499	0.382877827643389
0.155067569950451	0.0290355764553768
-1.14171114622793	0.344693702322242
-1.79839614394125	0.382877807711208
0.154465593370314	0.0289479903375428
-1.80123754984197	0.383647112861273
-1.79839614394125	0.382877807711208
0.159859477622278	0.0400192334307773
-2.57963910438406	0.659061212358043
-3.08203048704882	0.947509650360219
0.948337549654709	0.248516516252871
0.157325350109871	0.02936446462458
2.75641316563256	0.763778311858285
1.95731570776637	0.441000340195791
1.95731570776637	0.441000340195791
1.44981862951738	0.477799018830262
0.154465593370314	0.0289479903375428
1.95786695174359	0.441149378722158
1.95731570776637	0.441000340195791
1.95988292961267	0.441702177751728
1.95786695174359	0.441149378722158
0.155111385030128	0.0290417527313876
0.157325350109871	0.02936446462458
0.155067569950451	0.0290355764553768
0.154509067766894	0.0289541162362231
0.152050960400409	0.028630259939513
1.95786695174359	0.441149378722158
2.75520320904554	0.763197913000704
2.75641316563256	0.763778311858285
1.95786695174359	0.441149378722158
2.75580772001712	0.763760469153332
0.152050960400409	0.028630259939513
1.95731570776637	0.441000340195791
3.26406378444313	1.10187162962723
3.92694117717927	1.70243676685084
0.947770742439721	0.248281535275256
0.948337549654709	0.248516516252871
0.154465593370314	0.0289479903375428
0.152050960400409	0.028630259939513
-1.79839614394125	0.382877807711208
-1.79840965860499	0.382877827643389
-2.5766529574574	0.657773148602288
-0.628733247343677	0.151688343674084
-0.354815349846941	0.101888689175609
0.155111385030128	0.0290417527313876
1.31218528243788	0.56311122145944
-3.08229418357021	0.947231644170671
1.95731570776637	0.441000340195791
0.155111385030128	0.0290417527313876
0.160221796316651	0.0401166927693931
1.95731570776637	0.441000340195791
0.154509067766894	0.0289541162362231
3.26345542626113	1.10199860979414
-2.5766529574574	0.657773148602288
-1.79840965860499	0.382877827643389
-1.1414839653338	0.344622990730584
-0.628599509856641	0.151612619227975
-1.14193838802885	0.344646219015582
0.948768757521975	0.248549269795159
0.155067569950451	0.0290355764553768
-1.79840965860499	0.382877827643389
-2.57963910438406	0.659061212358043
-1.79840965860499	0.382877827643389
-1.79840965860499	0.382877827643389
-2.5766529574574	0.657773148602288
2.75580772001712	0.763760469153332
1.45114635521655	0.478471348903038
2.75520320904554	0.763197913000704
1.95731570776637	0.441000340195791
1.95731570776637	0.441000340195791
0.159859477622278	0.0400192334307773
1.95786695174359	0.441149378722158
1.95731570776637	0.441000340195791
1.95786695174359	0.441149378722158
0.948905461162112	0.248586345985544
1.95731570776637	0.441000340195791
1.95731570776637	0.441000340195791
1.95786695174359	0.441149378722158
0.154509067766894	0.0289541162362231
1.44839669376933	0.477459847846965
1.95988292961267	0.441702177751728
1.95786695174359	0.441149378722158
0.950858461556905	0.2491584305819
0.154465593370314	0.0289479903375428
1.95786695174359	0.441149378722158
0.944504519928106	0.247598335656165
0.16045117802105	0.0401558290866076
1.95731570776637	0.441000340195791
-1.79840965860499	0.382877827643389
0.152050960400409	0.028630259939513
-0.628164901903538	0.15157555358925
2.75580772001712	0.763760469153332
0.947163829875457	0.248276694926132
0.155111385030128	0.0290417527313876
-0.628733247343677	0.151688343674084
-2.5766529574574	0.657773148602288
-1.79839614394125	0.382877807711208
-1.79839614394125	0.382877807711208
-2.57669595250488	0.657559862268914
-0.629763239673253	0.152058330338803
-1.1447666380351	0.34569313996721
0.155067569950451	0.0290355764553768
-0.628733247343677	0.151688343674084
-0.628164901903538	0.15157555358925
-0.628299579656606	0.151558046801791
1.95786695174359	0.441149378722158
2.75580772001712	0.763760469153332
1.95731570776637	0.441000340195791
1.45054889854294	0.478121061898946
0.950858461556905	0.2491584305819
1.95731570776637	0.441000340195791
1.95786695174359	0.441149378722158
1.95786695174359	0.441149378722158
1.95786695174359	0.441149378722158
0.950287720870208	0.248999740475732
1.44725524543057	0.476951096350534
1.95731570776637	0.441000340195791
1.95988292961267	0.441702177751728
2.75580772001712	0.763760469153332
1.95786695174359	0.441149378722158
1.95786695174359	0.441149378722158
0.948337549654709	0.248516516252871
0.157325350109871	0.02936446462458
0.947163829875457	0.248276694926132
1.95731570776637	0.441000340195791
2.75807933893485	0.764710363024488
-0.23522957281847	0.0756912588669357
3.26284822825054	1.10169382604423
1.95731570776637	0.441000340195791
0.94820175004088	0.248479682375772
1.95786695174359	0.441149378722158
0.950426851449918	0.249037516760643
1.81294103662311	0.70256079058948
3.26284822825054	1.10169382604423
1.95786695174359	0.441149378722158
-0.628599509856641	0.151612619227975
-0.626075023442282	0.151167646950723
0.653245802516738	0.205089848433872
0.162357836679133	0.0405597098553547
-0.628599509856641	0.151612619227975
0.155067569950451	0.0290355764553768
-2.57669595250488	0.657559862268914
-2.57669595250488	0.657559862268914
0.654703443030561	0.205608890273211
1.55486158244648	0.754948133287252
-1.53356266427775	0.545121163894634
1.95731570776637	0.441000340195791
0.152050960400409	0.028630259939513
3.26569824690609	1.10327543173781
0.154509067766894	0.0289541162362231
0.947770742439721	0.248281535275256
-3.08203048704882	0.947509650360219
1.95731570776637	0.441000340195791
0.154465593370314	0.0289479903375428
1.95731570776637	0.441000340195791
0.947635845528227	0.248244973505163
2.75520320904554	0.763197913000704
2.75520320904554	0.763197913000704
-0.355979365614545	0.102141358762928
0.154509067766894	0.0289541162362231
-0.628599509856641	0.151612619227975
2.75580772001712	0.763760469153332
0.154509067766894	0.0289541162362231
1.95786695174359	0.441149378722158
3.26345542626113	1.10199860979414
2.75520320904554	0.763197913000704
-3.08189869996978	0.9470994296719
1.44862736407577	0.477555630338169
0.94820175004088	0.248479682375772
0.947635845528227	0.248244973505163
2.75580772001712	0.763760469153332
-2.5766529574574	0.657773148602288
0.948337549654709	0.248516516252871
0.154509067766894	0.0289541162362231
0.511535984561553	0.180463547184556
0.948337549654709	0.248516516252871
0.660932155782147	0.207694635746326
-0.168071231557483	0.0602122711084703
-1.79840965860499	0.382877827643389
1.81205656672306	0.701877636994275
-1.80123754984197	0.383647112861273
2.75580772001712	0.763760469153332
1.95988292961267	0.441702177751728
1.95731570776637	0.441000340195791
0.16045117802105	0.0401558290866076
1.95786695174359	0.441149378722158
0.155067569950451	0.0290355764553768
1.95786695174359	0.441149378722158
0.948768757521975	0.248549269795159
0.155111385030128	0.0290417527313876
0.948337549654709	0.248516516252871
2.75807933893485	0.764710363024488
0.155067569950451	0.0290355764553768
-0.631994988626399	0.152498044571477
2.75580772001712	0.763760469153332
-3.45945095257726	1.22747869975084
0.658449623497539	0.206846818911275
0.154509067766894	0.0289541162362231
0.161043695584893	0.0402684742968713
1.02626205148491	0.382823634565729
0.660638687988492	0.207526442563452
1.04801697819616	0.498004473628131
2.75580772001712	0.763760469153332
-1.79840965860499	0.382877827643389
-1.79839614394125	0.382877807711208
0.157370411029726	0.0293708256249034
1.95731570776637	0.441000340195791
1.95731570776637	0.441000340195791
0.154509067766894	0.0289541162362231
1.95786695174359	0.441149378722158
0.944504519928106	0.247598335656165
-0.35262379016767	0.101278913820777
1.95786695174359	0.441149378722158
1.95786695174359	0.441149378722158
1.95731570776637	0.441000340195791
1.44862736407577	0.477555630338169
-1.79840965860499	0.382877827643389
2.75520320904554	0.763197913000704
-1.79839614394125	0.382877807711208
0.154465593370314	0.0289479903375428
1.81604086904786	0.704001590638153
0.285811467905827	0.224713664078569
0.950998501270056	0.249196467275389
0.155067569950451	0.0290355764553768
1.95786695174359	0.441149378722158
1.95731570776637	0.441000340195791
1.95988292961267	0.441702177751728
0.154311934860129	0.0289593414864238
2.75807933893485	0.764710363024488
1.95786695174359	0.441149378722158
3.63395648950567	1.42026036401428
-1.80123754984197	0.383647112861273
0.160221796316651	0.0401166927693931
1.44922258720914	0.477763268309402
1.95731570776637	0.441000340195791
3.63331351050508	1.42008896661082
-1.83564160885514	0.742645090374466
-2.0888812011404	0.943710245621911
1.55378707815797	0.754352987255714
1.44725524543057	0.476951096350534
1.44569447046789	0.476184455710964
0.671166583876549	0.308670070263109
-1.1414839653338	0.344622990730584
-0.628164901903538	0.15157555358925
-2.5766529574574	0.657773148602288
2.76097686654259	0.765783986906631
0.154465593370314	0.0289479903375428
3.26284822825054	1.10169382604423
1.95731570776637	0.441000340195791
0.948905461162112	0.248586345985544
0.154509067766894	0.0289541162362231
0.947770742439721	0.248281535275256
-0.628164901903538	0.15157555358925
0.943937640725668	0.24736392993685
3.6326714041979	1.41965046916025
1.44569447046789	0.476184455710964
1.95786695174359	0.441149378722158
0.155111385030128	0.0290417527313876
0.155067569950451	0.0290355764553768
0.950998501270056	0.249196467275389
0.94820175004088	0.248479682375772
1.30785910565979	0.560597035734697
0.162952579336367	0.0406858836130456
2.33706074348868	1.14515549915231
0.14371839260098	0.0422424410228484
1.31451987093813	0.564351638075811
2.34314692663222	1.14883919940855
1.02271178737872	0.381316878019672
0.143817020419273	0.042209488638599
1.44780311038183	0.477066495630919
0.658741078701816	0.207014004441108
0.658157600688591	0.206837664845118
-2.58269164924118	0.660244336228982
-1.1414839653338	0.344622990730584
-0.628030265547787	0.151499678636842
0.658157600688591	0.206837664845118
1.45138090115721	0.478568850670936
0.947635845528227	0.248244973505163
-0.628164901903538	0.15157555358925
0.159859477622278	0.0400192334307773
-2.57963910438406	0.659061212358043
2.75580772001712	0.763760469153332
0.154465593370314	0.0289479903375428
0.154509067766894	0.0289541162362231
0.430034918597118	0.169732493078437
1.44839669376933	0.477459847846965
0.155067569950451	0.0290355764553768
1.81767719681703	0.704324972687456
-1.2941091808211	0.576975974922849
0.154509067766894	0.0289541162362231
1.95786695174359	0.441149378722158
-0.999770520176459	0.493549718270557
0.511535984561553	0.180463547184556
-1.29790303333427	0.579341243572057
1.55230573373748	0.753147839021799
0.94820175004088	0.248479682375772
0.428285671446016	0.169094775343879
1.02626205148491	0.382823634565729
1.44958631087756	0.477702557005987
1.95731570776637	0.441000340195791
1.95786695174359	0.441149378722158
1.44839669376933	0.477459847846965
1.95786695174359	0.441149378722158
0.660932155782147	0.207694635746326
1.44725524543057	0.476951096350534
-0.735201728577998	0.25087231236032
1.02567343435987	0.382470463826608
2.10227195989275	0.924990315433236
3.63460034321621	1.42001047409594
-0.628299579656606	0.151558046801791
4.17043948933667	1.96717286809947
1.02455981174032	0.382091874796033
0.65757421006213	0.206588655278929
-1.0001037668499	0.493752779623566
1.44839669376933	0.477459847846965
0.802489056255948	0.330144551890374
0.946592090327999	0.248117976822064
1.45138090115721	0.478568850670936
2.75580772001712	0.763760469153332
3.26857074944807	1.10417713664958
3.26284822825054	1.10169382604423
0.155067569950451	0.0290355764553768
0.94820175004088	0.248479682375772
1.95731570776637	0.441000340195791
0.947635845528227	0.248244973505163
-0.412860436217696	0.171921381427765
-1.14111344283696	0.344497381350969
-1.13872731243543	0.343741383764358
-0.358848207258787	0.103009197892419
-0.238517872091775	0.0767343190056563
-1.14111344283696	0.344497381350969
0.660347295989593	0.207462296247491
0.947770742439721	0.248281535275256
1.95731570776637	0.441000340195791
1.31218528243788	0.56311122145944
1.95731570776637	0.441000340195791
2.75580772001712	0.763760469153332
1.95731570776637	0.441000340195791
0.155067569950451	0.0290355764553768
1.95786695174359	0.441149378722158
1.95731570776637	0.441000340195791
1.95988292961267	0.441702177751728
-1.04221071709325	0.410198911511082
0.31426204104514	0.189884926873104
-2.5766529574574	0.657773148602288
-2.0818949561759	0.939030968916842
-0.410345705148427	0.170778209464388
0.370060499620689	0.163964092997672
-0.354815349846941	0.101888689175609
1.02592340208434	0.382810966482796
0.154465593370314	0.0289479903375428
1.95731570776637	0.441000340195791
1.95731570776637	0.441000340195791
2.75580772001712	0.763760469153332
-0.81365091651759	0.445555321944807
-0.238433725050041	0.0767157416465737
3.26345542626113	1.10199860979414
0.67374098604665	0.310203332995967
-1.52468217246603	0.541450953371581
2.75580772001712	0.763760469153332
-0.626075023442282	0.151167646950723
2.75580772001712	0.763760469153332
1.44391071628385	0.475549251261387
-0.35262379016767	0.101278913820777
1.4480329582247	0.477161868008032
0.159036592116599	0.0397877345506797
1.95786695174359	0.441149378722158
0.948905461162112	0.248586345985544
2.75807933893485	0.764710363024488
1.95988292961267	0.441702177751728
1.4480329582247	0.477161868008032
0.94820175004088	0.248479682375772
-3.45922605387697	1.22727228815634
0.132382889280095	0.0439989008298304
0.144725574883443	0.0425191258680454
0.162952579336367	0.0406858836130456
0.658741078701816	0.207014004441108
-0.791200257545119	0.343340530735072
0.658157600688591	0.206837664845118
0.15963091503218	0.0399802605532864
4.16480743748042	1.96391658672842
-1.00565044704048	0.497395739380682
0.154509067766894	0.0289541162362231
1.45138090115721	0.478568850670936
0.131850096082115	0.0496765164754003
-0.537241703354832	0.201774932174822
0.948905461162112	0.248586345985544
3.26508709738097	1.10261522135605
1.95731570776637	0.441000340195791
-1.83530553524322	0.742418988109019
1.4480329582247	0.477161868008032
-0.542682107954062	0.204015443104983
1.02455981174032	0.382091874796033
0.948905461162112	0.248586345985544
0.948768757521975	0.248549269795159
0.155111385030128	0.0290417527313876
1.8138222857108	0.70292085392477
0.510839396613925	0.180141996770445
2.72186630426766	1.63121525014432
-3.76165974462818	1.48222195957514
-0.628299579656606	0.151558046801791
0.15144823932183	0.0285426379557898
1.95786695174359	0.441149378722158
0.660347295989593	0.207462296247491
-0.237212899766669	0.0763212805777045
-0.0764767449860067	0.0336819347168771
-3.46322465260564	1.22963503158779
0.803055311396109	0.330423388744012
0.654408135649179	0.205512311863459
0.510747125906926	0.180055308660596
-2.57660997484294	0.657538252319339
2.10173504798347	0.924843834263361
0.12721286702887	0.047917372397591
-0.628195266656509	0.301456110896782
0.657866689740957	0.206670742493303
0.154465593370314	0.0289479903375428
2.75520320904554	0.763197913000704
1.95786695174359	0.441149378722158
0.511535984561553	0.180463547184556
1.64067453404167	1.53877086799497
-0.165306041400927	0.0592208118770727
0.156070095129669	0.0391676647119387
1.81515619836297	0.703574555319196
0.663718669460888	0.208457802619674
0.658157600688591	0.206837664845118
-0.539535866518366	0.202616428643095
1.95731570776637	0.441000340195791
-3.08542618523242	0.949198094742557
0.654408135649179	0.205512311863459
-0.62509689781615	0.299186252053425
-2.57669595250488	0.657559862268914
0.948768757521975	0.248549269795159
1.95731570776637	0.441000340195791
0.144640697621443	0.0425017414545061
0.128257995526357	0.0483688606653588
-0.16650099284086	0.0596001915892432
0.947770742439721	0.248281535275256
0.15047786822287	0.0440284865064344
0.871398214236849	0.460610869175856
3.26224218729945	1.1009233569627
-0.35569023027487	0.10209347470967
-2.5766529574574	0.657773148602288
0.787465625729954	0.62297458392396
1.95988292961267	0.441702177751728
2.75641316563256	0.763778311858285
1.44450447975593	0.475941549703467
0.154465593370314	0.0289479903375428
1.04267536642294	0.494927913760596
0.126850400325993	0.0541601948700295
0.160221796316651	0.0401166927693931
0.158797898832415	0.0397350165406265
0.427940197825985	0.168935073750412
0.512103476504473	0.180655514559587
1.44509906384746	0.476148552116978
3.9232513707374	1.69997531930461
-0.354525819937872	0.101778275735803
-0.117957085717499	0.0469570963557836
0.948905461162112	0.248586345985544
0.156070095129669	0.0391676647119387
0.135013832711232	0.0448286361779132
0.849303912265745	0.625998596159384
0.675381903961414	0.311010897261863
1.81515619836297	0.703574555319196
0.159992352718576	0.0400538861334557
-0.788618958882262	0.341859317766317
-0.352915395102444	0.101358152963712
-0.537020300726747	0.201726380349835
-0.537590863359465	0.201894959579
-0.628733247343677	0.151688343674084
0.160221796316651	0.0401166927693931
-0.150923240612325	0.0859885821648008
0.143231568712453	0.0420634101782781
0.157370411029726	0.0293708256249034
1.02304894811125	0.381607715308403
1.95731570776637	0.441000340195791
0.948337549654709	0.248516516252871
-1.00109114438115	0.494830108494711
-0.19351038807588	0.104665821431364
2.75520320904554	0.763197913000704
-0.0774310000255217	0.0341007322353275
0.427726139064257	0.168841338822495
0.13571412709247	0.0450530753488282
-2.00172182712626	1.39389344029929
1.07167574056416	0.651048538426734
0.950287720870208	0.248999740475732
1.95731570776637	0.441000340195791
1.95731570776637	0.441000340195791
1.95731570776637	0.441000340195791
2.75807933893485	0.764710363024488
0.342766164806246	0.17127254417448
1.45114635521655	0.478471348903038
0.149212845857803	0.0436974436845553
1.45138090115721	0.478568850670936
0.653826927429073	0.205337088996143
0.885016438325024	0.469497274711102
0.774784803839899	0.460245905655184
1.95988292961267	0.441702177751728
1.81115625615482	0.701436048499222
-0.354519585455166	0.101776151388844
-1.83537736671358	0.742411015726266
0.948768757521975	0.248549269795159
0.147259813410519	0.0432007445014279
0.161390300698196	0.0928603581633844
1.95786695174359	0.441149378722158
0.154509067766894	0.0289541162362231
1.95786695174359	0.441149378722158
0.800521879884642	0.329131641552942
1.45078261646269	0.478218161496633
1.95731570776637	0.441000340195791
1.81176507224111	0.701716027060748
0.950426851449918	0.249037516760643
0.340106151270341	0.16969401000777
0.128002629615466	0.0425983067073654
1.80894124091292	0.700425017401662
2.75580772001712	0.763760469153332
0.144054213480702	0.0423469198905259
-4.22581657690928	1.96408199501772
0.140609521820489	0.0413743325045252
0.950287720870208	0.248999740475732
2.75580772001712	0.763760469153332
-2.57963910438406	0.659061212358043
2.75580772001712	0.763760469153332
1.95988292961267	0.441702177751728
1.95786695174359	0.441149378722158
0.948905461162112	0.248586345985544
3.63800215358027	1.42157836230782
0.658448437247608	0.206865271021461
0.937366127711446	0.631586193829918
0.801003629379337	0.329269419736642
0.660932155782147	0.207694635746326
0.675594516512847	0.311264479842621
-1.29882542782854	0.579669605589987
0.658448437247608	0.206865271021461
-0.171201121492568	0.0613083374431992
0.135983782260437	0.0400782901589669
0.154465593370314	0.0289479903375428
-2.64943093182385	1.61330512170563
0.425627365203623	0.167916299468516
0.131850096082115	0.0496765164754003
0.157325350109871	0.02936446462458
0.948905461162112	0.248586345985544
1.45355066214954	0.47909620382923
0.155111385030128	0.0290417527313876
-1.79840965860499	0.382877827643389
1.95786695174359	0.441149378722158
1.95731570776637	0.441000340195791
1.44862736407577	0.477555630338169
-0.628733247343677	0.151688343674084
0.160221796316651	0.0401166927693931
-0.416180819022606	0.173548740911163
0.948337549654709	0.248516516252871
-1.13895833229548	0.343813220888229
-2.5766529574574	0.657773148602288
0.161043695584893	0.0402684742968713
-0.234659925712008	0.0755339906287207
0.802489056255948	0.330144551890374
-1.14111344283696	0.344497381350969
-0.359141638818634	0.103112871302961
0.880736150004461	0.466270264133384
-0.323943494566162	0.149495425121135
0.661517102334111	0.207824976675168
3.63203016857434	1.41874839489518
0.159402290839324	0.0399177124259514
0.16045117802105	0.0401558290866076
0.159992352718576	0.0400538861334557
0.654703443030561	0.205608890273211
3.26508709738097	1.10261522135605
2.75580772001712	0.763760469153332
0.950998501270056	0.249196467275389
1.02480914386846	0.382191050766977
0.154465593370314	0.0289479903375428
-1.29422913938657	0.576824155878015
3.26345542626113	1.10199860979414
0.15963091503218	0.0399802605532864
-0.234659925712008	0.0755339906287207
0.88099839576048	0.466529066729843
-0.34623273382612	0.210589839273527
-1.61994972325359	1.25536190199344
1.04299616753743	0.494514424164666
-1.14111344283696	0.344497381350969
-0.737824274342293	0.251781339210884
0.159402290839324	0.0399177124259514
1.25599478121855	0.680370001576288
1.04390304170334	0.495341115745227
-2.5766529574574	0.657773148602288
1.94912101919151	1.19892093836985
1.81456677210567	0.703082758766755
1.81235300959058	0.702242876396542
-0.626075023442282	0.151167646950723
2.75580772001712	0.763760469153332
1.02338601426445	0.38161996773056
0.159992352718576	0.0400538861334557
0.154465593370314	0.0289479903375428
-0.628599509856641	0.151612619227975
0.154509067766894	0.0289541162362231
0.162952579336367	0.0406858836130456
0.152050960400409	0.028630259939513
-0.996844113472531	0.49186769829669
-1.51205147000913	0.761649961850138
2.75580772001712	0.763760469153332
-1.50794706066394	0.75869717656901
-0.235007751863996	0.0756217011010752
0.154509067766894	0.0289541162362231
0.806031822454127	0.331901204294119
-0.628733247343677	0.151688343674084
3.26345542626113	1.10199860979414
-1.79839614394125	0.382877807711208
0.143137930281083	0.0420234902455121
2.5422210800607	1.37539333441399
0.145313170347528	0.042674261922763
2.76097686654259	0.765783986906631
0.160221796316651	0.0401166927693931
1.95731570776637	0.441000340195791
2.75641316563256	0.763778311858285
0.15144823932183	0.0285426379557898
0.94820175004088	0.248479682375772
1.0239728358881	0.381885834911352
-1.79840965860499	0.382877827643389
-3.45922605387697	1.22727228815634
-1.14171114622793	0.344693702322242
-2.57660997484294	0.657538252319339
0.155067569950451	0.0290355764553768
-3.45922605387697	1.22727228815634
0.16045117802105	0.0401558290866076
0.144054213480702	0.0423469198905259
-1.04090886464526	0.409486451709067
0.127400928165014	0.0480444248477577
-1.29929877495216	0.579944104762718
-3.76080338308098	1.48176245886347
0.16045117802105	0.0401558290866076
0.130626533328143	0.0434288699946859
-1.52556530925699	0.541887546993991
1.31240282325545	0.562988742832529
-3.45922605387697	1.22727228815634
1.02455981174032	0.382091874796033
0.50720087150347	0.178829201945322
-0.240846100521927	0.0774684702165293
-0.113617842404022	0.045231923551469
-0.352915395102444	0.101358152963712
2.3407843761875	1.14791185937458
0.154465593370314	0.0289479903375428
1.95988292961267	0.441702177751728
0.946592090327999	0.248117976822064
-0.631994988626399	0.152498044571477
-0.355104953248248	0.101967480674674
0.155111385030128	0.0290417527313876
1.95786695174359	0.441149378722158
-0.628733247343677	0.151688343674084
1.95731570776637	0.441000340195791
2.10636939831221	0.927285990182235
-2.08582299585273	0.941618760271733
0.775126494768611	0.460513030595508
0.136037036853093	0.0580806941212942
-1.79840965860499	0.382877827643389
-2.08651667798306	0.942148962041558
-1.04721949984211	0.412618976511128
-0.628867026021838	0.151670609188118
-0.539312347732804	0.202625351504848
-4.86201125204399	3.12534464608052
3.26345542626113	1.10199860979414
0.132382889280095	0.0439989008298304
2.54914246833101	1.38188149930818
0.785101071065811	0.620819602672639
0.15547989361324	0.039031965106125
-3.08542618523242	0.949198094742557
1.95731570776637	0.441000340195791
0.156304884454214	0.0392194704826931
0.950426851449918	0.249037516760643
1.95731570776637	0.441000340195791
1.95731570776637	0.441000340195791
0.155067569950451	0.0290355764553768
0.157370411029726	0.0293708256249034
0.658157600688591	0.206837664845118
2.75868832531345	0.765017792149168
0.660932155782147	0.207694635746326
-2.57669595250488	0.657559862268914
2.75520320904554	0.763197913000704
0.948768757521975	0.248549269795159
0.155067569950451	0.0290355764553768
1.95731570776637	0.441000340195791
-0.331873685550924	0.153402608295895
-0.229784758882147	0.150289684542723
-3.46276423195498	1.22902448571158
-1.52585303078124	0.541962051097293
-0.172886148273605	0.0618700874958794
0.87950350408883	0.466094009941272
-0.792741102489134	0.344191342632362
0.511535984561553	0.180463547184556
0.502848017421805	0.177122784241691
0.155111385030128	0.0290417527313876
0.141131259134761	0.0414200889842906
0.343515362055148	0.171387824364995
0.307060299589238	0.198669065165743
0.659324643575319	0.207123110468657
0.948905461162112	0.248586345985544
0.947770742439721	0.248281535275256
1.44862736407577	0.477555630338169
1.95786695174359	0.441149378722158
2.75641316563256	0.763778311858285
-0.355401168227563	0.102014834884787
0.154509067766894	0.0289541162362231
1.95731570776637	0.441000340195791
3.26224218729945	1.1009233569627
0.154509067766894	0.0289541162362231
1.95731570776637	0.441000340195791
-1.52896155531942	0.543366808154917
0.950998501270056	0.249196467275389
3.92389000551089	1.70054361221532
0.777767612019192	0.462658321246098
0.841138328751573	0.76543594533537
0.148251126830879	0.0786491447862772
3.26345542626113	1.10199860979414
1.81205656672306	0.701877636994275
-0.629161817123023	0.301637361557933
0.339108391642414	0.1691026253186
-0.620449742756312	0.296725230351096
-1.00366765959495	0.496496750885548
0.15963091503218	0.0399802605532864
-0.164399596828408	0.0589021623891461
0.135739005212496	0.0651205809047999
0.0573041393219539	0.0353443320769691
0.654703443030561	0.205608890273211
0.511406581218177	0.180333732150807
0.50720087150347	0.178829201945322
0.658448437247608	0.206865271021461
1.44899109330448	0.477667123734845
0.947770742439721	0.248281535275256
1.95731570776637	0.441000340195791
0.160221796316651	0.0401166927693931
-1.13918941442725	0.343767291351689
2.75807933893485	0.764710363024488
0.155067569950451	0.0290355764553768
-0.539786580283239	0.202891755226766
0.156661115950913	0.0392800358899383
-0.798495518859077	0.434856355069732
-0.738414128880846	0.252090639638632
-2.57660997484294	0.657538252319339
-0.546507483504259	0.205607207829156
0.656894206098884	0.206287716765961
-1.83470480543889	0.742065970342523
0.374667869915192	0.166123158223375
-0.117336741462383	0.0466584622287431
1.45198001091205	0.478658944297305
0.513167244701502	0.180988618942657
0.801294435982005	0.329722340410091
0.131682648363566	0.0437604593152334
3.92580672554595	1.70065833032814
1.95786695174359	0.441149378722158
0.155067569950451	0.0290355764553768
0.140023273435885	0.041219830052157
0.657864503304789	0.206616146564203
0.132732885510209	0.0441080605497273
0.159992352718576	0.0400538861334557
0.14556417703739	0.0427370982099398
-0.631994988626399	0.152498044571477
0.160583229502904	0.0401661733691417
0.144725574883443	0.0425191258680454
-1.83671000980052	0.742902778346684
1.44922258720914	0.477763268309402
0.659324643575319	0.207123110468657
0.323748905855644	0.179053377130467
1.02338601426445	0.38161996773056
-1.69628324831707	0.956314425825286
-1.52674340008464	0.542380499879977
0.667910039261565	0.30706346862549
-0.168663393721381	0.0603724956040683
0.125348688058955	0.0472753894733249
0.144640697621443	0.0425017414545061
0.663132334033902	0.208271470068789
0.654408135649179	0.205512311863459
1.45138090115721	0.478568850670936
-0.354519585455166	0.101776151388844
0.798887367854718	0.328506973468232
0.157325350109871	0.02936446462458
0.124822735555812	0.0470818361400661
1.44725524543057	0.476951096350534
0.805680641996882	0.331728723334835
1.81264504950119	0.702404900566408
1.95988292961267	0.441702177751728
-0.737745529684395	0.251848226779474
-0.734865258526109	0.250732421647056
0.427940197825985	0.168935073750412
0.159992352718576	0.0400538861334557
0.425281606664403	0.167780963846818
-0.418432324070287	0.17452805778287
-1.00004103377151	0.493654528880013
-0.539312347732804	0.202625351504848
-1.29214946106116	0.575750520175542
-0.354815349846941	0.101888689175609
-0.418766093941213	0.174660992041724
-0.171201121492568	0.0613083374431992
0.140609521820489	0.0413743325045252
1.55357482739164	0.753998587470342
0.165103009331824	0.0411253937349734
0.65757421006213	0.206588655278929
0.508611512899089	0.179247425596536
0.798887367854718	0.328506973468232
1.44981862951738	0.477799018830262
0.15963091503218	0.0399802605532864
-0.164744037178764	0.059028259963585
0.131516255673475	0.0495525805236666
0.139684630056245	0.0411185419267414
1.06848943716824	0.648228728214423
-0.238130718624198	0.0765764115230572
-1.83165926032039	0.740451579277532
-1.1414839653338	0.344622990730584
1.75636600994836	0.96120367714451
0.657283842665822	0.20642210460759
0.144976980831471	0.0425943260188831
0.124488256386008	0.0469611145656188
0.144304320671072	0.0423970373819599
1.55563768080424	0.755897558752995
1.31275235192293	0.563405500186811
2.75520320904554	0.763197913000704
1.81294103662311	0.70256079058948
-0.628733247343677	0.151688343674084
2.09936716295541	0.923201539626781
-0.244977424990099	0.078799048069108
0.801571141201532	0.329656916274671
0.950426851449918	0.249037516760643
-0.237907054483207	0.0765120695488488
0.673482458034147	0.310019955946795
-2.30510991052137	1.15171940932676
0.130542666165209	0.0556791201910634
-0.542900106811953	0.204176406519794
1.80835489274816	0.70010856168417
1.04468424413511	0.49606346656651
0.155713854733082	0.0390835596706886
1.02304894811125	0.381607715308403
0.421828677837084	0.166370084244426
-0.35569023027487	0.10209347470967
3.26569824690609	1.10327543173781
0.948905461162112	0.248586345985544
1.31139839023769	0.562237305599265
-3.76108876538849	1.48211039032061
-0.788172601637339	0.341595524377101
0.427594646547955	0.168736117125312
-0.536671114051193	0.201606330220057
0.51245179464898	0.180728048354012
-0.238130718624198	0.0765764115230572
-1.00104129905763	0.4942642803179
-0.621686679461025	0.297492094197077
0.130894531886353	0.0435089375277545
-0.542900106811953	0.204176406519794
-0.354229439997714	0.101697261087168
0.124747653622348	0.0470684140825298
1.04780700199927	0.497914055094941
0.950998501270056	0.249196467275389
2.75641316563256	0.763778311858285
1.02329749324129	0.381582146499257
0.162357836679133	0.0405597098553547
0.654703443030561	0.205608890273211
-0.0767788065927494	0.0338194227138831
-0.241194698180716	0.0775963201393135
1.04079506363497	0.493718951705615
0.514213661606994	0.181383794125596
-1.34458487539477	0.843010836745783
-2.30007213812399	1.14746925859003
-2.30135040709624	1.14829181495397
-1.00395217666584	0.496433034650267
-0.970309363140249	0.598990362663396
-1.04664817491529	0.41219337703347
-0.168318442800183	0.0602514969158982
-0.997778677799232	0.492287479518007
0.425281606664403	0.167780963846818
3.26284822825054	1.10169382604423
0.160221796316651	0.0401166927693931
-0.800471254054648	0.619245629360796
-0.449364670341408	0.350567336022752
-0.937898374143768	0.693072175394343
0.161043695584893	0.0402684742968713
0.669294093430786	0.307879355796411
-0.330718327851164	0.152888747526128
-1.29237610264655	0.575925969894521
-1.69984590272943	0.959409105161515
-1.10951327913293	0.764651301809523
-0.628867026021838	0.151670609188118
0.158797898832415	0.0397350165406265
-0.11512189478062	0.0458130318128354
0.394368254181827	0.325787292538493
1.81886023461405	0.704877804186235
1.02880620938241	0.38386800333252
1.44839669376933	0.477459847846965
0.94820175004088	0.248479682375772
0.950426851449918	0.249037516760643
0.124180335663375	0.0413642945682001
-0.118577481929284	0.0471349831073602
-0.0389373997908019	0.0186088344942309
1.43625164354288	0.880995930096644
0.14380305748793	0.042271222114559
-0.236072750277141	0.0759464812223969
1.7574582830118	0.961478606508408
1.08779566447507	0.822587212247377
-0.0731696654725432	0.0322563091239041
1.22872983793056	0.842765890053093
-0.241892151565733	0.0777967682855961
2.75580772001712	0.763760469153332
0.126537481835482	0.0540219075248714
0.937717653360221	0.63198880434338
0.426534137158906	0.168253126180802
1.0239728358881	0.381885834911352
0.160210482347761	0.0851717445158443
0.374667869915192	0.166123158223375
0.131463990676715	0.0437015090033304
1.07104993193989	0.650528292230192
-1.5270374870482	0.542502468800959
1.25427252025537	0.678807753709709
0.159402290839324	0.0399177124259514
-1.14559783756009	0.346052129596875
-0.173341415808603	0.0620980411857629
1.04424975463849	0.495554192271584
-0.353939368265063	0.101586834148653
-0.074691403259768	0.032904439302586
0.160813493636874	0.0402291855562724
-0.168098950998947	0.060182556134742
-0.540582774520611	0.203037525917041
-0.414916504285137	0.173010164636834
0.156304884454214	0.0392194704826931
1.81323362267005	0.702723165703649
0.947635845528227	0.248244973505163
-3.08189869996978	0.9470994296719
-0.5431188895219	0.204245277624117
0.803620921341924	0.330666152724973
0.536994344888302	0.310588581203924
3.92389000551089	1.70054361221532
-0.742101285286405	0.253499136601578
-0.165088554277847	0.0591488725692337
-0.234312185154952	0.0754304879292539
0.879823295650508	0.465619204635478
1.55528546656109	0.755344535013972
0.425842843580689	0.168023318876402
0.668169269084798	0.307180828373381
0.414061006607515	0.163064842919398
0.531478682091465	0.306640298371853
0.50952600895777	0.179673416398791
-0.0790365091036221	0.0347787779294144
1.44922258720914	0.477763268309402
0.371888890423992	0.164840854502777
1.04390304170334	0.495341115745227
0.144890403623689	0.042539469630613
0.134680746248804	0.057480909969413
0.510271633266051	0.179924314863983
0.944504519928106	0.247598335656165
0.373487311088405	0.165498832622079
0.671090897363156	0.308474785182752
-0.633526209276052	0.304226082014237
0.531174056748171	0.305985288511311
-1.30310691109147	0.582207099680886
-0.0370626820627897	0.0177489375041965
0.883198277759912	0.468265493265458
0.153559007655951	0.0814813593433888
0.425281606664403	0.167780963846818
0.135717615963667	0.0579386701683418
0.672812797155709	0.309654422171124
0.129611115232073	0.0552814638410688
-0.0133861710905803	0.00672648683872928
0.511755072041239	0.180523302881905
1.81323362267005	0.702723165703649
1.81456677210567	0.703082758766755
-0.171762117804328	0.0615057733921786
1.25368012065866	0.678376263809774
1.02246283803588	0.381238371277329
1.04378432587275	0.495692924097087
1.31798968775981	0.566002482239596
0.509876478641146	0.179762262788489
0.162952579336367	0.0406858836130456
0.797760401782817	0.327916718359797
0.427940197825985	0.168935073750412
1.814860828926	0.70324597733131
0.512948788838409	0.180923723722652
0.802138012530807	0.329972517070534
0.342463825045112	0.171087501961943
1.3150863687139	0.564688556451063
0.468916924586788	0.319531589161851
0.531544446999403	0.306720966618423
0.132382889280095	0.0439989008298304
0.510967914253512	0.180245566763838
0.377522545229957	0.167567105298898
0.136064150045345	0.0451527296002601
0.324707978994205	0.179674967353067
0.880412908398583	0.466769991773935
0.154465593370314	0.0289479903375428
-2.30007213812399	1.14746925859003
0.950998501270056	0.249196467275389
-0.737745529684395	0.251848226779474
-0.167754072609883	0.0600616127897958
0.802704240998476	0.33025128123342
0.127811645941547	0.0481547579411935
0.425842843580689	0.168023318876402
0.513018859677697	0.180878875427753
0.606141214095256	0.459448829805265
0.589646587977421	0.304741958565845
0.138268969280216	0.0664163020380255
0.587922772023212	0.303982058773433
0.669975753795622	0.30798845763185
0.135580186525053	0.0449978908716727
1.94329479733482	1.19324583814217
0.948768757521975	0.248549269795159
2.10345763612533	0.92603048253316
0.803834759846622	0.330669806288606
0.156304884454214	0.0392194704826931
0.650503723635829	0.46441043162438
-0.549627403105846	0.350766907473107
-0.789650928512862	0.342421974551524
0.129939751656293	0.0489346440475554
0.1498940589164	0.0795137378212153
0.499126275190965	0.316099712098952
0.808443090829137	0.332994891311029
1.31798968775981	0.566002482239596
-0.236642536873473	0.0761450888689269
-1.04347763338354	0.410675434748757
0.376610644407851	0.167113227197513
-1.00334886962648	0.496090169972327
0.383140671130739	0.17028496961371
-0.176336496006155	0.0631273418046569
1.76136333181412	0.965618801346497
0.148926560476677	0.0789869370908468
0.584880930577845	0.301581005042689
0.124751416858666	0.0470574836800859
1.44221445210322	0.88530851640438
0.428071608230174	0.168976723678548
0.128338588542606	0.0483629401375905
0.798387938817618	0.328181419703203
1.6038976207751	1.10940156497452
0.428071608230174	0.168976723678548
0.659032643407672	0.20695576224899
1.31530203855702	0.564526657282562
0.143467885183021	0.0421790290070851
0.144304320671072	0.0423970373819599
1.02499638904051	0.382165912389253
1.43608586397178	0.878295592157908
1.55378707815797	0.754352987255714
3.26284822825054	1.10169382604423
0.670479674423801	0.308592907557702
0.425627365203623	0.167916299468516
-0.240410025521882	0.0773316206983627
0.852297252961115	0.628282350895734
0.694924587278059	0.454631252777145
0.943937640725668	0.24736392993685
-0.359141638818634	0.103112871302961
0.948768757521975	0.248549269795159
0.50952600895777	0.179673416398791
3.63331351050508	1.42008896661082
1.81294103662311	0.70256079058948
0.127400928165014	0.0480444248477577
1.31600243356677	0.564924856678145
0.803269824230379	0.33049399469318
2.34336570879691	1.1493067363545
0.431282460267094	0.170334509811247
-0.628030265547787	0.151499678636842
1.81574571371452	0.703837629137609
1.06511779933586	0.64573617430051
1.44922258720914	0.477763268309402
0.807528635845388	0.332541409655835
2.75868832531345	0.765017792149168
1.81633531763119	0.703887329894944
0.798887367854718	0.328506973468232
1.31275235192293	0.563405500186811
