x	y
-0.866829152778228	1.07260966821229
-1.011077889233	0.50093157028881
-0.38428609114647	0.397403894245611
-2.0861697947568	0.941936992542813
-0.329458323063792	0.152151823606521
-0.62509689781615	0.299186252053425
-0.913209475708052	1.56479025910492
-0.60429486889896	0.495597923917253
-0.204465452732654	0.194225061724209
0.428285671446016	0.169094775343879
-0.996575012288978	0.491627733478489
-0.332501634346798	0.20111371731694
-0.609102700206549	0.771614013362041
-0.922416449402758	1.4689598395587
-1.13401358348054	1.50690632071242
-0.50299336880142	0.380979589055198
-0.482674610529814	0.413419307225242
-0.216947752622115	0.203381125836326
-0.652431168626329	0.859671718323394
-1.25654018571279	1.82260299826626
-0.444297038248998	0.48551802825515
-0.627281438916283	0.746048518666036
-0.26099465179691	0.240429879455697
-0.705303759112739	0.624881048490333
-0.585498696118218	0.579289596730834
0.298504349409771	0.205023494275655
1.0814407100438	1.37630608158724
-0.169280859215249	0.133443882883996
-1.3495427848526	1.35805062943063
-0.724682329231409	0.85011474241737
0.0197230146071845	0.0106858653314715
-0.358048540396064	0.348171187554317
-0.203714271953898	0.204089270435559
-0.279762790680979	0.234112913437663
-0.637544336792012	0.798525452073706
-0.790615245915989	1.07957543127547
0.118199139779143	0.103880059538815
-0.543185647350417	0.457042522184014
-0.111532341957756	0.0661388094784369
-0.323166350368557	0.149010924449565
-0.251797802851852	0.188135977007689
-0.216914610483858	0.185337048377177
-0.385333928470384	0.304898191715599
0.0328213038273384	0.0191349484703864
0.337083831007474	0.322402428172668
-0.46835535353706	0.441863810385545
0.0701257733757428	0.0608168538851745
0.682416083526131	0.955713989611391
-0.177374698111477	0.183801995502511
-0.150705648730052	0.120753657442588
-0.9997077483258	0.49337363041305
0.12766278679512	0.0481491979841494
1.04746072672504	0.497700711342051
-1.23706000826357	1.62875540465854
-0.133569109548769	0.108630955986721
-0.555332609348887	0.354929561531433
-2.54979525966862	2.68963412438779
-1.35406082492459	1.57054998954216
-0.794705274951826	0.687303094709106
-0.10718277073878	0.0769646898074668
0.433003275723247	0.421451749407724
0.0778933257747007	0.0707272460314824
-0.40881458909169	0.447490385802827
-1.2593096480214	2.36133242226426
-0.479592398799625	0.409786488446835
-0.0412478285775713	0.0196937600564339
-0.590333537715802	0.585693188274805
-2.3558718760548	2.15162768633924
-0.609361310441634	0.501124015148722
-0.134451816312437	0.0948691757607994
0.490786308005493	0.309729867399701
-0.786360444278173	0.677281784563077
-1.29377130363617	1.60992334907397
0.450958631709752	0.326786470885375
-0.17483022014357	0.138309973296425
-0.17583332376821	0.181861769026636
-0.238159170176115	0.221368179999713
-0.38617932363465	0.371121545182253
0.326529312037445	0.328166336044576
-0.493350742128334	0.564372187845118
0.0713788416115746	0.0656702629340755
0.442435755093842	0.524215431768847
-0.130137579236869	0.105622233303236
-0.54274703633674	0.622997542012626
-0.800324750297639	0.619502635313247
-1.83522028179116	1.68040686770704
0.730986794482966	0.610547443315137
-1.03182695777164	1.17101657152642
0.13467318143892	0.137314729287779
0.983024863202624	0.803566803145978
0.296875930760696	0.214714696562208
-1.50880819078295	1.94269239971614
-0.437863208011678	0.476241565713482
-0.469880255769178	0.78734446387273
-0.381186472776082	0.444584527852693
-0.060482962322289	0.0381955788268234
-0.236295434458238	0.0760318807121589
-0.539535866518366	0.202616428643095
-0.333834995700542	0.202088422920305
0.788848897663743	0.854310679291125
0.265554078451942	0.222389146241297
0.415043805734823	0.330622999010866
-0.110693047486385	0.0656121913407628
-0.53123565685654	0.529829789568507
-0.181541186138064	0.173068940121204
-0.0891506061771464	0.0899450434408189
-0.324599421632199	0.338648229482009
-0.791366554175287	0.682783693998385
0.175393732526458	0.120192401153153
-0.132831539636149	0.107980684151444
-0.356517324954809	0.319473860896567
0.848728572578153	1.18113431069032
-0.38390609362167	0.36830664817818
-1.3146681408195	2.1434899200367
-0.21740813927601	0.165362443542083
-0.794975298227965	1.0382042212474
0.309849028168933	0.338686456375013
0.183009886041051	0.172089696906253
-0.0650743169821393	0.0550182096804106
-0.258343475412952	0.193800477533321
-0.663704476828802	0.699048891630323
-0.661783748047209	0.39535700014011
-1.52391584846703	0.769594348044436
-0.48045099909234	0.52251308751195
0.186936970118817	0.159466178857572
-0.363894520966936	0.428169910154978
-0.315710677456358	0.372034463920353
-0.195317531956173	0.151636588904447
-0.311956606149352	0.25699676706409
-0.153273106943985	0.0874174878974673
-0.414515563910564	0.172670310722692
-0.787855791841585	0.745027286080061
-0.442876653397937	0.344120824349894
-1.00320067826416	1.47105196113744
-0.988178078083322	1.26499408304716
-1.06984137603788	1.35475584491897
-0.0638674549548297	0.0539790206653868
0.580198313504536	0.739428461973756
-0.598287883395767	0.48860868993464
-0.00704796649613399	0.00358958449376732
-0.979998024832024	0.972783876134089
-1.00101564797733	1.20619590054057
-0.0945035085778377	0.0693748656151848
-0.281284218594874	0.339690678751192
0.144572383056049	0.151170761677099
0.23974079554695	0.26482459374883
-0.475666761233848	0.450627703102268
-0.300556071306136	0.22097873683042
-0.553232051498898	0.353582331470541
-0.525210007395876	0.638928645702472
-1.46223977342219	1.32139718348118
-2.80398812986811	1.88411959637182
-1.34682147060913	0.846403677896949
-0.795145536656532	0.754367780732349
1.44253864883488	0.885602859187718
-0.076607973469699	0.0337127735000722
0.13251756974086	0.0499054645924754
-0.494215936551613	0.604181693856073
-0.498931026047513	0.811737130218884
-0.193228117397806	0.199362642869509
0.06962136014325	0.0603106939334818
-0.323490706253254	0.293067027213057
-0.101716142983432	0.0829770458263199
-0.342713672361479	0.245448593165013
-0.330765890039504	0.346720991144627
-0.79684083008179	0.346053578155943
-0.249546429617007	0.248669830223863
-0.682646737824929	0.851839966731822
-0.0348976182686635	0.0267051687474443
-0.481442648370435	0.736009483207547
-0.583467412145132	1.03873355261849
-0.111620152708163	0.116153440451425
0.831347423527566	1.41549063985337
0.147425017409396	0.157071245895146
0.329513258244803	0.340512813138569
-0.685997129922166	0.486106269618751
-1.23769868081513	0.9423871635363
-0.585613685996335	0.579349642829806
-0.743841985718424	0.25400518718571
-0.12444412515049	0.0495216857832568
-0.168760743646406	0.0604728682433177
-0.53818837400946	0.45174217539085
-0.355401168227563	0.102014834884787
0.159859477622278	0.0400192334307773
0.801571141201532	0.329656916274671
-0.385641143913637	0.426004015426326
-0.437501826705983	0.381200770904999
-0.516547328506661	0.62490836853164
-0.584281501863566	0.804900724884597
-0.595276079218384	0.746880382805452
0.0176929566193627	0.00962692365342553
-0.740365963890724	0.923826441214567
-0.628308245293614	0.870258595691856
-0.605540011079324	0.642337176575486
-0.283853469134498	0.300351473605335
-0.195510902182991	0.131755909883656
-0.102598955571044	0.101683870995315
-0.503555929414234	0.875056978382706
-0.280566931198936	0.391035347969316
-0.129174430430499	0.116496602882749
-0.326178267186654	0.430450191015372
-0.210152358656098	0.164526527244583
-0.627920734859053	0.301050564774921
-1.34583269547314	0.843963640420916
0.555241796108921	0.551825991572943
-0.117902708700115	0.0469250276685034
-0.416187869266495	0.173543769597622
1.95786695174359	0.441149378722158
-4.22581657690928	1.96408199501772
-0.474600561624263	0.404504275880795
-0.286027375754369	0.303309240883537
-0.790822648365933	1.17580077983261
-0.514297733938681	0.62117668047435
-0.980465295953357	0.974773607088879
-0.462776004927514	0.309632888356462
0.0301190125628001	0.0232806906586333
0.189580810819069	0.166506427509532
-0.0298718196926925	0.0262701621806843
-0.298450312187451	0.390585944717837
0.24485632747761	0.305068705425427
-0.288719244486944	0.26357408385039
-0.0874985195272146	0.0868845469113591
-0.428826513414611	0.371962904366634
-2.13372183602033	1.64338680904353
0.163427182227419	0.100489441223034
-0.0561107459944671	0.0432830518159957
-1.51215946284448	0.761559334920354
-2.0851928861798	0.941244883307777
-1.29825184667106	0.579597355540298
-0.257343640342958	0.192901434924752
0.398547631283277	0.329732797447625
-0.0521600174111457	0.0401639261308885
-0.00647177329113095	0.00516458954804435
-0.0503770611128319	0.0429440684574566
-1.30624338192377	1.96608981886708
-0.30460664698774	0.320528787857374
-0.510886309186848	0.474842354929627
-0.115918835998376	0.105494964449188
0.378359775711752	0.322957831093369
-0.00729557047070122	0.00654558624645471
0.274032594962192	0.37002533531727
-0.281663962039678	0.392967438587831
-0.237784121283571	0.239886134528845
-0.386148680061738	0.545494797814555
0.0876391048447853	0.0643246689093238
-0.0575517702989412	0.0363303375516824
-0.320569272954834	0.147724208515519
-0.160164635886057	0.110484115732547
-1.69265263083927	0.951894991708922
-1.85907067693714	1.16631612849415
-2.65816520702034	1.62382804846216
-0.0782813073401215	0.0584183992850762
-0.443464725686949	0.344980591151592
-0.20247388925584	0.206669895041368
-0.674883095358342	1.0423257557913
-1.00941562447066	0.914544503592153
-0.444591600453968	0.597547052423995
-0.272016224927528	0.226615645869237
-0.7888235953932	0.745838491798063
-2.19971962527283	2.59622660346885
-0.160851948597758	0.110995595395548
-0.132682477969309	0.0935355377432252
0.750161529476923	0.737789689980412
-0.0938633738855588	0.0688881776232511
0.355420684642216	0.333473889609715
0.348863465079724	0.406884125396282
0.0524828011347464	0.043057896333599
-0.257161312921404	0.192739617135864
0.117194681862724	0.0981682360388172
-0.58378868305449	0.576702780702792
-0.683433427980546	0.483567778402764
-1.00037438735711	0.493892565592627
-0.0549042323404485	0.0346425913891136
0.0366079037757865	0.0212935285857587
-0.727628385341058	0.855539603807672
-0.861086798178576	0.999540275466295
-1.12748073558679	1.71353896728885
-0.666990457633463	0.3989981189067
-0.281127645560897	0.177800931677418
0.434852650433191	0.423753921445867
-0.43269041584589	0.376416110735502
-0.442108098531179	0.343418655625386
-0.46946642311837	0.31507347502021
-0.710121555523066	0.683211132318954
0.280111794475362	0.219662323270123
-0.355983343340387	0.370600697702221
-0.439481832857342	0.38373280966498
0.728954639476487	0.916390276238947
-0.208968721512952	0.182393339862103
0.870129932576837	1.38441309104207
0.268336935218689	0.232769922236495
-0.483681536152056	0.622293979209439
1.29647125072711	1.7949348128746
-0.996791336728577	1.53080702727536
-1.34427362797871	0.842694118565477
-1.65092602390052	1.70940688911253
-0.22547208060565	0.172347937389156
-0.569198122189344	0.522696066259382
-0.14547921778915	0.11621465879557
-0.129540748029158	0.10504946928701
-0.785772048805638	0.968822213110686
-1.37260094548006	2.32440183279417
-0.0344194251390947	0.0165034775026383
-1.11061751668905	0.765319923936695
-0.113455158261136	0.0673126355656763
-0.655858606633881	0.687724265269088
-0.330538959485847	0.346393191144505
-0.666328584483122	0.744373294340971
-1.83132702405761	0.74028277145384
0.600778290503217	0.454226117248731
-0.55623875595421	0.355643766893984
0.533763182218715	0.307982082650989
0.0884887400454001	0.0627525564633802
-0.985905539698469	0.981930365160918
-0.483815152489705	0.414539910282372
-0.433897750129593	0.377570015826355
-0.0699002840328709	0.0645599461717644
0.274940058663008	0.239413966311139
0.00746263660692592	0.00520316968180763
0.640111734175716	0.45422210284748
-0.129419208574191	0.104986097207942
-1.84495562420992	1.69768178894952
-0.934676991846181	0.68878888707463
-0.870988369832375	0.877376126031534
-0.501092558531335	0.264226132917722
-0.123253920078889	0.0490232450068252
-0.412571771023346	0.23570354521143
-1.65231949231857	1.7106030582988
-0.797936801230487	0.616956199186491
0.0153961284754903	0.00839924311174342
-0.186283126690008	0.143897562372957
-0.440508154747179	0.341969747227908
0.0169972583499979	0.0123232922235881
-0.490739549309216	0.619534536949316
0.0310577380502665	0.023289660719581
-0.342898601949324	0.353428458386661
-0.425834347676989	0.177876368026938
-0.504053081432515	0.265944988625327
-0.3027470017917	0.299166391488287
-0.337934251851945	0.241482669392737
-0.415249347551518	0.173159047472333
1.09073784304578	0.825281343687069
-1.04383909439597	0.410833571901892
-0.194310437947238	0.105119003354845
-0.609020981815769	0.802170336281269
-0.0951896870554048	0.0868181763924025
-0.166731653295171	0.160190321447614
0.535397271313151	0.445595689343803
0.485834738246336	0.602183055077315
-0.149716044603982	0.173609347242401
-0.458722408275747	0.716905362392707
-0.126803891004978	0.131866723643671
-0.139070999152216	0.165695247242334
-0.552677902839588	0.589287865667609
-0.120490621868934	0.0479276905170135
0.654121684946124	0.205433467520013
-0.41909186058351	0.174909956657311
-0.118439010158314	0.0855409195424008
-0.418098622830114	0.174378553054991
-1.83132702405761	0.74028277145384
-0.202823113541085	0.192334502255948
-0.281457160720111	0.418773263463222
-0.331595825364825	0.508219514499571
0.146058955849162	0.152914403701837
-0.404946724661122	0.442148310922742
-0.801622480967694	0.620435176357749
-0.122768933346656	0.137584069229579
-0.0214375564600742	0.0168490528629433
-0.557332182387183	0.3565605247197
-1.19288988389618	1.23504886927473
-0.0530870743796766	0.0400782930670571
-0.413986152692966	0.172540891487319
-0.167880062254655	0.0601000389710004
-0.504042333144739	0.266012917728938
-1.56079724810741	1.51517262452237
-0.408216601339333	0.416785942103299
-0.505695565802012	0.583561606874996
-0.578500943609359	0.766291435485879
0.284292986112754	0.240697409235202
0.0837583681296381	0.0778327254093376
-0.339373119527389	0.499956380288878
-0.438412950732833	0.668606660562894
-0.414334191763145	0.57964257073665
-0.108015711482527	0.136844511657842
-0.440368340166545	0.479848392635262
-0.738670030097319	0.252119567169358
-1.05050652459443	0.414019102141552
-0.786629190605387	0.340991155673526
-0.1877908240906	0.126135065345066
-1.04347763338354	0.410675434748757
-0.354229439997714	0.101697261087168
-0.190982332166255	0.193098709753223
-0.073729346473003	0.0626808249640148
0.0770731091709517	0.0712428211150996
-0.445896432165858	0.62851586506163
-0.446579923135592	0.601165849620318
-0.904639896526717	0.757822379228636
0.361207476806286	0.481718438083249
-0.220634644061548	0.188894608453923
-0.233578152276114	0.153006866827626
-0.505891332473846	0.267308357738932
-1.21807343633737	1.43872108316086
-0.114160918687907	0.0677329920768701
-0.849553670932036	1.04170446368393
-0.582487028665255	0.575264147752635
-0.45151823321072	0.459948794066421
-0.428152589529096	0.371322795318231
-0.00259735520331441	0.002052744469654
-0.117793427869335	0.0970890929973321
-1.08590727175113	1.59544020600191
-0.131685151305317	0.0927697485805896
0.38713828632347	0.318389391007449
-0.222044139049523	0.190212082870108
-0.704212724348876	0.623441621466716
-1.07154265833061	1.35925822645164
-0.445714005475718	0.34699402036736
-0.331539987577185	0.200343847654357
-0.0422535120116957	0.0201658288099811
0.567761803892383	0.45290294624595
-0.307299966588923	0.252604878200416
-0.28131020622557	0.235694350441693
-0.269157661047167	0.169298307166319
0.0523699014088236	0.0323131898213586
0.380281041887592	0.43441028612098
-0.0922604410070404	0.0676513540122009
-2.00396675195434	1.3992286440845
-0.0378681306668359	0.0245362267380051
0.694826831747511	0.454432270509997
-0.38936910214304	0.309007664711796
0.612618609490302	0.575455462011803
1.23150570015172	0.8447192069513
-0.166175164164285	0.159589372130487
-0.349209931598082	0.282913892467512
-0.710210140375797	0.683695051388814
-0.388327084861415	0.308008176147818
-0.235680684795739	0.154481902873023
-0.0815334303714436	0.0499982053789641
-0.505703414546535	0.383548195115284
-0.382766114545611	0.366917267386704
-0.504508825365145	0.382493388554653
-0.908573240372918	0.762502007440923
-0.337138628461796	0.204404627384851
0.721548557847748	0.599715046124643
0.797650081670842	0.867762063103642
-0.232992934624777	0.152593403729712
0.0635793076513791	0.0412367599513499
-0.272250434962266	0.22678972507809
-0.511882358397921	0.27090233555391
-0.117013070189122	0.046526646461327
0.0144797780885498	0.00793446725516825
0.0705916383322416	0.0458625360666982
0.390526975378195	0.321804142627374
0.282965758098787	0.222163883295353
-1.1429274483898	1.27855571799372
-0.680705586727525	0.480696349417191
-0.709563129747194	0.682641632858497
-0.503478540970582	0.265910990494613
0.539904424465993	0.450417686426992
-0.0887836066952117	0.0649936220187797
-0.0189739894759672	0.0149265459203317
-0.29838936365105	0.294039416178832
-0.345949850902814	0.307992360957094
-0.291835484018339	0.267049224262649
-0.0196535507177206	0.0154668758278347
-0.0404879996741694	0.0310254725360663
-0.556387197809831	0.59473361836228
-0.522727199738042	0.565999601558763
-0.327955055884559	0.298122333532068
-1.52304226528151	0.540703452519057
-1.79839614394125	0.382877807711208
-0.806072043557842	0.537005563792722
-0.861579782350143	0.862452868934044
0.0999984924722886	0.078519658769208
0.547996688755039	0.635836338592577
0.464828823912009	0.444823112336796
-0.448434573754121	0.455799433154593
-0.255287054801093	0.129052018396819
0.562156916459609	0.560915707681065
1.05509449686779	1.57378139269353
-0.0973947027555063	0.0809562546980551
-0.538391637447097	0.202241097472968
0.12913352992743	0.0429550272454785
-0.106318977135475	0.062930676286997
-0.465059432024451	0.311644159386265
-0.193422923166587	0.130262638193277
0.177570120701433	0.146215582331781
0.0524382440395863	0.0430244974022382
-0.508591147787516	0.472020486615788
0.128530070918029	0.108470004741063
-0.261819576652957	0.241283418715599
-0.207867356745548	0.19353428134894
-0.200890085393912	0.174443732228385
-0.197820617341592	0.107130833016635
-3.76080338308098	1.48176245886347
-2.57669595250488	0.657559862268914
-0.626075023442282	0.151167646950723
-0.628164901903538	0.15157555358925
-1.1065754912621	0.761877615443151
-0.411218444203462	0.234865915819286
-1.23727519188369	1.63046867073207
-0.547923862153903	0.658589313743661
-0.61227290972636	0.504132049225425
-0.500084057866788	0.50781939371587
0.297629477789395	0.204370271634307
0.602297531592679	0.757352841184839
-1.52152928953016	2.44481503202748
0.056009087588585	0.0460372718409514
-0.299363493786051	0.275170879074023
-0.788395480319902	0.341804995882944
-0.0821582847056604	0.0361303770030629
-0.33924182333448	0.24243976367025
0.190440319018589	0.158079946600551
-0.511420616882385	0.475416925837004
0.0262189425393829	0.0196527377863254
-0.197090120042614	0.132940016442949
0.131541520016344	0.0437194079588842
-0.624501462907049	0.298906969740345
-0.240976410898063	0.0775300306973211
-0.0804465192993072	0.0353912074741878
-0.556916241641825	0.356222266204451
-0.627275723645145	0.300642442777685
-0.387106224599032	0.306493111434742
-0.355104953248248	0.101967480674674
-1.15367706291255	0.348522146192243
-0.0616875238586105	0.046747798222455
-1.01576890832495	1.23284422334021
0.853999496947448	1.08822299521045
0.179233851011423	0.128470073463652
-0.340250601103749	0.274282853372261
0.646535340392659	0.460060367473625
1.37224020160794	2.00597607507779
-0.229524069432419	0.150099019249893
-0.196306919938351	0.132350838843291
-0.0438714508541994	0.0209040285870044
-0.794633195320701	0.687727283351068
-0.587930998543424	0.432686670373785
-0.509302101646561	0.386887734991572
0.146332921310034	0.0429416898033695
-0.4123286239061	0.171726887264068
-1.14111344283696	0.344497381350969
0.0650266990371162	0.0421541758000535
-0.0959970195378107	0.0705182054708955
-0.429462168342911	0.372645620218657
-0.907916819381577	0.761624680900522
1.22897522271084	0.842363225880004
0.166844050342721	0.0962164606845218
0.0527499024110426	0.0325493500306917
-0.193861525053706	0.150481884319867
1.22961173250607	1.61993758440793
0.63954203679024	0.682112943305241
-0.141661459325623	0.128912858231657
-0.41780539505111	0.239045143423714
-0.621686679461025	0.297492094197077
-0.536320602991107	0.44972013596567
-0.273473299491621	0.228041888619654
0.189395932239115	0.166321751787745
0.262025391837107	0.246919251796434
0.149334343540883	0.0792112728522592
0.171990618233875	0.112180772758631
0.286345544730008	0.215738228572267
1.04878615303112	0.49819821900345
-0.409291641072633	0.233560595154792
0.173221523770614	0.106839381449776
-1.345522892957	0.843207090301188
0.337090103663666	0.168096548502953
0.348368974026732	0.174115739606379
1.54885026895287	0.751200888851459
-0.328956381540422	0.152030278790754
-0.168663393721381	0.0603724956040683
-0.120436689899838	0.0478987092728061
-0.356071393990223	0.102241794383879
-1.0465244135449	0.412299764954399
-1.83165926032039	0.740451579277532
-1.35986706471727	1.13569051112598
-0.557144323338543	0.35638408664106
-0.0389373997908019	0.0186088344942309
0.381977423943222	0.326820273158662
-0.315325465518734	0.353060105449492
0.338133885405972	0.342460344733128
0.124396296916721	0.107335696230706
-0.79331879643069	0.928991282094786
-0.627523491148615	0.836706749924018
-0.104220251315736	0.110722140483899
-0.309707560597137	0.345559577950966
-0.490448257746575	0.49499720961075
-0.576345731149149	0.684877267646377
-0.410082234489238	0.233991015723127
-0.754088504752296	1.1265490190105
-0.396948172918084	0.275880149906925
-0.117580179326867	0.046786458346426
0.154465593370314	0.0289479903375428
-0.632563406792844	0.152610991116788
-1.83530553524322	0.742418988109019
-1.52644938828825	0.542097216238236
-3.08203048704882	0.947509650360219
-1.1414839653338	0.344622990730584
-3.08216231491203	0.947551973079846
-0.24356830856068	0.0783359978293808
-0.236295434458238	0.0760318807121589
-1.49665923870499	1.05115575975377
-0.253582950485511	0.18967121414706
-0.25333893256812	0.189505399362473
0.135646806548936	0.0650829648154241
-0.0745594852496303	0.0456495304223418
-0.556518203003994	0.35587984056935
-0.217181270908832	0.185535639401616
-0.315590062764721	0.353532668133612
0.573413833259672	0.727144928733028
-1.05078641967328	1.40975589692607
-0.275618055038272	0.331251661141782
0.226122583632252	0.277107753890055
-0.426583665104122	0.618155793290954
0.00617267118366941	0.00589180944223565
-0.568097777792777	0.642514574433498
0.792481310204333	0.752048284962784
-1.15725267417415	1.01265267414804
-0.368271155484097	0.540695954693593
0.0297857587684022	0.026496440791278
-0.391267744319401	0.484771933983011
0.183063397799873	0.141846813467667
-0.00710627207207325	0.00565987251321244
-0.113191115784638	0.0671436980100757
-0.736131442714986	0.251191396874175
-1.52955481711501	0.543641482939636
-0.628030265547787	0.151499678636842
-0.662154855715363	0.395348293665247
-0.625930009890556	0.563670806955146
0.702638469279073	0.71013885825503
-0.0753958898338442	0.0331860271165369
-0.354525819937872	0.101778275735803
-0.506885445790532	0.267562148692892
-1.52585303078124	0.541962051097293
-1.14559783756009	0.346052129596875
-0.536450384536547	0.201457821544375
-0.191752958663741	0.129046017145359
-0.00518861996251764	0.00350906947607427
-0.853844381852905	1.1098191200894
-0.101147028393731	0.0842856237632662
0.615255093750517	0.835356110581268
-0.0324358354700024	0.0247873473120115
0.0735326276429574	0.0639185109217877
-0.835882353737216	1.23912962875716
-0.272790472221055	0.292301114347175
-0.742074658368801	0.926764115064598
-0.4236576331547	0.403303436844181
-0.794194165073378	1.22952625754012
-0.445200115147337	0.451699760369027
-1.04703561291609	0.845198213053901
-1.06321938689824	1.12323081154988
-0.14836442613941	0.0844840795999792
-0.197456479747337	0.186594004171276
-1.29305144011713	1.77365759395151
-1.18304488365072	0.659381044955694
0.38004415360566	0.168786498622696
-0.321187229781964	0.14797771435427
-0.355112179440658	0.101904546481095
0.658448437247608	0.206865271021461
-1.14499995487719	0.345855392571373
-0.628867026021838	0.151670609188118
-0.741763882242001	0.253307934106881
-1.29353315609389	0.576437929846008
-0.628164901903538	0.15157555358925
0.506636186737087	0.178613076266429
-3.08556356757563	0.949512459473102
-1.52246182960607	0.540465661800635
-0.275480561938937	0.173783550485659
-1.82648128035469	2.13135493808647
0.41024916543977	0.326177678122696
0.71640061882856	0.814685452313991
1.44376245562666	1.64270345257965
-0.463444946049768	0.310256092898192
0.523125683089717	0.54959950998423
-0.384138686342339	0.368630904714768
-0.224637165430225	0.19294742731334
0.0807003503424525	0.0747432386070496
-0.521629736950156	0.564366124669673
0.826413014295504	0.976815042137877
0.264011044371853	0.249217418636045
-0.376830143554156	0.438213542064656
0.19530864124898	0.185294996741363
-0.413910623688735	0.483776005497338
0.616032733863497	0.758266483688627
-1.15378908962283	1.00741107972789
0.124747653622348	0.0470684140825298
-0.174040108278354	0.164887148486931
0.310581527982821	0.339628202211502
-0.38042063842849	0.44367868073874
-0.44730097518009	0.348441121232905
-0.887094144852696	1.3109008134016
-1.18336718045491	0.659680463908191
0.12867908214612	0.0548743421463883
0.139684630056245	0.0411185419267414
-0.740148737877288	0.252718341140933
0.0216521874236362	0.0156634504520545
-0.329770647368486	0.152300665435464
1.04891866696385	0.498420994990795
0.807069427778007	0.332157725602142
0.948337549654709	0.248516516252871
-0.359725191866461	0.103238313016327
-1.00718752312453	0.498535526397277
0.130586200312459	0.0492036069928143
-1.14583039258107	0.346039770541419
-0.236989724567202	0.0762485047293907
-3.45945095257726	1.22747869975084
-0.0816237655383091	0.0610233945879246
-0.290970230168001	0.266022085653546
0.0483202473700723	0.0375609684474625
0.119821675437498	0.103059853075693
-0.558325068610963	0.597593430204866
-0.247607857777948	0.246294796603853
-0.390254529259847	0.376054764508927
0.320494105179296	0.337201882787083
-0.259395989357218	0.221151113304003
-0.954569217251295	1.0228357035342
-0.232990527012893	0.215785637325324
-0.387316269225817	0.372498356777582
-0.534538761213707	0.447875208781521
-0.535826111831005	0.44923429969495
-0.0572186676329362	0.0432688696538904
-0.0119619673352836	0.00803527978177686
-0.726169103464451	0.852978847959528
-0.285067351095127	0.28488057089203
-0.0261980281972552	0.0173411968865081
-0.607922149299844	0.498871407836636
-0.806281493159154	0.537228196983554
1.55563768080424	0.755897558752995
-0.117957085717499	0.0469570963557836
-0.327635111716824	0.151043932053228
-0.234534484549801	0.0754746413023498
-1.04674936271233	0.41213485099752
0.162125356869158	0.0404960611383205
1.81545080408239	0.703738180326379
-0.358848207258787	0.103009197892419
-0.358557998384515	0.10292132426425
-0.792961532394216	0.344288490733264
-0.165088554277847	0.0591488725692337
-1.29917429595245	0.579864221629977
-1.21568906038993	1.43442659228894
-0.191240017810794	0.128661040521596
-0.189260360529528	0.127214906023605
-0.431404392342146	0.375021331104301
-0.885443897680697	0.820918762603585
-0.0356212154270184	0.0230852931036792
-0.388535892736855	0.308183517865966
-0.447050233615051	0.348404354109018
-0.198657284290112	0.154614818470428
-0.475737967841394	0.450668871773828
0.864479536531377	0.99433593677192
0.365504013869354	0.321830340737061
-0.25076432196226	0.187269532420371
-0.244995162082195	0.261783785935082
0.178027598333747	0.15093827143134
-0.210228240037251	0.211778886810294
-0.800779554715336	1.29140495670993
-0.13663715957425	0.0965046683992605
-0.0392717078658165	0.0187699585814985
-1.11166818172227	0.767383638710659
0.0678355748670769	0.0440164127081295
-1.7458317087274	2.63984278262074
0.0423615976923038	0.0337441422116671
-0.305264906036771	0.321333618281819
-0.695993021350018	0.914424406061942
-0.985775118384134	1.26044825504409
0.185628683136613	0.166801319381718
0.0484909766677325	0.0299056848740024
0.136232409391936	0.0652977139166454
-0.0120082745971558	0.00604210918517359
0.0158074852045445	0.0086389071008363
-0.276965028747015	0.174847986521186
-0.586984484583141	0.431584094224041
-0.674831075183374	0.756968653993862
-0.61719937265854	0.509091615860454
-0.815852600687925	0.546255469138394
-1.99998921259685	1.39422208455162
-0.323166350368557	0.149010924449565
-0.542550190002901	0.204022574863377
-0.236642536873473	0.0761450888689269
-0.168663393721381	0.0603724956040683
-0.904534553218827	0.758224835722323
-1.73380208739371	1.46517873836685
0.132382889280095	0.0439989008298304
-0.577906080409064	0.657769539891506
-0.447614269153253	0.490142765413773
0.069892847891742	0.0453749643647094
-0.147149219052406	0.153481556693971
-0.601392844034617	0.636443107012831
-0.0400474535591331	0.0259493602973422
-0.589336356710304	0.584128403944812
-1.15984999228445	1.01625817423576
-0.383737466659651	0.337376230288669
-0.596832633773152	0.829843611887225
-0.531154764606146	0.529963621179243
-0.608057259849874	0.646121788659169
-0.31732691666986	0.286588644668596
-0.272999773944283	0.227592790702261
-0.132857737388464	0.120123000315043
-0.361972712034228	0.352860536759134
-0.0764772914224788	0.033688068526269
0.163080826042392	0.0938930743838013
-0.335295427033459	0.203078098485482
-0.0403890810696209	0.0192904372550362
1.76269264035161	0.96601834611991
-0.167754072609883	0.0600616127897958
1.04368981844324	0.495127036286315
-1.14499995487719	0.345855392571373
-4.01226246083748	1.72475882924761
-0.0919720443703234	0.0674294747421045
0.335196411617856	0.32966240046989
-1.03544776370923	1.17674303310389
-0.159894923838613	0.11019718245821
-0.0416572604938569	0.0325075065929696
0.066122884985099	0.04291243003798
-0.532815073154135	0.445675903427871
0.541504462262178	0.452175410135735
0.979477727852769	1.07392090453746
-0.3537301942003	0.316407771540855
0.292709463731383	0.231049755700843
-0.747040075141336	1.11185066853694
-0.617880237352611	1.06431248077428
-0.222579651971302	0.169773592210671
-0.339622121331047	0.242918246520669
0.152596622150644	0.0809435856729747
-0.718582747241752	0.694699966803045
-1.47340453220955	2.28801807426807
-0.00205792301991263	0.00145050549150922
0.347285551064941	0.324159401844616
0.107272513250005	0.084603100209026
-0.198254879590804	0.171867435315232
0.503314181918289	0.616091115866881
0.335571591584471	0.33019895125335
-0.0903678393542526	0.0662105776868875
-0.434950599251052	0.378770368170608
-0.391381224273199	0.345733753857308
-0.56103568112713	0.513012639773237
-0.411995312167042	0.171599355711984
-1.52674340008464	0.542380499879977
-1.00268322210563	0.49559648528799
-0.624178537751399	0.298708339466037
-1.83736211597138	1.68397845706112
-1.10661156027787	0.762315895837074
-0.970292184449375	0.599004838656599
-0.235391497400793	0.237087897987326
-0.850269692609035	1.16062706183149
-1.65496826777861	1.71709180665708
-0.837478453382759	1.29425527516452
0.789223678285385	1.04499220585887
0.0869530567971398	0.0615934794541114
0.0212114369217267	0.0114791786480026
-0.190724384457884	0.10306432679072
-0.0399461772795452	0.0190876171580813
-1.23651240808727	1.62778303782658
-0.797381563850112	0.99031928379656
-0.90254734949263	1.22203668221685
-0.511105885595924	0.475139389988254
-0.991922333021394	1.27207216998756
-0.73960213518452	0.967512606176884
-0.1923058761737	0.166024134267149
-0.22202272874296	0.169341550374465
-0.498413218873818	0.376523113783666
-1.6560685836195	1.71799949485953
-0.962571095547016	1.03586907001746
0.171619382714757	0.111927920695313
1.51957863305524	1.29856217475002
0.375697952755359	0.166607987363229
-0.417431426130247	0.174014069700138
-0.803393205918037	0.534924651342284
-0.634346756989455	0.304635191906486
1.81264504950119	0.702404900566408
-0.739810651859165	0.252595067527066
-0.16719037374262	0.0598638290738506
-1.69595105516813	0.955981928995573
-1.30239648333929	1.95612041319718
-0.792084200987479	1.08264673053041
0.059629632987051	0.0386275733240623
0.991339606282165	0.813396163839969
-0.716683657147123	0.742976722328496
-1.01280002545261	0.918985186995395
0.133116180538181	0.0638801480617705
0.0257863713733435	0.0139405616734478
1.23217983584621	0.846301873835062
0.311753936206429	0.202213256693098
0.842399111188122	0.766482768045819
-0.86282031791525	1.00232275920133
-0.653367833181497	1.04986137668085
0.0812373252095456	0.055260799567684
0.533834219581227	0.308341965691107
-0.505230892613359	0.383048283077778
-0.258559193470631	0.13080494822708
-1.21029219829082	1.42421890927427
-1.3593223370518	1.58150088691886
-0.339935979430849	0.243015417159268
-0.421414433695115	0.400694453264565
0.00430469962624319	0.00304640317769032
-0.719153903239622	0.74633926208142
-0.64798102227373	0.634652862041944
-0.201347578095498	0.109103874874954
0.784814862232481	0.94533906265562
-0.965504376287887	0.595398257181754
-2.48734643273085	1.37500772456017
-0.713235219568956	0.687911952126361
-0.413194033026847	0.172063670363972
-0.936104505451993	0.691003639943321
-0.359432307228107	0.103134774665835
0.132830269347538	0.0566941160717077
-0.399982436370872	0.278284533792239
-0.625420064790819	0.299364667533995
0.42148255291573	0.166180324721163
-0.806298991410791	0.439731302084292
-1.04313192494267	0.410517747694466
-0.797759068520886	0.936191036714455
-0.260342208673072	0.276235529029624
0.79275689865226	1.05157754148955
-0.317092232784829	0.286330868297456
0.44007740247776	0.430227526492377
0.180103872992185	0.123697624282728
0.791180330854049	0.95642622956866
-0.56039339799871	0.600516056940859
-1.11133266575148	1.55863347411812
-0.924534820377782	1.12763947482077
-0.0979893341314212	0.0720541787794429
0.149092010866615	0.0789825000742202
-0.323943494566162	0.149495425121135
0.517600421574233	0.449239690542427
0.48953275493751	0.438447107223689
-0.884434164619276	0.897051820410919
-0.71528666423583	0.740655700804774
-0.395829611228897	0.315110043711535
0.366452471732068	0.322927423325149
-0.223037091790263	0.170259538559053
-0.853773503905958	0.98690042781198
-0.733437112628391	0.910763266629572
-0.148299564452251	0.0844681618804427
-1.85533705916259	1.16142956080421
-0.0408557190834746	0.0195089339622262
-0.965499710620001	0.595692967750838
-1.1414839653338	0.344622990730584
1.02338601426445	0.38161996773056
-1.69208730872064	0.952449294219437
-1.04021595924619	0.409215240728406
1.0239728358881	0.381885834911352
-1.04221071709325	0.410198911511082
-1.83072704109891	0.739930594937107
-0.0807489895784552	0.0355233891539603
-0.538391637447097	0.202241097472968
0.125085786448965	0.0471836584371826
-1.00070780910999	0.494095781511885
-0.56570080783346	0.518544231656116
-0.870859434127162	0.876936270486905
-1.10235346294766	1.07058999787499
-0.479998050395919	0.410483710704824
-0.0678397586864142	0.0504026818624261
-0.340891853759321	0.274916984590672
0.637678168719437	0.679160805789852
0.18040639490146	0.153192830166883
-0.198985118758751	0.134318310466308
0.070269802029733	0.0476130338683136
-0.441482278412592	0.343102473194068
0.708698666390289	0.909725544610407
-0.336470921992307	0.203797299672651
0.43308352810294	0.43606787355746
0.0281155689786985	0.0244787580183167
-0.276020717460308	0.174115369072988
0.944454445434944	0.639056710682666
-1.10788313065517	1.07772057884362
0.326369190285787	0.181100701446175
-0.0265893895731466	0.0176004102746703
-0.0890313734756559	0.0651694523218488
-1.26424610178866	1.988039116743
-0.846366063619655	1.1531691340268
-1.34852479655848	1.5609453531469
-0.24497124888981	0.243141262574612
-0.983545416180499	0.978926214651198
0.134765789361054	0.0647243560732313
-0.151097550913239	0.086145269550212
-0.965855878252814	0.594852855605643
-0.413771919872064	0.236174572792223
1.35679655764094	1.25766534935108
-0.427679286190585	0.371009570040158
-0.628193473396668	0.301139441269947
-0.73833632952493	0.25198039611565
-0.152433276895134	0.0869380813267073
-0.172323794216928	0.061695096887414
-1.52246182960607	0.540465661800635
-0.536101171148354	0.201337796547223
-0.171416957929972	0.0613808082861972
-1.04651190959856	1.8420003721727
-0.474925833052609	0.639958599609532
-0.322717781063268	0.40049340400762
0.130328675601374	0.125541960786291
-0.084072995580061	0.0844172596247081
0.0389938867276153	0.0443729781824659
0.0622816336555462	0.0718857501473902
-0.40472944049351	0.469740356797311
0.188394572542886	0.248618509256658
-0.233445959803623	0.234705777292728
-0.343529502574276	0.24608123189775
-0.230632887915142	0.150882483587434
-0.186312177467941	0.191151777338438
-1.45881195413597	1.3164372743924
0.511755072041239	0.180523302881905
-0.673838036971675	0.474791014331482
-0.961319252354097	1.03411936930703
0.338067654598113	0.188339344920976
0.371830898216795	0.164878125398627
0.791250110302799	0.750533937327238
0.252158464877423	0.281487368705536
-0.30591029649482	0.454627395672124
-0.453777744494003	0.583770223980928
-0.303857480727246	0.34412909914428
-0.395893769109845	0.350539267920006
-0.18967565115174	0.102399468602669
2.54200501544965	1.37495579850842
-0.230712570441327	0.0742666476260239
-3.08203048704882	0.947509650360219
-0.355401168227563	0.102014834884787
0.144389940892798	0.0424393237157952
0.658741078701816	0.207014004441108
-1.52499008340819	0.541418114624462
1.44922258720914	0.477763268309402
1.45078261646269	0.478218161496633
2.75580772001712	0.763760469153332
2.75520320904554	0.763197913000704
-1.1447666380351	0.34569313996721
-0.43873196499524	0.340373514801229
0.0250924979091803	0.0213611897146213
-0.449047997816022	0.492207211763644
-0.0279986116038098	0.0214119835717361
-0.141598007252216	0.138297403813546
0.045102911722504	0.0426918770595197
-0.44083008390507	0.512852940251485
0.12815648209976	0.120899005496574
-0.50842527146916	0.67234541544941
-0.485702373618427	0.712865887972342
-0.483546272158197	0.642231484881646
-0.702332402642994	0.966070438625347
-0.436369347905842	0.380378817760118
-0.393421520268865	0.312809191121025
0.17362180471935	0.118884150947719
0.794193474352018	0.75435869066402
0.75116736279691	0.834729628196601
0.596362305147954	0.973548690038104
-0.658358661833605	0.871110756330837
0.866264505084221	1.11115060749842
-0.691018026932894	0.552284616641343
-0.345828228068139	0.365992131886281
0.537695180789467	0.447618901085277
-0.507804767338244	0.268072565537459
-0.394082410568827	0.313365811056041
0.404558100438138	0.436609098659261
0.142083188547363	0.145778405121119
-2.49821378626612	1.38525860295087
-0.415183675733752	0.172968540362155
-0.738414128880846	0.252090639638632
0.132600988210423	0.0440609588064188
-1.14260761039773	0.345006924269412
-0.913958076900368	1.62506077529752
-0.177039661304648	0.168172972401241
-0.0917273452823406	0.0672414514645819
-0.661121523140164	1.18491558024836
-0.605549888944078	0.764937168087602
-0.985828989317568	1.2604979805299
-1.00859969777328	1.720882132467
-0.134301537303872	0.0947395759039045
0.103744194527254	0.0792709860248002
-0.796636275955647	0.934089509540818
-0.313035405591216	0.331348002804593
-0.337836364417715	0.376903418595346
-0.12482551943949	0.100971065294793
-0.112359489472098	0.0809121249145539
0.169054481075841	0.104098046816389
0.181204189602973	0.130062483280451
0.492728351508722	0.5252553336184
-0.201336401954854	0.174902087912276
-0.131332523733877	0.0924878515688399
0.325885765970202	0.327332041851771
-0.507983505907066	0.708586519258403
-0.703691538963135	0.969768925363217
-0.176669494498047	0.139868549537388
-0.682909245052564	0.852348789769916
0.530527602173823	0.540300354508983
-0.796680186614946	0.877611116689194
-0.121622426174231	0.0483365455306395
1.09016246780246	0.8242030576516
0.940596822297131	0.635040639902186
0.140783643747874	0.0675835149436117
0.142892234362748	0.0419793224062305
-0.792396830153744	0.344017820558448
2.33413825881179	1.14291338616828
1.02271178737872	0.381316878019672
2.34135533413392	1.14844291387782
0.378110277761202	0.167865388599197
1.60175511745843	1.10666225562038
0.128217426027829	0.0426676360228733
-0.589387135502252	0.584203683284736
-0.550436624813402	0.66251208561625
0.0347943880716575	0.026107129769567
-0.628076422500649	0.869820568584178
-0.541510084623789	0.62135536770817
0.359294639758264	0.326736676905576
-0.657752369458857	0.870237230712488
-0.673336051538804	0.755403759106957
-0.167377624308901	0.174807282391463
0.0974570060416567	0.0742078893274113
-0.565317793365337	0.787054496095255
-0.589668242300612	0.916019611474273
-0.0242522466549874	0.0160589178715208
0.167428905371562	0.103089180154103
0.472451225420014	0.322302700567631
-0.29811132768004	0.218912045979514
-0.938851821212887	1.07809310387293
0.109432182676978	0.0912238882881963
0.083431303223518	0.0802692728265281
-0.121417023701958	0.125638442534711
0.358906260673395	0.326415771127361
0.248834347884175	0.255715274321171
0.556814817865568	0.553868617461905
-0.935825567185266	0.69071013527195
-1.06046606104166	1.11732855445394
-0.284850886184888	0.238970971863712
-0.326080905120294	0.150357677981339
-0.112566995178324	0.0667394044919349
-0.291781247204439	0.26695497568332
-1.29445710557565	0.57719309643802
-0.999770520176459	0.493549718270557
-0.538963433786103	0.202464572078945
-0.226015270608696	0.194236751367797
-0.156831633476969	0.162364586617861
-0.356155958655322	0.318992446201666
-0.288306533782067	0.359272313411145
-0.485243369447201	0.589174816534366
-0.453582675355758	0.551884907812871
0.396573885175328	0.436895484962363
-0.513656229417606	0.61994784807344
-0.401689022054716	0.465270232015268
-0.357675333303592	0.372761818031035
0.0734057120464066	0.0664210637128312
-0.33290322321966	0.327358436142732
-1.35987179378475	2.12524880210808
0.0732158172675347	0.0496627424124628
-0.185868178498105	0.124684120754081
-0.51124572081278	0.549711668554214
-1.00266927899512	1.54464337073128
-0.0761747638235542	0.0466579043077861
-0.18580026744731	0.143482176060373
-0.386289383247541	0.400090199313989
-0.189593066886342	0.191461569026349
0.31089231125282	0.340118684556008
-0.387287064256693	0.428297452646863
-1.03019901704051	1.45149371014699
0.186996340294996	0.176380280017132
0.75158219388042	0.739995914278098
2.33470644076288	1.14335517449658
-0.324840006825389	0.149748814886951
0.327874875399954	0.181693471854103
0.130387981869983	0.0556784680602715
-0.114467244250666	0.0455768437223513
1.02363521199244	0.381873400117373
0.492322641975748	0.310938242922053
-0.50435518614772	0.266152831092033
-0.790637113549688	0.343172490347042
1.04913228358011	0.498411474435078
0.425065527869463	0.167656114427908
0.144725574883443	0.0425191258680454
-0.238300485260816	0.0767056206772632
-0.428811442804892	0.372214528800903
-0.485403504047365	0.529442693287728
0.253947142388829	0.261820334608869
-0.535243901992553	0.535475449833726
0.119635540738011	0.102896307689096
0.25668560919273	0.253538619910069
0.174499573549097	0.170042503167375
-0.0419256035990571	0.0321472750186593
-0.680856564270154	0.808673127781604
-0.141737789943603	0.14713646733694
-0.339766405519594	0.379710980913053
-0.244761596526173	0.295715354388587
0.306933247850531	0.198570118059696
-1.18396539795966	0.659756408161173
0.0171866325969266	0.00933297919331771
-0.295589919051276	0.21683914055432
0.184897324835615	0.152954538941492
-1.23470492914238	2.02633343314933
0.841745024654372	1.57846008821792
-0.871884001159254	1.49644858438711
0.0934075515183229	0.0687296331613603
0.374791429943202	0.416778486776002
-0.253857701615625	0.189830592195815
-1.55598582969892	1.50763830218326
0.168908802915251	0.10407144931525
-0.399501194086861	0.277822926185548
-0.18887951546045	0.12693634867328
0.000874757839156789	0.000478615071055302
-0.256972025540661	0.12980659006953
0.132732885510209	0.0441080605497273
-2.08460819785075	0.94084287548003
-2.64843731256358	1.61266315054594
-0.533296986209686	0.742112808103085
-0.270828635561533	0.342952278039587
-0.575776007763046	0.760860578580051
-0.222297462785328	0.274866791296139
-0.517267654462759	0.982644105119634
0.107316896199476	0.139708347903614
-0.486942105827584	0.815874985868154
-0.427242976108572	0.705838074814131
-0.0174997850594795	0.0173224513103558
-0.515229898529777	0.480099394963577
-0.161485445262825	0.111461181168321
-0.833537978607445	1.28519085726234
-0.604467382949159	0.495866024295795
-0.802896160089374	0.534686933821599
-0.234033787913118	0.179666220207527
-0.0711799240106341	0.0658224074927857
-0.442887010646739	0.344342531998259
-0.254556653873662	0.292552235290496
-0.195721201337317	0.261590218012015
-0.303273204075794	0.428934295042896
0.376578354255882	0.419243660246204
0.158003363737422	0.0908658218295259
0.139774210780199	0.0670732346945976
-1.14536534536015	0.34589005605433
0.131750505166778	0.0496479023577846
-0.240846100521927	0.0774684702165293
-1.79840965860499	0.382877827643389
1.45138090115721	0.478568850670936
-0.792396830153744	0.344017820558448
-0.359435145573547	0.103170722743079
0.144640697621443	0.0425017414545061
0.154509067766894	0.0289541162362231
0.160813493636874	0.0402291855562724
0.160221796316651	0.0401166927693931
-0.54346877962796	0.204399150899749
-0.409517453712996	0.448534607238041
-0.0941311407658187	0.0857597136851393
0.388381866877196	0.414526334009164
-0.726077429718964	1.52581130708115
-0.627632630813766	1.24712093857973
-0.0962665008958538	0.0977048846057813
-0.148239874350821	0.16576210761138
-0.309516699719798	0.409069010200373
-0.455076859912206	0.845758913384598
0.776856981126211	1.69486963214948
0.0120091070076277	0.0102115003430138
-0.66767889921077	0.746573279350553
-0.193546843550915	0.130360494721108
0.572580890974881	0.457873828827517
0.683493101700184	0.596694715836871
-0.111070489709414	0.0799153718568441
-0.104266942276065	0.13405992250035
-0.901967601798174	1.64789625495883
0.1977042178603	0.219311402322997
-1.60379623103539	2.47007005171269
-0.305395516416111	0.402328284081912
0.606403645119719	0.567644307876215
-1.86737946510138	1.17515941056896
-0.810924413364252	0.443326551795516
-0.510418274488785	0.269902179155575
-0.586717984268427	0.431294301080105
-0.702614959750974	0.621487919282295
-0.369396743678249	0.436405005320419
-0.21016053968225	0.240151079838939
-0.0754517763532405	0.046204034901643
-0.367571100483284	0.105418896859074
-1.04186502485552	0.409908817117415
1.31161763457028	0.562749823451238
-0.738079783119958	0.251987608125061
-3.76558584887962	1.48443010453042
-0.114344394152983	0.130149479486331
-0.400208353721796	0.585267226037045
-0.342259408379786	0.450747643681243
-0.551386272546295	0.735197438250486
0.143256540345698	0.17669231859064
-0.317326486679881	0.577620518314159
-0.322202715715388	0.548232276628048
-0.0680133193410878	0.0699779913015345
-0.542243990172121	1.11361416357291
0.0313545196911435	0.0284343408407505
-0.0838288677400214	0.051435242253232
0.0333282817488866	0.0194453321854499
-0.750557212023332	1.11898802591385
-1.24019728666644	0.944759678541594
-0.505272403379046	0.266602224671587
-0.643958453728545	0.933902709917625
-0.805818727490886	0.440321641658937
-0.167665403104615	0.200440505900393
0.0278290103603026	0.0316572352017033
-0.257261394546648	0.277690404705429
1.04246662769697	0.49448204305154
-0.536543629071067	0.201474262127947
0.131850096082115	0.0496765164754003
0.332089532281217	0.184321128179874
1.02973272600178	0.384045666652184
-0.632424041671007	0.152580102364835
-0.237437039825944	0.0763599123457812
1.44780311038183	0.477066495630919
-3.08203048704882	0.947509650360219
0.154509067766894	0.0289541162362231
-0.628599509856641	0.151612619227975
0.133278306932504	0.0569513571942704
1.81235300959058	0.702242876396542
-3.08542618523242	0.949198094742557
-1.79839614394125	0.382877807711208
-1.79839614394125	0.382877807711208
-1.14523333483643	0.345843348749308
-0.442462238500088	0.650101908636684
-0.939686878500687	1.07912394398471
-1.03614180027507	1.17794564775948
-0.848528879142456	1.1571107694595
0.319692801645389	0.374348665395162
-0.382392389098039	0.446565283086799
-0.157690768180254	0.216030086743557
0.124995230372324	0.148146090178668
-1.21207997697981	3.0659303195699
0.14725074174117	0.161687764380794
0.135689766910765	0.168594571994796
-0.943326762669601	2.78589626280493
-0.949224496318003	2.17895323796441
0.112953211582353	0.0966747551473802
0.0560787597469446	0.0363092351076281
0.700045830949028	0.706354533869485
-0.79114194235161	0.810884449526113
-0.00781636392615781	0.00401277848807121
-1.14614440714455	1.2845952816404
0.0694530629401736	0.0833710411072969
0.14594268598602	0.157733912701397
0.145163953507853	0.154347024816331
-0.418236359092683	0.430185877324941
-0.561365523202451	0.998139700527426
1.02843816183465	0.974858426070842
-4.01193246433531	1.72463037714346
0.883247167514752	0.468577136636356
-0.541404043902354	0.20353687445987
-1.10196935637635	1.06979294599548
0.0941932635097575	0.0693557095796056
-0.687999861971155	1.10756274830949
0.0347592804316895	0.0344691695348016
0.585963612037222	0.302734251511687
-1.52246182960607	0.540465661800635
0.160221796316651	0.0401166927693931
-1.52468217246603	0.541450953371581
3.63865172808213	1.42228041522975
-3.08203048704882	0.947509650360219
-1.04361600013496	0.410853585324869
-0.747056276000891	0.255214642839991
-0.226097313393781	0.172843711641425
-0.281167840029863	0.280342089694893
-0.347233907154083	0.431989828309876
0.253732599667956	0.28354059407787
-0.0134082934326208	0.0118781483175613
-0.199565317289571	0.232705635909825
-0.403863107711352	0.662468959947845
-0.84027249858496	2.24745500876129
-0.390001345771925	0.404713850146453
-0.107350004948642	0.119958708501451
-0.58134148534126	0.871141317650535
0.0505137650809175	0.0311602104085932
0.98086757456599	1.0760806287444
0.439916297089435	0.519854590601172
-0.801756108332211	0.533453384813777
-0.413771919872064	0.236174572792223
-0.710805270608221	0.684729982074085
-0.523904704940172	0.876596101490275
-0.283480590444774	0.2831679588073
-0.410995787493564	0.171132757340513
0.514431860453614	0.181517099423547
0.65757421006213	0.206588655278929
0.658448437247608	0.206865271021461
-1.52275201069355	0.540627902821117
0.805253363228048	0.331394396791794
0.140361834634309	0.0413037326992959
0.144054213480702	0.0423469198905259
-0.3523322595973	0.101168276473444
-3.08556356757563	0.949512459473102
-2.5766529574574	0.657773148602288
-0.789042931525978	0.342296984906227
-1.34869449020693	0.847900952273139
-0.5431188895219	0.204245277624117
-3.45922605387697	1.22727228815634
-0.628164901903538	0.15157555358925
-0.704017766324875	0.623487611745619
1.21690111825299	1.71715981454568
0.310089457578624	0.346407977696492
-0.541076242313836	0.646775213806244
-0.801537981486876	1.42936624042141
0.143562283268538	0.139732193807973
-0.735234060797833	0.958753507783546
0.314862648028072	0.337633326665468
-0.610741282290439	1.01863279608236
0.133980708955346	0.170046003857033
-0.280869856599556	0.353494924153212
-1.57460150076626	3.50832640190924
-0.912625217163207	0.767263134093877
0.311340773314583	0.202076836524228
-0.449704125411509	0.350787404626814
-0.694577601200518	0.556074437968094
-0.0296596256386488	0.0196257890176901
0.134131184004162	0.152303101019108
-0.388850720893281	0.573303903754839
-1.2938965850497	2.62747344981969
0.640708151821503	0.776551347208124
-0.679591746250527	1.12037185254459
-0.966759908380468	0.596526867242596
-1.0001037668499	0.493752779623566
-0.807373932590619	0.441430069717292
-0.237437039825944	0.0763599123457812
0.531478682091465	0.306640298371853
-0.600484504035214	0.491281337913321
-0.625654440782978	0.743684353225096
0.0715282568720021	0.0633801026588915
-0.0748652600659426	0.0329736998974607
1.01985986214015	0.380041869937102
0.377522545229957	0.167567105298898
0.155111385030128	0.0290417527313876
-3.08203048704882	0.947509650360219
-1.07372968685471	1.36373142202693
-0.498491782012757	0.26251228146252
-2.4956135361193	1.382975059296
-1.50244950096586	1.93043100810188
-0.0149654004210177	0.0132478461080635
-0.708288707747935	1.09307929415755
-0.402270337106834	0.466059421496668
-0.333283213059152	0.349886866921513
-0.0193260735639021	0.0171179491152224
-0.162370671722429	0.193127480679094
-0.477884295478085	0.714954038362301
0.0309101704522191	0.0231724939003227
-0.258666300637645	0.274053607149134
-0.218544898166245	0.221680167962325
-1.25780848893365	1.97043501597466
-1.60248400086922	1.91983884939536
-0.889979722310354	1.25785543790205
-1.93734420063407	1.91374761788008
-0.538012118498615	0.872885123665454
-0.945777519129571	1.39556272859133
0.0870105937400073	0.080988878001375
-0.387478014790249	0.401554141931152
0.319890508284946	0.194106120657783
1.03932108302349	0.492960489314666
1.02131734487847	0.380569582022262
0.513646005292164	0.181128642856017
0.128338588542606	0.0483629401375905
0.159992352718576	0.0400538861334557
-0.35262379016767	0.101278913820777
0.154465593370314	0.0289479903375428
0.160221796316651	0.0401166927693931
2.10134352428049	1.434933050144
-0.167880062254655	0.0601000389710004
0.130977595936442	0.0435409758262869
-1.82841297073294	0.73863065228361
0.132732885510209	0.0441080605497273
-0.498142378803461	0.262387545481795
-0.440583678433832	0.342174539034276
-0.535510592693985	0.448878578699855
-0.532440677386267	0.607480635500609
-1.18791484648605	1.22776159575379
-0.731042916367029	0.861350609192644
-0.628857068592111	0.749147192313091
0.536219445017266	0.635702017664319
-0.897522986463407	1.27414788001723
-0.308288274694355	0.324724897059468
0.183946018955479	0.176872738727079
0.246666725366926	0.263704881037751
-0.301459532185807	0.357672902335712
0.262341557591412	0.335301598767497
-0.323755959595945	0.384081534824839
0.343860203004777	0.330349606119649
-0.704147136131141	0.623394737810477
0.135308208894332	0.0649218855246896
0.146139603333772	0.0774914174974864
0.345762955214128	0.172762610176751
-1.10164776696325	1.06871509530544
0.334304605729752	0.431588342709865
-0.163303058043823	0.170001813243104
-0.5071934768821	0.648510951570578
-1.13359618341809	1.50577094595238
0.252326047753646	0.25414660797998
-0.273451480504462	0.172332417212979
-0.965855878252814	0.594852855605643
-0.0083672052392423	0.00428236046684319
-0.789083391693148	0.34215026874497
-1.46079916086596	1.32208425081818
-0.00972665336371322	0.00495144069245329
-0.436080891567091	0.379979694516767
-0.433405983454337	0.37704208042326
0.642842703637591	0.456402167128613
0.425151238885793	0.167665451674877
-0.739472647353845	0.252404120102369
-1.52585303078124	0.541962051097293
-1.18368954027495	0.659935496261333
-1.19018461257151	0.665625499116834
-0.50343844046503	0.265614691620681
-0.422271909209449	0.176267476336917
-0.786064001710535	0.340634932199196
-0.769548326987371	1.41461393042092
-0.0764564238243176	0.0720154887621631
0.187532535093718	0.164482405544072
0.29571614715752	0.439959057680425
-0.231038672110067	0.294548218332324
-0.838870248118331	1.19208440665271
-0.706716600782893	0.93542577970906
-0.00692105586068883	0.00352361866545424
-0.622173051255923	0.939991702642824
-0.809676508391549	0.442607458794809
-0.59236437580046	1.15501020007448
-0.121194249154706	0.125356375687713
0.0999055973020862	0.0974190021345903
0.654155843792878	0.862937325565163
0.567328392752131	0.452639182609876
-0.341759434277134	0.207583122829008
1.81205656672306	0.701877636994275
-2.08415974370804	0.940101868694296
0.802138012530807	0.329972517070534
-0.737745529684395	0.251848226779474
-0.74269218165825	0.253631177667885
0.803406298057045	0.330476655381048
0.658449623497539	0.206846818911275
-3.08203048704882	0.947509650360219
-0.233742966580479	0.0752394538943447
0.162357836679133	0.0405597098553547
1.31075302529266	0.562166881695306
-0.628164901903538	0.15157555358925
-1.14583039258107	0.346039770541419
-0.737824274342293	0.251781339210884
-0.39121763582786	0.310490750603057
-0.245560103693778	0.249207697271163
-0.0202941264794106	0.0179857517067487
-0.292894291124738	0.214481802763749
-0.19171535604116	0.14854298991451
-0.829636598881112	1.22495853479439
-1.68558550754007	3.0115455444377
0.0432267989868916	0.0344460191380886
-0.597196062608375	1.00542198569719
-1.21821223236289	2.21340429634935
0.434977383792477	0.512796774229315
-0.559104363447754	0.775117276320646
-0.200640445655135	0.234332689366207
-0.0881798005151757	0.101165103084469
0.493900106378518	0.744358265255422
-0.478883604515752	0.613968827768055
-0.683569043868567	0.483711696984625
-0.342089063547821	0.207665718231302
0.943170247972652	0.637517428378794
-0.465852465825879	0.312249204038732
0.46892758851601	0.433044685517864
-0.049531865557218	0.059981426801912
0.104815208416342	0.10771292311869
-0.693116390758398	1.11972532904321
0.178917486122914	0.147454028971863
-0.380637383896042	0.467587378333808
0.669810305588448	0.696528216206731
-1.51227685112488	0.76213256545427
0.015680115612831	0.00857573654620685
-0.148029329915778	0.084303715087829
-0.537547387302464	0.451097589162087
0.422401150963659	0.320611158455492
-0.197974152849863	0.171602357911549
0.04303384674137	0.0406597983392569
-0.0577647473748131	0.0364688058603728
-0.358852053011674	0.102979336804101
-4.22978477325578	1.96790247420793
0.661517102334111	0.207824976675168
-1.14088544605048	0.344426431780091
0.140948251392809	0.041458274749763
-0.502197330384567	0.264795797725411
-0.594387267237666	0.745480900485474
-0.80947586383922	0.443073558127975
-0.961382488873512	1.03401744853078
1.2562500926633	0.680630080040547
-0.49349939742632	0.499111779506532
-0.218986273022536	0.187365692167669
0.0407479126888907	0.0315782347258145
-0.478188771486328	0.51931239902419
-0.400301832860525	0.278666505452083
-0.219353702721103	0.166968590966673
-0.309115735953924	0.254308289490835
-0.451452368563374	0.459961504514827
-0.259901368486624	0.294986578427948
0.373327339895348	0.43430363948052
-0.155705990995875	0.181704939299049
-0.378738515549697	0.44105366899266
-0.117336163445579	0.0966991177054694
-0.505794951234055	0.468597298222925
0.650987690401827	0.592476852700251
1.0289073386724	0.97560893401506
0.430065670226614	0.327895353897828
0.775088038303228	0.460413315572399
0.700549197544474	0.459188488066524
-0.338052972287407	0.241607558298464
-0.668892914447729	0.400432681695428
0.128353498749062	0.0427000802237377
0.130229401607723	0.0555523028434548
-0.391182119382552	0.271057129008171
0.148519613497664	0.0787521358144454
0.163983783000912	0.0944607729442348
-0.325034420594285	0.14983068947244
-0.997509204027781	0.492307329534456
-0.554134912047468	0.591387514187869
-0.0929822068636935	0.0682078030737104
-0.355918023658155	0.393849728873033
-0.645810484053018	0.813207805977359
-0.454061849747419	0.499132469131781
-1.20485757519778	1.81716275731177
-0.459335744089263	0.430951832734428
0.292717785205875	0.221352515338215
0.179060890532764	0.13829696350711
-0.391427089750991	0.310859169001313
0.180308468910384	0.157337563279319
0.492970587896912	0.542512103407592
-0.483884186927822	0.587215848604567
-0.574861306285858	0.92602253728334
-0.284251567620171	0.238510330037112
0.536143804423682	0.446258298331616
-0.644541262273886	0.629756873806189
-0.630335171703311	0.569074730934973
-0.107841555768101	0.0975495223348077
-0.387484785449611	0.502500317185564
-0.176756745838548	0.15471848998125
0.0281025617674705	0.0254572898389972
-0.479606412494427	0.521312773838301
-1.17622832399266	2.18769179868347
-0.973099352216198	1.31277164631721
-1.34646695536368	1.35244021600153
0.584396572754159	0.565930308099957
-0.342225012033436	0.244994918430026
0.268736084062846	0.240422621493243
-0.510083457750059	0.387722666068477
-0.794777042391427	0.875261711825393
1.16584683224952	1.89687387947742
-0.674929255371888	0.757827260799458
0.0694795245261597	0.0450988224270191
-0.792727253331207	0.685308231887669
-0.0442415326044782	0.0210896138943911
0.149653471844477	0.079291114285782
-0.601410988300647	0.492532377030928
-0.790867075685778	0.748897876938184
-0.283486582456067	0.299954895368312
-0.504449606324496	0.382350075789712
-0.791947819380699	0.684409239185734
-0.410542005881033	0.234380376464679
-0.495347824163316	0.501547278620397
-0.0883802126932418	0.0646878962056133
-1.3573366311989	1.57756207947975
-0.179679883834511	0.157625827472626
-0.322335252236262	0.29203935959113
-0.424690830951126	0.404489865788678
-0.706100124410887	1.29272328187811
0.27135380239407	0.391034792549349
0.327801213051766	0.428263115657014
-0.277367887463105	0.380120037395629
-0.134935559450478	0.131017564969296
0.106595114499982	0.109761718263922
0.0280632304276861	0.0164431764454604
-0.191823538419002	0.129103366634355
-0.70017364085819	0.618365308824437
0.910845599746477	0.791603990220799
-0.585739852768376	0.430830810044602
0.165354504888643	0.101720815667417
-0.507656900136727	0.385396598583595
-0.113940536103998	0.0453592768616862
0.88358587775081	0.468285840080903
0.176086616215633	0.120710286642866
-0.507006429293685	0.384815124415927
0.307849770601755	0.199532478780623
0.16958290329672	0.104435692878304
-0.232600443970083	0.152227406803649
0.541117450776997	0.313114349779292
-0.804000022395313	0.438737667258618
-0.209751988446471	0.215325859324453
-0.079417610186741	0.0793951801388988
-0.384966427250081	0.425094576704438
0.129576612025981	0.119931721925391
0.189069330245938	0.211573225229018
-0.821888529189136	1.49652477650331
-0.383067825347196	0.422439410556865
0.147955801033816	0.147270336387814
-0.642336909721587	0.771123407641598
-0.0665898127633159	0.0505673162437317
-0.632046910228738	0.754365603929881
0.833550647218044	0.988975781036223
0.0238984993617788	0.0179212012958049
0.033585463979474	0.0305034327073383
-0.00536217102168335	0.00532008059093176
-0.278971750588795	0.233277439049446
-0.56230433741332	0.360383835330646
0.184307388123048	0.147769902478284
0.58546670289283	0.567438836165569
-0.187644321631657	0.192749001196001
0.25743425163475	0.277595433065714
0.189159361602981	0.190335914748531
-0.208512002266845	0.209791248333815
0.195109099751617	0.193301565768433
-0.036507854706868	0.0398412012466562
0.0894833218298993	0.0634811233523212
-0.0498838612334875	0.0314522161613372
-0.384224592756484	0.304018421834289
0.610061807648454	0.572211663114214
0.682894978175387	0.791431066178542
-0.482606089186911	0.413168520822128
0.132273158169037	0.120124578793288
-0.999978842799503	1.98544887684514
0.109952363501338	0.0893526813782061
0.181809745757549	0.140770804693976
-0.185317549246517	0.143049179840349
0.327972095426174	0.181823295057912
-0.50620389160666	0.383833927269221
-0.790411077066303	0.748498624524372
-0.336515163691994	0.204030297004204
-0.39033724316034	0.34460676831763
-0.097937538369849	0.0895115896974578
-0.931991105088673	0.686588349687162
1.35329615268775	1.25219392800333
-0.607294739822168	0.498848983336609
-0.281363145268806	0.312904548598663
-0.500221839556464	0.613609891508175
-0.919748739107224	1.18882375644024
-0.691410013542971	0.906959101426311
-0.517011082077509	0.557690430066889
-1.21231324514305	2.19795933404926
-0.135160513413207	0.110037716465256
-0.579201335828875	0.570637692006111
-0.449678423649559	0.350660411765825
-1.59913599818338	1.91264977766515
-0.64752933636214	0.633870892291798
-0.61765457947541	0.848702688459672
0.521484511842642	0.547595002297863
-1.00982003402043	1.72513728426238
-0.205592761439422	0.179065393252385
-0.72603534867465	0.805692580213733
-0.353010203423989	0.286474653944637
0.191949739484597	0.168854584388267
0.330169988085695	0.32364797193087
-0.142102400615494	0.100603444134866
-0.235157874966913	0.154071564476585
-0.1315156777746	0.0926627556833536
0.56542562475142	0.450590500388846
-0.210665672040485	0.196564554435148
0.0893045913938979	0.0677072179162525
0.0651663340761947	0.0422822143924267
-0.343279821790926	0.208577198875214
-0.868503527579438	0.944641804019701
-0.309035287263213	0.254255715367192
-0.534857245988413	0.44804634032204
-0.586593702003929	0.580717924339352
0.122435274360745	0.112701969710609
-0.163961608821134	0.113284396000334
-0.346192634320633	0.308088206255855
-0.586303029218239	0.431288153172301
-0.421338623418603	0.175861305360882
0.586862632728758	0.302907595174976
0.128075192969757	0.0482635683600574
1.59858311147743	1.1013687509737
0.42648960406754	0.168294940193169
0.127400928165014	0.0480444248477577
0.649938345653213	0.590962556698682
0.00368223349513861	0.00358160966672244
-0.390120745997222	0.375785332134476
0.455013235095551	0.433136545507619
-0.856495604840537	1.05425280828447
0.115056461468044	0.0962716944214168
-0.621850047926467	0.702349058264499
-0.0787936965727477	0.0482692249740563
0.394704787314634	0.325895352193656
0.583160650211453	0.564532404100347
0.0919159603459392	0.067614565522485
0.491332730100992	0.54016340581465
0.50243252855693	0.53914864658128
-0.0457594348980101	0.0296499314062378
-0.17042579928486	0.164182819668426
0.0817380185927291	0.057793221119208
0.00847855051170824	0.00590234603612574
-0.280534790650859	0.234933429965873
-0.480791692129312	0.411306545636751
-1.2424642842807	1.78745537130102
-0.456567008084186	0.466734660988622
-0.221345491233559	0.168792440185415
-0.837824363648851	1.13553147747879
-0.557706916706739	0.508811255132528
0.425770753975152	0.323956140392795
1.04642510491224	1.11118183879917
-0.327418925092838	0.297426348617396
-0.228603493325197	0.210986967046275
-0.569524037205726	0.523085223939796
-0.507852274227738	0.385373151797512
-0.792184248049812	0.610585519768301
0.178312885557829	0.127799807752743
-1.25020015444406	1.17177668230952
-0.726137752205235	0.805947657795644
-0.5480645837811	0.349197194574963
0.0989031300658172	0.0753205005519443
0.00722326440756984	0.00503880669464174
-0.672742908985915	0.795210679153727
-0.290131332673027	0.212217676951177
-0.385886704286891	0.339746720471126
0.0887331707469379	0.0629345552585501
-0.0435009158002855	0.0207427033103368
-0.739003822726622	0.252222384495429
0.495226615512475	0.313013157866661
0.124675860041347	0.0470515285364447
-0.254922072379942	0.128845320578231
-0.803271396344455	1.34304266380055
-0.134599288708557	0.130726372037003
-0.0288462003084651	0.0250415424119073
0.0874467766750978	0.0829699312270526
-0.426130820237792	0.54810195495088
-0.067923909522245	0.0585319396484723
-0.248989728796156	0.247973568267125
-0.0901019930197613	0.0832397013461807
-0.443173998438196	0.483589592396278
-0.0902715922562988	0.0661040840369602
0.0479830465949766	0.03830591425235
-0.0108366942200778	0.00861369848265462
-0.147655977712019	0.13233357942349
0.442208525688839	0.523986191414218
-0.151749334025591	0.133530567080639
-0.657200139239959	0.903856573049376
0.0914874100090505	0.0886046707438645
-0.305979352104349	0.303042869163483
-0.556442194473217	0.594841185850654
-0.339334450170607	0.205896685709038
-0.288538049019276	0.263418542379943
-0.141574671051705	0.112800070313292
-0.391493725763526	0.311076056022214
0.325379568319005	0.180107279455191
1.22774495191275	1.03159897689461
-1.83066282429031	0.739596942279786
-0.355104953248248	0.101967480674674
0.146670376003709	0.0430346600388633
1.31161763457028	0.562749823451238
-0.741510950758259	0.253188727186893
-2.5766529574574	0.657773148602288
-0.168318442800183	0.0602514969158982
-0.5989759157006	0.862341535726638
-0.126738992183735	0.114101485802106
0.0747072143612668	0.0507201000343949
0.747842585464345	0.82955260018708
-0.790103359059182	0.923405480918066
-1.67396813368789	2.10487266392894
2.73074407417945	1.6407053140202
0.942580029703748	0.636878036966499
-0.232992934624777	0.152593403729712
-1.11848984539513	0.774067233049864
0.317011907378616	0.192084525414147
-0.346524082676796	0.280362445396806
-0.0423794467229412	0.0274626950587178
0.0649242487614163	0.0421107829093612
0.18617522989092	0.167367765847824
0.149614225306626	0.0793652662289714
-0.506741704858636	0.267822082406623
0.144389940892798	0.0424393237157952
-0.504053081432515	0.265944988625327
-0.443580296848289	0.34502843731214
-0.115543828626251	0.0833238660845205
0.382208557938311	0.427348107256949
-0.477937660626937	0.518862174008184
-0.938930935983766	1.07804470384396
-0.609605350433916	0.647888562934916
0.0458759541970769	0.0356208857859721
-0.0195535166330705	0.0129683690853056
-0.257845909519273	0.130349003441381
0.160934373461043	0.0988395273925449
-0.00642702418868035	0.003306676239282
-0.0509887102316877	0.0384461828766483
-0.109773505947464	0.0900043789239849
0.188752659101239	0.156505955266985
-0.0254887660787532	0.0197978854175907
0.120004805623491	0.103208955416715
0.191468063349874	0.177048729151259
-0.132665461594728	0.0935067766042313
0.181171771278476	0.149535804270513
-0.149249231735003	0.119504711705971
0.321449541846172	0.330329066105
-0.487739376464303	0.491246088669767
-0.082445020323983	0.050547171066856
0.660347295989593	0.207462296247491
1.11372458630792	1.00137215504317
1.31126841403568	0.56233368703482
1.2274153512284	1.34918928252108
-1.03061803292798	1.45249230430081
-0.603149909877135	0.760911888283902
-0.0712580580631832	0.0779302412393637
-0.0312506176130956	0.0271579534790465
-0.237527623658782	0.273618130766856
-0.107290297733825	0.0987632672834593
-0.18408915852191	0.203562843306366
-0.282919416844039	0.299232264953249
-0.275148398517908	0.295398131181826
0.135065511789049	0.130613539856147
-0.430041310579179	0.55474166787213
-0.7090781100428	1.01959082094489
-0.461700768213542	0.646971240608311
-0.830423472966305	1.3767296807747
-0.794159747785514	0.98437714397573
-1.34259163420999	0.841280326654343
0.183893376620943	0.142483907733192
0.472397818829068	0.437142837968522
-0.936507957264938	0.691620212421272
-0.587363427829618	0.432361334421875
-1.05199907591598	0.850394401646893
-0.741510950758259	0.253188727186893
1.25223695808318	0.677016320444687
2.76097686654259	0.765783986906631
0.950858461556905	0.2491584305819
-0.536101171148354	0.201337796547223
3.6326714041979	1.41965046916025
-1.50925080405163	0.760072338394048
0.372749111461897	0.557905162729303
0.426429991613414	0.52330485811316
0.36461875744689	0.332812211706833
-0.641462798702297	0.625978947626651
0.0128202953073097	0.00933514726777047
0.827459988353065	1.07962513591766
2.54257405726722	1.37573596793611
-0.540233723322025	0.202917482560003
0.307033486502732	0.198930483833373
0.569575576051167	0.454785022705144
-0.552548505227526	0.353095236317485
0.286081119868402	0.215610340694737
-0.106382535140418	0.0763662696959138
-0.50649312058637	0.267734582838957
0.263564757207329	0.235089182060386
0.516867400987127	0.448589405844698
-1.263009056848	1.19081714263472
-0.123899375153018	0.0492769188683213
0.161775522692268	0.0931985275997378
-0.256703631555135	0.192343700882598
-0.109704148514569	0.0650055380965552
-0.234130365049246	0.235608550997618
-0.555025177800083	0.670473721529565
-0.898325794233744	1.27630785701366
-0.364316065886661	0.428823389852958
0.259569069175436	0.244329174422465
-0.294162631285212	0.215656714629456
0.612323772871289	0.464993157381533
0.443355252888221	0.320125575671883
0.274727962276882	0.2391385782428
-0.261996974015217	0.241530735234106
-0.110374292361456	0.110175860781559
-0.158324739317372	0.139930261268114
0.00764877079504879	0.00611748773631131
-0.104534554993392	0.111124389987425
-0.451008405085823	0.459335528194137
-0.424142398792896	0.544469119925611
-0.0229118205395322	0.0201007013252715
0.233548325322401	0.247013053331869
-0.725040012344232	1.16941125263712
-0.703694278256857	0.622780178122548
-0.535402990152881	0.201037267314672
-0.632563406792844	0.152610991116788
-0.253063568737107	0.127775270691815
0.159992352718576	0.0400538861334557
2.54257405726722	1.37573596793611
-0.453219489657821	0.423496420062181
-0.957287630006836	1.3529823670481
-0.0379106446445417	0.0361182474246882
-0.380908038840763	0.444338630302079
-0.337196561160592	0.415841830302335
-0.278652824012654	0.277348522344407
-0.157317964538979	0.126560902321066
-0.0810318023436631	0.0679883646843872
0.100446916445152	0.102892051464645
-0.832750778312329	1.38267194482812
-0.342774174275808	0.208114767264049
-1.61983235149555	1.25584205938741
-0.478456178552415	0.408507588478215
-0.228844327969383	0.149527651655436
0.129611115232073	0.0552814638410688
0.53181254017889	0.306572604492641
-0.628516191143665	0.301330111365903
-1.79840965860499	0.382877827643389
-0.237212899766669	0.0763212805777045
-2.30065661297022	1.14788322958659
3.26569824690609	1.10327543173781
0.137777354037229	0.0456973820976041
0.948905461162112	0.248586345985544
-0.796967464341819	0.346381482438295
0.250292271319795	0.303994940601093
0.103514176752325	0.0814921651435126
0.488900082733575	0.437743924076593
0.418797931255018	0.431083108115096
-0.349304178079904	0.282958521973602
0.774733924496347	0.460761617383799
1.01961500222098	0.379984696878922
0.128936415922896	0.0485814724251015
0.428071608230174	0.168976723678548
-0.233395157779413	0.075126282890225
-0.0833799400770812	0.0366611112675002
0.1429576177468	0.0757457107226959
1.23429369864454	1.20849162503559
-1.00612233984752	0.909219128337974
0.0547523958182238	0.0337594914729437
-0.229653760707963	0.150164388290776
-0.254370792107733	0.128453995962992
-1.29376133697956	0.576703831793288
0.14212982812245	0.0682493066749557
0.32835738214752	0.182074086084219
0.286588970593378	0.216065843606752
-0.929807194359563	1.13724836627077
-0.556544493875839	0.594995449624292
-0.118439010158314	0.0855409195424008
-0.302564923253	0.299027564877874
0.023425910559035	0.0169598291810756
0.639557028331017	0.682105907190373
1.39133101152764	1.07695727141885
0.531184404262923	0.306474567087455
-0.0399972535543821	0.0191098705740378
-1.12995208531447	1.49754470756482
-0.347452415753854	0.280995168961576
-0.104202997061146	0.093979913595913
-0.425906912049798	0.440170803974951
-0.298564655741947	0.294239811235879
-0.244528624477851	0.26128939577856
-0.0237348390908608	0.0184323776645788
-0.535752039699562	0.201197678787455
-1.04313192494267	0.410517747694466
2.34035752495728	1.14687930198309
-1.19082781696903	0.665975116345565
-0.0759694203501888	0.0566719294717544
-0.184541344979919	0.176272620938954
-0.252525644949128	0.302347899042002
-0.146813024033614	0.141489309056346
-0.446330251643499	0.600136835379167
-0.192188864732483	0.180792442130006
-0.0523386569965901	0.0497772102697817
-0.603421704511915	0.639355832893067
-0.245190781440017	0.0788498782296321
-0.171978560989748	0.0615700655036388
-0.396707598228511	0.275564853291356
-0.460769667159507	0.308003119156119
-0.323013044823647	0.149053670842236
-2.00016787924038	1.39248233978272
0.140489535892227	0.0674393613833244
-1.52955481711501	0.543641482939636
1.02533495299364	0.382457756692076
0.132382889280095	0.0439989008298304
-0.240976410898063	0.0775300306973211
-1.82774356981833	0.737943607903738
3.26284822825054	1.10169382604423
1.5520922495992	0.753268069075162
-0.553512926924956	0.806160022373942
-0.00934931483445686	0.00628109767299706
-0.681638328482148	0.809878374962226
-0.546801865532359	0.726314357245191
0.950468427445992	1.16844386708534
0.0345730232286752	0.0201359523144141
-1.1447666380351	0.34569313996721
0.804687608616084	0.331016518337293
1.75006325129528	1.35268625898383
0.342709351168014	0.171305948089518
0.649670287448362	0.463088384171222
0.322804088046608	0.178833335050222
-0.0813598195159041	0.0498951683751172
-0.951559650779489	1.0174637067936
1.15249311736147	1.54648071622253
-0.693612036017825	0.554796439297195
-0.414848866012593	0.172904117262776
0.147510896476738	0.0432547789402825
0.130746772941667	0.0627519300315173
-0.238498988469008	0.156508788554136
-0.39747751923809	0.352231726359457
0.113424233748691	0.097142368715441
-0.488491724583378	0.419523190887232
-0.279889905267983	0.234303548898821
-0.618198813661232	0.850492513980414
-0.19856471580834	0.172172808036271
0.305984919772522	0.210803547231806
-0.199236662748052	0.107830774415673
0.177119103099082	0.109409655654621
0.0720781442889034	0.0488531588853283
-0.392776467387676	0.378991589727927
-0.432502996737936	0.52988715426525
-0.359416142951617	0.398653812332899
-0.0350721667098404	0.0272893877698855
-0.123432067362263	0.11290528662255
-0.256598816326667	0.308367916405388
-0.117929588660045	0.0468818487534914
-0.539089600210505	0.202542124367007
-1.2379825577152	0.942822935556344
-0.00670067442516939	0.00453051090067982
-0.426595383777784	0.406918767480832
-0.107897905956944	0.105891017473838
-0.154496257059952	0.146999481236906
-0.404260640545557	0.521408342289771
-0.78706452269722	1.21336344086031
-0.234880738963331	0.217900094183115
-1.23608443469797	1.62783507834347
-0.0567329852891855	0.0428841013627498
-0.0762347208685759	0.0335547025042344
0.875063170785085	0.463066041583624
0.160973737408903	0.0925835270984823
-0.507009144878078	0.47020460849582
-0.236989724567202	0.0762485047293907
-0.671927326488979	0.402810420825516
-0.506794097572438	0.267917146892905
1.44839669376933	0.477459847846965
0.159992352718576	0.0400538861334557
0.162357836679133	0.0405597098553547
1.02533495299364	0.382457756692076
0.944504519928106	0.247598335656165
0.154465593370314	0.0289479903375428
0.879823295650508	0.465619204635478
0.305285928867463	0.332569341444708
-0.110039321559006	0.0791123101674732
-0.351778535670241	0.340559001110922
-0.453399583179498	0.462490070066684
-0.667946598679209	0.704888662813253
-1.82842406330505	2.13619990672236
-3.76558584887962	1.48443010453042
-0.535752039699562	0.201197678787455
0.137241747959079	0.0658054864748649
-0.117762476272093	0.0699285522487283
-0.813028464416497	0.44513602340247
-0.441909055853704	0.343248546467046
-0.96999048333885	0.598826501142263
0.450319593433566	0.32624308147066
-0.238900119415137	0.201126423752073
-0.326701435000739	0.150635968932603
0.323111427912927	0.178870060024189
-1.5088621709036	0.759006136042553
0.585811213568047	0.302214531395461
0.605890831015636	0.458804031335773
-0.447050233615051	0.348404354109018
0.525452347369118	0.635954351891225
-0.426583802813654	0.491103385896315
0.454440270099205	0.432664296773477
0.110149979336314	0.0941048451376848
0.186483903136706	0.144779687333756
-0.5041010948095	0.466542303034835
-0.0763127549371531	0.0335886930934556
-0.560654029837559	0.359234153551476
0.496603865783066	0.314435795239447
0.0866564941099491	0.0635722203728975
-0.730434716867424	0.905982744915366
-0.46064885467045	0.432606137500314
-1.0081790767627	1.21944297100685
-0.175353510389089	0.1662473054501
-2.30418064567315	1.15110792862376
-0.786972972841208	0.341119507465729
0.38434286086318	0.329208641560508
-0.121009806656607	0.0976250022721334
-0.299871040481647	0.338708033930566
-0.515321287277003	0.622816532720432
-0.141749654397089	0.126504261278908
-0.194048246063861	0.167725556220121
-0.199875141767656	0.189209563018779
0.0508766172921434	0.0406775264387186
0.0365247341744728	0.0282657522571592
-0.430584131097869	0.526966852321999
0.0206191155931234	0.0149251953205185
-0.864496861458084	1.00491606352572
-0.898086123745466	1.21240672912985
-1.60363551262653	1.92147607615798
-0.57095560288085	0.524775443538958
-0.169190161397211	0.0605807238332027
1.04334303236484	0.494914028912666
-0.797003253957528	0.689978928527974
-0.196723205518021	0.106507926775822
-0.802503810348456	0.534149689960156
1.35610391967818	1.25509605498248
-0.234312185154952	0.0754304879292539
-1.04779140371951	0.412732841654536
-0.629763239673253	0.152058330338803
0.160221796316651	0.0401166927693931
0.154465593370314	0.0289479903375428
0.944504519928106	0.247598335656165
0.950998501270056	0.249196467275389
-0.9661046610391	0.596054432906184
-0.043601336635153	0.0375990901300222
0.0105391120004118	0.00770916772561603
-0.440898366930337	0.342360360969311
0.701804582580897	0.708642613197631
0.523259533166242	0.549844121864473
0.887696109601437	0.907468631495788
-0.628599509856641	0.151612619227975
0.804902320215242	0.331341314716319
1.75525834937773	0.960461484578152
-0.0414812947725164	0.019802129233336
2.5422210800607	1.37539333441399
-0.4015313377525	0.279530078506674
0.319205076256371	0.193639884819278
0.570501485019702	0.455790109071025
-0.128075602360094	0.0900517869013918
0.297310808791683	0.225431483544339
0.377786837575273	0.167726927816864
0.511187733730715	0.180331422147582
0.67381718361366	0.310093898628815
-0.409639793671623	0.233512163726633
0.0634280853573532	0.0411312231170365
-0.0672500648066533	0.0425249633063091
-0.724744338346109	0.754569226458925
-0.548423314739245	0.583034512268978
-0.28655848731899	0.261241015055081
-0.0777305096136217	0.065081479185047
-1.10601469144807	1.07581591412948
-0.574102147423612	0.651736826030267
-0.428485678923608	0.409076794693639
-0.543338453486017	0.204199784090533
-0.970913084182283	0.599389744276947
-0.793305877820496	0.344462091426673
0.659066196783539	0.872368736105018
-0.943409708280626	1.39089578497365
-0.0252256233546847	0.0243793091566994
-0.581516300872324	0.771499559005875
-0.532302228527259	0.740128411179516
-0.14578803028468	0.14039044174664
-0.231057852062504	0.264670661490632
-0.171966825293572	0.174271260105312
-0.68191298825001	0.482422863042075
-0.114467244250666	0.0455768437223513
-0.0551312933241651	0.0347921463224856
-0.0804465192993072	0.0353912074741878
-0.164961528199622	0.0590946327024874
-0.325464789243747	0.150066551001885
0.876980757709068	0.464120106246
-3.46299441124492	1.22953362528533
0.661811042100157	0.2078534144171
0.16045117802105	0.0401558290866076
1.45138090115721	0.478568850670936
0.948768757521975	0.248549269795159
3.63565166019344	1.42132833477826
0.132382889280095	0.0439989008298304
0.188434199468308	0.189527310166277
-0.326467622445736	0.29645723959178
0.634801067614045	0.766758663271326
1.16860720654224	1.80036564541089
-0.231432655938873	0.177382428867496
-0.157520379498805	0.108508381822704
3.92566058026872	1.70098421412171
-1.34645789832517	0.844007063342191
-0.2812898341626	0.177856501086935
0.0683130031883781	0.0443279528581641
-0.793429875895682	0.344404192761186
-0.171004331181095	0.134991776458661
0.907489439748259	0.78749337147428
0.491873223021527	0.441119681045477
1.04884171152182	1.11435793868905
0.428820039967385	0.326673837631377
-0.796622843370816	0.346185785919449
-0.354815349846941	0.101888689175609
1.09169464432822	0.826426328204944
-1.10946811727341	0.764975081625646
-0.291678455998905	0.213519305223219
-0.181036998133848	0.172487707877448
-0.361003680530086	0.423869494401945
-0.289683461189359	0.264677719713531
-1.29176957884083	1.60597220334331
-0.222813159813895	0.191111293699567
-0.579390373992784	0.689965961319495
-0.386207328587677	0.305854576613297
-0.341669214920016	0.244576258559067
0.416107050142921	0.427564028724039
-0.625685546993798	0.563443338437069
-0.117902708700115	0.0469250276685034
-0.677184463088097	0.802666750448753
-0.640101267849227	0.802541697163199
-0.0659600185558847	0.0616615903111114
0.199305211719135	0.213902322352015
-0.667144390024558	1.17819518076226
-0.621028683769654	0.966900398169174
-0.376220021929655	0.492549657359669
-0.276700178570073	0.23103004167043
-0.223282858666182	0.170472842773596
-0.447864728558112	0.349025694394369
0.130920287619515	0.0493322328761646
0.597353829813091	0.58230870165564
0.978911083171585	1.0719210794419
0.339108391642414	0.1691026253186
-0.412680513907536	0.235700629965545
-0.0431891266490548	0.0205865815825423
-1.52556530925699	0.541887546993991
-2.5766529574574	0.657773148602288
-0.237090328086136	0.0762301533221021
-0.536322009305803	0.201466150653051
-1.70300887445461	0.961054340941757
-1.62002654523219	1.25450888246039
-0.240278820798337	0.0772929353381372
0.276455131739469	0.33615778529473
0.131051234440492	0.113572510098617
0.698479438869483	0.891033459966693
-0.619485046543757	0.698521230470757
-0.026613734010602	0.0206699140630594
-1.10649614723178	0.762139554559364
-1.50897634643426	0.759381379959404
0.312349631142272	0.189001860646673
-0.0744729958032379	0.0328169528983707
-0.667157619067108	0.399470889154624
1.4720538847471	1.47936800680495
0.38511983300361	0.329942227066469
0.729136489780352	0.608375214763233
1.27627391691044	2.13550259985399
-0.160197117238297	0.141784877812996
-0.335536340894559	0.239478341741368
-0.0777810266934077	0.0342469158484829
1.60309281154227	1.10937230917289
0.652008094200674	0.465582624997237
-0.287718155562011	0.182381302239953
0.921571678308949	1.03910411273327
-0.318727971086582	0.310297990378155
-0.486630123127336	0.531190607913796
-0.287782598627675	0.305575958503325
0.0181693205096238	0.0131579657712717
-0.684200896416327	0.484672241669872
-0.899926436953906	1.27914388471026
-0.137564676678112	0.122414894278444
-0.0809936904497062	0.0679550593593796
-0.295628559671113	0.370972388463464
-0.0550125849040003	0.0415723684251849
-0.307598786685185	0.324225519202715
0.120377994330324	0.10602144847891
0.179005218635258	0.138336682586469
-0.393334926314273	0.436826581976614
-0.352639906205272	0.341476371753173
0.246879777298247	0.253304943142688
-0.510062066901142	0.67543618051672
-0.53792999878395	0.685668886581941
-0.462460780742858	0.30956269034661
-0.54233208208366	0.203886592916296
-0.293699349067619	0.215138277614302
-0.466722463665207	0.312923219449828
-0.194068272657367	0.104969938323726
0.984659852341206	0.805557499660663
-0.663396410578162	0.396171924168727
-0.543675331725235	0.204518784198745
-1.1412568453231	0.344431220445032
1.31473628244331	0.564270657565622
-1.80123754984197	0.383647112861273
-1.52527766014307	0.541726073904961
1.44922258720914	0.477763268309402
0.883198277759912	0.468265493265458
-0.0315435095904042	0.0277801345223483
-0.479167132256418	0.520603134817452
0.0589721659180225	0.0485388519721834
0.613715868635506	0.6700089424291
-0.0862259267861149	0.0711459446901414
0.0519315551958377	0.032027855955058
1.45138090115721	0.478568850670936
0.421057115552697	0.166017922839267
0.940245328646677	0.634510692533258
-0.0800966314259405	0.0352428263549873
0.801571141201532	0.329656916274671
-0.588399448416964	0.43330930777404
0.317131386201344	0.191968930105627
0.45143545559586	0.444008640514913
0.37147957718116	0.328487928117459
1.30479428426556	1.67198552754958
-0.550432241715998	0.351344110047326
0.128782523982544	0.0428430922951178
-0.739220696441847	0.252380570526188
0.150418140331407	0.0863232406849637
-0.620936268577456	0.557712495588426
0.113012005266218	0.091964999417756
-0.519157100343352	0.561036026886401
-0.676376311362438	0.801217900126521
-0.81108055435304	0.542093594231607
-0.43572878655675	0.379729221576652
-0.581741645925906	0.694090770127324
-1.03806282455201	1.64867113619315
0.364558985313456	0.332630386340174
-0.722807982216136	0.751852527105373
-0.852838511267482	1.04765928933828
-0.464260859959499	0.311044586200794
-0.516214889490904	0.624139046847254
-0.911156899991252	1.17090289333098
-0.305842642399639	0.251162627900248
-0.573276809431279	0.828878405573949
-0.409378677076728	0.476939569769005
-0.340521002658807	0.40139213228972
-1.05454543376303	1.86487525975388
-0.591840758714131	0.710517330691154
-0.852005781212014	1.10675666659441
-2.13402227148913	1.64369674472226
-1.00042671384016	0.494424006740095
-0.697240360863133	0.558879825121371
-4.01193246433531	1.72463037714346
-0.359725191866461	0.103238313016327
1.02304894811125	0.381607715308403
-3.45900121533902	1.22669642729201
-0.241762406615348	0.0777470617850766
-0.41358116346959	0.172227997670108
-0.673076731399881	1.00527132324248
-0.15285552425807	0.122661013034008
-0.0961426936963416	0.0706132378932279
0.327387254965189	0.329237921028855
-0.0883092030576084	0.0646367687074717
0.304840845829283	0.209998313925314
0.127311248921534	0.048008323829539
0.656596864428374	0.206190386440451
1.81515619836297	0.703574555319196
0.173074272333795	0.118333694982883
1.08780381388403	0.822330041533549
-0.338510864618928	0.24184781413038
0.539785690196575	0.450331117551512
-0.148358094930133	0.0845064297640194
-1.14317771879832	1.27888348694832
-0.15920017725336	0.109750618474224
0.127924488470949	0.0482425929706061
0.162952579336367	0.0406858836130456
-0.411594396506958	0.171389354957964
-0.160779088679742	0.110865398641527
-0.514298746791873	0.478853364388571
0.332586931942145	0.335628061922611
-0.164806624603976	0.113919890432547
-0.0526347784372329	0.0397187074392324
-0.112480704876044	0.0924133202166924
-0.289245947231951	0.264134460332206
-0.793853882233794	0.686772737733337
-1.83513353958309	2.14797154248318
-0.624501462907049	0.298906969740345
-0.344716248784707	0.209569286065438
-0.324958927715877	0.294851630915931
-0.359006717444899	0.398276358209598
-0.496923948778136	0.570040901594189
-0.740303292158904	0.968292453527671
-0.160097538168417	0.141731037776221
-0.228905556098535	0.175308498977174
-0.85555407068745	1.0517913683579
-0.962172468309464	1.03530394381555
-0.555485486667771	0.593407099446406
-0.566512134647681	0.788663632944734
-0.724471349825101	0.803286319375651
-0.731027605861397	0.906975304789455
-0.21001422897671	0.229985844654344
0.0285822829098777	0.025416590305763
-0.569446920458333	0.795093996770777
-0.891127267903679	1.26075633476774
0.430345496492112	0.517538264230938
-0.517869319142867	0.689867247748809
-0.475216799185633	0.514792751921881
-0.309344861979585	0.326694185022497
0.12580431569802	0.111204090721036
-1.60080962753142	2.95262129310372
0.00380989161775513	0.00269896870182903
-0.0514747951137511	0.0388018181608342
-0.60472465690804	0.496134751384369
-0.41909186058351	0.174909956657311
-1.10988354378814	0.766197972915543
-0.961400467751004	0.591384516392384
0.132164012775708	0.0439252834614193
0.162719274583833	0.0406219991153643
-0.628299579656606	0.151558046801791
0.160813493636874	0.0402291855562724
-3.08203048704882	0.947509650360219
0.160221796316651	0.0401166927693931
0.881323339853085	0.466707870803552
0.404006450520541	0.574772619912585
0.503837901286999	0.540941180379912
0.561275014854753	0.559737919850373
-0.46597988380945	0.439076405144599
0.620236707383036	0.584593300015219
1.22446020656537	1.02868032410131
-0.628733247343677	0.151688343674084
1.31275235192293	0.563405500186811
0.700678292457613	0.4597777811418
-1.18336718045491	0.659680463908191
0.990917432663179	0.812741245729373
-0.0522772426302674	0.0329768525947708
-0.221523736580395	0.168932713757297
0.0773081121335692	0.0525265582118454
0.0620350427154523	0.0402204460354043
0.472953041947033	0.322960315825591
-0.20231270309481	0.109668417065921
-0.168760743646406	0.0604728682433177
0.316327831278844	0.191612386864598
-0.0120417397813457	0.00603392008419211
0.456903629955731	0.435641933795817
-0.302639247638667	0.248010310201102
0.519874020583292	0.545098883733689
0.24830407717406	0.237776401859621
0.38905924642599	0.42632490078951
0.275251287216228	0.231964562498154
-1.18505516317227	1.22318516510671
-0.0346921792799141	0.0224833363089123
-0.162300795954345	0.0581731243217536
0.846479578513824	0.622695303725183
-0.0106684942542759	0.007170510603037
-0.48243360408685	0.584843753564076
-1.03998820725116	0.409113309598422
-0.105179993765671	0.085990975476498
-1.07351178078547	1.3632788208985
0.200888404669057	0.204028334067719
-0.412837469509617	0.482014788682527
-0.880414245788495	1.35348427731735
-0.629598222259236	0.750440559702652
-0.111236658628901	0.109460724007302
0.0876492841556635	0.0831706052195002
0.0061640406778947	0.00513190084550766
0.309128841576483	0.3377294237271
-0.784130028928436	0.966007836989206
-0.598567057312877	0.753160781733326
-0.25677944298616	0.290599934118252
-0.0679672836488056	0.0575869682732843
0.134901199009542	0.130430156969962
-0.639932558121878	0.767283594032731
-0.439117164096757	0.340684560911446
0.132370910589096	0.125288656555171
-0.0899513123625725	0.0759021404992918
-1.50165728541123	2.78663113043414
0.184581929702977	0.137995273799215
-0.621031580717671	0.557626779027816
-0.961749422648036	1.0344203643425
-0.79680018540538	0.615254696812944
-2.81379507534911	1.89621359028745
0.804199982861606	0.330881993772713
0.155713854733082	0.0390835596706886
-0.632424041671007	0.152580102364835
-0.417832083070999	0.174255353735987
-0.540486497816113	0.203240784979243
1.31218528243788	0.56311122145944
-0.0976705651150052	0.0892333182984191
0.104390128654204	0.0867172687720738
0.101724922372069	0.0776539361918177
-0.932675533958813	1.0671760018495
0.35034188132127	0.327662579845181
0.989303425316214	0.811809289372727
1.80894124091292	0.700425017401662
-0.19815145605143	0.107222402663046
0.345460273391501	0.172602869150054
-0.551855701029782	0.352176772446279
0.859015709269978	0.6352883786187
0.493618234264488	0.312172560570725
-0.342224008355477	0.207775757172291
0.134357593366572	0.0644555511050823
0.180773678620033	0.129675295191072
-0.0738710483378852	0.032544404551503
-0.256895230163255	0.12989407327354
0.130920287619515	0.0493322328761646
-0.188995291414368	0.126978608375097
0.0642424976590911	0.0416297068101382
0.360190098776271	0.423984895137955
-0.0200525089382115	0.0157692501396867
-0.429447913240869	0.410266439628865
-0.311104802006699	0.328906194972133
0.103629161699583	0.0860242897323581
-0.192528819554215	0.129587967118612
-0.279916515817684	0.176787190446648
-0.696060521318313	0.557489963191676
-0.851846046995236	1.21863947785927
-0.512031994898372	0.476278899244526
-0.0481430222050337	0.0409879096366146
-0.0960235433915475	0.0890529810147643
-0.208305124072007	0.213603840874335
-0.317152820627557	0.286359460773687
-2.00385480806041	1.39821301907833
-0.112576098130509	0.0925055052610123
-0.21474882485378	0.183226318907776
-0.315521288678138	0.435623702139528
-0.455345828578469	0.586483039136643
0.0993676702426407	0.098471981103558
-0.493931822137878	0.695661766221651
0.384787251128372	0.505723522967651
0.199693042521341	0.198542257892921
-0.370667353908387	0.414597107432159
-1.22185654169309	2.22640737567072
0.127705257835122	0.120423914633979
0.0191116593369709	0.016232930095487
0.249834969893629	0.233470735900588
-0.273060284744386	0.292674534579081
-0.156135893921523	0.15160908487236
-0.706882120201607	0.626265445491711
-0.387130575697738	0.453644232790533
-0.319211885876613	0.358754494032637
-0.0842651176132278	0.0834797606934195
-0.317683884126494	0.37480546647698
-0.273138822885314	0.227668314982687
0.103805377452096	0.0793295873793124
-0.559409903505309	0.358233504142052
-0.115432391049226	0.045969859575827
0.0499319115781399	0.0308046978024298
-1.18678285032494	0.662835235719457
-0.233395157779413	0.075126282890225
-0.536194714717416	0.201274413521666
-0.785941854072081	0.340646515205131
0.671166583876549	0.308670070263109
-0.259462619457699	0.307415583099953
-0.829324376544103	1.27522497627177
0.180861590319104	0.134953501396151
0.560714574280238	0.5591931049797
0.361583775386684	0.329339051499977
0.0902478131907798	0.0640490305425471
-0.359432307228107	0.103134774665835
0.496989088567415	0.314344885187113
-0.333185494299477	0.201598784663852
-0.195473209332159	0.105720777137169
0.137536650513881	0.0659495032275318
1.12537312513076	1.0161431946093
-1.26988562535184	1.39119521927893
-0.796782285387115	0.61492882171623
0.100088416202225	0.0763234365356013
0.275890372825639	0.224323650540031
-0.32440993230369	0.149592506469743
-0.0839577860851197	0.0515162895951698
0.685726584336403	0.599040705393219
-0.511979844045616	0.617316917068818
-1.46789360793395	2.46851927371349
-0.0119086660839393	0.0094637991727957
-0.425133751887847	0.405082704238407
0.178148182137564	0.151045598943549
-0.681639163066073	0.482137084201501
-0.225230117307442	0.212464192041524
-0.680758058526744	1.02188575639237
-0.610134285089547	0.501818267759847
-0.807063081176681	0.441221548160824
-0.933865393934692	0.688122558881356
-0.538518495752287	0.202252156786087
-1.84225833325519	1.68962066534979
-0.141413784604015	0.126167113848909
-0.17805159851208	0.156032320253813
-0.607597620539983	1.05763661993545
0.187815563389369	0.196036958780949
-0.00376442281638707	0.00334876997499954
-0.283086713530313	0.321540608959152
-0.503141246371614	0.641477467789749
-0.905357583456389	1.54426745917328
-0.920342719660664	1.19021252414774
0.254480417870478	0.238654358884878
0.186737067385117	0.194674114249238
-0.957260255953528	1.35282732867466
0.244908613646197	0.281674922597074
-0.217649239459938	0.235923785310839
-0.327707671800347	0.342595181622443
-0.130611516229127	0.117956720684747
-0.525369784341871	0.703662074662298
-0.176479353463246	0.167541528572323
-0.842303641670136	1.08749589727491
0.34677787472025	0.323494158104306
0.124078662566922	0.109576475787197
-0.182598786954739	0.16046721910606
-0.0127743171217229	0.00855133619768913
-1.69310156591221	0.952523352821553
-0.80487100386735	0.5368512476129
-0.0169621693665834	0.0112717502463559
0.0952394970464951	0.0701658843648764
-0.804000022395313	0.438737667258618
-0.323463647286248	0.149287763018447
-0.119495261886987	0.0474703944863814
-0.357247952587094	0.102560703144377
-1.29503373562381	0.577267948395295
-2.09247545291009	0.945761140891945
-0.737824274342293	0.251781339210884
-0.551244112536373	0.801411913988169
-0.348758283038866	0.337067265693024
0.255864790001017	0.226977175059511
-0.0741390901417252	0.0552526626879516
-0.246291160247081	0.208385447229949
0.153272697177501	0.0813960862196772
-1.04324829900211	0.41067273876345
-0.117634611193586	0.0468309314969464
0.497431104469851	0.314643005469679
-0.0744233208958202	0.0327978365153949
-0.807242629305544	0.537986259122438
-1.10229795519404	1.06972509922318
0.526334165342797	0.302839041859775
0.185427701299903	0.148776768289195
0.51719548211892	0.622586385271622
-0.275375097963658	0.229924587467551
-0.381774969543921	0.365688543572286
0.760122305281677	1.02282285655399
0.429352488554767	0.43133153451611
-0.165833922029535	0.130472766369641
-0.0895345875253956	0.0755385421784806
-0.744123575030179	1.02047551745943
-0.419700671632685	0.398495955875383
-0.712787017907447	0.686990787532199
-0.682047685735137	0.482581367140773
-0.694577601200518	0.556074437968094
-0.230771051727801	0.150975527497444
-0.464789711790832	0.311421628100426
-0.533203578838471	0.532725368777877
-0.118225301795606	0.0470554996015602
-0.274124839271819	0.172795237725037
1.0622046209675	0.642925379689168
0.0343357949223402	0.0200061302406611
-0.303813162752096	0.319490601515828
-0.200331645332446	0.189676589147495
-0.28250614123518	0.33577432815084
-0.207262430675912	0.222590321651159
0.233788940690598	0.279862649572952
-0.32848909181954	0.343662112642388
-0.0362624806105736	0.032026961451092
-0.239762807392859	0.303955457249913
-0.415300283723713	0.456775609834403
0.613785490070055	0.754973648408893
-0.374298363274474	0.419645837214244
0.330388427792465	0.314241227659443
1.03487344535332	1.66716032637034
0.0768289839664607	0.0816352563457304
0.0806523451898422	0.0786655943551528
-0.884673787284305	1.36374455356629
-0.263849017959158	0.313870324845206
-0.148158325929005	0.154612089492113
-0.648325401013404	0.63445483907021
-0.0483555959812078	0.041820753750001
-0.526426338977624	0.728680519982632
-0.500033810022837	0.57469286984103
-0.229500279144915	0.17576346273581
0.4064739745876	0.427460352718179
-0.0396046122916574	0.0189259466401999
0.377727671382528	0.167676466473203
0.0420015481738823	0.0334551047325071
0.610918809558378	0.665876098249879
-0.681936863696832	0.481885452772041
-0.792052634019788	0.343809589207604
0.68141582506038	0.314089575094359
0.160221796316651	0.0401166927693931
1.81545080408239	0.703738180326379
-1.52585303078124	0.541962051097293
-0.339343625178681	0.205778948765039
-0.866499692504612	1.48230282552567
0.256417567468425	0.253203988002864
-1.04637100562509	1.400761227235
-0.728338010712416	0.759657376354857
-0.511129398405284	0.475139501038574
0.128568405154016	0.0427795258685336
0.127067130239612	0.0479237420102215
-0.112694583365968	0.0668379306365775
0.29826012804632	0.215960703852338
-1.10316709454423	1.07095943405607
-0.877529871448052	0.88722994232443
-0.392464276306556	0.271864347525047
-0.110116974110594	0.0792054666245815
0.0808540868269235	0.0571260883139503
-0.192387792833116	0.129515021401977
-0.588251037275587	0.784609777650914
-1.07637666393518	1.57294704864803
1.15574349543802	1.66211718598685
-0.258936167456583	0.259800857824201
-0.169320011151056	0.0606649453809961
-0.257161312921404	0.192739617135864
-1.00976036707935	1.22197976353948
0.180741159738084	0.144606428228956
-0.111154594634472	0.0659054825833838
-0.536671114051193	0.201606330220057
0.306623799534657	0.198493546524638
-0.0445285117474655	0.0212234532327812
0.845044191549694	0.770873478451094
-1.26222368408788	1.98278260672568
-0.241479633094101	0.225049729677211
0.119317969560003	0.105005945421389
0.573757476543895	0.655619950783579
0.616899703621592	0.759802592511332
-0.659220128910383	0.692418506768495
-1.28781653180666	1.76086713844282
0.464677335216387	0.444891416319352
-0.268474563670861	0.248520040068146
1.03936262980993	1.45196295779516
-0.0123540236505143	0.00981287397324532
0.252157378221968	0.254043229145292
-0.143929256663961	0.114849654789964
0.863927906021252	1.10735639637137
0.0475741927137263	0.0379770054950516
-1.08266299646499	1.58855874794296
0.379285574739671	0.4231783677991
-0.277223814608523	0.275649472384711
0.559418872205521	0.633421315399219
-0.421548915990697	0.434561679214724
0.401258538976325	0.42044582884186
-0.79273199098818	0.981831459933378
0.0830421695314011	0.0587030895242807
-0.496855598453891	0.503598959244735
-0.156995076291715	0.108117637062178
0.378044749457755	0.167956351199802
0.301235465181315	0.207204010672129
0.515113013210112	0.446120236168469
0.93643172229593	0.631332631867762
0.0444218356341335	0.0274087598411971
0.14949322536783	0.0792071464781003
0.372837785151391	0.165167314397746
-0.0763048692702079	0.0335842546122999
-0.787141293727929	0.340911548490744
-1.14111344283696	0.344497381350969
-0.854622270217312	0.988233436322579
0.972259307815456	1.28910089924106
-0.160668906179847	0.110866760921453
1.32480565705877	1.56007848344791
0.0810994610484489	0.0573066839189742
0.511315925469962	0.180318053690652
0.137906679784804	0.0662333832072442
0.293676302426255	0.212135977490303
-1.3526237174163	1.12610275109174
-0.281839052424052	0.178202296463418
0.540548734343929	0.450806733580566
0.184225839115959	0.132395272652832
-0.871306690407204	0.878085951330321
-1.1021034008226	1.31669407600753
-0.199982760817575	0.155740321275095
-0.251543853137798	0.187899500286454
-0.196593287711749	0.152781421094742
-0.58511064525769	0.429863478425711
-0.194107701707098	0.130735107673253
-0.563459816741728	0.515992373527775
-0.192366799099198	0.103970760531523
-0.624402937238334	0.561995455393785
-0.354103808525763	0.316793709996188
-0.645060999487576	0.630766900763396
0.025077223006123	0.0187976596801326
0.82687881684991	1.07930927186562
-0.140575440229127	0.0994301664730494
1.49187615654363	1.97518839357568
-1.52104420127884	1.72466833186269
-1.46432238914745	1.32649559322587
-0.587883286895516	0.582464912321314
0.855758911993785	1.44267412893515
-0.723101072686698	0.751759784899234
-0.206099865483954	0.196005653752949
-0.305144617329955	0.250475679738419
-0.197042735094279	0.153199833189523
-1.29507385742718	1.77882903586326
0.0630508272892933	0.0408838039999925
1.0951157634187	1.50397578988328
-0.649129160609447	0.636011169939344
0.146540232661785	0.0777134726472489
0.479341992304519	0.44516109105093
0.0667263288425643	0.0433063250008986
0.760431121246136	0.848779535897594
-0.604953191851637	0.641665954478555
0.181098307113981	0.149467662562105
-0.342563134655307	0.276541674476271
-0.278156614752441	0.232637528930876
-0.443534211391673	0.345041495047
-0.405061708824076	0.470352196714862
0.327573237398751	0.337993570484918
0.393584029387454	0.324942417325699
0.0469713142100326	0.0364913137524638
-0.245277856493443	0.243480623045902
0.501819303936157	0.538307769480721
0.519998860509299	0.545515128612825
-0.394691192578787	0.314049346444986
-0.0433090365300291	0.0332240411562552
0.434092479880757	0.437266181922713
-1.5246056005733	1.73279865472557
0.789233066765642	0.624695727235233
0.409355119042813	0.325289614291451
-0.80056384994432	0.619827912895026
-0.553676211135852	0.353841523738592
-1.1840119631349	0.66014918760717
-0.150334804263176	0.120433402293074
0.305287523721502	0.19750524471001
-0.44787806670841	0.34905141124991
0.181846786694346	0.14075744009697
0.487027827393121	0.549555625516429
0.0139232550840041	0.00761829570775989
0.0484580997499736	0.0298976671115851
0.079096192171848	0.0558720412104476
-1.52399669002124	1.73067673407131
0.382547012244937	0.327440222910148
-0.0690691785974016	0.0585636763808456
0.03979691598619	0.0231695192619941
-0.32254535588981	0.292178477240695
-1.03446323081981	1.17554107160973
-0.795226861954153	0.875712391063245
-0.659959951926095	0.909180078041127
-0.480432745215247	0.410920569271288
0.298241825150525	0.204809582308874
-0.443463412091222	0.484279707120578
-0.803018872789729	0.621978381596276
-0.307372407258465	0.252610718955992
0.201559350906145	0.235389139428627
-0.33229714047848	0.440855360971046
-0.205165481792729	0.261820211702834
-0.198916714508078	0.255508852966039
-0.450554342858896	0.637387874897553
-1.0624042664695	1.80738054104546
-0.794246040607266	0.687110449624895
0.512764145035088	0.444002403034522
0.582125831830818	0.300160545440486
-0.608385083937817	0.500114678359911
-0.11512189478062	0.0458130318128354
0.530890073192666	0.306271327214717
-0.341264231646493	0.207139203238744
-0.69257206419909	0.553400122092137
0.314047818132491	0.190126572180588
1.35148459734761	1.24856671832935
-0.909651797909568	0.76361811321976
0.574494505718012	0.459581052936259
-0.39457775866324	0.273775845689328
-0.0459070637003553	0.021852755336033
0.847823226871675	0.624064902235895
-0.113809255174409	0.067499779087687
-0.394513775148484	0.313985504556992
-0.160889636418322	0.179492502312793
0.514638793529842	0.445800784547406
0.289022487805687	0.208254609817152
-0.23345145302276	0.152927147944586
-0.869211006876377	1.5428317426566
-0.388635263176498	0.550667367252425
-0.265354582048097	0.245189839191771
0.435585976912114	0.424670770446452
-0.963440775451511	1.58602014821365
-0.255503517643176	0.255597673134065
-0.530140009464657	0.870550022413261
0.15341286143487	0.164296616330067
-0.275360547677067	0.229798142183546
-0.198586994432928	0.187750112616773
-0.114189186206625	0.0939050974170903
-0.794124482632306	1.53814066658868
-0.451506906581419	0.783415002804245
0.287760107800286	0.226608425902133
-0.292070246467339	0.213814048939596
0.415756049892738	0.331146539803429
0.461516861977043	0.440983819158105
0.311429241348368	0.340867559544286
0.331109712723262	0.433341936213768
0.468881935864954	0.601519105061282
-0.0931674246068078	0.0848363722402749
-0.280182705492124	0.352353427823801
-0.0502284527867351	0.0464088892764532
-0.688676761772897	0.488573407460632
-0.348951321398442	0.311194113656938
-0.390004850468859	0.309625879072194
-0.458022693621128	0.468589487121181
-0.349204041592531	0.311333394119411
-0.700821785292058	0.619602653499455
-0.575521327049582	0.420837332333956
-0.782760195437843	1.10996650075511
-0.461637760571044	0.433806987919547
0.531881853804643	0.542137492982975
0.181260301576606	0.135248425517008
-0.396512748692849	0.457074623059822
-0.255431408503729	0.255596013951924
-0.357368154987809	0.347432942327691
-0.0114326003721614	0.00908102136670499
-0.109183012165029	0.0785002282282678
-0.0315319464017186	0.0274097933731982
0.619774856613957	0.679064904704085
-0.502484746062817	0.578552845169985
0.172180225630118	0.123015342833766
0.110411701899391	0.0872663888528524
-0.477616385573158	0.407873168476227
-0.145244276451004	0.116010941015257
0.591543217700171	0.66101064761179
0.172117604810397	0.10612527658549
0.435939680469294	0.333012109414331
0.690749549311314	0.605304930920778
-0.272693829581484	0.227213166358099
-0.389583699753158	0.343587678629875
0.183809825902594	0.151913477113199
-0.433241114604243	0.3768845915089
-0.0819922128331419	0.0502936189191971
0.13630183966332	0.065429136011701
-0.723407192015939	0.801626000345667
-0.353255319497459	0.367048131352164
0.469531031278245	0.433593055398807
-0.0389364954636152	0.0252334999264443
-0.495338037434534	0.501691842499242
-0.679667646957668	0.806580615294861
-0.356887829267371	0.319898487562599
-0.781520047681125	0.795578202768788
-0.990184959804118	1.26897011830417
-0.197687696958433	0.153809815837087
-0.510818765508221	0.270508284244317
-0.017310021784464	0.0166764083839007
-0.051783234542833	0.0390616752602885
0.177065988715597	0.121385001269752
-0.982469878976787	1.25334548157156
0.612267907074518	0.667864308012324
0.614950463779715	0.672221389024734
-0.354514840642092	0.34401745966305
-0.539445739473833	0.540978097836401
-0.0582650235403613	0.0440863230623038
-0.149014149609369	0.119301716995215
-0.727497159921802	0.854883174167628
-0.110495281548745	0.0654782668925163
-0.425751489342803	0.368819608213482
-0.798749562453512	0.881199646937965
-0.866328167397808	0.941184211650865
-0.51620360755021	0.48113775363026
-1.34795598159439	1.35376052931384
-0.979884679299101	0.973457414892186
0.330228468904433	0.183417657881368
0.0698582266039405	0.0453809540351589
0.364825201140458	0.321241274728485
-0.00725977897401945	0.00489247615419345
-0.206074109396362	0.210984882984631
-0.473406109654328	0.549215083381075
1.31063158622701	1.68531073492801
-1.34427126536769	0.842408201017881
0.913793281698276	0.795255630878539
0.0539094774903019	0.0332575150963132
0.189461554737626	0.161860372514291
-0.788137328048123	1.30527668244338
-0.252552362369691	0.214454334838656
-0.474559337150774	0.513556198273223
-0.144295413753672	0.115146987401607
-1.35805108776731	2.44374648972388
0.281300082316984	0.237845456137053
-0.242705528903393	0.204847081783275
0.00961320402568727	0.00668853264435561
-0.320901636382001	0.290465823374743
-0.634753818054318	0.574318047823297
-0.0192095173412624	0.0127422762687285
-0.13358271926448	0.0941759565745076
0.643207249944533	0.583141816497986
0.0461188132258639	0.0367731493496366
0.384319332079744	0.32922724363016
0.468139574146042	0.536371494618059
0.259341059820512	0.237503295559911
-0.0958047922364176	0.0795484701483569
0.185589475935031	0.148907278270392
-0.516541755640788	0.481628746323718
-1.36257921847036	2.13205180836262
-0.230758276129425	0.150964862125196
0.0748382883242219	0.0793669484317604
0.753171262098285	0.838128385214868
0.283021294566228	0.231022328445576
-1.25130493186692	1.80972052137345
1.86589301739595	2.45632750836715
0.669173271164887	0.69567111601563
-0.0353304910987063	0.0169407740569569
0.726192058746969	0.604258163667569
0.346411801203016	0.323165753356624
-0.310268219413069	0.255435355134918
-0.193822336083709	0.150451996741977
-0.799557697784632	0.693217189191772
-0.247297126156344	0.18427073496
-1.06945301047168	1.82744213469914
-0.691756166748964	0.553111166542693
-0.133572549370661	0.0942116222774906
-0.138398915233313	0.0978457227085026
-0.499445664317043	0.634840749770886
0.0613000097429615	0.039731879987876
0.0679616460191895	0.0440902988180951
0.867203487279511	0.999905612134691
0.191250701144301	0.168155274264136
0.045943960325822	0.0356792565290479
-0.319278178107449	0.288615787815627
0.297344030230521	0.335583166999474
-0.425613519145906	0.519032394580715
0.534435987764422	0.632959987812401
-1.27424768330804	1.39971656507102
-0.0201044487246041	0.013318808728671
-0.502922912050905	0.380915182611553
-0.890976779536574	0.828651956543142
0.906182672931811	0.784708774958856
0.343900085635155	0.171673944402456
1.94188528842282	2.69086443671027
0.180184885673859	0.1237128542295
-0.325738933484535	0.150443168240512
0.171621694098064	0.117366122704565
0.304410537796459	0.209510213681203
1.23565873154425	1.50174992104928
0.786227863098051	0.743916702460079
0.32084807554438	0.194717831054219
-1.6201234009719	1.25608750836078
-0.00670160178560003	0.00344113732436268
-0.191496467804722	0.128856247337778
-0.263813172887543	0.280673317334947
-0.0575223165940968	0.0363129780740006
-0.300810445750199	0.221204264946993
-0.429698098541943	0.373110410187369
-0.0651896025664866	0.0483828799808601
-0.387262618066774	0.372410220327266
-0.307682485722427	0.405889242862258
0.177900244297783	0.137437858985261
0.167478114072347	0.103162327268542
-0.190972577469326	0.128431705707876
0.182975595198259	0.146514675575745
-0.0842619088109617	0.0615459775333798
-0.00972192122896604	0.00774614404881753
0.911301779359693	1.33428356941257
-0.280746165619068	0.279802443875161
0.185532621276843	0.158015430145986
-0.0902096176814507	0.0898123006515972
-2.45684011097419	2.41981750910377
-1.27380548130222	1.39806229933173
-0.434567246407118	0.50342506486293
0.286864664470843	0.216310289793678
0.137241747959079	0.0658054864748649
-1.18805981950109	1.22809598210459
-0.16335652899581	0.156502412726237
0.0798680834150134	0.0564294576901094
-0.184903320964797	0.123915854382225
-0.0431896592274039	0.0331292069281636
0.188891002365079	0.214692940452018
-0.198393410973136	0.25134132966785
-0.205547735138807	0.224307514653922
0.0144667383500085	0.0122883679401827
-0.475926809376657	0.693111575123726
-0.719729903526593	0.747346204251654
0.310422627204203	0.201211981937256
0.0499801728146101	0.0308014305082661
0.0171585608562907	0.00934306495529455
-0.803572943144849	0.535289511805048
-0.418826686176616	0.174791777507008
0.136884366080616	0.0656256474791365
0.138268969280216	0.0664163020380255
0.150896034842715	0.0799649637093736
-0.205334623564957	0.111359192786919
1.31742436471332	0.565703873185492
-0.670434356152933	0.40163781241793
0.157186090283706	0.0902733090254887
0.64650837817961	0.459812242234732
0.696544202642208	0.456425058532362
-0.00865083559648093	0.00442431699953236
0.848864316744293	0.624621529771899
0.85072517579337	0.626806005449482
0.351985677025984	0.329532611018248
0.0665987553840373	0.0450826352399988
-4.57994534098845	2.49755438351356
-0.272472695286752	0.269945962511817
-0.100866765987568	0.0923816272980079
-0.486149721661595	0.591025201788131
-0.276423837856105	0.274658480587911
-0.557445039000759	0.838580794178391
-0.250085498584572	0.2121038431476
-0.538194346241795	0.451660557780831
-0.795360609041331	0.688589194078589
0.884418133044603	1.21133167097405
0.47689688412259	0.442409661446555
-0.0679299251594587	0.0635813294861938
0.494912688439887	0.601984749132148
0.00738249794557135	0.00653480515931161
0.474776606861469	0.5317943412078
-1.07012395064432	1.82815257867518
-0.100058511903365	0.0832987960664279
-0.136353391988393	0.121191483611072
-0.346175029091796	0.279891095270645
-0.0119244883867159	0.0060213508108028
0.0905220846089635	0.0642346122065993
0.201368691242969	0.208593500936361
-0.442556247321302	0.344033073603581
0.408717485810334	0.324643989750384
-0.270342443890507	0.224889842020823
0.197804180540068	0.226641253497907
0.197289786177403	0.269092884465921
-0.509829930147055	0.90998517235056
0.00129202873675428	0.00139576438766224
-0.239807610033539	0.303961295265051
0.102971297125373	0.0786606262112354
-0.281959363085222	0.178312784185563
0.53758088928049	0.310676015572418
1.06603177625767	0.646802125466603
0.531113882206666	0.305955102147361
-2.0851928861798	0.941244883307777
0.129602692162006	0.0552849677106642
-0.413975670662135	0.236265904985975
-0.803572943144849	0.535289511805048
0.657866689740957	0.206670742493303
0.60252075898062	0.455802214024427
0.346322219899335	0.17319461062745
1.25265150930857	0.678188776904929
-1.00428527958743	0.496616726867449
0.340409059882159	0.169860397551539
1.23312586255679	0.84726321858255
0.883198277759912	0.468265493265458
-0.329579284453302	0.152316872109509
0.0568016373985646	0.0477999960353122
0.90331700177771	0.781951834600055
-0.112701879318372	0.0668529600366818
-0.197820617341592	0.107130833016635
-0.134710563206166	0.0950651926156707
0.00289179378047751	0.00230961143572607
0.434050810143349	0.588816325457655
-1.21333491381829	2.41887176598116
-0.409354812543816	0.530114875238791
-0.280259752131972	0.301993247243186
-1.2608479036838	1.83237458991976
-0.712820658610658	0.68685073481752
-0.424552963032218	0.404158907269686
-0.410552231431325	0.450091823691198
-0.192299106371926	0.234301762755726
-0.847316472922175	1.26427681857719
0.0308361152499734	0.0268977136015822
-0.0624246059770994	0.0526924057775416
0.325728405976847	0.445590279211318
-0.970808664517002	0.960239590052388
-0.353626942987766	0.316245680216906
-0.293866103304236	0.215253590593462
-1.27431982116838	1.3987840067261
-0.323239012470825	0.292949314599534
-0.652946220070536	0.683324111537723
-0.0640659441212422	0.0550891411118715
-0.271811413964181	0.290762194126356
0.160577919159696	0.0923828365841588
-3.04729441138094	2.45539613755224
-0.793671653077319	0.929237553199871
-0.518380843124674	0.627996837854429
-0.190972577469326	0.128431705707876
0.541243244654258	0.554795488623109
-0.222760568883537	0.170008456220248
0.382897850604706	0.502462403936789
0.378413191097607	0.494760948382766
0.64018955110536	0.940710604278247
-0.277600584535539	0.361975862301018
-0.135550683358061	0.14209910567349
-0.531009835381048	0.67320275976867
-0.314978101661162	0.260054506220653
0.29203274487767	0.220830268948751
-0.196370797878812	0.132427566537912
0.851121782272185	0.627236644041966
-0.149023826119559	0.0849096406363408
-0.1476341538492	0.0840834949303233
-0.680844954235745	0.480815861405797
0.489067424308665	0.308518216192786
-0.418499334756603	0.174489611854616
1.02585317410246	0.971204066029036
-0.055465766671039	0.0350104559605946
-0.226968225515573	0.148234514199092
0.658372494894131	0.471132192299549
-0.585218353713902	0.430366268499579
-1.48514339588904	1.03763201089619
-1.11149547732305	0.766751489287297
-0.80442892655285	0.535875130595642
0.356117830329973	0.426625227683661
1.23029202786033	1.62221945797094
1.23197226014336	1.4954874907762
0.408188140931754	0.324209118385024
-0.670673192555501	0.999801249696714
-0.321329619134493	0.290925736969786
0.0434088676982096	0.0345959744384643
-0.0369711336398547	0.0322177054741228
-0.197256232506924	0.153398446799785
-0.124275103439118	0.100455925771564
-0.0478416368976245	0.036765003813153
0.349039662775048	0.336422368054472
-0.143322700648749	0.128025961216558
-0.397622636625162	0.276274758202717
-0.0836960343356169	0.0513615516884446
-0.110891669436125	0.0797885231173166
-0.191392685415263	0.148274253886873
-0.0721555034603689	0.0537290848830852
0.0834728481724074	0.0590599528940454
0.237931216479598	0.267297085832035
-0.252579170478823	0.214496112874328
-0.709695947207591	1.02085491439482
0.0137230700755165	0.00998207318969675
0.144982857810032	0.0768108193473131
-0.480183287366866	0.410622084395315
-0.625470620273971	0.299376399156227
-0.17357699278511	0.0620948161112739
-0.326080905120294	0.150357677981339
-0.545236732872568	0.54834597164782
0.262293067590675	0.247373678758113
-0.981126980691357	1.2511563527165
0.166526532134208	0.113614312350659
0.190061830742547	0.162458212393022
-0.843729750601574	1.25565904751414
-0.015042192512362	0.0118501310059465
-0.200110836023847	0.189417530403979
-0.620425682660382	0.823636017444609
-0.588421947606032	0.582902059189401
-0.317716990768072	0.286906848152962
0.186205725668632	0.149461567145324
0.173407883820885	0.113091204535008
0.686488203448372	0.79770734000682
-0.841662519065344	1.1983616538551
0.270593715431944	0.234958673594271
-0.104461735640137	0.0749092969073196
-0.0873029903624112	0.0638497918479009
-0.350399165788863	0.338979036978988
-0.0491903127910737	0.0310203193535983
-0.88982765955716	0.826623208860639
0.788676304312553	0.747500239807861
0.427355834085193	0.32528923126069
-0.980588605727534	0.974801213421752
-0.591267239537953	0.586651110013263
0.341987800910878	0.328183174089395
0.0232093199902482	0.0168002492176266
-0.134576821146751	0.0949468605828325
0.0756251966059845	0.0513603615991474
0.51494141559081	0.446469831145491
-0.0619385019116547	0.0458971053773412
-0.0390189173805417	0.0252745710776149
-0.582824811206107	0.80193936180628
-0.347878356286261	0.360032356651898
0.458347402758936	0.437147478882085
-0.448876192149574	0.349908139855488
0.747971797246897	1.10622753025988
-0.191873271496562	0.184271306509016
-0.200236487761112	0.173819059236581
0.0114998141799975	0.0063540415507565
-2.93475103547864	3.95683728658095
-0.188367267882401	0.126541891960455
0.602113134249698	0.455411099737321
-0.475892580766837	0.405927393520749
0.609764078124195	0.462985774974292
0.706565326343803	0.464504891703565
-0.254922072379942	0.128845320578231
-0.62671997385077	0.56473555616783
-0.254375408428007	0.190358473788726
-0.787515484218036	0.805515857235444
0.426220717030425	0.427307848305972
0.0659378749921636	0.042779313434464
-1.42255323627995	1.93808231214184
-0.509398363834666	0.472740075774794
-0.322923305374124	0.315420895431156
-0.229489092506422	0.1499780111098
-0.614268014533435	0.690711706717895
0.332138780948051	0.335129240395935
-0.654321121740203	0.685378317145869
-1.43905810792254	1.54311289273622
-0.166886140079991	0.131395552407388
0.065563531335008	0.0554781285762687
-0.306462756330996	0.274621473982774
0.113160487148465	0.0921152601796417
0.750459078266201	1.11230505234557
0.280496271614095	0.220004858532091
-0.863025877465204	1.00266337350713
0.289671126773908	0.208614896785029
-0.10881180381849	0.0782237616496873
-1.04748495265786	1.40310059311944
-0.417316937553852	0.559426496644283
-0.00645803886472189	0.00436303673115483
0.442045547780711	0.523664282065339
-1.50470873701129	2.60258179909597
-0.307906111526068	0.253183621002335
0.183116091245805	0.141833324934203
-0.717601191325365	0.744075377246071
0.988737536845791	1.40223942299119
-0.0183905256405831	0.0122117950124132
0.291560091752482	0.210210267667113
0.188143848316596	0.146207420325935
-0.613629945969684	0.653856191960834
-1.81620256415347	2.50403611624875
-0.151980501676601	0.121901510300217
-0.428348149460151	0.371646228481479
-0.420169512094578	0.399176037897348
0.0558362471630242	0.0447561764980735
-0.00477665161888153	0.00313202898710609
0.851529612492876	1.28385548851716
-0.412967914797438	0.453575883497028
-0.465800454693456	0.438805462451275
-0.144987279917134	0.129694815319169
-0.243412637519804	0.259874785965807
-0.407465331293917	0.474089407155827
-0.195592971508016	0.184532586624745
-0.111337768258238	0.0801370235191616
-0.422456779585748	0.401671520902233
-0.189585851748091	0.127444160432405
-0.276391088372913	0.230902265476704
0.304605709024831	0.197047408527063
0.693945219129255	0.453940455077516
-0.413644994060678	0.236333391192924
-0.118253503079345	0.0470100497471401
0.529221789222177	0.30461075930615
0.495847990410285	0.313960709705242
-0.501125689187049	0.264402789391658
-0.227750324181179	0.148772484256934
-0.789949822297554	0.80936817138254
-0.221613720179669	0.168972689198579
0.504062430548668	0.541393640140881
0.197066406674006	0.195551564038719
-0.38653020205144	0.340453521545913
-0.71640918924801	0.742286120044676
-0.232307331283139	0.266378380825933
-0.0734964263558487	0.0547505777464203
-0.219267731647985	0.187659275027164
-0.324846583551366	0.462297162663129
0.101649907982569	0.0751016093046014
0.44393252462183	0.320747267426286
-0.447434242018154	0.454570696979667
-0.369777590960132	0.502927276447527
0.977181555729115	1.07000513308995
-0.785736620543063	0.80278331008703
0.115601236377693	0.0967699456057709
-0.14948241444814	0.185704418237873
-0.407655065507304	0.802384373642331
-0.353641858677596	0.59328670347046
-0.378133209225441	0.56044706232576
-0.785422382721634	1.38512910468785
1.26438020419594	2.5550420357296
-0.0353709457460805	0.0229212854269977
-0.64592806584785	0.631578037607682
-0.628070217829983	0.566402546225042
0.604957695646199	0.457896540728712
-0.196403663644479	0.106244487657937
-0.395290915236396	0.274507812323303
0.172672694646722	0.112631084122575
-0.0374018567174993	0.0178964103424709
-0.165524140224107	0.0592721353648851
0.682265799814871	0.59531373908263
0.910447351226364	0.79094033483434
1.32105483789454	1.5511866237728
-5.3755651872695	4.97848471291753
0.698825024263069	0.457503128611635
-0.0530274131662976	0.0334594696045664
-0.0638570410306579	0.0403601236484614
0.688396031592706	0.602532892888132
-0.536603619839519	1.02140966425613
-1.30678062169606	1.9664776825919
0.362020538956398	0.318156831393278
-0.250983090150245	0.212931572175468
-0.075193433747449	0.0815963820770114
-0.312408216052172	0.391156014468911
-0.44821747208638	0.759654872901269
0.0327905199939882	0.0374664596888412
-1.27661493673236	1.40311963934709
-0.556228584084702	0.672405695478292
0.286843401573537	0.339721695304759
0.0542005542408105	0.0599669609236403
-0.32953148846209	0.429362637329004
0.0215400438086626	0.0227367549820928
-0.469794014192675	0.630702423297769
-0.495059512309989	0.821719117936969
-0.48669636484165	0.6818115910756
-0.553511783966087	0.667516370120611
-0.0206705342968987	0.0201272940918387
-0.96083071969792	1.97166698803493
-0.0341503389774361	0.0406674352110725
0.467826273588441	0.521223095452083
-0.974068663745541	0.965004096407469
-0.276543102833855	0.231050922143437
0.804902320215242	0.331341314716319
-0.27238804164296	0.171628404534842
0.163862534501972	0.0943964662716218
-0.186065813581085	0.124818485579863
0.163811961932348	0.100665820287865
0.176968256885362	0.126732556291048
-0.04085909612937	0.0264766401765616
0.173628864611737	0.133781045137159
0.0767410315075087	0.0521071570593532
-0.253187429708683	0.215046119042964
-0.22300658909767	0.170218698440657
0.0518296945241479	0.0319348169386053
0.100355919574881	0.078858126167285
-0.139762210805183	0.114089052181119
0.137807472985385	0.136047722008293
-0.519800320686137	0.630365565338011
-0.426103138573176	0.519829555221973
-0.320859937529244	0.290426234812464
0.133283826668111	0.126252060066848
-0.483851305270591	0.587090251022147
0.34948871525207	0.326582948430975
0.815689645398761	1.05738904359994
-0.215095577556097	0.201424649085341
0.432378141968993	0.435200009713181
-0.269172243358266	0.249276855221228
0.715802131734347	0.996105529146012
0.739711552462858	1.08915799598614
-0.282596985581506	0.236955576868916
-0.447005682378056	0.489145044792804
-0.312874576710842	0.349777736882127
-1.07841729460284	1.57843889271139
-0.183281913179725	0.19078239765797
-0.557294040645553	0.673822731750167
-0.0166711913296753	0.0131216003912709
0.122957726956604	0.103408503063884
-0.733466760278201	0.817277321845984
-0.0765494113532092	0.0468936261485774
0.0605153749596258	0.0392167088468376
-0.224943901757094	0.171893411847701
-0.169130479361027	0.150640144252701
-0.191953868764286	0.12917026903623
0.730613681218075	0.610114587818164
-1.01111352402667	0.916413590470902
0.94820175004088	0.248479682375772
0.144389940892798	0.0424393237157952
-0.800635353019578	0.619394515537661
0.0679332910666789	0.0440758821444123
-0.693349382616017	0.554538974101443
-1.8245102270379	2.12676556708848
-0.242411886230251	0.204551782780091
-0.533948722059278	0.533725516190822
0.138127543219772	0.0458068858026646
-2.57660997484294	0.657538252319339
-3.08203048704882	0.947509650360219
-1.52527766014307	0.541726073904961
0.661225548064972	0.20772290984652
-0.79465238484432	0.345192713578615
0.14027070998759	0.0412729382935957
-0.176080911528895	0.0630698182749675
-1.00104129905763	0.4942642803179
-0.807498444604804	0.441562843113813
-3.45967591146264	1.22746502283364
-0.503056929974291	0.381018430269486
-1.11457723967518	0.769998190775616
0.701796182313471	0.460319693658221
0.532402864315728	0.306980714211007
-0.32957820021637	0.15232381958644
0.327874875399954	0.181693471854103
-0.627598197564051	0.300860032383781
-0.045688271738059	0.0217482927799043
0.125157145381834	0.0471933280332995
-0.508853261591119	0.269259139793526
0.330557604395398	0.18346148822662
0.702363490972536	0.460846672847674
-0.966404885429049	0.596313197706014
-0.812022139214995	0.542995063365169
-0.327471840558748	0.15117161290868
-0.671927326488979	0.402810420825516
0.947770742439721	0.248281535275256
0.14371839260098	0.0422424410228484
0.676307490803662	0.31158022240744
-0.25792038988552	0.130289702564507
-1.1412568453231	0.344431220445032
3.9275816800867	1.70263786398349
-1.79840965860499	0.382877827643389
3.63331351050508	1.42008896661082
0.423362815472071	0.166994875009337
-1.04519976438584	0.411274439092513
-0.626075023442282	0.151167646950723
1.04190614833444	0.494338412378578
0.160583229502904	0.0401661733691417
1.95786695174359	0.441149378722158
-0.628164901903538	0.15157555358925
-1.14171114622793	0.344693702322242
-0.245190781440017	0.0788498782296321
-2.57660997484294	0.657538252319339
-3.46322465260564	1.22963503158779
-2.57660997484294	0.657538252319339
-0.628164901903538	0.15157555358925
3.63203016857434	1.41874839489518
0.146332921310034	0.0429416898033695
-0.628867026021838	0.151670609188118
-1.79839614394125	0.382877807711208
-3.45922605387697	1.22727228815634
-1.52527766014307	0.541726073904961
-0.168318442800183	0.0602514969158982
-0.237212899766669	0.0763212805777045
-0.167973568861706	0.0601248969281319
-0.23522957281847	0.0756912588669357
0.155111385030128	0.0290417527313876
-0.165868726206903	0.059398359502228
-1.51102157386799	0.7608578526141
-1.83039434521114	0.739673075735054
-1.79840965860499	0.382877827643389
-0.240627572806769	0.0774207528438286
1.24816049432271	0.674971387782907
0.159992352718576	0.0400538861334557
3.26345542626113	1.10199860979414
2.75580772001712	0.763760469153332
-0.793526909263106	0.34442474324859
0.144054213480702	0.0423469198905259
-0.352915395102444	0.101358152963712
0.517113632980752	0.182385971564448
0.42606816676538	0.168111872387857
-1.05120492037028	0.414443813999069
-1.04255649350425	0.410401789740815
0.151536491393852	0.0381262887020096
0.155067569950451	0.0290355764553768
-0.631994988626399	0.152498044571477
-3.08542618523242	0.949198094742557
1.95786695174359	0.441149378722158
-0.628733247343677	0.151688343674084
0.155111385030128	0.0290417527313876
1.95786695174359	0.441149378722158
-1.79839614394125	0.382877807711208
-2.57669595250488	0.657559862268914
-1.51284627596671	0.762154786285722
-1.354589876753	1.12652296451309
-0.50596368810897	0.383810200343358
-0.223132823393031	0.170318734814961
-0.340549982439778	0.243672696234391
-0.358557998384515	0.10292132426425
-0.333122553921604	0.153982889620527
-0.410207818216572	0.233976313945939
-1.36180442970266	1.77670100046906
0.147272679341602	0.0780615982991529
-1.19001751435867	2.01229386226671
-0.396703796623408	0.413621942947361
-0.501883470658888	0.696832639960337
-0.410912302569462	0.420551697363173
-0.585664892109249	0.779877069500809
-0.0293880623312767	0.0228349522802619
0.188902690404427	0.182415596679772
-0.198328309633407	0.15436135802116
-0.00606083396544933	0.00484795421034013
0.00595481961861695	0.00495899605061436
-0.496115216607798	0.568811997146685
0.119229348380164	0.102530898473275
-0.150100191891672	0.131907418367628
-0.209610674461547	0.199728499886067
-0.733078200721525	1.22808259179899
-0.787344730204493	1.02358512603689
0.162120702330004	0.0995487088766982
0.270558247837314	0.227306223956088
-0.337225582080429	0.332455700426912
0.187773511488989	0.164680641046715
-0.803858221264198	0.535516800668525
-0.257624275047928	0.193145312663248
-0.41866267352921	0.239604022873724
0.134796989185734	0.044763826715822
0.177434962159889	0.115994045153552
-0.47026170942244	0.315882134793935
0.138386280121124	0.0665224362606104
-0.809986788684743	0.442997398307845
-1.04324829900211	0.41067273876345
-0.628733247343677	0.151688343674084
0.15963091503218	0.0399802605532864
-0.743366896164806	0.253811440648201
0.124743014208916	0.0415439261654004
-0.167535179530461	0.0599846998526839
-0.359141638818634	0.103112871302961
-0.198955991111552	0.10766508489896
-0.258483020834908	0.193915667429585
-0.429191280041224	0.372616303013656
-0.354167691312265	0.101716688748636
-0.628867026021838	0.151670609188118
-0.735458723618684	0.250947808327744
0.376610644407851	0.167113227197513
-1.35916815506709	1.7700081561538
-1.1364908711567	1.5108910420018
-0.127305309363483	0.103137077387417
-0.436753688405477	0.474519943842954
-0.961438068792153	1.58127171949431
0.125487571215122	0.115781269540958
0.106726999724259	0.109907683185056
0.125025963907132	0.107931600277945
0.417069750103178	0.496310936088944
-0.499360166877827	0.573266849926213
-0.338085013238775	0.356161712217843
0.205262184890765	0.209158815658097
-0.43194406962578	0.529159584189701
-0.161804297934822	0.154900857760891
0.526961963456909	0.554864065536347
-0.479922913832022	0.521713690957004
0.786580461579797	1.2071651521391
0.853461002501947	1.19129658278167
0.176792234864032	0.141041483636218
-0.651895162206812	0.859016110065744
0.540832464419596	0.643011467022825
-0.0115928562088995	0.00916386833692163
1.46330750271594	2.09337273974135
-0.275211238732151	0.229764473456457
-1.10569807796732	0.761000070478032
-0.195473209332159	0.105720777137169
-0.634073197245374	0.304615282064028
0.996660562815734	0.82048889958868
-0.806567334222378	0.53751621243249
-1.292724271206	0.576041031122052
-1.69722223237915	0.956557235506187
0.15820382838182	0.0396092897578142
1.44509906384746	0.476148552116978
0.948768757521975	0.248549269795159
1.95731570776637	0.441000340195791
1.55528546656109	0.755344535013972
-0.358848207258787	0.103009197892419
-0.540836580077605	0.203369627038744
-0.464333073733002	0.56931691153201
-0.427527442186973	0.370827704484809
-1.79840965860499	0.382877827643389
-3.08556356757563	0.949512459473102
-0.584276204124409	0.429486120722886
-0.705940295546994	0.625679709406654
-0.961349319562284	0.591602100828196
0.130534492586352	0.0556874732872
-0.411927679691464	0.171559111174735
0.377786837575273	0.167726927816864
-0.0401766835564547	0.0191905303220638
-0.557265694436557	0.596048994066003
-0.272003918817207	0.26933358026764
-0.48302714095013	0.585889823256881
-0.335372941197557	0.352656291531003
0.141928152932325	0.145633685536548
0.254983177907024	0.263145260613376
-0.300927825074738	0.315722340933229
0.200077066589261	0.214879238072035
0.360703884898908	0.42463615529615
-0.347625456798154	0.249527975287796
0.256027378852095	0.233910852307148
-0.407809788730184	0.446305678824082
-0.151062738781975	0.15812142573206
0.133277878391517	0.128696143376049
-0.383168475240003	0.495170725616219
0.08196898944678	0.0579490858272242
0.240716059265446	0.261194201500577
0.120230094235547	0.103456531413204
-0.493919775596276	0.499834515672979
0.44527728410397	0.528657200384542
0.506607182543165	0.604651541838261
-0.642443049720786	0.77147326263607
0.278181435929401	0.226526253687923
0.194563864262498	0.184540537733278
0.495044901377622	0.444722017201487
0.879179400777076	0.465727337740917
0.318661849223975	0.193184296162444
-0.969914760128205	0.958776937794411
-0.934271597138275	0.688532341083471
-0.044542984244666	0.0212136127154367
-0.666002721121228	0.397903920588439
0.658449623497539	0.206846818911275
0.947770742439721	0.248281535275256
0.146670376003709	0.0430346600388633
0.144725574883443	0.0425191258680454
-0.358557998384515	0.10292132426425
-2.57660997484294	0.657538252319339
0.421616261221355	0.166276240508206
-0.425353619042354	0.405392731655315
-1.73637469225634	1.47021060380117
-2.5766529574574	0.657773148602288
0.15144823932183	0.0285426379557898
0.15144823932183	0.0285426379557898
-0.737411368529038	0.251647475713659
-0.536322009305803	0.201466150653051
-0.466313157660614	0.312706792233264
-1.00455591421692	0.496563866064046
-0.240627572806769	0.0774207528438286
1.94467851472954	1.19378258497251
-0.225979931624659	0.194234325695643
-0.248749295440997	0.232902375959353
-0.00254680920036977	0.00201135410536772
-0.256629569863483	0.257111164756426
-0.62418457581984	0.830669430681428
0.185956896244101	0.162886108090424
-0.646523967000471	0.939015468394009
-0.357032329411021	0.417746254717363
-0.382994590967398	0.447477871416928
-0.0424318383561659	0.0274905772951685
-0.210496136089073	0.179050025981049
-0.288330132787564	0.306345418310222
0.173475078028476	0.133627368753928
-0.266488771547339	0.284188229807768
0.117132863888375	0.100535564278923
0.0847830247674554	0.060024259405883
0.179747861421469	0.168551590097063
-1.0082548269328	1.48209775228191
-1.25422967787165	1.17790653074337
-0.238472025817589	0.240636604076666
0.102820597094714	0.0785168563388589
-0.661263479048149	0.736365972056241
0.176032727217728	0.120660449490562
-0.344945107145611	0.278737245201211
0.15883243231251	0.0912749061455528
0.661225548064972	0.20772290984652
0.493911125666197	0.443456574294947
-1.01048893682763	0.915542530552723
0.642707024460672	0.456774031187748
-0.164744037178764	0.059028259963585
0.376669898558838	0.167006473342362
0.16045117802105	0.0401558290866076
0.429057351930408	0.169364233472881
1.31565227991103	0.564944763794614
-0.628733247343677	0.151688343674084
2.11150175852375	1.44953847976974
0.154465593370314	0.0289479903375428
-0.738748567012076	0.252134640052989
-0.448296252048003	0.491162953448623
-0.485136208904248	0.488136373184294
-1.05085567955959	0.414282430800086
-0.797530143352387	0.346515824779404
-0.506582641315037	0.267353542260859
-0.78719505691599	0.341160927810974
-2.30100347000821	1.14813064628252
-1.79839614394125	0.382877807711208
-0.738079783119958	0.251987608125061
0.947635845528227	0.248244973505163
0.157370411029726	0.0293708256249034
1.01868988091969	0.379571940690884
-0.359432307228107	0.103134774665835
-0.626016029401895	0.299555851510855
-0.506571882441745	0.267399394400547
0.585034505000857	0.302146848118809
-0.944564200915105	1.0872124684586
-0.420485790334983	0.399559478682686
-0.263500161979656	0.28026286778296
-0.554701038068422	0.741004431175193
-0.436843524956916	0.506737740412339
0.821745051367163	1.16429870592774
-0.492414268590839	0.600719284885666
-1.29471436731901	2.63038599842534
-0.180954704766011	0.172392411756723
0.344307901790008	0.330887913397018
-0.164800179802412	0.168970996380611
-0.0611733845696957	0.0524517205111451
-0.164111855476362	0.157398251188134
-0.11912594301401	0.116153456486505
-0.662649805921273	1.07162518570798
0.0419980949970542	0.033453909188507
0.816644632444609	1.24153300088006
-0.320867603839655	0.361130978209285
-0.110321078151871	0.0793685320791909
0.133911043550565	0.12174243301539
-0.290277732240153	0.265341745060351
-0.743389012007629	0.974492057815378
0.0772798152822483	0.0524736045461943
-0.537373716401872	0.45088171890711
-0.97962978697332	0.972980315647563
1.31018992558857	0.561832639399483
-0.502473126606642	0.380422079157236
-0.978288779750667	0.971280879572361
0.703705315881828	0.462072905560435
-1.00137485722731	0.49439031290674
0.938054196464206	0.633638663331022
1.44981862951738	0.477799018830262
0.67150187758438	0.308828121931979
0.674668298279169	0.310670180430479
-2.57968420714322	0.659073447553718
0.65757421006213	0.206588655278929
0.948768757521975	0.248549269795159
0.12382847897004	0.0412596497824574
-0.0118491095018787	0.00940868887720849
-0.720615725038585	0.843262743661304
-1.18184985626015	0.658332026839947
-0.808170421732982	0.441063687029373
0.669887108825485	0.308252439258341
-1.00395217666584	0.496433034650267
-1.1447666380351	0.34569313996721
-0.542769081676375	0.204049428112683
-0.628195266656509	0.301456110896782
-2.57968420714322	0.659073447553718
-1.14111344283696	0.344497381350969
-0.628164901903538	0.15157555358925
0.94820175004088	0.248479682375772
3.63629792702422	1.42164529184574
-1.23529505719218	0.937670620720759
-3.08542618523242	0.949198094742557
-2.5766529574574	0.657773148602288
1.08950043813673	0.824870975036943
-0.587251028892979	0.431849966092408
-0.416535714722843	0.458708205195277
-0.345303182546894	0.307290345619122
0.642396088135542	0.686072693186428
-0.75153426555161	1.20489462345655
-0.0547929326554069	0.0515115095355571
0.603717271607123	0.834006676570827
-0.119455864721094	0.109007332519637
0.38243355968584	0.427553850253703
0.12443895194747	0.107369428948283
-0.334766856186934	0.351847599663488
0.683392567036576	0.957688406126535
-0.0435441810312364	0.0411384669196846
-0.262534426272507	0.278901660240007
0.137728257247723	0.130854327570072
-0.839822192833256	1.24775865781603
0.135235991719061	0.128282060270539
0.257958077712305	0.278217604357927
-0.383827730808965	0.368314574189731
-0.630700495174359	0.569509728301606
-0.329882517073864	0.345405736002808
-0.187613199068696	0.179653503041632
0.0131627305211275	0.00913756808077646
0.065457525478017	0.0443084591176872
-0.0873472019622081	0.0638968600831281
0.164402496574352	0.101067557417905
-0.503778782223077	0.266073912478446
-0.976690704861676	0.96832315177134
-0.792067289713931	0.812053855879411
-0.929321300681327	0.684619304018066
0.340407135315049	0.170048985804581
-0.512840918925575	0.271468177005246
0.660347295989593	0.207462296247491
0.133301116726748	0.0442849463266127
-1.00037438735711	0.493892565592627
-2.5766529574574	0.657773148602288
0.159036592116599	0.0397877345506797
0.157325350109871	0.02936446462458
0.986549821593815	0.807133615181516
-0.318153762534296	0.338107420021867
-0.414583729189825	0.172844740940255
-0.535054022471038	0.200837600176531
1.0472501359547	0.497556503187299
0.769431241409811	0.45554588192848
0.124039163201388	0.041320652448604
-1.52497036065527	0.541612586959632
-0.412526907999635	0.171766273135573
-0.321187229781964	0.14797771435427
-0.333122553921604	0.153982889620527
-2.0842635823597	0.940591792243383
-2.5766529574574	0.657773148602288
0.162357836679133	0.0405597098553547
0.142645543006535	0.0418989273349654
-1.79840965860499	0.382877827643389
-2.57660997484294	0.657538252319339
-2.57669595250488	0.657559862268914
-0.35666348042052	0.102404483392645
-0.626296042375313	0.300131728865935
-0.936794038488824	0.691538977379059
-0.0800966314259405	0.0352428263549873
-0.410107746152618	0.170769158765302
-0.35418688389567	0.31695889329149
-0.356105726147955	0.318951822881941
-1.02687377850719	1.44424505043255
0.339334471143102	0.334779376988044
-0.603511125726696	0.761839844383169
-0.166541849918883	0.160047451897548
-0.452831421219061	0.582161060428007
-0.787782085108247	1.21466720438918
-0.280211221844269	0.234565696241286
-0.616637009113267	0.693944363985646
-0.48348483521366	0.586590747865253
0.677531658498084	1.11637041399488
-0.427942118079178	0.52279132314642
-0.0550095940789138	0.0517173018622963
-0.232379096687978	0.233412451814569
0.0976829886862342	0.0720314365909795
-0.457606130580646	0.558418755227379
0.24191781198494	0.257668060465115
-0.224119491869135	0.146079717000654
0.0363878283517944	0.0324847754195648
0.19357530381058	0.183455523214051
0.185085054622108	0.166187855840253
-0.251311770732607	0.187752766293893
-0.640463434117265	0.624409840287309
-0.0753188093843308	0.0331712184809263
-0.804249165053268	0.535790756660548
-0.0709914737032687	0.0434213389054383
-0.341813811277143	0.244772976338189
-0.413914940317443	0.172398209586204
-0.465726146718394	0.312194253754707
-0.791708514054291	0.343534455185817
-4.01990702171036	1.73000299817318
-0.786851278108693	0.341002012219478
-0.168098950998947	0.060182556134742
0.658448437247608	0.206865271021461
-0.355104953248248	0.101967480674674
0.947635845528227	0.248244973505163
-0.807997368719043	0.441651304111933
-0.122835037403332	0.110289604069477
-0.544503099205595	0.204786163685249
0.501748789932963	0.3180471187094
0.88378361922821	0.468684036461483
-0.277521879387829	0.175195063869733
-0.415183675733752	0.172968540362155
0.132104783259101	0.0438875360219019
1.31565227991103	0.564944763794614
-0.40968014375195	0.170509321280909
-1.52556530925699	0.541887546993991
0.162357836679133	0.0405597098553547
0.948905461162112	0.248586345985544
-0.746468959039539	0.255084183402722
-0.166627348638768	0.0596534560097413
-0.240278820798337	0.0772929353381372
0.0486305384088811	0.038850115073531
-0.330320087470404	0.345982661832514
0.000991484981793897	0.000835679061644816
-0.0302925549412746	0.029699116965005
0.0377635077667107	0.0292328949532479
-0.0667166635092648	0.0564762485104166
0.912028647460736	1.50580711404608
-0.234164274239659	0.252774280429856
0.113371077387461	0.0922928531884369
0.789433712814913	1.04522717724706
0.24800177613892	0.260051193631301
-0.221515481707392	0.208382481563957
-0.307441554623389	0.324062598681804
0.314063565121178	0.336827638562061
0.245563827513732	0.262398144647233
-0.27955265082608	0.294882182843158
0.100380049552853	0.102816788320594
0.0555256314081037	0.0456330107206286
-0.488099718626263	0.41903588149758
-0.273100644366882	0.270595385682999
-0.0619752923697753	0.0523086980662267
0.469476780350806	0.433682173910594
0.0939543242634676	0.0713979535443034
-0.0962964225700786	0.0707381096618018
0.173862310780502	0.119046591192425
0.496603865783066	0.314435795239447
-0.116380447685817	0.0690731256323252
0.745719431307428	0.732443993311538
-0.807662641254716	0.539383171032363
-1.69310156591221	0.952523352821553
0.426057714386364	0.168088710052056
2.10286507825917	0.92563188054431
1.31110478579583	0.562358978556018
-1.79840965860499	0.382877827643389
0.947635845528227	0.248244973505163
1.55563768080424	0.755897558752995
-0.735458723618684	0.250947808327744
0.776331831634135	0.461940347777077
-0.152656235449732	0.14780563749865
-0.934228736220661	0.68914517164832
0.984920902158321	0.804960340561623
-0.167880062254655	0.0601000389710004
-0.966171956846182	0.595044580463999
-0.904776251656994	0.757740963067324
-1.52955481711501	0.543641482939636
0.513167244701502	0.180988618942657
2.34393536580824	1.14978628636697
-0.792741102489134	0.344191342632362
-0.628030265547787	0.151499678636842
-0.628733247343677	0.151688343674084
0.143467885183021	0.0421790290070851
-1.51193347960281	0.761871435562758
-0.259136619200067	0.131056288259895
-0.415249347551518	0.173159047472333
-0.966459804240415	0.595367779510124
-0.0753115211679942	0.0331705084137883
-0.355458442409992	0.345158035740863
0.743838786578376	0.729808110634572
-0.431411146145385	0.557095816033563
-0.79326876807355	1.31869686431314
0.12879832119747	0.126175847822545
-0.418755941010421	0.507812827056692
1.09155693203689	2.008342142565
0.329270931100072	0.33154009964516
-0.576899355491945	0.763482538058982
-0.794964532686384	0.875202019630811
-0.126378193446828	0.102328796151576
0.00314170517533651	0.00251078056472463
0.254790434256922	0.251316162765828
-0.275406711714174	0.2734505079576
-0.241786797058946	0.225278476683555
-1.26050989138947	2.36503425006207
-1.06882768641576	1.82501523399769
0.965414212289728	1.47780232229775
1.30365832240582	1.81266461011882
0.134109208561953	0.127091237353248
0.0231814122365721	0.0167740494525694
-0.238315690125258	0.221601078692005
0.0118021103418825	0.00819437325919947
0.342194071297414	0.338113857540525
-1.04559525187058	0.843722633208471
-0.107482070515247	0.0636484358470518
-0.805500673038707	0.5365807262577
-0.552513201226193	0.352780708206585
0.493898592487329	0.312348061942095
0.0221370885455051	0.0120022200233179
1.08520865856357	0.819297418122126
-1.29422913938657	0.576824155878015
0.162719274583833	0.0406219991153643
1.80894124091292	0.700425017401662
0.427044554676773	0.168576132834755
1.04267536642294	0.494927913760596
1.071065363066	0.650507801129146
0.12623615387257	0.0538747248998354
-0.211374520123351	0.227888701516779
-1.18536408390735	1.22286253558817
-0.969724581460316	0.599210774243433
0.132822208517431	0.056695914322575
-0.200940408906613	0.108875995392504
-2.13888891136441	1.65159916234362
0.511755072041239	0.180523302881905
0.671166583876549	0.308670070263109
-1.52275201069355	0.540627902821117
0.849977420788445	0.626701290150088
-1.0046184504941	0.49675456385791
0.162357836679133	0.0405597098553547
0.154509067766894	0.0289541162362231
-0.628599509856641	0.151612619227975
-0.355104953248248	0.101967480674674
-1.79840965860499	0.382877827643389
0.160221796316651	0.0401166927693931
0.157325350109871	0.02936446462458
-0.119306289404716	0.0474522294006456
-0.665121281758677	0.397264478625031
-2.30795266111393	1.15397688642035
-0.422294592284698	0.401757740831096
0.0178532778737988	0.00968920404282138
0.137251140592937	0.0659045626428235
0.67374098604665	0.310203332995967
1.25591455534448	0.680097858973745
-0.542682107954062	0.204015443104983
-1.06437086246662	1.12508739148572
-0.697560372519694	0.615375880205949
0.452387298170071	0.512823194907692
0.350254090518362	0.327344443601663
-0.67314853317707	0.970688116302384
-0.611548848984139	0.650916427657015
0.183970442246905	0.184352330238646
-0.0851380233674513	0.0701993574890155
0.327182836497587	0.328873736442241
-0.789703565910167	0.80903730397901
0.0406533835819411	0.0315014354668815
0.513467286247701	0.536237577731261
-0.356028192959609	0.345763521439398
-0.291529767383174	0.333244191235258
0.470831380782142	0.604872962527667
0.115245778685893	0.0964004307528692
-0.0146158127895023	0.0116137950334043
-0.444748895261079	0.51888376501925
0.4103780798746	0.326211232330362
0.264229491578752	0.235675710030718
0.351319828542219	0.32878289045783
-0.514586239533787	0.479350310389263
0.159745178266577	0.091855154213516
-0.11019667280426	0.0792289117067502
-0.169105614986712	0.0605906204631912
0.145040672651438	0.0697494313753479
-0.668191064714406	0.399994602699871
-0.295060391403178	0.216407269429288
-1.34744820206576	0.847155583894622
-3.16096085858716	2.78000837628919
0.805467397708516	0.331643487494376
0.654121684946124	0.205433467520013
0.15963091503218	0.0399802605532864
0.160813493636874	0.0402291855562724
0.948337549654709	0.248516516252871
0.511535984561553	0.180463547184556
-0.745542848478608	0.254599681888053
0.798887367854718	0.328506973468232
-0.646469795576892	0.814433233684517
-1.03986963329328	0.409012486353307
-0.171201121492568	0.0613083374431992
-0.245541128473275	0.0789739237518624
2.75580772001712	0.763760469153332
-0.408679292655741	0.232976400487914
1.02246283803588	0.381238371277329
-3.76471792016279	1.48446146627735
0.131814043124596	0.0438161720723548
-0.740486905445706	0.252775901531668
0.42674901755277	0.168383534172577
1.95988292961267	0.441702177751728
-1.1413415008172	0.344450233445194
1.95731570776637	0.441000340195791
-3.08542618523242	0.949198094742557
-1.79840965860499	0.382877827643389
-0.739003822726622	0.252222384495429
-1.29202801510717	0.575756748795778
-0.805155755064292	0.537093208055149
0.126136981026119	0.0475623349481893
-0.415116620386652	0.172916119993669
0.801571141201532	0.329656916274671
-3.76137421922742	1.48226291907169
-0.909227114743875	0.763964893267196
-0.537293953095242	0.450800996964926
-0.659196921663532	0.393167514046661
-2.30030983594691	1.14754924641394
-2.00123472682316	1.39546651455281
-0.158561816354686	0.140200023195354
-0.165573349098428	0.169871824517859
-0.449451756216134	0.576266346026937
0.27508494428175	0.247187826546528
-0.221822484487871	0.190153690414017
0.537531892820919	0.7173006523277
-0.531322576226285	0.605312578886555
-0.17703399116553	0.155036948046796
0.590659563759187	0.659345435692206
0.413731290544006	0.424558009561059
-0.0260806283297961	0.0202607719390452
-0.405264835348938	0.470352404671437
-0.555828765963286	0.671428299653643
0.611827538951978	0.667092416642128
0.701437445109521	1.06116692112619
-0.00330591975288941	0.00211980681784507
0.977439618985272	1.07044878855461
-0.0275364196383043	0.0241895144298797
0.18321565179274	0.141977604138376
0.192955103984554	0.182754409380098
0.298022158693995	0.215637554617346
0.665260892135254	0.689965712837318
-0.336470921992307	0.203797299672651
-1.69177180922876	0.951485076560794
-0.0390829643302894	0.0186886811459424
-0.0177682244365056	0.0118059502215418
3.92630081042927	1.70195316826628
-0.331873685550924	0.153402608295895
1.37880420111533	1.06082832329205
0.805116244112889	0.331471066458395
0.159992352718576	0.0400538861334557
1.25257356684527	0.676981530453542
1.94505783241245	1.19489373748555
-1.14284398403614	0.345169869447138
0.146332921310034	0.0429416898033695
-1.29582752385193	0.578160974531549
-0.0204973278880452	0.0159334268591269
-0.341917443684274	0.275894156752389
-3.76108876538849	1.48211039032061
-0.628867026021838	0.151670609188118
-0.148087840002904	0.0843369173774187
1.43634499948318	0.879102311262163
0.130920287619515	0.0493322328761646
-0.414582700218	0.172696165251637
-0.198100227781001	0.107293445597336
-0.787848135845016	0.341680578040663
0.510967914253512	0.180245566763838
0.1330827989725	0.0442077225266119
-0.352328640216398	0.101201570764145
-0.414782492097238	0.172745595379558
1.45138090115721	0.478568850670936
-2.57660997484294	0.657538252319339
0.94820175004088	0.248479682375772
0.154509067766894	0.0289541162362231
-2.57968420714322	0.659073447553718
-0.632424041671007	0.152580102364835
-1.79840965860499	0.382877827643389
-0.240278820798337	0.0772929353381372
0.156070095129669	0.0391676647119387
-1.13872731243543	0.343741383764358
-3.08189869996978	0.9470994296719
-2.48826749209947	1.37570369842
-0.201886853061419	0.109407979375067
-0.631994988626399	0.152498044571477
-1.14559783756009	0.346052129596875
-0.44833974497696	0.349533533107396
-0.44174680592401	0.48167189716156
-0.320028506290141	0.340420419626539
-0.493401932553899	0.499069423331055
-1.0673317261075	1.82128268765861
-0.487141146399596	0.592638135202367
0.195377446538892	0.185360542269336
-0.728870057556564	0.857659411087626
0.943486652480512	1.35690307762689
0.102873924259306	0.0809555056497738
-0.0688488128556659	0.0511724966089725
0.450837782069218	0.443580875822204
-0.744561132416833	1.0212572512982
0.261879005809354	0.265689330863348
-0.0800191215301186	0.0598002843083125
0.299015983540989	0.324072991860283
0.199548672551726	0.194206068235437
0.699100807017945	0.704952262789137
0.329884825267745	0.340944320112297
-0.792555517654974	1.08362747363618
0.257748168505088	0.228847817457275
-0.340263496628281	0.274251884439631
0.00308180047488043	0.00220652322556196
-0.339343625178681	0.205778948765039
-1.6263724673037	1.26414808499423
0.056096570952529	0.0345969289859395
0.166788720590762	0.102668269543845
-0.510068003800926	0.269701724777448
0.37713976360368	0.167394977086872
0.426403404838852	0.16824819606602
1.04746072672504	0.497700711342051
0.147597353924913	0.0432809812564028
1.44450447975593	0.475941549703467
-1.5270374870482	0.542502468800959
1.82020651788025	0.705090400882851
-1.13895833229548	0.343813220888229
0.141371700745332	0.0678570677932426
-0.462943478244459	0.566966939067523
-0.430760654942653	0.374287255991544
-0.337550903439126	0.204668099354701
-0.117902708700115	0.0469250276685034
-0.405701498916544	0.231011513545843
-1.29376133697956	0.576703831793288
3.26569824690609	1.10327543173781
-0.168883481879203	0.0604274159651903
-1.04828002091511	0.846721394437705
-0.251529510797946	0.126906511278604
-0.0764772914224788	0.033688068526269
-0.418098622830114	0.174378553054991
0.773836833275706	0.459482534768358
1.02246283803588	0.381238371277329
0.589333607395911	0.304587039615023
-1.0465244135449	0.412299764954399
-0.0833845767872013	0.0366529965973958
0.946592090327999	0.248117976822064
-0.629906869562113	0.152090136193736
0.155111385030128	0.0290417527313876
-3.08216231491203	0.947551973079846
-1.79840965860499	0.382877827643389
-2.0842635823597	0.940591792243383
0.155713854733082	0.0390835596706886
1.44922258720914	0.477763268309402
-1.79840965860499	0.382877827643389
0.653826927429073	0.205337088996143
-0.738079783119958	0.251987608125061
-0.789995070710077	0.342550534501667
-1.29445710557565	0.57719309643802
-0.62814581842004	0.301371379198213
-0.739003822726622	0.252222384495429
0.130977595936442	0.0435409758262869
-0.233964530152622	0.0753172914260115
-0.536137129919916	0.449367026369947
-0.180926509285133	0.139263251195832
-0.453885575716752	0.552453306040023
-0.290605287403919	0.3257162598472
-0.478013893306279	0.631926720552819
-1.04725798171901	1.58955213713713
-0.144285046511964	0.115181881951521
-0.559864693196862	0.705521329921718
0.178101344502996	0.166801222597323
0.40265593424691	0.433945092426857
-0.190899953583926	0.164597177916687
0.114380688405479	0.0956527892025142
0.388123380356664	0.435424815972877
-0.31766645358743	0.374792247526571
0.626773515736117	0.911878833624891
-0.227440810414363	0.227560683107204
-0.479832724781828	0.668448512847389
0.18653724079123	0.163508460963424
0.189968358219188	0.157670210761863
0.377846231463877	0.421171092885175
-0.378686365858747	0.390041822419535
-0.534185121219779	0.582089408655421
0.546395137502042	0.56166428936856
-0.254481197655918	0.190482275420319
-0.117013070189122	0.046526646461327
-0.559691841431007	0.358333713591006
-0.555067320006873	0.355044327593001
-0.00451125640198156	0.00307002436179521
0.372857141323736	0.165407271514916
0.131463990676715	0.0437015090033304
-0.237951175012543	0.0765779483617726
-2.08911637827436	0.943898849288905
0.155111385030128	0.0290417527313876
-0.17577753011317	0.0629386368387672
0.805467397708516	0.331643487494376
-1.50959388815044	0.760269200158005
-1.04232764455762	0.41013375079511
0.675124230969218	0.310789628735301
-0.249668703146158	0.285837365324266
-0.0967991473691658	0.0804467261076607
-0.66424385631738	0.699607006451876
-0.586457813458903	0.431212523892897
-0.79161971705835	0.810983517790206
0.854404499841892	0.630367578230718
-0.549179115238669	0.350127766330511
-3.08203048704882	0.947509650360219
1.31543636736156	0.564668618767136
0.137211516101373	0.0455091631041957
-1.23960782343958	0.943582843928137
-0.123846347462531	0.0492523596430064
-0.551267518482493	0.351983796589965
0.801294435982005	0.329722340410091
-0.620771630231924	0.296922811580482
2.10286507825917	0.92563188054431
0.511315925469962	0.180318053690652
1.0460083663619	0.496759241092835
-0.234312185154952	0.0754304879292539
-0.628030265547787	0.151499678636842
1.95786695174359	0.441149378722158
-1.80123754984197	0.383647112861273
-1.79839614394125	0.382877807711208
-1.79839614394125	0.382877807711208
-0.628164901903538	0.15157555358925
-2.57963910438406	0.659061212358043
-0.35569023027487	0.10209347470967
-0.746717249463686	0.255040079048345
-0.628030265547787	0.151499678636842
-3.08203048704882	0.947509650360219
-1.79839614394125	0.382877807711208
0.157370411029726	0.0293708256249034
-0.5431188895219	0.204245277624117
-0.997509204027781	0.492307329534456
-0.332498100411613	0.153701798268277
-0.418826686176616	0.174791777507008
-0.415514705996988	0.173267191179231
-0.628299579656606	0.151558046801791
-0.166536517842254	0.0596725028798918
0.126230099066501	0.0538891423818029
-0.0886409718184548	0.0544492528929374
-0.388866971564175	0.308487030979639
-0.238759641163445	0.156728366674298
-0.584235715744387	0.577373553373202
-0.363024494505736	0.403886027716626
-0.846153517698274	1.20772818406484
-0.396880642644563	0.468504617470924
0.473330003731326	0.438266298656667
0.184856463041202	0.177910418430703
-0.432306217934136	0.529926106729004
-0.636102411404446	0.761259595625829
0.704982053730735	0.713132074933347
-0.351198874356206	0.340063227651828
-0.0245850438884652	0.0215734018343049
0.256024840762251	0.252690701719615
-0.336033927557888	0.353410354028049
0.721902145611888	0.823218521222542
-0.195056220053162	0.151511692703281
0.522277684042439	0.630419706693931
0.522137508251953	0.630646934800457
0.0712049869216758	0.048265019140642
-0.792258065877925	1.0327734661997
-0.625998676026085	0.708755768573653
0.745800333066769	1.02615209153758
0.393463436201619	0.324856493234668
0.0657104013518964	0.0426329480997405
0.317603576618874	0.175531399539034
0.137831499803166	0.0660890894484678
0.453821346416986	0.431812090592988
-0.663599581520926	0.396849542979019
1.04986041821773	0.498982138529526
-0.076009631334136	0.0334534231591844
-1.69628324831707	0.956314425825286
-1.5292536270854	0.543488048058857
-0.628164901903538	0.15157555358925
0.658448437247608	0.206865271021461
1.95731570776637	0.441000340195791
-0.628599509856641	0.151612619227975
0.514213661606994	0.181383794125596
0.511187733730715	0.180331422147582
0.0456712447192558	0.0364291387421432
-0.14993182036133	0.120113025378412
-0.198218306718353	0.154191698922916
-0.113792538387022	0.082007750451043
-0.00848761131503926	0.00432327612033532
-0.640973570044164	0.625322608550893
-0.311194481838108	0.279800730813168
-0.560385265331756	0.511989511482632
-0.783622748010809	0.738577487505556
-0.622008872815502	0.297649480104119
-0.355394630173918	0.102015543768339
0.797195943100185	0.32753176692214
2.10055021952577	0.924312412659368
-0.628030265547787	0.151499678636842
-1.23855045792918	0.943489695086317
-0.998507348226509	0.49263517033032
0.130658069144789	0.0492298941542097
0.372478302274122	0.165131668825676
-0.236072750277141	0.0759464812223969
-3.08189869996978	0.9470994296719
-1.0419816315643	0.409976007162161
-0.0744729958032379	0.0328169528983707
0.139684630056245	0.0411185419267414
-3.46299441124492	1.22953362528533
-1.80123754984197	0.383647112861273
0.155111385030128	0.0290417527313876
-3.08542618523242	0.949198094742557
2.75641316563256	0.763778311858285
-0.628599509856641	0.151612619227975
1.02338601426445	0.38161996773056
0.145313170347528	0.042674261922763
0.154509067766894	0.0289541162362231
0.15963091503218	0.0399802605532864
-0.628030265547787	0.151499678636842
-1.29098423824616	0.574882525327808
-0.739003822726622	0.252222384495429
0.767074926677933	0.454649841872933
-0.412594451513588	0.171856355506214
-0.415181751888503	0.173101618298361
-1.52527766014307	0.541726073904961
0.658157600688591	0.206837664845118
0.420653932369945	0.165919903886093
-1.09841579527284	1.06484296508404
-0.495375733380973	0.373555939340556
-0.334185342958765	0.202417679980588
-0.626730881631617	0.300306818939214
-1.17627751541449	1.85364662437062
-0.802545220815784	0.999302137081493
-0.596691162495778	0.629510760212041
-1.04936593185732	1.67625714452577
-0.422192944625958	0.541289728546255
-0.132391972552744	0.107576830908847
-0.192284679238797	0.184751844471595
-0.255453546578115	0.255667562655303
0.0093176682223566	0.00771641779361041
0.252922416229648	0.243114639769076
-0.626826844238488	0.745488354670138
-0.148090396153493	0.129930203693578
0.819581362806948	1.15937154727776
0.256363674217694	0.259149819100341
1.07194169879921	1.70072570771834
-0.761513149747326	1.22901133024324
0.311983402339123	0.341512359512073
-0.577475889250687	0.686692057945308
0.0854608843717508	0.062662271823764
0.479846948218896	0.606456212724082
-0.578782520006085	0.569942520472495
-0.377291231449719	0.388165975571541
-0.110016956816027	0.0791079054611785
0.845190167722727	1.2702118398
0.295713717013182	0.213820454517151
-0.795607293843077	0.613845602186318
-0.687733405578952	0.548829279256221
-0.846438588174903	1.09542273163513
-0.684255988262682	0.484342971325814
0.320983182818548	0.194864023612021
-0.96484399640477	0.594338839866037
-1.05085567955959	0.414282430800086
-1.14536534536015	0.34589005605433
-0.165650631391215	0.0593414877038015
-1.14088544605048	0.344426431780091
0.51386494250992	0.181311218287051
2.3415744993868	1.14854547995181
0.802138012530807	0.329972517070534
0.193821897399971	0.199618793484786
-0.0612315311401571	0.0463862773011295
0.789210208720068	0.854792121520071
-0.191177437079839	0.148142196451173
0.415463072472951	0.331198205082271
-1.16132512544643	1.01612698664142
-0.23522957281847	0.0756912588669357
-0.339622121331047	0.242918246520669
-0.312975737554408	0.25798934936212
-1.3025300202275	1.79600418958305
-0.796742850520379	0.689855953341384
0.914747189471792	0.79561704985028
-0.641729891400202	0.62626471939174
-0.07378549474269	0.0325146021847303
-2.49447330028107	1.38150362039384
0.14380305748793	0.042271222114559
1.52185617419414	1.30182369725724
0.462585357567923	0.314256633432762
-0.622280141343316	0.297793777237155
-0.979569624532154	0.973476345910095
0.67900146205313	0.312988250683856
0.134796989185734	0.044763826715822
-0.788618958882262	0.341859317766317
-0.323322096708705	0.149188943317618
-1.73108909412363	1.46248006199946
-0.165433148159335	0.0592640318232164
-0.621364549348226	0.297314514339653
-0.35262379016767	0.101278913820777
-1.79839614394125	0.382877807711208
0.514213661606994	0.181383794125596
-1.79840965860499	0.382877827643389
-3.45922605387697	1.22727228815634
-3.08203048704882	0.947509650360219
2.33899743092669	1.14663661123896
1.95731570776637	0.441000340195791
-0.628599509856641	0.151612619227975
0.143231568712453	0.0420634101782781
-1.79840965860499	0.382877827643389
-1.80123754984197	0.383647112861273
2.34043347531034	1.1476207146242
0.156896734628332	0.0393320207188234
-1.1412568453231	0.344431220445032
-0.167754072609883	0.0600616127897958
-0.00617977901423953	0.00320712843985435
-0.908974923533086	0.762972270401421
0.64856955297791	0.461986517733148
-0.359141638818634	0.103112871302961
-1.5292536270854	0.543488048058857
0.645092480405438	0.459181646842874
0.541114618894634	0.451383267081973
0.0222807351392916	0.012055165418191
-0.34162564930429	0.207426201471119
0.168409630488903	0.115000955683554
-0.628733247343677	0.151688343674084
-0.613117198922206	0.809652347706494
-0.512549978249115	0.476853985405869
-1.04721949984211	0.412618976511128
-0.73647966249128	0.961512921576718
-0.795547280376148	1.41318684361302
0.0518610801967293	0.0435235086644411
0.975164545172822	1.29437375130266
-0.7410378737647	1.01419794644053
0.525016907826438	0.635254466009621
-0.598249743578589	0.832265183889513
0.622743198769024	0.849773666917269
0.791700426270426	1.04995971851932
0.377228792220345	0.420259030237337
-0.948506084830704	1.46783139320244
-0.333102624602868	0.349643950759842
-0.274526651867281	0.229045103982147
0.190260769579622	0.167183716051839
-0.319557013422643	0.311312003224326
0.0959858959254037	0.0752285600492521
-0.0408226938537778	0.0264547091353626
0.588340722358063	0.656049087544806
0.18345933131137	0.120176617406225
0.944464705778376	0.638849149727885
-0.194647224642788	0.13115004371977
-0.681852683612844	0.482609643458247
0.323366480900135	0.178772853685418
-0.419060587192527	0.239862446597504
-0.50717739734089	0.267732671917775
2.75580772001712	0.763760469153332
-3.08216231491203	0.947551973079846
-1.53326666156506	0.545110963407603
1.44899109330448	0.477667123734845
1.02304894811125	0.381607715308403
1.45198001091205	0.478658944297305
-1.29722953953896	0.578817562317687
-0.311869893518392	0.329904877751692
-0.0828918570696554	0.0696299600455587
-1.08129143563566	1.37812311753202
0.0862442258824716	0.0587860734655233
-0.509766296558063	0.269560889619866
-0.162861071132377	0.0583534612127534
-0.414984144540452	0.172987130736099
-0.190596389689846	0.128154468842881
0.909231486630998	0.789710189951804
-0.562022837096328	0.514254860299126
-0.167742086143712	0.132142448103823
-0.787510914277947	0.918534922499018
-1.25924337120289	1.18504460904298
-0.729575685254525	0.761285065326003
-0.867148533407194	0.942139577041332
0.947366793695097	0.933242382412608
-0.255729442306016	0.129133255847616
-0.788696355759508	0.807409533104801
0.0930915765439681	0.0685133658492113
0.644493389688119	0.458637923390347
-0.414794033895136	0.237220876211828
0.50952600895777	0.179673416398791
-1.80123754984197	0.383647112861273
-0.254994031075374	0.12888581978507
-1.18705899094899	0.662625155371146
0.53016786637845	0.305307054273554
0.345804617933805	0.172794472084294
-0.00835151487149286	0.00425321382502576
1.02363521199244	0.381873400117373
-0.737154567775087	0.251538686589487
0.143467885183021	0.0421790290070851
0.375962847140253	0.166781377187623
0.329030461619281	0.182490343554896
-0.629906869562113	0.152090136193736
-0.629763239673253	0.152058330338803
-1.29882542782854	0.579669605589987
-1.1412568453231	0.344431220445032
0.944504519928106	0.247598335656165
1.45078261646269	0.478218161496633
0.659324643575319	0.207123110468657
0.51386494250992	0.181311218287051
0.950426851449918	0.249037516760643
-0.628733247343677	0.151688343674084
-2.5766529574574	0.657773148602288
-4.01591566480886	1.72772177589649
-4.22875232252	1.96600926858348
-2.09282342877292	0.94604006879287
-1.48289302963748	1.03533726153017
-0.505839108433538	0.26733586487459
-0.806924470834439	0.440526610909245
0.376875238635301	0.16727169805512
-1.8563022602636	1.16252331047457
2.34279546460337	1.14854756857349
-4.22650189263991	1.96443457300709
-0.677100437016162	0.478149539201464
0.796517338186864	0.865657996623596
0.985638386766287	1.08284360700043
-0.413930656084626	0.236542105705714
-0.325804122967378	0.340234242527617
-0.459530943986357	0.431344534534449
-0.471741538651909	0.316883976938967
-1.00428527958743	0.496616726867449
-0.580500118717181	0.42569015991869
-0.290575801706287	0.30925770945078
-0.00243901938685733	0.00170594260391251
-0.132537087063769	0.0934284174130355
-0.659195432610262	0.692609346847084
0.497208043882921	0.605556225682619
-0.0149909379221818	0.0119141193150173
-0.305706372148842	0.321818886755075
-0.257505506739449	0.236577183473032
-0.358557155194262	0.397616559898498
-0.319041318557288	0.31072884861823
0.00540094544060619	0.00380153738997689
0.104784348571204	0.0800803712336966
0.264385422974784	0.249681449755237
0.246355585135894	0.241449018864349
-0.257998707776319	0.237091443550874
0.841761497350215	0.766137758235839
0.0913525488842177	0.0671678267571728
-0.279384210139475	0.176429359187833
0.465725242604256	0.316809065110548
-0.151097550913239	0.086145269550212
1.02431939875696	0.969083402787817
0.16770866142232	0.0966759695225599
0.50776496866365	0.179019570667438
0.345762955214128	0.172762610176751
0.135147068183463	0.0448731525122335
0.144976980831471	0.0425943260188831
3.9275816800867	1.70263786398349
3.92694117717927	1.70243676685084
1.31720885231934	0.565233906318953
-0.789650928512862	0.342421974551524
0.338096449534096	0.168657279419487
0.456957878733445	0.519680268052869
-0.394926208810089	0.349592425609868
0.0768790991851871	0.0542542828885187
-0.195628954082252	0.131848991068803
-0.0261237810264729	0.0202909452592627
-0.99371251867227	1.52351591916593
-0.123576615737925	0.0491527525946845
0.127996404975649	0.0482698701963598
-0.00845388278592364	0.00423273360748556
0.985874003651335	0.806310304655167
0.708509007927275	0.718201142811925
-0.871696988377759	0.878675815292918
-0.391908527030916	0.311345582755713
-0.150623942569514	0.0858621339137848
-0.510115810697716	0.269699274111198
-0.506097316655861	0.468856643982742
-0.938035434186015	0.692933890383564
0.128075192969757	0.0482635683600574
1.38873070425816	1.07382394494223
-1.29882542782854	0.579669605589987
0.798676159728442	0.328314833787517
-0.625793800111948	0.29945602702412
-1.00131228001792	0.494228244955787
0.348108522874215	0.174098522108694
-0.558584299528079	0.357587026114598
-1.35193812689823	1.12505038662336
1.23465433987356	0.849637821142432
-0.738079783119958	0.251987608125061
2.75520320904554	0.763197913000704
-0.253063568737107	0.127775270691815
0.151699954163731	0.0804346032930412
0.154509067766894	0.0289541162362231
-2.5766529574574	0.657773148602288
-1.14088544605048	0.344426431780091
-0.632424041671007	0.152580102364835
3.63395648950567	1.42026036401428
-2.5766529574574	0.657773148602288
1.81264504950119	0.702404900566408
-1.14171114622793	0.344693702322242
1.81767719681703	0.704324972687456
1.95786695174359	0.441149378722158
0.155111385030128	0.0290417527313876
3.26569824690609	1.10327543173781
0.133051872614392	0.0501244903748309
-0.628867026021838	0.151670609188118
-1.18676885694631	0.66328859678103
-0.538391637447097	0.202241097472968
-0.512786269802794	0.27148937354365
-0.732566463899102	0.249785737696785
0.140609521820489	0.0413743325045252
1.43783983113658	0.880201221571673
-1.69722223237915	0.956557235506187
0.58460566096971	0.301688518707546
0.850360507879268	0.627346313982026
0.181028591692078	0.140021849573431
0.906812855921793	0.786510546451426
-1.43558489354739	1.53638324377881
-0.606184613404975	0.643116411490445
-0.633999789445961	0.573382198423643
-0.257625676623496	0.130135111736523
-1.25099323800904	1.17310652549499
-0.627003274611623	0.300529188364514
-1.18963151740411	0.664919738509162
-1.34409517157526	0.843658320242331
-0.954565173563103	1.34558980304785
-0.621157325841348	0.966855970930017
-0.170033735344429	0.151560607336184
0.243079637471625	0.269311328800345
-0.749736876214768	1.07536217653054
-0.323964984071113	0.337834975211926
0.389713192546753	0.42736676379071
-0.43705165657841	0.507142983098109
-0.186116361453321	0.190902642867218
-0.0992840565298473	0.0826269147677503
0.138093249848185	0.136374257089084
-0.0689023258269829	0.064539786009584
-0.432767490707569	0.530454650868123
0.0970284241873745	0.0782030705490427
0.128699347940674	0.119063810787193
0.107048483090893	0.0868351272096687
0.353745608059343	0.331500058612358
0.519083007789089	0.625566773841437
0.863665243880881	1.10625943442884
0.171897574536326	0.112093863925074
0.773164230772965	0.458708670687369
-0.694967242968659	0.556176951724675
-0.344548577499128	0.306405618156914
1.04836317982236	0.498217822369961
0.154645886548261	0.0820816068826162
-0.680678907423076	0.481288340555304
-3.76894933168033	1.48672161607666
0.160221796316651	0.0401166927693931
1.31834040226142	0.565982656192084
1.4480329582247	0.477161868008032
1.25684059841494	0.681084009430529
-1.34734052621801	0.845963566797433
-0.410397623050957	0.170829785405744
-0.0669529779180303	0.0626304098778782
-0.174694923570899	0.15264514957314
0.00548334175083534	0.00384903069639837
-0.19332629728125	0.150004429306421
-0.0457492851653964	0.0388997455416184
-0.269992026664799	0.267011418263783
-0.322108936940908	0.314468615807064
-0.423590765329722	0.436999249937655
-0.959531906763053	1.03115035405527
-0.509813401850104	0.269472951254553
0.0419792327483563	0.0244159779481274
0.188442978776109	0.169656903518795
-0.417026043239123	0.428254754001853
0.389827117803381	0.321210912461065
-0.9561626429364	1.02465133388722
-0.164119765365845	0.113426258372637
-0.235555775437387	0.154396481753712
-0.0784889842334877	0.0345413234843914
-0.972101554782073	0.60083061248583
1.02304894811125	0.381607715308403
0.160813493636874	0.0402291855562724
0.84716347196406	0.623388843754481
0.159474153119953	0.0916958458234339
-0.618831354180353	0.295907791335026
-0.0514384869071164	0.0324499984593336
-0.810772949255315	0.541189486024338
0.342720840878322	0.171205584063641
0.16045117802105	0.0401558290866076
0.373180610877933	0.165574351861478
-1.69722223237915	0.956557235506187
-0.234659925712008	0.0755339906287207
1.02447067732237	0.381899446024378
-2.08818862480767	0.943180111661063
-1.1412568453231	0.344431220445032
-2.5766529574574	0.657773148602288
0.15963091503218	0.0399802605532864
1.0239728358881	0.381885834911352
0.155111385030128	0.0290417527313876
-0.356656967234746	0.102398272590581
-1.14260761039773	0.345006924269412
0.950426851449918	0.249037516760643
-0.628599509856641	0.151612619227975
-0.628164901903538	0.15157555358925
-1.79840965860499	0.382877827643389
-1.14171114622793	0.344693702322242
0.665255922750217	0.30561169894172
0.129908031443836	0.0554113226585179
1.04355625006019	0.494941192071787
-0.336386885035833	0.203944444415148
-1.83199158756097	0.740532814070127
-0.252327588510448	0.12745336459135
0.771441758104588	0.45809325066597
0.134765789361054	0.0647243560732313
0.372533607282088	0.165204586547255
-3.08203048704882	0.947509650360219
0.936827868951343	0.632104803949843
-0.418699120063541	0.174624493913997
0.272362613621798	0.221015524969983
-0.163109698059559	0.112656069115566
-0.196528953871583	0.152778164125099
0.173660584847707	0.12411410706004
-2.5766529574574	0.657773148602288
0.0259713111040186	0.0188055950000287
-0.0471084950262361	0.0361909418578284
-0.258733061699178	0.194136222391633
-1.85819064361684	1.16574714101987
-0.532557138876683	0.531903330972706
0.183233042898041	0.141966610006216
-0.0782818594616172	0.0655575579952595
-0.568856073180682	0.721301638435339
-0.926102840087893	1.41513466723383
-0.0390357867310439	0.0340677306197015
-0.102813048977786	0.0943014617815816
-0.08850207845484	0.074575686008061
-0.275930102775859	0.230428209140068
-0.219189397830262	0.166938619638877
-0.625697078852473	0.563502922670869
0.36517835330095	0.321482515732956
0.141768323335514	0.142939060060483
0.585817372705446	0.749118363162519
-0.695462714325007	0.914267650990206
-0.1531844858879	0.148389785442921
0.435623381306783	0.424856505247868
-0.195487516081248	0.151894404023854
-0.11401992777035	0.0937596265999531
1.50311600287985	2.40912137925723
-0.11100853905511	0.0911124665589601
-0.343692223286011	0.246232034555306
-1.05839206822924	1.61775076071336
-0.41416073438949	0.236445029782846
-0.933126887746944	0.688459338581426
-0.395966222337734	0.275046034394374
0.347012609476173	0.173761592751717
-0.0816186971754501	0.0500530661188043
-0.0411077693262911	0.0195895099775924
-0.114201520273421	0.0454828797393219
-0.164399596828408	0.0589021623891461
-1.03986963329328	0.409012486353307
0.37719892423885	0.167428598365971
0.144640697621443	0.0425017414545061
1.8138222857108	0.70292085392477
-0.737154567775087	0.251538686589487
0.676898432022728	0.311902187791794
-0.510898427614392	0.615568456917071
0.677350641426719	0.707133549245113
-1.90495261602399	2.34013383316427
-0.944043853820264	1.08637988826549
-0.218990819928896	0.205646254631562
-0.570182958335654	0.645153446240528
-0.340377574078353	0.380615268726967
-0.113094287631474	0.081447961349588
0.0628772607756064	0.0407384610530612
-0.235969441731701	0.0759552403505453
0.675381903961414	0.311010897261863
-0.48709785802312	0.417846098001362
-0.0977483629128693	0.0718710275129218
-0.477849213670904	0.518584410905726
-0.493137500361744	0.4988231883722
-1.25653192173928	1.18050419110644
-0.503427366035804	0.265640343973575
-1.13849635482287	0.34354887893789
-3.08216231491203	0.947551973079846
-1.10925503488058	0.763940892933473
-0.414935985705311	0.236871977826013
-1.10526148572631	0.760435438821411
0.493410395228092	0.311907078819367
0.017034801320054	0.00929959215816446
-1.69661550867139	0.956574938709399
-0.804000972345036	0.438775541584656
-2.08391905009995	0.940245123426704
-0.626024187463233	0.300066280425528
-0.121406733891097	0.0482789131009229
1.95731570776637	0.441000340195791
0.154465593370314	0.0289479903375428
-0.54346877962796	0.204399150899749
0.159036592116599	0.0397877345506797
-1.1412568453231	0.344431220445032
-0.632563406792844	0.152610991116788
-1.79840965860499	0.382877827643389
0.658741078701816	0.207014004441108
-1.29433801976141	0.576778854624373
0.510399267871221	0.17998283956174
0.337090103663666	0.168096548502953
0.124488256386008	0.0469611145656188
2.10173504798347	0.924843834263361
-1.30332741218541	0.582240011476995
0.317683343764549	0.192347255329137
-0.237212899766669	0.0763212805777045
-1.04488326260696	0.411431568917432
-2.30887978412089	1.15463778413662
-0.542900106811953	0.204176406519794
0.672888864603785	0.309645885119075
-0.330824809117415	0.152860470177013
1.12131379866762	1.01171426761022
0.0839737076058444	0.0594258764752714
-2.55211656026532	2.69380696918734
-0.433823337844111	0.377632083955006
0.354677622635749	0.332550355478754
-0.0874036700936753	0.0721513269643384
0.020726738679078	0.015007405772192
-0.228309609301112	0.174774951517852
0.175097995938077	0.114269521920409
0.174817926600199	0.114154565773772
-0.0670694024589313	0.0424051231309488
-2.03352170176374	2.14513493620881
-1.00395217666584	0.496433034650267
-0.793650299520997	0.344601205700018
0.939669398857072	0.634760062131297
-1.44328185179456	1.54980996373431
-0.787724166638636	0.972714180009905
0.00880238301119602	0.00612998442309196
0.645967991125163	0.78513415749204
0.0734277899761062	0.0664424619213126
-0.469413750735419	0.661633451291951
-0.438712654882943	0.54031040679272
-0.0280265041840155	0.0246385461719895
0.108735945298559	0.0882736769356318
-0.0363401936217109	0.0316492369896518
0.0989847304189767	0.0980798009317541
-0.129151483234751	0.126967577389857
-0.0820639950382764	0.0688830767258161
-0.55395133873394	0.668669280156314
0.00753817234329799	0.006254426738384
-0.254280586024384	0.19032367109137
0.246005399377762	0.252230403652163
-0.11255406707984	0.0944457600403069
-0.513933946246169	0.553308010758859
0.429754565390146	0.431848460849091
-0.536036515067231	0.536227936314117
-0.581709439246618	0.427114776568175
-0.973550781639161	0.964355894328698
-0.691358726684709	0.552016574683483
-0.0436677268751841	0.020817816138037
-0.416536710889128	0.238145285303754
0.0102895460728208	0.00570989046613796
-0.170856035041343	0.0611834573692003
0.429189841643481	0.169462047821113
-0.421072366359481	0.175748366073623
0.512980274880888	0.180842708701248
-0.540486497816113	0.203240784979243
0.146332921310034	0.0429416898033695
-0.324563463567677	0.14975004148699
-0.47107091574726	0.545698806343618
-0.216790619265575	0.185180814314874
0.0652792315656005	0.0441683518263595
-0.034331616543436	0.0298867151420217
-0.639484218713693	0.802005088566723
-0.759038764316812	1.13840328103144
-0.0547073723176755	0.0413008441952541
-0.250156160214699	0.268531413248571
-0.681773837951523	0.482379530026311
-0.550549053405877	0.351003544057596
-0.191686974093211	0.148540609387167
-0.0811362434143681	0.0606705965987096
-0.355756185760274	0.370363465746423
-2.31604619306546	1.15953103259075
-1.79840965860499	0.382877827643389
1.30842279896953	0.560888896280948
-0.168318442800183	0.0602514969158982
-0.800690930585627	0.532744460052594
-1.11004836611257	0.76626307105783
0.652898765292621	0.466563572506235
0.426403404838852	0.16824819606602
-0.807859674665281	0.441062645155464
0.661225548064972	0.20772290984652
-0.164182716008776	0.0588217692737051
-0.412234107755548	0.235267241962341
-3.4599009305559	1.22709220959572
0.948768757521975	0.248549269795159
-0.628733247343677	0.151688343674084
0.157325350109871	0.02936446462458
-0.628164901903538	0.15157555358925
-0.742101285286405	0.253499136601578
-1.79840965860499	0.382877827643389
1.4480329582247	0.477161868008032
1.45138090115721	0.478568850670936
1.02246283803588	0.381238371277329
-0.169228505263572	0.0605484402011059
-0.665041322947784	0.397726262402903
0.140609521820489	0.0413743325045252
0.13125430574639	0.0494561793802337
0.132349525763439	0.0565460944899824
-0.0769267223647628	0.0338534850047221
0.533701893849966	0.308096186040316
1.02558467001725	0.382518749728777
0.129989608626953	0.0489773561473865
0.137777354037229	0.0456973820976041
0.0649242487614163	0.0421107829093612
-0.630016351435269	0.751114817771442
-0.38338535809795	0.303141015615666
0.730081908323376	0.609454423520449
-3.45945095257726	1.22747869975084
-0.277648216297394	0.175186390150562
-0.407264750870594	0.445530626113121
-0.00269963243983242	0.00187477569270037
-0.00461972524478235	0.00315105736982285
0.8498762076511	1.07965629616731
0.0320417208697849	0.0247654521632124
-0.29929421657762	0.337921985705157
-0.590164537438659	0.585403074595655
-0.293443968382842	0.268808691367957
-0.629732202556201	0.56835820758272
-0.196415976705036	0.132438633962781
-0.292362588358001	0.214111461020208
-1.04361600013496	0.410853585324869
0.152316553683952	0.0807867116263008
0.772174795113499	0.457923849616105
-0.294298787133784	0.215753677005407
0.492859560379828	0.442315278942576
-1.10529738350191	1.75004601649924
-0.0988791425734454	0.0904191657379585
-0.600550575935754	0.756433690310729
-0.928870387598357	1.6788874629341
-0.252444577190943	0.284527506183789
-0.418075733271206	0.429833090769731
-0.533679055893646	0.678099417697762
-0.173794187546637	0.164639663102795
0.112633067817782	0.123641461612407
0.0332465809079409	0.0296325665793306
-0.549259064030715	0.660772363151572
0.180212115469775	0.134454264504651
-0.0993975637629648	0.0909174498032379
-0.0579926017774195	0.0496549943564869
-0.514922156317255	0.554984267560425
1.77887184814346	3.15783903485639
-0.444954442786267	0.486425645403915
-0.584813667577848	0.42980212869536
0.0650266990371162	0.0421541758000535
-0.0419347629377039	0.0199977666130289
-1.26564615079308	1.19436470361196
0.151845605047954	0.0806177338842292
0.801786885039242	0.329686341918844
3.92389000551089	1.70054361221532
0.144976980831471	0.0425943260188831
-0.41179257392383	0.235099412861
0.300849941623579	0.340580615020785
-0.133751800349661	0.0942936363202296
-0.21711326307193	0.203552430175492
-0.315955663199986	0.35395701184939
-0.274491268281465	0.229055276260932
-0.887102632877922	1.31112662837733
-0.838984969485946	1.24586029022861
-0.505501321308544	0.606457641348321
-0.276957959400538	0.231392970700051
-1.2941091808211	0.576975974922849
0.155713854733082	0.0390835596706886
-0.50779419023108	0.268087141495009
-1.1104211829712	0.766482784697026
0.160221796316651	0.0401166927693931
-0.552819370995488	0.352864512120034
-0.20134116476792	0.109111583676984
-0.506885445790532	0.267562148692892
-1.29445710557565	0.57719309643802
2.53901079776307	1.37313946126329
-0.684530267500732	0.48454531364872
0.876980757709068	0.464120106246
-0.355112179440658	0.101904546481095
-2.5766529574574	0.657773148602288
-1.79840965860499	0.382877827643389
-1.1447666380351	0.34569313996721
-3.08203048704882	0.947509650360219
-0.63185471444008	0.152466960619287
-0.626016029401895	0.299555851510855
0.514431860453614	0.181517099423547
-0.114531033021198	0.0455888758023028
-0.176336496006155	0.0631273418046569
1.25495544914621	0.679951637650209
0.426188529242061	0.168158662567646
-1.14088544605048	0.344426431780091
0.317407388814092	0.192164370241078
0.126543144272307	0.0540223218243271
-0.14439148173855	0.082117608139403
-1.17800123346917	0.655910249769542
0.136340909197733	0.0582154117801055
0.132732885510209	0.0441080605497273
-0.968316671735943	0.597419785875193
0.517324477318884	0.44890297087955
-0.0208320322263366	0.0138128165425725
-0.695679267412266	0.557049102167327
-0.354815349846941	0.101888689175609
-0.0064548984287695	0.00334179330824075
-0.958956976684924	1.3563353639445
0.506205974284592	0.544505619179217
0.69087941068337	0.97285633327191
0.365338195187443	0.333565214528015
0.599659518090434	0.673015837115368
0.188490983700902	0.160930764505914
-0.0513390391844089	0.0395152319474605
-0.882223156304598	0.893579935884293
-0.590318538991976	0.708467911064652
-0.294266617728544	0.215545658491739
-0.19951738266641	0.107990838793166
-0.40896471714897	0.233160881933634
-1.50897634643426	0.759381379959404
-0.256612428717039	0.129618950888943
-0.134509989554236	0.109447239334853
0.459053900829972	0.438001260789557
-0.320811096201813	0.379673206182419
-0.334856312788959	0.372894785683061
0.228989406372175	0.293649795281425
0.0347035666801834	0.0309537612786196
-0.287922030906844	0.305821406553123
-0.353972957643799	0.474711464501728
0.146246107303124	0.142640117324888
-0.172530926236512	0.150562421364268
-0.103891040524612	0.10316616578255
0.11343256880635	0.0923482337275844
-0.532553034118235	0.676313945310776
-0.173734670341981	0.193259206348892
-0.326085260288675	0.34050027486807
0.14192589347948	0.145605643097909
-0.112779976897671	0.111112334442712
-0.637052753471552	0.762737271661113
-0.217257957673155	0.165225743650096
-0.0382994488989652	0.0248204929993143
-0.249206620818891	0.211228766332391
-1.00674361417444	0.910264247449747
-0.66534674615136	0.397444473734649
-0.326393633173898	0.150521800029804
0.689009482000081	0.603029883180778
-0.793275220671673	0.34449465357138
2.75641316563256	0.763778311858285
0.800732484930354	0.329422357686243
0.133874063596779	0.0444284908216394
-0.538169446885037	0.20211193569765
0.120843048310463	0.0456406539061617
-0.448005662796942	0.632804457380392
-0.416365170395642	0.427743321613147
-0.873034353177219	0.880506483745219
-0.894967152390065	1.26883089847359
-0.459663605389915	0.43145687838751
-0.682321579608818	0.482750445229371
-0.901407253464003	0.754079726894195
-0.0220748896070341	0.0171393334086538
-0.082882584380891	0.0696220276635487
-0.143255912495915	0.140077103486387
-0.0212115030040613	0.0166768071429949
-0.116607781464668	0.106194706678876
-0.353661111617	0.316352084960183
0.0691512856100017	0.058633416791735
-0.199596643690395	0.173191734516568
-0.292046502346316	0.213817683185734
-0.0414028120814045	0.031746469411288
-0.79483459899829	0.931293844986417
-0.355125139389621	0.344475768743288
-0.799768099464441	0.760449252289726
-0.575768910394368	0.421179489233421
-0.0351472342354295	0.0168566590825253
-0.224142731922674	0.146155896509663
-0.669185487979105	0.400714073775444
0.314814509994867	0.190445489378676
-0.963021647166617	0.592868754274254
0.1384839455864	0.0664088203211816
0.8804110252599	0.466091387895369
-0.170295794786799	0.0609732056271428
0.128338588542606	0.0483629401375905
0.874476201076097	0.462663713286028
0.511884149147493	0.180536056250855
-1.1447666380351	0.34569313996721
0.94820175004088	0.248479682375772
-1.79840965860499	0.382877827643389
-3.08216231491203	0.947551973079846
-1.1447666380351	0.34569313996721
-0.16719037374262	0.0598638290738506
-1.85814888087445	1.1660283918281
0.144054213480702	0.0423469198905259
1.55152601933111	0.752759870414717
-0.326398242074565	0.150524196697343
-1.51215946284448	0.761559334920354
-0.145634080026676	0.0828819768039325
-0.787287500651133	0.341427110547876
-0.256895230163255	0.12989407327354
0.581812126512346	0.299874016449937
0.340409059882159	0.169860397551539
-0.62846719018546	0.301580120835599
0.694898344619224	0.454959259800729
-0.903157821586127	0.755988181679817
-1.28762212277067	1.59746268915353
-0.0336039022624956	0.0217840212928486
1.95731570776637	0.441000340195791
1.11399766978868	1.00173824562816
0.180870470719611	0.139926018854703
-0.677502966051273	0.842349992786674
-0.347003296761156	0.309027376836032
0.846366212386667	1.27249772812558
0.680097558832232	0.787026616444094
0.280874327036738	0.229083251334038
-0.070265577799055	0.059626242727739
0.636488002593186	0.769325935456836
-0.72721918463493	0.80771022973094
-0.50713643516568	0.384925867614089
-0.967394509290605	0.596017220489417
-0.689077326500544	0.902292529820197
-0.255580547906336	0.191390485020536
0.175672877939054	0.108425693205543
-1.18586323787425	0.662169281444744
0.344131441332208	0.171748814080647
-0.624178537751399	0.298708339466037
-0.787428216039183	1.02283341741907
-0.250577417931298	0.212521034795538
-0.263575756656762	0.331620415034179
-0.194742921987045	0.197489480187907
0.450315912686054	0.536329636745717
0.764168512159879	1.11114218316614
-0.904261687922432	1.22542045860297
0.0498748878455895	0.0465983483403528
-0.0652724967201472	0.055215790336247
-0.067460025969376	0.0571149826160631
0.586999847141209	0.751185506789
-0.786749825090617	1.1662836190426
-1.85014629303749	3.68786137118144
-0.292330921246488	0.286682153889611
-0.358178583746051	0.419350587701403
0.0834570431730646	0.0760816718441919
-0.388543382008678	0.34263626437016
-0.808732680804178	0.539846689613768
-0.326701435000739	0.150635968932603
-0.555095931814278	0.354448166437328
-1.10628296873922	0.761628246095227
-0.678503150967204	0.47906588691515
4.37055816627281	2.22298948334302
-1.1412568453231	0.344431220445032
-0.172419460181579	0.0617770745008348
-0.628733247343677	0.151688343674084
-4.73036366969967	2.80146260008265
-0.734572470398519	0.818732494095116
-0.391679094072861	0.311117872243764
-1.15162036075797	1.00445760316375
0.288841710019787	0.245221799303523
0.324532288372477	0.334264237425106
-0.788353392500015	1.12307407966445
-0.40396811080244	0.468705409025939
0.394488572188087	0.434004650730833
-0.383496498996295	0.337124467922198
-0.126095772461532	0.10203193715728
-0.353454595124744	0.316103630324567
-0.680457750924941	0.808265701003838
-0.286142358372953	0.260814885373694
-0.218155029461323	0.204691405463804
-0.42089599867482	0.400026313795239
-0.0946699194390709	0.0694730395273652
-0.0937865822095349	0.0688262647288735
-0.273077551336415	0.246479995035381
-0.134069127336768	0.0945837634112154
0.30286136912282	0.195758811868994
-0.423267656988019	0.402871069989709
-0.356071393990223	0.102241794383879
0.773084420715309	0.459319606964512
-1.45990450821449	1.3183079214924
1.81856249292271	0.704712372795119
-0.506794097572438	0.267917146892905
-0.113719244397157	0.0674776540770688
-0.0771293174447869	0.0339692317993143
-0.546721476711003	0.205754407122626
0.806031822454127	0.331901204294119
-0.623247449592834	0.298163515433207
-1.52984634403446	0.54376252749597
-1.14111344283696	0.344497381350969
-1.79839614394125	0.382877807711208
-2.57669595250488	0.657559862268914
-0.628733247343677	0.151688343674084
-1.1412568453231	0.344431220445032
1.95988292961267	0.441702177751728
-2.57963910438406	0.659061212358043
-1.53297073485798	0.544868330378889
0.51386494250992	0.181311218287051
1.54721470845483	0.750234420704173
0.425798458769184	0.16795754184853
3.93000570763666	1.70337610095798
-0.536671114051193	0.201606330220057
-1.04800708134429	0.846371308787566
0.323297676002529	0.178871922626823
-0.965855878252814	0.594852855605643
-1.52585303078124	0.541962051097293
0.144640697621443	0.0425017414545061
0.0151345048861969	0.0082805898245135
0.29915301384979	0.216723134526759
-0.810487047473868	0.54097951773185
0.688708119018374	0.602798583270805
0.296245737028938	0.214182875111879
-1.52733164921203	0.542467335870669
0.696169506179037	0.455763445349412
-0.0756291871284857	0.0563903447884667
-0.247845110436674	0.209908654070727
1.79249634041569	3.19887931240635
-1.00519624732963	1.47560967687715
0.0509838382587141	0.0427667062499582
0.196459182595225	0.163631522716193
-0.334245623291865	0.351234068175985
-0.279491115985188	0.23393457034523
-0.175768144721836	0.139144788420947
-0.681879879510623	0.48264401113327
-0.279384210139475	0.176429359187833
0.00980285560113393	0.0091187531809286
-0.315499143203886	0.284524738309479
-0.136644030010155	0.153181148597476
-0.18593923594449	0.205945374927899
0.189150550000582	0.211696526323677
-0.463764877745459	0.568370731464415
0.187719145922043	0.20981479044036
-0.443847249064629	0.548601028138194
-0.247770254880613	0.28319523893167
-0.0725341659478755	0.0616404144835167
-0.0727098541446662	0.0617647411940459
-0.461018437388004	0.675823140203848
-0.647276820502978	1.0350631958935
-0.356775129472309	0.371669546790182
-1.46412762760111	1.32581108366938
-1.25828306238866	1.18458132185604
-1.04788488605255	0.845463804055956
-0.414849585401539	0.172825872337049
0.13422930794267	0.0445728055584624
-0.164961528199622	0.0590946327024874
-2.5766529574574	0.657773148602288
-0.327025873528048	0.341826528379833
-0.797942758939901	1.0944120708543
0.590990832455095	0.305632632862991
-0.415857811293049	0.23772194933635
0.0735447838380842	0.04985967589718
-0.32910096912252	0.322800377379473
-0.0406222450705722	0.0349693312382808
-0.0413665055869552	0.0361497711035801
0.198486239730943	0.193036765599509
1.03422958985671	2.096833421904
-0.443417067871575	0.44935642858441
-0.101007070743684	0.100047964029423
0.240929827445981	0.251284847480097
0.00414247830482652	0.00348490469121884
-0.190254248442916	0.195823762542309
-0.236923971658897	0.238827340834756
0.178844635280356	0.14291147279612
-0.55245865707334	0.666044900464429
-0.255275948721872	0.255471666762301
-0.377886178842793	0.495293450909796
-0.467429343333097	0.626638261234271
-0.214927925220961	0.217393868322991
-0.136959416108357	0.0967395916209395
-0.0713440319178875	0.0530977944419247
0.921950733144149	1.03965490795485
-0.0477955961162842	0.0367370645703724
-0.353892938891548	0.367894011681782
-0.330309651275991	0.199600052457557
-0.0431891266490548	0.0205865815825423
-0.171546284974738	0.0614263022767799
-0.738079783119958	0.251987608125061
-0.254370792107733	0.128453995962992
-0.966759908380468	0.596526867242596
-0.259500572573262	0.131251778546968
0.0320354416499307	0.0186909690439788
0.305290152452992	0.197596258406302
1.09779129813586	0.833304628662316
-1.04744397176015	0.412600703300656
0.131682648363566	0.0437604593152334
-0.971801006089989	0.600543593760837
1.60144011478725	1.10578764748855
0.660640141500972	0.207490447031014
-2.5766529574574	0.657773148602288
-1.52556530925699	0.541887546993991
-3.08189869996978	0.9470994296719
-1.29860074136172	0.5797920330012
-0.747056276000891	0.255214642839991
-1.79840965860499	0.382877827643389
-0.63185471444008	0.152466960619287
-2.5766529574574	0.657773148602288
-1.52527766014307	0.541726073904961
0.306623799534657	0.198493546524638
0.124744202270189	0.0532915575478038
-1.51273844441443	0.761750210017021
0.288735531918912	0.207965833521673
0.805253363228048	0.331394396791794
0.140023273435885	0.041219830052157
-0.340906647638965	0.274878146559433
-0.195037860883412	0.105489685795581
-0.408003797304242	0.232565142662761
0.88378361922821	0.468684036461483
-0.659267208104218	0.393175082093739
-0.151340551123195	0.0862388641915907
0.0978236875905969	0.0767277673939422
-0.244065924861672	0.206208993476891
-0.038146964741747	0.0246932352243266
-0.25403882313672	0.190058002119913
0.154509067766894	0.0289541162362231
1.45975809343208	2.08565976032423
0.475109043432848	0.516558161160901
0.116099069799632	0.0972088633187096
0.189229282537421	0.178658227746724
-0.279924252136964	0.278905789236969
0.417736118671354	0.429810394945655
-0.0205067131033316	0.0161361207973149
-0.00601725693231634	0.00407517607500426
-0.279517168407902	0.176529470899822
-1.00075889534507	0.494647107908871
-0.688950826758771	0.549835898602493
-0.0738753041803142	0.0452202634009056
0.078054043993454	0.0530494109622553
-0.582171423762977	0.574807828101138
-0.210558649990073	0.212214319233402
0.244494490576743	0.281096691301046
0.31313164617319	0.410581423227192
0.306580176407233	0.348574997109483
-0.510154585397216	0.614271754509416
-0.0835005779651596	0.0779510001913652
-0.190821681389626	0.164559636743813
-0.380666333431822	0.443921048621877
-0.254180843492324	0.254133520202983
-0.848879052164464	1.10072903653637
-0.314335292565304	0.387163436223223
-0.352341690293375	0.365817175185457
-0.419038325567265	0.431265389096143
-0.00917278173157314	0.00466193084833401
-0.340044516610774	0.206144279312937
-0.0435641915940222	0.0207733811332674
2.10286507825917	0.92563188054431
-3.08189869996978	0.9470994296719
-0.51363750462746	0.477944757949192
-0.663103164655776	0.395982367731761
0.147679086870612	0.0782903739646227
1.23162190931288	1.0370915956331
-0.191632638662876	0.148515500257387
-0.621966803947343	0.702402475383957
0.296503564603193	0.2143886208847
0.257025645219622	0.265694423438502
-0.222533340850203	0.226329889600842
0.321060088348027	0.337930816436761
0.0779141468524151	0.0707331091983438
-0.149656734038101	0.11986078169975
-0.0622009117552361	0.0534173495035592
0.125293865138435	0.108173935682694
-0.602503199549115	0.638081885865034
-0.115159357383017	0.0830069528651216
0.179469835756515	0.152301181911933
-0.485568937704227	0.590033791348466
-0.535378110568472	0.53558600675232
0.0553038242158492	0.0454423261699095
-0.696638996724661	0.916566063385775
-0.285813956931927	0.260311187886734
0.642261250163134	0.685712012398455
1.15437152726919	1.66070322617835
0.97667047709635	1.06926995480728
0.0482335806655341	0.0297476705265753
-1.35458770279913	1.76107064916763
-0.237559934502149	0.0764246711906185
-0.556843833934724	0.356159413041296
0.364486630153347	0.16136838905707
-1.29318528584883	0.57616602568844
0.151727147920197	0.0805445528269317
0.148519613497664	0.0787521358144454
-0.681662464740862	0.48161671942085
0.843130644511103	0.619552405930707
0.0139236502961444	0.0076140565793393
-0.806853225210099	0.537773647420436
-1.04232764455762	0.41013375079511
0.667910039261565	0.30706346862549
-0.250246815091656	0.12621178285503
-0.11706780556092	0.0465584081549706
-2.08553743334962	0.941412888325459
-1.14284398403614	0.345169869447138
-1.13849635482287	0.34354887893789
-1.79839614394125	0.382877807711208
-1.14171114622793	0.344693702322242
0.885714305553056	0.470010838162637
1.55861485722101	0.757688140819901
0.142490399494484	0.0684942931481352
-0.197412011414715	0.106905377355674
1.5599323164899	0.758015609013514
0.94820175004088	0.248479682375772
0.423151231158449	0.166897161573786
0.144604765265321	0.0766671954974588
0.697866076460167	0.456722359396474
0.513297440290374	0.181056085890725
-0.414582700218	0.172696165251637
1.64531852299033	1.54551261803713
0.427662266766993	0.325608587767531
0.42839638044635	0.326182209970107
-0.512063473956013	0.476162613936364
-0.0751540942664303	0.0560128306657584
0.154509067766894	0.0289541162362231
-0.511867078900617	0.389159005600648
0.657516505291043	0.778023976926196
0.0603896181552713	0.0497606530918056
-0.4179817980775	0.360213195739682
-0.0235842258838057	0.0156030868931121
-0.843241322949089	1.08938044879611
0.100954487059572	0.0770156033730422
-0.810298397829203	0.443174463174444
-0.785690567772963	0.676516784431029
-0.936600935483429	0.69220554226365
-3.16053009099712	2.77686683400089
-1.53326666156506	0.545110963407603
-1.00104129905763	0.4942642803179
0.312146361336479	0.202705255708637
-0.961963532420713	1.36166227758639
0.57735444733068	0.661327395535826
0.124209617341282	0.107173504830245
-1.0601861052126	1.80113746401247
-0.342424411932699	0.424283147615267
-0.128351806664104	0.123967732885732
-0.792474740720683	1.22613564885129
-0.977036608521147	1.55249747387679
-0.26852656695857	0.265223145625258
-0.19815145605143	0.107222402663046
-0.485781177044099	0.488956151653112
-0.216386780245446	0.164517034453784
-0.67080455174483	0.401831667337586
-0.415116620386652	0.172916119993669
0.646659710401848	0.460264836904746
-1.07242914110226	1.36154459012009
-0.167698055726792	0.132080925054783
0.792480462731857	1.05118151739029
-0.523500866545325	0.635741658419568
0.438496765761088	0.518212708309218
0.360663857979821	0.328399055001761
0.525053447666926	0.635063389288592
-0.182638323813144	0.160549385217996
0.186071177320456	0.149329164965805
0.0149772121658184	0.0108701876694104
-0.260562643808967	0.239945567364221
0.445055166236187	0.421080102959887
-0.113597605631424	0.0933702470238063
0.0597590357900068	0.0503854671778244
0.356610455249451	0.323876612049158
-0.30308182028848	0.336254117342855
0.307607023176939	0.328085129463945
-0.466105105131096	0.538068094852918
-0.564935212541871	0.714545309536697
0.0201888228444133	0.0146176349681181
0.0062595439635532	0.00438190848856028
0.010030650871588	0.00559588750263716
-0.928340375709894	1.13426952422357
-0.177622908827315	0.155568669019986
0.000551729745647956	0.000482507452233823
-0.277777156255334	0.175413806017581
-0.112324832330799	0.0666174076191379
0.340757131535579	0.170055520938854
-0.296643699310697	0.217665675515376
0.346368872558299	0.173311780771057
-0.172452668801544	0.0617304368190577
0.802704240998476	0.33025128123342
2.34192571099863	1.148837051844
-1.11695010615582	0.772033938253036
-0.583604881383499	0.428337702027283
-0.621024609790648	0.29728185029539
0.136340909197733	0.0582154117801055
-0.0397111993831533	0.0189742651368284
-0.121730210126732	0.0483931682097506
-1.29825184667106	0.579597355540298
-0.415514705996988	0.173267191179231
-1.6180042451891	1.25379997425735
1.0472501359547	0.497556503187299
-0.628599509856641	0.151612619227975
-0.738002720964575	0.251779850607704
-1.52439405688463	0.541142934209623
-0.0780828764283557	0.0343785485199201
-0.175645395461566	0.0628699684890057
-0.338812738872707	0.205328320249591
-1.29560475057299	0.578066307323286
-1.29847664104935	0.579413585561218
-1.14171114622793	0.344693702322242
-0.398236881828944	0.276920889503935
-1.0094605421249	0.914160458383397
-1.0042227021913	0.496339890369506
0.154465593370314	0.0289479903375428
-0.808426247499661	0.441802221711255
0.15963091503218	0.0399802605532864
-0.148486791629321	0.0845654734285769
-0.288405409746864	0.210706939027307
-0.147698855282249	0.0841055917441537
-0.0377366710970123	0.0180637729923676
-1.52955481711501	0.543641482939636
-1.43710245706193	1.53958844874251
1.13534382920054	1.16594729065358
-0.0224943161144824	0.014901647374904
0.262724087257675	0.226959936690126
0.878087548346834	1.30378620071457
-0.0225493068616961	0.0177508147725117
-0.0194786715760827	0.0154925352700593
-0.967355051791812	0.59704764423184
-0.0455117094166965	0.0216703290636384
-0.120167455299042	0.0478010740088029
-0.54346877962796	0.204399150899749
0.13375172371708	0.057095704691796
0.0205441210766484	0.0111282142831102
-0.19884626205304	0.172423154289403
-0.194855770588905	0.151302745664051
-0.198967154256172	0.202451720582522
-0.222173268950325	0.252434075027331
-0.0777169929790496	0.0786737878411019
-0.0942727092102295	0.0782047466371934
-0.741763882242001	0.253307934106881
-1.01074554001024	0.500758235116937
-0.672092111577121	0.753468450406049
-0.335789128560065	0.203345736906029
1.00626621159824	1.20908703290218
1.79194205748247	3.48763696313156
0.440543313052082	0.52144476624277
0.643178823659474	0.946745517825148
0.748989324299849	1.32332357201105
0.964359383413883	1.66129626939143
0.329789458117685	0.313736318927461
-0.481943922932711	0.583880027041601
1.02177420124053	1.32762157018114
0.433267034458342	0.522336780724291
0.146828072307265	0.148630097949258
-0.257847340803392	0.273025811670647
0.636047885747432	0.768776409624714
-0.118781010109997	0.0979164134804578
-0.154856717117513	0.13656805576019
0.190538461428601	0.167309797632347
0.7112937639354	0.987200953184253
0.135025474672941	0.128055707556384
-0.163313644177948	0.15653108613081
-0.19652164894008	0.212763666617032
-0.0671911373296169	0.0569136157131694
-0.326516807816105	0.361324153936232
-0.0126064160058834	0.0063186822886591
-0.256848967547028	0.192511965363854
0.186709095465353	0.163660096476968
0.852699773035419	0.780171238130982
0.0619883355011092	0.0401643662881277
-0.202418961718889	0.157841454240983
-0.389334934585281	0.374885126426742
-0.139850360731069	0.0989042690143356
-1.10984158995657	0.764484192379418
0.406751188012828	0.322732786717755
-0.290578627054462	0.212513340826191
-1.29134648084621	1.60515223816743
1.23042999671392	1.03650329042377
-2.00154436413985	1.39570232086102
-1.52497036065527	0.541612586959632
0.155111385030128	0.0290417527313876
-0.80368977255507	0.438581105146134
-1.34273284467862	0.842378006476536
0.417251270551917	0.164411014904255
3.63395648950567	1.42026036401428
0.531174056748171	0.305985288511311
-0.66823649884077	0.399887699161994
0.135013812660324	0.0647808494274447
-0.172669104556229	0.0618131682393964
1.0192751562055	0.379836783778508
-0.807235224462935	0.440644755239146
3.26345542626113	1.10199860979414
-2.57669595250488	0.657559862268914
-1.79840965860499	0.382877827643389
-0.739220696441847	0.252380570526188
-1.18276931336496	0.659298465281137
-2.0898088165941	0.944216737411355
1.25495544914621	0.679951637650209
1.06602492181005	0.645840643906259
-0.164399596828408	0.0589021623891461
0.367596960948198	0.162963354358974
-0.543250105928331	0.204305308908878
-1.00334886962648	0.496090169972327
0.582135429099346	0.300116828868121
1.23966562400517	0.854264915089846
1.55378707815797	0.754352987255714
1.55918347761798	0.757875986288971
0.844880034334118	0.620392799951577
-0.330036131394238	0.199420126719837
0.287248939494229	0.216708176258414
-0.689102374416982	0.550063980616327
0.155067569950451	0.0290355764553768
-0.50949754401803	0.269378877411908
0.187981088306688	0.169163866917952
0.786889510954035	1.12653996323501
0.00118930546848432	0.00068639685320031
-0.283946432578287	0.258350154446171
0.124581611948603	0.104869752405311
-0.249233719805946	0.125700072333765
-1.34072404462395	0.839700896747727
-0.231568549036598	0.151483249372624
-0.96171557144442	1.03447270682166
-0.46946642311837	0.31507347502021
-0.890221188141569	0.827704930640477
-0.792467400453968	0.685041190186936
-0.341066794268828	0.244088695192554
-0.802851422338529	0.622062707392738
-0.0663540083093199	0.0561620746650435
-0.866153267901468	1.00757130751531
0.241773983837579	0.272344996721739
-0.00815595403983183	0.00729289556176406
-0.63300843269815	0.790185477209074
-0.641625955011611	0.928937570287826
-0.196683801155204	0.106409496024457
0.169377275402273	0.110340438686267
0.186904380664595	0.163848419430571
0.557378266334406	0.650496659462521
0.407357878860974	0.514220385935205
0.0905703565175799	0.0861346523718548
-0.301553105922039	0.31654924964635
-0.796546969160984	0.988692968759259
-0.0836828499504471	0.0689376707423848
0.865805704920194	1.11077442344633
0.615086902356624	0.578517593194465
-0.134427321084743	0.119327998075931
0.0753675811475333	0.0669668975279321
-0.124473487320536	0.0873668237121005
0.188756541292651	0.165678716050006
-0.215716577401094	0.202100786517798
0.793389321117083	0.959687802839171
-0.380893312741989	0.491394810969727
-0.0331702437748426	0.0258018590311795
0.667911213910315	0.862836932317515
-0.0415193743935043	0.0357679198984649
-0.213562263379238	0.21577146617898
-0.333946789220281	0.371645351811962
-0.249334026241486	0.211338984525966
-0.150917216716688	0.0860129916850235
0.44417219657037	0.435584203152624
0.543230294419098	0.557267224598332
-0.0715161717189983	0.0532235324723437
-0.21774582173815	0.186185741789551
-0.0218188990749319	0.0144606319682899
-0.788604941632687	0.807342493801106
-0.0597782073621855	0.0452675782599267
0.179902755658184	0.139086545350507
-0.351426859619436	0.313968884981645
-1.1047928005147	1.32243213759182
-0.308605911491083	0.253814046445081
-0.567488254635652	0.520755717113874
-1.1840119631349	0.66014918760717
-0.237437039825944	0.0763599123457812
0.660932155782147	0.207694635746326
1.25855804670196	0.682196105488769
-0.414108355891229	0.236671190326578
-0.246860644106721	0.0793939442586013
0.133812865273174	0.0642457396038745
0.146424019044647	0.077456771116052
1.04357682527213	0.495406585736145
0.128673280033835	0.0484868522338571
1.38647154293626	1.07053030408913
1.06436231489504	0.644280530255301
0.12972701511052	0.0488696838341898
-1.52217172198706	0.540157381117801
-1.04021595924619	0.409215240728406
-3.45900121533902	1.22669642729201
-3.46276423195498	1.22902448571158
-1.83099487872884	0.740025429797688
0.368184751339412	0.16325963732305
-1.858511697574	1.16600051062929
-0.666697363185176	0.398744330629821
0.129624568662341	0.0554001720755483
1.76681514052061	0.969584464563987
0.799097783580045	0.328494942133771
-1.1605278995077	1.01637776374791
1.31473628244331	0.564270657565622
-0.340304104150425	0.206473912300536
-0.23808408660897	0.0766242401144763
-1.50703283047852	0.757667053611888
-1.17989915181666	0.657415304407387
0.312172299322229	0.202557176782453
0.374897136497418	0.331948339231482
-0.257636377551069	0.193123410420446
-0.884853053905634	0.820501961774249
-2.57660997484294	0.657538252319339
0.176700156939757	0.126486155910367
0.412324195014582	0.435091107565029
0.76291479803488	1.10834336660882
-0.0955161028240064	0.0793016540008933
0.0167918662089291	0.0142591976429613
-0.27604144393207	0.274220295563822
-0.664103426510756	0.396526119389941
-0.793305877820496	0.344462091426673
-1.23729641251141	0.942136034262232
-1.25965116862927	1.18546924860322
0.769395545302857	0.45600989930883
-0.971456427315738	0.600665665535259
-0.50746585234709	0.385026603540182
-0.154907164055349	0.0883573475842674
-0.114511764899157	0.0679510673133983
-0.418699120063541	0.174624493913997
0.150139558066054	0.0439481510359518
-0.344103981618246	0.2090746152279
-0.712787017907447	0.686990787532199
-0.953193543056393	1.02047190461728
-0.0940275485623126	0.0779902082394357
-0.788922210880435	0.606883668478889
0.0230985045421763	0.0124966730602987
-0.479511380185313	0.409926355656968
-0.343788121611321	0.246279116096035
-0.360297040959666	0.376280801761153
0.0125183816643387	0.0086904315585379
0.67161993757003	0.869994967796128
-0.262652944388955	0.197448146853237
-0.292127930255738	0.267314694434193
0.176287957626463	0.120851057470761
-0.608641596865988	0.500116497801852
0.714326009255541	0.992799845461919
-0.317028671544989	0.261985059207647
-0.709193566809013	0.62904943161631
0.348937994520241	0.326021165713178
0.561126814517802	0.559495990781359
-0.935162984755593	1.07159370596947
-0.489894939056538	0.559084426069139
0.348847786073581	0.423778494623891
-0.523290858252072	0.659498410174867
0.823140019110358	1.07217979182556
0.309978454586514	0.331201148752031
-1.13289806874201	1.72607535614956
-0.676455390131823	0.801546928081221
-0.890856629613997	0.828603006394685
-0.118988903429334	0.0859440217613457
0.895953719663865	0.919608507357634
-0.578960771739156	0.570308420602229
-0.70501902134618	0.676684635377217
0.455010441442565	0.433298361142403
0.179434965411478	0.143386338576719
-0.552088560056445	0.352461400898344
0.537287065766741	0.310486818755938
0.297391418812976	0.215115128772035
0.164714692072477	0.107055112560388
0.0154291254454529	0.00845908809091433
0.128744720496134	0.0484930569078401
0.128075192969757	0.0482635683600574
3.63331351050508	1.42008896661082
1.25650524049789	0.680551565208647
-0.252116096888433	0.127253608541394
-1.29882542782854	0.579669605589987
-0.802096817146694	0.534216008778634
-0.789530930804051	0.342214789279307
0.950426851449918	0.249037516760643
-0.354229439997714	0.101697261087168
-0.628733247343677	0.151688343674084
-0.172107354750232	0.0616237994837963
0.15144823932183	0.0285426379557898
-1.52304226528151	0.540703452519057
-1.14260761039773	0.345006924269412
1.31600243356677	0.564924856678145
-1.52556530925699	0.541887546993991
-0.629763239673253	0.152058330338803
-0.626075023442282	0.151167646950723
-1.29503373562381	0.577267948395295
0.885778040797073	0.46996041052729
0.13622607304895	0.0401388785529382
-2.30383287964351	1.15080880271623
0.661811042100157	0.2078534144171
0.131463990676715	0.0437015090033304
1.02212623462815	0.380948102315312
-0.412860436217696	0.171921381427765
0.121508094503253	0.0458712394859171
-1.04313192494267	0.410517747694466
-0.737154567775087	0.251538686589487
-4.4153532244623	2.21491997843277
-0.0388827390501126	0.0185950332742684
-0.255459239413945	0.12915878708307
0.682652934089476	0.595822824799993
-0.338634631300318	0.241997474817804
0.514299876023424	0.1813536988113
-0.147257101199729	0.0838348231378704
-0.0758992879765093	0.0566204646026088
0.26650536018346	0.230841150182962
-0.0353435677376559	0.0229049979328695
-0.586036994165728	0.43103283928388
-1.36026537033692	1.77362288813635
-2.13462330211995	1.64399222837445
-1.10926997384608	0.764859280646576
1.02961144825696	0.976876048875901
0.312021770192616	0.202368974440756
-1.15832351260074	1.01312071479245
-0.160821057910368	0.110951904805448
0.3157765461448	0.191220059340036
-1.52926336424741	0.543358625626883
0.144389940892798	0.0424393237157952
-0.0321758146720626	0.0154733196529041
-0.342667540413934	0.276588019313361
-0.197798081589243	0.171308633175394
-0.286277633252653	0.260935203860899
-0.111088464942252	0.100744769127489
-0.172703871466353	0.166699000307684
-1.17294110465212	1.84521437575948
-0.0417015549216596	0.0359241942016622
-0.738331804020277	1.05099688751772
-0.808180385474135	0.539837959250755
-0.25798417527545	0.130273298461281
-0.735201728577998	0.25087231236032
-0.684923369533971	0.545494723977142
-0.586723918051312	0.431522937915978
-0.611523096017299	0.503372158329434
-0.315485228977706	0.28441932329591
-0.547954576989726	0.658401145208634
-0.0240725884001964	0.0211257527588184
0.0325645689200707	0.0244167350312901
0.74065089642406	1.09126459566095
0.0181693205096238	0.0131579657712717
0.115617565538684	0.101478473929472
-0.44421612414892	0.485230761073827
0.672352327084039	0.802513998611713
0.637070021605792	0.854893720449427
0.474323115769514	0.531073188239097
-0.433540314657671	0.377358388789612
0.271018957818008	0.242874438327031
-0.415227757484327	0.485648076760458
-0.397350401677128	0.494848300964535
0.128296169201013	0.116178982834602
-0.472636066495875	0.511201753427473
0.200737447852798	0.182152372796743
-0.981029949114516	1.5641073740613
-0.751152923150803	1.07834585741259
-0.273469434635879	0.172357118400652
-0.798476041011688	0.692210223554217
-1.04676289870004	0.844943476135607
-0.244379318955809	0.206456475665713
2.34014253999009	2.78217255381839
-0.253833729241914	0.253741094395498
-0.848144559630826	1.15651263330098
-0.667018906393585	0.703060611678369
0.0118399254380509	0.00978689441984834
-2.20185354399938	2.60187515908662
0.148588943252733	0.0786690153325642
1.39017843954167	1.8886646594437
0.0763773935544379	0.0518808456999212
0.128075192969757	0.0482635683600574
0.934599282121925	0.629844874513437
1.95731570776637	0.441000340195791
2.75807933893485	0.764710363024488
-1.00015786784563	0.494168908292225
0.648420215075225	0.461806485412567
-0.236295434458238	0.0760318807121589
0.672294824600451	0.309208232981787
-1.16039542909972	1.0162516378421
-0.55830524400871	0.357360135928174
0.137093311765507	0.0585752617821548
0.134681865435142	0.050715060677354
0.373332743748923	0.165545431969293
-0.241194698180716	0.0775963201393135
0.139774852128096	0.0411362731979931
0.368151935156228	0.163149596492036
0.152050960400409	0.028630259939513
-3.45900121533902	1.22669642729201
-0.355104953248248	0.101967480674674
-0.233964530152622	0.0753172914260115
-1.19265269914259	0.667637689252608
0.327972095426174	0.181823295057912
0.856525941444482	0.632692937379197
-4.22581657690928	1.96408199501772
0.67374098604665	0.310203332995967
-0.0852508242566134	0.0523218609641638
0.128353498749062	0.0427000802237377
0.591303356385791	0.305825227482059
3.63865172808213	1.42228041522975
1.02651128578825	0.383050193875148
0.537287155992712	0.310753651700629
0.0148943214010755	0.00811021251334799
0.567941129226713	0.453220083910404
-0.198223823708549	0.171832481739328
-0.474457853135056	0.404407001293619
0.950287720870208	0.248999740475732
0.494767254452097	0.313128608528897
-0.559156265002635	0.704196288774168
-0.0308445706877875	0.0239801849152249
-1.7318340047281	1.46420534915861
-0.148495146126533	0.0845663296896004
0.302717844324829	0.208164462224974
0.363919615260778	0.331936880658659
0.704002891998998	0.711675339781439
0.275015786562401	0.231719060911026
0.559064481900734	0.557048026236894
0.585195102475556	0.30181034100534
0.127811645941547	0.0481547579411935
-0.664396908898562	0.39673883721135
0.883261506201147	0.468247227057581
0.290689792899437	0.219734768250644
-0.0339443804584064	0.0259699350678378
-0.635599331417004	0.760146962307228
-0.278435261967499	0.329670569974877
0.492042867549459	0.753575302086285
-0.414260680264378	0.614585116956748
-0.222259223577225	0.256754621527514
-0.659261138514605	0.908009908939097
-0.704107011567737	0.970528217697295
-0.257453885164375	0.130072087021963
0.0151345048861969	0.0082805898245135
-1.15067640706523	1.29194178211426
-0.0434597109861634	0.0207214601793741
0.161043695584893	0.0402684742968713
-1.52984634403446	0.54376252749597
-3.08203048704882	0.947509650360219
-0.529401137706855	0.527457503075788
-0.44477342285194	0.485901124658255
0.858309437116758	1.44928353733772
-0.381881277754918	0.445750595761384
-0.256695447745311	0.257112735070507
-0.271931063724338	0.291193549626626
-0.0843702103667275	0.0709448232004564
0.301014074862304	0.347574294111197
0.191532068629191	0.168448959682096
-0.328712807595663	0.410084572614462
-0.746939439115929	1.15258539360656
0.459114669859203	0.597670167991954
-0.0699354025939631	0.0532000313152037
-0.0057171543414629	0.00457505498283252
0.0580065599127505	0.047726805349882
-0.043598400712253	0.03344494684496
0.0460173844731255	0.0436066592405482
0.356922657867584	0.507055112299462
-0.347447067094869	0.411906537268519
-0.0359441759244275	0.0313012166735047
-0.325606788605036	0.150305368250002
-0.19171506581647	0.148620294138424
-0.45362764056471	0.551615073547653
0.881062983855995	1.02307826435722
0.587981970363552	0.655069597699914
0.793961417043232	0.961335296118132
0.243822354886424	0.275224316314719
0.264582416561721	0.268919301931519
0.838643553972868	0.885616419540703
0.443707135875112	0.320577036448672
0.599317829752276	0.672721249787428
-0.388672562270784	0.308348312414111
0.182764294241685	0.136508325197018
3.16469123064831	2.54601174470641
-1.82908274045033	0.738883204958362
-0.167754072609883	0.0600616127897958
0.146777419788588	0.0777535036482079
-0.191961450937859	0.103772199062746
0.376610644407851	0.167113227197513
0.574231909994308	0.459339745635118
0.0158074852045445	0.0086389071008363
-0.932748625995151	0.68695523919576
0.425065527869463	0.167656114427908
-0.234659925712008	0.0755339906287207
0.144606961217844	0.0694609435816281
-0.735122504035354	0.250746836229491
0.159992352718576	0.0400538861334557
-2.30065661297022	1.14788322958659
-0.631994988626399	0.152498044571477
0.154509067766894	0.0289541162362231
-0.789306862497791	0.342262742988917
-1.00433126300217	0.496955247543201
-0.152580861137732	0.0870051586666144
0.328416630288272	0.182384136836631
0.673631406692519	0.310287728541001
-0.393079270818649	0.272535724332665
-1.3506142000713	1.35902753055765
0.179049743138719	0.117118912285469
-0.807547420066161	0.440867270911814
-0.41718382463272	0.173947031130183
-0.235619570438745	0.0758277903941252
1.60132034138266	1.10576141689424
0.171036790970471	0.116948713130591
-0.243485581429582	0.205595644757314
-0.353924995831856	0.34329402903168
0.545348188735267	0.456158867160713
-1.83564160885514	0.742645090374466
-0.446460895758548	0.347730566523232
-0.555480857708982	0.67121552502207
-0.110255345782017	0.1193724478804
0.17216567675465	0.106213831409457
-0.508853261591119	0.269259139793526
1.65175383821062	1.55661465371936
-0.332609080441172	0.201257299952924
0.363280645113245	0.331231626614107
-1.47396540113193	2.08313082350433
-0.193217828109383	0.130067401713941
-0.0405695133872019	0.0193770894494994
1.81235300959058	0.702242876396542
-0.33837380738976	0.20526531652795
-0.670141508838271	0.401424211281051
0.03252167832916	0.0189765618817026
0.119597983898635	0.102863408652556
-0.65508445927659	0.686641002538403
-0.118876226993142	0.126319506426911
-0.34122133131244	0.449186433254717
-0.624939579788674	0.975830445333294
-0.115677723577233	0.0929320175054846
-0.412274174872478	0.535127399191749
-0.192073012133518	0.184486219420049
-1.03130953337244	1.4539009171229
-0.712388584091445	0.686634507578991
-0.88937884907111	0.82634596635228
0.803055311396109	0.330423388744012
-0.565596993889314	0.518588912284167
0.60766544492843	0.569184093729846
-0.39213771908526	0.271869982601419
-1.15656973965532	1.01184102467354
-0.326852412185488	0.150920926769383
-0.354519585455166	0.101776151388844
-0.00362958527222791	0.00249079159640721
0.320969867644777	0.32957727667091
-0.289214454764472	0.264154099132326
0.148368196018208	0.163189813683097
-0.854946912306072	1.11231705142434
-0.6352350434906	0.75984394142585
0.646986894819877	0.692738324541493
-0.583820471628924	0.876986010063867
0.636062398190995	0.768960322414062
0.717009677546186	0.99853288987909
-0.0533971168493695	0.0402949505838332
-0.148324065904224	0.132999654192077
0.0430003557065764	0.0342669463833447
-0.0201022025776811	0.0158182812538175
0.183009886041051	0.172089696906253
0.710723277457449	0.985808551813178
-0.15811404904613	0.150879988059927
-0.43278659165816	0.376356039334735
-1.03243937397242	1.17193980902605
0.371329747634894	0.328258050196599
0.398527766677888	0.416727135105829
-0.528462625354374	0.44099306124767
1.35430726783117	2.10815973294977
-0.565232759764051	0.714779756486498
-0.00980014877877121	0.00494912537108031
-0.118928186669395	0.0859151358520398
-0.0502067762762606	0.0378531118953911
-0.313949855220417	0.258980546371921
0.566719200343429	0.451501114857774
1.22563449682235	1.02984021735773
1.30681452247628	0.559789113194435
1.02592340208434	0.382810966482796
-0.321927870259619	0.148367885197031
-0.034758806618398	0.0166765622567103
-0.804312230660392	0.438941029829819
1.13078940819698	1.15895367567209
0.585509213576081	0.302002922696166
-0.625420064790819	0.299364667533995
-1.18705899094899	0.662625155371146
-0.807235224462935	0.440644755239146
0.155111385030128	0.0290417527313876
0.155111385030128	0.0290417527313876
-3.76442875693116	1.48378883589571
-3.08189869996978	0.9470994296719
-2.57968420714322	0.659073447553718
0.370675903814024	0.164447109358775
-0.409083068223129	0.170290860377214
-0.230712570441327	0.0742666476260239
0.127811645941547	0.0481547579411935
0.135930401959736	0.045112999214881
0.58275306088536	0.300543406969333
-0.806853225210099	0.537773647420436
0.426057714386364	0.168088710052056
0.425842843580689	0.168023318876402
0.156762685518508	0.0832662368475055
0.168371617182698	0.0971139379868585
-1.55746750980629	1.50897480716475
-0.0909247915043538	0.0666386432163379
-0.975536284003918	0.967594624265358
0.154465593370314	0.0289479903375428
-0.579968193535676	0.425166312847047
0.404782912623768	0.425123089873697
-0.131636397368222	0.118932733400418
-0.229893116397894	0.230489954177417
-0.0401259301966248	0.030752979297879
-0.410459391635238	0.419870391652529
-0.328930584492027	0.344322812788235
-0.938314035413992	0.693304002882813
-0.075222420218394	0.0331302217377698
0.166788720590762	0.102668269543845
0.172429763437319	0.106394341941821
-0.442504763025781	0.344058144833404
0.845485070753738	0.77151826017352
-1.11274412049727	0.768169184265176
0.248018751081154	0.243339374551413
-0.258343475412952	0.193800477533321
0.151727147920197	0.0805445528269317
0.508203874548005	0.17901732062073
-0.90437430033112	0.757521698011903
-0.0803989917489781	0.0353723876391366
0.161266269770459	0.092800881060907
-0.566679573957223	0.717706159349045
-0.141927891399683	0.126691738872344
-0.17690526652225	0.194406678122458
-0.100242419182507	0.0917281534664705
-0.158144976975835	0.184956471436585
-0.269620252010871	0.288004622327086
-0.174394741136649	0.165250840632322
-0.229562754464107	0.230000222788918
-0.121069932049047	0.110606740366969
-0.174236623896059	0.180065746978651
0.142332807060451	0.146096748679326
-0.733544252058067	0.911431943927971
-0.587743531279438	0.582017026496668
-1.74884339891444	1.93211704732785
0.60801564991251	0.461121816077567
0.176635797200828	0.126503875183969
-0.795089473479117	0.754687124665881
0.602663487983983	0.456076833904793
-0.810100985119007	0.443454935777436
-1.04221071709325	0.410198911511082
-0.0838242482369735	0.051430938632871
-0.157049639660422	0.138684899564755
-0.00144954385132233	0.00113743991941169
0.114650509190378	0.095869817553602
0.0934163033524669	0.0687381076616029
0.134086749467548	0.129558118498205
0.0880381904226095	0.0646318877100402
0.252664615830211	0.230271448822388
0.0608216678517271	0.0513156155555533
-0.0307816432486388	0.0199678140142059
-0.851007213188726	1.04388657440185
-0.600058726610701	0.755275575735152
-0.336784063528228	0.395673015566708
-0.112026566142971	0.110310500511013
0.588534300334252	0.571072130039568
0.597769371511218	0.670215389103252
-0.782335405907683	1.20208004236103
-1.48831824908302	1.04039371612177
-0.696323754172229	0.557731912165958
-0.352048292006192	0.314609938868697
1.0008391316519	1.42805760814832
0.491469254267419	0.440444660296054
-0.106769088252638	0.0982195290118128
-0.975983391243503	0.968164069255509
-0.241276083113014	0.203437115670497
-0.072578385084725	0.0616754932260929
0.594471788344132	0.447815968733597
0.189101937685063	0.13035457199381
-0.416324050275396	0.427698103675194
0.00434960192116726	0.00308171711201544
-0.0758249480136603	0.0334035717381484
0.771138698658618	0.457826149912316
0.944504519928106	0.247598335656165
-0.738414128880846	0.252090639638632
0.706278768746201	0.46428671011844
-1.4611387826775	1.32112643106364
-0.326706420774188	0.150676078031383
0.171742012739197	0.105872370981473
0.0160846649961219	0.00877051662248521
-1.69628324831707	0.956314425825286
-0.78973067173135	0.342677677503607
-0.80799581041733	0.44174380148633
-0.933405237199328	0.68866982630665
-1.04744397176015	0.412600703300656
-0.792961532394216	0.344288490733264
-0.332089683048843	0.200763364829971
0.153559007655951	0.0814813593433888
-0.807495209820122	0.539327888744367
1.76101611268726	0.964908126415187
0.1330827989725	0.0442077225266119
0.569475551755971	0.454646392246807
-0.553727420987582	0.353420597118297
0.192762871307406	0.150154645015085
-0.308274232104985	0.253524740142209
0.379826439511976	0.32458260654933
-0.628164901903538	0.15157555358925
-0.910134670625936	1.17051652446725
-0.52009472740488	0.694204697464172
-0.201071929495835	0.174601374360553
-0.281186837810229	0.280400800844794
-1.79840965860499	0.382877827643389
-1.80123754984197	0.383647112861273
-0.975414176079132	0.966954807036358
0.032718036807729	0.0191104451988693
0.128257995526357	0.0483688606653588
-1.15491933369066	1.00944911427117
0.608571951358925	0.461500952178359
0.310265201241822	0.20131670182858
-0.163628871908731	0.112980327760097
-0.605114721658154	0.64186515198067
-1.27789280538321	1.40506781624791
-0.875249992587246	0.883602161645512
-0.462730164694137	0.309784494518637
-1.04595278088894	0.411874241216211
1.55713813466701	0.756332773751855
0.129297606667776	0.0551498554583142
0.590087795804396	0.305237954729025
0.0902822810736002	0.0663179582934638
-1.05466482898304	1.60866925822883
0.0238247458971642	0.02072129087237
-0.281506441079848	0.319385305939973
-0.511923572500609	0.617368924400508
-0.639983694006578	0.767647556779487
-0.287922030906844	0.305821406553123
-0.0299808582674649	0.0233024467815101
-0.545951218546361	0.579448737721348
0.543768852023823	0.558004618317354
0.475094177052076	0.440295658355297
-0.660102246378684	0.909693727631932
-0.338353288765266	0.356245780754736
0.0765717296577468	0.0681010234670071
0.198965820011883	0.184902561703971
-0.341925650932458	0.275880120329321
-0.185541614408517	0.190202011977997
-0.213888211787674	0.200068365672639
0.0939010819099949	0.071332129574876
0.078946622107416	0.0536771823751945
-0.122585194894137	0.0728502628914089
-0.194183021587228	0.130831506770952
0.0980642409457489	0.0746956530946589
0.692690424390515	0.452863883634064
-0.114798840995251	0.0456854313144561
-1.60755403184104	1.93025009471481
-0.685175380655454	0.485275878698439
0.147259813410519	0.0432007445014279
-0.305876427584264	0.251122371287281
-0.0199152088791232	0.0132103183436072
0.188604170746743	0.178013827485873
0.0393513290065309	0.0304795940969368
-0.127484171982673	0.103300626868089
-0.271096416505273	0.225722121692932
-0.107714773516054	0.0882268877229778
-0.39544451105457	0.41202789776997
-1.19461122310226	1.65713513953898
0.0198119395171478	0.0143424946478556
-0.91417788376024	1.62552197850272
-0.184454738367715	0.176174817147161
-0.33140906307526	0.347534843372939
0.00454411114887946	0.0036289539851947
-0.558302921585414	0.356960754329704
-0.0768471219560815	0.0470752935424238
-2.57440196259253	4.74209281695574
-0.00568528347598634	0.00385013464763351
-0.0730353953657079	0.0544094201068252
0.114755069410031	0.0935120684463287
0.420179916911301	0.432935724526641
-0.0170615880737735	0.0134071699408163
-0.217303376577711	0.185685212972173
0.371086013807749	0.328037672973379
0.0760305558306465	0.0516332885321582
-0.628788017370651	0.748926703100387
-0.600862298992026	0.635419272248367
-0.284319759824058	0.18005751627015
-0.338709771269221	0.242129358884657
-0.355401168227563	0.102014834884787
0.147848686423209	0.0433479015633612
-0.580766147032989	0.425922024247833
1.06696790837645	0.646345942691232
0.129611115232073	0.0552814638410688
-0.336241727617841	0.203850730550459
-0.33702023978	0.204191853414514
-0.26015811689919	0.131583039783151
-2.65811229930745	1.62358870675228
-1.48952485847631	1.04159108962475
-0.516086445385983	0.273570875413267
-0.0428862763913153	0.0204556223512247
-1.52527766014307	0.541726073904961
-0.736819853337875	0.251337978101795
-3.08203048704882	0.947509650360219
-3.08189869996978	0.9470994296719
-1.1414839653338	0.344622990730584
-2.30030983594691	1.14754924641394
-1.69171349342198	0.951282234506492
-0.668600392585251	0.40007019229778
-0.968766935557051	0.597836174094374
-0.807373932590619	0.441430069717292
-1.19115956855014	1.23257578662702
0.323111427912927	0.178870060024189
1.11322556783667	1.00000759761313
0.516764201582912	0.182313298692041
0.58932228469162	0.304528474636969
-0.0343695793742259	0.0164935358365607
-0.0598973366478503	0.0378147120607374
-0.284258473368185	0.238545631709811
-0.599246554020825	0.633265261342264
-1.35344410249891	1.56985327450802
-0.353973582321358	0.343380783156688
0.194327719631319	0.175678358949553
-0.0590706328657687	0.0506273291398347
0.0625858540637775	0.0528555634766607
-0.62211548558607	0.703029976662219
-1.14499995487719	0.345855392571373
-0.237437039825944	0.0763599123457812
-0.352036490485324	0.101122204058746
-1.02943853087783	1.16605160474623
-1.43723725431576	1.53959951331223
0.883261506201147	0.468247227057581
1.4733635099457	1.48149400937025
0.17455849896368	0.113974218348409
-0.541585585312692	0.543820142223777
0.0524459595398467	0.0323479990029671
-0.655025641796124	0.686188189180716
-0.049826956451467	0.0424565244293771
-0.682868948911197	0.811700261512491
0.781620595811815	0.616968235392167
-0.965859066352109	0.595393506713866
0.324453384423115	0.179890698161676
-0.116798931417201	0.0464504059922324
-0.340792206466645	0.243887871130125
0.189008916142263	0.204651064419865
-0.428571342703989	0.49419901945829
-0.00547395079405787	0.00491590079197587
-0.437925116641872	0.508457169606973
-0.510935573542713	0.714302183335633
-0.0608936850003489	0.0522392059107827
-0.745705568154871	0.979370594803927
-0.513856514267044	0.478362096712543
-0.353660141458327	0.342910532144334
0.122263694404773	0.107813287949017
-0.488277239781806	0.594018990320132
-0.504393932976842	0.643496315378721
0.696101325010393	1.04925070956985
-0.095757174598393	0.0873561746606039
0.721457242852629	1.07800024547678
-0.160164635886057	0.110484115732547
-0.0889108741072044	0.0820532913199574
0.976577535193437	1.29762006917553
-0.601800626897757	0.758815159452665
-0.200889557360166	0.135704659795456
-0.931154622169858	0.685771087075865
0.0837178939004481	0.0613183025492103
-0.13738283650164	0.111988027107952
-0.602062835776255	0.492790328290675
-0.47026333035273	0.315727513112266
-0.339140485618943	0.205833548774522
-0.746582263640402	1.06868951511325
-0.940564905952629	1.44987100732551
0.292010646133889	0.347525764464406
-0.597048064124384	0.750366256995825
-0.122981332535573	0.0993422798457123
0.117738570293733	0.0986629413892442
0.0542963041060008	0.0445897933341539
-0.499913793316668	0.573907872693774
-1.07135302306684	1.35874008879084
0.294999556198184	0.213247110476926
-0.397166627449789	0.276005419037293
-0.0739150275955283	0.055087016175107
0.398585870118043	0.428562535701025
0.110542269948904	0.0873757745577414
-0.0967901263918992	0.080429842712802
-0.270211546981891	0.224870365017506
-0.227190403031264	0.209480362842056
-0.392472814694733	0.378652864804393
-1.51542679769232	1.71351917201202
-0.262429852467263	0.241962268913032
-0.125833145329075	0.101840913706723
-0.134691218443516	0.0950452755612313
-0.586160084499749	0.431174873485464
-0.395670096596048	0.274809745180008
1.08682216762247	0.8202050468408
-0.999500154963618	0.493213675971716
-0.789261339335779	0.342378158242963
0.567138226673572	0.452378111046125
0.131900506227203	0.0562878352351733
0.647086119271865	0.46116808361985
-0.189640435836107	0.127478832186961
1.43854011903875	0.881623246091676
-1.04453512123014	0.411299191300165
0.803269824230379	0.33049399469318
-0.810201195583095	0.540736153499019
-0.538963433786103	0.202464572078945
-1.79839614394125	0.382877807711208
-1.83105982818556	0.740099638711398
0.156070095129669	0.0391676647119387
1.95786695174359	0.441149378722158
0.162357836679133	0.0405597098553547
-0.742101285286405	0.253499136601578
-0.628599509856641	0.151612619227975
0.154509067766894	0.0289541162362231
0.425065527869463	0.167656114427908
0.145313170347528	0.042674261922763
-0.355401168227563	0.102014834884787
-2.57669595250488	0.657559862268914
-0.413914940317443	0.172398209586204
-0.968420341361842	0.955570307328299
-1.00488919428814	0.496747626192119
-0.0784103167914692	0.0480501198277997
-0.413537069034336	0.236330620556263
0.702650878909646	0.461064986353016
1.25705280000597	0.681438470667038
-0.542550190002901	0.204022574863377
-0.466472641079899	0.31228592498667
-0.037696759053272	0.0293723046009466
-0.124317442146888	0.10050854663085
-0.352397469797138	0.365888586471346
-1.03065487962471	1.45232652453915
-0.875008901213976	0.805915637838544
1.11465786195826	1.0025665886969
-0.332186318365693	0.153547014020797
-0.691108857600425	0.551874932519684
0.324344584097968	0.179732642147985
-0.349067771981351	0.282753216458137
-0.00125293994125283	0.000785507427167618
0.351690017603783	0.329170158120549
-0.132170101732766	0.0931284395285824
-0.551074665153533	0.587102907898867
0.0552069119337497	0.0340404461988721
1.76021767807687	0.964723136667237
0.786419838865782	0.621801819986515
-0.624787013389174	0.299458156224005
0.139909527246305	0.0672278724274515
-0.38099808809517	0.419513760386627
0.719928663508509	0.899596729763898
-0.202284254037963	0.175669908591905
0.409196635106826	0.430969369737564
-0.156442283005997	0.125774163262835
0.178727896089139	0.151538540768444
-0.191437105878885	0.148379198162526
-0.392357389788534	0.378428318226307
0.587545404621608	0.65490512509464
0.354492497986441	0.321392289695675
-0.511628936547913	0.475773487804025
0.0844850160643071	0.0619063547642525
-0.187627295358814	0.145013834637908
-0.0875719529084488	0.0640610131792719
-0.257703214497017	0.193241703050662
0.015008684693123	0.0108962519840737
-0.176425618730132	0.167506784838204
-0.486241998968896	0.489614985214372
-0.238247044307862	0.22155335267179
-0.720725386361878	0.697484419471159
-0.107550408324284	0.0636978145818349
-1.25748913316567	1.18359854113806
-1.46343604938663	1.32508329190971
0.0146263751087242	0.00796817461003303
-0.716037595150886	0.742050045497403
-0.259257540805368	0.238524178674322
-0.293576343018015	0.215133475128558
-0.164779483084964	0.146339579129697
0.0743815857124217	0.0504753571422235
-0.397541285980082	0.316861952876368
0.0196449218606188	0.0142199713461575
-0.540179594016644	0.541938524010778
0.105648273412496	0.0878382227708536
0.0952560735672805	0.0724381788791699
0.109833664862047	0.0915887993646047
-0.0466628447904435	0.0302522109971693
-0.542900106811953	0.204176406519794
-0.00286216756808676	0.00155041039095843
-0.229196501427833	0.197388882766395
-0.195147154471676	0.151610915621922
0.875201803661902	1.01329504683268
-0.924491227080117	1.12752999422111
0.745618729758697	0.732192310939648
-0.32098802306549	0.290531398449813
-0.848878050513807	1.04025655718524
-0.29042016568285	0.265473824394149
-0.0223422450274385	0.0148021705324345
0.791592531057559	0.858370325568517
0.858254023592649	1.20078540651504
0.59190513667845	0.306182456442161
1.09296999276438	0.8287719966749
1.02212623462815	0.380948102315312
0.658448437247608	0.206865271021461
0.31564438388455	0.191128660582436
-0.118870679253281	0.0473038498999803
-1.73251589295448	1.46563585674108
-0.607332890386926	0.498622929471949
-1.09999627295991	1.06565676749873
-0.585079922700202	0.429998785663213
0.378374383028926	0.168008405940863
-0.800096874422047	0.618883194847088
-0.928196102388423	0.682906436894222
-0.512484910576258	0.271316828587775
-1.51205147000913	0.761649961850138
-2.5766529574574	0.657773148602288
0.948337549654709	0.248516516252871
-1.04278630064219	0.410314973185565
-0.628599509856641	0.151612619227975
-0.240846100521927	0.0774684702165293
-0.63185471444008	0.152466960619287
2.75641316563256	0.763778311858285
0.808443090829137	0.332994891311029
0.154509067766894	0.0289541162362231
-0.326393633173898	0.150521800029804
-1.50140958251063	1.92781693813948
0.88894248688811	0.908882305099242
1.06663729136173	0.646521173059028
-1.85563924109955	1.16406443245283
0.588719097872329	0.304194471760505
-0.966759908380468	0.596526867242596
0.581894072233183	0.562959621530733
-0.536320602991107	0.44972013596567
-0.233964530152622	0.0753172914260115
-0.149564653963599	0.0852347045408415
0.282433962445175	0.230460888300375
-0.34906614016366	0.282818030876336
-0.714477912400234	0.689392496340206
-0.565957858634595	0.519005705000743
0.0388310141461615	0.022588524893185
-0.0711067078765877	0.0529156415980564
-0.735068595366401	0.819434900516769
-1.21689643337555	1.84728688592084
-0.260991487644238	0.276969171774014
0.25115937310325	0.27478316208936
1.04567359451253	1.55232013489846
-0.0645265728455102	0.0407842946165675
-0.786716883461021	0.804158640494301
1.33666155091604	1.41245460113679
0.554564594575766	0.712711027688654
0.121453569751263	0.139930049387556
-0.412230619464209	0.422159880899534
0.0145087830397189	0.0120020088537992
-0.320449462599323	0.33311987303861
-0.167744939914155	0.161287060675898
-0.924300118027988	1.47418645431366
-0.505475234966198	0.583224659806308
-0.653611405205368	0.862327879125342
-1.07828158684121	1.5778197050881
0.605932399989697	0.838293241993015
-0.00619654585555494	0.00492469600411046
-0.485929438647403	0.59041998068242
-0.301917617559446	0.269580864212138
0.189799042935316	0.171071510030233
-0.466951981209272	0.539436889945608
-0.312169629644514	0.3666697686811
0.0833094636849154	0.0787925225457038
-0.082213529843882	0.0690098925008476
0.525078247972321	0.710426812574711
0.651066262948773	0.857063184184169
-0.48771081547038	0.628891464695932
-0.0913263120098055	0.0669428308991446
-0.714344870437974	0.739236607933065
-0.97000758419433	0.598729933527737
0.128591433736742	0.0484895075702699
-0.360551241224114	0.323806950623671
-0.253214829018341	0.21516570269477
-0.29501228132153	0.289985869581257
0.423807797604684	0.43747771529299
-0.201503894557644	0.205558906219548
0.296592828630097	0.327659934182002
1.2264156793267	1.85828560179773
0.302501450112553	0.33586120501833
-0.285268485526171	0.259842909835739
-0.11065462071785	0.100324952674746
-0.141701821430529	0.126460848322255
0.0484342690110938	0.0386842212731454
0.00786459296002926	0.00547950951952542
-0.0600037617323782	0.0379013696978547
-0.0874958089962578	0.0640093592321298
-0.48820767311714	0.492210712414336
-0.22224012353744	0.169452207307457
0.184399540027644	0.156988382491084
0.112286749066713	0.0937463785614058
-0.0523645974194965	0.0497911245352789
0.059754879605346	0.050383119512824
-0.294257593506942	0.289072273788667
-0.323935031362148	0.337661395087901
-0.109063635108422	0.107130400426166
-0.328383502507096	0.343372468771085
-0.215143723010765	0.163392428359362
-0.873917632026347	1.44911926330309
0.0586831176823408	0.0483127311746808
0.780038318319247	1.11145178729336
0.137304897407311	0.0658230339141644
0.599963846576858	0.453127860852857
-1.1414839653338	0.344622990730584
-0.325918106206965	0.150477940797154
-0.712679666713273	0.686850658388053
-0.86166558900034	0.999980567845718
0.0761325149395682	0.051700853078285
0.0676804089876983	0.0439116287825918
-0.414884619406456	0.425746427158278
-0.230175659060786	0.150570453310808
0.374667869915192	0.166123158223375
1.06130174943256	0.641919888215193
0.143304304684412	0.0688156989905625
-0.00728053930560819	0.0037451172965442
-4.41500720658369	2.21422981742872
-0.539884754000364	0.202777184376746
0.154509067766894	0.0289541162362231
-1.79839614394125	0.382877807711208
-0.119252371347729	0.0474370837541008
0.511315925469962	0.180318053690652
-0.168760743646406	0.0604728682433177
1.95731570776637	0.441000340195791
0.801922158295548	0.329828855715043
-0.62621301873586	0.15115097520137
0.155111385030128	0.0290417527313876
-0.410995787493564	0.171132757340513
-1.29468583724064	0.577050898837199
-3.08203048704882	0.947509650360219
-0.966776141874087	0.595634558804664
-0.222917962266996	0.17012967802009
-0.078544436189363	0.0481316166473657
-0.688676761772897	0.488573407460632
0.566043120241057	0.450494103797438
0.532485999864392	0.307585546525421
0.125378935867958	0.110790206156399
0.271122777271393	0.219627202666306
-1.02055173058411	1.91240980827842
-0.115086511582535	0.082943065229924
-0.592066321938938	0.587939285158578
-0.139672623479132	0.0988022974769903
0.187981370758926	0.155834774364782
0.0728120336570607	0.0645918465811591
-0.162395924552701	0.112107839076079
0.079712417048013	0.0542126705877198
-0.383470969679944	0.367881344607642
0.237315101370905	0.289303090014514
0.292463705530612	0.221213867392853
0.0502725889843558	0.0310053103399383
-0.26753219640436	0.24743049230658
-0.0368653111212259	0.0321117036034674
-0.00340537422615449	0.00365288917803772
-0.10358065234244	0.1257724496461
0.487646589499748	0.952164564395594
-0.472265822790449	0.822976041549736
0.29391242001687	0.337376049840367
-0.00159621168242467	0.00114547165699972
-0.00910549994875644	0.00612853388212707
0.527347046937738	0.303580292355027
0.280041507748682	0.228227811511288
-0.66467498420205	0.397526639107899
-1.04525608398197	0.843155373432843
-0.418885725960447	0.239645587782052
-0.128450391068348	0.0903637462648346
-1.2608555984778	1.18737633389203
-1.81733243885716	2.50660193274927
-1.04221071709325	0.410198911511082
-0.705814373682517	0.625613229529071
-0.0571836168926628	0.0361003660034311
-0.794494804298082	0.612920745797735
0.413604356059399	0.58284596499555
-0.333892140782038	0.238068498996148
0.686781385014794	0.600658905054341
-0.131188189788982	0.106527937220631
0.494044470295924	0.615372543899613
-0.712075664344004	1.10191971071584
-0.364921525268534	0.429758026041381
-0.18199153294577	0.186002750011699
0.860294128379339	1.36051095128798
-0.49827316308043	0.669276895762233
-0.318031164123634	0.287307949822507
0.254670500883504	0.279367866988453
-0.250108736421222	0.212038207839451
-0.342877597174236	0.245545870706504
-1.46743899683625	4.21976664741981
-0.348593259880572	0.310765524944655
-0.41721503730629	0.238541269456171
-0.969688836542503	0.598605784844084
-0.200099946062873	0.108385763536053
-0.398560551877415	0.27718567247419
-1.00328617466883	0.495938980978668
-0.20272599586159	0.109912989363354
-0.038309603680707	0.0183313407359653
-0.810611538250955	0.443339445574606
0.849260881974389	0.624995949276597
0.629954596936437	0.992716710671997
0.0139641672861577	0.0115524248719907
-0.107807569999344	0.0774557602891897
-0.240658140303012	0.224116382333484
1.05793567187821	0.639657513725952
-1.4876545208667	1.04137480176423
-0.465200716136669	0.311813942911689
-0.0723836012975521	0.031906910693167
-0.117336741462383	0.0466584622287431
-0.963021647166617	0.592868754274254
-0.398043185865661	0.276489960770819
-0.503800153466687	0.79000115799517
-0.0127547378994368	0.0137640105065357
0.184907175078704	0.225211102343854
-0.75857212546067	1.18006396960004
0.0223583656394674	0.0190047844019488
0.179142700830793	0.133550756832729
0.295677485623849	0.213825657126363
-0.388298962761043	0.480197939210028
0.192403152120437	0.205335805787597
0.797291046557999	0.8669091934783
-0.0947891035083314	0.0878111229202941
-0.330916923925197	0.413565398870187
-1.14003104467392	1.27256127298161
0.283808924903266	0.231765299772281
1.23504474076641	1.36278929666467
-0.242676812530166	0.24577568101193
-0.254409009118017	0.254333210840959
0.124217955923335	0.107134281152581
0.104719620546439	0.0848168817611781
0.268800597060454	0.240578022977404
-0.542792904407606	0.694028390306542
0.272813632684921	0.221402424328273
-0.220362494897772	0.167942456739978
-0.791723399124725	0.980168575563316
-0.228436546196372	0.228792720570691
0.106333332414315	0.0813703800117716
-0.319273648870899	0.288624267717552
-0.0583390626892399	0.044141293319634
-0.567226952316181	0.641114983173727
-0.0136613971312332	0.006862153323664
0.182669203789455	0.125612394093639
0.425627365203623	0.167916299468516
-0.0747131693547106	0.0329037871231286
0.568638933152075	0.453242762428446
-1.16093026338913	1.01658410912314
0.0372476726130994	0.0217096333152914
-0.0224280771062561	0.0148419748527472
-0.96373754394377	0.594094259708585
-0.110304553331092	0.0653793240057098
0.0818803612804262	0.0557134079932249
1.3585646229393	1.26017785391136
0.466445482805223	0.31748931412803
-0.253569596016784	0.189604328472619
-0.692983440942761	0.553812588086726
-0.479652902744289	0.410147606704727
-0.225447847600851	0.147093488362076
-0.0945759285896586	0.0767748357759957
-0.107926385233058	0.0775498618769472
-0.224153645661223	0.211219709868964
0.789645917195538	0.748862691071074
-0.530451998569398	0.603819901570095
0.194079602179333	0.195997816984913
-0.0684954730329447	0.0509073205090637
-0.348911693102085	0.282681145789466
0.756136751751346	0.93159836328258
-0.790017153809849	0.923222022094114
-0.42187264957881	0.241712085680908
-0.690820581618323	0.551849699142918
-0.1920094904	0.129230483871721
-0.870163303541672	0.946868856654931
-0.0552382328265839	0.060099258410555
-0.427016512713235	0.370134197684504
0.0248116435053811	0.0179557582095795
-0.781533123506907	1.81116779854657
-0.795485747619195	0.688204587193755
-0.624450754998572	0.298763655781335
0.94029250514695	0.635201373429531
-0.418334309982166	0.709543734405091
-0.36184997276054	0.898035315515503
-0.160410941687659	0.247583017626924
-0.139779167133138	0.222748662759451
-0.161031289459179	0.202243524921542
-0.111004233509123	0.0658035711176068
-0.667820706558319	0.399899331804232
0.338046719898376	0.168625567267822
-1.1406575104342	0.344234513147494
0.417251270551917	0.164411014904255
1.26516216923623	0.68654952411988
-1.52527766014307	0.541726073904961
-1.85563924109955	1.16406443245283
0.373445619140009	0.165721944947213
-0.796405468804135	0.346111740260538
-0.118522789236604	0.0470958686716323
0.132382889280095	0.0439989008298304
0.163185820804974	0.0407257646525502
-0.996914971212987	0.492080396201145
1.02363521199244	0.381873400117373
1.31331884073887	0.56363424296824
-0.448191001782517	0.490364470921273
-0.788962872631865	0.342076545446221
-0.540233723322025	0.202917482560003
-4.8552248094822	3.11026309155522
-1.0112456323955	1.48891220087202
-0.64463078022223	0.811179117020225
-0.0414756479293561	0.0435711805457928
-0.228633036453318	0.338742919333
-0.503160700901308	0.754435169772864
0.105268884739718	0.109857531386805
-0.0806680592769147	0.0818321229998846
-0.926410011673275	2.58237448384286
-0.284986388320708	0.461557746251035
-0.33879149479537	0.498830909343971
-0.451322724972028	0.459835844949187
-0.73976481787552	1.39719360175762
-1.62817181966354	1.26632751198835
-0.9661046610391	0.596054432906184
-1.34596586626942	0.845085981089954
-0.418098622830114	0.174378553054991
-1.69631707825642	0.956606477293885
-0.0771293174447869	0.0339692317993143
0.132382889280095	0.0439989008298304
-3.08542618523242	0.949198094742557
-0.629906869562113	0.152090136193736
-2.57660997484294	0.657538252319339
-0.628733247343677	0.151688343674084
0.135364021327178	0.0449437078279942
-1.03964164372292	0.408955449510983
-0.381096277582838	0.444622411148721
0.925432930621385	1.04471717018177
-0.97000758419433	0.598729933527737
-0.228447352373092	0.245457178789281
-0.237437039825944	0.0763599123457812
1.25914688960828	0.682756054019572
-0.235948417281415	0.0759021467201397
4.16793953393336	1.96626606855667
-3.45922605387697	1.22727228815634
0.139436459089769	0.0410524321785509
1.04759640633222	0.497574511501099
-0.347072016214707	0.45131508781903
-0.207526189974028	0.383141146353507
0.246653411234634	0.263740596766987
-0.799383556369712	1.1465151909663
-0.326701435000739	0.150635968932603
0.768776472443952	0.456240184055805
-0.805170829183588	0.537285385569092
-0.0106591924934523	0.0084698604005952
-0.119200115137656	0.0708077921956588
-0.113617842404022	0.045231923551469
0.0704430489601968	0.073371470918757
-0.623335202838206	1.17919794688918
-0.25623784972197	0.129559211249805
-0.509281512731332	0.386640859814816
-0.550153912005242	0.351086454718873
0.104483340982461	0.112242543070987
0.46543394405723	0.850238061655511
-0.0674954738780787	0.0875407727890201
-0.602172740800835	0.493213944290925
-0.873492268399442	0.881214941749484
0.329073959810803	0.348267039422237
0.303141187252878	0.196006049867777
0.467261005343084	0.318164161487974
-0.418431777562263	0.461233080315745
0.564955061189762	0.934515086975006
-0.4347510230668	0.562856058591592
0.278643078679003	0.23522612920268
-0.121603562171422	0.0981573883818562
0.452793707285782	0.740004703704014
0.524093715053394	0.882078566299754
0.228119113480357	0.292324111626882
-0.0472263245699943	0.0488309455325617
0.17988769385686	0.139108633046895
-0.172754849550092	0.136456479379693
0.460914044342941	0.587570376393874
0.110247839436723	0.0895881391881517
-0.165088162876237	0.17211805553083
0.446803323491386	0.43875940158224
0.490707059489136	0.439870761073136
-0.0305604927150305	0.0265407453544142
0.527887943839114	0.699015167193807
0.327593704387406	0.441899697691332
0.598928477103198	0.894171614341629
0.0798304214016177	0.0564008370030432
0.00589716980906974	0.00535760986097216
-0.387542278170035	0.525577259222554
-0.531489253555075	0.605696997409088
0.689269614901096	0.60346244776016
-0.540770378186723	0.646651960225339
0.132751220081513	0.0636461123174144
0.137148807217049	0.164552242322079
-0.368432029979004	0.479082914518251
-0.177663057513373	0.140771508293172
0.263184194481215	0.234699743321167
-0.278588204116478	0.176023469787402
0.163051034947271	0.10023437789205
-1.52955481711501	0.543641482939636
-1.84197997402928	1.68931208224781
-0.355104953248248	0.101967480674674
0.135580186525053	0.0449978908716727
0.132213320602427	0.0564194580163191
-1.51193347960281	0.761871435562758
-3.46299441124492	1.22953362528533
-1.14111344283696	0.344497381350969
-0.0930327325470091	0.0682170845831058
-0.0542930610106311	0.0509990240047492
0.173292621065567	0.133474071247248
0.0657420499188788	0.0662863478462888
0.650912666466946	0.464768092719311
0.320144996844282	0.194070678929633
0.795871151470252	0.756965322756277
-0.0721599958095625	0.0736055987749338
-0.11015054017523	0.16262858837644
-0.136003290138442	0.176969200671925
-0.699977121119423	1.74630231314633
0.278531170845956	0.345032905169977
0.847505753365211	0.77380849277128
0.158003363737422	0.0908658218295259
-0.555549527019439	0.355101102660715
0.726692846817085	0.605476591287881
-0.413986152692966	0.172540891487319
0.345460273391501	0.172602869150054
1.04878615303112	0.49819821900345
0.427380592234077	0.168681699885593
-0.354229439997714	0.101697261087168
-1.48891049758972	1.04285591942386
-0.506189252034277	0.267626019944415
-0.0775335080082925	0.0341172758140013
0.604123582719948	0.457378871485855
-0.35569023027487	0.10209347470967
-0.412965982284542	0.235929283809284
-0.118279623925954	0.0470790840172665
-0.25964411890698	0.260624102195168
-0.0612843088882111	0.0387195861054059
-0.415116620386652	0.172916119993669
-0.341264231646493	0.207139203238744
-0.271332350273527	0.225768800000504
-0.112897155157999	0.128396626533066
-0.583594371552454	0.576663790805514
-0.213511586837025	0.215685742873379
-0.59290883462585	1.01945307313393
-0.615892795371657	0.815322828692673
-0.147149482672804	0.203152317995422
0.254748657286088	0.356243952220181
-0.371866255419991	0.527638988930326
-0.167664164964054	0.207091672917047
-0.111075941900571	0.1344986728681
-0.142622455131861	0.195831877926077
-0.718010913979668	0.744713438008207
-0.720535695948307	0.748604314790656
-0.334277724264067	0.514027704525455
-2.24823612106235	1.89451807086823
-0.967063948258687	0.595737943911623
0.674333859734918	0.310512339568963
0.147173024714353	0.043149325154862
-1.00328617466883	0.495938980978668
-0.234881985943443	0.0755878057926229
0.131850096082115	0.0496765164754003
1.25776575882309	0.681723722846692
-1.0030160119447	0.495866412258457
0.676050206195971	0.311376233221729
-0.323322096708705	0.149188943317618
-1.50981787638691	0.760401413502174
-0.157768890238367	0.0900849082147311
0.60142906144527	0.879349833143821
0.448082236260022	0.440316713728617
-1.11083508235659	0.766259514228615
0.390303991603876	0.4171513641322
-0.111736396242696	0.0445015745003232
1.75769356186832	0.962827388418044
0.801294435982005	0.329722340410091
0.952122507855518	0.645788690698639
-0.0410663889853495	0.0196047299815597
0.774784803839899	0.460245905655184
-0.195068044826531	0.105455302958569
-0.198123531278958	0.20154976787464
-0.0567734835703834	0.0776219688718176
0.0600205554843239	0.0517113193934435
0.0719821362735714	0.0650665946499877
-0.812306764577831	0.543282486699445
0.0538634631530014	0.0332074265298931
0.442611111525412	0.319492670984895
-0.0143959880022021	0.0128595455821035
-0.217385396320037	0.185830638138337
0.305423141669721	0.197717746130609
-0.453110431308335	0.630319952845689
-0.188123673958635	0.217147530902724
-0.791995944515025	0.812018901755527
0.574375871533409	0.459301502623133
0.178698084917853	0.122657481711007
0.333873538996989	0.48544917294416
-0.56639521117474	0.923862521786791
-0.169466834504994	0.212293078839652
0.061907800123949	0.0401341228897186
-1.26906828221687	1.39055525544054
-0.746948733539069	1.02505251127633
-0.156300558357349	0.0891884565451949
0.347230499247225	0.334293381872155
-0.628571775957514	0.566363227609291
-0.611557875363103	0.917208845320997
-0.184180220948431	0.162031648912265
0.105955817148223	0.0858623704233106
0.885257646044218	1.21382234705875
0.0150353119340956	0.0145128763687816
-0.17440439316457	0.168427992373651
-0.0285146881346266	0.022149301483351
0.262499580263962	0.266458579867137
-0.739692956702478	0.967538479205061
0.36470397659246	0.321114571381161
0.0398976074639578	0.0317491198944011
-0.359709311496289	0.375458482435118
-0.282906373601705	0.179021664048052
-0.811209966047334	0.542063036510257
-0.735816622544697	0.869338984027224
0.332185206608249	0.335115627984584
0.555001194988979	0.731561326456762
-0.284224886680895	0.258657816907083
-0.960111503904777	1.03174073431952
-0.851031399577492	1.16205486819677
-0.297336425669648	0.218170611602646
-0.0719594288263412	0.0778631366622143
-0.432256006990273	0.529830665026601
0.36977592484086	0.326473277619133
-0.113834249939043	0.0675372662555185
-0.790086897830039	0.747990548580123
0.310265201241822	0.20131670182858
0.170930372335855	0.126826757976898
-0.540582774520611	0.203037525917041
0.664921544190019	0.305498052456667
-1.34471503642394	0.844189839409333
-0.169879968136509	0.0608416154288642
-0.661125096699986	0.394900387700414
-0.322230969754943	0.148470874114647
-0.171201121492568	0.0613083374431992
-1.83072704109891	0.739930594937107
-0.629548806644697	0.903763826601984
0.862723733088456	1.10457197219535
-0.586314774898991	0.431136919894595
0.175482931865554	0.125572701999248
0.21289510390089	0.226672549467828
0.0692038497214652	0.057321071394849
0.419137831010339	0.431663115236282
0.407543504183384	0.416314790937207
-0.291695747229699	0.266861051738442
-2.1092973251637	3.49989389137635
0.512013866388967	0.443138404726245
-0.665334007891297	0.397951841287221
-0.584691292800395	0.429397551566992
-1.43631328054565	1.53700763123933
0.346555427807969	0.173115118063317
-0.554635516970063	0.354764118745981
-0.0463543966766263	0.0300256107934315
-0.55941254069508	0.358080807810275
-1.27495604346933	1.39996807946773
-0.297167537291799	0.218187364077396
0.326386941773184	0.181019655924353
-0.624767648793686	0.562252830940387
-0.905068449332512	0.757992301393138
1.06651687913928	0.646112574026269
-0.19491355703042	0.105420113135523
-0.00945374971788203	0.00480069138186282
-0.439583916211097	0.478509244573631
-0.157070549167118	0.108163256351983
-0.0119333008069092	0.00800718245379392
-0.491774161032387	0.496951606652637
0.415463950457918	0.426783648028979
-1.27727059655495	2.16509924840455
-0.79078431765737	0.923074316962764
-1.1096194945222	1.33038843125846
-0.628007008671277	0.711991012017279
-0.620604924653579	0.700482914337646
-2.49356409032276	3.53433870912258
0.0721988090065142	0.0468969677753382
0.0800979986501534	0.0544531274571027
0.184999302899345	0.157599749438011
-0.0753188093843308	0.0331712184809263
-0.108122324217347	0.0640349616849222
-0.792396830153744	0.344017820558448
0.127163258951705	0.0542933813273652
0.175439528317397	0.120237249761968
0.30503241856641	0.197481783548405
0.666720779782215	0.692092764466805
-0.335759371710796	0.203448817644738
-1.10177897182318	1.06900568671065
0.772174795113499	0.457923849616105
1.38656931311594	1.07232720985666
0.451643199696645	0.327550321257921
0.872432875940201	1.00861009519944
0.0676799982990434	0.0585696650821912
0.361062703882741	0.328618298773271
-0.688854978803592	0.550007886374724
0.483450002922052	0.449893699529623
-0.587788774913108	0.432496285522771
0.348408210332661	0.174428873118732
0.15200676951172	0.0806862443093814
0.324453384423115	0.179890698161676
-0.06398039762402	0.0404234385388283
-0.0133861710905803	0.00672648683872928
-0.910436934910763	0.765234087816427
-0.786673875546975	0.970756528216083
0.0045887862650351	0.00403476105536655
-0.0699644609781172	0.0520401578614873
0.556601078737621	0.553816100538377
0.520266646119443	0.545844855588508
0.176543147352971	0.121036156032154
-0.200742231145331	0.108790441679866
-0.270010398218872	0.267058652176726
-0.037203370258036	0.0284713120910094
0.789116571449617	0.624736736710602
-0.782998350466378	0.798838623310408
0.573953658672844	0.656136973926262
-0.10296413508185	0.0608850853238605
-0.158755294326925	0.109417554940171
0.404152866393312	0.320097901265523
0.183822603864077	0.132081331962089
-1.25277195071375	1.66092225163592
-0.557164019626304	0.595633032614067
-0.111623476688468	0.0803429271708836
-0.606811448853506	0.498377188140987
-0.0701549723309186	0.0521760686948914
-0.886685587061864	0.822985689578237
0.0496098705613576	0.0306045547895794
-0.717706872864819	0.744435988194969
-0.512283711442331	0.476296925396803
-0.532690218305007	0.532047339661656
-0.793739560022962	0.929238616860478
-0.226247735962298	0.172975657622655
-0.564712653310024	0.517334007932901
0.171199592880059	0.12705053153217
-0.884997068615232	0.820592334472569
-0.0206879613883705	0.0137185130345777
0.064444080802287	0.0417844945567472
0.138828396249141	0.0666005938469343
-0.90492500835778	0.758750330666348
-0.500190774393147	0.263657219570826
0.306771033199314	0.211375336711894
0.319593892172305	0.193619480210573
0.0738095819929819	0.0479981157934009
-0.323785681062795	0.149294817267518
-0.0306176730286262	0.0198532794218646
-0.160851948597758	0.110995595395548
1.05375077217467	1.12155705190735
-1.18879076624055	1.22749973737158
-0.199739336876915	0.155533832490381
-0.6062185912778	0.497380288612237
-0.530902514138568	0.443738498609042
-0.865574801020527	0.939842351611568
-0.255353640186724	0.23427514470683
0.345985115127508	0.332934618081983
1.2297106459755	1.3527180291272
-1.00638453204645	0.909528268021818
-0.195286680319851	0.131619781235072
0.699155947090243	0.458528239837126
-0.684804738452221	0.484653310345692
-3.08216231491203	0.947551973079846
-0.506227332230131	0.469145021604369
0.0534542517062047	0.0329826083501112
0.847078491848768	0.772626263006796
-1.24308708872777	0.948240609587257
0.612463298502842	0.465234391248936
-1.04876849172509	0.84757677770424
-0.812708563177904	0.444931899325607
-1.02839161918279	1.4473587474511
-0.218344266678646	0.186741238044396
-0.668028752442044	0.747074436120775
-0.0591120191942963	0.0498116782801215
-1.16039542909972	1.0162516378421
-1.03171496849059	1.17017321894605
-0.721433915175727	0.749757160510714
0.67170792683401	1.02001744212864
-0.437389896685955	0.339047505118375
0.00548702311653121	0.00385646447524442
0.0407693109029845	0.023705034180069
-0.830793419517385	1.27759952562506
-0.444492217644611	0.654159511191854
-0.0360090799814688	0.0350542031507915
-0.452083519645526	0.657688834870855
-0.645044400575851	0.968254616042139
-0.225287833218936	0.172144622993665
0.156918094449712	0.0902091830723618
-0.551149867570858	0.351961160595621
-0.195037860883412	0.105489685795581
0.0556950469957824	0.0343669279511301
0.130542666165209	0.0556791201910634
-0.0347043501873333	0.0166351846598609
0.611788339503234	0.464625365973808
0.426053791084352	0.323929437449263
-0.254435889920918	0.1284267820461
0.0503927923314962	0.0310863223100676
1.15095753782172	1.4324573609222
0.407113900853526	0.323107655915416
-0.294204957430989	0.215590857301199
2.5270383814049	3.38898144565298
0.17051080478152	0.105157072858555
-0.26617776886417	0.246067332424727
-0.220407786668107	0.207039194104231
0.0255964578037177	0.0191880697121765
0.0372106150066427	0.0344673563481797
-0.0912212919400106	0.0769752457990464
-0.381827630871157	0.469853903348138
-0.706857033432375	1.01487766519457
-0.430054382394179	0.526232326653963
-0.379652342671169	0.466353570633468
-0.652262413343388	0.640038014797174
-0.0626135559068282	0.0395632809860384
-0.223513889234289	0.170556684450086
0.0441732073429016	0.0352018589947785
0.0136849017750695	0.00753505526260274
-0.605445184338064	0.49695490232796
-0.548941821595655	0.350148372540088
0.069294309094051	0.0450055971173738
-0.153504655991195	0.105484456101516
0.464853463901474	0.31603868291379
1.76623659358986	0.968998453006118
0.783845466713176	0.619647310509023
0.138890879231432	0.0666409138953449
-1.35099412394957	0.849826658145697
-1.61659591682757	1.25148617660997
-0.279649324258688	0.176582980833176
0.395388936138913	0.326828364528951
-0.18714115426037	0.179162331459764
0.362179946024229	0.330073309049492
-0.252499004311009	0.188787778429001
0.255276159502944	0.25186457145764
0.325091808035205	0.179929287325781
-0.50709512987148	0.268080796616478
0.604957695646199	0.457896540728712
0.532462428279103	0.307065268028187
0.318929968774936	0.193435939279552
0.582608304354881	0.300807307213782
-0.910171651081172	0.76495612068705
-0.109956260556278	0.101405907798178
0.74997933963838	1.39426878704436
-0.357125383274164	0.290518539879405
0.0675407312536896	0.0584591142683523
-0.246963095907278	0.209036091128073
-0.682047685735137	0.482581367140773
-2.28045335853185	2.83416250034833
0.395155002749404	0.42361609240247
-0.342360627259447	0.245117135498515
0.572964997979877	0.458277761771315
-0.0581692240379108	0.0440163328151192
-0.183684443521482	0.206105180229253
0.287338158010351	0.226113643726454
-0.791771376226444	1.03152390991514
-0.429967333280279	0.373198139174365
-0.0754181345790959	0.0699723209953401
0.671126593154211	0.69845270038545
0.0126351591789047	0.0104483985380484
-0.25460761803442	0.190529192947897
-0.204126377819078	0.138066879223108
0.0861430770739156	0.0610317204383486
-1.19628888153498	1.24103129929287
-0.080963363072824	0.0496486514829227
0.187969012574962	0.151046598420824
0.533581334758689	0.692424447287536
0.678274632522834	0.882229976597192
-0.0482425200288653	0.0370726475122714
-0.497925838601724	0.505111043690729
-0.0231752643268515	0.0153396240966085
0.371706426172505	0.328642609284483
-1.24280298327373	0.947902388307419
0.180197932486671	0.148587635218779
0.14586119618118	0.0771486408134695
-0.0858489254278643	0.0627452426001754
-0.39317921892223	0.312547412005605
0.392140369230089	0.323529504969255
0.287875560933291	0.226677902514827
0.173451425095487	0.113152938320672
0.298654795459381	0.216222644565628
0.177352274085577	0.12704569581553
-0.166891334658677	0.131357042459372
-0.704526908763063	0.623857243261926
0.826012150241052	1.07757018257997
0.49913018704186	0.449273209716751
0.468585203069153	0.432498731522736
0.179886065654405	0.129030334408719
-0.789258451333031	0.680664861347543
-0.341813811277143	0.244772976338189
-0.297373521221399	0.218346445400678
-0.466659966251779	0.439553282594627
-0.603385814486196	0.639345791401745
-0.433297397809404	0.501170811286794
-0.85880971852211	1.05717640550945
0.0174023827939092	0.0126135225349413
-0.195458661798088	0.151859368850713
-0.798168642450425	0.616650350968656
0.012584748095566	0.00690804263447188
-0.436991183698001	0.380999020017509
1.25265150930857	0.678188776904929
0.443248497732224	0.32005096759778
-0.149422747980378	0.0850871862023721
2.06683151698774	2.60354143435874
-0.738079783119958	0.251987608125061
-0.419366947267837	0.174907138182534
-0.798304220083608	0.691579206155745
-0.340549982439778	0.243672696234391
-0.273074270977186	0.27061739030149
-0.311622005706121	0.256792516744158
-0.00439529470283616	0.00232858954174742
-0.452844014985109	0.497510455610626
-0.393079270818649	0.272535724332665
0.645851500971496	0.459696064796772
0.0500555559513297	0.0308875853029261
-0.0713289398489679	0.0605674185843317
0.787078477641398	0.622555409888717
0.783064052272599	0.61781201655968
-0.854015835382739	1.04973435328766
-0.385707112509971	0.370377378616094
-0.728379013239757	1.13797396756712
-0.621154695774107	0.825001381636388
-0.910150053489113	1.5573039095043
0.130463868863302	0.123307972255341
0.691752654977447	0.606353694416379
-0.626024187463233	0.300066280425528
-0.348663901731124	0.282460123807244
-1.23500566731903	0.937800675741369
-0.340165109953923	0.206227381028462
0.950988070769874	0.938933260362456
-0.80306825779426	0.438055019868402
-0.324102263183128	0.149440270324799
0.955405376573803	0.945561847079695
-0.146754636653633	0.0834999823595945
-0.079738224364089	0.0350932014733499
-1.62066147595701	1.25742799882344
-0.187728153191215	0.126056861767848
-0.0755236562542777	0.0332696914500365
-0.62732563122962	0.300719543149506
-0.15083422425617	0.0859276464554057
-0.195253962449981	0.131576208477329
-0.231945757784542	0.177818541944464
-0.435219110199274	0.378998965654398
-0.513138669641462	0.477484017282615
-0.503329648912423	0.579778918230662
0.0778312625266748	0.0692819373919056
0.258337387840541	0.249180539484082
0.000453903486149674	0.000429433720141711
0.347907209958668	0.32476754472068
-0.495577403826965	0.501427165709283
-1.21538862918549	1.8427634242129
-0.56944204132004	0.644409411603272
-0.256304331787468	0.295083891222879
0.493377380204374	0.44267925940955
-0.388311941986932	0.268552057967335
-0.692046354736597	0.552883384592673
-0.167973568861706	0.0601248969281319
-0.0793975379038674	0.0486528180682658
-0.064667328393032	0.0479498102293819
-1.46072440044814	1.31898499121519
0.3241670436878	0.179713636494382
-0.332637495894375	0.201206585874779
0.16402503544666	0.100826675073953
-0.0777327385177198	0.0342298345396652
0.472061621460406	0.32197579288663
-0.165366888002405	0.114358883969715
0.672888864603785	0.309645885119075
0.470521950889109	0.320597226283995
-0.252770029823374	0.127614347961034
-0.234534484549801	0.0754746413023498
1.11620618131272	1.00383305011249
0.133134712517645	0.0568317747059139
0.182128033973068	0.141052441179566
-0.794049504933618	0.814840692257621
0.912856273064567	0.794143744818493
0.0243903587557626	0.0182804628891823
-0.338996822412069	0.205706024878345
-1.48922312501415	1.04138216398357
-0.422271909209449	0.176267476336917
0.676898432022728	0.311902187791794
0.370002596677189	0.163914007004863
0.465328741031874	0.316438787507343
0.580585874657685	0.298982490063204
0.340815579212107	0.326826815032096
0.854106007594058	1.28891260950654
-0.060210425802095	0.0380231237669839
0.0462254487998822	0.0378103415419641
0.0571018949952436	0.0352296961697921
-0.256023718353225	0.129302917301584
0.533347328459879	0.307628952496058
1.09844888314714	1.51048514713541
-0.173142144653683	0.13684551198564
-0.587664716668675	0.432430848066558
-0.326574912463211	0.319833664614102
0.0544316663198461	0.0436087049359942
-0.326048905023856	0.150596459543627
-1.00893566505231	0.913498663064037
-0.510805403369068	0.388162188946333
-0.254522080078258	0.216399290789959
-0.466130637533031	0.439298288582399
0.250300413024502	0.251822803153431
0.602104972988414	0.455520422253574
-0.876698801584371	0.885582227069383
-0.616161022653541	0.69366805658732
-0.278182115766637	0.175584879601853
-0.351376764478375	0.284981099537055
-0.236847228851009	0.219961014909717
-0.168354833133808	0.132661306595601
-1.0694497484727	1.35563158451491
-0.277916463292387	0.175548045147424
-0.788633038710927	0.865451667900477
-1.31074690473626	2.13243700711872
0.180346940211568	0.134558436598064
0.108411060294275	0.0879748187253144
-1.17542932782267	1.47840686243251
0.13449385635199	0.0573917688622848
0.170940232163181	0.111308907648611
-0.108881495325986	0.0645068153025523
0.304594154415196	0.209791708909537
-0.557667883301193	0.508915175344792
-0.00467009792060315	0.00246280374589112
-0.510474911584704	0.388009591460427
1.11388431568429	1.0009495475008
0.0518577252124913	0.0319372086326681
-0.285559470995998	0.180784119344974
-0.647606484355386	0.633893639882796
0.177209201372514	0.115741867853651
-0.444410658713668	0.345749767663353
-1.1705910792069	1.47002685828386
0.305172436905915	0.197586581303039
-0.308791327699134	0.254033557498534
0.127163258951705	0.0542933813273652
0.0336305353751568	0.0196338279072422
-0.233507386664447	0.152889388420254
-0.79135170061612	0.683848540988506
-0.910105506159422	1.17040085722862
-0.677810352043287	0.842747099819742
0.185584934953551	0.1489045863296
0.170311301692726	0.110992973877459
-0.542334749332637	0.456093501200854
-0.68329492611581	0.483481103711608
0.493618234264488	0.312172560570725
-0.970611196463213	0.599211251720684
0.804902320215242	0.331341314716319
-0.931991105088673	0.686588349687162
-0.664015622869658	0.397031806966179
0.7776047332793	0.612552298352259
-1.35006321547328	0.849025129404545
-1.52527766014307	0.541726073904961
-0.737745529684395	0.251848226779474
-0.538478943654826	0.539729053881267
0.568024955299362	0.453191037372527
0.133134712517645	0.0568317747059139
0.300399307715674	0.339902802925279
0.175609438438037	0.130677291837826
-0.465907928899736	0.312351158417305
1.22716268346718	1.03227124664974
0.255953242410981	0.25857907949908
0.46385035413979	0.315140099563784
0.572055725778403	0.457401448379836
0.124153707844076	0.0468349501941597
0.332565364239919	0.413973290262965
-0.357568466442639	0.565715672197298
0.24592307552933	0.278083642605281
0.192031387143707	0.23559040234067
-0.197456479747337	0.186594004171276
-0.106524465211879	0.063068981105749
1.04780700199927	0.497914055094941
0.76677187520361	0.45442248156236
0.51386494250992	0.181311218287051
0.136663227954214	0.0656173011284088
-0.415181751888503	0.173101618298361
1.06497579950132	0.644868831893705
0.425281606664403	0.167780963846818
1.04592550905106	0.496555772385996
0.69884969635935	0.458513053639668
0.0155404429132429	0.00849900476135959
0.506286345412427	0.178440504115667
-1.18373604933465	0.65993611428368
-0.539312347732804	0.202625351504848
-0.261617857682407	0.132400105571824
0.128338588542606	0.0483629401375905
-0.807093796072415	0.538975995390956
-0.154133253458301	0.149360091921907
-0.555974999797887	0.594078462440045
-0.468999140478279	0.629352117486989
0.857640525822769	1.44640717147536
0.0061902571204349	0.0049483947687221
1.11987830752891	1.84766382797735
0.0884915715811673	0.0825182048573552
-0.158256967590025	0.170908359192487
-0.238780254007692	0.22214979193835
-0.203445547285576	0.207826322141906
-0.0139576282556055	0.00932124139259634
-0.93215762999294	0.687478261924631
-0.195597609447604	0.105813478281397
-0.539661343528338	0.202765677037844
0.0167549061469709	0.00912781329829737
-1.50771865123221	0.758301194323698
-3.26088653435713	3.08585927955286
-0.0568147579164513	0.042958221946835
-0.799401994788538	0.618131589266463
-0.322542704196169	0.148672259692575
-0.355104953248248	0.101967480674674
3.63203016857434	1.41874839489518
0.799239343613409	0.328591622299045
-0.167409271163493	0.059935085601386
-0.168318442800183	0.0602514969158982
0.132822208517431	0.056695914322575
-0.240278820798337	0.0772929353381372
0.147259813410519	0.0432007445014279
-0.538963433786103	0.202464572078945
-0.171416957929972	0.0613808082861972
-1.18018852380733	0.658184004198548
-0.588390357589659	0.582934020765488
-0.541521131342259	0.455413492622587
-0.796193004977808	0.614972343192957
0.188818521822198	0.165689839737368
0.146670376003709	0.0430346600388633
0.379075163658297	0.168316211156431
-1.04383909439597	0.410833571901892
-1.51262029806075	0.762329863284607
1.45355066214954	0.47909620382923
-0.999493929003382	0.493677219427408
0.134088264553694	0.0505027155625481
-0.326900028781538	0.341407490066243
-0.125467901282746	0.140973020250063
0.32748767690307	0.32911548604113
-0.728572505703275	0.857115936277479
-0.0054982303017612	0.00287135888365666
-0.322235411713064	0.148542946725632
-1.10822391623988	0.764140527027138
0.276791231068721	0.24132019647697
-0.689237925421919	0.550457212508287
-0.50343844046503	0.265614691620681
0.316906417925684	0.340488582287472
-0.144506121555227	0.129205166144431
-0.117929588660045	0.0468818487534914
-0.195161205539084	0.105522272438228
-1.35568052083052	1.13140027294274
0.185036802001745	0.166217572546618
0.0312816304039719	0.0273002226674372
-0.0386714341133891	0.0332392568530816
0.779513218637936	0.614764958677251
-0.338647400847029	0.205326629764827
-1.24031063853633	1.63617161419952
0.8804110252599	0.466091387895369
0.131900506227203	0.0562878352351733
-0.677100437016162	0.478149539201464
0.464669240891745	0.516707355608803
-1.04351501296511	1.39433467886693
-0.539464928588424	0.453207701900149
-0.0776648684908038	0.0579600771629768
-0.153140043853751	0.134833001581215
0.282878336140985	0.230955007150696
0.49772384133692	0.447668145221583
0.0761988435638355	0.0537444008357267
0.0625640686062155	0.040554440753999
-0.504580906828989	0.382400352550504
0.299569980614211	0.205735809602909
1.88440123808185	1.61552132986513
0.302165567496823	0.207651559830534
-2.55265911446258	2.69585334250352
-1.56543270502259	1.52209296666139
0.704654506640816	0.902660943533916
-1.06080337758123	1.11867355928895
-1.10407780011205	1.07236550837957
0.28172624443222	0.22111942239832
-0.156357853388333	0.107654080365421
-0.259410507347575	0.194638822377976
-1.00015786784563	0.494168908292225
-0.412261031351047	0.171714138801548
-1.1065754912621	0.761877615443151
0.66937968290993	0.307605615084939
-0.218135743662077	0.186485075505236
-0.586580639414188	0.431318126768755
-0.661491917378814	0.395105129046067
-0.607715014481987	0.768747843763223
0.186445298594283	0.149682275364428
0.292240516725262	0.221058703794769
-0.935604194984721	0.691111991404516
0.467475371230989	0.317946306257325
-0.353939368265063	0.101586834148653
0.509703293466095	0.179662001032772
-1.0465244135449	0.412299764954399
-0.418766093941213	0.174660992041724
-0.414181611233199	0.172499925294108
-0.9993418511036	2.25921876989626
0.131639774850645	0.126852812326271
-0.257117900287504	0.129961106005058
0.175746698562762	0.125793087858724
-0.0783395914707938	0.065579381434547
-0.632412170659018	0.571326696484242
1.25193975444736	0.677226494583158
-0.712488844874375	0.686945791178727
0.306359628665047	0.341043637952806
0.14949322536783	0.0792071464781003
0.446802859692439	0.323071177666701
0.327587605088765	0.18154599062201
-0.31798332119134	0.399869503982429
-0.64408277971932	1.32580316615043
-0.123927300821682	0.158163545242787
0.0986262286161913	0.123330338049424
-0.140080712168511	0.134118091882795
0.907755430092848	0.787514106435317
0.130920287619515	0.0493322328761646
0.162952579336367	0.0406858836130456
0.799239343613409	0.328591622299045
0.157069830913705	0.0902908809536864
2.34135533413392	1.14844291387782
0.802138012530807	0.329972517070534
0.493410395228092	0.311907078819367
0.6628368429258	0.20810242430301
0.139684630056245	0.0411185419267414
-0.11706780556092	0.0465584081549706
0.51464907727053	0.181544056103037
-0.541982138529851	0.203732865607725
-0.412078472186479	0.171702995266917
-1.70047690570944	0.959913130626157
-1.360670816499	1.77399887765828
-0.195789257747982	0.184757054818242
-0.475358358096119	0.723318107295271
-0.240357755751571	0.277515018416027
-0.487656556879497	0.848416246174441
-0.427658424437552	0.604693602763149
-0.55378883524362	0.894279445601959
-0.946965733461794	1.67093013481877
0.0974176580248775	0.0979618185805199
-0.10575030401832	0.12729314048346
-0.532897213710383	0.824229710976614
0.0455204611720594	0.043799994621982
-0.350837528998133	0.339553381465909
-1.35233965578487	1.36165821142992
-0.0823649539672398	0.0505283404943121
0.0125701525729566	0.00691776525515973
-2.30007213812399	1.14746925859003
-0.467138954089958	0.313148400427733
-0.165995298204196	0.0594566920073821
-0.805367083188257	0.439323730612285
-0.262011865161715	0.132675113427887
0.31282422668448	0.203187581680757
0.880674235537621	0.466970077335854
1.02568752306288	0.970926246634673
-0.171978560989748	0.0615700655036388
0.148067217898218	0.0783724472695566
0.341071434145684	0.16999213125731
0.803620921341924	0.330666152724973
-0.738079783119958	0.251987608125061
0.133168522192678	0.0442284444874965
1.76191854127478	0.966069659943695
0.147597353924913	0.0432809812564028
0.337338622168962	0.1877079343176
0.00221403617160343	0.00160839754894314
-0.702994827067214	0.622142212001473
1.64960539822977	1.55392333000535
-0.786096015499681	1.11825727396787
0.341711005679097	0.170569152576506
0.588405870825793	0.304001827564856
0.328931504462404	0.182416734134903
0.155067569950451	0.0290355764553768
0.665929402495514	0.209018713115066
0.803055311396109	0.330423388744012
3.92452877652187	1.70087632208659
-0.0770509667078178	0.0704436484045262
-0.566369525181442	1.19631040750056
-0.157387434227611	0.139077112360417
-0.0706642878155233	0.0525810439106559
0.299222453992968	0.205286766045529
0.987259082407518	0.808198002280895
1.59793063739266	1.10277277739791
0.656650076324195	0.777173042187844
0.792809991013134	0.860315303578566
-0.0375794283068795	0.0179767030334024
0.0455463460324787	0.0431381108811724
-0.873203786322207	1.50042378492985
-0.308410069050649	0.253622519359779
0.948164181357601	0.935418129916332
-0.46852662629598	0.314292158708631
0.57601551087608	0.881859655934744
0.106606065114867	0.116370690016128
-0.332944088939831	0.452835499529296
0.0889961249006415	0.0630997526812773
0.149614225306626	0.0793652662289714
-0.382166942133789	0.420852228716085
0.772089846493946	0.45862860886728
1.04468424413511	0.49606346656651
-0.350159420566654	0.312567685421383
-0.993311020710386	1.5223942250099
-0.107351564141768	0.0879154231891837
-0.510376517125887	0.47419261388044
-0.850974738440875	1.04398198555075
-0.320241993025631	0.403244362572434
0.0539235904585785	0.0442784884834815
-0.164507537915731	0.157836742440092
-0.0552411352076249	0.0472300973896547
-0.487016809013802	0.41781276275596
-0.200353448413226	0.156056557066372
0.550984158749282	0.461914797098592
-0.0910856974829282	0.0667544451386344
1.30121061591886	1.80779517345834
-0.336690216052241	0.240437969711344
-0.486988571439936	0.417928805772638
-0.44695432280884	0.454051807294787
-0.166534803402481	0.144642243913474
-1.15999811924116	1.68976838733654
-0.0849456782960166	0.0521180909390726
0.248435955380381	0.24373410010074
-1.19355123829207	2.02207399776366
-0.231019388458401	0.151159202126579
-0.387480793477403	0.267937224760927
-0.0784324197780788	0.0345177385183641
-0.449621225083646	0.54514213255619
-0.196784988905845	0.170325583418994
-0.732464070976107	0.863706124669601
-0.939820186347671	1.07952619229178
0.12867908214612	0.0548743421463883
-1.34639902693724	0.845053316445674
-3.45900121533902	1.22669642729201
0.767836214035121	0.454939795512729
0.802489056255948	0.330144551890374
-0.074691403259768	0.032904439302586
-0.809825499650903	0.540965154848885
0.0145921410777249	0.00796942605420777
0.300708341947871	0.206769789128744
0.167958196507787	0.103404693247086
-0.4417974846916	0.343385527390048
0.951633591259918	0.939839884894469
-0.044424850968503	0.021170306445052
-0.114740886423713	0.0680955300971603
-0.251597007177079	0.213444145997171
-0.385631682346402	0.339324362934474
0.0806569758532666	0.0569979592049382
0.539350277962724	0.449762311760009
0.446803323491386	0.43875940158224
-0.153801765206913	0.135486929359468
-0.422466374646403	0.401964694175553
1.22377948850038	1.7330677546268
-0.425670050595763	0.405741022678562
0.789483476113228	0.855220813663361
0.16999162524518	0.10470794770863
-1.43892333327646	1.54139918948624
-0.110211109414431	0.065266115985147
-0.0391872346088958	0.0253950487424886
0.443620930526898	0.320371100079632
1.23153812814242	0.845489870760327
1.12988385238977	1.15731165679276
0.345804617933805	0.172794472084294
0.174835022538674	0.114065656137313
1.38656931311594	1.07232720985666
0.501047365443515	0.317496574921804
0.326149430728282	0.18056969425787
0.0159471563901753	0.0087168553276439
-0.482356344647244	0.412885823831689
-1.49987614087536	1.92394102513302
-0.54221420764512	0.455956260994009
0.0365339050108067	0.021282518978988
0.37719892423885	0.167428598365971
-0.340247178172785	0.206563769612453
-0.15334770563903	0.105399040195976
0.571754121332526	0.456709191556276
0.0762249029375973	0.0517632035495004
-0.0339917744409217	0.0220347673789854
-0.553714873687766	0.668044862801282
0.0352098498246087	0.0205508068355053
-0.434950599251052	0.378770368170608
-0.965252170143	0.594172130951929
-0.46693024801866	0.312887954042415
-0.434446223030526	0.378353666741577
-0.934802035043474	0.688431729336946
0.167561105836328	0.0966346887462211
-0.471965249152174	0.401563309543247
-0.467404762716339	0.313208658822544
0.446381772110501	0.322920357685771
-1.01176141761301	0.917321996197936
0.320228561185687	0.194410320074862
0.536930941594384	0.310248338473953
-1.04721949984211	0.412618976511128
-0.113617842404022	0.045231923551469
0.1589373045492	0.0914263254908398
0.160813493636874	0.0402291855562724
0.307437354656363	0.211929536789093
0.128095938069514	0.054688430908986
0.7366535090609	0.616724799689488
0.512643028982429	0.443865038145045
0.065031818834591	0.0422005938300459
-0.111796461708403	0.0663014463602526
0.424510089576354	0.425120602878564
2.54635513717823	1.37966478584737
1.55300985702291	0.753634208358815
-0.0804465192993072	0.0353912074741878
-0.396396958436851	0.275195396145958
0.800011716227349	0.328922310640297
0.988180692761574	0.809018830804478
0.167892632531532	0.103361102432706
-0.626374225199936	0.563965538308625
0.263342817095588	0.248455666834305
1.31865192547917	1.54798822985426
0.104393959174234	0.0821927860866638
0.648516683439796	0.589566640245466
0.443514160491043	0.320249617323894
0.589776261626786	0.305146367169594
0.555344317627384	0.552106235160908
0.334105977314735	0.328414432047915
-0.438018524104179	0.382142404919438
-0.887336319060112	0.823766391634474
0.190244559894146	0.157912080103085
-0.114098367195151	0.0677064067625565
-0.46659431625703	0.312564841222095
1.2360306984949	0.851458343476722
0.79268993750696	0.752689418276995
-0.0590082192681454	0.037248930181577
1.23164271352018	1.2043697193819
0.78328936133571	0.618184413307115
0.170369877980316	0.104947657686869
0.0120527773628534	0.00662288793124789
0.953994237090151	0.94390257459858
-0.339769313856871	0.205972769848516
0.162477215220033	0.0998334781493332
-0.299525661564846	0.220076599012312
0.16485525743604	0.0949821068984774
0.566192558837183	0.451111930964291
-0.702484341100049	0.621576547472213
-0.0127405192696043	0.0064271620643665
-0.349540348230138	0.100383158992154
-1.52246182960607	0.540465661800635
0.154509067766894	0.0289541162362231
-0.12075997380286	0.0480297290129821
0.804902320215242	0.331341314716319
-0.743029498323094	0.253754321369633
-0.124169226866603	0.0493819983978037
0.377522545229957	0.167567105298898
0.84802225522277	0.624574098958728
0.131922134573853	0.049685237617415
1.31253456967921	0.563091330038175
-1.18986310420283	0.665361842257271
-0.536194714717416	0.201274413521666
-0.0807047533331145	0.0494803589285976
0.466172254931173	0.317279981701818
-0.249085387998049	0.125664593637662
-0.341900041430744	0.207620387287465
-0.277365463827784	0.175176190025145
3.63565166019344	1.42132833477826
-0.558998842772695	0.357869270561927
1.44163356900249	0.884661495569993
-0.41444726231294	0.236617733228822
-0.50842976305675	0.386122791347588
-0.300539733902285	0.221016195126792
0.784765217415569	0.619981453935871
1.43942141687802	0.883267506180118
-1.05154439973978	0.850062406008531
0.462978137324752	0.314559771329932
-1.16066426099272	1.01652479385663
1.11478284313583	1.00192359927198
-0.789803449788373	0.86742668420425
0.402801293704247	0.318922619332253
-0.405372591838355	0.282671220876267
0.465939849581216	0.446392877987288
-0.0135450045412774	0.00909305799901853
-0.0903608711294068	0.0661942588503409
-0.808842157573192	0.539954373210235
-0.340792206466645	0.243887871130125
-1.15215633645093	1.0050680100559
-0.262204845335609	0.197025616934538
0.427902666117692	0.325799337160542
-0.145184820010937	0.0826113534776869
-0.185100408890267	0.124080838775099
-0.553383157339711	0.35369870146975
-1.34520966272569	0.843480796814617
-0.417547195379268	0.238999056089318
-0.707920268575359	0.627730146660468
-0.271163029213649	0.17068814907795
0.464731097654017	0.315810611269511
-0.228552843600269	0.149341783959372
-0.664382468011091	0.397301253072218
-0.483461901233629	0.414143147604267
-0.796035678153633	0.876818238605037
0.570001311082926	0.455118487592624
-0.883425403766201	0.818594542583452
-0.279358970476321	0.176574573042754
-0.155852260811688	0.1072167257646
0.0658292337708068	0.0445398960631203
0.395405148362512	0.326753838554802
0.127763329388277	0.118081522612566
-1.0124086115623	0.918110096528385
-1.04779140371951	0.412732841654536
0.729112075325347	0.607854422027931
-0.538451280547806	0.452005412346455
-1.11142031340171	0.766851467688825
-1.2371770034808	0.941707155946906
-0.79241301629729	0.684638202396939
0.0139276705659587	0.0076420899989153
-0.165650631391215	0.0593414877038015
-0.666786096164298	0.399154413844994
-0.230567081035023	0.150814133253479
-0.552693852365056	0.352790085672344
-0.9279518172098	0.683107658043487
1.08875634734657	0.823875499072276
0.173525616513658	0.107112318943651
0.450211364312724	0.326032149544992
-0.685723167396946	0.485861602159649
0.173573000294877	0.118738213664234
1.0868421727623	0.821343400051921
1.76792341495167	1.81571799401498
-0.129689407045484	0.091260981792209
-0.27601281905958	0.174173388241719
-0.788358722172394	0.806964608254624
0.0628170120843186	0.0407172536386421
-1.27853382118098	1.40630539668261
0.396986966860438	0.328231236102409
0.103765213172749	0.0767617559755974
-0.0408069633508487	0.0194856018537675
-0.00590470667935409	0.00307237010530984
-0.936794038488824	0.691538977379059
0.0571018949952436	0.0352296961697921
0.428316431354537	0.326258536579884
-0.9121015185742	1.17403240437117
-0.106659664929052	0.0765830816494477
0.272819019057987	0.229496424221315
-0.0158269634007687	0.010518643340299
0.535896343078082	0.445846109640928
-0.803874013868551	0.622973327062878
0.102927894683223	0.0786249286420213
-0.139178378306556	0.110696852845876
1.11582206997474	1.00343972594292
-0.430602211554086	0.411688290778223
-0.171936155904289	0.135788583348092
-0.410987384874928	0.234482992214215
-0.388732757553935	0.308369660680418
0.410632409189567	0.326531508739878
-0.213027112019277	0.181530024748319
-1.10752474888224	0.762324718988214
-0.27628740276342	0.174318441878252
0.132032810243933	0.0438841642048134
0.033285843279024	0.0193906519484282
-0.00985732292689844	0.00500016699923357
0.146370442088716	0.0775321911401577
-0.66728360402327	0.399224247090471
-0.0774792329229511	0.0341125272323464
-1.34913717428475	1.12133390278471
0.152876642373217	0.0810956883487109
0.129297606667776	0.0551498554583142
-1.35433562256897	0.852430972469236
-0.145438692056304	0.0827217714002459
-0.112620103893259	0.0667872477321088
-0.237437039825944	0.0763599123457812
-1.00004103377151	0.493654528880013
-0.541982138529851	0.203732865607725
0.425411281391427	0.167750699925777
-0.113885349209877	0.0453302765915032
-0.358848207258787	0.103009197892419
2.09936716295541	0.923201539626781
-1.11237157351107	0.767930839383623
0.773386972065252	0.459586803374433
-0.668892914447729	0.400432681695428
-0.623855676204595	0.298484676975206
0.529877017865922	0.305507036265907
-0.58387548545894	0.42903565886048
-1.79839614394125	0.382877807711208
-0.257266573078543	0.129961049550116
-0.34475439854906	0.247225450844403
-0.0815022767722281	0.0358450288535273
-0.414986285716329	0.392733563879294
-0.504344361633648	0.266187551953157
-0.293963064029768	0.215448945568071
-0.125324047643954	0.101400339677309
-0.694195581176447	0.555737994032721
-0.664382468011091	0.397301253072218
-0.114449204238722	0.0824819514175973
0.284748885754763	0.214513629547462
0.183520975512555	0.151682691887009
-0.115508322215284	0.095019066151631
0.321780655252077	0.195209636254772
0.642926215745766	0.780290480812923
-1.17656824366642	1.48179117990547
-0.229318942938099	0.175576501828992
-0.714915906499398	0.689880563291843
-0.359430191035449	0.322594227173815
0.173906438613394	0.107369185332104
-0.303328987855698	0.248665966023294
-0.339453261233959	0.242798410165575
-0.644051249343219	0.628947856314046
-0.297590404617099	0.218454874184859
-0.115032721138246	0.0682628016326141
-0.661783748047209	0.39535700014011
-0.955112838932497	1.02436429910712
-0.964284351279658	1.03800868406033
0.27921254079077	0.227520448943209
-0.246894073941681	0.183943689418593
-0.060713805490107	0.0383272154955798
-0.698361957115836	0.559887100137478
-0.60755247720889	0.499184495379012
0.180527968177077	0.139668372801609
-0.970309363140249	0.598990362663396
0.297689709022275	0.215487560490209
-1.13737305432622	1.26897697787698
-0.0891979559900995	0.0652973811136965
-0.610866439494591	0.502655487573828
0.732546909287534	0.611891354396059
0.143519343346133	0.136956688612488
0.369585017162036	0.326404152302681
0.498565241657711	0.315585083021776
-0.262452533409747	0.197135536816392
-0.272653835420066	0.171817961656558
-0.201315070165697	0.109144720063264
-1.82425236513386	2.12585872941647
-0.294857124437289	0.216213277304197
-0.509209827451722	0.269398670612143
-0.111841771320585	0.0662967641851611
-1.66045058646587	1.72566503509971
-0.626296042375313	0.300131728865935
1.41363157263939	1.7699075242428
-0.541129315722875	0.454947661815535
-1.20428093545279	1.67904997683296
0.796346012511274	0.75717397479362
0.310544083576066	0.201533832523313
0.0514069948680357	0.0317111430696323
0.469200671341723	0.31955761694147
0.541209400017553	0.45184575539055
-0.269745858817732	0.224313104718197
0.973432730744759	1.29149446839058
-0.105911297826666	0.0866274237913723
0.982081218189913	1.07740435964409
-0.589874431809117	0.707779541054729
0.176849696259762	0.12665092522017
-0.882363938820535	0.816750519782729
-0.252249448673554	0.188566321578155
-0.348663901731124	0.282460123807244
-0.507226548828209	0.384467169637426
0.574276126967409	0.459599191224708
0.543884081940677	0.454407531832411
-0.277304248279993	0.231714524942714
-0.15759468095858	0.108566520482264
-0.340275783532376	0.243460297497279
-0.424768798325855	0.367678241681903
0.556601078737621	0.553816100538377
-0.152703774854087	0.0871015504908693
-0.626083294280309	0.563982885209976
-0.105464960709843	0.0881225991260481
0.375448461789716	0.332673603396074
0.615237432770119	0.578327650841407
-0.106260870391762	0.0762898672690088
-0.741749979177723	0.926362144035573
0.563329859758396	0.562560057549231
-0.13581728574013	0.0958253306457794
-0.190101154619009	0.127770045984676
0.376686986992968	0.32127837179958
0.6456716724582	0.585994064482312
0.74319721746039	0.729019110988099
0.956203573903447	0.946389588136676
0.535374906269662	0.445443115218957
-0.150958577546689	0.0860244749099305
0.0854096038930076	0.0604909519179794
0.179682789350694	0.117565973720367
-0.198595613187427	0.172194373936582
1.05007484783971	1.11619288204951
-0.197940212819261	0.133554922098651
-0.554234070092779	0.354290941824182
1.11202087540279	0.998906254521381
0.302353600869716	0.219289513957547
-0.254994031075374	0.12888581978507
-0.418699120063541	0.174624493913997
0.145717193944041	0.0700136846332532
-0.0827205557805394	0.0363790153178191
-1.107932003851	0.763767119841098
0.588719097872329	0.304194471760505
0.377196156678775	0.16755921272225
0.136663227954214	0.0656173011284088
-0.735795036496609	0.251087692088149
-0.625298098350244	0.299623746281482
1.09236332801533	0.827203100696375
-0.415514705996988	0.173267191179231
-0.278588204116478	0.176023469787402
-0.560663735290841	0.358932026318064
-0.584670927495327	0.42930895004741
-0.628733247343677	0.151688343674084
0.13702524312717	0.0657941189156485
-0.565595922130446	0.518338958179523
-0.392986007162222	0.312471639960449
-0.501141263233712	0.264235837513735
-0.277244086365895	0.175058659159282
-0.910062321243117	0.764493734026171
-0.258602276160837	0.19387083626787
-0.0660753851428741	0.0490470039671043
-0.34552211188617	0.279276240167675
-0.432504382264741	0.376235830199619
0.185160209673158	0.153103700446882
-0.508512807992311	0.471767811335726
0.164012848141733	0.0944511285502141
-0.0624511383606538	0.0394574976163267
-0.79580033905055	0.614814088910172
-1.04918878695597	0.847700834759037
-0.249742665819239	0.126042445914295
-0.00780181071614326	0.00398427357935645
-0.32440993230369	0.149592506469743
-0.795745988560285	0.688437755081137
1.0933566829295	0.829296756277874
-0.230195688571122	0.15049363749511
-1.02972942204989	1.16708092142322
-0.799657242755139	0.823060458066523
-0.99982156250959	1.20324717179029
0.087874865377505	0.0599170988414817
-0.190607830666906	0.128156006917905
-0.154895828721788	0.0883787618985959
2.83811399773371	3.33962757914433
0.311208131019028	0.202007104548278
0.308261991993436	0.199574887212308
0.611106766138618	0.464151759611277
0.994591275599534	1.41452726451355
-0.686344969011291	0.486662707664622
-0.390919208730412	0.270871962115511
0.723284694871767	0.601562794216348
-1.19157660679857	1.23272975673798
0.29047016057009	0.209442822727595
-0.157388828005754	0.108315954742952
-0.598364434723028	0.596009406425415
-0.274528057944718	0.173081054138934
-2.35672409327041	2.15255962225663
-0.57984243483659	0.425191683642514
-0.405416749279289	0.230827954803017
1.02431939875696	0.969083402787817
-0.258427951201605	0.13076254970393
1.94386603830677	2.6954938951492
-0.0399461772795452	0.0190876171580813
0.167588878536013	0.103108832629498
-0.68548945201426	0.485028495400924
1.09066357835158	0.825881919114152
-0.465868864691489	0.312206792970208
1.554331556689	0.754901612413363
-1.858511697574	1.16600051062929
1.22645912570271	0.841556048643334
0.0769202409415627	0.0522584852990176
0.291677077264952	0.220500526515014
0.291244375945677	0.210127200847955
-0.465739550078987	0.312223182371916
-0.277859513858553	0.258692339471372
0.344814357962911	0.172223529033892
-0.0778442799880398	0.0342488222119108
0.140134058011355	0.0673165590944821
-0.809989006348132	0.442436952904811
-0.554105341226804	0.354227099954737
-0.411321055113792	0.234803925333543
0.175770524410238	0.125826563776014
-0.247490439316891	0.209536099258502
-0.0475647282722463	0.0365538367569725
-0.312240449965811	0.257294714157821
-0.608046180498509	0.499194948777392
0.79027657698371	0.74973594422247
0.443779778533506	0.320417069872023
-0.8107953759628	0.54183156242646
0.747142071390444	0.827985419405923
-0.0348523172106137	0.02257097655833
-0.0339917744409217	0.0220347673789854
0.904400423488212	1.13585486813839
-0.390763949022791	0.344888715324253
0.465393950765847	0.316579899733195
0.174231642910181	0.119337138958088
-0.137245788752137	0.0969492072476067
0.47912035899172	0.444780938589558
-0.798309343342744	0.691923162121596
0.614322169728056	0.467364682176193
2.33706074348868	1.14515549915231
-2.65455820396129	1.61952323089828
-0.193354975868818	0.130215843471157
-0.00601582101819493	0.00310312860874744
-0.118225301795606	0.0470554996015602
-0.0794270341666096	0.0486943832928221
0.315920072515999	0.191302687386844
-0.400301832860525	0.278666505452083
0.00145802795008059	0.000867861444054527
0.42479586095364	0.322968998686228
-0.036055638012501	0.0172452951674312
0.792237955316207	0.627818055717493
-0.804885650639397	0.439428886319884
-0.667820706558319	0.399899331804232
-1.51159018346237	0.76153698752495
-0.79068539442724	0.682524647767447
1.44247087526003	0.88518654303101
0.12623615387257	0.0538747248998354
-0.340989381163449	0.206939698591345
-0.890018678735956	0.827220735101685
1.4480329582247	0.477161868008032
-0.41780539505111	0.239045143423714
-0.259712145682091	0.131382239188195
-0.196281085654231	0.106196626309652
-1.15931338976277	1.0154609273962
-0.14876468523222	0.0847260169884198
0.08419457385004	0.0781933803342197
0.203645905898853	0.245465763867576
-0.14942348534283	0.164907841975428
0.551994380955806	0.78802253263411
-0.350457206917444	0.339132730425987
-0.344596728736608	0.278481356203943
0.847823226871675	0.624064902235895
0.410592680013216	0.326326606734396
-0.409006948826922	0.233353439776154
-1.14171114622793	0.344693702322242
1.8135291528185	0.702758164322864
-0.324097777063102	0.14944854000421
-0.809676508391549	0.442607458794809
-0.323904928752367	0.316614228235726
0.367039883356528	0.474893130628247
-0.354057944895931	0.287612598313951
-0.385348801257686	0.369899277529489
-0.115421907163719	0.105012294377218
-0.181958561218641	0.159885968830665
1.30855793537773	2.6139674757826
0.555051506393337	0.646295479727454
0.770293042787163	1.27768759120271
0.161708550225338	0.104881176938801
0.292183935899685	0.22094748786343
-1.55379604280184	1.50411810452438
0.298959310118165	0.216516900075315
-0.135112004153336	0.0953487166427911
0.301601851691314	0.3483865094009
0.492158633857014	0.541088315237506
-0.133796124761339	0.108728330310797
-0.552367114320795	0.352674830928744
-0.229920047603199	0.150238540200587
-0.286885895401169	0.304315777345132
-0.00895491468147473	0.00711323644238374
0.155107385076422	0.0891520687179587
0.30784774139628	0.199483211909894
-0.513087684480647	0.271636701294626
-1.00399942765767	0.496751743591319
-0.117984276991248	0.0469113915138907
0.769079056259101	0.456467679264538
1.37759066225697	1.06100473640083
0.422040479715549	0.166403584249267
2.33857253016199	2.77871731940893
1.43977336934669	0.882480049411007
-0.96970585960642	0.598427102452101
1.75429973305742	1.35915533052594
0.64947549438231	0.463534757984946
0.278785664040222	0.227079179970345
-0.222244948162558	0.169547764753706
-0.200781900654602	0.108784199147196
-0.988459166578	1.5823170300344
0.147386000325911	0.0779902311224963
0.880473840254198	0.465838124899984
0.538263635849957	0.311165714619508
1.02685010343664	0.383062880383657
-0.53874057789979	0.202401825815006
1.60617107723787	1.11149501559355
-0.196443887112751	0.106345696447099
-0.106260185552455	0.0762567337790086
-0.135608201704056	0.142143796176666
0.741567746987286	0.726563718323356
0.60786071595843	0.766688192096875
-0.348168430951249	0.281984138548697
-0.121083321791546	0.0481564628616814
0.852476843444384	0.629365594052045
-0.795200617721158	0.816899768407601
-0.0938749601707752	0.0778480377351168
-0.344899569887559	0.365098090704049
-0.0611236631611877	0.0385998344188027
-1.04922941166492	0.848302703357905
0.160577919159696	0.0923828365841588
-0.1257354818801	0.101763519805542
-0.0236944695808914	0.0186504759814584
-0.842536536770733	1.2537939614139
-0.792617263209445	0.34408015271057
-0.197412011414715	0.106905377355674
-1.19032831149751	1.23151432976317
-0.0438600626376305	0.0208917446516868
-0.00629032798137975	0.00323732414026409
-0.972462858598634	0.962860809963166
0.442636976899318	0.43356584673392
-1.44332565477558	1.55079161722592
0.29728666176789	0.215083229072782
-0.80106045551942	0.619832728293382
-0.345422841149968	0.247697514808458
-1.31000921428585	1.81099839539996
-0.582139182929176	0.427324783631853
-0.45468814512226	0.302991683845459
-0.584010438929723	0.429231450672649
-1.10100080589776	1.06752532537217
-0.415079104892675	0.237406368599871
-0.112437641613907	0.0666932274129945
-1.13918941442725	0.343767291351689
-0.113940536103998	0.0453592768616862
0.671071788506695	0.308901200069349
-1.83199158756097	0.740532814070127
0.00989370014017592	0.00792441933442624
-1.12557012852017	1.48817896260698
-1.19112869692584	1.2323149473857
0.44740115593647	0.423913658512792
-0.0478505453183519	0.0367787274473577
0.304840845829283	0.209998313925314
0.472451225420014	0.322302700567631
-0.341440689931746	0.244446160126189
0.443762761191383	0.419361167723041
-0.335381982693457	0.239290358674844
-0.225584128881049	0.172384247417927
-0.0819982185936304	0.0502986667991657
0.175336655046464	0.114496611618769
-1.25828040003616	1.18455103405318
-0.495895272481828	0.502312749022187
-0.792987147785273	0.685540839759957
-0.584276204124409	0.429486120722886
0.603586507681272	0.456894622846069
-0.589871664593431	0.584633246942127
0.53568854511616	0.309603245081218
0.489583097462197	0.43803733356288
-0.341581063583226	0.244483378907188
0.291121792565346	0.220117571292614
0.0661527259226609	0.0677173557602171
-0.0923386826239703	0.0677098946403892
-0.0421884300837109	0.0273361975913195
0.449980003198607	0.326171247818636
-0.0557712812960812	0.0351953013170412
0.160823211409071	0.0987200610648468
1.06293382484857	1.24187210421253
-0.0841444025279345	0.0516266234661121
-0.268680541409125	0.22334799334136
-1.35627720083096	1.57401683260999
-0.478705713865997	0.408811191402007
-0.509354086491388	0.473046275242436
1.09455639253238	0.829609619461717
-0.13882860538269	0.0981400575364434
0.00572615280088872	0.00402034784740591
-0.11932446463621	0.086215285908912
-0.501490041119203	0.264323227997662
-0.50222083801228	0.265144815005824
0.301406573833711	0.20706455603105
1.14635399328109	1.30662361370647
-0.0741007656838568	0.0326446982737396
-0.199819887829858	0.10820699032755
1.09210749901345	0.827490779887518
-0.47066347000751	0.316143356278333
0.427194898612012	0.325230113048413
0.0204102628141796	0.0110552236029211
0.944464705778376	0.638849149727885
-0.154035408477296	0.105920750998967
-0.628262836518677	0.566362632413792
0.875682370330078	1.01452556680831
-0.603699247085647	0.639826731211266
0.467898394232397	0.318843267464242
-0.538362314462446	0.451602106662107
0.304455081916425	0.209718610508826
-0.235032942384127	0.154019698366053
0.533575972678566	0.443436229288315
0.0380256524378269	0.0221645998361567
0.159058592807762	0.0915300229550309
-1.73765705278579	1.47273254812452
0.844492535316521	0.769512221793059
-0.930727425576715	1.13854751929656
-0.926407342514943	1.13095614543438
-0.00942633005161999	0.0063381527906872
0.64334371991612	0.687730494566246
0.358349766137693	0.325663797652056
0.772784268742418	0.458380195344214
-0.477774303678657	0.408051464517704
0.0143625900323738	0.00789442924369625
-0.307511624779083	0.22674922596626
0.18631092002275	0.139399384500785
0.273167898032856	0.229860204288801
-0.256601815000838	0.129736279045066
-1.48922312501415	1.04138216398357
0.305678002455047	0.197803911316943
0.0659378749921636	0.042779313434464
0.167619332671915	0.119447160408247
-0.348416147684277	0.282227693208375
1.52179746199296	1.30259777964424
0.130323873520588	0.0491059528446299
-0.188367267882401	0.126541891960455
-0.339828238438428	0.24311745350841
0.380570278636146	0.169088548105439
-0.196157549846983	0.106114483085197
-0.427527442186973	0.370827704484809
-0.171762117804328	0.0615057733921786
-0.796571902496935	0.877854889182083
0.470858072970859	0.320962007163971
0.602650251643997	0.455927825861381
-0.801599376433584	0.534061122898942
-0.429053012241043	0.179317409277431
-0.118816355540932	0.0472701969336813
-0.194989416429833	0.10549329523348
-0.806301574475639	0.440102374945707
-1.55640984807428	1.50738108724554
-0.414216368176492	0.236735088352148
-0.44403598852896	0.345327158347743
-0.402164735517724	0.280088723726278
-0.289424442487109	0.183550964576508
-0.939542744372059	0.694857724976873
0.154465593370314	0.0289479903375428
-1.622076264757	1.25842746142696
0.32191138205596	0.195320983093946
-0.647491227755147	0.633988519931726
-0.625966638823671	0.563628974146182
0.035716329765114	0.0276327122431567
0.279475725612852	0.236071093855493
0.117036658940346	0.0954976932959664
-0.251131384415385	0.21314489975203
0.465106360973936	0.42830526189377
1.11450951332224	1.00161919295366
-1.1003799040654	1.06715705227035
-0.389311379115321	0.308979981129377
0.170899019560478	0.105286164364796
-0.903982549323332	0.757653784225453
0.0739905314211518	0.048100607065816
0.170156693794159	0.110887566672202
-0.389249588921014	0.308851057610257
0.0355342958119859	0.0207195666727356
-0.732259818565112	0.815043225956727
-0.155794211350005	0.10718316768521
0.397820062261638	0.329264956643639
0.541548036277639	0.451936363357641
0.3770011992241	0.334332846776495
-0.875675302022874	0.88386977657733
-0.869066943435102	0.944896148493902
-0.241995271545895	0.204044935920692
0.663989713632042	0.789377476098653
-0.190351195109731	0.14739729333057
0.445367776450225	0.32205574732953
-1.35218713600891	1.12656499027163
1.23282184412205	0.847050726361095
0.303885865233532	0.209116496322485
0.274247877817583	0.222664899946078
-0.796260668828506	0.68894580649938
0.0135743904700458	0.00941516185320249
-0.534791909939741	0.448132654848037
-0.569064714102052	0.643821524614021
-1.15939801795896	1.01467343893731
0.0156267890344022	0.0085888880544425
-0.0229147238791563	0.0151730299736803
-0.218164311199711	0.166013697666174
-0.35118875381456	0.313722549052109
0.124399274165227	0.10732539962404
-0.571086607066557	0.525125639889677
-0.111070524921419	0.0911787277879194
-1.05085567955959	0.414282430800086
0.729071904328455	0.608226358486509
1.11826744836536	1.00742976637653
0.74332973983613	0.729226932994459
0.177752366871485	0.116221475099046
0.175732591959282	0.120346873417517
0.605460228952869	0.458630190630304
-0.227075826841736	0.148284903334532
0.176172642677351	0.115105049669043
0.588104525479538	0.303776671058552
-0.551855701029782	0.352176772446279
0.180371223539043	0.129358971106307
0.831573246766334	0.875131761144598
-0.0191898010279162	0.0127229253172293
0.0180622540169997	0.0130789866741084
0.0641651399099085	0.0416124045355937
0.17629977981529	0.126183537480909
-0.193988026453363	0.130638495939013
0.784765217415569	0.619981453935871
-0.0409877046161127	0.019527868718804
1.44360103762565	1.64266311606561
0.0765279551457684	0.0519831678510446
1.8876090112428	1.62149569479615
-0.396463088711461	0.31568086548384
0.480755883536291	0.428203026215485
-0.62005340549142	0.699721192778671
0.537889877954212	0.550220209863767
-0.348498326049981	0.310778123467651
-0.79687619575652	0.756652846879196
-0.694244961162321	0.555496326700362
-0.0827599589645516	0.0603899031412861
-0.275088085529302	0.173542890931672
-0.568440122390539	0.521759619028319
-0.306276156376622	0.251589404712894
-0.0867651683784047	0.0532766511492659
0.989135465743802	0.809971103151367
0.499779200641621	0.316905312663071
-0.238940625287812	0.222243831623036
0.300216324971546	0.206330477645528
-0.193580281245707	0.150246276463114
-1.11266347664137	0.768287809961015
-0.0821060317896705	0.0503654437135399
-0.78275254101393	0.798450584275308
0.129446507229338	0.0552822862463444
0.123220765952761	0.0464728599078504
-0.199501555325356	0.108110322601063
0.418174929152197	0.333657483291577
0.171750256677749	0.117416454627846
0.287372295732593	0.216812779730521
-0.709118155422608	0.682342945824307
0.0823669639217466	0.0560613898340859
-0.658903327979917	0.392996661419351
-0.0775335080082925	0.0341172758140013
0.492565853578805	0.310734392179369
-0.803393205918037	0.534924651342284
-0.234100576205327	0.153382901306821
-0.074691403259768	0.032904439302586
-0.794523906500362	0.345121969413896
-0.407823318920142	0.23233628421413
-0.113418664500916	0.067268073039942
-1.35629798960248	1.13113599438104
-0.415464296122417	0.237468428323082
0.339753430958515	0.169666328704917
-0.0653144911078941	0.0412889701623121
0.129297606667776	0.0551498554583142
0.871579479884188	1.00752291203366
0.159992352718576	0.0400538861334557
0.305984919772522	0.210803547231806
-1.85907067693714	1.16631612849415
-0.557995027510735	0.357271886030689
-0.326085578213453	0.150379879538711
-0.72293391755255	0.800929895239764
-0.559446448976019	0.511104332847038
-0.739212638195135	0.96693448147721
0.302899426585284	0.208462659144291
-0.564639899488858	0.51695568090678
-0.189896665112733	0.127679470143576
0.598893473544922	0.452334306696997
-0.149582339739821	0.0851879886280457
0.442865199101624	0.433747641760755
-0.436356205546566	0.380265264046019
-0.334797359849889	0.202797636509064
-0.341699180314941	0.244648378318449
0.0320603781958505	0.0187229456649104
-0.904235039933848	0.757607347311294
-0.00768655218954563	0.00394677322135036
-0.229654258840835	0.150163970991265
-1.06095623882138	1.11883505126844
0.0804498768051441	0.0546950102271944
-0.511827098966603	0.270934671623205
-0.66467498420205	0.397526639107899
0.500059051223702	0.317104813889893
0.0183881948165621	0.00997295362768263
0.0638321628058957	0.0414016513916691
-0.346504518840177	0.280372801475033
0.680324324769227	0.88605352039416
-0.470438296224839	0.399937478307606
-0.338943986747978	0.205394581119415
-0.505880190063171	0.38366199733986
0.0314906883919367	0.018380733447076
0.141399764775159	0.074860581493913
0.693916159475035	0.809417504782656
0.953001368718939	0.942466333541648
0.28596156867496	0.224950181999935
-0.0382587018961889	0.0182937422201096
-0.224284414566887	0.171320455765476
0.320165450258404	0.194295217280359
-1.69661550867139	0.956574938709399
-0.149888409955713	0.0853956393733193
-0.419743723806853	0.240262056661195
-1.00905651148768	0.913536090874006
-0.231239016109097	0.151312030784336
-1.10724710034099	1.55026674647312
-1.13694200773338	1.26864731812189
0.0830064745623247	0.0565107454883858
0.585347380871442	0.302315774302495
0.172381949180464	0.106291967861843
0.890273753271883	0.91093090992709
-0.400176292848815	0.278322701552099
1.11307935085851	0.999192727214666
2.24595634073036	2.5052570310687
0.38173677410742	0.326551399572451
1.39098114036638	1.07654121216638
0.788589156987534	0.747511558898529
0.729252281534518	0.608617287338569
-0.688975329781279	0.550200433146907
-0.343968754915195	0.209029465631931
1.39067746221275	1.8902021632085
-0.111002951401862	0.0798838561224522
-0.0841444025279345	0.0516266234661121
-0.0849407490954815	0.0521165442957069
1.3401374938013	2.21011362329185
0.646803055705804	0.587494826442216
0.293045263879599	0.211594105022589
0.503935659213958	0.434061744341598
0.304410537796459	0.209510213681203
-0.39139303742534	0.345473923841185
0.608442569011715	0.461303125577447
-0.195481657349645	0.131644748674881
-0.0158398366844304	0.0105441229149641
0.180988032833883	0.162066843673539
-0.346068169727419	0.279744934187666
-1.10083894704863	1.31507991018801
-0.546914526745818	0.348256380041001
-0.258553097348597	0.193971644483092
-0.429447913240869	0.410266439628865
-0.936646798873061	0.69171533795206
-0.00343913738420041	0.00185961788084154
0.773836833275706	0.459482534768358
0.0672318064579791	0.04364096872418
0.546130298847535	0.45686832186228
-0.692235864650304	0.553566441916148
0.528867673894929	0.304330763489586
-0.251546543351383	0.127001627447211
-0.343270924947062	0.245872112092726
1.09111752656942	0.825665156196214
-2.79782811914537	1.87396857950687
0.181394091989981	0.124620019906561
0.0670243875845314	0.0453913213047497
-0.235058146798854	0.153969351355472
-1.17258158408481	1.47437281608035
-0.936368535616414	0.691278709693138
0.314279371360282	0.190120266531733
0.015548549614067	0.00847916920217656
-0.539187060838816	0.202416100648514
0.424157115579798	0.16722603272977
-0.0780828764283557	0.0343785485199201
-1.85598046414276	1.16223114558373
0.939964199994879	0.634777929365728
-0.332186318365693	0.153547014020797
-0.418376863958239	0.239435223304062
0.122822435377846	0.0409192109477493
-0.25595795616293	0.129265356172398
-1.352202972	1.3616479954119
0.945439617829398	0.639572912859003
0.292975330641019	0.211541401104365
0.0164875960249675	0.0089857436075181
-0.460135107876886	0.307643123199754
0.0395211154284587	0.0229848544944149
-0.466324257111605	0.312318640427447
0.658448437247608	0.206865271021461
0.339803185904148	0.169509322064483
0.392787886493072	0.323869367960964
0.726637582518859	0.605085583167064
-0.152306595207479	0.0868664664677757
-1.82255382785421	2.51905469798009
-0.888865115682957	0.825367363335833
0.582668623844222	0.563839965138074
-1.84258874187685	1.69304455859352
0.31576926762511	0.190872328667095
-0.081547117252963	0.0594698276271095
0.172153329245331	0.112254054559182
-0.485720693480197	0.488857398126951
0.275251287216228	0.231964562498154
0.00255520355261279	0.00204190122264142
0.536167036098887	0.547996233075708
-0.00473406530170339	0.00322250019520975
-0.512265959704779	0.476343326232637
-0.875151256524639	0.883489096327781
-0.243999778530922	0.206146225025712
-0.175141247730382	0.166097296146877
-0.0132663128532337	0.00886956781383714
-0.411559239911514	0.234866411182336
0.157460821858966	0.0905488066300499
1.35803460580754	1.25711335587726
-0.583436329722745	0.428709901914552
-0.399088854883512	0.277509623714854
-0.62006610443414	0.296469925613087
-1.3503734605696	0.84935907827322
0.132382889280095	0.0439989008298304
-0.55830524400871	0.357360135928174
-1.05070705759806	0.84989298165451
0.0702418868953648	0.0456119320246679
0.121080729510407	0.111309541407948
-0.221345491233559	0.168792440185415
0.514818226415229	0.44626312730523
0.0595176966742251	0.0385718750041587
0.180417478528467	0.12391601742084
-1.35362568483336	1.12607899938198
0.848308325314219	0.775024765687187
-0.0405695133872019	0.0193770894494994
0.511919971344723	0.443128475829064
-0.0370626820627897	0.0177489375041965
0.331230181195349	0.183899859713982
-0.34400602542865	0.246557964876385
-0.469196440710176	0.314858364487068
-0.217283795178925	0.185673553190419
-0.0459189184735936	0.0352588855516437
0.518586918697511	0.450285020660989
-0.0689054810080589	0.0512207575419513
-0.233190293594126	0.152743122995007
1.23515233678714	0.849525738520392
0.0308452250268455	0.0180078182351677
-0.507411039723316	0.470705969297163
0.179534795550349	0.14798148021323
0.255432929253751	0.246006148562019
-0.547749019358025	0.658327843009902
0.863482921727525	0.993471339054536
-0.224980587973204	0.171905349287902
0.381234674705111	0.326081978965929
0.418074648369868	0.316610610970721
-0.0236138178730224	0.0156401595279424
0.309618318957566	0.200653008032766
0.034819045904072	0.020323547950054
0.453718886249646	0.329202645812616
0.750789394356832	0.834442190336903
-0.115693112620862	0.0834386422831743
-0.0240018644544162	0.0158948392994879
0.459438629829787	0.438720203320849
-0.345042100235005	0.332535628369051
0.263382121547133	0.234863725104863
-0.417113922088629	0.459411541744804
0.182997584417816	0.131418299286384
1.0884149382826	1.38974865874113
-0.385265362287475	0.339100370277563
1.38741587595224	1.88251256555495
1.05217276980722	1.11977751580481
0.165510401621552	0.101811034936082
-0.384487035814004	0.33818722461837
-0.440707448922994	0.341977339932109
-0.648587334361108	0.635170212028888
0.0177322480636324	0.0128487172982313
0.572681967232833	0.457747778741963
0.602590873737978	0.562383155780897
1.13271733907558	1.16201322291279
0.377678906026998	0.322355142880041
-1.00388955818397	0.496069737089694
-1.11578325024092	0.771466419262154
0.127740324846529	0.0481396538224244
0.127400928165014	0.0480444248477577
-0.337961322742832	0.204964977155177
-0.258548809094942	0.130748653622353
0.733367540177184	0.613238053803196
-0.276026763453165	0.174209071417564
-0.343194601294613	0.208595958401071
1.31104941060088	0.562257057470917
0.0153961284754903	0.00839924311174342
-0.0754517763532405	0.046204034901643
-0.238130718624198	0.0765764115230572
0.131588254721678	0.0495753524376327
-0.625937070321993	0.151091209012893
0.138692748947246	0.0459791022798751
-0.534252162096025	0.200568300060239
0.67150187758438	0.308828121931979
-1.00428527958743	0.496616726867449
-0.584010438929723	0.429231450672649
-0.471091277257149	0.316515858029481
-0.509413012830844	0.269287116581025
-0.410652148472588	0.234426201126656
0.171040611631717	0.122117411103648
-0.383793532390817	0.30350895710439
0.158123832707403	0.09096124748164
0.653826927429073	0.205337088996143
-1.24418246293123	0.948672766008205
0.285531509013452	0.215238370190748
0.286353146718637	0.225301384706094
-0.0348523172106137	0.02257097655833
-0.0762269288879146	0.0466781595526144
-0.395906857832471	0.315241453346087
-1.52201216040573	1.72808632749608
-0.568652396624026	0.522239885881744
0.305975274238449	0.198149914204341
0.898494699946277	1.12501636430911
0.644924856702236	0.689783636833825
0.993242878314564	1.41219744899364
-0.723843672054089	0.801524129315651
-0.136921358995323	0.108747971650177
-0.567380728703578	0.520665890397802
-0.683895703632426	0.544393671131575
3.61785076828112	4.06378522463081
0.171982651539275	0.112152484137754
-0.00683740979784433	0.0035093520544037
-0.503427366035804	0.265640343973575
0.426462102049268	0.324465219944328
0.729603888163362	0.608772307476778
0.949414632540355	0.936903028228614
-0.330080848232235	0.152431597005069
0.168382105192325	0.103654622069269
-0.910536319004909	1.30148156249261
0.269397128572431	0.241109957027951
0.791457042908041	0.751271760949091
0.927521754516315	1.04887277543803
-0.339077505989014	0.242447135023986
0.922962772905477	1.04077746152724
1.05836065855109	1.12965653519444
0.603857367246502	0.457288911200802
0.788397642300886	0.623940020339559
0.399097648350607	0.330523818656357
0.309185528358336	0.200487520384325
-1.62082752549554	1.25644273030538
-0.557766313831001	0.356788665999433
-0.676715352876766	0.477412216688184
-0.694223832391798	0.611412318612345
-0.475890756303915	0.405883080828548
-0.613881587992042	0.505726286083378
-0.335020546623203	0.239009013022267
-0.2349469621571	0.217876798973185
0.00935976845522075	0.00650941813898423
-1.43493339805938	1.53499158441672
-0.565315463812446	0.518198105054915
-0.0615019694775482	0.0388464390477385
-0.201347578095498	0.109103874874954
0.0406885789604552	0.023662702636414
-0.70804929935274	0.628027194322848
0.54930523108241	0.565269370234441
-0.239448267637231	0.20162828156447
0.183704321969129	0.137238923551439
-0.317119944558086	0.286135676075461
0.0844787627467856	0.0598049488361491
0.271392922002318	0.228029589097305
0.0757589151282902	0.0514492148920867
0.0514766636540712	0.0317590331926582
0.752547816914679	0.837187162625884
0.409374735572078	0.325275584644726
0.0107686421111349	0.00787492301013191
0.710059332038541	0.720309495138487
0.909457570065591	1.33008641255304
0.0770225728362122	0.0523150799438896
0.078054043993454	0.0530494109622553
-0.220828534671798	0.189150239447222
0.511386592630041	0.629372745283265
0.490957002992208	0.440147353381681
0.380148292683818	0.324828652617753
-0.191311040737749	0.128711292648329
0.0879385958645362	0.0623441569589294
-0.38935862750214	0.34352702761569
0.181965458084517	0.140907962855816
-0.0988439519443905	0.0822497985124462
-0.460582326746794	0.4326183166895
-0.528683145647507	0.52654300787318
-0.588871513046656	0.433504334668007
-0.939223687271118	1.07817967608451
0.326369190285787	0.181100701446175
-0.537416566587662	0.450864303375302
0.0144585930137234	0.00790215385347269
0.849369965220444	0.625158549675923
1.06848943716824	0.648228728214423
-0.0445285117474655	0.0212234532327812
-0.00801272946230845	0.00406520303020573
0.581517748674305	0.299663487888075
-0.113009959586025	0.0670155154341637
-0.0857554184120334	0.0526418910167173
0.470198161026736	0.320376892806222
-0.501442023091984	0.264425266379078
0.0411033232643937	0.0239293840818316
0.144976980831471	0.0425943260188831
0.597362735320499	0.309481788790731
0.882172054018274	0.467293907961911
0.135364021327178	0.0449437078279942
2.88899435529144	1.91481564965975
0.316728579508029	0.191670531197843
-1.04596994563448	0.843298311824506
0.307659814553161	0.212086110659819
0.572439894327199	0.457734256466441
-0.790074655877468	0.342816462594085
-0.169105614986712	0.0605906204631912
1.23255535670585	1.20595459319893
0.370842243409465	0.327800464659184
0.952417339375288	0.94057550268737
-0.0773809800015959	0.0473997013729404
-0.90370472588636	0.757169835551356
-0.394335066150969	0.273702580582917
-0.705096285667962	0.62429543478522
-0.53818837400946	0.45174217539085
-0.0372813113945389	0.0178138197071362
-0.928579584498679	1.05942784437424
-0.60305075723163	0.638928759375522
-0.421888947613387	0.434942724053385
-0.080092956338835	0.035249618286535
-0.277645195671174	0.175121996566139
-2.63668600833772	2.9478044009947
-1.69335391232958	0.95387553116282
-0.514156645798775	0.272396438462666
0.321780655252077	0.195209636254772
1.06829349317689	0.648849060512134
-0.400703465203959	0.278739041647922
-0.257036408811482	0.129803055430867
1.071065363066	0.650507801129146
0.298874640406003	0.323822246881557
-0.134464209347846	0.0948426042851552
0.0383277485832068	0.0222945037576105
0.065076945838352	0.0422099015086409
-1.35136583137622	1.36121873881866
1.37979835615447	1.06213421784998
-0.145582018013863	0.082843782252212
0.533870949062047	0.308502183957559
1.4303047285101	1.61823080560817
0.988488824766989	0.809598525548416
0.159229487097333	0.0914841126020722
-0.966761848986155	0.595572537015468
-0.147904343567363	0.0842433817912067
-0.199903723449664	0.10833542853593
0.138189263351201	0.0662692522527709
-0.196001043641754	0.106037317974827
0.0351472143663816	0.0204933674590592
-0.0836685796394171	0.0513308771414463
0.404786690390603	0.32073050764058
-0.4708036117275	0.316177654266837
-0.710952042378825	0.684804752564702
-0.231971411624739	0.17788021623909
0.74701445785463	0.734273626851675
-0.395290915236396	0.274507812323303
-0.96942460344015	0.598971215032776
0.784595349161583	0.620285911382668
0.416636335147245	0.332171242196776
0.846037584329951	0.771451986922185
-0.0187546790039997	0.012451256969038
-0.0209692323268908	0.0138994612210651
-1.28836971252179	1.59885734787111
-0.341760111855686	0.244712297022356
0.325135598239238	0.180312064212993
0.38805722106187	0.33290007891621
-0.2349661110697	0.154016773215483
-0.0399341602364324	0.025875934982574
-0.365209278749977	0.356763260902837
0.366021995247043	0.345502316977332
1.13281085051753	1.16181879003131
0.681957241129306	0.595042343408612
0.180019926793364	0.156966851735214
-1.24153853275786	1.63802592033714
0.186694891822841	0.149876386010413
-0.797586743433799	0.879365757983117
0.643367724733127	0.68715807288164
-0.0844898835230505	0.0518307984828687
0.129451701763363	0.0552996203439574
0.33945139535153	0.16948938718861
-0.253713623716243	0.128136709192458
-0.249721469507305	0.186373822617405
0.345069601977721	0.172542436651614
0.942875165777756	0.637245164243688
0.128409991510058	0.0483828350789698
-2.30383287964351	1.15080880271623
-0.0756217125559644	0.0333016911335105
-0.554234070092779	0.354290941824182
-0.686687486960054	0.486686375342071
2.01521895220976	1.9012639239355
0.124362340439723	0.053042603915687
-0.0681416067851776	0.0300781551936521
-0.261698532482127	0.132461580912612
-0.00994089372324086	0.00502084909544196
1.43879814346692	0.881611180766954
-0.510418274488785	0.269902179155575
-0.738670030097319	0.252119567169358
-1.53385767192304	0.545384911398725
-0.23197785438725	0.0746812633614378
-0.809052313095004	0.442265939692013
0.661225548064972	0.20772290984652
-0.168318442800183	0.0602514969158982
-0.235969441731701	0.0759552403505453
0.135147068183463	0.0448731525122335
0.374402254410437	0.165957266705863
-0.236519085872564	0.0760782981535278
-0.167535179530461	0.0599846998526839
-0.0821582847056604	0.0361303770030629
-0.9997077483258	0.49337363041305
-0.62732563122962	0.300719543149506
-0.800704394358032	0.619821662976757
-0.803287714686696	0.535033035802774
-0.936383490787614	0.69125703600912
0.307980317592191	0.199566872883017
0.641190932333062	0.455839255491053
-2.5766529574574	0.657773148602288
-0.19769152370015	0.107061557409013
0.426095675479713	0.324181259705407
0.0928503626743617	0.0683270251572265
0.427194898612012	0.325230113048413
-0.149039102383663	0.0849198270851458
-0.402782579292473	0.280520064462024
-0.189946460943261	0.127653609886458
-0.789188296223739	0.681139299478
-0.509005852102717	0.472399923541988
-1.73984732062172	1.91475913997242
-0.416447714183901	0.238252679925732
-1.11025005707329	0.765438917657796
-0.795607293843077	0.613845602186318
-0.328752778916641	0.151894087711252
1.0472501359547	0.497556503187299
-0.810611538250955	0.443339445574606
0.127067130239612	0.0479237420102215
-0.576176192829957	0.42161993354482
1.05024320247209	0.499305652780174
-0.25594460406778	0.129401564925789
-0.0929385509783376	0.084605084656239
-0.98811858321087	1.26435610779019
-0.69513804758352	0.61231215830975
0.167474195866062	0.103116974696612
-0.908448291485196	0.762391523333128
0.586741009394728	0.302789600281493
0.132905370706103	0.0638175252952937
-0.932713992642356	0.687940573888252
-0.0600037617323782	0.0379013696978547
-0.505955498703936	0.267011012146868
-1.61762756148067	1.25260528900527
0.855573807610045	0.631897426441575
-0.284908711143587	0.180427102938456
0.29287262287506	0.211384599567171
-0.39097662489736	0.270850898612843
0.141729931726748	0.0680399155074997
0.885778040797073	0.46996041052729
-0.0777810266934077	0.0342469158484829
-0.231329984418762	0.15124919202835
-0.612014837320089	0.503860837205219
-0.0602584940161908	0.0380639130984306
0.485563230959818	0.433647821010702
-0.458690831426457	0.430176986526245
-0.0994028342304504	0.0731332377812059
0.180184885673859	0.1237128542295
-0.147107435934125	0.0837368584151683
0.132517639884099	0.0565624888818483
0.177957347525864	0.116307702263308
-0.504392314214037	0.466836914337582
-0.47653007474397	0.406685544771977
-0.454032754006571	0.463438121262186
0.0756379719364059	0.0513575862734211
-0.246527879016966	0.208629202896889
1.0431269016984	1.45950044193554
0.284241233387264	0.214104214904
-0.458094633727109	0.42947045460965
0.928689607432865	1.05030582125042
0.0458458173537373	0.0282797132218015
0.390435846935435	0.321830722116715
-0.176874210804103	0.14009111075606
0.0661435530476407	0.0429285955026207
-0.694178883388071	0.555320576328191
-1.25953071319575	1.18574276910674
-1.09980114097579	1.06637354378297
-0.86834890744472	0.944510686507432
-0.637269934072247	0.620160578250899
-0.516030084857012	0.480955364232647
-0.69188347604634	0.552827344599561
-0.416048970452904	0.238012937216921
0.167428905371562	0.103089180154103
0.279107521628175	0.22732173935278
-0.117984276991248	0.0469113915138907
-0.0523631346632314	0.0395201328712464
0.845278675263812	0.621237844609243
-0.0731714678760423	0.0322455859603921
0.313031070618335	0.188987140041623
0.679199107228281	0.313038547221107
1.23704261670618	0.851504974617286
0.129270930562912	0.0487053692648074
-0.468679693469123	0.314319853635618
0.131283311958605	0.0560026948259594
0.424719696521905	0.167520800855861
-1.18705899094899	0.662625155371146
-0.58212160422851	0.427312869852828
-0.800945981316413	0.619501472395863
-0.0794370717150708	0.034966043729757
-0.997778677799232	0.492287479518007
1.95988292961267	0.441702177751728
0.510271633266051	0.179924314863983
0.127740324846529	0.0481396538224244
-1.83066282429031	0.739596942279786
-2.6607167035178	1.62618182428
0.129270930562912	0.0487053692648074
1.55450950666522	0.755013474046303
-1.29168000855152	0.575539877969775
-1.83496954182052	0.74201254055013
0.657864503304789	0.206616146564203
0.661517102334111	0.207824976675168
-0.0108227785312961	0.00547833071147885
0.135013812660324	0.0647808494274447
0.125420086757105	0.0473043623728007
0.144976980831471	0.0425943260188831
-0.168883481879203	0.0604274159651903
-0.622008872815502	0.297649480104119
-0.805738878608753	0.537691542740204
-0.624501462907049	0.298906969740345
0.31429668644583	0.204279152067854
0.950287720870208	0.248999740475732
0.584731094457556	0.301868365209089
-0.229984547564071	0.15040825353327
0.842950492568006	0.768069616566752
0.872106979334867	1.0082845462164
-0.342136529060764	0.245039950958255
0.304620330469893	0.196996531177262
-0.906004169393071	0.759154245173277
-0.255508040472153	0.129131806906711
-0.339608864646392	0.273628365080593
0.17795708922266	0.132583150998616
0.173091998062424	0.118492184717993
-1.46141168723451	1.32160040523404
-0.196427414689109	0.106342130304209
2.01483216435917	1.90032798825452
1.25658555936341	0.68088288459711
-0.339973083717416	0.20633776440883
-0.25407691917746	0.128292742812592
1.23359073183813	1.04068766962929
-0.214630310544878	0.217001145735156
0.0931745128072032	0.0685834993341661
-0.25655549094267	0.192264549750913
-0.163485192557817	0.112958435726595
-0.228007151391191	0.148990382721847
-0.443272131114112	0.344756115031011
-0.201264823923501	0.109059454919778
0.850047283835064	0.626012031149802
0.295119686034206	0.213386348638441
-0.807093796072415	0.538975995390956
-0.0326599142595066	0.0211744956971085
0.89528199071653	0.918513175347636
-0.0401341418953829	0.0191308449921194
-0.0823649539672398	0.0505283404943121
0.642772762101539	0.582560115304651
0.308789938397516	0.200265807963865
0.0151475671199116	0.00827147075947523
-0.38589199198894	0.370816364212526
0.171929872461084	0.117617450456881
-0.0881412842177816	0.0540976848261691
0.18449103539129	0.147877163821685
0.268935145189621	0.217761892287901
-0.18913570037975	0.127125300422723
1.1315816880988	1.15930822791341
0.184534855273613	0.143044523408281
-0.919000950598981	1.18762002230042
-1.41752883234436	2.11899163559582
-0.04426704070025	0.0286917709402645
-0.0917310742037332	0.0672504113785404
-0.264053874965835	0.243693702788448
0.179790242864789	0.134028234507631
-0.132403243370951	0.0933256466814385
0.0365165987286364	0.0282534693263891
0.979791938039483	1.07322077859455
0.680812530102689	0.5929365626044
0.00864225103232965	0.00601495024514406
-0.0274675001349351	0.0181569751757767
-0.789707181688353	0.681769035279946
0.0627941821125211	0.0407145939623197
-0.507006429293685	0.384815124415927
1.32454571011134	1.55968301301152
-1.27629689021529	1.40327391210074
0.158395036317272	0.0911227695932468
1.25889294027517	0.682157932029528
-1.50220989234553	1.05649457898503
-0.801141398932513	0.620055408476828
1.23377594576433	1.20806646838722
0.699816581815174	0.459318277202842
-0.325772973836945	0.150225747425239
-0.193231518375463	0.104504367026707
0.310061804635802	0.187230740220405
-1.04313192494267	0.410517747694466
-1.23864202080579	0.942677185663456
-0.258618588470854	0.130747996209014
-0.329587183705751	0.199189662418532
-1.30365735457902	0.582596168206635
0.3791348120728	0.168304142063453
-0.238517872091775	0.0767343190056563
0.131922134573853	0.049685237617415
-1.52926336424741	0.543358625626883
-1.00388955818397	0.496069737089694
-1.14260761039773	0.345006924269412
-1.04290235412753	0.410559570501728
0.147259813410519	0.0432007445014279
-0.233742966580479	0.0752394538943447
-0.324674991215211	0.149799889322193
-0.806923087833804	0.440393107879136
0.379020836927846	0.16824941368642
-0.78873939795176	0.341991104298643
-1.4857791698101	1.03792887107556
0.673406299089429	0.309995735525838
-0.811775923318263	0.444365053722232
-1.24088329884746	0.945570243525061
-2.30476209042479	1.1515199403139
0.940892486240359	0.635217358760045
-0.241762406615348	0.0777470617850766
-0.809278174842135	0.540963850354684
0.0528413087544034	0.0325767623778415
-0.504709993096705	0.382600940793968
0.162590253502546	0.0405994312489443
-0.413926807790648	0.236364407897031
0.274661611728561	0.22316968946831
0.0961456162875159	0.0731673878884958
0.788876899117621	0.854268893037961
0.0865639056447647	0.0613284919787349
0.0299381660931656	0.0174853541461438
-0.258733061699178	0.194136222391633
-0.0543879927643972	0.0343210257034795
-0.0553330885790025	0.0349270434456476
-1.26511709704647	1.19269212550226
-0.508759626581675	0.386191572879999
-0.043172968309498	0.0205891718215923
-0.46415646401586	0.310737956667774
0.133996449912583	0.0642672858724856
1.06787756973317	0.647660386599083
0.648716055667241	0.462180776381488
-0.117902708700115	0.0469250276685034
-0.278022909500645	0.175506474798556
-0.159302965398257	0.057114224293008
0.164333850842923	0.101092187483849
0.523352667768435	0.722715488691435
-0.0235545732406374	0.015594607426295
0.0921496474343634	0.0699598857082056
-0.471327328080153	0.3164548382465
-0.97310401481276	0.963955206611863
0.397704828583781	0.329132190732988
0.132830269347538	0.0566941160717077
-0.0384100981658711	0.0183771211499722
0.573383818787055	0.458693571794701
0.0186555860824019	0.0101141697222617
0.992417143346697	0.814835327870935
0.699783196724979	0.45859124837399
0.143210806727225	0.0758296179696823
-0.676107903248592	0.405821577947442
-0.416928700341772	0.238331588069607
-0.627874016085045	0.301277734749088
-0.509163048903537	0.269213584346613
0.177798138246535	0.137170897460669
-1.03382037203337	1.1745294296105
-0.472772197802107	0.402546475741464
-0.42790223029319	0.371096953997886
-0.0575223165940968	0.0363129780740006
-0.614668193069796	0.506525621951849
0.0546168715500818	0.0336872946010171
-0.0996516224131305	0.0733050275926467
-1.05578467069931	1.11060464973435
-0.696177756252346	0.557542016201362
0.0455306405735075	0.0264803330216178
0.101099819322648	0.0771267752096751
0.865830319066435	1.11083326686481
-0.454212278254541	0.463630512569723
0.593199946427224	0.663519327949718
-0.584853505169531	0.578457715955098
0.378701624782636	0.323417150191769
-0.53534178512985	0.535556403501774
-0.533526559604864	0.446649915856095
-0.307906111526068	0.253183621002335
0.10444568277235	0.0798429892305868
-0.257852037201328	0.193233737167058
-0.392559015916909	0.346913748922654
-0.0205506975962167	0.0136259491112248
-0.0428280242868508	0.0277541941175479
0.0515208237748913	0.0317913380149767
-0.198273600809145	0.107285353481299
0.15903567903924	0.0915693042687003
1.25973527090773	0.683240231968848
0.673147662557951	0.30986199776055
0.428976385850053	0.169324382927391
-2.25576931719127	1.90892406016921
1.76046014220399	0.964372176205742
-0.542550190002901	0.204022574863377
-0.79129781906012	0.74893643657059
-0.00426319943879386	0.00226176238443481
0.469074955535767	0.319450688113181
0.937662591459185	0.631763564194763
0.292509797045573	0.211200954586155
-1.05826404487136	0.858115113665241
-1.50897634643426	0.759381379959404
0.516414683304658	0.182180363838712
-0.536322009305803	0.201466150653051
0.661225548064972	0.20772290984652
-0.624723032367869	0.29867635070189
-1.04313192494267	0.410517747694466
-0.254227658715248	0.128435998345691
-0.359725191866461	0.103238313016327
0.147597353924913	0.0432809812564028
0.51185508822947	0.180429891879722
0.341683515144474	0.170370018773878
-1.29790303333427	0.579341243572057
1.25613147565969	0.680993740252718
0.138019237617066	0.0663367257599024
-0.0778442799880398	0.0342488222119108
-0.793963650421868	0.344955654228715
-0.889635776331305	0.826758204451292
0.941301637125253	0.635677036974068
-0.662154855715363	0.395348293665247
-1.34489823388258	0.843163844366104
-0.192640973201216	0.104150484412613
-0.414216368176492	0.236735088352148
0.162441310119059	0.0935992515084338
-0.463993661559621	0.31060579289298
0.282285624322948	0.23035652264931
0.056353464108679	0.0347548660665144
-1.65379564031264	1.71207376665364
1.41573372171902	1.77448048203393
-0.10280714035431	0.0736541380766674
-0.345562757395522	0.247774516761452
-0.412261031351047	0.171714138801548
-0.252583482828719	0.188756344547434
-0.150082845575745	0.0855268803922488
-0.506199231540822	0.38362400521104
-0.157710668816319	0.108650804703991
-1.04815836467257	0.845745285363039
0.0377643378211981	0.0220136202425329
-1.06134710258223	1.11964047734033
0.945755758104308	0.640347614370921
-0.390324289904404	0.270316404320029
1.52147295114537	1.30265960875532
-0.152829631919328	0.0871539495987401
-1.05323819325187	0.85112324081565
0.770793985117418	0.45752296418316
0.0416451327232716	0.0242494370045986
-0.411927679691464	0.171559111174735
0.0623110855344682	0.0403897620653431
-0.219995333570009	0.188379276872112
-0.0237192294436368	0.0157082900414277
-0.901678236998724	0.754528494887115
0.980901123064048	1.0756592766558
-0.388634421041764	0.342747601567934
0.291930526580476	0.220728867793894
-0.343694011168308	0.208834672190799
0.463068168099642	0.314538940276081
2.01767009336753	1.90499715680611
-0.978218564428392	0.970816747481267
-0.277508767119145	0.175241720743968
-0.109736823922088	0.0650284262642232
-0.197412011414715	0.106905377355674
-0.4015313377525	0.279530078506674
-0.55602894319553	0.355788724756025
0.570340132092919	0.455487203518633
-0.386998474170739	0.340808052679944
0.871048922297263	1.006016547757
-0.205490412088763	0.111482386782589
-1.07177823024551	1.36021698141875
-2.11530477577074	2.97215167265479
-0.142829851526053	0.0811963168853886
-0.624719647469396	0.562087194066637
-0.0751241896746465	0.0330884150067374
-0.702994827067214	0.622142212001473
0.0375090077326855	0.0218564558056053
0.566081610014154	0.643934994872966
0.181967117627859	0.130641848635704
-0.00448767039145029	0.00305354670463028
0.375739041166703	0.332978118245257
0.182333539841787	0.141209885832689
-0.191812298492395	0.148710166952832
0.537249489271225	0.549360857052881
-0.335004670569166	0.202953971888395
-0.155720032079927	0.107183128886649
0.64372016846932	0.583676850817822
-0.0600037617323782	0.0379013696978547
-0.280213035473512	0.177108399299628
-0.080121263036328	0.0491166373736905
-0.0850471794323859	0.0621256210891171
-0.0168500585610374	0.0112063927780087
-0.19246138221937	0.129570493394661
-0.222641303624449	0.169911582846673
0.402874086854406	0.318776494874601
-0.267847043427915	0.201829003605529
-0.203978311262543	0.110597667762949
-0.400038330779487	0.278451330421325
-0.512801748705958	0.271561045519551
-0.418091104471186	0.239248925062763
-0.412462076666536	0.235610232235777
-0.194354096336305	0.105096752367293
-1.51284627596671	0.762154786285722
0.769079056259101	0.456467679264538
0.128782523982544	0.0428430922951178
0.150210653501253	0.079700112109212
0.440575748003747	0.317547492102799
-0.201061508374983	0.108951643353099
0.139122954581597	0.0667402027717289
-0.0851368846356987	0.0522539919475691
-1.29168000855152	0.575539877969775
-1.04744397176015	0.412600703300656
-1.51170809593199	0.761452815094782
-1.1414839653338	0.344622990730584
-0.746468959039539	0.255084183402722
-1.00399942765767	0.496751743591319
0.658157600688591	0.206837664845118
0.67031140224908	0.308146609796731
0.593554242071628	0.307084073735305
-0.231629644038533	0.0745681370593555
0.127476057735319	0.0544213820391125
-0.411927679691464	0.171559111174735
0.0186555860824019	0.0101141697222617
0.128338588542606	0.0483629401375905
-0.962485729173715	0.592956476704811
-0.3981880757277	0.276557418264759
-1.51181616938305	0.761073231472496
-0.663970994234411	0.39706756929124
1.74629976634659	1.34818924091922
-0.795386158811508	0.754275587666545
0.169165914800971	0.110136181632745
0.135998997701927	0.065179640552751
0.573243074671758	0.458625831455378
-0.628030265547787	0.151499678636842
-0.0556404623041488	0.0351187583951623
-0.081221982583192	0.0498092692685672
1.43168444699141	1.62071126214472
-1.1117882338652	0.767071933625115
-0.233712654909884	0.153103132088967
-0.606337566475859	0.497921317890471
-0.190559569332288	0.147545075034772
-0.340247178172785	0.206563769612453
0.17688686064915	0.126701025010454
-0.259992711285179	0.2610891007826
-0.616136905366822	0.69333282599384
-0.0713759562646798	0.0531317241183584
0.27603135111361	0.232710982415658
-0.226468870779983	0.173213225647853
-0.84023861588494	1.14034920190208
-0.904125342487727	0.757683796353981
0.015680115612831	0.00857573654620685
-0.19245436987408	0.149268665147294
-0.565140137040167	0.517787251985335
0.570612258365586	0.650792560796224
-0.669038035594224	0.748652696497329
-0.0763435463908425	0.0467524936151387
0.183470051227679	0.142191760452315
0.428214494770191	0.32606682748753
0.470122392975214	0.320378523291614
0.608045732467378	0.460782514654719
0.0867455570240004	0.0614629110897865
0.595104811959414	0.952020026200722
-0.466392220459104	0.31271250711528
-0.051481759327156	0.0388428329145061
-0.00720928759475801	0.00486393323696315
-0.788276522239301	0.679905872311074
-0.0164100178440759	0.0082238365846198
-0.0988846477800731	0.0727252845184768
0.288548490082233	0.20785252618348
0.427898437718462	0.429402129819217
-0.388699234180308	0.342534325292024
0.271212939436536	0.227948129369125
0.0448350203830944	0.0276580601724002
-0.00699045578882722	0.0036073676442913
-0.608882369603837	0.500474562680127
-0.339831221940766	0.206312538591329
0.719266389817661	0.819356516506375
0.296134903937387	0.214199946290618
0.686552781399917	0.797439673317959
0.790390138119625	0.749749532200765
-0.0445596456112033	0.0288647182642057
-0.235874732777163	0.198154333828849
0.550889632744413	0.640291094505136
-0.414394074402198	0.236813410082074
-0.794763632886308	0.613271525700099
-0.0100108693496532	0.00509601452138369
-0.409861174567975	0.233929376581551
-0.189193495358989	0.127127986699724
1.09264334189598	1.92674074310225
0.389235842648626	0.415709544192796
0.0455825752392766	0.0265388349391752
-0.0833911691341337	0.0766154162905996
0.461648994388929	0.313459220934283
0.701950143781466	0.709224976173951
0.684434379197664	0.597484918904369
0.732642214227613	0.612165839366332
0.0197196050495699	0.0107119364941698
-0.717835232554754	0.693680630656061
-0.149564653963599	0.0852347045408415
-0.515289484668083	0.622897831348691
-0.735066877372508	0.867581460208518
-0.0688917311628072	0.051205254600842
-0.222545667992415	0.169813294704475
0.0265114000476306	0.0191978729972197
-0.353126148408011	0.342336954812325
0.698920115009984	0.457550575013594
-0.548493283037778	0.349583015940214
-0.738293042803139	0.824650988973727
-0.134606226616644	0.0949776046676778
-1.42785764821721	1.74451034161055
0.338155125821821	0.168537276082784
-0.294338425919574	0.215772241363251
0.312196523664608	0.188883217812283
0.12972701511052	0.0488696838341898
-0.0380231120493678	0.018198049065125
0.0487483312973649	0.0300622690792277
0.640693764651347	0.455105066780347
0.0823134266673214	0.0582138351343181
-0.228395451955896	0.149215870821597
0.614333921568815	0.46704202437405
-0.890537008499611	0.828050639289216
-0.0744729958032379	0.0328169528983707
-0.807760052109764	0.539400632468635
-0.634346756989455	0.304635191906486
-0.809127725486799	0.540197481059284
0.134796989185734	0.044763826715822
-0.326540917975258	0.150785695879736
0.702268432543827	0.460551312661798
-0.19754105470287	0.106961511206495
0.146777419788588	0.0777535036482079
0.369330960603679	0.163715568974243
-0.256196979716732	0.129498614743504
-1.23962869930225	0.943957610591595
-0.503903252450314	0.381777787634748
-0.113984077900534	0.0675986686333661
-1.04869553102483	0.847205334209583
-0.119521314129107	0.0475310840819249
-0.970611196463213	0.599211251720684
-0.27601855977438	0.230537530549152
-0.341773988786736	0.244515420802634
-0.0335617748490727	0.0217513208519247
0.466717370478355	0.317740667979623
0.155108423688365	0.0890888058447292
-0.199115332378078	0.107765042653738
-1.18565061819227	1.22362434132175
0.130977595936442	0.0435409758262869
-0.710744070988727	0.631171722730221
0.307033486502732	0.198930483833373
0.16780513788604	0.10333667667587
0.0861590105840355	0.061029467907093
0.846070409785273	0.772055461399264
0.0353391613892597	0.0205827103041316
-0.479652902744289	0.410147606704727
-0.397622636625162	0.276274758202717
-0.88536644606487	0.821000501228168
-0.718155223276536	0.694362313939564
-0.628708579101103	0.567203458922991
-0.321355369223635	0.290902241477855
-0.390004850468859	0.309625879072194
0.0245061756746812	0.0217521270720825
-0.433644226397689	0.531428791218356
-0.276991168319646	0.275331284661931
-1.1235090729762	1.90646755653493
-1.26208843305336	1.18856774108519
-0.258909863226282	0.194215150293059
-0.157547193651311	0.139135665285466
-0.160070152945068	0.128974306379062
0.316796511496643	0.192057735989072
0.0456571405154926	0.0265619373373259
-0.162394097456508	0.127476169156693
-0.0148364261006106	0.00988324290292648
0.28241668289798	0.221715056976683
-0.990904876495853	1.27052208389458
0.345183074971675	0.321472041696181
-0.328410251020795	0.233257166467752
0.788911946131469	0.952280761207487
0.0247048602678472	0.0133854726408999
-0.570178160126529	0.52391123527866
0.289237710636859	0.218397893264827
1.13254161844217	1.87963987621843
0.0843251964900643	0.0596824777193658
0.70469916716357	0.712978292961973
-0.0032751591254914	0.00175437320101396
0.290393485784134	0.219423411619071
-0.0285124972305912	0.0188601470020137
-0.451875844471406	0.495995429869696
-0.0254578090228621	0.0168511732013473
-0.671571358851367	0.752576450194262
-0.122292462650091	0.0987037477812569
-0.247686907156192	0.265296110703819
-1.11025005707329	0.765438917657796
-0.330393358161736	0.152580557331573
-1.29538171494723	0.577437227146469
-1.27989850222099	1.40902859705483
-0.315630164590083	0.378815773232461
-0.391903401736753	0.271601429869068
-0.908573240372918	0.762502007440923
-0.805947853701745	0.537689457638446
0.600898928071524	0.454061234432069
-0.189391926068711	0.127309035955375
-0.11121424223714	0.0659408962556961
-0.459783880249954	0.470916563203597
-0.788172601637339	0.341595524377101
-0.804000972345036	0.438775541584656
-0.106441104790718	0.0630037756087736
-0.19766742761982	0.107044409484963
-0.252770029823374	0.127614347961034
-0.417109250503297	0.238517829045498
-0.807636947442189	0.539470472318981
-0.201473522905787	0.109142949145222
0.264702364691111	0.22903871904853
-0.567619195558203	0.521005760199121
-0.140695438066875	0.0995412751003805
0.795841992251834	0.964318041667287
1.23096061040339	1.20361649884594
-0.342226962514446	0.207953076263961
-0.114208159166471	0.0454613905002761
-0.196001043641754	0.106037317974827
-1.743057708239	1.92123742504793
0.164133289372483	0.0945562835274847
0.145558986814352	0.0770594498448814
0.100153449608088	0.104092353259155
-0.0744284526206846	0.0554416925756431
-0.630900741036443	0.569738843067745
-0.580294333764253	0.661242933726904
-0.2819266238578	0.178380685992918
-0.622924950141373	0.298084054436828
-0.443098405153651	0.483740425521658
0.0581024663649213	0.0376304110634529
-0.105023824968222	0.075284027783443
0.534821858109376	0.309160180297409
-0.895701280433074	0.833863020687975
-0.695061435012648	0.612410211815116
1.37821337376319	1.06125919509711
0.777877533571095	0.612843337113336
-0.340989381163449	0.206939698591345
0.385561239282396	0.33043588880223
0.393418935689434	0.324515343244954
-1.05600141268159	0.855421298070806
-0.0104901780196762	0.00529109522086859
-0.629149487926917	0.567432977089287
-0.566156452045508	0.363345892534273
-1.1096180645918	0.763793174015774
-0.666697363185176	0.398744330629821
0.306802107263823	0.185104536468736
0.43038017867016	0.169931858392029
-0.50323130944769	0.265680274989849
-0.414583729189825	0.172844740940255
-1.74845093777455	1.92943919480203
0.430937351269827	0.170174602935209
-0.339969792121565	0.243188988702979
-0.625380300345378	0.299760189641616
-0.0755542948834212	0.0462633407145506
-1.34304234835667	0.842554714134596
-0.628789100734759	0.301329860342247
0.137241747959079	0.0658054864748649
0.617413933403823	0.469977872022962
0.323366480900135	0.178772853685418
0.515366829361432	0.446967387581164
-1.23579429813506	0.938394841661377
1.04552699612242	1.10960796154314
0.641655936369149	0.455930408396127
-0.410257069257545	0.234203047521053
0.180940002276832	0.129858441808223
0.0233652273870079	0.0126393207914449
-0.907226398912487	0.761551157696827
0.13344715681091	0.0569633928380752
-2.5766529574574	0.657773148602288
-0.346944718536413	0.211111933186461
-0.200305068359612	0.108541644094102
0.142128331092804	0.0682946359352252
0.133868704041977	0.0444524744567928
0.153594714371441	0.0882020447153401
-0.0448155417660347	0.0213559908386472
0.140827112956313	0.067571885117301
-0.421994067781229	0.176181420248154
-0.410652148472588	0.234426201126656
0.0667954179491638	0.0433282883086069
0.44896541340485	0.325293322313404
-1.86489114046587	1.17199395600868
-0.149545061767069	0.0851540509426705
0.171477594144767	0.105705716540634
-1.52358698560034	1.73079304860932
-0.0153524231933618	0.0102107463273973
0.183775299985728	0.132076418167934
0.0190478848088375	0.0103527786808112
-0.110568250659114	0.0655399460212829
-0.580620124510367	0.425979106609268
-1.85531893227199	1.16373376386757
-0.276132060257114	0.174111613736217
-0.199903723449664	0.10833542853593
-0.624653850410475	0.562289468717446
-0.46747294920969	0.440802620615162
-0.354209466115809	0.316966540624318
-0.463397752911097	0.310317850820815
-0.250179775543207	0.126221573570419
0.855251860577268	0.632204413857565
0.734767622628219	0.614308585454481
-2.30406669154021	1.15080704675766
1.14225164221157	1.29989453652602
-0.680705586727525	0.480696349417191
-1.6924365528594	0.952130100066479
0.669628669438464	0.307969115106046
0.801855724958264	0.329978129287869
0.581517748674305	0.299663487888075
1.31104941060088	0.562257057470917
-0.329768397676277	0.152271155223032
-0.551855701029782	0.352176772446279
-0.0204967366080612	0.0181626519495402
-0.28201253640175	0.256311969765828
-0.162727773937383	0.112388786060593
-0.877666659123699	0.887147693888477
-1.15188832682179	1.00478734572857
-0.258548809094942	0.130748653622353
-0.792052634019788	0.343809589207604
0.947725339795215	0.642476318669419
0.853325290028405	0.629345884617391
-0.418432324070287	0.17452805778287
-0.109704148514569	0.0650055380965552
0.0172893922114915	0.00941064854355427
-0.415609224105831	0.237207637546113
-0.79396948735238	0.686513255384304
-0.79712923441631	0.616037510642532
-0.606178386144947	0.497440032386866
-0.860036316041688	0.996451485566246
0.099474511345892	0.0758399183332147
0.161836776679188	0.0994123777897359
0.180262691157912	0.117961511538312
-0.243763363147304	0.20590368265246
0.34107474021759	0.170004488347711
-0.25128988190154	0.235714832875205
0.0155601261458312	0.00846444361348505
-0.478962256717344	0.409426549363564
0.595929013670946	0.580479637235215
-1.15542492300925	1.00848193713849
0.0947139094736814	0.0697439333855021
0.687557051744821	0.799314964103605
0.268082922276217	0.224833930405901
-0.685082149319615	0.815594379374683
-0.137274602145157	0.122106350070706
-0.0524571605471739	0.0447771000400677
0.515980606212061	0.447548737842357
-0.390929208102261	0.345169978897362
0.177180904929751	0.115755097182907
-0.344439420234359	0.24679698503106
-0.109030230049083	0.0645904876227832
-0.794011172555526	0.814327321766672
1.33876964496755	1.41619067687798
0.0500961768354608	0.0308812685673463
0.889331731289134	0.910056946695763
-0.00481280878830041	0.00252959358808104
-0.340925680613246	0.274874419018495
-0.144050498862719	0.102063126360664
-2.00658606677083	1.4019698108696
-0.337271876985566	0.204409004400576
-0.419366947267837	0.174907138182534
-0.553676211135852	0.353841523738592
0.136957210683092	0.0657634664186794
0.781283317081241	0.616345887819906
0.126850400325993	0.0541601948700295
0.853734966681924	0.630243172090417
-1.1143642280196	0.769289929140219
-0.149294217138177	0.0850744015036644
-0.664262334512871	0.397309659209919
0.343663496887345	0.171817058168894
-3.76080338308098	1.48176245886347
-0.354815349846941	0.101888689175609
-0.628030265547787	0.151499678636842
1.04703892798642	0.497162533983788
-3.76137421922742	1.48226291907169
-0.789949074347787	0.342860425674977
-0.416831719536345	0.173741892138878
-1.13872731243543	0.343741383764358
-0.359725191866461	0.103238313016327
0.513297440290374	0.181056085890725
0.123500121799985	0.0527530669588321
3.63203016857434	1.41874839489518
-0.164744037178764	0.059028259963585
0.374933422580566	0.16625772778587
-1.29939090545414	0.580269954898227
-1.00395217666584	0.496433034650267
-0.0429032288438214	0.0204525514923676
-1.23438350005658	0.938142543940934
-1.51159018346237	0.76153698752495
-0.509811123737885	0.269811686325879
-0.33281058362744	0.153827976075897
-0.113617842404022	0.045231923551469
-1.11171300612844	0.767074684666425
0.645174982795527	0.459311953698813
0.0226830458053255	0.0122717717549537
-1.45935814042709	1.31751364956131
0.16045117802105	0.0401558290866076
-0.687158992981901	0.548172142989294
0.174563020124591	0.124805666768642
0.184494451382257	0.143063482072162
0.78894947977809	0.747446905817372
-0.0727979398183683	0.0542251478210377
-0.477080733722664	0.407372023731215
0.0715666660294591	0.0485315916315889
-0.231329984418762	0.15124919202835
-0.41930005004658	0.174824179102143
-0.359725191866461	0.103238313016327
-1.00042671384016	0.494424006740095
-0.236295434458238	0.0760318807121589
0.320016850638578	0.193882586112253
-0.411559239911514	0.234866411182336
-0.792288418980578	0.68466240672423
0.885130484922122	0.469520571310958
-0.0774310000255217	0.0341007322353275
-1.0047636290671	0.908212210327261
0.0398056477428456	0.0231781752260279
-0.686038468693144	0.485573893683876
-0.697240360863133	0.558879825121371
-1.56255462010507	1.5185449219328
-0.546080036525613	0.347648565916444
0.312146361336479	0.202705255708637
0.156085098212515	0.0895921283770841
2.01578432679625	1.90236681105129
-1.52556530925699	0.541887546993991
-0.800466635772122	0.43634359105689
-0.625058451397486	0.299570273058526
-0.625380300345378	0.299760189641616
-1.18336718045491	0.659680463908191
-1.35622940587634	1.36820474416663
-0.258459698643628	0.259286783796505
-0.279254844801753	0.176490104409436
-0.398034093083851	0.276703935136911
0.140311500766694	0.067460696717837
-0.625027601916104	0.299661779686145
-0.509811123737885	0.269811686325879
-0.00862279771749579	0.00439162405068946
-0.387722901958478	0.307265875631227
-0.504349231719171	0.381736129548144
-0.814589838673422	0.545172077925034
-0.459597150703614	0.30714713958911
-1.09771300199452	1.06304567246203
-0.956051807328904	1.02565575630405
-0.269143208299944	0.223610449952142
0.0848752551393919	0.0600980195933999
0.00135049424133739	0.00102622909858331
-0.783081022865781	0.856276547606225
-0.643971094280757	0.809924941453895
-0.177411138372883	0.140508775955588
0.830444820429309	0.983642992799377
0.589418804603244	0.572569170218983
-0.0292067048641649	0.0226966583805641
0.298888461947751	0.205334926510509
0.177310696773912	0.132056781571601
0.681973118750139	0.889131355279177
0.170092186936141	0.135095842316019
-0.0208572055197597	0.0138189868561533
-0.384578915712875	0.338251328964381
0.0678072464183487	0.0439944132114849
1.22974388574833	1.20248293565203
-0.229914937805133	0.150371733567154
-0.0396046122916574	0.0189259466401999
0.0395992112129695	0.0230258984277456
0.0547523958182238	0.0337594914729437
-0.341385142038965	0.20739036406497
-0.709663958124049	0.683128537526715
0.137251140592937	0.0659045626428235
0.0380659468878923	0.022144229224854
-0.428819649540866	0.372224863514119
0.585034505000857	0.302146848118809
0.151438636250982	0.0804225677050702
0.145900922770069	0.0428171507649781
-0.328333524168311	0.151722211641642
-0.805605777992562	0.536673549834927
-0.628888727245935	0.301442471780304
0.0204102628141796	0.0110552236029211
-0.664382468011091	0.397301253072218
-1.73408669509381	1.46565809574049
-0.935326192420162	0.690839422253599
0.146332921310034	0.0429416898033695
-4.0152478191119	1.72707941673336
-1.52926336424741	0.543358625626883
0.13132857528406	0.043642788977823
0.146670376003709	0.0430346600388633
-0.352328640216398	0.101201570764145
-1.1447666380351	0.34569313996721
-0.359432307228107	0.103134774665835
-1.52926336424741	0.543358625626883
-0.740148737877288	0.252718341140933
0.123190713294119	0.0526070041383421
-1.85570122471156	1.16264732967497
-0.413194033026847	0.172063670363972
-0.966404885429049	0.596313197706014
-0.25342363704007	0.127960853759803
-0.117957085717499	0.0469570963557836
0.325379568319005	0.180107279455191
1.23504398450382	0.850127602140738
-0.812402174415978	0.444792956101086
-0.804621473140211	0.438958467266849
-0.265189601298355	0.134269770782629
-0.53874057789979	0.202401825815006
0.648716055667241	0.462180776381488
0.0375029804685149	0.0218615417732958
-1.16039542909972	1.0162516378421
-2.35999131857095	2.15941119856025
1.95731570776637	0.441000340195791
0.510271633266051	0.179924314863983
-0.694855276446696	0.555914460991024
-0.0764521453905151	0.046822437285307
0.0906469983959192	0.0643455123480178
-0.0386966814099957	0.0185115664747999
-0.467793402157885	0.31363950397811
-0.232540556665822	0.152276459637774
0.145062571632746	0.0769574687464932
-0.689662502213375	0.489567976293686
-0.147107435934125	0.0837368584151683
0.323973417796358	0.179306483400739
-1.00836013585893	0.913146941902197
-0.225708573814332	0.147282526685975
-0.337580984340967	0.204454211026306
-0.280338606888515	0.177274205010097
-0.262653703479599	0.132948840967117
-0.395241852974879	0.274373919307249
0.304316526245485	0.209394073440414
0.0182430800483528	0.00994276685085119
-0.275088085529302	0.173542890931672
0.127311248921534	0.048008323829539
-1.69567712933466	0.95544795283318
-2.08818862480767	0.943180111661063
-0.255729442306016	0.129133255847616
-0.9487580168676	1.67596067982464
0.169268502235034	0.110269631878438
0.0193225928710729	0.0104706564563193
-0.415193318963803	0.237455921860634
-0.34285520335664	0.245593579643486
-0.0401766835564547	0.0191905303220638
-0.340792206466645	0.243887871130125
-1.35118409067605	1.35817200279098
-0.5011720973643	0.379197666589459
-0.716764518713751	0.692438989004972
-0.503988729926419	0.381949184986597
0.34601104580966	0.332884265511524
-0.169915244190126	0.134009629751669
-0.226082834329738	0.172801062072536
0.00912063057974267	0.00634473385790797
-0.0652000921147679	0.0494842103777074
-0.201926779498869	0.175491841111498
0.100015203479659	0.0785723951701255
-0.62345263226566	0.705107766629379
0.926733439261498	1.25061044609213
-0.0900301402260987	0.0659290416814018
0.5948210941309	0.744286912951464
-0.325545174649671	0.318589693851492
0.183262730163207	0.131669685730446
0.743612200337352	0.729613302713016
-0.06388283682273	0.0403519207107805
-0.148634750894443	0.0846501892020853
-0.255287054801093	0.129052018396819
-0.220739303494828	0.168171643145606
-0.790524199168035	0.868677483896614
-0.177278302434737	0.140429038240137
-1.29145315181805	0.575466227441089
-1.48576216439132	1.03853875959717
0.130070615556567	0.0555691726612021
-0.625380300345378	0.299760189641616
-1.6201641883094	1.25528932380879
-0.113075269836414	0.0670794433039561
-0.335485484300592	0.203287160859328
0.428631067442515	0.169230176789531
0.849963187037371	0.626949731442583
-2.36141469183774	2.16344919775569
-1.18396539795966	0.659756408161173
0.425627365203623	0.167916299468516
-1.50513997974392	0.756614825908148
0.156896734628332	0.0393320207188234
-0.735201728577998	0.25087231236032
0.165339307449228	0.041165861935724
-0.538963433786103	0.202464572078945
0.803620921341924	0.330666152724973
-4.01226246083748	1.72475882924761
-0.74269218165825	0.253631177667885
-1.04244076044317	0.410025002253574
-0.540836580077605	0.203369627038744
-0.542550190002901	0.204022574863377
-0.686271138570355	0.486319976739687
0.141151150396475	0.0678427079814308
-1.04221071709325	0.410198911511082
-0.509163048903537	0.269213584346613
-0.808739412746861	0.44212091282488
-1.49401769237218	1.04807002498526
-0.257266573078543	0.129961049550116
0.15033505644189	0.0796775697291421
0.492117929260585	0.310373707365147
-0.927378672555039	0.681870042922671
0.844492535316521	0.769512221793059
-0.168318442800183	0.0602514969158982
-3.76471792016279	1.48446146627735
0.694250336330842	0.454010592549504
-0.25884182465097	0.194135388007796
-0.350230155695627	0.312648377027318
-0.169270697719723	0.133465431562182
-0.326701435000739	0.150635968932603
-0.539661343528338	0.202765677037844
-0.742101285286405	0.253499136601578
-0.195902376547197	0.132043464130789
-0.0831159725743894	0.0365472417995258
-0.340594015071389	0.243511239863274
-0.327948265002924	0.151198423357704
-0.00125293994125283	0.000785507427167618
-0.687013293447222	0.487120795141916
0.775683821469936	0.461469511900725
-0.0348136029214543	0.0166856958410969
-0.333155888606284	0.201664026500951
-0.41460923839928	0.236888009872485
-1.30262780783777	0.581847590234535
-1.18650676324905	0.662687745285691
-0.665041322947784	0.397726262402903
-0.0788397342083258	0.0346928907452353
-0.171416957929972	0.0613808082861972
-0.806879329202698	0.441067777740062
0.725187012867937	0.603426786383868
0.695568315084944	0.454602423148766
-0.198100227781001	0.107293445597336
-1.15765457966037	1.0131439137495
-0.708529730090521	0.681580879532673
-0.282590199651405	0.236856969276584
-0.432538032230242	0.376288611958988
0.282530884680226	0.230587673762465
-0.192528819554215	0.129587967118612
0.186713147729328	0.163679675604486
-0.194589493243016	0.105287408143667
-0.197275001620422	0.153416751217841
-0.424901825607618	0.404809671002044
-0.255373619934931	0.191219455652348
-0.795660613274892	0.75484645082615
-0.640909203338759	0.625048532931768
-0.395706246749586	0.314957438372054
-0.465270448970651	0.311618472626859
-0.473114447575851	0.318109813683722
-0.331562931248909	0.15317939368866
-0.161525144310109	0.111483378220627
-0.0370626820627897	0.0177489375041965
-1.83099487872884	0.740025429797688
-0.411891466102952	0.235240042516653
0.337839759264752	0.168290452009575
-0.625147504143598	0.299243250286022
-0.737745529684395	0.251848226779474
-0.198228391297726	0.107338271291675
-1.51262029806075	0.762329863284607
-0.787828756308188	0.341409588187237
1.22521277447211	1.02783009354169
-1.00373076894443	0.496476038979804
-0.246105424367559	0.0791235158992065
1.0472501359547	0.497556503187299
1.04968809060783	0.498914343791501
-1.04313192494267	0.410517747694466
-1.04290235412753	0.410559570501728
-1.52984634403446	0.54376252749597
-1.83165926032039	0.740451579277532
-0.738002720964575	0.251779850607704
-3.45945095257726	1.22747869975084
-2.57963910438406	0.659061212358043
1.81767719681703	0.704324972687456
0.162590253502546	0.0405994312489443
-1.19050618348565	0.66583259298289
0.499967460569337	0.316659412501583
1.02304894811125	0.381607715308403
0.321660199663077	0.177850254797868
0.658741078701816	0.207014004441108
0.883522598319616	0.46852696737076
1.65556210197332	1.56267484735797
1.23831897883645	1.0459219183049
0.699495221090948	0.458324940297203
-0.970309363140249	0.598990362663396
0.155067569950451	0.0290355764553768
-0.735458723618684	0.250947808327744
-0.536892625271128	0.201634766838871
0.148187146747178	0.0784518159390956
-0.29755095604191	0.218486990669908
-1.34765137912707	0.84639728114869
0.7254754616928	0.604123826605308
-0.802326035067861	0.53414407915456
0.305436162544983	0.210315532063161
-0.682544846870898	0.483286214772901
0.160658503128674	0.0924849946353757
0.320228561185687	0.194410320074862
-1.16214156291208	1.01774882062637
-0.969688836542503	0.598605784844084
-0.258427951201605	0.13076254970393
1.11840447189424	1.00701846476647
-0.340792206466645	0.243887871130125
1.87817475597463	2.07902885794735
-0.581732063169751	0.426996078245591
-0.394010124710155	0.313474790920116
-0.512274992427578	0.476567327514947
-0.602312638528921	0.49335275459215
-0.127182183326152	0.0893962710619884
-0.537724235785511	0.450937523435258
-0.483212273514795	0.413850124203077
-0.87401806836902	0.88197117919395
1.23549682284788	1.21049533933545
0.0923911355091008	0.06795400382669
-0.93569322835423	0.690604323393649
-0.536837491962742	0.450202440095714
-0.157530912170097	0.0899260666342027
-0.927589731823362	1.13326484752475
-0.0747060327030967	0.0329118265288211
-0.415183675733752	0.172968540362155
0.13506018741757	0.0398201960642906
-0.552693852365056	0.352790085672344
0.137251140592937	0.0659045626428235
1.09178649943306	0.826441733885136
-1.65515217267532	1.71602483281989
-1.1650506155264	1.02209463689997
-1.50794706066394	0.75869717656901
0.58779111249192	0.303584027000727
-0.35569023027487	0.10209347470967
0.587317049004266	0.303423630692212
0.140023273435885	0.041219830052157
-0.628164901903538	0.15157555358925
-1.52527766014307	0.541726073904961
-0.628599509856641	0.151612619227975
-0.535624045456398	0.201105802702872
-1.52955481711501	0.543641482939636
-1.14088544605048	0.344426431780091
-0.329458323063792	0.152151823606521
-0.737411368529038	0.251647475713659
0.131541520016344	0.0437194079588842
0.131463990676715	0.0437015090033304
0.132164012775708	0.0439252834614193
0.134796989185734	0.044763826715822
0.132382889280095	0.0439989008298304
0.588417878030214	0.303931742994203
2.10283587498201	1.43790899151827
-0.259136619200067	0.131056288259895
-0.339219048940744	0.205597895507079
0.605191895514854	0.458408383780092
0.171853216410873	0.105953168966046
-1.04453512123014	0.411299191300165
-0.165995298204196	0.0594566920073821
-0.234187068597326	0.0753450872420761
-0.201220659289137	0.109026060283038
-0.579555954704834	0.424998545991742
-0.337569744290447	0.204544630674427
-0.804000022395313	0.438737667258618
0.529163604537314	0.304520191767634
0.789937960635593	0.749014145728681
-0.624773794560314	0.298987479143815
-0.146713616272607	0.0835219900382519
-1.18391428465845	0.660736227265741
-0.409347465312249	0.170354931524524
-1.15912932591578	1.01436816134084
0.351694889629387	0.176100001161943
-1.05642410246234	0.856002964031365
-1.23404413524636	0.937252812896302
-0.786507575298711	0.340816244239033
-0.508853261591119	0.269259139793526
0.0154130302040365	0.00843416107482349
-0.674628531948396	0.475851345865511
0.0959615316989041	0.0707294587108521
-0.007186280632903	0.00484797751063691
-0.0770664199369921	0.0472163900472093
-0.654547440766498	0.685648353476877
-0.664396908898562	0.39673883721135
-0.0855179705304551	0.0524958977650144
-0.254171522509947	0.190218542839637
-0.0582962113406421	0.0440957583168669
0.0894047840420889	0.0633988066322882
0.183915673611254	0.132190119232862
-0.0784799298836516	0.0345488316896488
-0.339831221940766	0.206312538591329
-0.276423221547217	0.17449417368769
-1.73637469225634	1.47021060380117
-0.667157619067108	0.399470889154624
-1.52468217246603	0.541450953371581
-1.29825184667106	0.579597355540298
-0.320569272954834	0.147724208515519
0.137612920317835	0.0660922810400854
0.783180100750377	0.61892911771559
1.55528546656109	0.755344535013972
-0.239565596492154	0.0770626405707141
-2.57968420714322	0.659073447553718
1.45078261646269	0.478218161496633
0.659032459281836	0.207041754611057
0.947770742439721	0.248281535275256
-2.57669595250488	0.657559862268914
-0.199347511654525	0.107976751089407
2.101997373894	1.43568817539675
1.54828773160562	0.75077259968661
0.346857826711674	0.173340690158869
1.0465573597421	0.496941985086031
-1.04324829900211	0.41067273876345
0.775429619732941	0.460743661512229
-1.25667211184919	1.18073146033216
0.150573745106958	0.0799440355341503
-0.334889304655796	0.1548986825294
-0.440201231933849	0.341751780679745
0.130839257555829	0.0434851599132372
-1.29825184667106	0.579597355540298
-0.327162257518513	0.15107114930378
-1.49121379223155	1.04472822678274
-0.693764515544021	0.554971522600515
-0.535244115747283	0.448440513344762
-0.343005195110516	0.2083825892099
-0.336864489962886	0.204193269988697
-0.261910179410972	0.132609284072834
0.131502389184024	0.063086206739737
0.987503757369958	0.808286700256662
-1.6246220659263	1.26182431724895
-1.05006126087907	0.848462592606931
-0.798168642450425	0.616650350968656
-0.73833632952493	0.25198039611565
-0.466122320458293	0.312489565921246
0.292681697282398	0.211322734311956
0.4524563969664	0.430197779180429
-0.20331979360435	0.158657336570971
0.292251894044873	0.210985603638914
-1.07798712178249	1.37200655028992
-0.336864489962886	0.204193269988697
-1.2347814771729	0.938774837287942
0.0756379719364059	0.0513575862734211
-0.00289496634092137	0.00185317207466608
-0.3175476677962	0.286785561082882
-0.110978931208048	0.0798524806023063
-0.00758358916223107	0.00511306219901066
-0.864258214780698	0.937917951316658
-0.582917539396721	0.428223774374497
-1.15162036075797	1.00445760316375
-1.29515319796898	0.577477426894068
-0.355104953248248	0.101967480674674
-0.412938616691816	0.172061331189187
0.124391130548139	0.0414392550449754
-0.73955895107728	0.252503873418029
-1.50771865123221	0.758301194323698
-0.320569272954834	0.147724208515519
1.25273168634424	0.678165134341
1.55472173238364	0.754945653890023
-3.45945095257726	1.22747869975084
0.657864503304789	0.206616146564203
-0.171416957929972	0.0613808082861972
-1.53385767192304	0.545384911398725
0.160221796316651	0.0401166927693931
-1.52246182960607	0.540465661800635
-0.23197785438725	0.0746812633614378
-1.51159018346237	0.76153698752495
0.370384780177247	0.164109337229307
1.55152601933111	0.752759870414717
1.31166744621023	0.562613064395961
-0.11854795863833	0.0471817731309927
-0.504583657655212	0.266444182490862
-0.171633404840985	0.0614333438599769
-2.13117991618863	1.64032969308882
-0.685723167396946	0.485861602159649
0.314663818916143	0.190173178002034
-0.503478540970582	0.265910990494613
-0.383636616234192	0.303366937999031
0.145227337337459	0.0426443607563146
0.130323873520588	0.0491059528446299
0.779417090301643	0.61437525250812
0.431282460267094	0.170334509811247
-0.397856327583094	0.276650056299559
-0.926525691771751	0.68153656293706
2.54765628877172	1.38029323985794
-0.336634070392096	0.240410975310116
0.174666384613311	0.119679607182248
0.139909527246305	0.0672278724274515
-0.937011634853796	0.692741418065088
-0.342077240053774	0.207788541548048
-0.0821742821026325	0.0503903956095598
-0.41780539505111	0.239045143423714
-0.508373930753221	0.385858902266498
-0.326080905120294	0.150357677981339
-0.528645025299823	0.52659127978506
-0.794000538946115	0.612830738767631
-0.789481712273651	0.607482265553221
-0.553955116968152	0.354076797469648
-0.621977278070749	0.70266629665322
-0.0998784383655058	0.083162340939614
-0.250983090150245	0.212931572175468
-0.131010380344218	0.0922515384235304
-0.340333358138098	0.274250022146825
0.112106683042575	0.088683121559852
-0.345484562972128	0.279281992719567
-0.419099932470877	0.174762483018564
0.144054213480702	0.0423469198905259
0.134946671603529	0.0647318837638804
1.43944836001319	0.882592924139301
0.805253363228048	0.331394396791794
-1.50925080405163	0.760072338394048
-0.326539072018651	0.15076312383533
0.657864503304789	0.206616146564203
-0.735795036496609	0.251087692088149
0.14380305748793	0.042271222114559
1.44922258720914	0.477763268309402
-1.79840965860499	0.382877827643389
-1.1489072506678	0.347059060481392
-1.79840965860499	0.382877827643389
0.127300641662698	0.042364990085096
0.376551488393798	0.167096677243062
0.517329942421449	0.18248668342077
-1.50525559201099	0.756917643624113
-0.415383804346892	0.172945640822636
0.377522545229957	0.167567105298898
0.491140418067651	0.309984123578025
0.60143448620042	0.454854029577482
-0.11303212018665	0.0670394806862083
-0.677919705183866	0.478918494559315
0.13571412709247	0.0450530753488282
-0.248917122493095	0.1856180819261
-0.389620584104427	0.309224891779268
-0.50915376823045	0.269452911281634
-1.85814888087445	1.1660283918281
0.644129769909914	0.458486531324847
-0.57834477437956	0.423819657286598
-0.937481869403086	0.692676612907036
-0.041634841943566	0.0198657142815827
0.643132080490658	0.457184031324079
0.970054254024035	1.28452576806174
-0.0416789582507194	0.0198964522100546
-0.795250286626405	0.614117296303477
-0.643315473460085	0.62801801202692
0.555348047148356	0.647078269545742
0.0852621510990312	0.0624978982593338
-0.344496630564602	0.278377521089052
-0.0886939024171433	0.0649112252323987
-0.135856143179134	0.0959261196360054
-0.743691122241146	1.01967501228513
-0.221923135903118	0.225590766882228
0.257848030525636	0.266765373359388
-0.147536150110096	0.117985581529959
-0.273386672778464	0.271008180215143
-0.350448417429167	0.312871871151986
-0.561745908698709	0.359980877283324
-1.18433444905884	0.660318604057607
-0.0372939086446844	0.017845486739534
0.580900019956356	0.299151604548292
0.428631067442515	0.169230176789531
0.304148223194497	0.209319116826802
-0.116989853099627	0.0465621850339543
0.160221796316651	0.0401166927693931
-0.35262379016767	0.101278913820777
0.152774439360511	0.0446165329069175
0.14380305748793	0.042271222114559
-0.508724551761391	0.26849806680414
-3.08203048704882	0.947509650360219
0.947770742439721	0.248281535275256
1.31742436471332	0.565703873185492
-1.00037438735711	0.493892565592627
-2.30795266111393	1.15397688642035
-0.118338071695191	0.0470566621585898
-1.05339217126925	0.853054334266691
-0.119575292361138	0.0475678129859071
-0.236642536873473	0.0761450888689269
0.582743789790521	0.300565467879737
0.328301456915242	0.182229394654643
0.13417884000225	0.0644319084468146
-0.429806573221772	0.373019711857434
0.345115716023747	0.172584086500586
0.0721641051266277	0.0489512539951193
0.154465593370314	0.0289479903375428
0.313625986327144	0.20376284264102
0.010077656696577	0.0069977888400603
-0.388660031053917	0.342537819932247
-1.24072050937499	1.63703849776704
-1.25408716614111	1.17732037137412
-1.14523333483643	0.345843348749308
-1.48922312501415	1.04138216398357
0.0829531750234553	0.0586874821149887
-0.791301994805631	0.869838120100017
-0.973490067437041	0.964543047453042
-1.00467980230221	0.907152158957101
-0.343419314071333	0.208625685934129
-0.0855179705304551	0.0524958977650144
1.52699285801249	1.30929840450048
1.89115231026727	1.62737091132374
-0.388771242572855	0.308296622608533
0.0141909464868969	0.00776041926997203
-0.698258316401076	0.61644130258667
-0.557464082815855	0.508534799051007
-0.201805024570972	0.1573353872577
-0.335385734465565	0.269393652849174
-0.232279513485057	0.152084957441636
-0.855555423622146	1.05282262202254
-0.108380761705241	0.0778767173537256
-0.176097156547112	0.139387889425611
-0.196372031850679	0.152652413238242
-0.163894971088092	0.128772009811626
-0.327952734645753	0.321456532603402
-0.166751735455939	0.160215403723505
0.0267125549578965	0.0200186102351422
0.181365275307229	0.16643103786559
-0.389682040191321	0.343885555098232
0.285050441520346	0.224142347152667
-1.18276931336496	0.659298465281137
0.130855870642931	0.0557959507305441
0.780470484177309	0.615824386343466
0.671837101139165	0.308902604091498
-0.802268161635636	0.534608547014963
-0.00824532268830892	0.0042230345948152
-0.0756217125559644	0.0333016911335105
-0.35262379016767	0.101278913820777
-0.628733247343677	0.151688343674084
-1.83039434521114	0.739673075735054
1.44725524543057	0.476951096350534
-0.73833632952493	0.25198039611565
-0.737745529684395	0.251848226779474
-1.29237610264655	0.575925969894521
0.512206121202904	0.180518874645162
-0.807236543147843	0.440721837794854
-0.625058451397486	0.299570273058526
1.02617238539361	0.38275777208832
-0.194354096336305	0.105096752367293
0.158415941279772	0.0910248813324559
-0.0794270341666096	0.0486943832928221
0.084412371567738	0.0597472827306465
-0.337588696686642	0.24110505809283
1.76285887135348	0.966469726648983
0.773496081884799	0.459145420146852
-0.274017219283327	0.228571876336798
-0.869942867900327	1.01387608190967
0.0220100160477227	0.0119388794599922
0.305364770939183	0.210427201995528
-0.865482667839928	0.868792501522859
-0.467833105672722	0.313734094937356
-1.42257878705304	1.73365764437757
-0.138271790932329	0.112707404385589
-0.336204617673303	0.203620668604111
-0.279517168407902	0.176529470899822
-1.00307874278111	0.495733112038325
-0.0840889477439256	0.0516089581558179
-0.197871021803779	0.107062674583407
-0.710804735963905	0.684151438879864
0.0359499411778816	0.0209535349239595
-0.808447205468706	0.539637138018695
-0.809988126308024	0.442888551069516
-0.955707087798255	1.02489285045756
-0.294674270105459	0.216031513140656
-0.787339592189926	0.678847796243256
-0.972668324550035	0.962877943100553
0.0999216662901846	0.0762004226034436
-0.569394251044228	0.523084678740298
-0.48389504732925	0.527205522380648
-0.386357627036433	0.371381710024073
-0.247441161310317	0.184370681181746
-0.0246735493019602	0.0163327208518448
-1.10632842964755	1.32513332228964
-1.35370549501764	0.852390892217161
-0.46659431625703	0.312564841222095
0.316052212465719	0.191423565515776
-1.34534042494228	0.844939552676444
0.0374423014807266	0.0218071929113535
-0.151225059494798	0.0862004893041021
-0.738002720964575	0.251779850607704
-0.74243876954869	0.25362235352836
-0.171978560989748	0.0615700655036388
-2.57669595250488	0.657559862268914
-1.59794939934609	1.91138672058911
-0.664827573143137	0.397002639492615
-0.815421732489017	0.446667862690338
0.306167918682068	0.21107305494039
0.654569610659087	0.467566771097195
0.699495221090948	0.458324940297203
1.23752879132727	1.04591941223909
0.315511863615334	0.205157216225702
0.791509105106929	0.750826715041843
1.11774713680599	1.00610185657938
0.950998501270056	0.249196467275389
-2.24757839509405	1.89254880719772
0.186391858947997	0.149632631093758
-1.10953480272512	1.33050631440373
-0.292692780078379	0.214367847265603
-0.700439040730694	0.619080497399961
-0.389501303974565	0.309122377408018
-0.291272770399458	0.213109926980082
-1.05707216114989	1.11297912245551
-0.0807516695961569	0.0495098566795179
-0.413428194320737	0.236236427726743
-1.19510443438078	1.23874338465205
-0.0757839998643151	0.0333635020977456
-1.00541569494573	0.909072740400805
-0.25468114482132	0.190634384084763
-0.407327739671298	0.232118600937676
-0.42973678989268	0.373200246924714
-0.430993166129424	0.374610453643616
-0.112158846346379	0.0807556387897843
0.0545393816531439	0.033651338187992
-0.54320838853774	0.45714914937361
-0.0522041647685433	0.0329246904018686
-0.295629837042726	0.21687417215703
-0.1164859189435	0.0691557451053515
0.0147261946788477	0.00804352328651445
-0.789244357015221	0.808275751955998
-0.675620377031358	0.476490192863678
-0.156932322938144	0.108037417027112
-0.308964977119872	0.254194987554071
-0.887919119428928	0.824663590294314
-0.221002820329587	0.16849216068112
-0.00793786097168686	0.00405331525618983
-0.317265892851903	0.286491778307305
-0.431209124952056	0.374753437125588
-0.512840918925575	0.271468177005246
-0.150623942569514	0.0858621339137848
-0.562819771273788	0.515071379350703
-0.298584816949129	0.219379539983793
0.270420351384338	0.234882442363659
-0.629211034189905	0.567744157487879
-1.06289103011117	1.12209496219405
-2.30760400798629	1.15359822502646
-1.04950138414446	0.848663215027578
-0.26199211211623	0.132614958594315
-0.0504086717440738	0.0317982077471082
-0.993990591356549	0.490029680851426
-0.305682412137849	0.250882857020071
0.277806136484149	0.226157432473597
0.842014018186382	0.766791916683251
-0.585362117640639	0.430483750267031
1.33813430967041	1.4150238558811
-0.190834822705378	0.12830621795662
0.149054413602985	0.079051808848982
2.75580772001712	0.763760469153332
0.136884366080616	0.0656256474791365
-0.794113611738221	0.687126987390621
0.17594966721097	0.120630399215151
-0.980139611310137	0.973884479185862
-0.479902349443738	0.41039722739593
0.150770376401648	0.0800139751989825
1.29193451481862	1.78535506112231
-0.427093734029277	0.57711491264461
-1.13694200773338	1.26864731812189
0.637634416861199	0.679205037499081
0.741337771134036	0.621607008100192
-0.341966578425817	0.24478616014871
-0.971087408813858	1.30844325924195
0.0406885789604552	0.023662702636414
-0.474252961357478	0.404266406605733
-0.182609217260954	0.122296148807895
-1.35165021505008	1.56566928657958
-0.880434313115184	0.890667248405669
-0.151165223052636	0.0861788346287278
-0.227524614800963	0.148563536527086
-1.25640692269606	1.18028660284374
-0.00848761131503926	0.00432327612033532
-0.669770790119281	0.401171396132979
-0.804148615512848	0.439280053623355
-0.50779419023108	0.268087141495009
-0.707269897121967	0.627028447934439
0.0390927558361081	0.0227407810868163
-0.145543353206977	0.0828135259266702
0.640214702445894	0.579381423354653
-0.478506110123731	0.408783495971355
-1.28076002154422	1.58381368637669
-0.322083090036121	0.148563501615344
-0.537159129496926	0.450692698223369
0.507960551653007	0.438537445126998
-0.22380700551242	0.170898351764462
0.181619590401579	0.135571889015501
-0.721570557535906	0.798716724021517
-1.35630310228209	1.13027485280721
0.88378361922821	0.468684036461483
0.145313170347528	0.042674261922763
-0.542165722459199	0.456101705493647
0.496209012522837	0.314078867857191
-0.804000022395313	0.438737667258618
-1.14950531730286	0.347256013848679
-0.789186944928493	0.341997569429404
-0.237437039825944	0.0763599123457812
-0.504126249376548	0.38162820720408
-0.663430980090765	0.396554000510877
-1.69692065897191	0.957002089838081
0.736095080033968	0.615675763408817
-2.65200486306417	1.61761151488204
0.768776472443952	0.456240184055805
-0.689253113396695	0.55012786914573
0.728058621297286	0.606378871442996
-0.395241852974879	0.274373919307249
-0.345409206230476	0.210024767435498
1.95731570776637	0.441000340195791
0.0504703639984506	0.0311136251946125
0.17847984313311	0.127845576423724
0.837391618024568	0.884035196773158
-0.153694776490066	0.0876762358011527
-0.665538696893106	0.398149761944465
-0.697689337311363	0.615728030074665
-0.195110249871395	0.131459602726388
0.0782682378140499	0.0552474909322145
-0.584807865634731	0.429921423104174
1.05392875807657	1.12256275475759
-0.228459956859581	0.149256360219445
-0.118671081625854	0.0704913595048616
-0.0576856056402449	0.0364062390822394
-0.152592585106989	0.104815776621002
-0.279517168407902	0.176529470899822
-0.396529363279834	0.315565100309215
0.778714670219171	0.463357035672068
0.851519206950567	0.627546620233281
-1.34972267188707	1.35798512479062
-0.201627925340883	0.109260957329778
-0.467188534768964	0.539763021606216
-0.444928577674052	0.518902986521561
-0.453270120592567	0.462133033033644
-0.224033027551686	0.192304590012955
0.95122742510799	1.16932182483524
-0.149322643910789	0.0850468150586856
-1.00823835022469	0.91302023769728
-0.674111084965799	0.47503253637835
-0.507198734153596	0.267672223370419
-0.23522957281847	0.0756912588669357
0.0801129789336318	0.0566050511390263
-0.0917802258388737	0.0672852362560705
-0.0740597096673453	0.0551640115849843
0.513396258501773	0.444610789003243
0.382265247412347	0.327095092463371
0.452710713980305	0.430415741604733
-0.78752981412486	0.744510774935377
1.22937919083761	1.03385006048904
-0.509112835332877	0.386629412770701
-1.48892144564036	1.0411120755181
0.742697289997881	0.728423219857285
-0.29359156354269	0.268943559173484
-0.722868345876497	0.800862004778531
-0.722968540671407	0.752126505006882
-0.941838547879775	1.4529964192505
-0.605929442325943	0.64278018368892
-1.5226145443798	1.72800710588748
-0.667943132665949	0.399687185070704
0.374415285500742	0.166142250247248
0.132509644787654	0.0565552702956815
-0.556307716099634	0.355991290963414
-1.73737329346392	1.47222622371274
-0.97000758419433	0.598729933527737
-1.50913178764052	0.759807100505666
-1.14171114622793	0.344693702322242
0.943937640725668	0.24736392993685
-0.356656967234746	0.102398272590581
-0.540486497816113	0.203240784979243
-0.541982138529851	0.203732865607725
0.673482458034147	0.310019955946795
0.774784803839899	0.460245905655184
-1.55738759390661	1.51065498036801
-0.0372939086446844	0.017845486739534
0.577621054864013	0.462753671685802
1.24864381476314	0.674778975998023
0.347462455015685	0.173706546379549
0.134357593366572	0.0644555511050823
0.153391798887707	0.0814703331560114
0.0159840858509149	0.00875946012552689
0.573692827053136	0.552013612140392
0.162357836679133	0.0405597098553547
-0.560250585214262	0.358764398341919
0.0262087438663772	0.0202626426024244
1.30946312167988	1.68108033174066
0.264970718254245	0.236573625214002
0.852026283353567	1.18825334920712
-0.225358024692567	0.172207976363908
-0.272039952624463	0.226650998693883
0.367351782517502	0.324000642863645
0.648286182153302	0.588672793463935
-1.21237769394051	1.42782622424974
0.172803544304879	0.123474636650879
-0.00957660997430467	0.00481592370930745
0.469036671867133	0.319694984986532
0.255748230579913	0.226810011905509
0.562325841968157	0.561097734429253
-0.630449307950457	0.569241065831958
-0.429207384062922	0.372612858468185
0.0162202411574155	0.00884321540881575
0.374019062828365	0.165791509559394
-0.802611072784623	0.534430712568863
-0.296137894543736	0.217320496946743
-1.26327407180375	1.19102893798165
-0.583966933097923	0.42922146474346
-0.345780948935558	0.279650300553773
-0.231155178385186	0.151235729729181
-0.200255426603614	0.135250753065689
-0.806853225210099	0.537773647420436
-0.513436829888885	0.390734624543859
-0.580761954756664	0.426093034661976
-0.668112965672082	0.400081763286072
-0.337466665832625	0.241022198171148
-1.1100978415491	0.765241804276415
-0.234090861009704	0.0753429614422092
-0.40968014375195	0.170509321280909
0.0803148872760854	0.0567542516646892
-3.05115011381054	2.46447651318441
-0.441870166017818	0.343143663034402
1.61520818142137	2.07274420169946
-0.906126701590768	0.75976860554694
-0.0833062706176291	0.0511049050356311
0.131892526322164	0.0438212297448978
0.0613773236987027	0.039771271111744
0.328070244195466	0.181882173921055
-0.57643836537154	0.422008058197191
1.55507391974261	0.755498369683247
-0.90680180802979	0.759948043067935
-0.692281028788933	0.553597188955251
0.0848752551393919	0.0600980195933999
0.422528728172148	0.43588129412879
-0.303816103890015	0.249141084926221
0.0383022938559311	0.022323697602429
-1.85190383140304	1.15928003584734
-0.805244547671088	0.439374894873463
-0.426434318218586	0.178075333128321
0.660638687988492	0.207526442563452
0.12747667107683	0.0480354772047687
0.375267251572156	0.166613055379071
-0.628030265547787	0.151499678636842
-0.628867026021838	0.151670609188118
0.152050960400409	0.028630259939513
0.145900922770069	0.0428171507649781
-0.619152800552872	0.29608472326445
-0.234534484549801	0.0754746413023498
0.511535984561553	0.180463547184556
0.329656505210433	0.183096300998704
-0.418098622830114	0.174378553054991
0.138631887879035	0.0665885290777017
1.06817566818363	0.648031617689729
-0.237212899766669	0.0763212805777045
0.120510141444313	0.0455113005768119
-0.684530267500732	0.48454531364872
-0.940916376704614	0.696062757792613
0.533642188092593	0.307714095173352
-0.735458723618684	0.250947808327744
0.948905461162112	0.248586345985544
-0.354815349846941	0.101888689175609
-0.864017876523498	0.937536078855938
-0.626829980176145	0.564816282402467
1.05728234514029	1.12765011720578
-0.538828678858031	0.452338439272158
-0.231927514602355	0.151799854233212
1.02180547380539	0.965647499803023
0.613277160322972	0.57612864761388
-0.891371260143236	0.829170638445171
-0.972354901998877	0.601473651930803
2.61343906281418	3.7007350350255
-0.281556905168812	0.178048645013049
1.61707812675903	2.07824507385216
-0.807061272286763	0.441226470695926
-1.1065754912621	0.761877615443151
-0.783056678158677	0.798950020157344
-0.328837375631517	0.1518232407712
-0.813654792959208	0.445332689061178
1.55563768080424	0.755897558752995
1.02455981174032	0.382091874796033
1.02617238539361	0.38275777208832
-0.149959399157922	0.085471495001811
-1.04706285887095	0.844507733922104
0.0529601986139108	0.0326626458397012
0.120795476476119	0.0516155744189041
0.149334343540883	0.0792112728522592
-0.467660949961409	0.313727153778433
-0.41132889398855	0.171302358575038
-3.08556356757563	0.949512459473102
0.128329954248913	0.0483810589309592
1.22806674488372	0.840913246667674
0.0685850551445967	0.0606606294641788
-0.0844744339658973	0.0616994363984498
-0.446308886121087	0.347435009512892
-0.535004660660522	0.44832462841527
-0.542165722459199	0.456101705493647
-0.668967523088527	0.400155241497196
-0.33359459337195	0.201868635443812
-1.13394830785339	1.50669136477206
0.425832224859091	0.323807226187192
-0.713379883810935	0.688140313812239
0.287866548340653	0.22665191798545
-0.612498866479827	0.504115253859573
0.0876562634890494	0.0621330527869317
-0.589523351746482	0.434141969103793
-0.685216697256461	0.485121180207318
0.00952400003537754	0.00662265437181635
0.672101150174971	0.699822672197436
-0.648776028182801	0.63559419161043
-0.317198344961744	0.308377547957181
-1.35615779810277	1.13098460691677
-0.811465159914712	0.444094608773976
0.427726139064257	0.168841338822495
1.75073105047627	1.35334865521194
0.342463825045112	0.171087501961943
0.144138136643148	0.0423508720464565
1.95731570776637	0.441000340195791
0.141534099969908	0.041600735872343
-0.241413963115422	0.077619233966542
-1.1412568453231	0.344431220445032
-0.632563406792844	0.152610991116788
-1.13849635482287	0.34354887893789
-0.738079783119958	0.251987608125061
-0.359432307228107	0.103134774665835
-0.739810651859165	0.252595067527066
1.02019987734301	0.380189874951528
-0.41460923839928	0.236888009872485
-1.04904863539508	0.847538238299749
-1.00037438735711	0.493892565592627
0.532992973947328	0.307221707381222
-0.418365309512863	0.174458184135551
0.132600988210423	0.0440609588064188
0.170983631104203	0.116898210228221
0.315895353798533	0.191024151790872
-0.25733101627166	0.129973073231367
-1.45892860334339	1.3188534538198
1.95988292961267	0.441702177751728
0.374033731308239	0.16601974607059
-0.872381204895736	0.879612925935459
-0.039471049350933	0.0255723229080521
-0.223282858666182	0.170472842773596
0.529843441179145	0.539207590107178
0.846132707822284	0.772361722499503
0.173316321063516	0.133487542267044
-0.11905009369587	0.07072098288017
0.191532974584536	0.159077178940329
-0.871989060676155	0.949925796137614
0.536210983033157	0.446247666728925
0.729517709978106	0.608833965814205
-0.13588831535689	0.095924450653999
-1.65146682156632	1.71031372360459
0.730643957129388	0.610105179292168
0.734198378300929	0.614183767712783
0.702690793895977	0.709694415227294
0.124488256386008	0.0469611145656188
-0.079738224364089	0.0350932014733499
0.506985941033904	0.178701728610087
-0.0775407294713637	0.0341157452619414
0.151419681592301	0.0802825408713078
-0.221627312448632	0.189929535335476
-0.967414840149627	0.596763683107506
-0.141294385636993	0.0999720911110092
0.298444551637334	0.216107620649623
0.0394088066340972	0.0229488278792771
-0.439111558539678	0.340764798213632
-0.195589579733668	0.10584766131485
-2.30100347000821	1.14813064628252
0.802207811651426	0.330062663722945
-0.672887275179897	0.40347609360377
-0.365895646112809	0.453495294437567
0.0420848306045647	0.032628588028692
-0.0848438707850846	0.0619603407513674
0.103860274263681	0.0817433570782239
0.395597284028291	0.32686687452719
-0.279254844801753	0.176490104409436
-0.459197188742589	0.306849248743018
-0.412594451513588	0.171856355506214
-0.464695858936067	0.311180984275547
-0.338967776327189	0.242359098271668
0.604123582719948	0.457378871485855
-0.800196667074121	0.823673673980496
-0.195777925305201	0.184756426084179
-0.0866111415342098	0.0633266095436936
0.35245915411295	0.33010973660511
-0.0721255531887047	0.0536996109807582
-0.509228475270387	0.472829598382965
-1.34503504426063	0.844198810266817
-0.789314000959012	0.681165698770545
-0.312289530192277	0.257454255015103
0.0912815807068919	0.0671026552261252
-0.475675202057231	0.515670281375998
-0.500491313944422	0.263863430966641
-0.123253920078889	0.0490232450068252
-0.335789128560065	0.203345736906029
0.132750203723556	0.0636781354147909
2.3407843761875	1.14791185937458
0.802489056255948	0.330144551890374
-0.628030265547787	0.151499678636842
-0.742101285286405	0.253499136601578
0.947163829875457	0.248276694926132
-1.29525574662277	0.577871829307603
-0.621635585855028	0.297418069232042
0.670479674423801	0.308592907557702
-1.04396421075156	0.411040526644558
0.136232409391936	0.0652977139166454
0.132660839006286	0.0566847121262319
-1.18396539795966	0.659756408161173
1.25973527090773	0.683240231968848
0.847574530641897	0.624164151913842
-1.19178692169667	1.23345906289217
-0.0802299283185725	0.0491660650728385
-0.0379754603112755	0.0246019848896818
-0.258254982831289	0.130581581287473
0.159402290839324	0.0399177124259514
0.989431366773417	0.811927127816643
-0.0353822638744709	0.0275326566729506
0.0977520119225403	0.0766869530969948
0.345188952610032	0.3318272921239
0.48062137698125	0.446547561047149
0.0716941892723024	0.0465626309329284
-0.180102731634361	0.158059096337941
0.690006133923406	0.971014890897328
0.493350754837752	0.44278492422457
0.192822756410885	0.169668762331965
0.488675713893552	0.437465268535755
1.22542040318487	1.02922215959193
1.08760566745629	1.48785058965137
-0.467327689315855	0.31340009660214
0.532857589552671	0.4426910793427
0.0573041393219539	0.0353443320769691
1.32849746363531	1.56600900144978
-2.13080347864931	1.63773160024386
0.805116244112889	0.331471066458395
-0.16719037374262	0.0598638290738506
0.843512735349376	0.768966881327324
0.0429142004566238	0.0341867030797439
-0.256477455749665	0.192076214334236
-0.471517443963932	0.40111296937058
-0.70859084841603	0.681268688230143
-0.624217296182533	0.561541852563147
-0.260961155938658	0.132049115953701
0.0144971323482133	0.00789779782918688
-0.50596368810897	0.383810200343358
-0.152829631919328	0.0871539495987401
-0.149322643910789	0.0850468150586856
0.146542269176614	0.0775350883909208
-0.241128397014542	0.224672344865248
-0.390128137376357	0.432411524263209
-0.509320597073015	0.472986660456751
-0.104717625009819	0.0619591700345457
0.0280758339893353	0.0164530017931141
-0.786629190605387	0.340991155673526
-0.866456913187865	0.870082448496716
-0.50081794389597	0.378812009848306
-0.503427366035804	0.265640343973575
-0.412594451513588	0.171856355506214
-1.48566059670049	2.11257162333694
-0.665286918201443	0.701180817099256
-0.132470857750226	0.107661604744851
-0.194858316803954	0.13125911576
0.91461015542076	1.34128475761571
0.176532133574952	0.131384788375791
0.0138095135787298	0.0100328372258281
-0.340521319041569	0.206771778976064
-0.339196328330867	0.205767960708807
-0.41416073438949	0.236445029782846
-0.741173379981644	0.25299768453382
2.24677591322377	1.7129778501391
0.849303912265745	0.625998596159384
-2.08224011884719	0.939282107374303
-0.359141638818634	0.103112871302961
0.146670376003709	0.0430346600388633
-0.540836580077605	0.203369627038744
-1.29825184667106	0.579597355540298
-1.04453512123014	0.411299191300165
-2.80059404136815	1.87917683082973
0.127651677266186	0.0424864772644231
0.88358587775081	0.468285840080903
0.591111015332106	0.305966030367016
0.702401629198956	0.461545394689562
-0.165995298204196	0.0594566920073821
-0.042599635214127	0.0203208339641058
-0.628030265547787	0.151499678636842
-0.338511057890613	0.205335228120549
-0.697979352153082	0.559546290753315
-0.0371607016901505	0.0240815991727954
0.297174696818051	0.215078478818452
-0.344395402563437	0.278217880250733
-1.79840965860499	0.382877827643389
0.316298532276205	0.191304322152392
0.180217550856571	0.157259258659899
0.612137026915755	0.751859631417878
0.179317836264332	0.147831656219528
-0.208013946245404	0.193666630042986
0.372171694605905	0.341095671867356
0.465606149081237	0.532811780999528
0.270023105473531	0.226813399524824
0.67261531754184	0.871893321696318
0.83610721386064	0.758817591588495
-0.413982158866937	0.172381989005001
-1.82457644001067	2.12730344861529
0.730468829823594	0.609023950624485
0.172381949180464	0.106291967861843
-0.219340159612471	0.167059525663257
0.029886726347099	0.0224091091491976
-0.391493725763526	0.311076056022214
0.129611115232073	0.0552814638410688
-0.414515563910564	0.172670310722692
0.126279530758567	0.0476107769003057
-0.662936479249959	0.39626526265599
-0.479511380185313	0.409926355656968
-0.389404918155168	0.308870238575653
-0.170900318826942	0.134878902291461
0.0655572015634896	0.0425279192170362
-0.906884182837998	0.760678005465216
-0.414794033895136	0.237220876211828
-0.197361191393671	0.153521276409272
0.121842056862296	0.0459941817060834
-0.628733247343677	0.151688343674084
-0.434143688266482	0.377813393309971
0.326598336730116	0.336828347812817
0.104778071969987	0.0848650128658937
-0.667279236975671	0.745478457027446
0.265049312168446	0.250375922460154
-0.720168250419018	0.748021316899874
-0.0816902332526028	0.035911113453719
-1.0001037668499	0.493752779623566
-0.624552065460917	0.298912713773585
-0.621957831947703	0.297616053571787
-0.968784221848522	0.59768595712633
-1.1414839653338	0.344622990730584
-0.0760018206111181	0.0334536919767082
-0.810909185756463	0.541654098202507
-0.793994797529232	0.344674990631431
0.128688194637119	0.0548473835637953
-1.18764027810234	0.663811179338224
0.982655209330204	1.07911428235916
-0.323780689558922	0.149203478598157
-0.236642536873473	0.0761450888689269
-0.180221499759166	0.064478167327231
-1.30240708959037	0.582011421694818
1.2523964405748	0.678127150547035
0.723096831646926	0.601520767624401
-0.0101582958564142	0.00516601867785148
-0.340521319041569	0.206771778976064
1.22842053867575	1.03267238778768
0.660932155782147	0.207694635746326
0.589635199273674	0.304758300206874
0.260841912801201	0.239107648832558
0.32502213770917	0.317383591388934
0.829652872033407	0.982282568615739
0.433234998615068	0.509641363575633
-0.154532560471352	0.124107777028477
0.833494122691494	0.988263700896268
0.570061611676378	0.650106264264144
0.19125057200312	0.172526020309693
1.07745997294326	1.36871911995959
0.496189531649937	0.445930966440667
0.125609750837894	0.0536135320946115
-0.201347578095498	0.109103874874954
0.917290563721172	0.79889386277798
-0.889290323643239	0.825890842447961
-0.0721958263368338	0.0537539869545659
-0.793766678363172	0.686405740195783
1.36047816033175	1.2623069260642
1.31451987093813	0.564351638075811
0.431415494017588	0.170321055884966
-0.669770790119281	0.401171396132979
-0.62864657356511	0.566818552821948
-0.336859837783829	0.204192361396284
-0.25582843192983	0.129349050458275
-0.641063977289253	0.625428488314982
-0.273188194001322	0.172137865538153
-0.242956886788019	0.246072691510528
0.047808927954238	0.0381774586011661
-0.1406950713357	0.125368907582413
-0.117064899335956	0.0964556875010863
0.527955267623137	0.64010246959228
0.74525798071212	0.731874933827615
-0.295629837042726	0.21687417215703
-2.49130517577134	1.3793138866032
-0.938871378619962	0.693896743832217
-0.967696867519134	0.596257528552273
-2.4918813844023	1.37976840109359
0.505721230152749	0.178180313722362
0.155713854733082	0.0390835596706886
0.16045117802105	0.0401558290866076
-3.08216231491203	0.947551973079846
-0.624773794560314	0.298987479143815
-0.233742966580479	0.0752394538943447
-1.35244533521405	0.851036368179009
-0.328211744919502	0.151520768197504
-1.18018852380733	0.658184004198548
-1.52527766014307	0.541726073904961
0.937124789925566	0.63108053010472
0.14893159796043	0.079039381358664
-1.34920651483142	0.847566173053198
-0.409347465312249	0.170354931524524
-1.11607488773305	0.771738419606795
0.31276637147052	0.189018903642772
0.307033486502732	0.198930483833373
0.269580471491901	0.234024107019217
0.540022780707424	0.450198780532989
-0.338510864618928	0.24184781413038
0.154465593370314	0.0289479903375428
0.781010631490717	0.616087476230989
0.969907802215881	1.48792486766741
-0.7945815707411	0.816025146341632
0.756680086433708	0.932358425508812
-0.28500588419602	0.259521599156226
0.818409579709394	1.15705153022492
0.738991541808053	1.01280051613964
-0.529131180747906	0.645216540289448
0.491591154832726	0.440860854334575
0.788742452905056	1.2129999885038
-0.4269205827146	0.370024074749327
0.133701715077906	0.0641262616717176
0.073427602896006	0.0497927788511033
-0.231292233078108	0.15135829193666
0.179471177043394	0.133852361138529
0.459598319296373	0.438763412790453
0.410481708384824	0.326294540989802
-0.255369578167339	0.128949668562758
0.132382889280095	0.0439989008298304
-0.170856035041343	0.0611834573692003
-1.10025576800494	1.06611150366303
-0.16762877187216	0.0599874574926919
-0.800145369136301	0.619270940410258
0.132104783259101	0.0438875360219019
-0.510720793242878	0.270086020562963
-0.790074655877468	0.342816462594085
-0.0428862763913153	0.0204556223512247
-0.340017633963902	0.243230070024345
0.649066556653834	0.695471470909995
-0.925080636479408	1.12875731114563
-0.353746533387583	0.316352571000365
-0.628820768382149	0.71294774220499
-1.24066998523523	1.6359069562994
0.182972800708174	0.146547705671181
-0.743255470515655	0.253791738964193
-0.351744415353914	0.1010114930848
-0.628164901903538	0.15157555358925
3.26224218729945	1.1009233569627
-2.57963910438406	0.659061212358043
-1.1412568453231	0.344431220445032
2.75520320904554	0.763197913000704
1.81604086904786	0.704001590638153
-0.236072750277141	0.0759464812223969
-0.111102444535344	0.044271075704881
-3.46702762063817	1.23112270337757
1.09464947642291	0.829925473710289
0.133046177085143	0.0637920107410573
0.581193932648992	0.299447645738948
0.804336592371997	0.330963349185792
0.134357593366572	0.0644555511050823
0.579088357762317	0.298382177179021
0.157313963255955	0.0903427795558484
0.444463661692033	0.321263004046392
0.791684245532962	0.751304660379753
0.157325350109871	0.02936446462458
1.08873638449954	0.822265323144054
-0.426786758866471	0.407128867662723
0.687928842124658	0.601722663964388
-0.448795229263924	0.456445740544143
-0.739167629028523	0.921789445426646
0.380604481474597	0.325437827280298
-0.257124072414432	0.192690675363987
0.176444039847011	0.140776524618127
-0.132522813609094	0.107727834594707
-0.0660689959660331	0.049056332804542
-0.341066794268828	0.244088695192554
-0.807858044179321	0.440841097774977
0.470741528483547	0.320827976229968
-0.787882668739358	0.679213571069116
0.137612920317835	0.0660922810400854
-0.906814741452839	0.761109847886128
-0.702166828336859	0.620817747585523
0.138533784789969	0.0664565050595254
-1.51536103121353	0.764034834188615
-0.538518495752287	0.202252156786087
-0.0405695133872019	0.0193770894494994
0.144976980831471	0.0425943260188831
-0.806925412876822	0.440463425753647
-0.061963743803253	0.0469598841968605
-0.841058855077425	1.14237068703541
-0.680996227100192	0.848769509331798
0.400381205152013	0.430802888646888
-0.44555635421016	0.487215455580498
0.377424664046195	0.322012544983746
-0.339711505967918	0.243000108396416
-0.0419662096193585	0.0200316859611326
0.154509067766894	0.0289541162362231
-0.352036490485324	0.101122204058746
0.132164012775708	0.0439252834614193
0.660054375205789	0.207294450910716
-0.632424041671007	0.152580102364835
0.131814043124596	0.0438161720723548
-0.326393633173898	0.150521800029804
-0.166627348638768	0.0596534560097413
0.0323810466058817	0.0188692474958956
-1.62002654523219	1.25450888246039
0.33910005564067	0.169268185347465
-0.329147982594378	0.152002884124992
1.0705589658215	0.650700083131579
-0.258842687878428	0.130906892371963
-0.813335377667097	0.445360348910649
-0.0435641915940222	0.0207733811332674
-0.199692237529173	0.108162650921706
0.0360837680568114	0.0209907556115105
0.948376624863563	1.1644948900698
0.0750976411681004	0.0509761513730585
-0.628164901903538	0.15157555358925
0.312016679632394	0.202398625118615
-0.700943807778817	0.963672605436658
-0.126939814621301	0.114299462682012
-0.598352283921055	0.631725216613112
0.323326550814568	0.348901750628849
0.0423640181947352	0.0337498615213294
0.257763690260738	0.248627222152145
0.32454416338276	0.334272903682392
0.0893688123397449	0.0849164363759177
-1.16289017894334	1.45472781581487
-0.0808421897201785	0.0495723319464779
0.702468303347294	0.460820959564375
1.06664333764946	1.24824238259639
0.155255383875776	0.0891741250736081
-0.188302954097945	0.126496378145984
-0.443537656762345	0.484402998940123
-0.232613772398092	0.152219146531982
0.667055935180136	0.306473926098619
-1.86003491303789	1.16707179530496
-0.339543986537577	0.242721883714212
0.135147068183463	0.0448731525122335
-0.800791123340321	0.619560110531619
-0.246499635442302	0.183610451760345
0.416674978078964	0.428325165068491
-0.290130289743865	0.284112981191502
0.0684435044420561	0.044443135065131
0.0257963896210755	0.0193351769532316
-0.111870750264426	0.0805414193366822
-0.564566415436005	0.517314706539741
0.546744337854213	0.457630681134996
-0.596438680176248	0.629057525300679
0.160221796316651	0.0401166927693931
0.948337549654709	0.248516516252871
1.81264504950119	0.702404900566408
-0.628733247343677	0.151688343674084
3.26569824690609	1.10327543173781
-1.1412568453231	0.344431220445032
-0.684393652974893	0.484429482502159
-0.081705399039096	0.0359298283381159
-0.789949074347787	0.342860425674977
-0.505839108433538	0.26733586487459
0.345117767679071	0.172383594582925
0.349401564313345	0.174829297161903
0.128217426027829	0.0426676360228733
-1.5292536270854	0.543488048058857
0.424054549100668	0.167331926668015
-0.508462916147318	0.385998489325597
0.0450013653001374	0.0277418922124364
-0.15055705698353	0.0858012505928274
-0.226968225515573	0.148234514199092
0.154465593370314	0.0289479903375428
-0.327644381111651	0.342645561802589
-0.510765383383596	0.474648777768088
2.04388185973244	4.30128414277078
0.316399477437105	0.315512977181043
0.456418882565411	0.435024692867517
0.0211841030790279	0.0184121012529891
0.504452681274969	0.617835634612739
0.358598766525358	0.326136553120709
0.175875704750487	0.114802773273424
0.167626987087079	0.103253330504067
-0.199067659746326	0.107827042293831
-0.112376963437373	0.0666197191859221
-0.508541461397575	0.472020484352787
0.908585690259371	0.787487632257804
0.283880771546363	0.222881715285051
-0.329267261580061	0.152184360471162
-0.241543381848446	0.0777055848228126
0.134796989185734	0.044763826715822
-0.200380052309392	0.108555825957429
-0.877648111115155	0.809852961181595
-0.466383249928145	0.439455312852676
-0.513443917605099	0.271835615590136
0.155918342427889	0.0895765807810794
-0.792378681304172	0.927371216588053
0.44577560866889	0.437434889614282
-0.110522553020018	0.0654932967020729
-0.679665424622639	0.846039516835978
0.092561415134038	0.070301220459296
0.451293970318685	0.428315739571329
-0.224602690711764	0.146522415173481
-0.292439139534507	0.214170117006613
-0.497497839993686	0.570852827581093
-0.35499029798248	0.369374913990036
-0.206151940414046	0.196050203588325
-3.08216231491203	0.947551973079846
-0.628030265547787	0.151499678636842
-1.03998820725116	0.409113309598422
2.75520320904554	0.763197913000704
1.95731570776637	0.441000340195791
-0.536892625271128	0.201634766838871
-0.111092319480916	0.0442510174626019
-0.325460428922752	0.150061790536247
0.12654926539047	0.0539928144837612
-0.415322426119019	0.236993553753149
-0.00642702418868035	0.003306676239282
0.150054494563213	0.0795255398939069
-0.233964530152622	0.0753172914260115
-0.622280141343316	0.297793777237155
0.983542879000564	0.804951839537045
-0.104338205561733	0.0617247685327003
-0.313616475071459	0.258618045211322
0.0771423410122979	0.0524162939959618
0.936718577871809	0.630867700678887
-2.5766529574574	0.657773148602288
-0.343173265631176	0.362750254595138
1.16120203782424	1.88380588158278
0.365216407366605	0.32171167472676
0.191883967466054	0.173191662040226
0.0315965338448364	0.0236942517599268
1.05818460298008	1.58110881193185
0.183630420024634	0.156265065527195
-0.833438215933587	1.12583416249554
0.399751161440732	0.331182677855296
-0.0416789582507194	0.0198964522100546
0.32802908032586	0.182011519685269
-0.971442213692828	0.60028686680149
-0.425751489342803	0.368819608213482
-0.636017438561773	0.7609878648974
0.534786056296292	0.444791268949676
0.374402254410437	0.165957266705863
-1.1413415008172	0.344450233445194
-1.52984634403446	0.54376252749597
-1.52499008340819	0.541418114624462
-0.628516191143665	0.301330111365903
-0.550211793330297	0.207115232350165
-1.19800624009148	1.24296164912045
-0.431649505358795	0.37530776374992
0.0813399158537774	0.055321957651878
0.537428757128751	0.637410804165794
1.14134932499101	1.41395939397063
0.925573271333339	1.24797753364143
0.736739561065242	0.720150256503347
0.0537885900967846	0.0331823502187186
-0.258871178056662	0.13087095668826
-0.80967523819527	0.442788201768594
-0.0803596219839877	0.0492578269718829
0.576916864287586	0.556180580460275
-0.197104270578342	0.17074250482382
-0.159164823047697	0.152048450108934
-0.514247215172568	0.553867186030665
-0.194744310312197	0.168356570688858
-0.378011323642145	0.389077568560157
-0.958534697020628	1.02991337612486
-0.0123715024377451	0.00976981188417658
-0.19348652449786	0.150161732368259
-0.679991801069862	0.480686992393807
-0.290450969612681	0.212450829443992
-1.27766149727322	1.40462731984951
-1.79840965860499	0.382877827643389
-0.63185471444008	0.152466960619287
1.95731570776637	0.441000340195791
-0.628733247343677	0.151688343674084
1.95731570776637	0.441000340195791
0.155111385030128	0.0290417527313876
-1.14499995487719	0.345855392571373
-4.58096887897119	2.49828688573286
0.426699095186531	0.168429089865199
1.43686307539962	0.879332580406743
-0.0717806192890005	0.0316459341793802
-1.14088544605048	0.344426431780091
0.136037036853093	0.0580806941212942
-3.45945095257726	1.22747869975084
0.132382889280095	0.0439989008298304
0.80150355401707	0.329724441598446
-0.11512189478062	0.0458130318128354
-0.254664717598779	0.128607896119113
-0.795831251115335	0.688729015898518
-0.353646429816784	0.316385051467535
-0.175537281416174	0.15353653298472
-0.36246420043712	0.353450305615459
0.0551277762876575	0.0339924429428648
-0.512652560562165	0.551339109977412
0.568095612505375	0.568631898581835
-0.0602467156952426	0.04563331709408
0.171418902953169	0.117249920998313
-0.0585826582649662	0.0369783586110432
-0.0579475041845454	0.0365927413475532
-0.0398906226906693	0.0190588202373056
-0.223604531596658	0.145761422929993
0.324707978994205	0.179674967353067
-0.466662165842749	0.312918732952136
-0.628030265547787	0.151499678636842
-0.414848866012593	0.172904117262776
-0.813962230268975	0.445703859133414
-0.153694047106493	0.0876627044328045
-0.229914937805133	0.150371733567154
-0.968766935557051	0.597836174094374
-0.161485445262825	0.111461181168321
-0.691805795112173	0.553189699452954
-0.395072958450858	0.314387149203404
-0.241411895957143	0.203550797249465
-0.119281599531014	0.106828696540796
-0.558325068610963	0.597593430204866
0.514818643757888	0.618414532319739
0.624452097122667	0.853207280616562
0.0837000109945466	0.0592392577671118
-0.164446038022244	0.129223542493948
0.740615118063521	0.724774558898965
1.88571826785218	1.62021600647707
-0.891581555766627	0.829124142213348
0.546883720412761	0.457724812328679
0.118738421749223	0.104452453915397
-0.0966884506380326	0.096804151995078
-0.430774841617881	0.497115609447417
-0.122484945247919	0.0989025787532214
-0.931793313990878	1.14074878840653
0.0174550285065636	0.0144546273640665
-0.218078764936359	0.165943331362086
-0.422541458119352	0.401963303154649
0.128918519510013	0.121695874413924
-0.688415154985007	0.861985548520345
-0.434976546789624	0.378893435975849
-0.393438710978834	0.379825574766723
-0.0685290486622545	0.0508666525462421
-1.1406575104342	0.344234513147494
-2.58269164924118	0.660244336228982
1.02651128578825	0.383050193875148
3.63331351050508	1.42008896661082
-1.83504104592481	0.742292078332567
1.81294103662311	0.70256079058948
0.135308208894332	0.0649218855246896
0.126646165331041	0.0477728071787357
0.12945735569768	0.0552860207636022
-0.536101171148354	0.201337796547223
-0.168098950998947	0.060182556134742
-0.626016029401895	0.299555851510855
0.140362833267851	0.0673291259353504
-0.121730210126732	0.0483931682097506
0.779755840857959	0.464173827423405
0.341987818012778	0.170530108879949
-0.805856415514311	0.537651676730185
-0.170686677156965	0.13470381076185
-0.913025100921815	1.17600938467935
0.109491700758372	0.0864721469153141
0.639934244419672	0.682742961936197
0.0526883706560168	0.0432176769062997
0.263286833973828	0.248368891569735
0.724056811669315	0.826428150499997
0.181925052949285	0.145659082833435
-0.160470260617973	0.110710917198394
0.514478541253289	0.445965682264785
-0.0784889842334877	0.0345413234843914
-2.11184951114105	2.96034533651058
0.299716710300439	0.217189959017045
-0.78748498790857	0.743722195768505
-1.23807246740536	0.94183290097415
-0.628733247343677	0.151688343674084
-1.83564160885514	0.742645090374466
-0.0747060327030967	0.0329118265288211
-0.277099380421011	0.174979834900369
-0.96942460344015	0.598971215032776
0.041841660608734	0.0243395832018976
-0.114621868977627	0.06801337382499
-0.07500874924485	0.0330421732017199
-0.497498086548497	0.504448467096984
0.00879622544609679	0.0061147904529198
-0.60608212832188	0.497234712906795
-0.209798017943913	0.178357191121705
-0.195002315741924	0.168642707100703
-0.540786713226586	0.542606304145484
-0.798949444380467	0.99276829526246
-0.126045928704064	0.11345410470844
-0.131295885256479	0.0924583870987393
0.63936012419731	0.681879818446541
-1.06853055968314	1.13138844398093
-1.34889537146582	0.847465590380456
-0.478513918924788	0.408897574210104
-0.0000769917533171649	0.000168572202243817
-0.137106572879397	0.121936483624986
-0.547291377227657	0.726883176375116
0.841180452856164	1.26010631039779
-0.186934641048518	0.191805025241132
-0.363420316582848	0.404442597961116
-0.699034098637811	0.617219905580923
-0.607821386543338	0.645775007497504
-0.664090287647999	0.740864963892815
-1.00541738212251	1.71310209727467
0.456041610496537	0.434487594302766
-0.469200506995157	0.442966505417196
0.186038216741642	0.15858763109479
-0.153158570166444	0.0873357261244317
-0.391944990372269	0.311513866810362
-1.83671000980052	0.742902778346684
-1.52926336424741	0.543358625626883
-2.57660997484294	0.657538252319339
-0.628733247343677	0.151688343674084
-0.323478262143869	0.149164513688911
-0.167754072609883	0.0600616127897958
-0.903190504432943	0.756253830740554
0.66937968290993	0.307605615084939
0.510967914253512	0.180245566763838
-0.806439883449804	0.440841789370894
-0.0345941344155082	0.0165777588554209
-0.118522789236604	0.0470958686716323
-0.339688435121976	0.20620758379883
-0.362614650451211	0.104032260636264
-1.69667358189113	0.955997206817878
0.42069996444334	0.433588694943059
-0.170938940822906	0.16479275026719
0.0302950512620379	0.0227176197206386
-0.11889735092919	0.0957834856696988
0.0416718183648519	0.0322961566236832
0.259793801916199	0.263200115406007
-0.420865410268241	0.433609602904923
-0.352202319560594	0.341248658656069
0.426728413954056	0.324746602591372
0.0849974661517321	0.0601683580389824
-0.499134626086708	0.377107592232749
-0.432408812578174	0.37614264683869
-0.0621373686484482	0.0460435203209572
-1.18428793502104	0.660011478644834
-0.631994988626399	0.152498044571477
-1.14088544605048	0.344426431780091
1.43601090495908	0.88026702341135
0.0179856326440214	0.00975983887575505
0.169173264648581	0.104233485314704
-0.301200259503849	0.22143302090767
-0.143552469021469	0.0816209311297225
0.173976582349338	0.113574912392693
-0.391340705643319	0.345645946914875
0.273907503895238	0.230522669620992
-0.0703916478775123	0.0523574686096436
-0.413485532970394	0.236002032317877
-1.82874780946892	0.738800580746292
0.0871842748738449	0.0617953769521197
-0.715515697379492	0.690938021137494
-0.615777726420639	0.814962775194273
-0.332857464099974	0.349410127714458
-0.604600055584138	0.640551149193955
-0.223522554626455	0.239128001974433
-0.695347838782704	0.952695610277823
-1.29331834599194	1.60657705083005
-0.53635076423704	0.449453814199798
-0.0126085245459485	0.00636028198105796
0.182286748357627	0.125318727320161
-0.309737502751273	0.254968160572873
0.304086897589364	0.337995751917591
-0.606567454385917	0.767187854268512
0.0168283519894035	0.0122013034335679
0.0917323723594003	0.0857439034128883
-0.0850425844874771	0.0621419668834478
-0.0582650235403613	0.0440863230623038
-0.453168989558894	0.46221322640331
0.127982965858514	0.120693290350906
-0.0354859412656267	0.0271544952242998
0.0785827701178057	0.053409749637656
-0.350195248327884	0.283827092235062
-1.52556530925699	0.541887546993991
-2.57963910438406	0.659061212358043
0.131814043124596	0.0438161720723548
-0.34079550633867	0.206965735038794
0.325818402607901	0.180717871816074
-1.00064515503921	0.493786893688021
-0.803379273796136	0.438249224315214
-0.810300749920875	0.442803793562403
-0.50949754401803	0.269378877411908
-0.143493786389098	0.0815808144861462
-0.254370792107733	0.128453995962992
-1.10511339277803	0.760156123818827
-0.121654062975884	0.0981936689700113
0.0142594103436731	0.0114533688285275
-0.0643499261650578	0.0488289192810986
-0.748345930304484	0.937933958492832
0.890269878608267	1.22365347681895
0.0613083739402514	0.0505382663359572
0.130893522801341	0.118722834496027
0.0292549201500139	0.0219278485907983
0.00575769631976626	0.00460198925976498
-0.342338431843586	0.245137830390046
-0.109176942892223	0.0646764366870661
0.261363974707738	0.232642043298657
-0.452660943683733	0.461459715607123
-0.173446674871795	0.137069771834817
-0.78770787325314	0.341306383089413
-0.35569023027487	0.10209347470967
-0.0790365091036221	0.0347787779294144
0.146419626120719	0.0776419017168816
-1.29547862804629	0.577905227000786
-0.0373489805161347	0.0178830334187009
-0.0293154727103979	0.0141424037657361
-0.198348939463478	0.13384139095997
-0.353209111205669	0.315669490464657
1.35950539664236	1.26042739642338
-1.86465092639558	1.17263084575336
-0.00793786097168686	0.00405331525618983
-0.342018417857396	0.24490608280987
-0.234257939473434	0.153443560330922
0.0561553063762532	0.0461659640112605
-0.321362443216952	0.290765049350997
0.0494018292398367	0.0394796722448192
0.0961750312146108	0.0731874291613854
-0.0824197244585973	0.036250442150472
-0.58279557692423	0.428010573902828
-0.192019175787841	0.165726974076122
0.0279505886330314	0.0209503466654771
0.122138412777655	0.102653662725457
-0.0577306207349585	0.0494238232976357
0.111183582870382	0.090422715707169
-0.887456432866497	0.823794041798177
-0.54547468770812	0.548705167690147
-0.279201430325617	0.253211181581978
0.110104148198209	0.0894502530205156
0.169814609287815	0.104659539207556
0.906163769419925	1.13941418201188
0.956033431199466	1.17829615347049
1.87237465332966	2.06575175721816
-0.489263334513137	0.493602163422123
-1.14559783756009	0.346052129596875
-1.14523333483643	0.345843348749308
-2.5766529574574	0.657773148602288
-0.628733247343677	0.151688343674084
-1.14559783756009	0.346052129596875
-1.29825184667106	0.579597355540298
-1.04418706517305	0.411112263748397
-0.111268265895904	0.0659730084048676
-0.227813757867561	0.148785082286567
-0.71705958343915	0.74321792433323
0.19616038391594	0.172962905188632
-0.390498757225501	0.376207671855432
0.381872459403578	0.326763430431451
0.0206612122292008	0.01495894560479
-1.35050869175331	1.35791012637089
0.184906559484795	0.148211194294669
-0.785809403181604	0.742038992770544
-0.558706702405693	0.510205957257963
0.408661380194048	0.32458371287304
0.0650512955407503	0.0421971277746266
-0.352620864579995	0.101250485836996
0.131814043124596	0.0438161720723548
-0.791703081225024	0.750049366179495
-1.29767890644575	0.579059217742002
-0.809050719588557	0.442362043037597
-0.6458349016593	0.969957379244556
-1.28233865894847	1.58670314267193
-0.38070740595332	0.364545405502118
-0.342274437648025	0.276208469080609
-0.544001606261474	0.457738267896701
-0.352915395102444	0.101358152963712
-0.2522080068421	0.127382783263308
-0.506269207642477	0.267208166381903
-0.0813598195159041	0.0498951683751172
-0.500884624141467	0.378793912970635
-0.559348978891288	0.51094184198318
0.136884366080616	0.0656256474791365
-0.967092205712457	0.595741729972001
-0.469589508692709	0.315357337294562
-0.793802799655369	0.814542188397225
-0.934679448381009	1.07059999968867
-0.380828840703152	0.36465942909329
-0.344107376648957	0.209055800803842
-0.194818515928616	0.131294802111546
-0.084841723242005	0.0619776888961304
-0.156516357780461	0.138206685526351
-0.216631976810506	0.164724937776774
-0.105108337206468	0.0753914081055195
-0.080574438462963	0.0675599972039349
0.386437297788478	0.422845077540962
-0.698914496856996	0.959959718915428
0.445367776450225	0.32205574732953
-0.793871059795268	0.752888982617808
-0.394173645960666	0.380654378519026
-1.29790303333427	0.579341243572057
-0.167409271163493	0.059935085601386
-0.789874992835508	0.342400986685966
-0.659559560159368	0.393409239253438
-1.62215870243921	1.25856009142841
-0.505098951320835	0.38297076744834
-0.355792610434209	0.34556680797839
-0.418934253853141	0.397439167681494
-0.176945245573956	0.154911911975167
-0.173625328675154	0.137233573283069
-1.1413415008172	0.344450233445194
-0.741763882242001	0.253307934106881
-0.789306862497791	0.342262742988917
-1.07671212337432	1.57410767250691
-0.124017155544899	0.111435309341983
-0.716764804347247	0.742954685415862
-0.283028269587274	0.179025548999884
-0.356071393990223	0.102241794383879
-0.534634515513598	0.200732618079565
-0.00985320942065862	0.00492459735788672
-1.51553071476159	1.71411267820129
-0.478763227493445	0.409178780179619
0.287760107800286	0.226608425902133
-0.117957085717499	0.0469570963557836
-0.679850974046181	0.480618710026654
-0.933674457221809	0.689210058561852
-0.938772170535883	1.07766615212691
-0.00168259746322657	0.00142075575213658
-1.19596527716985	1.24000370200209
0.0180972906770296	0.00984262920983358
0.614102220560288	0.670792062338629
-1.30879403937923	1.97125229177653
-2.04074560481524	2.15744649072921
0.0167358407442808	0.01161254250686
-0.391515452157141	0.345801607778448
-0.0919931311356064	0.0777269235776208
-0.308059664547482	0.253314737132426
0.496586545927432	0.530836004313795
-0.134135564073823	0.109148922522788
-0.0977483629128693	0.0718710275129218
-0.0827751577216099	0.0507679158485008
0.427165924201302	0.1685512930904
-0.53874057789979	0.202401825815006
-0.687832152251789	0.820305431220938
-0.0774670287053856	0.0578235065407643
-0.256601815000838	0.129736279045066
-0.102096644621971	0.0935142995607061
0.0503158671629365	0.0412247751784486
0.0478582826715346	0.039174414287599
-0.0416789582507194	0.0198964522100546
-0.276153061056069	0.174287301514217
-0.0230544613121982	0.0152578481848781
-0.5363186005514	0.536411012370581
-0.64687016563534	0.632969060540516
-1.62090332554886	1.25562022845743
0.314685763439238	0.190582706603923
-0.121317907586146	0.0849861489665764
-0.422530764666146	0.402018588899725
0.8404392725318	0.888206079667844
-0.590803335117353	0.81801933833881
0.307637555690747	0.328281996482164
-0.249056090479252	0.210998336901161
0.643500000434888	0.583256102148939
-0.506582810034895	0.38394491274782
-0.0821742821026325	0.0503903956095598
-0.108051375945899	0.0776437906557815
-1.14088544605048	0.344426431780091
-3.08542618523242	0.949198094742557
-0.628164901903538	0.15157555358925
-1.14111344283696	0.344497381350969
0.128591433736742	0.0484895075702699
-0.241543381848446	0.0777055848228126
-0.929734673428467	0.684940295902981
-0.307751984092656	0.253004302186139
0.178316170523777	0.146877668556567
-0.195041480039662	0.183880261088933
0.331584650062253	0.342987186526265
-0.299500038597393	0.337945012054714
-0.382773805348122	0.336296127685177
-0.167507079648992	0.115942688525751
-0.028480078822015	0.0221249005012766
-2.12217987554187	2.37533725877577
-0.41842671117934	0.174556986353718
-0.246441000014731	0.208539750902237
-0.0225045410723304	0.0174847264016382
1.16992572791942	1.80282629843069
0.033622172864658	0.0260005505052741
0.556783207235121	0.553965437071649
-0.237173681630419	0.220369809752973
-0.0285377411994373	0.0221714934163272
0.643924426709012	0.45774639584698
-1.10321948078516	1.07178607345264
-0.419466116087028	0.398218629297087
-0.0187634889909778	0.0124552881749509
-1.80123754984197	0.383647112861273
-1.79839614394125	0.382877807711208
0.144389940892798	0.0424393237157952
-0.359432307228107	0.103134774665835
0.155111385030128	0.0290417527313876
-0.741763882242001	0.253307934106881
-0.355401168227563	0.102014834884787
-3.76108876538849	1.48211039032061
-1.00136036488049	0.494828521671196
-4.01591566480886	1.72772177589649
-0.0151727054321992	0.00761258727895731
-0.0377366710970123	0.0180637729923676
0.0193767540978257	0.0168346378975933
-0.441644835051063	0.514036659036124
0.190885086442084	0.167759321882367
0.877552810444939	1.30296020381876
0.192030421540986	0.159557302049583
-0.24713453446917	0.209216570210278
-0.281556905168812	0.178048645013049
0.0258569579762947	0.0187164049505391
-0.177437403815875	0.168605044375494
-0.0047181059931521	0.00379382113896306
-1.18455679987255	0.661253401831801
-0.695679267412266	0.557049102167327
0.513018479994744	0.444300073726783
0.826868195874283	1.07919566514507
1.11702208991163	1.74626785062251
-0.290591595601821	0.265539683102877
0.351825483901758	0.329289159519873
-0.673747496683255	0.756123365695253
-0.62202961142065	0.702593847878852
0.291876748086457	0.210669073950358
-0.539347635601029	0.453024624595606
-0.140838381641632	0.0996779214592812
-0.161232957446581	0.111269801114072
-2.57963910438406	0.659061212358043
-0.628599509856641	0.151612619227975
-1.14111344283696	0.344497381350969
-0.738079783119958	0.251987608125061
-0.63185471444008	0.152466960619287
3.26569824690609	1.10327543173781
-0.741173379981644	0.25299768453382
-0.411927679691464	0.171559111174735
-0.255287054801093	0.129052018396819
-0.807859674665281	0.441062645155464
-0.0452253175520958	0.0215339763102947
-0.26216030903941	0.241670999745574
-0.589285043187429	0.58422180401084
0.180249603617341	0.134471186350477
-0.0755458649337547	0.0563234534882796
-0.711460863292472	0.735055835367204
-0.315621192006676	0.26068022479069
-0.0419378023632681	0.0271731605894481
-0.162420614513794	0.112075456000147
-0.420125348163326	0.399051542860107
-0.00628043946917678	0.0050178849434236
0.0634687969095357	0.0548149300631916
-0.144112742920207	0.115022389156742
-0.20009366900467	0.189455121054433
-0.328956381540422	0.152030278790754
-0.504955393435318	0.467611720750779
-0.709377772494807	0.731874212770468
-0.395100683417905	0.381765986676422
0.472601867434799	0.52838826092797
-1.34781830446889	1.35503873466742
-0.0416874571269251	0.031962034908543
0.0966750456099121	0.0712773366966717
0.842973779808251	0.768000481870732
-0.795568021286887	0.817495207830072
0.597296130987782	0.669502094857099
-0.220853919720106	0.168379132572852
-0.171071875093521	0.0612441883153977
-1.13872731243543	0.343741383764358
-1.79840965860499	0.382877827643389
-3.46679196715223	1.23130500663502
-2.57963910438406	0.659061212358043
-1.52556530925699	0.541887546993991
-0.537241703354832	0.201774932174822
-0.746717249463686	0.255040079048345
1.25342360352899	0.678146701343376
0.312483134437169	0.188999010262133
-1.29790303333427	0.579341243572057
-1.86797984541477	1.17619326847721
-0.427491843285582	0.407779005223688
-0.734470283480356	0.867084504139694
-0.160212202160608	0.141846678927768
0.336108720484826	0.330735891611776
-0.589787993260236	0.816012640070472
-0.224037855710417	0.211147798677463
0.102711058112726	0.0783957371702951
-0.794105857340421	0.75283862400058
-0.306638228278915	0.25186498096459
-0.531672943620268	0.530722601356507
-0.242532216130259	0.2262027651334
0.30514064813638	0.353506282676062
0.534180276429694	0.632220543234924
-0.741780956026553	0.971793226738136
-0.349079271707361	0.282815797955375
-0.967078316232722	0.595874688528225
0.431178299017312	0.328781214748454
0.791166730226098	0.750886605410362
-0.442812198970929	0.344304825447705
1.15245716350937	1.54845482575199
0.117054062310649	0.0980697106920212
-1.35798898223081	1.37048161110546
0.402296619067185	0.433591641570947
-0.790202992049652	0.923799165006299
-0.604914104033516	0.496126938664401
0.374502731568829	0.331685793822579
-0.682299976913634	0.81129848041348
-2.00385480806041	1.39821301907833
-0.415116620386652	0.172916119993669
-0.411746492353726	0.171554824556765
0.159992352718576	0.0400538861334557
-0.542769081676375	0.204049428112683
0.589333607395911	0.304587039615023
-1.10533071173461	0.760958383711536
0.0215640546403183	0.0156090731850214
0.0242890167745609	0.0215584803973664
0.0340203771052727	0.026297020299487
0.00405028569499705	0.00304721002424335
-0.689341507424251	0.90286729446705
-0.53757465888428	0.53817601698643
0.0745585140698488	0.068777241927568
-0.125918482056783	0.130856734958502
-0.431805993381734	0.557933023575313
-0.149837621622439	0.144737111164215
0.0740119510604386	0.0669983343884967
-0.278588204116478	0.176023469787402
-1.34627625581861	0.845263528448768
0.764717696428176	1.03153936739549
0.060637974444407	0.0511418082871967
-0.00401343118694674	0.00323922033187985
-0.259099118119175	0.238357637120299
0.182325997842217	0.146021776937403
-0.0201083456587667	0.0176317000154277
0.842271612776806	1.26368180000587
0.382022787883317	0.326811680939851
-1.10196935637635	1.06979294599548
-0.241543381848446	0.0777055848228126
-0.626075023442282	0.151167646950723
0.427940197825985	0.168935073750412
-0.628565999675436	0.301357592743803
0.347056763003309	0.17347912848182
-0.169320011151056	0.0606649453809961
-0.507851424567224	0.385324977016025
-0.200462679970886	0.108647413289214
-0.262055308093421	0.27846828192798
-0.598364048150642	0.752790500375666
-0.246436558523185	0.208472436090476
-0.25065362052514	0.249949818701418
-0.71130839230135	0.984517106747427
0.152708030277411	0.171101357773183
0.0850964828223328	0.0761337378382955
0.0580645582001203	0.0499697395307773
-0.417692552979192	0.23898432181714
0.120086042646553	0.103322285926996
0.10452109827706	0.0823192079981642
0.663149823866604	0.686493913785855
-0.326780032739341	0.320037506115271
-0.292902416572165	0.268164557148721
0.139745583685787	0.135652282833682
1.22852870829077	1.74289520653237
-0.229849770560037	0.150299557674993
0.446123816698747	0.437827067834912
-0.717143655723101	0.743341356693802
-0.731065384652938	0.86108600439871
-3.08203048704882	0.947509650360219
-0.969387244041332	0.598345544931514
-0.41625051653634	0.23793578651833
-0.258842687878428	0.130906892371963
-0.50949754401803	0.269378877411908
-0.583609407020043	0.42879303371057
0.13261252956268	0.0636916054953931
-0.202913310161953	0.176431230595917
-0.912029602380675	1.24061348573094
-0.325092116938522	0.318050896909398
0.000891673225476008	0.000746771865968626
0.104415607868959	0.10894134646119
-0.0553687995480615	0.0473186553025266
-0.513059424765909	0.47711074751456
-0.431653649259981	0.375102058102656
0.0202807377026931	0.0152250674442555
0.280007175876575	0.236560198434456
-0.0835131220170084	0.0701800976303085
0.454924991245803	0.43321750724402
-0.110173690024079	0.0979508071290933
-0.0148035297963039	0.0117647554313173
0.375937879634416	0.333153636743048
-0.452915478025129	0.423201278167217
0.257065867792018	0.235036572142299
-0.381829709358274	0.335323911635736
-0.190724384457884	0.10306432679072
0.152684264008543	0.0810623086601027
-0.237559934502149	0.0764246711906185
-2.4579491937548	2.42189642458774
-0.967394509290605	0.596017220489417
0.0177063479700257	0.00963425726242052
-0.130472622120295	0.0918695492299638
0.637542809135321	0.771286458786517
-0.0902265549382495	0.0819514198573434
-0.397940480046455	0.317130007283856
-0.493736900504805	0.695112801025675
-1.15571791256637	1.01056244298384
0.182967197159795	0.146591677707067
0.00190338491674096	0.00152307897655437
0.403132180451256	0.422751758932234
0.138319011875985	0.128881909775133
-0.440085026617163	0.479280735650911
-0.0561345206527248	0.0487751287986204
0.697802361500644	0.890388774705936
0.705868188997486	0.71431121518972
0.262345000570163	0.226631076920015
-0.550020781945853	0.662055749653185
1.38558993033702	1.87990357301817
-0.471471239367282	0.316687483283451
-0.810411343150674	0.443645204982991
-0.00865083559648093	0.00442431699953236
-1.1447666380351	0.34569313996721
-4.22978477325578	1.96790247420793
0.678532530893668	0.312673492868646
-0.0711778605701602	0.031373168373768
0.151354211759733	0.0802324197676714
-0.138636763544606	0.110246903983634
-0.3130212210082	0.258147700521501
-1.1132474363229	0.768831041936527
0.606675463050417	0.459809250737692
-0.809127725486799	0.540197481059284
-0.03859367685183	0.033671014389278
-0.651308547917177	0.981742291768388
-0.137675336086977	0.14238124520456
-0.131371087716438	0.0925467128616773
0.039344717936752	0.0229278139549297
-0.1230765824259	0.0994405954899017
-0.242118184223099	0.225752411582831
-0.156370543882285	0.138015793176424
-0.177437883464813	0.19490322038452
-0.609713036965783	0.83325473742179
0.0561031177095306	0.0561140014515525
0.00612016954936077	0.00509523005105461
-0.0710867468919551	0.0313503757224285
-0.807766111343491	0.538993531727138
0.399902264293676	0.418527680068286
-0.118138276088008	0.115095999465314
0.47912358176924	0.619304672909738
0.0049208253686719	0.00446926959062125
-0.48156523821547	0.524111088492762
-0.139055908368445	0.135543231271402
0.478390877824485	0.521533604619366
1.02824813830128	0.975493849190568
-0.555000959083982	0.592469590941483
0.0564125760668038	0.0463845594662059
-0.648832637135705	0.635424966915155
0.0546348674795257	0.0336805206030231
1.75429973305742	1.35915533052594
0.128832734334698	0.0550248255568024
0.16045117802105	0.0401558290866076
-0.126648691333027	0.0503663423095905
0.585811213568047	0.302214531395461
-0.506885445790532	0.267562148692892
-1.49061201469606	1.04406275291503
-1.29790303333427	0.579341243572057
-1.1631318899265	1.0198382997855
-0.891498394681357	0.829039101015376
-0.112240221015817	0.0665670905011213
-0.68218685952305	0.482680349172938
-0.227578808671821	0.19578611930075
-1.4596313016267	1.31794377240711
-1.18802545121106	0.663330184998705
-0.668673926340204	0.399900903072184
0.429294808776901	0.326915267213405
0.0544146360744492	0.0335667259496603
-0.352771703011013	0.341882786342687
-0.436272185790365	0.473979479995034
-0.555436703550149	0.593285889368028
-0.298008206347453	0.293586395780496
-0.793536716335217	0.685760808738362
-0.679186394017156	0.47966262966838
0.559148220802215	0.557060667325739
-0.173918183762879	0.137488745576654
1.02578303205954	1.722808936086
0.531977956257265	0.795382147040591
0.432580671373133	0.508994179185392
-0.000463685308340572	0.000349369473059965
-0.052677485403349	0.0397617233317061
0.069060416115788	0.0585589931530906
-0.143846549390453	0.140679225582091
-0.537606164584096	0.684871062941113
-0.948215166465123	1.39982645864931
-0.118253503079345	0.0470100497471401
0.0190478848088375	0.0103527786808112
-0.0559745807544458	0.035336055524294
-0.151395943255842	0.146404316862142
0.977652718990666	1.29949259606487
0.255451174541958	0.252054928469656
0.706181281299815	0.976745061651718
-0.457709882749586	0.558629435947201
-0.450312301338402	0.458526825718365
0.536728176159832	0.446734784680763
-0.417896968616571	0.174347771030036
0.395849645742481	0.41315629675509
0.636790830094204	0.854151883033874
-0.278827051135452	0.17617801682345
0.135937173335384	0.065153738750526
-0.628299579656606	0.151558046801791
-0.238300485260816	0.0767056206772632
-0.00900947414265213	0.00453417712081746
0.126850400325993	0.0541601948700295
-0.8107953759628	0.54183156242646
-0.884043093326838	0.896516874715693
-0.109962755060222	0.0790962819857377
0.837732916766518	0.883923270099265
-0.384836655712671	0.369529087927684
-0.627623439679479	0.5658184800331
-0.101331775674861	0.0844342792498538
0.132404409561458	0.12022231188992
0.179940364868258	0.143813395916142
-0.260657798163623	0.195726659682983
-0.339638004431897	0.2058407314039
-0.295435763895383	0.216670453893644
0.456266258748469	0.434863225132833
-0.570386676886752	0.64606151311768
-0.376899989551809	0.413652686038506
-0.0961233078012268	0.0798422735921438
-0.158889749998755	0.109525558166794
0.108596489864936	0.0857124919738052
-0.439623544500963	0.511018489352564
0.171027772706225	0.105461669574322
0.124760451926371	0.112661263916742
-0.0691909915080928	0.0514182240442977
-0.252487588871716	0.252140111278326
-0.420216113055521	0.463810992616204
-0.271464624850629	0.268714425331265
-0.275267863481408	0.229745654440192
0.259850436704503	0.244601141605841
-0.254866753740229	0.233703471448521
-0.644012940851734	0.629331672328289
-0.739381406527841	1.13493656325842
-0.26510887135184	0.244881532588244
-0.189585851748091	0.127444160432405
-0.238022147116678	0.221313024430187
0.00133399665339625	0.000922881554346079
-0.232861789462254	0.152429821747216
-0.132325592030333	0.093248824136311
-0.788747688247662	1.12407760348121
-0.0558467932721878	0.04221425590182
0.114705809833179	0.0934616087926449
-0.000600309238387055	0.000462027718995683
-0.547343284423081	0.657578278408113
-0.154224264828543	0.149434626712964
0.346907909626243	0.420775206650896
0.289016000150395	0.227669511062499
-0.303345418970004	0.29999130898515
0.578457205431105	0.736247961111465
-0.40671828327645	0.472873126193719
-0.690087781479409	0.489919218361384
-1.23404413524636	0.937252812896302
-1.52585303078124	0.541962051097293
-0.00258826648599884	0.00141688235282005
-0.41614391306606	0.237915426336524
-0.335158365043615	0.515806137194269
-0.547437644884371	0.856994849106622
-0.415665158523334	0.816396594105343
-0.532467838098199	0.676036542355892
0.347827362561649	0.32476587301466
0.17358074689444	0.12400475035808
0.0974576056902234	0.0764440790576428
-1.44870244681906	2.5956384312489
-0.283970826194872	0.30067199911347
-0.143519297878309	0.179156171540721
0.0830336019149777	0.10426739425103
0.250039836063705	0.233744509401501
-0.701140608777004	0.620044750750869
-1.1100978415491	0.765241804276415
-0.0411419753228006	0.0196392891572575
0.425835665384857	0.323938663311671
-0.910436934910763	0.765234087816427
-0.34423724270108	0.246768296191849
-0.236545316506279	0.255695206204936
-0.354089665333406	0.788276783804605
-0.791746184737456	0.684267160469364
0.0749659636725649	0.0508576714882532
0.0572963389841576	0.0353650055748165
-0.226295934157067	0.147726838481619
0.707237115044496	0.465081029414394
0.467332300629141	0.317851380468858
-0.339334450170607	0.205896685709038
0.42217472484669	0.16651690753331
-0.0753256187953431	0.0331564524830659
0.126920948865423	0.0542731573339845
-0.803518371681311	0.535611421190181
-0.235742474782435	0.358122747830892
-0.617946472158395	0.818563017666807
-0.633181727205556	0.572393680988427
-0.639116630813039	1.49332682944704
-0.683155517280459	0.483220182803118
0.568489046706163	0.453187570521489
0.355733233425872	0.599162467343939
0.0879361029594814	0.124501729290599
0.381976011188401	0.491515880963435
0.233602426535931	0.292582330459943
-0.389612034463922	0.343844144773836
1.10061158272195	1.51440723405058
0.0869147988650448	0.0637771202623398
-0.633814847866071	1.11198198871079
-0.0472834074031882	0.0408623688994457
-0.790395155564655	1.02930335397878
0.18489638151077	0.254587547188468
-0.481007437371529	0.994853935354052
-0.844914619387306	1.20454564719313
0.0941813543199106	0.0715961747513037
-0.12858525616066	0.0904230714907482
-0.65938088334683	1.29232220918074
-0.451472802753913	0.459928489481876
-0.385490288960588	0.399026773135408
-0.237588321565213	0.220838044222561
-0.605929442325943	0.64278018368892
-0.303345418970004	0.29999130898515
0.096527897925368	0.0938481540721037
-0.0875851473521575	0.0723427341911632
0.380067360860219	0.324852569914057
-0.221467845499248	0.168847989975817
-0.316135261448433	0.285270984954742
-0.613625650318833	0.811200472240983
0.490347376347073	0.439394277179798
-0.204192633364597	0.177717716110561
-0.46557602738899	0.43865002994806
-0.668271179099861	0.747689408574175
0.643942838971773	0.583967950658164
-0.13311302780011	0.0938128024103357
-0.420386482999479	0.432963577166453
-0.83241422847069	1.33320629968733
-0.0730837105804426	0.0447240803667303
-0.433277801277815	0.37692752949444
0.0955067563535972	0.0726542508187962
-0.884049305474937	0.819130829120068
-0.567777338263103	0.521034591734037
0.182884217320531	0.131362924473848
-0.158485263467453	0.109232128468081
0.727019296897657	0.605703596394701
-0.108766693658138	0.0644275860853629
-0.532418374831645	0.445467824160088
-0.450859621945544	0.459231481706329
0.0746487403181579	0.0662814743911161
0.0869639590061617	0.0809481032815528
-0.410511556891409	0.505796998818105
-0.301504783618096	0.246877127278114
-0.575825876792203	0.654176283441791
-0.116234989170852	0.0838666202996033
0.189096772430789	0.165957736355294
-0.512893500749852	0.552111968846443
-0.690403521424156	0.90500049814651
-0.128820705009581	0.116155347622404
-1.18109961499635	1.86494635447443
-1.00709044544625	1.47983190903269
-0.106048529534	0.0867579551239381
-0.647861177338417	0.851144187207988
-0.0815918194661807	0.0817626733877195
-0.479628302567142	0.580016197536189
-0.300085034132631	0.355627060943454
-0.191513524815213	0.233221166812817
-0.107643940985602	0.097356284811545
-0.325214931221861	0.339352661621841
-0.269166216975307	0.287575851084986
-0.384487646741969	0.424421126532271
-0.0339335365398198	0.0295327396294732
-0.0147907607895387	0.0117467303867542
-0.4104136122632	0.47848964534672
-0.234207968294851	0.248047679273291
-0.5743720051987	0.73074264565632
-0.263925305764613	0.280718670265931
-0.639095715355945	0.766012561423896
0.36264971049115	0.427647011769644
-0.13204898724787	0.119350108493869
-0.0911623761249357	0.0769512499394252
-1.0257942105789	1.16031439691447
-0.471926149634527	0.317090962646084
-0.356003921303468	0.318901487631348
-0.15958145355689	0.16561121845621
-0.447642625715788	0.490247696636068
0.126386363896862	0.106503456481843
0.410066905987031	0.325893763110799
0.17488103859595	0.107946660120188
-0.0611932091119288	0.0386569606429984
0.17854652851389	0.133057545753673
0.100443891136414	0.0766279417912672
-0.432671084722178	0.376330623352472
-0.398562120689711	0.277066759363094
-0.17483022014357	0.138309973296425
-0.491387578866956	0.496470533400478
-0.392307511679293	0.346772738794425
0.589310182320458	0.572066573633456
-0.243650206318267	0.205705935848035
0.171550152295986	0.132011814661503
-0.391944990372269	0.311513866810362
0.361763491286582	0.329514426949371
0.098158870643876	0.0747899683938415
-1.06576831807194	1.34794329265708
-0.101781336292188	0.084830863133941
-0.386771774188243	0.340724402049834
-0.257157400612749	0.219011232341106
-0.385844521452429	0.370655245706963
-0.508465944616682	0.471922610769105
-0.790416088906867	0.868356680769699
-0.731098181994425	0.813509258641184
0.0943209558462991	0.0694144273548856
0.968171671599453	1.48437869305392
-0.349921234166871	0.312285821312519
0.362261275840775	0.33010647017099
-0.127884501044404	0.115192730048041
1.06134788538795	1.67534340131272
-0.736654556449706	1.00486688835333
0.246072449890689	0.268235627479825
-0.101956759973539	0.101082725824063
0.0213081673177591	0.0185177570573263
-0.114377305999954	0.114509896012639
-1.31611241067785	2.29643493838555
-0.437103151247126	0.566885432539155
0.140929150008438	0.151536748783837
-0.201239580058699	0.218820634490296
-0.0924886694873421	0.076639825333332
-0.471840607926609	0.509980203142183
-0.167641727911484	0.145816658945247
0.376141597009178	0.418690987273264
-0.12954244310308	0.116888884765228
-1.03276168597945	1.4570240735668
0.0207325159649224	0.0176171014837377
-0.790135952766599	0.976677573608786
-1.04148435072924	1.65667730676642
-0.0536296559127188	0.0503789051111695
-0.664308153295597	0.741191512615825
-0.0785374690707783	0.0481352975212113
-1.15410973410565	1.00821337771434
0.442353751731502	0.31896570120015
-0.550493368877816	0.58613349931241
-0.385989614565058	0.33987711593994
-0.792601142329574	0.871141309108828
-0.107433156533298	0.0636206902494558
0.324362599365035	0.179615844268892
0.183063397799873	0.141846813467667
-0.960674000747084	1.03317323772687
0.252021155661914	0.265219993489838
-0.339364043991105	0.24268825323432
0.127141626540389	0.0479115733238652
-0.503968419947235	0.381652593908476
1.14814130316612	1.42779188580095
-0.0551312933241651	0.0347921463224856
-0.276228333735518	0.230742410253007
-0.131644966827597	0.0927651526294449
-0.112402940927888	0.0809439122430322
-0.0573882796925107	0.036230446537146
-0.341813811277143	0.244772976338189
0.0225585605471759	0.0122537712399256
-0.710616164929377	0.630979326848791
-0.649490021484202	0.636334635504463
-0.351096092554368	0.313579724348476
0.0143381388705502	0.0118611337024377
0.179862877767847	0.134158031381147
-0.962575887858942	1.29021680186598
0.309319729112543	0.200548899690647
0.447416796855205	0.323662472687509
0.450152185111015	0.427348240881472
-0.500780426682227	0.378809697609321
-0.058586726612764	0.0370008455207953
-0.886171891828112	0.82225517238429
-0.0701378590347111	0.0521513982284568
0.909881565861226	1.3308360268316
0.539269274406272	0.449774174271254
0.0952550225328906	0.0701766073170591
0.192379226424474	0.18603726920559
-0.190538458425555	0.164274222428566
0.790188240316673	0.954321040830806
-0.195056220053162	0.151511692703281
-0.0495279111114652	0.0428580101017679
-0.319638879382657	0.377854321735345
0.325640443714659	0.326778604870661
-0.286606656413945	0.261312182235239
-0.557759881707473	0.674778171604304
-0.645007519386685	0.968013380874827
-0.941586468003072	1.38602003113825
-0.190553668589461	0.208639620183779
-0.198420661032501	0.211426516862905
0.195145444534071	0.201231678538455
0.109241837837002	0.0910430663620845
-0.733339447303833	0.864734057155679
-0.579823176486811	0.769156191043436
-0.196076232256252	0.169717356786974
-0.297139062257679	0.334887169609828
0.385763131711946	0.421795367190752
-0.135226175202362	0.122447599957101
-0.483713960536671	0.48625568550481
-0.224776810724684	0.171723783074642
-0.898140827756095	1.27597207599325
-1.76101518500949	2.68083175588496
-0.122880197344648	0.101600530765352
-0.247644092828544	0.209709507265468
0.151447477388143	0.0803959285308491
-0.420986513761202	0.400067228966325
0.186877435214884	0.159398184013181
-0.602698514066609	0.63821765467707
-0.429315178635271	0.372507153306445
-0.341403323688649	0.207199253927707
0.133701715077906	0.0641262616717176
-0.885957979167517	0.821466930874217
-1.17454258435908	1.47741335757437
0.0888868943717095	0.0630388829666001
-0.0370466471027664	0.0240009031926286
-2.00234876744152	1.39370053586395
0.18269965648585	0.131173928674502
-0.181475738782079	0.159380093370185
0.406884188181889	0.322806295470205
0.425445431194108	0.323582864618752
-0.6997349076578	0.618158651590176
-0.00848761131503926	0.00432327612033532
-0.912744276800178	0.767613233541498
-1.0112768860817	0.916307073519604
0.320987879428282	0.17755702640544
-0.192646060924359	0.104123606668986
-0.226491982264309	0.147854601278683
-0.0550601151802557	0.0347191805482706
0.571316807440994	0.652104995090627
-0.339831221940766	0.206312538591329
-0.799671096820789	0.618403713340282
-1.52120989207185	1.72515701853505
0.162028460945172	0.0933888669152928
-1.23603132120605	0.940297947771033
0.514179056059326	0.445489731269358
0.0532323180293071	0.0328136428319682
-0.412001071945379	0.235266861901049
-0.0620490216070086	0.0459785595429556
-0.789343818794595	0.80828996106189
-0.0532778644251201	0.0402204161104254
-0.148456134583768	0.118820603863755
-0.318204791945035	0.287542348390522
-0.43210836220304	0.375750228935824
-0.252062015446956	0.213995736066941
-0.225672097948278	0.212866765926491
-0.20363864581009	0.208079706325033
-0.855074683272611	1.112141838939
-0.995497666786242	1.27877915053534
-0.387541594160464	0.454296275095789
-0.993071000277211	1.7480953465798
-0.790373897156777	1.17493701994914
-0.691378265683895	0.906762551088771
-0.680041071171249	0.807546802464351
-0.00782225359036687	0.00624526579550191
0.186947803782085	0.225046232928536
-0.288397977243728	0.263280658784695
-1.02676295369485	1.44424645389978
-0.503670361376165	0.64225593483473
-0.51426156759923	0.62109634816172
-0.594024489114204	0.851695211236733
-0.491813056660345	0.657422583941723
-0.474055781161152	0.513329178438482
-1.52281013214998	2.44855333055455
0.257660667677952	0.235657300580567
-0.702664411522745	0.967559455784181
-0.658469930613599	0.906263817136164
-0.731890921611841	0.814956538212169
-0.2549803287155	0.190880928255363
-0.677086876506038	0.761151015115781
-0.725860113331213	0.805546804891516
-0.788286679067363	0.745429328079587
0.570220348033863	0.455420153735755
-0.0823103591072077	0.0504794170834091
0.166788720590762	0.102668269543845
-0.440715531355379	0.342305885517043
-0.464804280317772	0.437503156737765
0.0970409333672938	0.0738504517271066
-0.229471316217074	0.175739289457725
-0.114890981130666	0.0681913537949954
-0.532880799684461	0.445934095408478
-0.884673078758303	0.819831612512069
-0.342097775255652	0.244911608967759
-0.462730164694137	0.309784494518637
-0.616722750665384	0.508662069249074
-0.412176746429534	0.235432436609742
-0.686050605675813	0.546703620509596
-0.680538942845212	0.481290106220185
1.5520922495992	0.753268069075162
-0.559967526886318	0.358691824491654
-0.02209539316046	0.0146392321198223
-0.794885095466051	1.03782417355841
-0.904726823472417	1.2260258761003
-0.690455863174161	0.865506550593792
-1.26674189079172	1.38517241302379
-0.0845614800302583	0.0518877469882799
-0.0827856361470126	0.0507954620952706
-0.411210584802484	0.234722276370054
-0.331680052882488	0.200508826742366
-0.720745531003548	0.797302097466197
-0.982568306759961	1.25421718419981
0.345473823281705	0.332244000172614
-0.575995618275118	0.654807684523274
-1.24284318587407	2.31012369830215
-0.306065777908137	0.303264707056972
0.0291291120031511	0.0225090719229812
-0.388837896844024	0.37435113484627
-0.371428967071334	0.484464306823501
0.0559378145292549	0.0459685796839984
-0.641816530686641	0.839956921589121
-0.155844526174037	0.151218625096379
-0.53571029273596	0.769295236727174
-1.47785083779724	2.89470849228654
-0.395041076702309	0.505574582292681
-0.309540999399073	0.254724841675476
-0.330631570445436	0.394351621130594
-0.0163611904377189	0.0144842259661613
-0.553721196175244	0.806541738825936
-0.458210696219048	0.670014949158001
-0.09273469480574	0.0925406677242689
-0.00513306763465865	0.00460726744049854
-1.013581633424	1.49508112922486
-0.552161860182102	0.73652547857242
-0.759035093502444	1.34503280199667
-0.637123921760927	0.797728608442871
-0.333340435339006	0.435731173527138
-0.920103298981082	1.18961929016918
-0.6464305850193	1.00249792269472
-0.179186573007655	0.170435517328629
-0.506041209589556	0.383488481068294
-0.472121959759773	0.446175571814021
-0.243120295420854	0.205279168730795
-0.477904859141971	0.518764409952075
-1.25219002693884	1.81182477289873
-0.284676421726286	0.259220001094153
-0.256969454783327	0.257379710422181
-0.234665963278929	0.217620557944029
0.391793045887954	0.323059117143242
-0.97000758419433	0.598729933527737
-0.66541504261486	0.397500600266797
1.58180533584367	1.71689632292171
-0.41444726231294	0.236617733228822
-0.801398469841957	0.436820007096816
0.0654320167781123	0.0424450449764106
-0.386826291707647	0.340806199455901
0.138342532806349	0.0458695746092101
-0.405025110166079	0.230583977809288
1.43912328472901	0.882298404206883
-0.252409468418304	0.127414335516569
-0.66823649884077	0.399887699161994
-0.627648051161859	0.300886351315126
-0.38116568328823	0.393342496532479
-0.509220717939622	0.546741903973802
-0.511224882813934	0.270520582958009
0.135937173335384	0.065153738750526
-0.109440524072337	0.0648424380151123
-0.34625696804402	0.280129930682833
-0.626243065881938	0.86628936354056
-0.604164326645738	0.762715604463994
-0.618860053753474	0.697519601399255
-0.646471319774229	0.63258886101811
-0.563309223970015	0.515786262525556
-0.700821785292058	0.619602653499455
0.326993961608162	0.328671201735905
-0.0758770942137597	0.0565640798061844
-0.475033811920066	0.404862983683291
-0.299217308253394	0.29504936398818
-0.519052233523351	0.62900394369445
-0.557551838714048	0.596465697391865
-0.397037421699528	0.316363126967994
-0.578067088484459	0.658007315283403
-0.240350603334857	0.202533866237144
-0.738424274281087	0.920430765024095
-0.200051103824364	0.20381273532357
-0.175402542422679	0.181397810366473
-0.706181522197801	1.05076842626235
-0.538006142356621	0.751082044187109
0.294955535738195	0.34544771507018
-0.87559109748626	1.45365377328132
-0.715558980961718	1.10991704431537
-0.599164321166494	0.754105014878089
0.685643214508284	0.796329379804754
-0.749510314514354	1.15890776119818
-1.09025696969091	1.79983295363233
-0.757967359890049	1.13571125536195
-0.509454329939831	0.269624758031799
0.0364893157672088	0.0212209726155753
-0.509116205759148	0.767083262959362
-0.242881231125418	0.324090491162948
-1.05213928281849	0.850582881644487
-0.167754072609883	0.0600616127897958
-2.57963910438406	0.659061212358043
-2.29996313890297	1.14710866272123
-1.83165926032039	0.740451579277532
0.566948623458074	0.451959378023807
0.420797889076616	0.42016268827907
-0.179088077661833	0.064106224022352
1.02533495299364	0.382457756692076
-0.354815349846941	0.101888689175609
-1.18281587032394	0.659098641368031
-2.57660997484294	0.657538252319339
-2.57968420714322	0.659073447553718
0.947635845528227	0.248244973505163
0.157370411029726	0.0293708256249034
-0.152916864533663	0.122714426566595
-0.23519795221745	0.339431027322162
1.43713924157415	1.6318747316181
-0.798703274297681	0.617047154535475
-0.316745057727595	0.14579386036542
0.589032264568651	0.304349472385491
-0.23808408660897	0.0766242401144763
0.0518127443364336	0.0319550906178364
-0.662367563544765	0.395780377024795
0.128353498749062	0.0427000802237377
0.61477577482444	0.671867094045428
-0.704583008149907	1.00982061097256
-0.796060921754267	0.345916139866961
-0.252035321781138	0.127296734168844
-0.622998211565955	1.04925344111494
-0.435919333870256	0.892007653689861
-0.10961776567092	0.137660767273799
-0.416877004595419	0.584312694532117
-0.178752922466394	0.285690551743271
-1.46072440767912	1.31832967007484
0.303141338203278	0.208611339408632
0.538825850758403	0.955364307387114
-0.00746433507746116	0.0037961628074778
-0.510544505862063	0.387960692540548
-0.232571292736483	0.215119751616541
-0.0714339723813015	0.0315011656210012
-2.5766529574574	0.657773148602288
-1.83704863877437	0.743077948481445
-0.792865631143318	0.344008393266803
1.26287230826015	0.685420995989338
-1.74131591315576	1.91731416891221
-0.686351322019272	1.16226700210036
-0.239821495507453	0.223131067377903
-1.30240708959037	0.582011421694818
0.798324210831681	0.328230166540438
-1.14536534536015	0.34589005605433
0.159859477622278	0.0400192334307773
-0.62993482807502	0.568501999019917
-0.475028994915969	0.829727593142427
-0.565093967660637	0.517817542642629
-0.73833632952493	0.25198039611565
0.800380368072435	0.329168985697583
-2.5766529574574	0.657773148602288
-0.41780539505111	0.239045143423714
0.149744295833776	0.0719972710290675
-0.79571645099497	0.345649717946786
-0.521880202400588	0.564845615209152
-0.106776451789687	0.0892947599240842
-0.361016727190184	0.486810228950307
-0.692806110307393	1.46680857346214
-0.391727610932646	0.31122235201991
0.0678567169435215	0.0778662457214612
-0.199175656363056	0.278193571042593
-0.415183675733752	0.172968540362155
-0.235172070809607	0.296726332731396
0.168481705721339	0.109688043215681
-0.281959363085222	0.178312784185563
-0.161053360746719	0.111147794289005
-0.697063644247893	1.23352638615809
-0.284662225303234	0.238959143991224
-0.628299579656606	0.151558046801791
-0.540486497816113	0.203240784979243
-1.04221071709325	0.410198911511082
0.849652212356634	0.625406130552712
0.470837668196696	0.434955914692955
0.0378535827851703	0.0392695774543949
-0.890683555242804	1.827870819042
-3.76137421922742	1.48226291907169
0.128329954248913	0.0483810589309592
-0.0301631416335272	0.0234431165143906
-0.538391637447097	0.202241097472968
2.53901079776307	1.37313946126329
-0.628867026021838	0.151670609188118
-1.00685489053344	0.498279597615627
-0.259377312209713	0.238649250676875
-0.322542704196169	0.148672259692575
0.58780342875841	0.303484945228552
0.0593448739510785	0.0366243512151196
-1.18049506055536	0.657564753814063
0.672812797155709	0.309654422171124
-0.412676099187436	0.422330940412554
-0.32042723735112	0.378606498109496
-2.48597852884464	1.37288016380367
-0.407513041913905	0.474125373448386
0.125517489102359	0.148796447273609
-0.314911704458012	0.523356760382346
-1.18612789877021	0.662820071124371
-0.21354503749069	0.27111946266715
-0.287019740890213	0.261782752901253
-0.649927546623601	0.637171316177039
-0.261201967212042	0.240625957929173
-0.50323130944769	0.265680274989849
-0.437446157947458	0.475569073974303
-0.346918800128963	0.280741648769569
-0.938314035413992	0.693304002882813
0.120581599900107	0.0455323244350275
-1.29133208294327	0.57526815180387
-0.258912530592381	0.130926124200128
-0.684804738452221	0.484653310345692
-1.00992654936951	1.22181915305424
0.196887048113637	0.199313474413444
0.0996102206340952	0.101859675877517
-0.121083321791546	0.0481564628616814
-0.264152106533762	0.133785162088107
0.541243244654258	0.554795488623109
-1.2961765010462	0.578355472409881
-0.235007751863996	0.0756217011010752
3.63331351050508	1.42008896661082
-2.5766529574574	0.657773148602288
-1.14111344283696	0.344497381350969
-0.625937070321993	0.151091209012893
-0.669150818760785	0.749000461610673
-0.0890587425006218	0.0910131258797939
0.428071608230174	0.168976723678548
-1.04687191417195	0.412486748895758
-0.187408084488445	0.125849033535999
-0.160637892195964	0.0917645479449259
0.77549489261118	0.460519036905607
-1.03004786538062	1.45014030779458
-0.195964484552242	0.27582782966188
-0.762948200836536	1.31464326609127
-0.0882270842560323	0.105363160306404
-0.116550243940335	0.0959562994438241
-0.553118541286732	0.353292504632118
-0.433773862116694	0.561220347588291
-0.537400192793516	0.615127794154178
-0.480043164745736	0.410557786399013
-0.790502730280294	1.35519320514452
-0.803956978794701	0.62275838824594
0.133651056800119	0.0443846032753033
-0.413914940317443	0.172398209586204
-0.335930071813685	0.20344991662185
0.497164635411064	0.314800018265472
0.165477877878595	0.10183371042169
-0.0160301109244994	0.0125021051512717
-0.0964149889276524	0.0800545861383973
-1.84057935511075	1.69025760631379
-0.941406151303727	1.08199788661733
-1.50513997974392	0.756614825908148
0.380367021726881	0.16888885357929
-0.23522957281847	0.0756912588669357
-1.52497036065527	0.541612586959632
-0.632563406792844	0.152610991116788
-0.358557998384515	0.10292132426425
0.947770742439721	0.248281535275256
-1.04056236968378	0.409373067940558
-0.0821335116025485	0.0503880758307894
-0.278088465331364	0.349046535640622
-0.0714748863789654	0.0315187001508765
-0.539535866518366	0.202616428643095
0.797400362204889	0.8670867286659
-1.00706015353189	0.910350773024213
0.139122954581597	0.0667402027717289
0.644194379694361	0.781693538644994
-0.36067068926648	0.351329646959736
-0.412188080795294	0.235522260724987
-0.213564349122318	0.244482285280878
-0.528563317093406	0.732680193594527
-0.129915811942384	0.117240326597475
-0.289352971321464	0.307503136937507
-0.245242506603008	0.207248786101036
-0.959221632685818	1.03052300004342
-0.421227193242731	0.400273307266601
-0.512786269802794	0.27148937354365
-0.441219411355319	0.342546686369001
-0.0778442799880398	0.0342488222119108
-0.955955229364275	1.02577379786436
-0.567875283058392	0.521186868867234
-0.363096998315327	0.403598521304429
-0.326540917975258	0.150785695879736
0.784984869687845	0.62078366300712
0.325667277127438	0.180271675977909
-1.51381756531411	0.763214978207719
-0.539312347732804	0.202625351504848
0.160221796316651	0.0401166927693931
0.66937968290993	0.307605615084939
-0.724791155116163	0.754257348211267
-0.0827620268813194	0.0363955644283056
-0.444430842024308	0.345902635275462
-0.00608350893939904	0.00411485320882106
1.5507001335775	0.752512547286498
0.260759461626501	0.238877557159678
-0.127913466130939	0.10359894643806
-0.188778354354378	0.101930905834619
-0.64178518426129	0.929248861272182
-1.45013000145895	3.63375201127773
-0.972101554782073	0.60083061248583
-0.197261539849018	0.106783594109609
-0.796060921754267	0.345916139866961
-0.154655711538034	0.0882221772488513
-0.0724282618627348	0.0319154045300317
-0.307564830776366	0.252767464295937
-0.447684368349193	0.631964803480951
-0.197989042631984	0.230651510126063
-0.235032942384127	0.154019698366053
-0.244626922047089	0.0786750222770691
-1.10488434503124	0.76080659935101
0.133651056800119	0.0443846032753033
-0.355104953248248	0.101967480674674
-1.52926336424741	0.543358625626883
-0.541053988501391	0.203408052094411
0.131588254721678	0.0495753524376327
-0.537911638640143	0.538875391135893
-1.04817240827966	0.412831503757969
-0.415877037869698	0.237863609850649
-0.240471706538451	0.202699785146869
-1.00381286214219	1.21090678216904
-0.168318442800183	0.0602514969158982
0.0979269595505537	0.076828277045787
0.0676408151503661	0.0585595985894788
-0.417787862317127	0.238914110187538
-0.607208455709851	0.498766611775182
-0.298154082244879	0.218966073379399
-0.790082009712511	0.342781765776725
0.425842843580689	0.168023318876402
-0.417165105552592	0.173939978457542
-0.276165957331445	0.174246778704129
-0.0828892120768968	0.0696111128107147
0.295874103983284	0.213846518772165
-0.804000972345036	0.438775541584656
-0.240061032815783	0.077222364016591
-0.535972986453295	0.201305640312495
-0.541982138529851	0.203732865607725
-1.04453512123014	0.411299191300165
-0.539187060838816	0.202416100648514
-0.664533916750265	0.39670682855632
-0.310138184201375	0.255346426169952
-0.243961240720579	0.260410384578684
-0.669848713299674	0.401180043749942
-0.255580130691612	0.129209497249265
-1.51284627596671	0.762154786285722
0.00985207990769349	0.00685345571543021
0.325283629255834	0.179987013667165
0.0456261415697821	0.0354162033356406
-0.25594460406778	0.129401564925789
-0.0808114545990517	0.0677728207307275
-0.808855699274527	0.442576787628786
-0.963939565359419	0.593620723745749
-0.148634750894443	0.0846501892020853
-0.696728133121616	0.558436750195501
-1.23443602945483	0.937147379780868
-1.05142448722124	0.41439445041073
0.131931398410473	0.0563487806517731
-0.507787817407147	0.385542775977802
-0.395045429953709	0.381670890904134
-0.793447342262032	0.685180170481283
-0.198955991111552	0.10766508489896
0.0193521351834939	0.0140168791205862
-0.54346877962796	0.204399150899749
-1.68884099644452	0.949405833941671
-1.04221071709325	0.410198911511082
-0.699152806712888	0.616622900807945
-0.508438508808933	0.386124797742351
0.0790214069002579	0.0703881147228415
-0.300634873329176	0.394205300437018
-0.153029341778431	0.105156996075033
-0.905208285518257	0.759005294980702
-1.10368583610379	1.07196930947242
-0.464789711790832	0.311421628100426
-0.695062959257519	0.556575341945224
-0.413359382087699	0.236104512927077
