x	y
-0.0109491562451258	0.00553880960864381
-0.708877150940474	0.681871651086996
-0.263859067391565	0.133626527932287
-0.254011101623841	0.128275715441553
-0.468868888552439	0.314700502669334
0.0355853335605628	0.0206998248590775
-0.0711386996043325	0.0529495817456996
-0.19506143532811	0.105552980165104
-1.04709662477092	0.412413821088329
-0.240278820798337	0.0772929353381372
-0.355401168227563	0.102014834884787
0.144976980831471	0.0425943260188831
0.672812797155709	0.309654422171124
-0.329268273514475	0.152147965046291
-0.668602321767401	0.400091749654085
-2.30818245015063	1.15400800938977
0.128338588542606	0.0483629401375905
0.144976980831471	0.0425943260188831
0.151447477388143	0.0803959285308491
-1.00235050008212	0.495230938565041
0.133124956796056	0.050140704249301
-0.670268608786763	0.401734911416948
0.423056351384947	0.321358774143919
-0.280882528703585	0.177524547727196
-2.93294410509819	2.16584177691593
-0.118225301795606	0.0470554996015602
-0.806923087833804	0.440393107879136
-1.51227685112488	0.76213256545427
-0.679594973726207	0.479894162182988
-0.535229834606237	0.448292020973539
0.78729737603348	0.623261047869404
-0.805552209730631	0.537459179283553
-0.411927679691464	0.171559111174735
0.946164773905931	0.931521841191882
-0.468102853441426	0.313957134623048
-0.27105773246717	0.22565956605524
-0.0862536381646233	0.0529423722102242
-0.441161106012299	0.342758727957413
-0.221753625726947	0.169128380376809
-1.42520790657616	1.94370122808207
-0.0389850227784513	0.0186354446367805
-0.277222189318126	0.174970953149608
-0.506544694815059	0.267664159860772
-0.738079783119958	0.251987608125061
-0.538169446885037	0.20211193569765
0.136957210683092	0.0657634664186794
-2.13404476466377	1.64266330485917
-0.801141398932513	0.620055408476828
0.533473962565305	0.308121909631677
-0.198260907854803	0.107389715510849
-1.2577744573245	1.18300519561641
-0.347685180773767	0.35963037331044
-1.07539610478672	1.36723809345251
0.0645971384910097	0.0419103331611446
-0.112437641613907	0.0666932274129945
-0.414181611233199	0.172499925294108
-0.081403736745569	0.0358023855607137
-0.244626922047089	0.0786750222770691
-0.165868726206903	0.059398359502228
-1.69628324831707	0.956314425825286
0.133301116726748	0.0442849463266127
-0.538391637447097	0.202241097472968
-0.969387244041332	0.598345544931514
-0.684669394967791	0.485226485622097
-0.208808772103623	0.241898883232726
-0.329327044825976	0.344776487868044
-0.329700890089485	0.436763140248614
-0.45989502467182	0.528551769024706
-0.0135790960819925	0.00677702724592115
1.43634499948318	0.879102311262163
-0.972462858598634	0.962860809963166
-0.277026864106142	0.231446851234203
-0.931879518775953	0.687186327118958
-0.234312185154952	0.0754304879292539
-0.627920734859053	0.301050564774921
-1.2941091808211	0.576975974922849
-0.792396830153744	0.344017820558448
-0.0811648379504243	0.0980941325317106
-0.834180137630493	1.38692224289525
-0.146968103506265	0.0836904449816644
0.14459272033421	0.0765298894736915
0.132750203723556	0.0636781354147909
-1.70045193992328	0.959389000268318
0.510619816865865	0.180113549991954
-1.29698130790057	0.578429185371227
-0.738670030097319	0.252119567169358
-2.30138530277244	1.14911512497571
-0.159874284533264	0.155635359039263
-0.14011941951575	0.1367009891333
-0.726538657713922	0.806401221802607
0.0413023886256728	0.0240615939336873
-0.935888549567777	1.07278948822
-0.291211607940306	0.310038523152921
-0.699151770416648	0.560654136997989
-0.752293655514521	1.12318967996841
-0.657818767620252	1.02856352597481
-0.357054825022455	0.37204561786252
-0.563953966710085	0.516575500715226
-1.94147998868128	1.92152639375262
0.560647209384905	0.558824133813664
0.0226007965880869	0.0169479936488764
-0.088121368124579	0.0644466668845961
-0.342362460221065	0.276247082071574
-0.255597256299403	0.129044978394764
-0.488226151750614	0.594406233519025
-0.611050376429387	0.502731983842189
-1.85570122471156	1.16264732967497
0.0362019045301555	0.0211087098255624
0.110521726929437	0.0898211315037562
-0.00564086577947838	0.0029380396442245
-0.276977617741541	0.174867717672651
-0.790637113549688	0.343172490347042
-1.1413415008172	0.344450233445194
-0.425168163130971	0.177537554772398
-0.237437039825944	0.0763599123457812
-0.739003822726622	0.252222384495429
-0.639394781828377	0.62308281019353
-0.199903723449664	0.10833542853593
-0.621957831947703	0.297616053571787
-0.622899316569448	0.298355013879409
-0.114263293640458	0.0454834777184629
-1.83105982818556	0.740099638711398
-0.628867026021838	0.151670609188118
-0.237212899766669	0.0763212805777045
-3.46655637771013	1.23090093950973
-0.413428194320737	0.236236427726743
-0.553397352580463	0.35358261370001
-0.337569744290447	0.204544630674427
-0.53874057789979	0.202401825815006
-0.35569023027487	0.10209347470967
-0.664924738946063	0.397638910078092
-1.50726124650588	0.757846325394698
-3.76137421922742	1.48226291907169
-0.554007147588077	0.353644361147243
1.04355625006019	0.494941192071787
-0.627920734859053	0.301050564774921
-1.52876545187175	1.73914786689538
-1.10537553267825	1.07416707985309
-1.03998820725116	0.409113309598422
-2.30510991052137	1.15171940932676
-1.51227685112488	0.76213256545427
-1.52554695498285	0.541620681553635
-0.720483942506418	1.08272629524617
-0.870876498804776	1.44131212467859
-0.360775542346231	0.423484247692379
-1.03720014836584	1.46636709084339
-0.085346845885957	0.0523927128958088
-0.702484341100049	0.621576547472213
-0.855820976048908	1.11383259848157
-0.646071900844208	0.63211197463993
-0.558584299528079	0.357587026114598
-0.646081661859647	0.631918353503908
-0.129187106872917	0.104790588224006
0.361538078811589	0.329386988766728
-0.395826910336226	0.274870750389162
-0.18727635186207	0.165078933778483
-0.638919277323897	0.622166786097817
-0.94294476243238	1.08456747992111
0.182572155699058	0.155274375760024
-0.311074544069709	0.279731429528883
-0.292390739815327	0.267628240639574
1.10497701685895	1.62275755915662
-0.150742192184466	0.132518986174922
-0.00336044149865812	0.00273347518959944
0.118600066274164	0.101932645227326
-0.938994777238889	1.07794616043548
-0.89444339280711	1.26785369727092
-0.97244994405337	1.31159023370282
-0.130472622120295	0.0918695492299638
-0.899721466231046	1.21524096910636
-0.409478765366218	0.448480779230679
-0.792770520010445	0.813475992386432
-0.882579151505064	0.893891746696831
-0.658084998160989	0.870630550604128
0.0735680954426834	0.0498988368816408
-0.414069081866849	0.455217299837778
-0.268441007170326	0.223110651355133
-1.05125275102897	0.850499424932862
0.0720249882562042	0.0488400602851308
-0.308151981514646	0.253345919200185
-0.48171402534716	0.524192870232788
-0.796462014759495	0.615355240990712
-1.00862246600076	0.913453288701177
-1.14213392188544	1.52361543332406
-0.787761885952846	0.805877243248334
-0.090166492799255	0.0761023307439769
0.0766336793665656	0.0520233845437183
-0.109409045096729	0.0648406965747898
-0.447138373263879	0.348229194938916
-1.3551892620854	1.12907386992277
-0.861718338722787	0.933461215233014
-0.512150244176972	0.476423560234468
-0.789246496973343	0.921957373242081
-0.262088151936454	0.241471770385517
-0.427576054592889	0.370767770075758
-0.430508297157061	0.373762025820064
-0.986171274576757	0.982338777050866
-0.623129365727021	0.704472753447565
-0.795910503178191	0.755276667961646
-0.444170765116093	0.345361995742982
-0.285944769515282	0.286061718723782
-0.664774499618939	0.741753229233238
-0.510362733913332	0.474199892102419
-0.505604128204431	0.468402779143028
-0.29434902050309	0.215740306493459
0.398989452593575	0.315154062766385
0.606824366025595	0.459648974898752
-0.967055648938233	0.596855415283512
-1.05177357284393	0.414555736325111
-1.04856411387561	0.846449952059604
-0.96484399640477	0.594338839866037
-0.171658701973936	0.13542772564435
-0.580097457948698	0.572071377255911
-0.809127725486799	0.540197481059284
-0.66052662972384	0.69434656119276
-0.190512489117175	0.220391610984457
-0.142990472651073	0.17637330250548
0.185896551185761	0.275678692302661
0.109562967747755	0.11985463507028
-0.136780286508263	0.153338399841935
-0.755378331205926	1.17257150690159
-0.338943986747978	0.205394581119415
0.757037349975202	0.843797789454047
0.143955471244062	0.0691415857195425
0.310404229471302	0.20146506608577
2.10252540036319	0.925396731648863
0.510399267871221	0.17998283956174
-1.04090886464526	0.409486451709067
-0.741510950758259	0.253188727186893
-0.628030265547787	0.151499678636842
-0.588672357820949	0.583440105248858
-1.1052475774561	1.07395444711416
0.0194541982031656	0.0223166490501702
-0.114575151732628	0.136241239498784
0.135876128744796	0.0651042933697147
-0.544227212046939	0.458274784885567
-0.664967552072695	0.397726322180862
-0.415116620386652	0.172916119993669
-0.540875849805368	0.454690224852846
-0.81108055435304	0.542093594231607
-0.326393633173898	0.150521800029804
-0.237509506094109	0.23959075057634
-0.501124336150627	0.730299862504298
0.00701146695918513	0.00652806066684618
0.0468951446976203	0.05090690544107
-0.0602707370698773	0.0608513819279959
-0.0977943938846052	0.105958506020599
-0.218542602786995	0.251641306806518
-0.344875775361997	0.474207505388858
-0.589415475734667	0.584354971170889
-0.667528498954918	0.399686452573427
-0.222134339576131	0.169470324505734
0.755679506576959	0.841911083459068
-0.583469104628474	0.428244972649359
0.921529323261654	1.03896610195974
-0.277099380421011	0.174979834900369
-1.5082900806176	0.75898051972622
-0.234534484549801	0.0754746413023498
1.45198001091205	0.478658944297305
-0.737745529684395	0.251848226779474
-0.797847233947848	0.879596414856947
0.571856376961171	0.457258077869892
-0.660449695142048	1.44261644858589
-0.323476935294708	0.40872552899123
-0.610749138084722	0.502643983773977
-0.683550570849149	0.484227658106799
0.609788319343991	0.462609833762429
0.425065527869463	0.167656114427908
0.663355921828111	0.788351326138278
0.131814043124596	0.0438161720723548
-0.332809941478545	0.153841820542386
-0.249444784756673	0.24850753993792
0.129635118450027	0.119984293123406
1.12974522063831	2.05754975515001
-0.668951113897072	0.995967154529305
-0.0431775926502427	0.0412680389369375
-0.287141952218253	0.383354751662722
0.00783877800945752	0.00729460796716772
0.236401675883008	0.288131316954252
-0.280737903892388	0.37757163709575
-0.473210548631876	0.718434632552814
-1.42244408013178	1.93733034255692
0.567761803892383	0.45290294624595
0.683578909279095	0.597006256789457
-0.0238013543696031	0.0184889210835766
-0.569146929330794	0.52282615874649
-1.34985285454704	1.35879357475286
-0.0738214879395876	0.0325386172378161
0.128591433736742	0.0484895075702699
-0.233964530152622	0.0753172914260115
-0.538614601651019	0.202264227467562
0.774044154547647	0.459853135784295
2.54144566124961	1.37568799443927
-0.676441851854379	0.477118919932397
-1.0465244135449	0.412299764954399
-0.534696461792931	0.534713755734266
-0.405477454450404	0.523387757863092
-0.469515247115777	0.506552505763617
-0.0580627437031915	0.0439161121680036
-0.584201819886833	1.29956179433635
0.353307483047406	0.530327812145524
-0.880112510232948	0.890756792053566
-0.693669715244504	0.555224837107635
-2.00690596014243	1.40139506670406
1.32285024116288	1.55631258279431
0.507843886628285	0.546757603803062
-0.415964372463668	0.237705989950109
-0.28369199641144	0.179596968740927
-0.997509204027781	0.492307329534456
-0.891324346294375	0.828795338916924
-0.399912771174814	0.278094110890938
0.374415285500742	0.166142250247248
0.606953054192746	0.459804703840077
0.132666137586953	0.0566725770973164
-0.399982436370872	0.278284533792239
-0.413648420763288	0.172239608085413
0.845510369928847	0.770769443453273
-0.112589083229957	0.0667700417381947
-0.109264813802779	0.078542843283977
-0.329182683150865	0.322704741982583
-0.222537174001356	0.169763994474974
-0.390763686046585	0.376503530188035
-0.865707156616062	0.940193964011997
0.0451301798276414	0.0359920933943759
-0.00879746314956665	0.0069924465444503
0.536893614025379	0.447008050965447
0.403912702849595	0.319861388573836
0.01541505677567	0.00841335049253526
0.370884542527079	0.315141450416383
1.58357287705387	1.71905913225399
-0.282639476817565	0.178833848384481
-0.328833852296794	0.151818069855998
-0.229984547564071	0.15040825353327
-0.460534380878584	0.307912441371388
-0.736049344090953	0.96026159168104
-0.463031029926986	0.435597907386489
-0.0536870542761426	0.0405407895470128
0.59394955688093	0.664520275004245
0.786644524900115	0.850735642357254
-0.163485192557817	0.112958435726595
0.295907557496968	0.214006209638756
0.279781864295766	0.227846536128657
-0.930513069579606	1.06319291650399
-1.43445266390732	1.7571181084595
0.329160203952069	0.18266452246123
-0.137349955620832	0.0970458062308571
-0.197871021803779	0.107062674583407
-0.078161187638522	0.0343502112257878
0.130920287619515	0.0493322328761646
-0.199072373513074	0.107851684425007
-0.00252673468481802	0.00136211081313149
-0.0360051155352746	0.0172547669018685
0.157581286423813	0.0906214021178399
-0.8462610360753	1.0952919451798
-0.904163100706177	1.59792128105208
0.415201313976189	0.527100912175857
-0.22157974656306	0.225264920841759
-0.670399642650512	0.790879390251602
-0.00920945614595307	0.00731864715877363
0.759093940489497	1.02085766617993
-0.796622575006808	1.04137475377796
-0.343419314071333	0.208625685934129
0.87876477589933	1.01914659671546
0.174008754310272	0.129340392279127
-0.0571836168926628	0.0361003660034311
0.852364983239447	0.629110307929728
-0.143822460824303	0.0817818408593991
-0.44765197430684	0.454741522665394
-0.0190298451033788	0.0126308692674335
-0.628708579101103	0.567203458922991
0.265675905120853	0.237319927146101
1.03894951289009	1.45062917835589
0.182544191216007	0.136361509679531
-0.0725291006544655	0.054001647068126
-0.102128143701796	0.0833360010766039
-0.398880198031492	0.277399894237316
-0.861804095414469	1.06349641039945
0.304979068881343	0.210122345864261
-0.0876613729951859	0.0538416255960051
-0.41575030500903	0.237646973619598
-0.074691403259768	0.032904439302586
-0.790563345497661	0.342688799079496
0.119203764077061	0.0450153512407434
0.369441665306939	0.163783403683307
-0.966049268924913	0.595837957055212
-0.79681246783243	0.615330174894875
-0.49250137437748	0.497945806413285
0.681519731014413	0.789496868561871
0.269301063339958	0.241054037707587
-0.475802215642355	0.552797541941077
-0.0556987639196303	0.047618095143387
-0.903081200220578	1.1560405137232
-0.314682199429452	0.259706858242467
-0.677100437016162	0.478149539201464
-0.976245347438989	0.967810084305952
0.294296133964599	0.222870010065127
-0.702731387629697	0.621725198304789
-0.344347612516488	0.278268081686844
-0.667743440246217	0.746739607622775
0.423422664907518	0.321742942404349
-0.630586307499857	0.569426113615054
-0.28876984531184	0.263650471826967
-0.110587186522189	0.0795474318522526
-0.164166200391737	0.11341353797145
-0.0261313885628621	0.0172856029940622
0.824462395385779	0.973203793922103
-0.978728469641569	0.971660352916539
-0.787340863986303	0.918833786812732
0.425938183910673	0.440206702257902
-0.312045704995057	0.257202629753415
0.0971318924605062	0.0716209482794818
-1.14821391537501	1.28749486189617
-0.565217255920784	0.518095950945181
-0.354663382723978	0.317497627137986
-1.00334886962648	0.496090169972327
-0.477641292710574	0.576931162412979
0.361583599665776	0.425994799062075
-0.537558625700944	0.685016862391751
0.247304411196198	0.285027461699314
-0.128561354218377	0.12631750259064
-0.0505273640974017	0.0437634835004079
0.0923186741731395	0.067909721999454
0.469947323733296	0.434213325279557
0.302988923935554	0.219805314251701
-0.386737286290842	0.306468374992916
0.0942728479013883	0.0694061810202067
0.907088887298736	0.786695977036963
-0.339711505967918	0.243000108396416
-0.116646538646752	0.0938238914903962
-0.567808189512987	0.719490345891986
0.257206953292673	0.235167363912086
-0.502425650476057	0.464421656523343
0.366947875850992	0.415402396659641
-0.325010618869141	0.317917421071607
-0.196515775532689	0.152775368646452
0.66930069002179	0.79800603176205
-1.45704245292921	2.43910013499461
-0.000880030705296401	0.000672240036169448
-0.176112847408666	0.139381694986811
-0.588871513046656	0.433504334668007
-0.348229762873121	0.310466702934625
-1.00635286733907	0.910325443352997
0.0132423644359355	0.0072742368246995
-0.417165105552592	0.173939978457542
-1.23800204642566	0.940372742895218
-1.04924168624191	0.847858752814776
-1.10493428863774	1.07374457654949
-0.798820776543286	0.616869404536077
-0.796469941077412	1.09127793077297
-0.162324075455105	0.143936667763573
-0.294394165119439	0.289228738262803
-0.20013209505798	0.189487843859837
0.498423187807472	0.607744650237723
0.252329979824121	0.276398864722803
-0.266390357956943	0.246271844785827
-0.130359508305829	0.0917961501401489
0.0547523958182238	0.0337594914729437
0.15607014573492	0.0896744951713405
-0.342573000043901	0.276508813789954
-0.585237955642009	0.430112648187717
-0.137761344051154	0.0973606447872698
-0.191854325247094	0.148670446485744
-0.640556477953202	0.624527090965836
0.113040650802044	0.0920296698781767
-0.0188981879812975	0.012546166227041
-0.234998181966699	0.217993684729145
0.568734649114813	0.569509919297403
0.282221336640245	0.23031299500205
0.867205172386817	0.999799962640919
0.872370991827485	1.00892102423759
0.284770951652183	0.214572563044075
-0.443663729814356	0.345124074393832
0.263587345303419	0.235113350659075
-0.0850835664455755	0.0621429791230907
-0.567291967903699	0.610186977505573
-0.259091667912197	0.194382367169027
-0.62366736001726	0.560801727303506
-0.222380230075355	0.169680299056187
-0.114522172747466	0.0456181853041038
-0.469050341694107	0.314883081769781
-0.463366189730577	0.435967601457765
0.0370275130676322	0.0286564298990228
-0.666550437515328	0.744686670577095
0.394368254181827	0.325787292538493
-0.320368375686495	0.289788675746251
0.8804110252599	0.466091387895369
0.847605323947126	0.773597927446166
-0.23159143390081	0.151446395364237
0.890119234431722	0.911130773275449
-1.2543713759728	1.17799120279355
-0.418365309512863	0.174458184135551
-0.407433383253734	0.232156326157294
-0.217389963906131	0.185757082720965
-0.516335868848258	0.481253948544614
-0.355952681639659	0.318901084580881
-0.226568105303691	0.173267880881886
0.583204952743761	0.564559946830811
-0.201347578095498	0.109103874874954
-0.790983011277999	0.749180299161202
-0.69047330472997	0.551314658809572
-0.256413869641187	0.192154239465923
0.406901544064078	0.42777479629008
-0.793564557101816	0.814576303378034
-0.348192185045897	0.281961783302404
-0.584830358518952	0.429893397285136
0.588234805535035	0.304196236981737
-0.162143272251505	0.111920472349757
-0.501742838197007	0.264598866572696
-0.628457409138232	0.566895696289613
-0.728166860658429	0.855971541314937
-0.465884961599407	0.537799174953443
-0.330215544500665	0.300565882150383
0.427215805580931	0.428292894502592
-1.17271562625325	1.47499344050452
-0.446460895758548	0.347730566523232
0.729402516491309	0.608619799385184
-1.09867457135824	1.06520106949552
-0.0396186540245982	0.0189138338728651
-0.661568956025577	0.394852461302515
-0.121315446470573	0.0482777096353187
-1.69337605577332	0.953224222592698
-0.978602606294865	0.971493026316044
-0.386800268245485	0.306538726330363
0.320404315607957	0.194196125398511
-1.24280298327373	0.947902388307419
-0.233622627498569	0.234939638012746
-0.784081091086605	0.739608901219045
-1.42159570122819	1.93621613441878
-0.678673248786705	0.80506637403267
-0.198315831819551	0.133817914036578
0.0365821988689991	0.0283113498057691
-0.059099358533812	0.0549306408522459
-0.179153564155269	0.197257941155023
-1.22377377650409	1.9966287156795
-0.513280001105975	0.477748390566557
-0.0531587613392274	0.0335407924784217
-0.111450099755612	0.0802232699940591
0.573192574478112	0.654747284225025
0.338096449534096	0.168657279419487
0.143487479022993	0.0689970934747149
-0.415857811293049	0.23772194933635
-1.60697169415886	1.9283359382062
-0.28558517600764	0.180902961616972
-0.458215276063504	0.468932815446591
-0.197104270578342	0.17074250482382
-0.385923768491082	0.370650833306711
-0.636434624107506	1.42319457373459
-0.246190604656969	0.431021695335909
-0.907608312782943	0.760803982946239
-0.519980553476417	0.275924617590396
-0.141047328609788	0.125839913919014
-1.73332188961641	1.90214319607638
-0.0568699215670857	0.0359041095844945
0.135937173335384	0.065153738750526
0.769740395523008	0.456464294371486
-0.328022892445496	0.151553658781087
-0.323473644280604	0.149131328598253
-2.0851928861798	0.941244883307777
-0.172763609011902	0.0618983817636962
-0.740148737877288	0.252718341140933
-0.662734116443784	0.395908285792068
-0.792918609913594	0.684657304576927
-0.335211643213101	0.203112566794185
-0.44644095283862	0.453022325408665
0.0830882785700874	0.0587642747043334
-0.393046947415777	0.549319287768609
0.1862042202385	0.154194848923318
-0.889826386878846	1.31803815290018
0.000295980698553025	0.000314768895992695
0.14424149908937	0.189245273722754
-0.909265571950321	0.763455274332776
-1.67867513442959	2.11451542472559
-1.83721665925772	1.68419800616016
-0.150229926262494	0.0856319594204514
-0.226601096709304	0.173257202250033
-0.229871928653265	0.150217690126195
-0.625380300345378	0.299760189641616
1.60299400518556	1.1076681815967
-1.2948051112795	0.577362423726676
-0.325918106206965	0.150477940797154
-0.415478486287186	0.237658970878567
0.131588254721678	0.0495753524376327
0.180400420246043	0.218739528420981
-0.471801739291251	0.849816993750982
-0.334129604828315	0.238236160817177
0.026313374445741	0.028598841557139
-0.201067914432103	0.205016159814514
-1.29825184667106	0.579597355540298
-0.0575680420200144	0.0363403046384457
-0.280858074228214	0.255020536538798
0.381673008104957	0.326239488599864
0.745549507650544	0.731782341909503
0.532462428279103	0.307065268028187
-2.00123472682316	1.39546651455281
0.910575288934266	0.79115275823279
-0.124439128467443	0.0494765452804166
-0.0124224809339951	0.0062486650681852
-0.0422204636751992	0.0201332558354577
0.132382889280095	0.0439989008298304
-0.0764772914224788	0.033688068526269
0.325511227950351	0.180491703419054
-0.469589508692709	0.315357337294562
1.11345145502836	1.00084583173139
-0.469641729004795	0.315075945287458
-0.666283132116802	0.922008290319732
-0.138787541209717	0.0981369700728195
-0.395354788165893	0.274400517843217
-0.258625139905681	0.193965403850956
0.480605223538151	0.683707570173389
1.00881814760623	1.52603410654026
-0.731705541561164	0.861986581179407
-0.141270342993595	0.156891147538204
0.238330626365715	0.267606126475926
-0.566182068716404	0.608585023365304
-1.21936083039929	1.44114049282251
-1.17681904911989	1.48221218764978
-0.0628448534640943	0.0397007719916488
0.031033231335784	0.0239862016438834
0.79161707674091	0.751401361091143
-0.257890752097657	0.130392292626134
-0.803377548601545	0.438199089819617
-0.808540865695485	0.442315085410436
-0.412526907999635	0.171766273135573
0.957561151403956	0.94826321056371
0.600628089189277	0.754251536844076
-0.178531262488396	0.18514490793023
-0.324786143878048	0.403582571916405
-0.519396554150785	0.629409419079707
-0.218990975822048	0.233269759314876
-0.188863067194542	0.146146332497787
-0.693286957281913	0.554845647738214
0.175565174655002	0.13058635393155
-0.235919069835771	0.218996336950693
-0.91420064176783	1.17828213560912
-0.0390091772780606	0.0252739787819187
-0.787957664226015	0.806462677347451
-1.04374482255221	0.840936754072118
-0.424796811425098	0.438754522970117
0.903326140972845	1.58558270506474
0.0386232246165829	0.0351631997961459
0.506674665285552	0.621679785011317
-0.332503513357728	0.326903840103605
0.273893578349894	0.230620914509747
0.612327515045644	0.668109676907462
-0.114098367195151	0.0677064067625565
-0.0103613325102891	0.00696626083801037
-0.249874474153456	0.186486641332397
-0.430800823638528	0.411867021262576
0.0438185260660268	0.0254898383374606
0.170075603433634	0.110770072366022
-0.709366480336274	0.682634395845842
-1.1405474552025	1.51877837075235
0.816469808802602	1.24199326265524
-1.03688052658151	1.17909083551011
-0.325504149106006	0.318523778349003
-0.540750619889323	0.45454073764936
0.0885366157321382	0.0825660672899409
-0.530031064106244	0.528362904925996
-1.30146925725979	1.95401344711446
-0.198873258862483	0.188140215229791
-0.850906541023455	1.16188410930284
0.176585741951212	0.145313272029693
0.619787111831108	0.765158547771258
0.180439758824595	0.161533950238406
-0.47812296189172	0.518945182162727
-0.225435981339165	0.17231509585146
0.354734707801488	0.415747349062761
-0.000094047728776703	0.0000566758770288314
-0.714447447345304	0.73926384033711
-0.306692087259881	0.22604168232952
-0.463103616472867	0.435671012163822
-0.382106718284986	0.335461919172326
-0.390664290555293	0.376531943770983
-0.511129398405284	0.475139501038574
-0.888101448079758	1.37263224783874
-0.354999033764169	0.344630712870963
-0.31942841665835	0.288707368283237
-0.120490621868934	0.0479276905170135
0.00998938583417779	0.00694713002321947
-0.386291345400967	0.452437045857606
0.0288486892727824	0.0216277955941277
-0.200568382600676	0.189960724353119
-0.146350510497124	0.140981927641319
0.0397148212069683	0.0307680465762101
0.00287037297669906	0.00206208339899155
-0.451466896999656	0.3524516294787
-0.358500946397748	0.373914021077949
0.462313078707684	0.615939450733802
-0.614160174329109	0.690566197914628
0.184701954578044	0.177763558158747
-0.188968162850015	0.209855153487794
0.18766863902687	0.168892055661321
-0.271642045021088	0.2519827737237
-0.857826027421921	0.993890254718048
-1.02651689076236	1.4429965089243
-0.838330974936101	1.24475963721423
0.0760276689464093	0.0516228851710055
-0.29849762859919	0.219248054020326
0.488456102443042	0.535790330930072
0.113015312298616	0.0967525090828351
-0.534895203582126	0.611101821609432
-0.688975329781279	0.550200433146907
-0.0519227382053004	0.0443020003054968
1.13545356458968	1.16627644592969
0.84866757829582	1.18097821476907
0.718896046535163	1.00199160711272
0.132104755153877	0.122494114277941
0.558283386431059	0.55588534547716
0.547692356198067	0.654026254339966
-0.39634244068635	0.413180880288478
-0.507529434565206	0.544252910704671
-0.0177618798591676	0.0117995618271452
-0.235308450510576	0.180710420103123
0.111243846594353	0.0928514038873036
0.272110674350137	0.251189628127221
-0.592826860283527	0.712467207098299
0.339933873852316	0.335445467038242
-0.510629586463127	0.590967890569204
-0.732696013642296	0.864143843081867
-0.396924823040831	0.383986246125186
-0.0184049127690658	0.0122225234850765
-0.559359532038949	0.598698934999302
-0.517953525190702	0.482901447704241
-0.561775992854906	0.513973783939521
-1.45718136394094	2.43921351292387
-0.228659374317698	0.175096641499669
-1.02670932719989	1.16221257551654
-0.590068708190551	0.708059618698526
-0.0553509144319112	0.041821033104843
0.185832671904356	0.153826261740938
-0.348934833322207	0.282712493663879
-1.02195236547949	1.15332511847162
0.263816541078158	0.274127489029476
0.959787666302046	1.46386954852273
-0.099103491840635	0.0824739141608597
0.0158661024080252	0.01479427591261
-0.241826422617123	0.26270982902144
-0.951262092790095	1.01793193236244
-0.171575550946055	0.135471178452314
-0.109564326135926	0.0787636677029931
-0.0874579680042123	0.0736843954056514
-0.839728659404207	1.19415624138088
-0.263710880707358	0.280516351481583
-0.678563684146194	1.01734128401484
-0.438702527448743	0.509660063458916
0.308817018406582	0.322017488865754
-0.478817441293632	0.520116243308875
-0.00670938335506113	0.00534793391249882
0.309767033849077	0.331015867147973
-0.247097286693508	0.209001836137247
0.970704701473934	1.2852901107273
-0.802094883086133	0.886365529414557
-0.63216842672707	0.754539754448984
0.108027631131085	0.0876606249177229
0.181271781292215	0.162383247668236
0.1065904363804	0.0864288894687308
-0.384765450259108	0.398006230842619
-0.222672517562643	0.169913052104058
0.349542016966463	0.326772350207919
-0.22447545748148	0.228706276687744
-1.51489078715809	2.6318334112743
0.478542340471476	0.521621624977543
-0.154300590370619	0.136033139710371
0.417734872466219	0.429748363752507
-0.100103884203752	0.0833598470338286
0.0768939277604933	0.0522454987619964
-0.350924754989036	0.339670161413315
0.122535080575535	0.105602072468944
-0.921432566738044	1.19209323145771
-0.240296851835536	0.242859757182725
-0.337046650321666	0.354783094876647
0.251832081505832	0.259389118400027
-0.846810764315189	1.09675068870093
-0.323024614973845	0.315456929828426
-0.844395037888774	1.09145780781194
-0.58837085094771	0.705070261028952
-1.55037708760154	2.29980701576708
-2.24655699939975	3.41543689432535
-0.0646551844253252	0.040865042438444
-0.803572943144849	0.535289511805048
-1.51347413888638	0.762985163792994
0.731053610003422	0.610305848414954
0.538076025350441	0.638656175628046
-0.0146958997090838	0.00980182803265705
-0.146718358021762	0.11727878350466
0.107579811490634	0.0872859093435908
-0.311995309653404	0.348763753991449
0.11785300401773	0.103600939200813
-0.168049489324388	0.132400916003873
-0.406323993821589	0.471966494609644
-0.999104231043557	0.49303116684687
0.585963612037222	0.302734251511687
0.179123358593348	0.143142054217792
0.278158803261039	0.226470631892344
-0.390704350613883	0.310307249973255
-0.586142037436675	0.701562255562737
0.139341776947245	0.12992288965362
0.187703236781762	0.216438918925425
-0.168972595455919	0.162664223246987
0.00516204134311403	0.00363797249138079
-0.2230612185353	0.191352164906854
-0.58923357266371	0.786513412621089
-0.789839305625945	0.923109879118168
-0.646192866792912	0.632279323309389
0.326386014222516	0.336606947208686
-0.788536747812551	0.974287655674362
0.11233317076305	0.0938310794122864
0.105381721117407	0.0805838599722335
-1.86862827913722	3.05037731680256
0.642069769134929	0.685824648075947
-0.692976673972019	0.553933901285304
-0.190887256103968	0.164619547820469
-0.948200221707371	1.09334064445106
-0.167924765086285	0.116237690652235
0.31429668644583	0.204279152067854
0.182431664855291	0.136213937618697
0.175430870100291	0.125505110806442
0.137906679784804	0.0662333832072442
-1.64822564754927	1.70397467151996
-0.72527694655982	0.755141863291813
1.00577449184516	1.20795890436872
-0.164404454627806	0.129214416032298
-0.34833639077022	0.336532723213446
-0.461804259229987	0.433917837345916
-0.79187860044876	0.750263280884533
0.060744196945396	0.0393587142919078
0.733078560056961	0.612394836747159
-0.260743402085362	0.131950531694035
0.159859477622278	0.0400192334307773
-1.29075716654636	0.57497772122483
1.48820470263471	1.96514528297079
0.460861445866629	0.440258195634919
-0.451735257902405	0.460388697741317
-0.0380244453269726	0.0291234694330754
0.107028827787758	0.0867672025172919
-0.33094867408007	0.346842816897952
-0.754481185605049	1.08528974596602
-0.53818682640653	0.202197125200219
-0.785941854072081	0.340646515205131
0.129451701763363	0.0552996203439574
-0.1501056650942	0.085541296533004
-0.19308447213164	0.149807261812204
-1.03471412401719	1.17574882493454
-0.0903719901065427	0.074772663460881
0.266721579438668	0.231114521457019
-0.166669049941982	0.131160435987538
0.431866283561921	0.520181323096682
-0.287432400891204	0.262232969085435
-0.0374693932792818	0.0291922582759971
0.580158604628514	0.738952840657933
-0.688727867775106	0.821757478704551
0.271806121887147	0.236061027559348
0.183319811333303	0.151500963705624
0.0788261145651552	0.0535905142767808
0.647304552139558	0.588099532806708
0.659983388610768	0.782760374970538
0.689749395799419	0.604036900187894
-0.886969266267397	0.822886616344196
0.0810666469507114	0.0551141668471753
-1.00716147833063	0.911015200882075
0.736468237544323	0.616236248736057
0.565929172176215	0.45085792227416
-1.05943965232534	1.11724309162518
0.686888174675746	0.600696762919633
0.771138698658618	0.457826149912316
-2.27631274925341	2.82688853036216
-0.25655549094267	0.192264549750913
-0.27841367238996	0.175893380528809
-0.343084266872429	0.245809737842868
-0.215245449142865	0.183638829978566
-0.936383490787614	0.69125703600912
-0.270629389928078	0.170349930453255
-0.00544092126454264	0.00368196535231677
-0.146443985827837	0.0833601214111648
0.130542666165209	0.0556791201910634
2.75580772001712	0.763760469153332
-1.50840477299905	0.758701742248802
0.68889667110382	0.603020753719754
0.101607456196852	0.079898789054579
-0.78781794140885	0.864051290727909
-0.289881955003552	0.283846541573946
-0.0195487260565119	0.0155531940361456
0.10432703722125	0.0821593491959361
1.07228816454186	1.7020735772523
-0.217704845319417	0.220695843615259
-0.384367676803682	0.42417704164881
-0.236295434458238	0.0760318807121589
-0.585474273531259	0.430529566976797
0.883608215425609	1.21008144643537
1.15759225495148	1.55823052956411
-0.451832829376589	0.496036307923282
-0.0054581282523107	0.00437135136892092
-0.59251356605662	0.588222480929191
0.262976990307508	0.248090630031671
-0.315909185595979	0.285005867087236
0.420377417482198	0.433135474236305
-0.351310724859651	0.313729742208043
0.18849673549122	0.146399417484229
0.0662952462433689	0.0429984538506024
1.14962783424142	1.31170472106627
0.159160926437716	0.0976050308899457
-0.890149752042419	0.827455744308892
0.312042246664387	0.202383027500064
0.291244375945677	0.210127200847955
0.421909135051217	0.320314029056022
-0.202034362368884	0.109477035389762
-0.25623784972197	0.129559211249805
0.0166193305805382	0.00905322507031173
-0.298356604850069	0.219077202595947
-0.743841985718424	0.25400518718571
0.130920287619515	0.0493322328761646
0.183206935010333	0.146803752388354
-0.155823559015333	0.0889086901679091
-0.394175517157083	0.273597102585744
-0.264582534458167	0.24408572713724
0.593168542178802	0.663190730161689
2.0689512996637	2.60507800401224
0.801220040350497	0.32937098969222
-0.116750404322448	0.0693178948576841
0.281357590673873	0.237930068759907
0.590967481610643	0.574333682893932
0.620327683905929	0.679965906573221
0.00846346834534877	0.00701257674694267
0.458050978805528	0.535174016389866
-0.168382572611249	0.132693469990966
-0.225341523608873	0.212527048380292
0.0390594034921734	0.034937118000462
-0.285115792124327	0.302093333887017
-0.128669275319819	0.134056782041129
0.0387870108503058	0.0300346977391054
-0.201450736868151	0.190877529225763
-0.166536517842254	0.0596725028798918
0.015682501635809	0.00855483906240774
-0.538999717358201	0.452231506524172
-0.311937619885107	0.2570768334727
-0.0422431681814174	0.0273696149623272
-0.32190823330687	0.314196480570837
0.460520232839594	0.600144041960212
0.40420510682753	0.424428473053591
0.350952757801702	0.418569396722206
-0.195994215596978	0.184931318987765
0.0324072145062697	0.0299336854887601
-0.891726089921002	1.2619985792256
0.252837996658098	0.266241039482312
-0.0922836728819699	0.0779780635992487
-0.0767789972962555	0.0572996946045689
0.638572598937558	0.680532119302201
-0.7962619022631	0.614837894461898
0.268500963088298	0.232868201220038
1.14202058751991	1.29959402625249
0.323989361370621	0.196890429328886
-0.198728192824728	0.134132851326687
0.441070326668763	0.431636675355857
0.571228182279408	0.456196215636056
-0.800070343673206	0.532345236520284
-0.149959399157922	0.085471495001811
0.745373520447641	0.731869305922976
-0.803969732376621	0.439166744579971
-1.01362876967094	0.502365279443908
0.293473516520215	0.211962827099928
-0.730511491446663	0.812238129431345
-0.508306681353389	0.385934902723018
-0.105490954724945	0.0756970422144049
-0.0677604303436259	0.0428463979967705
0.591916460544262	0.306231299697181
-0.237212899766669	0.0763212805777045
1.55805296257806	0.757338935380643
0.58565092474121	0.302565370854111
-0.501141263233712	0.264235837513735
-0.109293809684691	0.064750695736248
-0.0811429386516234	0.0497567182428387
-0.164168051182345	0.129005309556485
-0.0124272072156976	0.00980645154342675
0.0844465186778928	0.0618903921978644
-0.688085511666741	0.861650640255283
-0.308062194509687	0.305478243294785
-0.30506454770833	0.302049629684989
-0.891016667576573	1.32084944673122
-0.50883426205587	0.472360353100735
0.582128260805466	0.563031373210379
-1.15985789875461	1.01552719653819
-0.454828518857154	0.425573240657202
-0.603522336542718	0.791893328032303
0.170399848351755	0.116452419986531
-0.531770030737518	0.606412232517883
0.376118476415173	0.333334051213809
-0.0601714817599628	0.0515955350785143
0.00143535131498766	0.00115279870967185
1.14596726080533	1.30656132894203
-0.0146137166593141	0.0116132550744531
0.328845867368082	0.32197284024635
-0.0409920172262245	0.026562058049611
-0.283281946555204	0.179329762432185
0.178117390891831	0.127629352021869
0.79064904472582	0.750192284254521
-0.792617263209445	0.34408015271057
0.168533555340714	0.109715852675264
0.445941674530817	0.32254739971222
-1.00241331464069	0.495326299521873
0.437586547047308	0.315148433309587
0.0615839490025227	0.0380199737756238
0.0540039096364686	0.0332865064166969
-0.166881093092997	0.0597967633134523
0.805818467531733	0.331696510115434
-0.0798489547539936	0.0489193658234944
-0.792078097409401	0.684366080914638
-0.194468842794236	0.105218837180181
-0.713628737975918	0.688462636607535
0.0150394444827327	0.00825685374710368
-0.504449606324496	0.382350075789712
-0.0344420088259629	0.022323035175901
0.51494141559081	0.446469831145491
2.30559934831798	4.00526270130234
-0.507804767338244	0.268072565537459
0.132732885510209	0.0441080605497273
-0.628243335554657	0.30121752247215
-0.00933116226226975	0.00476034129185653
1.49619243997715	1.98374488028389
0.936577195256983	1.06275713789019
1.13886590104527	1.17109305397821
0.0600181887987762	0.0494380998992413
-0.116656870816671	0.0961039707117695
-0.313643144836788	0.258544232767907
-0.628030265547787	0.151499678636842
-0.172996196356598	0.0619762892653504
-0.326080905120294	0.150357677981339
0.0366571783940121	0.0213526761945705
-0.278041071309272	0.175645965550929
1.13335373132302	1.16218254998993
-0.988068917291419	1.26473806583698
0.410141832727565	0.325811030651891
0.0760045637255738	0.0536098513792843
-0.387428027254261	0.428573324614923
0.973655072961884	1.29151078514094
1.00527901879591	1.51684592347041
-0.0115026451079005	0.00913758945267173
-0.479503320295694	0.409811719142003
1.02613344179522	1.33589939978828
-0.051254963863584	0.0386652638897883
0.786551763907728	0.744299382012145
-0.0515154237798842	0.0324940417770997
-0.0580716666093292	0.0366621604264476
0.702938215286499	0.461227652340077
0.137908364545694	0.0518990344605193
0.767473831444939	0.455052880275898
0.728024105448195	0.606578146388968
1.6130896156244	1.1191387522206
0.329264846721539	0.182840115585628
0.983302522091086	0.803766780349764
0.159307755365713	0.0917302607687538
0.87730549327442	0.464338198778869
-0.413272164914474	0.236096176993243
-0.933817400623586	0.689048460381486
-0.0379343071586973	0.0245672576695502
-0.411662068870429	0.171457253105263
0.0145921410777249	0.00796942605420777
-0.11316922235616	0.0671030084381811
-0.155254384851332	0.106749745279132
0.604536838076988	0.45778750208788
-0.464530117945126	0.311277272312136
1.33081272575076	1.40210018511925
-0.509163048903537	0.269213584346613
-1.04186502485552	0.409908817117415
-0.324563463567677	0.14975004148699
-0.311333873561046	0.256425382590453
0.169364539553358	0.110317439309571
1.02594462541982	0.972150593409907
-0.0219308823492754	0.0170400064411284
-0.35128230412042	0.340053618035669
-1.5088621709036	0.759006136042553
-0.698453982818964	0.616741773404081
0.457318116429776	0.43587843233697
0.942602821300823	0.637679946667989
-0.16385871733877	0.1287245009933
0.0148673719436453	0.00814070011724407
0.83625181918546	0.882416935718068
0.181928094390322	0.130563550395783
-0.508641671376623	0.545649647680209
1.12168247070744	1.94444981203718
0.317832847649311	0.333851987786729
-0.738782714741184	0.921212991265673
0.177714624487583	0.132355512063302
-0.160044877689414	0.110336391783654
-0.00544271717229747	0.00368892860711667
-0.168810971080456	0.11689367001915
1.327044038179	1.56305235371441
-0.0777810266934077	0.0342469158484829
1.76267416183461	1.80445990079065
-0.934770327207845	0.690152697361563
0.0517159385030847	0.0319090729394374
0.94508792680953	0.638960690087275
0.684954033916852	0.597901733745592
0.29926965108961	0.216777631248028
-0.0119204905008699	0.00603741453514136
1.07116974466884	0.651272778840453
-0.413301453187585	0.235846752592562
-0.336788645912504	0.204195980157753
-1.06026602063474	1.11842205978008
-0.795623721406573	0.932912484544652
-0.626618198997439	0.300271463088714
-0.504053081432515	0.265944988625327
-0.808950691885612	0.539838368102078
-0.154524724685966	0.106246685438534
-0.22294083921753	0.170130422323464
0.698193004415053	0.457706003902076
-0.39643339523819	0.275211004280456
-0.285837315576064	0.240023380695781
-0.454282917314352	0.463469912083882
-0.516512040696069	0.557263250654686
-1.0372976266012	0.407692874436092
-0.410701532633711	0.234270220263988
-1.34794404163609	1.56030987395381
-0.472997974628623	0.317918511275858
-0.583077381586081	0.428239776640262
0.0824323994772927	0.0583089134497176
0.433142196687839	0.43603781284666
0.0114484475717536	0.00835282850860341
0.290183038696631	0.219299136028946
-0.342941804693687	0.329961844250984
-0.106593155380727	0.076532873127035
-0.240818287703909	0.224343334325954
-0.716407251574209	0.692061909567909
0.959687018677029	1.18428198520173
-0.416059499003651	0.457831221866446
0.591645139274588	0.660943735068111
0.168302883650167	0.109593421515568
-0.144880360858699	0.0824233217600713
0.180339359144467	0.144246296795674
0.16910312844703	0.110083656848984
-0.136389025087346	0.0963074694360125
-0.15933088033045	0.10985626323927
0.635689423352959	0.767888857712733
0.321505414024309	0.195040317825089
0.0128656679997911	0.0070980435881282
-0.0305617877224444	0.0198148316908591
-0.338678775426314	0.24212134427302
-0.168760743646406	0.0604728682433177
-0.17508657798288	0.0626814147595453
-0.345122616476167	0.279000910313881
0.454177963828551	0.432183362235282
-1.5978150764762	1.91101976499684
-0.670513473062517	0.751176436234232
-0.58571319875806	0.579401342655094
-0.0822600267486494	0.0504377418493716
-0.398974369659782	0.277351527881345
-0.809303780699808	0.540141678267304
1.02402178738014	0.969403662221488
-1.25863677424741	1.18499281143871
-0.196302251260466	0.106278336157938
-0.475042693426524	0.405062426223592
0.923229636909618	1.04106481086163
-0.252944706856183	0.189117683691343
-1.11158723372132	0.767566937635042
-0.249754363477085	0.186243990567687
0.852364983239447	0.629110307929728
0.467712556728459	0.431596803892807
0.0950299653712513	0.0700015601664868
-0.168999240313725	0.147113550545222
0.50933314750396	0.439986377805177
0.0799478421667039	0.0712585182774421
0.114918617236819	0.0961406235657406
0.547307577694892	0.634653012193246
-0.72691121345652	0.806810165448713
0.697901048329312	0.88951024484761
-0.194772965246216	0.151250350151889
0.34989485245762	0.326926929752967
-0.383649015408551	0.368105761222165
0.306429684138836	0.211268737365823
0.159374702734721	0.0915983585479462
-0.340017633963902	0.243230070024345
0.683132246118453	0.596387554059881
-0.79321652530162	0.751665713432656
1.15139414290772	1.54626126157693
0.788457006245652	0.623948911044045
0.169927972677032	0.104749183081483
-0.690452993585882	0.551353371411555
0.603454073223129	0.456888724216193
0.14380305748793	0.042271222114559
-0.14569101222493	0.0828955313172185
-0.795787168113964	0.755133385705649
0.0661907447066636	0.0429439310959878
-0.0429032288438214	0.0204525514923676
-0.531636257969068	0.530491511994785
-0.0722015844424874	0.0549793953712852
-0.274304562952119	0.228778043955113
-0.379832255661952	0.391520036382195
-0.570388581044275	0.646083287349237
0.117092930028139	0.0981098434724676
0.171731039058432	0.111984814904743
-0.154225893706601	0.0879914490134791
-0.481450830092727	0.412003316203596
0.0171612469922065	0.00936309715411496
0.909397579527257	0.789140398071125
0.148468103221354	0.0786037036253614
-0.324097777063102	0.14944854000421
-0.581997875980642	0.427284011410747
-0.153118227899369	0.0872945293163506
-1.04221071709325	0.410198911511082
0.494627974482033	0.444150037921912
0.445682014171098	0.322100136486161
0.312413774040769	0.202897327441772
-0.119575292361138	0.0475678129859071
-0.258912530592381	0.130926124200128
0.603187599129238	0.456492792108463
-0.606714022704666	0.498319787514315
0.70332136607649	0.46169637694099
0.18228170916179	0.141178706875302
0.275251287216228	0.231964562498154
-0.0565063968061218	0.0427125018828434
0.589308574499156	0.572231244911233
-0.000898239697691864	0.000810100233002822
-0.0743808612894266	0.069995227206166
0.854860151929706	1.19404247496418
0.27583669540591	0.224307529919266
-0.426314543186219	0.406534500277106
0.644450138195949	0.689081254807303
0.714080535178519	0.992494427856608
-0.24713453446917	0.209216570210278
-0.593632970748351	0.71402115763306
-0.793011139731515	0.611421661524098
-0.196050358544979	0.132166138703527
0.470217589385591	0.32076272251893
-0.695271080101981	0.556580029486813
-0.628516191143665	0.301330111365903
0.404255452977175	0.335611413237493
-0.664465802510175	0.396805630761883
0.988609813740996	0.810059067985463
-0.412131295800435	0.235196162620975
-0.624787013389174	0.299458156224005
-0.931026544723284	0.685779741374341
-0.340439820332379	0.206497094101845
-0.111600686109826	0.0803390915252068
-0.47153956813589	0.445697776546346
-0.514611994234587	0.391805409792156
0.375581739818815	0.166553161927003
0.78721090350954	0.745508576516568
0.273889846688675	0.222430539033191
-0.473538282876266	0.318350485826683
-0.738604307033594	0.873478611426046
-0.0114927884648759	0.00771553413969735
-0.649244878414414	0.636042166717576
-0.134213860811513	0.0946926640586687
0.186241692008897	0.139364165426053
0.0631978192734911	0.0409791769939862
0.50124318904708	0.31771425861312
-0.200183177411088	0.108495164448901
-0.904125342487727	0.757683796353981
0.680325428671169	0.711154736204813
0.606018712705132	0.45891461208264
-0.582240335373698	0.427598329956418
-0.0731696654725432	0.0322563091239041
-0.334697967990588	0.202584042213575
0.054680290604391	0.0337365211317884
-0.0608690443617958	0.0384349030729655
0.315286736513046	0.190977581718559
-0.332593103583087	0.153830951416432
-2.79995312558295	1.87779443661933
-0.229791647587822	0.198002555061388
-0.079443953533135	0.0349594720381106
-0.0371850018707695	0.0177875677138364
1.23230077397162	1.35679109535934
0.88712002317926	0.905649856765934
1.22674620988036	1.73879576533775
-0.793363347215051	0.872455981836691
0.350390098755011	0.338060909005133
0.469807813441798	0.433869231652029
-0.643430480762293	0.772955913758981
0.68574429074498	0.796360414485535
-0.673389601082817	0.755294914264156
0.255084778198082	0.239308571806035
-0.351841557691687	0.340838010723304
0.18420612944637	0.156846765861342
-0.0874244837435663	0.0736403988037802
0.585046617773742	0.651034193021338
-0.00848761131503926	0.00432327612033532
-0.607605145444337	0.499170869418448
-0.397370320808819	0.275965298686273
0.308002982807307	0.212501583431439
0.737038644790691	0.616823453072284
-0.626923094125868	0.564484698401555
0.289929311806899	0.237624463932701
0.490737570464798	0.30959556160797
-0.0470473135766158	0.030500891379627
1.46774706875712	1.47182135876493
0.581259642205018	0.299705665620548
-1.85250239356097	1.15969531683893
-0.199986177666368	0.155759270574485
-0.0855179705304551	0.0524958977650144
-0.417815139000712	0.396080762333584
-0.250015287044742	0.212021307919952
-0.662878198170555	0.395576772606988
-1.18726433006677	0.663696786419601
-0.508809985706161	0.268982412843499
-0.121046858968259	0.0481817759385421
-0.14738364224958	0.083911699088336
-0.27786759774737	0.232235165364606
-0.0940232404808875	0.068996629195116
-0.645947923540273	0.631948514127562
-0.0673156233368788	0.0500111522300078
-0.0621784833104808	0.0392883664897522
-0.276689214151633	0.174690303564986
-0.957292513765757	1.02741002413786
-1.24233852889871	0.948055066109503
-0.1476341538492	0.0840834949303233
0.0194557562544165	0.0105440762940145
0.993371704506005	0.815886778452702
-0.0432774067583241	0.0206384226640598
0.134357593366572	0.0644555511050823
-0.397856327583094	0.276650056299559
-0.957190810341468	1.02746768393592
-0.152306595207479	0.0868664664677757
-0.711478295281145	0.735052223616546
-0.132145806596042	0.0931277122316879
0.534599333975906	0.444736138277832
-0.505538353425505	0.267134589183353
-1.13872731243543	0.343741383764358
-0.532627687528297	0.445650385367449
-0.161689372845091	0.111610632369936
-0.0418257627821561	0.0271022041891007
-2.2990319684191	1.14602308550445
-0.412588179141281	0.235738779227176
-0.943433590223749	1.08540024749488
-0.446365286004575	0.488419261310815
-0.235586232033037	0.23731442268113
-1.0579063412069	1.61632074995322
0.131190430440417	0.043607248787474
-1.1406575104342	0.344234513147494
-2.08391905009995	0.940245123426704
-1.13872731243543	0.343741383764358
-0.665626744585653	0.398151692993963
-0.58536449268682	0.430109635390233
0.79519705776455	0.75583250143944
-1.06614062651929	1.12730589677484
-0.699284105765249	0.617354313224732
0.186626615945707	0.149776019744865
0.334397865546157	0.328762022980621
-0.306117722755707	0.251429975853462
0.183367787234124	0.164482142991184
-0.204822768210909	0.178324953182412
0.0977324980965533	0.076674585183684
-0.192162658679524	0.148994259363771
0.536401805032022	0.635803653038096
-0.271168795091049	0.251492414550454
-0.93663391417125	1.07387774974304
0.559030422485256	0.556560891155749
-0.00670160178560003	0.00344113732436268
0.186771959165727	0.144962312459401
1.61893787734915	2.082592327435
0.139616303627432	0.0670756818555702
0.282398140462639	0.221755878702213
0.280007175876575	0.236560198434456
-0.413142669908355	0.236074150260404
-0.582516952401261	0.427529762182564
0.465665973425261	0.316804721434743
0.747218144805356	0.734173142800194
0.591733204979009	0.306348645646478
-2.80704804202022	1.8880872723396
-0.712276426628497	0.632797729857366
0.158873648939993	0.0913034200263077
-0.0591388304948018	0.0447696210020997
0.115240598170216	0.0964396313505219
0.270433677357379	0.234778588977564
-0.201108338405685	0.156753144455225
-0.663138736069881	0.396266065712281
0.0299668600221434	0.0175220264234396
0.277643832647965	0.226012065534374
0.445151907024519	0.51517243031082
-1.06417800216204	1.12405956944004
0.367822773394839	0.324516279110172
0.55789355455802	0.555217265591924
-0.107772728615817	0.0774377649238303
-0.54345283786128	0.457353298913091
-0.291854976254134	0.213695572637456
-0.0780273563666283	0.0478026271613606
0.0352424859281912	0.0205329947822369
-0.27871619291156	0.175950715324314
-1.23732613714624	0.940196059574485
-0.392256930163583	0.272003125356492
-0.681062090211123	0.481970110568327
-0.807779704039181	0.539588923348163
-0.686324057970674	0.547212048674824
-0.894960768656269	0.833816998187306
-0.283537443902018	0.237840101566758
-0.549991117841557	0.350577109274102
-0.627920734859053	0.301050564774921
-0.469911778375751	0.315317182933412
-0.638923539171533	0.62241718120083
-2.0842635823597	0.940591792243383
0.140195375107008	0.0672907050712517
0.174462658408522	0.119407080004715
-0.162645023142981	0.0582934318085609
-1.34952235306247	0.84750781479436
-0.648907904709308	0.635756180070291
-0.797377046555977	0.690837643735713
-0.118493580442288	0.0471396272496716
-0.786285484359973	0.340832261518803
0.133189053587655	0.0639232120330577
-0.429174503997054	0.372505921007641
-0.394041264887277	0.348611608687728
-0.440885698431352	0.480384421443314
-0.17170198616501	0.135548309499037
-0.789824401339368	1.17346086659776
-0.0586805936268156	0.0443979016931396
-0.629915014430695	0.568240640791649
-0.788843035175543	0.341715926262281
-0.628733247343677	0.151688343674084
2.1031177894695	0.925795147014246
-0.238649881872283	0.0768149363688191
1.02455981174032	0.382091874796033
0.12382847897004	0.0412596497824574
2.55188499693436	1.38361900529307
0.445941674530817	0.32254739971222
-0.34968308170134	0.31199299046943
1.02492575582827	0.970516129364842
0.583413168096457	0.564864162246453
-0.352910128868971	0.315508180744352
-0.465088523938632	0.437723019058918
0.376006034277812	0.333346648309651
0.110829828036553	0.0901062003919964
0.332290428137793	0.326193870879992
-0.0287348477190911	0.0226521195072933
0.0230489341390318	0.0204530838680058
0.180876384302276	0.161930880051274
-0.677233847302207	0.76129726063
0.756839906150559	1.01613993248384
-0.309101073937322	0.326246335808605
0.270044853231906	0.234463913256324
0.285368807452258	0.215072468334416
-0.00106587220484536	0.000795524055812973
-0.564058373992147	0.516635607338201
-0.788725481534363	0.680478905042542
0.0524241442629739	0.0323293400367699
-0.48370466353118	0.414414459012492
0.545098658453166	0.455634283831797
-1.4617785294559	1.32189740440664
0.728764912005749	0.607906361700498
0.728168831790787	0.606995580750927
0.123890289984819	0.0467338918733295
-0.690773768467795	0.552147524090389
-0.903298617011655	0.756393020298311
-0.294616813106716	0.289513194285348
-0.37905055627028	0.362513946520732
0.183092524836851	0.164247802542173
-0.00151856608273653	0.00118722111768178
-0.198260907854803	0.107389715510849
-0.807591077712545	0.538804556598195
-0.13660385443526	0.0964555986767265
-0.144700455302267	0.115506998459324
-0.445300352635565	0.346582156265897
-0.347920751521798	0.281729253556184
-0.846762916974609	1.09645513087787
-0.659602192396146	0.693283976932688
-0.725282728546782	0.804482753778887
-0.0781646763768107	0.0478989490143862
-0.534603895263545	0.447761813171731
-0.593354889094849	0.589538205309642
-0.226506346532607	0.147895408280104
0.0642143089872296	0.0416576117568802
1.23545098456657	1.04223545372912
0.31891419173603	0.193149830099568
-0.155971058286627	0.0890188092696115
0.575421203768469	0.460584372104985
-0.48072842839553	0.410980393605484
-0.690633795877987	0.552016945985138
-0.638646705880265	0.622029259868058
-0.0101081095111533	0.0067903614171281
-0.338996822412069	0.205706024878345
-2.29972533491248	1.14713533709438
-0.00261650724696688	0.00145369047760288
-0.162775804504444	0.112394547247094
-0.931083822978306	1.13919818987731
0.0518559389587517	0.0319946701395474
-0.642105744169451	0.626769373368225
-0.618831354180353	0.295907791335026
-0.966404885429049	0.596313197706014
-0.0346553031592165	0.0166250645459583
-0.535624045456398	0.201105802702872
-1.0042227021913	0.496339890369506
-0.910323022231764	0.76400645688998
-0.0302817596334064	0.0196464454983493
-0.0976763229103621	0.0717994597445342
-0.174312938199992	0.152305294639405
-0.170695737582679	0.134636821186234
-0.240976410898063	0.0775300306973211
-1.14284398403614	0.345169869447138
-0.808540865695485	0.442315085410436
0.163185820804974	0.0407257646525502
-0.628030265547787	0.151499678636842
-1.52955481711501	0.543641482939636
-2.0851928861798	0.941244883307777
1.02533495299364	0.382457756692076
-1.53356229568948	0.545142396907194
-2.08582299585273	0.941618760271733
0.16045117802105	0.0401558290866076
0.124822735555812	0.0470818361400661
-0.322083090036121	0.148563501615344
-0.0422535120116957	0.0201658288099811
-0.0800053397786056	0.0490456782685839
0.847584979982275	0.77315852449363
-0.00422280731024224	0.00288796804458024
-0.262065300919014	0.241571893017933
-0.129187106872917	0.104790588224006
1.23151962143612	1.6246280442475
0.562696552046786	0.561477647271718
0.110542269948904	0.0873757745577414
-0.495654626488274	0.568102617937716
0.467487683366955	0.431233432170505
0.347714575091592	0.313863281805946
1.15926565991579	1.77744139697276
-0.0858602764628231	0.0627580012015643
-0.612475306802572	0.504247140629913
0.292592590789142	0.23094532914623
0.647406604667452	0.587797797543789
0.168926025136458	0.115400052910353
1.04712407249806	1.11192650411393
0.173852095686768	0.124320400097228
0.717433925430854	0.816456723851991
0.294644739566712	0.212779504765054
-0.256677530842303	0.129644700392135
1.02769873798637	0.974015508564614
0.442551678145371	0.319433591017613
-0.0772300873434247	0.0339864112578627
-0.560407083470878	0.600115066244345
-0.0808151809453072	0.0677677973406475
-0.290314521708779	0.21235094709956
-0.877086427939643	0.886585664749681
-0.628838972377586	0.301497189830301
0.155713854733082	0.0390835596706886
0.0731902400788993	0.0496668024243071
-0.334847633270371	0.238812575510932
-0.881609583642412	0.892935723267871
0.289674564877395	0.228229476421811
-0.482468050032834	0.413020590836019
-0.0361458007001384	0.0234058528833868
-0.354986659312555	0.317827382285814
-0.538887816943918	0.540276335749267
-0.160150079627554	0.110445175254854
-0.511667670723862	0.389027856970149
-0.28398532910709	0.179765758721652
0.173667336855128	0.113268918083896
0.163049992651047	0.0938858113504579
-0.390704350613883	0.310307249973255
-0.793607258348637	0.752217935718708
-0.645551015002508	0.672318298697743
0.747120781591964	0.828525534774522
-0.955555981615567	1.02503936797059
-1.05145197091213	0.849834563159001
-1.02556882826344	1.16010529884555
-0.109488725718124	0.0648405018053412
-0.187414853741361	0.144857437464008
-0.0731003642195258	0.0447274347457923
-0.583381592820796	0.576233899094494
-0.789398561057942	1.02748768966218
-0.668529917063695	0.400060503312479
-0.342628087372312	0.208204141688164
0.909666942375984	0.78947382837419
-0.67998425356678	0.480531062680012
-0.0407192578311116	0.0194469078930107
-1.25046447286312	1.17227831492712
-0.00889776621750375	0.00452687193612399
-1.29837683044387	0.579387492116583
-1.098147199779	1.06354458429597
-0.290458391540414	0.265536490963089
-0.199902239892574	0.155726736857738
-0.449880173798372	0.493304304386878
0.586830361188745	0.653260896478769
-0.0718505711605753	0.0534916702634242
-0.380342124539026	0.364039680628991
-0.144299135540855	0.102254337450486
-0.301263848954964	0.246661530146537
0.00408561853809329	0.0034353268839027
-0.555666743305496	0.593777011308688
-1.1414839653338	0.344622990730584
0.124488256386008	0.0469611145656188
-0.169320011151056	0.0606649453809961
-0.807236543147843	0.440721837794854
-0.789306862497791	0.342262742988917
-1.52468217246603	0.541450953371581
-0.162300795954345	0.0581731243217536
-0.536322009305803	0.201466150653051
0.801705526679166	0.329494691176548
-1.8327219769474	0.740987434117012
1.25495544914621	0.679951637650209
-0.0112500209923505	0.00755315636490727
0.307657486880917	0.212281523878027
-0.164346562614446	0.113589577634089
-0.670930567814598	0.751482301812939
0.382405846788926	0.327306581974998
0.363122679535274	0.331020031306628
-0.309110649774643	0.306815485671915
-0.11598142856417	0.0836556360903649
0.333073934259227	0.327193158962494
-0.571974019249802	0.526131944553001
-0.0218773139779465	0.0172165486611404
-0.590554440022446	0.585772226732611
-0.140677149152033	0.125466444327241
-0.460308562660307	0.432066365319355
0.184786971226206	0.148205469426972
-2.18208978399799	3.19422369081085
0.184061421312454	0.147546975040559
-0.10985543804659	0.0650907767417595
0.0518891266284557	0.0319725742882302
0.74953034436792	0.736928857365188
-0.19246138221937	0.129570493394661
0.306429684138836	0.211268737365823
0.166225762911247	0.108085562854132
0.171494755601796	0.117252427267409
0.608822437945263	0.57068900851244
-1.11100410646071	0.767137250709196
-0.276554132375539	0.174512971318763
-0.393804601502051	0.313184128332259
-0.191920772359058	0.148794019002871
0.753806318006265	0.839175591787874
-0.646694039599048	0.632859674390556
-1.52275201069355	0.540627902821117
0.0674559665512731	0.04376024013951
-0.806232841826446	0.537965079342107
0.57788653488746	0.557258626675441
0.288712730155799	0.207874342080959
0.515856085009608	0.447346812089485
-0.0105412358606669	0.00533783107918815
-0.795337733409304	0.614190434626205
-0.423730529299429	0.366550423816147
-0.586847139222871	0.431561565796706
0.312208015043535	0.188873587049989
-1.23866811897683	0.943076223659611
-0.936794038488824	0.691538977379059
0.303808016613606	0.209206578454377
-0.539971989232939	0.453681323172993
-0.937845434370189	0.693023158027536
-0.793170576232892	0.928783750226718
-0.800096874422047	0.618883194847088
-0.338875865136161	0.242268987446438
-0.643331914911127	0.62823737823466
-1.35244443694357	1.36097471484733
-0.299079936879402	0.219698435952742
-1.23625772664871	0.939130730130593
-0.133572549370661	0.0942116222774906
0.499746766173661	0.450090178197903
-0.163102512928947	0.112664885559371
-0.649645931315424	0.854971537637903
-0.298007988642249	0.293565446547962
-0.158695668391196	0.109373676070918
-0.603410888340407	0.494723846971118
0.37156503848093	0.164732367180838
-0.232312501898911	0.152051186283992
-0.252106586968986	0.188426936574855
0.978185038489655	1.07152141559772
-0.191058192853281	0.128510800158719
-0.410987384874928	0.234482992214215
-0.785941854072081	0.340646515205131
0.0995484632637242	0.0781705027538925
-0.415157327426629	0.393085695973927
0.718625378899091	0.818052113670556
-0.512880191056107	0.477263019319087
0.617172806736612	0.675111724086636
0.178936746844363	0.13831065032874
0.638103219448017	0.680091992889978
-0.0754468719825436	0.0630658915831905
-0.557765984750464	0.508826735854657
-0.344337063257654	0.278249463416943
-0.342620250738048	0.32961186093636
-0.186366404029395	0.164207370638229
-0.789250596704587	0.975713361737957
-0.0370084392150385	0.017713184880402
-1.46251117432734	1.32496421182468
0.494546646165561	0.312446477059745
-0.165938112957383	0.0593901094125738
-0.222955190102156	0.145288987540131
-0.326393633173898	0.150521800029804
-0.793619397479092	0.344760445951904
-1.2928321227668	0.576319570062827
-0.808556639419539	0.539677917296508
-0.415249347551518	0.173159047472333
0.373504015970365	0.165719506035071
-0.281556905168812	0.178048645013049
-0.258195635889673	0.193625839645633
1.02813378530334	1.34001485938582
-0.0814744547675036	0.0499704439855239
-0.340250601103749	0.274282853372261
-0.133318784293443	0.108418298278222
0.634833616491637	0.766861729056854
-0.549732699127988	0.585089569388876
-0.384872993025396	0.398262853565731
0.0079412770285182	0.00553150943838508
0.351502049173792	0.32885096851934
-0.201350572229809	0.156963382717256
-0.0163984398578355	0.0109014685902339
0.686154025607437	0.599967026280208
-0.492267216279508	0.497666224023706
0.721071360686196	0.821900974872747
0.0805238483734967	0.0568718706659752
-0.15476643049557	0.106443335274287
0.0518891266284557	0.0319725742882302
0.796130919103753	0.864948892351307
0.540031726810603	0.450303164474084
-0.385406462985909	0.369970264447896
0.753462643410502	0.838508574024436
-0.587664716668675	0.432430848066558
0.0157071215655553	0.0113963347775486
0.277262507017336	0.225684045151923
-0.167038132595391	0.115570960270762
-0.491800404965437	0.496810416877556
-0.328869933519444	0.344192579570085
-0.297569513564777	0.273165855467011
-0.100088744935041	0.0716087267506277
0.0174389859557727	0.0126411380444517
-0.558050096498548	0.509050437160683
-1.16066426099272	1.01652479385663
-0.795445654185658	0.876198602195159
-1.23582007968898	0.940224817617962
-0.350436295740689	0.283940056038762
0.0388587348902871	0.0300954526759768
0.177137815765202	0.154227210110328
-0.190152935176611	0.127874202061116
-0.928683641055914	1.13508629393423
0.00706488940262763	0.00586765719324067
0.426500326895401	0.427633896605934
0.0484909766677325	0.0299056848740024
0.288133441932599	0.21748106088894
0.00682742966887346	0.00477153005152833
-0.0592297436688763	0.0373983960341976
-0.483921854848221	0.414777904071885
-0.804143384432408	0.623246743232453
-0.192137412537204	0.148974643198372
-0.201438989929686	0.109167444881562
-0.578733323843216	0.424250409577514
-0.29682722955535	0.217813225636286
-0.684793183129852	0.485401818149173
0.949699024335019	0.936980670774133
1.31361029015374	2.51465876429915
-0.0382198878708132	0.0247516789806882
-1.24223491889841	0.946976374339806
-0.790895696032882	0.810451464337278
-0.634617363585877	0.574075560494891
-0.0423940729364395	0.0202089503863197
-1.26242177222306	1.19057812802992
-0.34423724270108	0.246768296191849
-0.225622106452036	0.172459228385015
-0.228583224007098	0.149331271411439
-0.378881408582277	0.362268863531218
-0.469911778375751	0.315317182933412
-0.462455275187849	0.434790201643653
-0.385248152335922	0.370037567434646
-0.475098678377632	0.405092320217853
-0.0828971350381103	0.0605036814617927
-0.234030351164422	0.153272658977637
-0.636366737422326	0.575939868974867
-0.511628936547913	0.475773487804025
-0.350195248327884	0.283827092235062
-0.311972930911308	0.257026177330778
0.0975889202865433	0.0743240329777462
-0.466357103871669	0.439298205185651
-0.307142798565363	0.252442616862082
-0.0416033063020629	0.0318920834560217
0.75064608292526	0.834123073820472
-0.340150559901856	0.274147957558152
0.138830959399504	0.13201900426808
-0.535690845327968	0.449084160105885
-0.293644174350204	0.268996472199748
-0.341927666531515	0.244830765896174
0.189769687573854	0.136742923006689
-0.971193300808942	0.960804186646543
-0.628169416056885	0.566388340219988
-0.503707840705005	0.381444983872203
-0.798913551488351	1.04558800828837
-0.485247795347355	0.488311733643628
-0.220212993441725	0.167820225850222
-0.534596105400648	0.679816409287857
-0.0902967832490788	0.0761855184793274
0.263373096692305	0.227638630472429
0.744966355668074	0.731341178021963
-0.077087032738971	0.064511363470008
0.491412886133824	0.54017000136066
-0.488899909016804	0.493103780926475
0.621778104403639	0.681784978120497
0.126976060545498	0.112311572500181
-0.0660315970987816	0.0558584529585692
-0.670871059937144	0.751269496302465
-0.478962256717344	0.409426549363564
-0.318331310337358	0.28764882520699
-0.0959283548899973	0.0796688814278248
-0.148604629039921	0.118894943305818
-1.29512981359302	0.577531413428973
0.146922191196889	0.0431076767472804
-0.538963433786103	0.202464572078945
0.372857141323736	0.165407271514916
-0.504053081432515	0.265944988625327
0.672450630976285	0.309605798430717
-2.29996313890297	1.14710866272123
-2.49598406786957	1.38367308680831
0.154509067766894	0.0289541162362231
-0.53807249671511	0.202201826922908
-0.187152103090206	0.125665871602576
-0.0586284095502111	0.037011144085197
0.016360604343534	0.00893960133056902
0.369263829408028	0.326097557895978
-0.279397434031551	0.176598665280141
-0.18812021726762	0.193302408217677
-0.551488642309982	0.587650205401148
0.185058238360929	0.133090706961696
-0.743317781985545	1.06157034665113
-0.137073244733734	0.121914957562785
0.00284220558216039	0.00204307139158244
-0.636598601113988	0.619161323133936
1.11146696130425	1.73355981167709
-0.421586273338791	0.400896062339917
-0.94769784541915	1.09273024064483
-0.224809026278337	0.17170773587144
0.496788988808847	0.531087197978637
0.559618946954326	0.557504611132142
-0.69308677166462	0.554254245545766
0.594307920483086	0.665180449599631
-0.427679286190585	0.371009570040158
-0.0800053397786056	0.0490456782685839
-0.90937605910869	0.763824275109236
-0.687936603277742	0.820336397242343
-0.155028603377652	0.106641237574284
0.177180904929751	0.115755097182907
0.175457095491714	0.135297991900842
-0.391377979070511	0.27115161577935
0.18961905465742	0.152460444076561
0.421724636855006	0.515730496253649
0.846946892484708	1.17733045378583
-0.00522395575350433	0.00353810692883383
-0.0340839059383507	0.0163611744758114
0.779849372360872	0.61441903517206
0.937662591459185	0.631763564194763
-0.118577481929284	0.0471349831073602
-0.0945035085778377	0.0693748656151848
0.180632998807708	0.153409778635034
-0.925790199710017	1.13007326988111
0.389707079207094	0.334751760814748
-0.229136350624336	0.149648223237496
0.637768524336585	0.679511744052893
-0.0292067048641649	0.0226966583805641
0.607789674598864	0.569454147773729
-0.274065137834349	0.228532813234073
0.00183705939912851	0.00136646641689931
-0.794705274951826	0.687303094709106
-0.116663734396521	0.0692630510747697
0.274874097481671	0.231542738402394
0.426440461659391	0.324307100015125
-0.585335194356244	0.579104965281743
-0.341619995463339	0.24458466709264
0.0518559389587517	0.0319946701395474
0.308649707185017	0.200063359353845
-0.932848585099247	0.688207064894603
-0.255613017277213	0.129169103493792
-2.46074578396207	2.42900695316528
0.0679332910666789	0.0440758821444123
0.173018959288119	0.112805092342614
-0.111962184991786	0.0805973855602182
-0.92909669781395	0.683555865177599
-0.179066005517449	0.15704473999091
-0.789760918031501	0.867387196855437
-0.408903680534217	0.233336375303596
-0.14066711890671	0.0995174202262684
-0.094345293047273	0.0692603253439607
-0.406190535947931	0.444023814908635
-0.438345615838922	0.340021842305097
-0.341066794268828	0.244088695192554
-1.14525195969419	1.28316376844558
-1.23625772664871	0.939130730130593
-0.197261539849018	0.106783594109609
-0.241330457339158	0.224881265559339
0.750471779624753	0.833449780950776
0.481757349872525	0.526403917597667
-0.0282024798965511	0.0186579482397979
-0.135080334495791	0.095342491530743
-0.111645190814773	0.0661947934695975
-0.689670850316902	0.550804118392526
0.342766164806246	0.17127254417448
-0.795702744827239	0.688504379979844
-0.963939565359419	0.593620723745749
-0.195413330218003	0.169064220162881
0.990682015899414	1.68273852783691
-0.0798895115897327	0.0799284652761471
0.343484871915802	0.32971268201838
0.774376821543857	1.17854454418854
0.411968032005135	0.511163961972976
-0.131204560369499	0.118502400231489
0.066816680697734	0.0578310206470858
-0.480867061039325	0.52310472112175
0.0852076115764724	0.0792424601481909
-0.467799163672318	0.540674191785877
0.132931264266227	0.128295206260191
-0.0622526676497503	0.0534510336803721
-0.419811925949465	0.432248699487454
-1.15545543162085	1.01029226128113
-0.522060772896916	0.487933798444982
-0.240846100521927	0.0774684702165293
-0.624787013389174	0.299458156224005
-0.539535866518366	0.202616428643095
-3.46299441124492	1.22953362528533
-0.543675331725235	0.204518784198745
-0.355401168227563	0.102014834884787
0.144725574883443	0.0425191258680454
-3.08203048704882	0.947509650360219
-0.793059911143665	0.34440505933513
-1.19080654783679	1.23173677470413
-0.96999048333885	0.598826501142263
-0.25547725465818	0.191305966889418
0.0265679819598688	0.0199161632484218
0.174710911520064	0.124995099532968
0.619412750353186	0.764427640223349
-0.305883434788903	0.32217630946028
-0.127385368062377	0.103201571408754
0.825527422789568	1.26258837714334
0.0860598229685839	0.0801013065540735
0.0213715318836595	0.018575537030852
-0.235467577476079	0.2370988010925
-0.352196782453689	0.314737754010803
0.119819540402536	0.103071566493564
0.0515253424468122	0.0432286049336394
-0.214887403783111	0.201165972025929
0.525893245791312	0.533579228373027
0.175821041823165	0.14883239960319
-0.290578627054462	0.212513340826191
-0.0530715173103968	0.0400625393509576
-0.145417329520739	0.11615914531662
-0.231453423680981	0.214114239420477
0.880529327049126	1.02207007844228
-0.342102204349745	0.244886211477195
-0.0626438307751446	0.0474927156750076
-0.259206525287071	0.131093379870512
-0.0409246926236977	0.0313707413035403
0.499333522026179	0.609266123928722
-0.208667903998111	0.182089092212636
-0.177379719414337	0.171770946322783
0.185158732240062	0.162091090326896
0.441078387903578	0.589734413438017
0.345154654105123	0.331783195650294
-0.292980446216795	0.268287808116292
-0.434087355663925	0.377917264505011
0.297495222824849	0.215187242926685
0.162120702330004	0.0995487088766982
0.146699599844895	0.0777852584302409
0.0971198364908204	0.0739450444614846
1.0012438682028	1.2005406497027
-0.298702796542848	0.219427310895031
0.741651596613208	0.726903366172146
0.493972035652373	0.312271295751619
0.636456264820953	0.769163605492184
0.188226782242957	0.160680280987087
0.180982993944034	0.149354571757321
0.096202338096288	0.0732133084755607
0.179327370610393	0.143279735208386
-0.190409246039837	0.128063542276271
0.443981343209407	0.435070791569198
-0.343633136933061	0.305440946473264
-0.0206111062253127	0.0136573029792514
0.306554396525124	0.211385961841362
0.555675216518403	0.647701899730994
0.191323984549184	0.163655040481836
-0.0374776914525779	0.0242811309268203
-0.0566003082331909	0.0484241209732377
0.161231690194872	0.0928760291848028
-1.2370408245639	0.939843043029727
-1.06873192332639	1.35386141592541
-1.27450185674743	1.39999870401934
-0.940110127031527	1.07963079723006
0.497313099124406	0.447318758729968
0.0680211735298034	0.0441604381280865
-0.022505747536782	0.0177095803301459
-0.07161041896626	0.0532887316112062
0.290890844186064	0.219802649782506
0.892629643094167	0.913544409100551
0.100667927023703	0.0790941673053437
0.265636344873262	0.222447773950364
-0.0888334364256751	0.0748849649826975
-0.717360662366112	0.743053138689083
-0.431096605030358	0.374575099781413
-0.446717130707711	0.347980873387818
-0.962720517730114	0.5925034050428
-0.792396830153744	0.344017820558448
-1.84286645446569	1.69358086212486
-0.417832083070999	0.174255353735987
-0.794000538946115	0.612830738767631
-0.0640146418691883	0.040448815177091
0.473830109532863	0.438692128156553
-0.270355755095881	0.250640076471116
-0.381970802477563	0.445916080269966
0.0738326406822843	0.0668354018985221
-0.176999712895995	0.154991059807323
-0.225708573814332	0.147282526685975
0.492444614593417	0.311107956878425
-0.229201650021426	0.149825963520264
-0.507491220228881	0.267928943933496
-0.237559934502149	0.0764246711906185
-0.116152112702002	0.0461979677200941
-0.737489374761453	0.251678150254292
-1.25068761383935	1.80908220769194
0.497524988216409	0.532178891650611
0.672643780215384	0.871742840952628
0.527265529953169	0.698044892096706
0.262770943410244	0.272814706662104
-0.643252496577665	0.842679345429578
-0.0782796242416896	0.047959572989119
-0.92850559199525	1.13450622725577
-0.201466146601828	0.175028609375123
-0.127353125379912	0.103160440071252
-0.154660485977752	0.124228208461971
-0.485211567834101	0.624642906635444
-0.317531102937419	0.337307894193823
0.0208968071796902	0.0151299134813829
0.302980362279252	0.208389366249098
-0.148778979668937	0.119085209566411
-0.441541617463989	0.343129846475607
-0.798706483516123	0.617296322063083
-0.337701641968949	0.204621209284834
-2.08484842220823	0.940993818731239
0.144389940892798	0.0424393237157952
-3.08203048704882	0.947509650360219
-2.57968420714322	0.659073447553718
-0.16719037374262	0.0598638290738506
1.95731570776637	0.441000340195791
-2.30313758881303	1.1497444137621
-1.04278630064219	0.410314973185565
-0.789261339335779	0.342378158242963
-0.172195612372888	0.0616082395351802
-0.509799820639049	0.26958161629009
-0.719190737169335	0.746464787762927
-0.194740206024038	0.131200200228352
0.471375337289472	0.43585813449627
0.0789150730381279	0.0536305753108109
0.546398444774761	0.716263818935087
0.581941121717977	0.646096437491809
0.520346927978359	0.62736827475717
-0.311003790182339	0.308980457676607
-0.114344849372062	0.103953974143264
-0.122558680869132	0.109948354841856
-0.686798875078565	0.859269523460082
-0.328155442554913	0.298291983874656
-0.405171542525164	0.470572880296541
0.399249213603979	0.429390475392172
0.269668923964196	0.241491813205565
0.792305370477304	0.751153006511026
0.668326520158016	0.863569277201798
-0.866697360488798	1.00822504197946
-0.509691204463682	0.387369879635918
-0.729512159965098	0.811272974136841
-0.319163631246155	0.28846466891475
-0.0421409843556835	0.0323111612693563
0.98237418647084	1.07799805786564
-0.955164560950071	1.02437920840754
0.325235817918523	0.335066110269026
1.22539242456706	1.855032866108
-0.202848416500507	0.17635549728315
-0.058600570773814	0.0493429652803939
-0.555376892948624	0.670842342465487
-0.513046213875847	0.552256685109077
1.13784581767716	1.2918342893458
1.0707681033839	0.649891421813006
0.771260593055051	0.457204660531777
0.572039328520227	0.45704830777881
0.793792928589765	0.861935383400867
0.445525000825471	0.437192619328728
0.290689792899437	0.219734768250644
-0.809986788684743	0.442997398307845
-0.889493494927227	1.31650904346624
-0.853564664865852	1.10949454939245
-0.0914901391681707	0.0670692238032509
-0.155599862090733	0.137226899626108
0.343071214738639	0.329476391744951
0.367437668314397	0.324101148132651
-1.54954140154071	2.76221105371715
-0.688329892898802	0.549522581132537
0.836284561386333	0.882438777130449
-0.129337701373717	0.091030501050088
-0.951351271198261	1.01786539702996
0.11618179181341	0.0972792643064998
-0.00816879930834479	0.00549758499337014
0.29169088485702	0.220585304442811
0.164086988853434	0.106614597864832
-1.11428489513762	0.76975329051886
-0.796091266875492	0.689011782425349
-0.552986729049773	0.353319060523563
0.377656985369239	0.322252916124466
0.0922945284608931	0.0678834024557735
0.279961511863903	0.22822468157135
0.286092171829986	0.225014176618453
-0.916809929046473	1.1829904917948
0.639619651919934	0.682263288235042
-0.625973948930097	0.299965212945849
-0.388838126948334	0.342984909165677
-0.226741871383114	0.148013873719635
-0.162963882722978	0.144549793279585
-0.0721255531887047	0.0536996109807582
-0.985580003756518	1.25994100704006
-0.808447205468706	0.539637138018695
-0.292070246467339	0.213814048939596
-0.605380509719183	0.496751850910419
-1.85441512061015	1.16101048360718
-3.46655637771013	1.23090093950973
0.660932155782147	0.207694635746326
0.801922158295548	0.329828855715043
0.123890289984819	0.0467338918733295
-0.427417756418288	0.370563716076701
-0.785172150530076	0.675922268101763
-0.932713992642356	0.687940573888252
-0.196853130104798	0.10657383469562
0.13571412709247	0.0450530753488282
-0.071479212028512	0.0315121289992788
-0.722067393419978	0.750724698141671
0.485877363568343	0.532413068600325
0.864051282323175	0.994690586701957
-0.0289467202327566	0.0224929810775377
-0.257495772245193	0.258021649016114
0.371120142867244	0.431072852098304
-1.04701947922018	1.4021659160257
-0.350730443299491	0.284425189099288
-0.308934434304485	0.254137548990845
-0.624501462907049	0.298906969740345
-0.169008421659159	0.0604879259203808
-0.121315446470573	0.0482777096353187
-0.585722073913494	0.700838443671961
-0.495851329507168	0.502414448118387
-0.931675126997761	1.14014843080149
0.00255963113811479	0.00219837273852948
-0.119202631773804	0.0983555842281845
-0.388780206200671	0.342828525899844
-0.685793646865516	0.8574284987615
-0.0891582968045914	0.0652768750188896
-0.0262331901172711	0.020368863679865
0.0276438336068474	0.0207192654162565
-0.790523729594371	0.977759951562722
-0.320069068297328	0.289424549646943
-0.118884924840498	0.108440506513697
-0.670321919323352	0.964269753992984
-0.301908621446377	0.298263134130172
-0.890262174867778	1.25881580716903
0.0661759511425103	0.0429493508610397
0.446770033299661	0.438737543815553
0.0514809463636922	0.0411818512476742
-0.538840844959429	0.452325536407902
-0.680276861157553	0.480282536378163
-0.0741007656838568	0.0326446982737396
0.127329099679244	0.0480229321825531
-0.628516191143665	0.301330111365903
0.168644297128695	0.10390296119131
-0.99624267694847	0.491390832135092
1.76414846932977	0.967304800506254
-0.538391637447097	0.202241097472968
0.807879873143069	0.332714052130745
-0.11760573864599	0.0467499055716863
0.156304884454214	0.0392194704826931
-0.0134230691103192	0.00676461465305709
-0.543250105928331	0.204305308908878
-0.509510448033184	0.269617749687792
1.44221445210322	0.88530851640438
-2.08484842220823	0.940993818731239
0.261710185558301	0.233123356622942
0.242471667471679	0.258421683926193
0.0687010019820573	0.058241290187064
0.264317056255861	0.242745370437629
-0.173831370048675	0.151889126390096
0.615062248473847	0.757187778879488
0.377563993994398	0.322192305834719
-0.282474541085552	0.256778602095435
-0.472970662392856	0.54850617609987
-0.248030378504689	0.210051551592738
-0.154251844388567	0.135993605971807
0.380192384778257	0.414083685218188
-0.0838601160542513	0.0690715502953429
0.790474197562005	0.955091289441673
0.180082364857757	0.157090789290249
-0.689515534549379	0.550449424261559
-0.187278856897686	0.125752751824442
-0.304856114020901	0.250106752998153
-0.238505707465737	0.221764083922117
-0.846624675506271	1.03576863586306
-0.143764689380867	0.128469824994915
-0.406881140459893	0.473161506184442
-0.240582962048967	0.224037370110398
-1.13708352126485	1.26878972777443
0.615732376935063	0.67300305712855
0.922806576477047	1.24241447090903
0.26435789424425	0.235909639760576
0.374571996134868	0.416437695561623
-0.198703349551097	0.154646214083793
-0.348019841314481	0.281834773208059
0.269256939868956	0.218046058960207
-0.391180894054378	0.345524369071081
-1.56631224688712	2.10269238273118
-0.509952915496627	0.547808642268102
-0.254087267288167	0.190138106088413
-0.586176151904937	0.580103800547821
0.789457287715344	0.953499787728646
-0.109557438226546	0.0649237362917786
0.479587932764179	0.538817028527432
-0.468593273891741	0.54193843579133
0.786837910246776	0.948785115824425
-0.465484992036449	0.438543443213564
-0.691543163043512	0.552918767653975
1.38588071188751	1.0704968509689
0.276246953318744	0.224652323497555
-0.0744729958032379	0.0328169528983707
0.166833668222716	0.102741616544102
-0.00897481986487533	0.00603958034613478
-0.137840415289635	0.112373095358196
0.358268421928823	0.325660569826482
-0.314327069904172	0.283286249121067
0.726856165399594	0.605558346733317
-0.384114663523098	0.368658256154771
0.0294788199794609	0.0220997152567545
-0.397383353500754	0.276007635259405
-0.275211238732151	0.229764473456457
-0.296151242060028	0.217196826366275
-0.697158337694023	0.558846240431672
0.708259182538528	0.717954397735334
-0.0787961982082494	0.0482982434205763
-0.574819117827766	0.420252133178077
-0.505747076006625	0.383541761372856
0.702083674293904	0.460538001298142
0.089562792057373	0.0679128439253956
-0.354206018790552	0.316910307297568
-0.193867971756958	0.130572305510054
0.3241670436878	0.179713636494382
-1.51102157386799	0.7608578526141
-0.167754072609883	0.0600616127897958
3.26795444532845	1.10381433627613
-0.0762347208685759	0.0335547025042344
-1.00905235029051	1.22104216668963
-1.25206388006996	1.81229983667011
-1.10092249119379	1.06857177350008
-1.14416185749122	1.28055060327494
-0.332503384462821	0.236860340014398
-0.192830505976255	0.129739498532072
-0.592952057350939	0.589101174454368
0.037864268368892	0.0220458434788966
-0.252805585612736	0.18896889917231
-0.420582868298742	0.399535971492905
0.112352786607846	0.100467180610848
-0.116648688470464	0.106237415266538
-0.219806125417403	0.188207574395199
0.320222501114552	0.34496279845908
-0.348529030072379	0.336814951211721
-0.276740071720755	0.231124872322192
-1.50863317586361	0.759208525222823
-1.29767890644575	0.579059217742002
-1.0371433912145	1.64537025877517
0.12112309449016	0.101690221743238
0.18998081566175	0.175451282069571
-0.292375103679422	0.26755099463351
0.0728367692448756	0.049416061885783
-0.341069740079145	0.207146560178714
-0.144880360858699	0.0824233217600713
-0.71995368896345	0.796031483976332
-0.238933496478299	0.364329475919015
0.0651386033815831	0.0563143159898457
-0.411866174302814	0.451932796850295
0.188939530813513	0.170209765840277
0.393003656055826	0.737704381187275
0.191387760076591	0.192823008957418
-0.169708467714567	0.17468709739445
0.19608572406984	0.186206291927009
0.120903566707444	0.104075134455594
-0.29273475187587	0.28707601578088
-0.0160804199504267	0.0126571050942046
-0.111675224147414	0.0917015061437685
-0.071502341770232	0.0531922019381437
-0.0475321769850186	0.0308126192166847
-0.321870964942696	0.291423141998118
-0.628462683772873	0.566745585162231
0.172836725856594	0.118316465473122
-0.345158135147835	0.247423806668285
-0.557285345960802	0.508398516867087
0.0652333943412717	0.0423285628136733
-0.487517453185569	0.418434763715259
-0.110110283887431	0.0902586085613146
-0.904068054470996	1.22445574054254
-0.676018160165939	0.759513881734948
-0.147012569872834	0.153332333193329
-0.0475046181145549	0.0410674652503652
-0.377442624258717	0.439115495543651
0.240270560662989	0.270455603205909
-0.176623574029119	0.154625023369837
0.0387600164598984	0.0225731235810325
0.196239197991445	0.158336995465121
0.276358699352533	0.240808922549683
0.61373904320662	0.576600299471699
-1.21357359392239	1.42938304924574
-0.692408394934349	0.553482886298004
-0.0393622091355255	0.0254935002917287
-0.713567800485793	0.688030886732747
0.746302170995288	0.826975597931889
-0.274350823465953	0.228766558147933
0.272711302446184	0.229473434188915
0.343552775416905	0.32975439426953
-0.253834449040576	0.273193595099948
0.0349224179129559	0.0262171601027976
0.194131914699186	0.166316987254692
-0.384374279483815	0.473838301100635
-0.131388164880688	0.137183988888466
-0.418642225218075	0.51895570784771
-0.235591468025077	0.297324244345228
-0.239775640252369	0.272128263622859
-0.478177421905986	0.519235522252894
-0.134558493324133	0.0949518691393105
-0.079441194861628	0.0665779967544044
0.328844416859573	0.422761615505674
1.11649693979825	1.83918533052732
1.47359018079333	2.49592273216372
-0.0170403985084889	0.0113217065960703
0.291221105426668	0.209983959589775
-0.200788897587418	0.156438527503023
0.0752368082167096	0.0510874641313965
-0.0786781438290599	0.05874676052302
-0.592239670619874	0.992834421324487
0.486665332459317	0.681534449104446
-0.115938485670103	0.114548000997885
-0.319014836502754	0.358486656994471
-0.362240348269334	0.425599612533026
-0.305735736389508	0.251011887491197
0.0408460408137752	0.0372645037181584
-0.122254041030239	0.168561696151427
-0.390468190175101	0.483747562602725
0.136589296650132	0.0654816461969539
0.890500041640205	0.911527296644308
-0.793619397479092	0.344760445951904
0.840477490532479	0.888250034761356
0.645982025282728	0.459594354710785
-0.808842157573192	0.539954373210235
-0.230272877198116	0.150529827009446
0.935840327093675	0.630792655113875
-0.334645189188581	0.238731100471252
-0.566599766638565	0.519773360514942
-0.69384769449616	0.555077790880343
0.365875061473057	0.507350002810015
-1.42078755574925	3.64039021868718
0.0583196411940697	0.0548425494145872
0.0446627926967232	0.0422814874790985
0.698837814361961	0.89235793206142
0.169364539553358	0.110317439309571
-0.25594460406778	0.129401564925789
0.45179495316127	0.327681546670537
-0.0405870362271314	0.0193647907132798
0.144604765265321	0.0766671954974588
0.322435253438749	0.1784353253351
-0.329147982594378	0.152002884124992
-0.331874595318785	0.153377426559785
-0.275352207231368	0.17364378277832
-1.19061113920283	1.23210106701659
-0.203590340742411	0.177042452946332
-0.582600090844711	0.664859316884456
-0.471117720798574	0.54573896508743
0.0526992554463404	0.0501933720647527
-1.107687544537	1.7575528965647
-0.553583144980233	0.667997312943446
-0.232399965890753	0.233447288023254
-0.375633110620109	0.358158032816697
0.70469916716357	0.712978292961973
-0.999887482025096	1.20411736333829
-0.293385455913846	0.268593270114148
-0.386273113245934	0.340045948626188
-0.953630879511455	1.0220580143192
-0.0594944179934184	0.0375715683726366
-0.311314471609846	0.256406172681388
-0.410729141968974	0.506131234274072
-0.285640381400754	0.324904927433062
-0.100247125039049	0.0977201283538387
-0.326638491393835	0.341308301471949
-0.0543672425932957	0.0464629836451266
-0.970554375920907	0.959865939700403
-0.354207101964339	0.287726345534812
-0.272797122394315	0.22735643151778
-0.432685863190747	0.414169202111462
-0.239581596977598	0.288054622067391
-0.386056313636813	0.452163703407795
-0.0750219808435624	0.0695836743216346
-0.840366585168912	1.14089116530248
-0.364484174496531	0.381613013155954
-0.568512615910527	0.721018084117326
-0.660497212633382	0.694238681325622
-0.431528407351713	0.375077775058524
-0.695416108612578	0.556807322745211
-0.387717543879102	0.479260162939434
-0.00813809360178239	0.00647293921286237
-0.0707475059263219	0.07117393713797
1.00956965909862	1.52699960065841
0.578991878374376	0.663850629449621
-0.792384569634646	1.22509997728185
0.262792064819734	0.272759493227352
0.184703260314833	0.148128041253157
0.452369526206546	0.327826459894554
1.13078940819698	1.15895367567209
0.159181667314747	0.0916235955087914
1.11174751678265	0.998540386916924
0.734915150232612	0.614881428230381
-0.0452054229614144	0.0215378758402265
1.64366317659603	1.54289819186921
-0.230951991850473	0.177021730499526
0.421616261221355	0.166276240508206
-0.41930005004658	0.174824179102143
-1.04290235412753	0.410559570501728
-0.664456108242379	0.39718458627846
-0.728342287028749	0.856505077791327
0.021562389754791	0.0156065509794231
0.185435048638969	0.178555715677491
0.257333235895562	0.266117689333826
0.060347641608711	0.0508950270457104
-0.575095850390927	0.653291755075041
-0.324628762362262	0.317313616934696
-1.13961952916518	1.51831700056667
-0.0870504422524553	0.0636725553046683
0.184802189326779	0.157404452558339
1.66713274340256	2.74140848628806
0.32163137033412	0.330572692061054
-0.387014825292756	0.427939559557548
0.0980009070196594	0.0768774166381892
0.0499319115781399	0.0308046978024298
0.53916792410623	0.55201259326134
-0.856501632520069	0.991541895566836
0.332077414844527	0.325981043400102
-0.38915880948145	0.403750171543542
-0.0238227060284712	0.0185063155893389
0.194410311784394	0.188484288336532
-0.243661463256068	0.205828329159051
-0.18967541833653	0.181876446260782
0.183610656816907	0.168796676871573
0.366555199759846	0.32317996285331
-0.109452661461915	0.0787046106174252
-0.334449561082509	0.351446574588087
-0.147493014257794	0.11796270648375
-0.155645592293055	0.125101708415315
-0.271459700239584	0.268767840932336
0.0617100774166195	0.0520848340028676
-0.613333138933741	0.653305218232887
0.408828457011773	0.324822464645745
0.981082790248114	1.07582054250287
0.183523222640772	0.147071261643005
0.639417757957334	0.681320751720646
0.0873916779825773	0.064108387862577
0.0350668219215093	0.0271237836232802
0.181833519610881	0.150155465675201
-0.532728709136027	0.53205662972973
0.615937893157813	0.579661631247644
0.132887927696226	0.120696911921079
-0.158931161327661	0.151795568648194
0.264176970655339	0.262271518439827
-0.31884751924806	0.31053279209252
0.186884815015401	0.159362686289715
-0.393592782953183	0.348144065215921
-1.25816652618858	1.18441405413402
0.875479700155304	0.462769252431261
-0.413527698454972	0.172191357082374
1.22957890590375	0.842703232062508
-1.10063890002801	1.06751572574286
-0.569539143668673	0.523254855772081
-0.315032852943452	0.260065440881089
0.125514958907877	0.113392658004989
-0.15720708843633	0.108279373726855
-0.386839187364493	0.340587591631759
0.420297282922985	0.318728492814612
-0.724902358211898	0.803996403906201
0.173926747731645	0.11344112159234
-0.233323940782523	0.152802731023894
-0.907510301201362	0.761295846380665
-0.0794270341666096	0.0486943832928221
0.316327831278844	0.191612386864598
0.0517744712911003	0.0318979891805515
0.449522447619742	0.32561364582251
-0.254629166509042	0.128688028337544
-0.605898661919501	0.497401859739032
0.0162265577977812	0.00881887915299042
-0.590073015234247	0.585143969446352
-0.233583030443587	0.153002895069486
0.33094362895519	0.183721520760054
0.510619816865865	0.180113549991954
0.136663227954214	0.0656173011284088
0.488105637833335	0.307755067411008
-0.55253989180257	0.35264104815205
-0.469318467613363	0.443065220054956
-0.41940510738467	0.398141489993716
-0.588365640618652	0.58302846188497
-0.199285188441311	0.172861951660732
-0.497047159079969	0.5039591374881
-0.917750780332168	1.18531419561132
-0.385980128559143	0.452121538319236
-0.792564796573245	0.871829939324766
-0.535497527876641	0.448725284272108
-0.797373769080296	0.615618748978918
-0.000773270337052488	0.000602269115765355
-0.182185119039627	0.160111728644637
-0.193002936588909	0.14974090461747
-0.131571488104495	0.106863471139457
-0.798583415831589	1.04442112966007
-0.153159254897224	0.122914624085163
-0.424839189113182	0.404814058440369
-1.21431234948348	1.83970684115313
-1.0551245255344	0.854139782234159
-0.478962256717344	0.409426549363564
-0.966761848986155	0.595572537015468
-0.153424498077928	0.0875214420207037
1.52206107166384	1.30301376174194
-0.629111998709171	0.301520599329841
-0.468105502429221	0.44166589706158
0.171693957895435	0.111937130396216
-0.128698119274591	0.0905497472617187
0.35600492226454	0.323101194327523
-0.304708526393488	0.49519419998566
0.501001738565996	0.627513813801566
0.0504788546009181	0.0403627873114601
0.765369480582149	1.1133892967622
0.109891842311523	0.118537593803599
-0.238086144957026	0.257807146620278
0.328175279082459	0.330113854716647
-0.152967510536494	0.1481429834456
0.0560787597469446	0.0363092351076281
0.51319792649947	0.535968693341729
0.563526162156594	0.562561839878606
0.706101513502978	0.715014746578999
-0.335961742097608	0.353237863745769
0.0268743598421658	0.0201365947225086
-0.105594920031064	0.0863075140694827
-0.0601221242990288	0.0455220191445712
0.0181187751523003	0.013612508698191
-0.268899467712776	0.249032772894576
-0.613394252070388	0.653547732697924
-0.0436842832341642	0.0412501894853405
-0.217335052185724	0.18576947519874
-0.0811913395678708	0.0756499511099426
-0.530004531420783	0.528486582434262
0.123069103610663	0.108604058408787
-0.364908123432474	0.382211333847032
-0.46659431625703	0.312564841222095
0.907231095459026	0.786979508592938
0.0410721552910703	0.0238902379136235
0.298653571119587	0.216150383823488
0.278188694715248	0.226506594095254
0.648370099092525	0.589131252476759
0.379984439988887	0.168800324229436
-0.289877788988518	0.212006053850065
-0.669106870376081	0.400647757384
-0.508333452004606	0.385841563377323
0.306229951371937	0.198336827105249
0.0502565396051051	0.0309989574909095
0.0530916867105728	0.0327226410126612
-0.474633684376903	0.606243182904103
-0.0369568605787779	0.0239420278394649
-0.70113932538502	0.619459450872267
-0.348167079626314	0.336337132366527
-0.987977378052777	2.1403630495722
0.0503468491528234	0.0402516330237582
0.0457808173878901	0.0374377404439863
-0.0866945491555867	0.11419917989197
0.345670032602467	0.485814355913542
-0.10941485326399	0.0786600901730656
-0.03152627048347	0.0245126672142452
0.1861709199029	0.154112178953902
-1.48552978778059	2.11340119470608
-0.408966634307787	0.529405099845311
0.345814879053374	0.332708171348099
-0.252490617949531	0.188766225731084
-0.409576382980751	0.233752229276332
0.0390214884560354	0.0227259455069845
0.170619578140184	0.111209585423126
-0.538958025723476	0.452650490842562
-0.196889733322681	0.153099779241335
-0.0271548820622484	0.0262775636738784
-0.478435402618689	0.808408357670013
-0.645159186001143	1.11323596221638
0.272560779392849	0.244544057589988
-0.926850830003953	1.13185561326769
-0.419640621773678	0.398448752854599
-0.469859160036502	0.315561724179031
-0.0756988274723532	0.0333211016460799
-0.502878223308209	0.265528847572476
-0.114853970799127	0.0457131921372416
0.666893686008721	0.306724713902588
0.131850096082115	0.0496765164754003
-1.52866955783943	0.543083867430977
-0.236642536873473	0.0761450888689269
-0.419634107069603	0.174973866431689
-0.405054856728264	0.522805036565566
-0.0094805147230623	0.0100682012749697
-0.407840282891863	0.416377629782122
-0.348614780037619	0.413628507467676
0.166194335645868	0.102218710744338
-0.504657345698144	0.266343563170319
0.669887108825485	0.308252439258341
0.938014003377948	0.632260997841245
-0.412261031351047	0.171714138801548
-1.69534511275488	0.955115886541348
-3.08189869996978	0.9470994296719
0.417041312613382	0.164331509274333
0.588849767767261	0.30460311035786
-0.414181611233199	0.172499925294108
-1.04865449742089	0.413060895602929
-0.143579081584564	0.0816551029683999
0.137612920317835	0.0660922810400854
-0.0641926962986597	0.0599223146630116
-0.236032117204854	0.237784148082264
0.247557447492672	0.259548077892894
-0.0840680920520653	0.0909920553946166
-0.218346274709754	0.251279343932128
-0.255710267718111	0.191541907397686
-0.61205648189371	0.651369649581247
-0.115299065444508	0.083138905011948
-0.395104103265633	0.274203149350087
-0.276820906310615	0.174699537910455
-0.0939621392825521	0.0870582157082486
-0.161804297934822	0.154900857760891
0.424543638114798	0.520022118529078
-0.441161106012299	0.342758727957413
-0.34715909935097	0.280984301673353
-2.42328928115642	3.29496062030339
0.384173284330538	0.329140873616473
0.08736890978672	0.0813946467982699
-1.65379564031264	1.71207376665364
-0.587032436766471	0.954571355893819
-0.841658657190504	1.25201857574169
-0.615860468783441	0.69311145388044
-0.801484742466499	0.620149951692957
-0.339831221940766	0.206312538591329
-0.690303052448699	0.551260190458591
-1.09435611283571	1.05693258079761
-0.667157619067108	0.399470889154624
-1.35194124729489	1.36118590467518
0.396563328029763	0.327890310592227
-0.691589796128364	0.552853964248836
-0.897520903669903	1.33451968343439
-0.306397645330101	0.251707889237821
0.190002571720629	0.16239241271403
-0.274064496193986	0.228545065189468
-0.00727411584839016	0.00490477424533577
0.582529314611927	0.563770452705388
0.661418854319639	0.785090573238303
-0.0554197330696846	0.0473841259273768
-0.417538931297831	0.460109313113788
-0.245459562443249	0.22933664859971
-0.481535001553606	0.412208317342402
-0.888107084340199	0.824681572241709
-0.201108338405685	0.156753144455225
0.4823747890107	0.527281256891622
-0.545471271930103	0.459499751407667
0.91327521792395	0.794024559407851
-1.36196778256732	1.95894796426682
0.27960620119642	0.227877330111721
1.6429124618847	1.54313448813596
0.0907135567432752	0.0687995021032487
0.990264956446725	0.811584463112045
0.834388047939028	0.87893487663295
-0.507569407992419	0.470837416296735
-0.114357917017769	0.0678503693571431
-0.0841998998973189	0.0516674989441955
0.337394592830694	0.341434897724045
-0.100745820511554	0.0839184769839064
-0.586419061712111	0.431483894360479
-0.47727914351684	0.517867073097927
-0.255469973623142	0.21736589672357
-0.687162812098196	0.859748285180647
-0.284869540948013	0.259359158339686
0.742790174494507	0.728404440034403
0.87373161802837	1.0111434638177
-0.0830473444494131	0.0509385672001416
0.0740721553975853	0.0502687128318555
2.10171714974853	3.21701272073698
0.167787398125167	0.109176953191939
-1.50897634643426	0.759381379959404
-0.39455831848665	0.273606121837042
-0.334784758981999	0.238842607296344
-0.513422244657101	0.477824466478711
-0.86479540157797	0.938792299689066
-0.0928745911524752	0.0681075325610047
0.161607114019021	0.0929955245600603
-1.0522585045202	1.41246097885839
-0.586451527935162	0.430976350133535
0.0834222915497631	0.0589847542435857
-0.867086579879878	0.942464963843565
0.399809286727533	0.418495510595795
0.260007602785936	0.257381238807436
0.119188867426392	0.102478151194199
-0.424243179709532	0.516426735432698
-0.00961814757390069	0.00645572956929905
-0.108539096039312	0.0780118552469939
0.687155372338807	0.798261372233388
-0.255060830024754	0.190967375864475
-1.67645728635111	2.10883012908646
-1.13068657590728	1.72078364643637
0.292364749870717	0.221203663634789
0.648167216357482	0.46153385342632
-0.2816988298741	0.178151282752411
-0.104783472744752	0.0620017831567969
0.424513158711692	0.322764413366423
0.301063574465484	0.207007722026764
-0.158541538819917	0.109281930740134
-0.169835685078787	0.133957544235322
0.464917238876278	0.427846680970843
0.0950958854372628	0.070046976925521
0.154654104874909	0.0888564536554361
-0.109924916551285	0.0790632604896587
-0.266618132151977	0.246515734581005
-0.582968648954729	0.575807596452488
-0.00713594132997973	0.00367746055461426
-0.933952343986638	0.689527663641521
-1.23631564403755	0.940627369951601
0.340757131535579	0.170055520938854
-0.0354331442143756	0.0169902597992451
-1.52556530925699	0.541887546993991
-0.0750159616572572	0.0330387346979731
-1.46782167382236	1.33169308337426
-0.680008454921763	0.480392813918521
-0.616738785268007	0.694583798117891
-0.26259423993928	0.242102752229891
-0.0367188442153202	0.0237862081821741
0.0415826785661376	0.0322367508274974
-1.2711125727891	1.39422639764358
0.32897869310414	0.182670252580155
0.143662100121753	0.0690077832273853
-0.510923857724877	0.270248743904079
-0.58023069313841	0.42567775075021
-0.805440555696283	0.537301973723229
0.12913352992743	0.0429550272454785
1.22713363335434	0.841411058433987
-1.18613909098152	0.662207218310526
-0.444666869583657	0.345991385278527
-0.196717682208758	0.106373857592209
-0.535708989260214	0.448954264783466
-0.386815596789947	0.371874474567501
-0.266084034564247	0.20034842644136
-0.176267847789877	0.154214146547286
-0.0513343027998526	0.0387233853075318
-0.586316677196248	0.580204273677354
0.330844249643872	0.183625885392349
0.0967192317963602	0.0712827184906773
-0.558944166099126	0.358097454037586
-2.04571766917889	2.75065567404484
-0.399654783921344	0.278130893101793
-0.470029587723043	0.315441266617153
-0.227382835872348	0.173916299004821
-0.0332958877470504	0.0259014035264945
-0.0257809901751974	0.0200153994244346
0.0186314172055352	0.0101256680450167
-0.055511217405935	0.0350327296912994
-0.111268265895904	0.0659730084048676
-0.177825245419254	0.155810398003263
-0.807808088843847	0.441752346580785
-0.499654675027983	0.377571705572726
-0.912838305575295	0.767739098588209
-0.328835844174034	0.151854178815226
-1.51262029806075	0.762329863284607
-1.29468583724064	0.577050898837199
0.164863402949474	0.101426451934744
-1.04408537620674	0.841742176433949
-1.70045193992328	0.959389000268318
-0.967661243199541	0.597182682918816
0.0148778954703255	0.0123102545151575
0.00985207990769349	0.00685345571543021
0.164096000561515	0.0946142755724187
0.314166806624831	0.204204933709331
-0.449441827367013	0.457297438493467
-0.0578665315024333	0.0365253039111951
-0.500562857907593	0.614053810182868
-0.030696939684063	0.0238544846539614
0.104762452425277	0.0825357003556182
0.461423355310383	0.52641566607775
0.384136575204085	0.419564281251059
0.191270591056227	0.16816073620639
0.18111301640956	0.140147813715477
0.353976681602093	0.320828325544135
0.0733346626149286	0.0497588833794967
0.64787779219083	0.588771517779608
-0.536024619880745	0.53649017008365
0.0588838985429784	0.0381539952714752
0.583937353354945	0.565497991675407
0.896841952231624	0.920834069811391
-0.310491126738493	0.279059425317629
-0.909860622235073	1.16977716047293
0.965159627782581	1.27409888812852
-0.566936387381704	0.609647346145252
0.268599795044242	0.247406895314191
0.0500555559513297	0.0308875853029261
0.272654457405154	0.244486255067192
-0.974835268044863	0.966490953633867
-0.351651306277865	0.31409687634244
-0.292355639154733	0.214044843962622
0.149212518018496	0.0790391331049016
-0.908696944204321	0.763158946469745
1.22909669809763	1.03367016377684
0.772392679836235	0.458819656326414
0.160432055045959	0.0922835450094687
0.775771781705108	0.460967913031779
0.32701291059626	0.181203411092372
0.162539002468002	0.0935793498278656
1.36783158460754	1.99548537059062
0.692299369133194	0.452516188407991
1.14902208693496	1.42941732521422
-0.336763958762882	0.240455745224228
-0.145934195121841	0.116622822009877
-0.060078868316424	0.037939330907758
0.793334149000943	0.860972326037591
-0.190711871418924	0.147720156501047
-0.126150947419483	0.115586754034598
-0.655145776714815	0.686747842785736
0.00484318580212503	0.00341565731492677
-0.0358891615116775	0.0312635972200381
-0.301260342234502	0.297459503251973
0.164313921441613	0.0946470264424242
0.319869475371949	0.193887678616118
-1.23826648341457	0.943187944293688
-0.152040017788652	0.0866791631584299
-0.381720988956733	0.335166330733213
-0.0824601278142567	0.0362646062289919
-0.623855676204595	0.298484676975206
1.09322061278341	0.82777656237735
-0.506571882441745	0.267399394400547
-1.94229727084698	1.92280136886024
-1.21777269352712	1.43801347805551
-0.710805270608221	0.684729982074085
0.288764791607156	0.218032846835715
0.33806832319012	0.333167639350194
-0.594216846753165	0.795688319001129
-0.81302425153498	0.445211936996355
-0.405701498916544	0.231011513545843
0.798676159728442	0.328314833787517
-0.792961532394216	0.344288490733264
-0.204110101337595	0.110679462075748
0.0953990124244206	0.0725752149281136
0.148067217898218	0.0783724472695566
-0.965804491331794	0.595753424638932
0.936136051759976	0.631119921177398
0.854498092379111	0.630641097419561
0.990993535675207	0.81358180732399
0.0199759835765335	0.010838809722316
-0.16719037374262	0.0598638290738506
-0.0781478862737317	0.034379821201121
-0.164961528199622	0.0590946327024874
0.433851336642331	0.171262804488008
-0.806300502923464	0.440052788877231
-1.01075154410773	0.915849478274481
-0.504609300088256	0.467278316254055
-0.290971463712031	0.285056107151069
0.258797061611908	0.243501639720879
-0.512495962155976	0.617910023368162
-2.00078928519475	1.39329322590478
-0.192771698872493	0.104200574286682
-0.667870052698833	0.399597224113268
-0.463886833550276	0.310492614495937
0.937366127711446	0.631586193829918
0.140131568938287	0.0672610114285674
-0.680538942845212	0.481290106220185
-0.361598803224545	0.324924461345648
0.488413234057541	0.53594839535014
0.393654617109688	0.432840220718517
1.08949233329349	0.823249844070974
-0.0427920161085807	0.0203995703175214
-1.43795690070853	1.54042129374109
1.64106934559064	1.53957430206059
-0.703312149994066	0.622047966973689
-0.500441975877786	0.263778807356164
-0.25334967713625	0.127993040262983
-0.416721433130721	0.173542959977968
-0.117391426362144	0.0466831384071538
0.529363012129741	0.305309980640703
0.134218670767871	0.0445521096029933
-0.80368977255507	0.438581105146134
-1.86826066147772	1.17536565897328
-2.01228248208609	1.40889628113678
-0.218449293611805	0.204993427622434
-0.582529632844319	0.427790470101801
0.134357593366572	0.0644555511050823
-0.192205049650104	0.129377394417455
0.291530266423942	0.210380497741161
-0.151194017404064	0.0861429124537184
1.17270544072743	2.39725965579513
-0.00175834092421676	0.00107387290188537
-0.347653984585932	0.281471327164541
-0.240075847454959	0.223530466145389
0.449027470173075	0.521437657541462
-0.665501259394689	0.743275885161227
0.454076631659127	0.52921187250811
-0.0602142644907189	0.0456040605392491
-0.449348502173952	0.492506986925108
0.182400042954205	0.136245454431548
-0.270217617109331	0.267169630568624
0.573307856139695	0.654619833707798
0.172562241446514	0.132863458776077
-0.00854273368503841	0.00574817795625245
0.18629804911343	0.158847074124634
-0.0335234088350383	0.0260823512387795
0.270392072656861	0.249370653397883
0.251156362019632	0.269402756106725
0.375016269359644	0.332101641022418
0.0565762895336967	0.0475925357319247
-0.449362492828206	0.457091240527276
1.22770378913094	1.61719171012703
-0.132626044382263	0.119935610780773
-0.39343408232741	0.347950138559326
-0.979569624532154	0.973476345910095
-0.66706334625131	0.398917260599849
0.536994344888302	0.310588581203924
1.05407377574194	1.12291334672521
2.25373415686035	1.72093159381067
0.129007902031019	0.0486060931750835
-0.555936108113988	0.355063925259579
-0.50850855544076	0.26879944898842
-0.278423562709726	0.175777206558087
1.76871955326737	1.81497956166379
0.30503241856641	0.197481783548405
-0.275354263250766	0.173742433748029
0.136663227954214	0.0656173011284088
-0.440397772324891	0.341882790403069
0.374564820025615	0.331752710991536
0.175172391786849	0.114361171280696
-0.0428862763913153	0.0204556223512247
1.00319301576607	1.2041147257629
-0.319960463490122	0.311801977976328
0.0416271728653148	0.033143847078606
-0.297036500298059	0.272689822716644
-0.791742735883708	1.40218729193664
0.134462944798527	0.129888973510478
0.0176267439797136	0.0127658325389611
0.532817737105333	0.307283000454082
1.94002977399126	1.19051606055465
0.566678748145166	0.451968303839334
-0.291207570859128	0.213030974061674
0.684468559319531	0.598007352992034
1.76587774083566	1.81084338643314
0.782680655251104	0.466351600822109
-0.171891525521684	0.0615329171015693
-0.32556842446799	0.295435622896838
-0.255441702466192	0.234216824964508
0.0575463444693628	0.0355128821469338
0.170309149245767	0.104931286416854
-0.0821888641923955	0.0503928854284831
0.0704302779302704	0.0477349355465198
-0.140116304259504	0.136672834380683
-0.414448432680661	0.172544236305524
0.13422930794267	0.0445728055584624
0.12913352992743	0.0429550272454785
-0.236295434458238	0.0760318807121589
-0.617597949023167	0.295126537996027
-0.355394630173918	0.102015543768339
-0.507447959204926	0.2682734714133
-0.105100636387842	0.0753982142360657
-0.167107204194216	0.0598773795356174
1.81235300959058	0.702242876396542
0.942732406487817	0.638019383349059
-0.323011485560222	0.149017178494805
0.659032459281836	0.207041754611057
0.341014706926606	0.170120349088221
0.156304884454214	0.0392194704826931
4.16544558167092	1.96422252025176
-0.342358050410421	0.207814979869392
-1.14171114622793	0.344693702322242
-0.0367923548176721	0.0286380055733915
-0.452844014985109	0.497510455610626
-0.407445112498493	0.500854631596899
-0.905738376922687	0.758817223934894
0.137831499803166	0.0660890894484678
-0.995578209135168	0.490739103125619
-0.679023333942547	0.479888848199329
0.139837292962633	0.0671168666103984
0.165619454030688	0.101900278137894
0.347607224470137	0.34466318374729
0.358185040399127	0.411908871304987
0.463256055568069	0.443064428148379
0.0355523984654853	0.0207314518060641
-0.237734534646551	0.0765149348263535
0.585034505000857	0.302146848118809
0.937419599599551	0.632553958102166
-0.698708944470167	0.617024628471491
-1.8327219769474	0.740987434117012
0.134579360214552	0.0446820626093357
1.0492524896328	0.498587197554327
0.137561678367694	0.0456186047114583
1.81826867111223	0.704762090721195
-3.46322465260564	1.22963503158779
-0.629763239673253	0.152058330338803
-2.08911637827436	0.943898849288905
-0.464461349414484	0.311002234576958
0.0771310475378443	0.0841248595409693
0.0534114888550754	0.0329433908166642
-0.788962872631865	0.342076545446221
-0.394273501159317	0.273571176858022
-0.933433667624378	0.687600766832686
1.74470909912996	1.34631157255222
-0.130808701414028	0.145821128146454
-0.157653143153708	0.108621358786231
0.61107196540779	0.573490696847443
-0.43134422214043	0.466378531889012
-0.0571048060933258	0.0776595238475814
0.152296147490021	0.187373284132703
-0.104781640803707	0.114284580729887
0.39439138507155	0.565536425736228
0.117822369775561	0.103547118713223
0.263083883474738	0.260737795608594
-0.38684198206444	0.547309813146612
0.129261367081012	0.122014944947152
0.236490520232815	0.309755294002085
-0.283253155184363	0.257594715777402
0.674249551819706	1.24371041884239
-0.210778556877968	0.266863751723393
-0.0505583938970683	0.0437785647636418
-0.0714666376744345	0.0951999237719816
-0.169533686352636	0.249801485973683
0.0540160274424318	0.0711916926927843
-0.282656101589372	0.375680298564848
0.0232881960706174	0.0239839368923466
-0.0571575823971777	0.0629895675563722
-0.49394056837089	0.660561179360176
-1.29503373562381	0.577267948395295
1.25881210567717	0.68250341264782
-2.08818862480767	0.943180111661063
0.144389940892798	0.0424393237157952
3.26284822825054	1.10169382604423
0.128002629615466	0.0425983067073654
2.10021124048698	0.924077935460336
1.02626205148491	0.382823634565729
-0.161397135867674	0.057846393087718
-1.49341780335781	1.04713415314955
-1.52527766014307	0.541726073904961
-0.339334450170607	0.205896685709038
0.0278855068832264	0.0208829030538862
0.126864758084239	0.0422209393647781
1.74690042479323	1.35143026247925
-0.114626732777274	0.0680332615376088
-0.348653031334105	0.454142513239495
-0.0556526482137217	0.0420668786821676
0.470947806853284	0.320887221764205
-0.387078094507313	0.789459549881366
-0.0954177659724899	0.117204605844425
-0.19815145605143	0.107222402663046
-0.556586537080936	0.356168371891026
0.131006332298692	0.0559479115982136
0.938010288102074	0.632785585434347
0.0809835800413798	0.0550982712726505
-0.330446982567196	0.1997044860437
-1.69010915746495	0.950594935338849
-0.165306041400927	0.0592208118770727
-1.04674936271233	0.41213485099752
0.150328305522296	0.0797343408629704
-0.511827098966603	0.270934671623205
-0.320512589796186	0.289983469245433
-0.00420772361670172	0.00507348806567934
0.64918955476056	0.203655643010603
-3.45945095257726	1.22747869975084
-0.358848207258787	0.103009197892419
0.145313170347528	0.042674261922763
-0.787504446295743	0.341507805714106
-0.412261031351047	0.171714138801548
-4.23376817757738	1.97077097194121
-0.350239627792676	0.283855038784367
0.132512369913378	0.0566436602585611
-0.734865258526109	0.250732421647056
1.31275235192293	0.563405500186811
0.944504519928106	0.247598335656165
-3.45922605387697	1.22727228815634
-0.632424041671007	0.152580102364835
-1.83132702405761	0.74028277145384
-0.352915395102444	0.101358152963712
-0.628733247343677	0.151688343674084
-1.05085567955959	0.414282430800086
-0.283878012798627	0.476545760802188
-0.117902708700115	0.0469250276685034
0.142645543006535	0.0418989273349654
-0.00972887388153793	0.00493645489788204
0.121245213160553	0.045772459841601
0.109780743459896	0.11157406372488
-0.0106862058064436	0.0106065286176858
0.512156467328287	0.908882262707582
-0.628195266656509	0.301456110896782
-1.10794127361817	0.762791842707622
-0.17508657798288	0.0626814147595453
-0.688187798923109	0.549262883500044
0.0555802962044385	0.0359916490301644
-0.412410519783886	0.171834878062092
0.441588140652684	0.31857615429184
0.15963091503218	0.0399802605532864
1.55770066431938	0.756785003922843
0.768124988042299	0.455667974461137
0.130229401607723	0.0555523028434548
0.126102102917316	0.0538860913146513
-0.539312347732804	0.202625351504848
-0.804000972345036	0.438775541584656
-0.109720256864576	0.0650084892141665
0.52472272916523	0.301703189385073
-0.07658873626906	0.046914159135114
-0.49815365761411	0.37621243542201
0.740119140061323	1.49504135990242
0.516865379014522	0.54108162046761
-0.18179560000301	0.173283792366253
0.137584425844609	0.122629162871378
-0.22090117586108	0.254896543779131
-0.219604120611377	0.206236741158862
0.0582287068363995	0.0478937919240015
-0.287575699188441	0.305103316825246
-0.0818428134805999	0.0686878756066867
-0.191473255032362	0.148355075265035
-0.0602751902459621	0.0456389763389012
-0.214860003992662	0.201163010106301
-0.165191594552025	0.146754683521697
0.186035708938068	0.167235118821664
0.0336115443047266	0.0252131718995935
-0.356161673443271	0.370789248560461
0.176779398356032	0.136429657003653
-0.713450618995265	1.0283087422248
-0.0454517927981459	0.0392338700581965
-0.0606413195617172	0.0564416550811918
-0.745358790071913	1.06605159106598
0.259458742933817	0.230624213599587
-0.386847913329658	0.42779121593499
-0.344744116796392	0.278624603427533
0.15353298648762	0.088193837120535
-1.26345095964829	1.98510090828022
-0.602680195981329	0.493823252454012
0.174244580635593	0.119322130614849
1.02369047659966	0.96871233820418
0.987503757369958	0.808286700256662
-0.040961528846874	0.0195605871572343
-0.809988126308024	0.442888551069516
0.132111775945609	0.0497633325597358
0.056096570952529	0.0345969289859395
0.701501017617119	0.459826232755709
-0.0773762792385631	0.0474002999333624
0.31824504907235	0.192955854117236
-0.933405237199328	0.68866982630665
0.473080953973362	0.529111877012557
-0.278072314991329	0.232550474340758
-0.110495281548745	0.0654782668925163
-0.274731223803899	0.229299476854518
-0.295220348851816	0.348351826770478
-0.530113854613319	0.576454661836824
-0.493049460372189	0.564136698127377
-1.04813318331975	1.40439426322562
0.0376362653115478	0.0219380837779936
-0.887717121178343	0.824344035666366
0.384978640309091	0.329866384507641
0.072744857949926	0.0657615474768194
-0.682607466361233	0.482787839032524
-0.0408724360743917	0.0194968221227222
-0.410248561907628	0.234131705570435
-0.967710428802206	0.595910443321343
-0.07500874924485	0.0330421732017199
-0.354815349846941	0.101888689175609
-0.409748274063925	0.170559595369695
-0.414892428927766	0.237066114168707
0.514431860453614	0.181517099423547
-0.329147982594378	0.152002884124992
0.428285671446016	0.169094775343879
-0.119844352727479	0.0476701922308841
-1.29812793557865	0.579039202447091
-0.538963433786103	0.202464572078945
0.373122268256437	0.165519130800805
0.142892234362748	0.0419793224062305
-0.110770376325381	0.0441206699150109
-0.117688932670079	0.0468486729054095
-0.468256807639978	0.314051364970671
-1.29490682407041	0.577616131618102
-0.411746492353726	0.171554824556765
-0.737489374761453	0.251678150254292
-0.346066585889818	0.388768107324277
0.136369192387818	0.06546540487762
-0.396945824746506	0.275705497277068
0.138305971703249	0.0590522137127195
-0.0850347136840362	0.0373628473366308
0.0938902966744377	0.0690985784584496
0.468984260925076	0.433118419897499
0.445451081443081	0.529053268076602
0.865853121434996	1.46804162342835
0.303733638202709	0.209186275994963
0.843384996371445	0.892669285585421
-0.552548505227526	0.353095236317485
-0.418376863958239	0.239435223304062
-0.150823059947323	0.0859681573037223
0.320420470848432	0.194239995002052
-0.254336312730808	0.128522043568015
0.0654301232009484	0.0424337893334463
-0.0598802324353047	0.0378134052730263
-0.537800860963183	0.451374968185598
0.148646531720232	0.0788329657549989
-0.50649312058637	0.267734582838957
-0.509799820639049	0.26958161629009
-0.711053810757875	0.685051213216644
-1.27546642106193	1.40154543966074
-0.262992338240763	0.197629329223163
-0.190665597714552	0.128247623485816
-0.732285131539634	0.765136577719532
0.376314779895729	0.333701625648624
0.953046670965701	1.17286293505229
-0.326201920105269	0.319225122131076
0.55422352057388	0.645456799229589
0.17485144771322	0.143678092240784
0.411817007883758	0.327667977246104
-0.796988411878106	0.819287784313803
-0.185106302600936	0.12413581017995
0.0733190126393173	0.0497271449650937
-0.48249016131506	0.413195033866913
0.0909319807493011	0.0645112018230572
-0.0105938083681832	0.00711771581388995
-0.0259527944274253	0.0171499186842859
0.72937785069809	0.608131471343089
0.704096329573593	0.711883125553201
0.163471296902434	0.0941507162478129
0.382163295510578	0.326941242920694
-0.599864387995923	0.634248460644247
-0.11512189478062	0.0458130318128354
0.070608262136822	0.0478698493802194
0.704158841219704	0.712093497156874
0.574339163488274	0.459804533518993
1.43595794469709	1.62946783810509
-0.0603012704922823	0.0380863739618996
-0.107023332522947	0.0633718570152431
-0.0793909970773077	0.0727304891524249
0.293730742520065	0.222246813711625
-0.691057082869684	0.906036516055126
0.00114203508569587	0.00104606590705345
-0.559742949687373	0.511435924258183
0.535528932506434	0.547141683076997
-1.3535218766984	1.36399369256926
0.421041111062627	0.336378372145995
-0.884159401545295	0.818912627001719
0.433521597944653	0.330854227246733
0.886944573431526	0.470889744115218
-0.507078642169096	0.384632128328739
-0.553676211135852	0.353841523738592
-0.00303163927686606	0.00165856943186888
-0.419656944238621	0.43199150474649
-0.586011174950112	0.579908007503684
0.468974959186584	0.433038181689346
-0.32645404672359	0.341007070828695
-0.522065453816067	0.565109474714087
-0.196612041197167	0.170227538725245
-1.00961217486695	1.48577166402475
0.273245827367933	0.229795959436673
-1.1026360384324	1.318433064552
-0.0515154237798842	0.0324940417770997
-0.223774502421985	0.170880399345507
-0.649528640766643	0.636628461555192
-1.19532933888302	1.23889125845451
-1.05874198672062	1.42516372122064
-0.805440555696283	0.537301973723229
0.546764024304039	0.457524749990265
-0.330132913476814	0.199523180805623
-0.0753188093843308	0.0331712184809263
-1.0465244135449	0.412299764954399
-0.110248068214152	0.0653428695533309
-0.105359801417677	0.0623476005313975
-0.415856019504965	0.173351261012134
0.646460021536305	0.460696105293223
-3.05666498805414	2.4756963284441
-0.663797590597459	0.396760047729276
-0.539312347732804	0.202625351504848
-1.1840119631349	0.66014918760717
-0.550710619355246	0.351578313170658
-0.391874688944942	0.271656890647677
-1.70240383728993	0.961076336268414
1.75103592323411	1.35444374614998
-0.19491355703042	0.105420113135523
-2.25213166409649	1.90210489567305
-1.85776061851975	1.16586785553958
-1.1923758447598	0.667199177816063
-0.537241703354832	0.201774932174822
-0.279397434031551	0.176598665280141
-0.670511586141742	0.401587305708006
-1.25912073078195	1.1846857253478
-0.689031878369032	0.550188821645281
0.465629086216895	0.316831208335101
-1.34520754504088	0.843493285339084
-0.275070483147515	0.173530767593304
-0.502863316200543	0.380868868740452
-0.260081444745141	0.131591402677925
-0.610277039733495	0.5018824725818
0.016360604343534	0.00893960133056902
-0.898556328119866	0.750656527538927
0.469882868342527	0.43384263258767
-0.346477581904888	0.248578074438725
-1.14619296029016	1.28401509693059
0.049487088177996	0.0304778259426421
0.471401259740477	0.321413273775965
0.39756879400614	0.329025209668188
0.00610338056308853	0.00426988454893295
-0.338785475422233	0.205534044911486
1.94270621029333	1.19250166929759
0.145313170347528	0.042674261922763
1.43725553750908	0.87962577067881
0.879823748855214	0.466497111534359
-0.255369578167339	0.128949668562758
1.06406380089982	0.643844404785173
0.131160713568611	0.0559458435691786
-0.741173379981644	0.25299768453382
0.341813486572325	0.170706291557934
0.132830269347538	0.0566941160717077
-0.737824274342293	0.251781339210884
-0.320569272954834	0.147724208515519
0.0852804485590136	0.0603826820901925
-0.386290658668826	0.340195230530948
0.0284171486260487	0.0305614568466976
0.544003126664024	0.454610369964763
-0.502172698271131	0.577644833053222
-0.374880875033503	0.435286354729815
0.189113391163726	0.211529321671772
0.345951227957116	0.427487788035484
0.198371664666197	0.201058822155782
-0.210939252415701	0.19687455038078
0.26715040180799	0.238853107872901
0.869703168789872	1.11744394491641
0.00304011033678917	0.00258438857637808
0.253934598565577	0.250014195425059
0.116369350083527	0.0998538797736537
0.824803221577269	0.973426305174931
-0.118744595496984	0.0857531946409934
-0.0843355812666785	0.0709034712488922
-0.14037989916169	0.147775009772637
-0.41271165706687	0.481923450140173
0.190055221224526	0.187471797008513
-0.296258978998365	0.371795016800993
-0.91494925640532	1.51076075812735
-0.330710001005407	0.367051383739952
-0.133184235997921	0.14132292901355
0.557653301403208	0.736766591964294
-0.117869265993713	0.125140222335864
-0.0821071969284107	0.0614213792201504
0.539687205365224	0.450162748018774
-0.344255815895104	0.246716779825262
-0.054368364523858	0.0464486726625315
-0.216370620610769	0.164473212969403
-0.508569583568954	0.386059670216631
0.425065527869463	0.167656114427908
0.145415402459383	0.0771247201876993
-0.189912816019346	0.102564078641026
1.23333939688004	1.20806708154489
0.644216974435386	0.458408625630093
0.769436933398438	0.456273104789113
-0.62193620484777	0.297861170206029
-1.04382990059411	1.39538136551431
-0.324574076560214	0.317346368256915
-0.355568963446562	0.370093408451171
-1.66192901921545	1.72766135468761
-0.535394397283109	0.680937504798256
-0.00870275106747476	0.0044060781555705
-0.0860533375765536	0.0378137200700761
-0.255873258765065	0.129358246982077
-0.665053046070224	0.397254476932718
-0.164554448048138	0.113735156726597
0.336892774986679	0.331782348831406
-0.344430077292214	0.509880949013106
-0.248946616380789	0.0800391755547036
1.23435175766272	0.849676088253841
-1.83564160885514	0.742645090374466
-0.335579308976431	0.155309739103831
2.13714414530758	2.20379700836209
-0.418494190903507	0.174652651803506
0.424157115579798	0.16722603272977
1.55322278137623	0.754063606155397
-1.34427126536769	0.842408201017881
-0.323478262143869	0.149164513688911
-0.797432492877433	0.346548313032329
-0.543250105928331	0.204305308908878
-1.05107548737008	0.414131243401247
-1.04709662477092	0.412413821088329
-1.30557395523838	0.583537439731307
-0.536322009305803	0.201466150653051
-0.168975142967507	0.0605402988532689
-0.0104141122575683	0.0052953146500619
-0.833282421751545	1.48178815107733
-0.363952545437948	0.428022228703746
-0.239654805550979	0.276540930326501
-0.0403290559160741	0.0192649447241707
-0.410937180124649	0.234618226775955
-0.323785681062795	0.149294817267518
0.703608557931431	0.461858934023968
0.642026044583311	0.456118979048592
-0.465582656547409	0.311988775992465
-0.056446996424829	0.0482994794391846
0.0793134075771623	0.0720793886314394
0.0569034595293098	0.0543609438470137
0.476748424760782	0.442196144571265
0.323788177100042	0.179294289329595
-0.511928402152675	0.389305766621648
-1.46274383369771	1.32399602400613
-1.29825184667106	0.579597355540298
-0.168975142967507	0.0605402988532689
-1.34796229008534	0.846753250447306
-0.808465024981026	0.540099198823549
-0.282895508383392	0.178944488835101
-0.793182567097288	0.344216411224244
0.0137892024418513	0.0075466992290933
-2.65555297599499	1.62064719534549
-0.117660477054644	0.0467865531553836
0.295761716392385	0.202772920952705
-1.14284398403614	0.345169869447138
-2.24526342469553	1.89040337845743
-0.737154567775087	0.251538686589487
-0.185945614469784	0.20263041234496
-0.427174083586934	0.370342545719951
0.469609803893109	0.524156542155236
0.748680281769524	0.917862712573251
-0.422390908240179	0.54170199115658
-0.586193207943222	0.78082394578036
0.521986217854848	0.630064082006449
-0.274852045130125	0.25548007246636
-0.791436346985883	0.87004237850366
-0.137895579377501	0.112446046787358
-0.867833912712453	1.48645945963949
-0.311888206584128	0.25693026614376
-0.254780216025877	0.190716827172054
-0.89102055327768	1.32035470859816
-0.38366087886879	0.337256240263672
0.0490507828872281	0.0381518269633551
0.103392955992473	0.0813615915754019
-0.389427959693079	0.404101768708144
0.0404875698424579	0.03137279770495
-1.03167105733107	1.17085748480273
-0.173192132192949	0.151254862920052
-0.552291412445035	0.665798126542282
0.0376268844780619	0.0299209350254953
-0.146068050865575	0.152197965132421
-0.447366103699774	0.489557478463408
-0.222112995271052	0.190464027291273
-0.115086302560167	0.0682752512259499
-0.19542694996917	0.105753918927596
-0.21621979890584	0.184632688629625
0.272946404991694	0.23732174351359
0.797094388904286	0.758482891984243
-0.677765520420557	0.406967429359828
1.94492980267077	1.19398179076253
-0.5431188895219	0.204245277624117
-0.672969656258159	0.40345893044202
1.44035579911252	0.883085649053647
-0.34355449509225	0.208758576424776
-0.467408586123327	0.313371185155139
-0.11121424223714	0.0659408962556961
-0.179871089996003	0.183567839287172
-0.108826789250456	0.0644750165939262
0.0428168671782117	0.0249261680630337
-0.252035321781138	0.127296734168844
-0.554923254736855	0.354765059715116
-1.05444403292975	1.41726903482538
-1.26988974727651	2.5257277649632
-0.268005785134571	0.222664296443971
-0.0934637176330407	0.0685854811580516
-0.288751332840493	0.263596123702153
0.12032069720466	0.129282563291686
-0.19494604467725	0.168576885078052
-0.554510248933876	0.354508870508468
0.340711911760573	0.170008264346068
-0.327279319900177	0.151032199016468
-0.679186394017156	0.47966262966838
-0.0837201643282599	0.0368061095870123
-0.259206525287071	0.131093379870512
1.3136030122127	0.563459647897708
-0.506269207642477	0.267208166381903
-1.18309149572464	0.65955331260621
1.60113600171888	1.10705890460126
-1.26114799963428	1.18789499156898
-0.257684535697164	0.130333429862755
-0.167535179530461	0.0599846998526839
-0.363196548838041	0.104223897327175
0.654121684946124	0.205433467520013
-0.415847728365783	0.173416198873373
-0.349834437422478	0.100494066761987
-0.425234812417783	0.177630121302664
-0.261036758279708	0.13211404650529
-0.288388249199072	0.263258119462265
-0.360506030750107	0.400360675699709
-0.474973470536525	0.514490646700632
-0.118522789236604	0.0470958686716323
-0.420509636823278	0.240925156028318
-0.116798931417201	0.0464504059922324
-0.341619995463339	0.24458466709264
1.09398045749387	0.829115349764475
-0.792961532394216	0.344288490733264
-0.503312127639923	0.381019875279558
-0.111264511302349	0.0912922146004954
-0.0760101590617388	0.0635610485180395
0.1846736089658	0.181406626828961
1.00198160124526	1.20097489549699
-1.18831612425689	1.22848273468285
-1.51627074165718	0.764944689823934
-0.700373176756752	0.618323291054737
0.443825654458579	0.320675901618188
-0.0385961460084644	0.018463699436174
0.135998997701927	0.065179640552751
-0.171762117804328	0.0615057733921786
-0.322235411713064	0.148542946725632
-0.236295434458238	0.0760318807121589
-1.00042671384016	0.494424006740095
-0.415847728365783	0.173416198873373
-0.0423315843360919	0.0201777763682317
0.772089846493946	0.45862860886728
1.75197992598217	1.35576464291591
-0.789530930804051	0.342214789279307
-0.664553725927016	0.397521501794616
-1.15571791256637	1.01056244298384
-0.143440778006824	0.169409848377075
0.0824634703852272	0.0583301682010177
0.106975302779714	0.0843523547126019
-0.04535538647969	0.034826675118199
0.283278660095634	0.442459708473492
0.0671328691843837	0.0828464793897589
0.063394629061616	0.0656132627603896
-0.147282058769911	0.164484963609793
-0.114204318740034	0.101779699935024
-0.686896052899161	0.818821672149388
-0.193462920253884	0.186025444243306
-0.424385809907508	0.624694984978963
-0.709120184558238	1.01892513871459
-0.530326492727467	0.736192496909946
-0.177387973537131	0.183782455690255
-0.580514296262223	0.913538514669028
-0.0226320429804839	0.022055330932261
-0.00797060779806737	0.00712798503355772
-0.0603074533154334	0.0666576750204259
-0.163678885144196	0.180359121743648
0.523335742074432	0.54997435790002
0.782396571233676	0.617881390493471
0.0348855559915718	0.0203449868359976
-0.0285146881346266	0.022149301483351
0.533591476925952	0.443645144584036
0.789306796888574	0.748275855843247
0.156858007948957	0.0902065171155544
0.32145434676966	0.177894218111029
0.0387098616547829	0.0225184080521044
0.350350100940236	0.175311691152206
0.319205076256371	0.193639884819278
0.156304884454214	0.0392194704826931
-0.843703932385467	1.20270822672413
-0.2111301022862	0.212740917973859
-0.14704649666769	0.172269961554551
-0.673229472856313	0.970776952450487
-0.512920564994701	0.477328883364018
0.457997606501551	0.436766905840907
-0.354577820720483	0.317365935879886
0.411234503963316	0.433645863464546
0.00260366636493659	0.00283129999538055
0.0824215032086921	0.0736097873894564
-0.965804491331794	0.595753424638932
-0.512183606781156	0.271122218829645
-0.782927899613125	0.33904041759686
-0.255536366713302	0.129186932400049
-0.418826686176616	0.174791777507008
1.94526561678581	1.19487045519075
-0.355401168227563	0.102014834884787
-0.738079783119958	0.251987608125061
0.144839984425568	0.0424652121179643
-0.231409214332045	0.0745090449257407
-0.101476134686049	0.0929891639016005
-2.13719802473537	1.6476711258879
0.308207458627852	0.186031419602296
-0.168318442800183	0.0602514969158982
0.137975327840755	0.066270081040515
-0.0816801570300653	0.050080983884288
-0.795829743414258	1.08994933782953
0.362384672615011	0.408381288104443
0.436528570688601	0.593249429645323
0.647697201496055	0.588514522370691
-0.343005195110516	0.2083825892099
-0.691280573654733	0.552617810292483
0.0553157127006794	0.0341314733714914
1.52214492785942	1.30237862963318
-0.206599172776114	0.112115177340778
0.376873816800882	0.167414245094654
-0.0758249480136603	0.0334035717381484
-0.628789100734759	0.301329860342247
-0.412193448344764	0.171596426506329
-0.973419245403779	0.60144864798233
0.133134712517645	0.0568317747059139
-0.0801456930448782	0.0352652235499222
-0.0399972535543821	0.0191098705740378
0.135364021327178	0.0449437078279942
-0.282564901845412	0.23683602030632
0.182291292058496	0.141156198748404
0.260594232597738	0.357138535176643
0.984121660403368	1.59475288111224
-0.275434952178858	0.22987402867181
-0.277003958211307	0.275360335584166
-0.219425048803555	0.330855078044926
-0.0637883617234242	0.0721158253732432
-0.405823054646404	0.573691319809829
-0.684060205434687	0.854245934399401
-0.478057392717289	0.645547076549325
-0.389742997646791	0.565805444913365
-0.659281701178821	1.18051843040085
-0.0838554922744241	0.0853163978592423
0.209999294430153	0.265450551895476
-0.340761190361624	0.401858919720347
-0.0310967249555933	0.0356141876992422
0.522440081249461	0.689487271060704
0.00100994782193705	0.000567688654108591
-0.79680018540538	0.615254696812944
-0.90559990300139	0.758629930313628
-0.530615331501733	0.529238886377884
0.513738336616507	0.445005362753402
0.472953041947033	0.322960315825591
-0.539312347732804	0.202625351504848
0.131733692345675	0.0632481001900235
0.991462917067035	0.813630453770888
-0.620771630231924	0.296922811580482
-0.172107354750232	0.0616237994837963
-0.505653008989627	0.266819997027516
-1.04090886464526	0.409486451709067
-1.24696024536842	1.16635594040634
-1.35561229584339	1.12962913376656
-0.190339820567065	0.127972584078686
-0.505709055967432	0.774004531085567
0.183246079542808	0.216612805748142
0.479976422760525	0.620697376460994
0.174299029034196	0.113788249977538
0.166259103868364	0.102325972705257
-0.0733978095719538	0.0546732025374902
0.271065300898414	0.257139907620858
0.109837036807398	0.154443064468326
0.900392562349005	1.57756316509424
-1.23631564403755	0.940627369951601
-1.51467396607534	0.763254203466521
-0.00590470667935409	0.00307237010530984
-0.1433749113654	0.171490955327027
-0.237437039825944	0.0763599123457812
-0.793305877820496	0.344462091426673
0.137777354037229	0.0456973820976041
-0.172540841763772	0.0617450223024159
0.12747667107683	0.0480354772047687
-0.227908740279538	0.260279236062961
-0.563071016799511	0.916051202617551
-0.328095517370477	0.151455436220097
-0.411845242740921	0.235038590760019
1.23332711153645	1.36003377704557
0.464910219429608	0.316322807200771
0.164069008558406	0.100915523479366
0.461722628437528	0.527006790811282
0.124091481138566	0.111915865653819
-0.413979650869959	0.603793013630288
0.49338832795099	0.442644689620392
0.469346408738833	0.319640144498704
-0.938035434186015	0.692933890383564
-0.599166547110741	0.633186780297782
-0.918478875304354	1.63740111529469
-1.51930095242628	2.64453456195863
-0.393491824005576	0.272907459658317
-0.129976803521317	0.0915062188496768
-0.174886094053067	0.138373474495435
0.189260993570644	0.182702198128626
-0.525672316978002	0.522531796249842
0.167318160675572	0.102983773355785
-0.54792343586665	0.349312685864934
-0.681306240659809	0.482026845975503
-0.804982569079017	0.536871205037525
0.140783643747874	0.0675835149436117
-0.339899733956411	0.206042663730617
0.0199864424413527	0.0108538725794456
-0.040961528846874	0.0195605871572343
0.182700978492719	0.146324190352294
-0.194378382245344	0.225691079755551
-0.486834242845709	0.490340112962151
-0.189748843320817	0.146925082403451
-0.613971987375259	0.690187717947613
-0.861809762809328	1.0640622359927
0.187948534689452	0.164885141512086
0.00345082683131849	0.00302071669795849
-0.193384969654759	0.167075806964076
-0.392131246272301	0.346352144672011
-1.13912672298933	1.27237946233291
1.11316122044124	1.64037150369053
-0.45637560969766	0.466543242973407
-0.110000431830709	0.0651854175702364
-0.251954887308937	0.188310709231258
-0.40024621299747	0.27850730841248
-0.00258826648599884	0.00141688235282005
0.17047652877363	0.116468378354008
-0.0878122429711036	0.0642395142504748
0.0043700150836203	0.00308145463882991
0.329057718201867	0.348244856025194
0.201239142895526	0.208501632617851
0.350023842331408	0.33762630136463
0.289548062500083	0.22818185016194
-0.985663992735467	1.26035741237594
-0.16912675768681	0.173973026205824
-0.73647966249128	0.961512921576718
0.117702499771327	0.0960536242671865
1.04704113616263	1.11216762564903
-0.219897320870899	0.188216541334852
1.02904632005325	0.975891288093108
0.839317769100031	0.886959993819936
-0.259274780312676	0.194494935782998
-1.14320333944904	1.27879057564819
-0.517693110698597	0.689704699267299
-0.220374365128763	0.223828128240848
0.2935853761142	0.316558601138414
-0.577171937417885	0.764173998490096
0.265445922779842	0.229827167757885
0.497088799268481	0.446986363855753
-0.789244266546872	1.0768851026527
0.0197712066697469	0.018804350431133
-0.140635017353706	0.125430173036224
-0.0781478862737317	0.034379821201121
-0.581046807861789	0.426356077059117
-0.0953748576189969	0.0791645707039007
-0.63473080344969	0.758746804317374
-0.88937884907111	0.82634596635228
-0.506007608704752	0.383793044234226
-0.799337533935623	0.618125307769483
1.44466758656851	1.64420411613696
-2.79466215209468	1.87113203669527
-2.09735460394021	0.948584007856532
-0.272722824235708	0.270295169512868
-0.889235290213852	0.826416992494496
-0.115579513114925	0.0685940986611929
0.174235870585306	0.113764234439572
-0.280072092840499	0.177076893053539
-0.798083032089838	0.616902502878007
0.166584103832826	0.108389016548938
0.0450046099792606	0.0349220735432326
-0.392639751114719	0.378576740167589
-0.318985239702242	0.310704999405941
0.569957462644626	0.45516573727981
-0.0960114607632026	0.0705273816901966
-1.35837793647459	1.37140851927617
-0.351364043247772	0.340059447488569
0.158640230758253	0.0913164490938019
-0.0551508528305681	0.0348023388548817
-1.56653146972578	2.10242244505843
-0.489524295581193	0.596456731354962
-0.697769513029412	0.878207835259038
-0.154220334872484	0.135953093659866
-0.389753057820177	0.309380370610828
-0.253585409075892	0.215508706697203
0.182524845267982	0.141388194204248
-0.413622218374848	0.424120609831634
-0.587517617211609	0.432093558870378
-0.0515592231922634	0.0325252095143087
-0.288484520312497	0.263381900158467
-0.14813622959722	0.118531218773952
-0.248625177597259	0.185461878002663
1.63049026636707	2.84573244326367
-0.0586616579166902	0.0443812886559321
-0.107023901873229	0.076820801382954
-0.352558738739445	0.341563531505826
-0.648246655479558	0.634701969693909
0.428082745440363	0.326060139949147
-0.428700575037019	0.372064677170634
0.18915101725332	0.161512641961185
0.287371895782603	0.226276115229587
-0.128962551890288	0.0907361215400853
0.182584939211774	0.141431142307116
0.0896685025997389	0.0658673497781274
-0.389080159332578	0.343119164130174
0.177847590793988	0.132489192940872
-0.64198955542684	0.626350431138507
-0.109617386676798	0.0649451522401494
-0.539404807221458	0.453072067849258
-1.59666940089177	1.9080724710357
0.475190038581097	0.440400338148224
0.152523856784154	0.0810445575705565
0.126471027587366	0.0476885354284832
-0.16684564485734	0.0597373941238438
-1.85505804801774	1.16199339565662
-0.789386763625026	0.34250460133574
-0.234312185154952	0.0754304879292539
0.12734351598535	0.0544306878864236
0.889706378290081	0.472778288735199
-0.358848207258787	0.103009197892419
-0.323785681062795	0.149294817267518
0.317011907378616	0.192084525414147
-0.291931977506279	0.213745808648692
0.0879860045553665	0.0623469645322452
-0.144835863424382	0.11564327320003
-0.0571836168926628	0.0361003660034311
0.449197786143113	0.426211366167357
0.643520684741637	0.687614797093804
0.174666384613311	0.119679607182248
0.365148086860275	0.321586138669079
-0.127542855482428	0.0896199120079784
0.121903352817049	0.105001484903438
-0.537096396853195	0.450629203298105
-0.463858871576067	0.310700587963244
0.282647452647745	0.221984736338381
0.884557829513419	0.902938518878206
-0.016864225653665	0.0112120244314931
1.15090932576474	1.3142606857281
-0.253650803838605	0.1280746298861
0.165041521425487	0.101483938229628
0.1646342824626	0.107034510669388
-1.27366579125245	1.39742237462397
-2.50048583032259	3.55253075152563
-0.483672436328907	0.414492383184968
-0.96999048333885	0.598826501142263
-0.278945496082867	0.176266365803209
-0.395143250131463	0.274308395002584
0.0612337369474834	0.0396701830495154
-0.153002546584331	0.0872565913727207
0.682652934089476	0.595822824799993
-0.324252547429239	0.149602329977245
-0.909651797909568	0.76361811321976
-0.579867100000089	0.571461998941567
-0.335897712337637	0.239724987311513
-0.192508754852137	0.129590622275314
0.648008077034852	0.588760182505187
-0.796462014759495	0.615355240990712
0.01837679940184	0.00999357868989209
-1.69341254752899	0.95407039678829
0.707237115044496	0.465081029414394
0.0220100160477227	0.0119388794599922
-0.0032751591254914	0.00175437320101396
-0.347816167957572	0.249684917691057
-0.0316720470525325	0.020539496856496
0.78975867870147	0.748915912674115
-0.86834890744472	0.944510686507432
0.62038587833805	0.766069184417627
-0.172174740397442	0.135991083634145
-0.707410739827699	0.627222082689308
0.471675083815144	0.43626681278179
-0.44435224217629	0.345683202940991
0.428971100290613	0.326852386378288
0.387897956989205	0.319168364373919
0.843179249249828	0.89261030909351
-0.0807489895784552	0.0355233891539603
-0.0777582726822076	0.0476438682102536
-0.0776836872113295	0.0341951440767924
-0.799343326774559	0.618537902125145
-0.586834777645702	0.581010283878978
-0.315775805299523	0.260806049714786
-0.462791651877015	0.435282637596901
-0.642636822963991	0.627485299181278
-0.39347469366829	0.312946899501095
-0.885687099029352	0.898715340802491
0.0370430202202463	0.0215724687439194
-0.114226682588773	0.0823133193999932
-0.557889952891284	0.357039304281503
-0.191557862885468	0.128882464347799
0.15618988590724	0.0897490921398365
0.872348713448641	1.00869668400189
-0.689620071874901	0.550798472332752
0.285053625700927	0.224121146980734
0.791704680127089	0.751176738112991
0.319070583938711	0.193522783697736
0.5638216798608	0.562994269590755
0.181098307113981	0.149467662562105
0.785972908299046	0.621616816898759
0.0138785232830012	0.0096318664439059
-0.480893787077159	0.41150240959835
0.912610484370128	0.79323030830889
0.150093902992928	0.0796252522626556
0.0399315601035384	0.0232536200271126
-0.684255988262682	0.484342971325814
-4.41182236634418	2.21034035519034
0.162952579336367	0.0406858836130456
0.15144823932183	0.0285426379557898
0.124488256386008	0.0469611145656188
0.135497064378108	0.0449728061554857
1.02514752788745	0.382203792201025
0.291650897330488	0.210462439096788
1.04848978706571	1.11443462433609
0.537263988169063	0.447419111636249
0.466522776765602	0.430105392128174
-0.533387142090106	0.446449453123217
0.018535731670982	0.0134115705309642
-1.3483401987829	1.35624031475419
-0.542701137198014	0.456585698614792
-0.236604061591063	0.15519927314804
-0.412680513907536	0.235700629965545
-0.335174817465683	0.203052846594866
-0.190545785855755	0.128143358051446
0.458645425048708	0.437690612481592
-0.44480838499048	0.346060040132539
0.444836878287951	0.32158670301876
0.159037059836838	0.0915660943879535
0.343068448104388	0.171439068373362
0.952378782640642	0.94135349445103
-0.289740112217652	0.211873210153177
-0.675620377031358	0.476490192863678
-0.793871327710497	0.344598346953249
-0.667741845779124	0.399798119206165
-0.542769081676375	0.204049428112683
-0.202279995449782	0.109688064024172
-0.935048236499456	0.690521450820907
0.906143563512701	0.785689107992309
0.379719937229505	0.324520582514246
-0.228844327969383	0.149527651655436
-1.18184985626015	0.658332026839947
-2.0329868918791	2.14378497342056
-1.00567264984934	0.909439870101062
-1.23625772664871	0.939130730130593
-0.448026683197589	0.349206505252036
0.0799607668344134	0.0543852668078263
-0.198834706952427	0.107610764066154
-0.35569023027487	0.10209347470967
0.798112323859371	0.328001407916524
-0.623855676204595	0.298484676975206
0.178589614147622	0.116757260506262
-1.18368954027495	0.659935496261333
1.97052652911451	2.32588283203907
-0.340105291447059	0.206506302774046
0.0697569516813805	0.0472529856828312
0.28500250951205	0.214748475183024
0.162563309297956	0.0998818074996532
-1.00410294079748	0.907321044832974
0.544077236357185	0.454871756107587
0.648320699915013	0.462339141117592
-1.69692065897191	0.957002089838081
-0.553168110695625	0.352911874589816
0.154654104874909	0.0888564536554361
-0.18881586995382	0.126845493022035
0.376934445978766	0.167251767408635
-0.601460064274451	0.492506817527942
0.140948251392809	0.041458274749763
-0.356656967234746	0.102398272590581
-0.734865258526109	0.250732421647056
-0.246455702473939	0.0792203757391232
-0.784177987931164	0.339638597270029
-0.709324350198322	0.629477029338823
-0.473938111096663	0.318622741889045
-0.699928754621318	0.618431684536006
-0.245626624331912	0.20772082969068
0.0676804089876983	0.0439116287825918
-0.15614634951631	0.125555749768942
-0.484530144209326	0.415309721678305
-0.468916656508187	0.314800298198185
-0.455182492932921	0.425970602655521
-0.130041945234403	0.105540855063154
1.33315921470757	1.57409409403829
0.181648875124542	0.124814057053845
-0.0190013855947585	0.0126118143476548
0.00458855110592643	0.00324487101880053
-0.385466886506426	0.339235609530177
-0.390914130311474	0.310326006163995
-0.132186250582387	0.0931431329651613
-1.46343604938663	1.32508329190971
-0.568118461098852	0.641726885903096
-0.464303714238568	0.436791210524338
0.678286362280275	0.590699407150083
-0.338511057890613	0.205335228120549
-0.792781460741937	0.751637370821988
0.310537991712735	0.20150195300986
-0.167564114472753	0.131944928236211
0.373108486082512	0.3300020372086
0.519792208620222	0.545150675542829
-0.0914590833593563	0.0670320705761089
0.943921820427411	1.15556069989796
0.29482372623298	0.213099416547105
0.728146715100247	0.915074698359308
0.579609891692413	0.559960713665151
-0.107169584748419	0.0634653490374656
0.171923530010447	0.112140618213555
-1.16012664169161	1.01591907398757
-4.01957111035614	1.72991145987686
-0.41644655319438	0.173623085124818
-0.413874256905543	0.236259216806727
-0.168415949181166	0.0603482965151677
-0.354525819937872	0.101778275735803
0.146670376003709	0.0430346600388633
-0.735458723618684	0.250947808327744
-0.512741637694333	0.271612121363193
-0.11647548997383	0.0463257966118371
0.374343498860092	0.165966304255998
-0.977519929635187	0.970551099838958
0.638957549396462	0.577764934271921
-0.117469392811592	0.0968112069398446
0.268968654891342	0.240747903292323
0.717727322102829	0.730599628545245
-0.193888083202469	0.150502652174502
0.0539094774903019	0.0332575150963132
0.308248341020308	0.199785861509093
-1.05008907177183	0.847506160860181
-0.33881932522291	0.242245614031176
-0.612221809264318	0.503858912947015
-0.435532419276946	0.337238431876715
-0.115299065444508	0.083138905011948
-0.627165263123836	0.565311339605788
0.070286800969793	0.0476316827105321
-0.0366226797104048	0.0237332925992606
-0.132785071436479	0.0936175742263308
-1.15958920027502	1.01507161290559
-0.276713126779013	0.174482569507336
-0.41780539505111	0.239045143423714
0.054348844601043	0.0335403077431844
-0.257976036849783	0.130503579781651
-1.09690750777017	1.06252239381794
-0.230110767249048	0.150501075376378
0.186125267483864	0.149391097059564
-1.05181736592217	0.850509124812266
-0.135105207811825	0.0953339801668249
0.585195102475556	0.30181034100534
0.137179382173941	0.0657652421172998
-1.29133208294327	0.57526815180387
-0.807210764885536	0.539026930014253
-0.933538953483741	0.688795986596105
-1.18018852380733	0.658184004198548
0.0405492059959824	0.0235881767586881
-0.00323178181386891	0.00222732134151692
-0.154103177342728	0.105947891952646
-0.910206413206707	0.764585644199016
-1.26836444522545	1.3885114334275
-0.794994827543928	0.61368588409918
1.32061088525648	1.55218861667015
0.471401259740477	0.321413273775965
0.703907967465242	0.711806368856915
-0.792888105258084	0.813313928403715
-0.0777327385177198	0.0342298345396652
1.11587815628906	1.00446100437353
0.517754615983479	0.4495790837066
1.86875342343549	2.46224525545049
0.74244264063595	0.728042935483929
0.983165224155959	1.07996053598494
1.23029907784281	1.20259405601235
-0.427037168436029	0.370304516925297
1.11998882487239	1.00975660754585
-0.191722674615722	0.128942255412874
-0.585894051771754	0.430969638715497
1.11014562923461	0.995591881690047
-1.35089456928986	1.56443496175981
0.609554221316514	0.663973292734893
-0.115110612138407	0.045844206374042
-0.326976332150464	0.320285973502673
-1.23699177978913	1.62880425899797
-0.393427779346081	0.2729860228575
-0.415079104892675	0.237406368599871
-1.05186568435635	0.850231359255925
-0.622578216669894	0.298215924919649
1.31161763457028	0.562749823451238
-0.997445990548302	0.492050237382732
-0.0414812947725164	0.019802129233336
0.0240347059228268	0.0129994393124457
-0.00398846517342155	0.00212774686539521
-0.279517168407902	0.176529470899822
-0.935604194984721	0.691111991404516
0.182297238417247	0.136151986894051
0.465624708750784	0.532768136708379
-0.176343339065954	0.190603588149787
-0.395582649036428	0.49180649501243
-0.1740394823909	0.179831189891531
-0.454885351823945	0.553883596455945
0.177342643727839	0.150216128392886
-0.717329236203327	0.743838312065732
-0.0564045179512271	0.0355996703795212
-0.647573044643258	0.633484047340771
0.0531405359592013	0.0327780058583906
-0.410883810414824	0.234435865032873
-0.278041071309272	0.175645965550929
0.305955346458193	0.198004120646965
-0.604869167924619	0.496077741059107
-0.667236342844292	0.399443129893276
-0.389428081805347	0.269511419090275
0.467703844886896	0.3182469867351
-0.0402833582166176	0.0192440608910917
0.908563008286975	0.788660027951547
0.285493102043054	0.215211597861343
-0.0531739676200377	0.0583548389072436
-0.00437686356120308	0.00298994870966067
0.468434381766641	0.318707031787246
0.790582390389226	0.954439047770697
0.27177585984697	0.236219086865702
-0.516236661777142	0.556822239844744
0.0294357815331723	0.0256657343204336
0.33194469664284	0.325659357350877
-0.173462956371918	0.137080038305886
-0.000310235256730644	0.000228101151213531
-0.21984101380877	0.223236702194404
-0.0196686899114275	0.0130494922020381
-0.0863365226303098	0.0712402773680127
-0.501229403234832	0.379295587498033
0.601165967735024	0.454615589474287
-0.430934399518489	0.374281119511425
0.103675099900079	0.0791941891271485
-0.171085716280233	0.135045890045673
-0.309218478898901	0.344818216983001
-0.131314977445914	0.11865730356938
-0.71983760700566	0.747395028331562
-0.975800090157705	0.966951649832483
-0.86120245761368	0.932806432594371
0.782920871055803	1.11776944772834
0.622721310267777	0.683656555883936
-0.508677158448855	0.472184405295464
0.318724292050223	0.193337630788682
0.322601490912452	0.195757038921311
0.0159471563901753	0.0087168553276439
-0.500173068755801	0.378152079402588
-0.414509012672732	0.237018045294331
-0.337666713672527	0.241263091409346
-0.635268694612986	0.759849623210918
-0.643306971472545	0.628235523904529
-0.24263630276975	0.204735601063654
-0.434486097994587	0.378349047756299
0.0280390618391534	0.0284717603219899
0.185217541417853	0.162150851863836
0.786776370517276	0.744258317221814
0.147223917297623	0.0779172188079991
-0.666494180280904	0.398972318912422
-0.118870679253281	0.0473038498999803
-0.469219516887942	0.314822137638124
-0.230947892016283	0.150989417792033
-0.186597862942718	0.215042370533482
-0.0675273878594131	0.0632095782649348
-0.512428939937281	0.389831658810238
0.345706291824536	0.173004232681195
0.133409997727731	0.0640046948778424
-0.0123329101028764	0.00622479462210069
1.23012115948079	0.845119523814915
-0.19421231993959	0.105027722748279
-1.06130760453321	1.11997422092124
-0.917288212378043	1.18435648388241
-1.67619754072454	2.10871294071843
-0.582171423762977	0.574807828101138
0.000716984539857728	0.000374289765772102
0.0447271572227473	0.0260174448911694
0.67935777288552	0.591910788940648
0.0407153696864594	0.0237026177864653
1.3115144539126	1.68639795537374
0.0499801728146101	0.0308014305082661
-1.0484225217356	0.846803975990768
-0.0250659606353211	0.0165927076495317
0.112508352417264	0.0939151807293826
-0.367979911152282	0.434299667669285
-0.244608160666016	0.261382758414388
0.44008772841024	0.430317758618439
1.00504538731287	1.20727135348481
-0.978798247894957	0.972183766517123
-0.124228524623767	0.0871467840836519
0.122166707413324	0.105252914232809
-1.00158455899096	0.904040236889841
0.397047509713402	0.328362001474413
-0.458447668811019	0.306065761358139
-0.543466625545944	0.457306438278563
-0.0902972589369514	0.0747138206732717
-0.27329274952037	0.27088282523137
-0.860620935963393	1.06163535484272
0.644773912543236	0.689437971491107
-1.49911797872803	1.92318728884313
-0.116451009933983	0.0936262571062637
-0.176562402818559	0.139786227572552
0.339621005072011	0.334987389380897
0.471623845019025	0.321822379804452
0.641515919674011	0.685052313555911
-0.111337768258238	0.0801370235191616
-0.345617481932609	0.279520610580708
0.0429103888704668	0.024960196034402
-0.0760920922293158	0.0567663544922036
0.0405808885522784	0.0236287216694632
-0.197857297553316	0.107151707568245
-0.257842577691303	0.130425169669318
0.0668236428934544	0.0452432407208099
-0.245311217618231	0.207426018582227
-0.643371364069903	0.628507840074389
0.531623239794904	0.44140843637684
-0.434956171002853	0.378748784572174
-0.144870686476324	0.115632669035208
-0.912724628941616	0.767315572376638
-0.416430065095431	0.238094148826115
0.311657634423048	0.188519476766042
0.0709035685880977	0.0460696831043285
-1.55746750980629	1.50897480716475
-1.19189807763851	1.23356872761397
-1.04313192494267	0.410517747694466
0.392828505612146	0.324225661458333
0.854100167256994	0.631181768190074
0.298324169638611	0.216007806720789
0.168525883967457	0.103739729020111
-0.115255735525223	0.0684074802256553
0.558356641562133	0.555623064808497
-0.0254430868079123	0.0197643367335845
-0.114094008424327	0.0676841140242033
-0.0408226938537778	0.0264547091353626
0.286000516294395	0.215632649600532
0.0179323695224297	0.0129931592925435
-0.621050464864039	0.557436099638387
-0.170224986924238	0.0609594427437693
-0.976621610221603	0.969047801076542
-0.263193249308656	0.133276357796056
1.55507391974261	0.755498369683247
0.128673280033835	0.0484868522338571
-1.04974177728938	0.848669414267177
-2.30418064567315	1.15110792862376
0.990032178630315	0.812680446972754
-0.354815349846941	0.101888689175609
-0.23197785438725	0.0746812633614378
-2.0894625554263	0.944110632073379
-0.327160090725254	0.151011813168401
0.0625674912909952	0.0405591713022602
0.297506796059475	0.215237023877453
-0.0771352289692348	0.0575683117287454
0.641515919674011	0.685052313555911
-0.529098732632513	0.441649197919949
0.171508498971687	0.111839482151167
0.0143245397356059	0.00782893232087436
-2.25039044672171	1.90052227138341
-0.0226272911207533	0.0149893917084633
-0.150158542798971	0.0855708602362736
-0.211551297820196	0.180074816928742
-1.43736105745001	1.53993535215781
-0.564319457249687	0.517002046440212
-0.504449606324496	0.382350075789712
-0.581170313066966	0.426331358982424
-0.398119824572462	0.276872245008183
-0.194410521830445	0.168098536911668
0.279997016106214	0.219514689915604
-0.00876116423453203	0.00589253759119055
0.0386770753974204	0.0225401968076269
-0.326048905023856	0.150596459543627
-0.414502130353176	0.236913387649212
-0.394513775148484	0.313985504556992
-0.254336312730808	0.128522043568015
-0.226944411503185	0.148134888895244
-1.43118292520058	1.75110279848312
-0.271569432744301	0.170973375215229
-0.249526410671139	0.125867823958853
1.5163578806008	1.29441506877572
0.159249730618794	0.0915149901001866
0.593265925031885	0.306887193446899
0.12412218193265	0.053024250758687
-0.323478262143869	0.149164513688911
-0.794859306387213	0.613561899684346
-0.625058451397486	0.299570273058526
-1.69337605577332	0.953224222592698
0.302133218180329	0.207800377882281
-0.507804767338244	0.268072565537459
1.38949403789543	1.88826340311371
1.04750028143424	1.1117451577928
-0.342136529060764	0.245039950958255
-0.885001872246025	0.820437195343646
0.167540456575296	0.103162564365096
0.468660659963494	0.319048817601484
-0.465186571734629	0.311731364911784
-0.666573598108029	0.399015082280499
0.348754892447253	0.174472739683263
0.316574687790125	0.191487071213566
-0.481330461521386	0.411813329505756
0.0555095116573685	0.0342494977671052
0.1793395787894	0.123141752602559
-0.79506887856539	0.613886008033311
0.0667263288425643	0.0433063250008986
-0.346550755695994	0.248691072505576
-1.62157559094189	1.25763006317589
-0.152592585106989	0.104815776621002
-1.15815067196391	1.01224169059195
0.145402901254917	0.0769989609704564
-0.284108431251523	0.179844867800388
-0.50343844046503	0.265614691620681
3.63565166019344	1.42132833477826
-0.421405550621989	0.175887918722605
-1.11362033854268	0.769257563584956
-1.23500566731903	0.937800675741369
-0.554365105632593	0.354315254804399
0.341466140633817	0.170494371879831
-0.401214275733882	0.32025905979026
-0.631273371092091	0.570047161535288
-0.49424939477129	0.500255675962788
-0.0831159725743894	0.0365472417995258
-0.278896104958236	0.277591769772381
0.565410558794911	0.565354019406116
0.442479592084815	0.433363046400011
0.00717025597928692	0.00500589064921386
-0.222094396255308	0.190434704875858
0.0249914626291089	0.0180871644427852
-0.879107765994395	0.888656066295233
-0.412001071945379	0.235266861901049
-0.260648305016715	0.195705810313006
-0.196294970020185	0.132334554925023
0.179232159334371	0.133577608582831
0.160174953284781	0.0922117726493572
0.298078089683001	0.215695209934679
1.0052861955718	1.51799591148778
-0.792059796163783	0.610382958756758
0.666402978028361	0.691461966565112
-0.19691549402295	0.153123984805396
0.480670463636562	0.524621423604585
-0.347420309699726	0.28114910506114
-0.0825267981070714	0.0506315819860079
0.00609522301936004	0.00456324493275758
0.349434328202853	0.326542477574479
0.611759069169919	0.751127302205503
0.375285955836367	0.31977185625182
0.79064904472582	0.750192284254521
0.541382224963465	0.554931725785064
0.78366209089265	0.619225470348675
-0.111859539595027	0.0663370183930769
0.144640697621443	0.0425017414545061
0.425167304475746	0.167813808376943
-0.935081579839805	0.688780752388764
-0.536892625271128	0.201634766838871
-0.16684564485734	0.0597373941238438
2.10345763612533	0.92603048253316
-0.354525819937872	0.101778275735803
-0.164399596828408	0.0589021623891461
0.657864503304789	0.206616146564203
-0.974894464403886	0.966648372737103
0.922446902583028	1.04013953942246
0.748055881659225	0.735607076896643
0.684643851245511	0.597880920298103
-0.150229926262494	0.0856319594204514
0.0900959879644034	0.0662120418600397
0.194785170957867	0.166884456729549
-0.0541823500640441	0.0341913137795883
0.788483258441146	0.951454197249392
0.542667470121831	0.556696181308117
0.179291552702623	0.123051257842236
-0.0457755146910278	0.0296732692717621
-0.0227775282577227	0.0153137584088716
-0.00406818663339629	0.00278518121965544
-0.333559132086812	0.237701411248392
-1.13834462255541	1.51442088658617
-0.398236881828944	0.276920889503935
-0.890924577016083	0.828245801139032
-0.908839083896108	0.7626996037169
0.0507709492440091	0.0313200007130396
0.31632657427915	0.191343268432804
-0.328214617534578	0.151475672609922
-0.409531262265257	0.233462930511409
-0.682618995451996	0.482456018989481
-0.076126295516662	0.03353476597524
-0.13392370586739	0.0944563196088778
-0.797654394742201	0.757981302070081
-0.0752824462352309	0.04609311110759
0.318386647695314	0.193028623235694
-1.27738410698627	1.4043768780509
-0.792617263209445	0.34408015271057
-0.58037352618503	0.425793898484311
-0.0293718863449556	0.0194409514358606
-0.580620124510367	0.425979106609268
-0.696761532836445	0.558387048899493
0.16652393431622	0.102499942088127
-0.33452363592845	0.202623219189602
-0.198315831819551	0.133817914036578
0.050922898932116	0.031402178491101
0.174478898887527	0.119526023585842
-0.58021500110832	0.425204899299597
-0.478763227493445	0.409178780179619
-0.322547079957888	0.148706106595297
-0.509799820639049	0.26958161629009
-0.441672836718507	0.34322512307059
-0.912744276800178	0.767613233541498
-0.696602137969475	0.558070892181056
-0.0415805881681044	0.0198524123782302
-0.113290186345342	0.0816216920654269
0.7577547822144	0.844836430079313
-0.138279296471221	0.0977332114510945
0.27472135635627	0.223261961140964
0.0182430800483528	0.00994276685085119
-0.78894265919123	0.807659679598881
0.312808201954568	0.189163245111731
0.123890289984819	0.0467338918733295
-0.892378782053456	0.8298949151991
-0.0376271332975909	0.0243703513278402
0.169373429700044	0.120797852747646
-0.796534893484067	0.690046832538151
-0.343252655349133	0.277123307840255
-0.881972206536018	0.89316139913105
-0.0530262179037416	0.0334335832749275
-0.134195400775852	0.094665066567581
0.0630992128222637	0.0409270320040539
-0.788863867421843	0.746238311378032
-0.201908320704831	0.109411173828773
0.0225429670848184	0.0122225751225538
0.122772172969309	0.0463243447906764
-1.83470480543889	0.742065970342523
1.25452861669874	0.678646191070122
-0.538169446885037	0.20211193569765
-0.681334641091773	0.482229858504276
1.873261995847	2.06933075325221
-0.136875015070506	0.0966824481071749
0.15607014573492	0.0896744951713405
-0.164291943438495	0.113514486877806
-0.195631289260775	0.152022861120629
0.131850096082115	0.0496765164754003
0.509743925089885	0.440666599820445
-0.0174813933226602	0.0137518673210523
0.0187767164463477	0.0135994232015355
0.64418479951465	0.687834059811431
0.181925052949285	0.145659082833435
-0.947049958647655	1.09173216075745
-0.0869451915303961	0.0635916374186544
-0.107374423533417	0.0771301231534563
-0.533032809294088	0.531979931056619
0.078454189007569	0.0554043051513662
-0.0998850207177322	0.0831596532324295
0.277560785485592	0.225896039690156
-0.790592817767836	0.81032271621778
0.54514745424574	0.559751466479378
-0.0103829384048552	0.00698174310462081
0.273038550358666	0.244958419858617
-0.0880686502907696	0.0644546211933472
0.267673820707864	0.216518097440655
-0.49463563491993	0.500601800159713
0.320954789415701	0.194661386829816
-0.0573612804840653	0.0361868195301951
-0.646908326955648	0.632749730556748
-0.34177985760058	0.275767738467788
1.0465573597421	0.496941985086031
-3.76558584887962	1.48443010453042
-1.05050652459443	0.414019102141552
-0.355401168227563	0.102014834884787
-0.746717249463686	0.255040079048345
0.146332921310034	0.0429416898033695
0.15963091503218	0.0399802605532864
-0.628867026021838	0.151670609188118
-0.63185471444008	0.152466960619287
0.155773578887803	0.0895653512016813
0.162616704631566	0.0999906967790911
0.0691023575037941	0.0448587896402282
0.366142382996429	0.334512136981229
0.492623115813721	0.441837065716852
0.709473620106239	0.983568025712106
0.169503182524926	0.125657862477598
0.744711776357785	0.731100878348083
-0.309078105909631	0.254207227046843
1.22971039948987	1.74633409452427
-0.79579885061031	0.98645211109736
0.544088067471427	0.558617942508265
1.02732095406153	1.33890730652533
-0.565319891806659	0.607443719283877
-0.709966713301374	0.683528338580449
-0.808161779852685	0.539394243891341
-1.0995359612741	1.06633210629072
-0.422770992330783	0.40216240142756
-0.194390813666024	0.130972651873932
0.153313429218754	0.0880923468426154
0.0786856643525638	0.0534877330849446
-0.627003274611623	0.300529188364514
-0.502941865430601	0.380916258360768
-0.337855626874415	0.241146229296566
-0.0647994520234955	0.0409527107585465
0.164779587303086	0.101233823132133
0.360735801243092	0.328503396574747
-0.231368234921527	0.151409097541389
-0.291140576511788	0.212993432778719
-0.538958025723476	0.452650490842562
-0.057692834813569	0.0364300187610396
0.883922316753354	0.902010177405795
-0.150823059947323	0.0859681573037223
-0.289804975657503	0.211895132711597
-0.583551295318697	0.428748333673058
-0.29070457426794	0.212690737825511
-0.506582810034895	0.38394491274782
0.181550664732554	0.145309293229932
0.586307999278674	0.568376297502639
-0.388486128443064	0.342563039548798
-1.35720332828885	1.36986050402272
-1.94163695514687	1.92385922350027
-0.606435842307408	0.497815130929421
-0.808556639419539	0.539677917296508
-0.736586565970025	0.251242066595204
-0.629763239673253	0.152058330338803
-0.628030265547787	0.151499678636842
-0.32945600647168	0.152097548323583
-1.6538904050115	1.71233394566513
0.493080315730739	0.311182140995918
-0.790037621064052	0.681799898620975
-0.0222475453699465	0.0147376103409311
0.843599332584992	0.619934384575663
0.464060142781296	0.315590732037689
0.178925642492033	0.122764585770379
-0.387129918567945	0.306722660062887
0.788244853572852	0.852883489131743
1.43285905731437	1.62261798052194
0.128409991510058	0.0483828350789698
0.314940252836952	0.190368277604811
0.424146963770965	0.322338522841563
-1.7547107952328	2.66608144766327
-0.886821378616299	0.823223337341137
-0.113382005899113	0.0932030139406669
-0.688692260868276	0.488479313087979
-0.78873939795176	0.341991104298643
-0.196573761048743	0.106396158309163
1.45078261646269	0.478218161496633
3.63395648950567	1.42026036401428
0.162125356869158	0.0404960611383205
0.126016999697019	0.0475222354259138
-1.51227685112488	0.76213256545427
-0.281420751277754	0.177935772540037
0.151017216852493	0.0800586005958577
1.3379680848521	1.41378186664443
0.843477793330029	0.768675793160301
-0.662154855715363	0.395348293665247
-0.13062779374088	0.0919916892656062
0.343602177098733	0.330039419410663
-0.793693535607935	0.873261886683712
-0.39407176991513	0.273502268310341
-0.253439198982013	0.189513724385569
0.677116490504492	0.879997399700041
-0.389711993221404	0.375255636370335
0.112878156199195	0.094315326815643
-0.573643625057893	0.65103500793589
-0.347635581095097	0.35965363566069
0.023763570493445	0.0206635212819698
0.48231252321791	0.610814385205321
0.308292556834909	0.357884066752434
-0.183049769837704	0.16096058456251
0.0334542977410445	0.0251050031019641
-0.2167539482062	0.20319557733404
0.0778179685472921	0.0549212321979079
-0.129957866415779	0.117257757536665
0.0307621046965635	0.0237727022825371
1.43305964887332	2.19005882594022
-0.0403572320028133	0.02614994928229
-0.105914912642101	0.0626658117338913
0.279353156482761	0.227552398948118
-0.872631243323637	0.87996378021955
0.34311448076995	0.171455186153062
2.75580772001712	0.763760469153332
0.154465593370314	0.0289479903375428
-1.29145315181805	0.575466227441089
-0.969387244041332	0.598345544931514
-0.53874057789979	0.202401825815006
0.16045117802105	0.0401558290866076
-0.628733247343677	0.151688343674084
0.159402290839324	0.0399177124259514
-1.52926336424741	0.543358625626883
-0.539661343528338	0.202765677037844
-0.278988467414697	0.176303241109482
0.409043557386541	0.324893837066839
0.377665423596234	0.322307371018964
-0.0700881468718404	0.0521400346998999
-0.176790200803943	0.154808581491335
0.181544311422401	0.140508446377627
0.189622443569991	0.166536330172941
-0.24580433766023	0.229762114339887
-0.745598428763062	1.06640054461573
0.24748521378298	0.236886521272028
0.351897599533685	0.329287663436075
0.609091758840379	0.663205447868742
-1.55055549405879	2.30098094663974
-0.235032942384127	0.154019698366053
0.18279890831752	0.125664785137524
-0.910436934910763	0.765234087816427
-0.159078621346422	0.109661168726754
-0.301018218775017	0.246419773550936
-0.304742362784011	0.250094898390395
-0.803002535873183	0.534746107560948
-0.707692304889324	0.680163443689481
-0.291285888610686	0.213196211875048
-0.334423676860781	0.202382143752587
-0.274350863956213	0.172965259719366
-1.18054210061732	0.657967863762949
-0.0156432053755104	0.00782428705905697
-0.425893135232941	0.440212109596827
-0.802479748401002	0.621431795625185
-0.795545262138231	0.688706240683698
-0.190048988036076	0.147173403115844
-0.0000697838556988259	0.000139099118017846
-0.11238341406436	0.0808900881371879
-0.786285484359973	0.340832261518803
-1.10497831886242	1.07451265214239
-0.433523460728382	0.377191195523889
-0.35873828849713	0.374215789623403
-0.0796858688486884	0.0488555103531525
0.360735801243092	0.328503396574747
0.531053877386271	0.627438973301384
-0.156826533135103	0.152323360701819
-0.194746539249437	0.151258229086363
-0.967268935571357	1.30048019888518
-0.791708514054291	0.343534455185817
-1.52896155531942	0.543366808154917
-0.199396006061114	0.107912996888029
-0.258843622324908	0.194201415024262
-0.437770888043223	0.339426356283716
0.181452920182979	0.135425901507918
-0.80637884981098	0.538468611294569
0.311340773314583	0.202076836524228
0.870444809021061	1.00562192513524
-0.92353688744391	1.12573763370941
0.854741364459933	0.782784196103505
0.669265122080219	0.695691659693942
-0.160347138522879	0.110608850259407
-0.514370928108456	0.272673781181
-0.0412478285775713	0.0196937600564339
-1.46195763216704	1.32232926422355
-0.192963573530927	0.149651803939648
0.486646431061562	0.533439615934243
-1.10164776696325	1.06871509530544
-1.34969312085449	1.1221158450518
-0.414794033895136	0.237220876211828
1.44839669376933	0.477459847846965
-0.164617091753635	0.0589578036604211
0.151167757898976	0.0802417024282859
-0.0376178021755157	0.024373836739256
-0.00670075027367513	0.00452474407434507
-0.873630293947323	0.881472715021904
-0.102147169516072	0.0851707730000757
0.0725826751150058	0.0471616894167025
0.187403552247135	0.150491774815347
-0.511928402152675	0.389305766621648
0.0731427949909447	0.0661787067835439
-0.203775282361444	0.193418505932628
0.695970931807015	0.983467795104173
0.0106033630510898	0.00876621867252514
-0.29699523875703	0.292305893432305
-0.182106930568954	0.197876788692006
-0.474688531434698	0.63981759538349
-0.269451669040703	0.249567854746587
-0.178777886943199	0.156706207176135
0.310043571405705	0.346235466925295
-0.0803871306194728	0.0674047476713928
-0.507330786197597	0.384811778811453
0.365315326126243	0.33340081522177
0.398192045041903	0.329494474077962
0.406431351366584	0.427348394283396
0.0975339202368507	0.0719394022268696
0.456329546440623	0.434694427972851
0.328644468897194	0.182252308368565
-0.540535155657004	0.454041127470349
0.0488068351960834	0.0301158761942923
-0.55922228542733	0.35832834752365
0.669294093430786	0.307879355796411
-1.10533398757211	0.760768896049564
0.127476057735319	0.0544213820391125
-0.236295434458238	0.0760318807121589
-0.78537681039936	0.340290544519683
-0.16650099284086	0.0596001915892432
-0.628733247343677	0.151688343674084
-1.29503373562381	0.577267948395295
-1.18678285032494	0.662835235719457
-1.1414839653338	0.344622990730584
1.8166310232947	0.704051562387115
3.63331351050508	1.42008896661082
1.81574571371452	0.703837629137609
0.146922191196889	0.0431076767472804
-0.120436689899838	0.0478987092728061
-0.297857036792757	0.218693197710712
0.102971297125373	0.0786606262112354
0.541093592516991	0.451619918220119
-0.354510606362811	0.317274805760418
0.711762163715127	0.806971660545124
0.272567924629617	0.221132571325448
0.115317096258544	0.0940160267980947
-0.913761211529541	1.17658840090222
0.444480092364085	0.527457803085131
0.123066563860683	0.110988040025873
-0.0106925705518168	0.00849164217970345
0.620358595755734	0.680180855119487
-0.511579620773778	0.475555478613673
0.786683484617795	1.04003008606607
-0.0389692514644836	0.0298507473830373
-0.312582436762926	0.257707941168662
-0.504274054498417	0.539383151291987
0.293660041919063	0.222287109277659
-0.166254933845206	0.115016622986457
-0.54792343586665	0.349312685864934
0.605472911737	0.458765542594883
-1.11494910137753	0.769946910267321
-0.785649762820947	0.676478617164831
-0.53421569415125	0.447472448293893
-0.909492264832145	0.764290061512426
0.0532002732046014	0.0328108509536224
-0.510199269022023	0.473939765427995
-0.0711386996043325	0.0529495817456996
-0.168625740733127	0.132913364973837
-0.518344670592667	0.483743931817794
-0.455515423942082	0.521784364458593
-0.796513454437097	0.933446039086882
-0.228760790821138	0.175137060532703
-0.415790031813551	0.426675685227564
-0.463163835219373	0.435625786685727
0.051935664312435	0.0415544427306642
-0.337850273747367	0.271885349335241
-0.0828663178916206	0.060467968011412
-1.23032539934489	1.6155227958059
-0.46614015263495	0.312523989311675
-0.787063689090497	0.805125827113144
-0.802503810348456	0.534149689960156
-0.3385899828098	0.205436079519457
0.658741078701816	0.207014004441108
-1.18646093927296	0.662551325409641
-0.737411368529038	0.251647475713659
-0.789386763625026	0.34250460133574
1.04424975463849	0.495554192271584
-1.35031916165367	1.56397853994659
-0.343601321074174	0.246163369340392
-0.535244115747283	0.448440513344762
-1.01271975389577	0.918835484740991
0.18075561106421	0.129659521354292
-0.386935269482578	0.306666691478326
-0.127826327679102	0.0898744215380707
0.0110493084778039	0.00767463373374985
-0.111645190814773	0.0661947934695975
0.145739797715845	0.0772582828577757
-0.877893783882504	0.887543403399876
-0.677745570878561	0.80372700509342
-0.113940536103998	0.0453592768616862
-0.233964530152622	0.0753172914260115
-1.0036817951782	0.496273719320379
-0.255651410650467	0.129235174416914
0.15525577198542	0.0892231019109055
-0.891748733235006	0.829707177228676
-1.3464373731356	1.55572352728014
-0.193021946438222	0.129976394121332
-0.467401012299155	0.313551432449317
-0.355394630173918	0.102015543768339
0.129145074812062	0.055158061871462
0.133996449912583	0.0642672858724856
-0.783439132346053	0.799172692075817
-0.0750239024142148	0.0459358211389332
-1.08183644492605	1.58617471518554
0.756222425802338	0.931374931765809
-0.0767466206870801	0.0572624200931848
-0.0442428006268141	0.0339514193243735
-0.151847880531657	0.121734741006522
-0.225514450418471	0.147189986789013
0.0793572192630268	0.0539475560337038
0.649540497841556	0.590704452085024
-0.873129481963019	0.880540821119992
-0.203463437448576	0.158748133845139
-1.61356220306244	1.24704345601926
-0.299087957906607	0.21966249425821
-0.0857771969951242	0.052658362957457
-0.16719037374262	0.0598638290738506
-0.681500036243231	0.482149338138177
-0.54987563020739	0.350797842998895
-0.165088554277847	0.0591488725692337
3.26284822825054	1.10169382604423
-0.359141638818634	0.103112871302961
-0.740148737877288	0.252718341140933
1.44839669376933	0.477459847846965
-0.63185471444008	0.152466960619287
1.31161763457028	0.562749823451238
2.09682127519349	0.921775526445784
-0.628599509856641	0.151612619227975
-2.57660997484294	0.657538252319339
0.513331621229635	0.180931780396043
-0.237437039825944	0.0763599123457812
0.47112968972719	0.321199005965058
-0.250832817378366	0.126558034419456
0.515268369850594	0.446487954648007
0.323398809157708	0.179039787542457
-0.201908320704831	0.109411173828773
-0.25623784972197	0.129559211249805
0.4468821688663	0.323165603895982
-0.194905140224746	0.151397161804078
-0.1900291042904	0.127782496283482
1.23018208852734	1.49122498479361
0.166148668833391	0.10226442081252
-0.534892152440117	0.447947593504623
0.837069908666676	0.883478132985036
0.491341274512755	0.440584181429217
-0.566500210954293	0.519586615355022
0.16387223242765	0.100714715936118
0.859426660024238	0.635433757910586
0.939312558246976	0.634158630495381
1.23258063025278	1.03824602787529
-0.194468842794236	0.105218837180181
-0.0416789582507194	0.0198964522100546
-0.35262379016767	0.101278913820777
-0.50774915807985	0.268437249371543
-0.667649818521345	0.399460839061927
-0.194468842794236	0.105218837180181
0.021337456982841	0.0115778259174025
1.08748911048502	0.82110841473511
-0.190861014738116	0.128379925246207
-0.60184100274089	0.49286759271067
-1.18742686080635	0.663256194109459
-0.418365309512863	0.174458184135551
-1.05724215965329	1.11298502839874
-0.267707734295457	0.222169570649008
-0.233190293594126	0.152743122995007
-0.225435981339165	0.17231509585146
0.312694238679329	0.203170252272208
0.148799692505379	0.0788938454794797
-0.392140227786982	0.271722108489599
-0.868077497953123	0.943590217870353
-0.274947257938665	0.1734501068643
-0.586037055074124	0.430773334299465
-0.249819153584583	0.126027853759587
-0.41384772734093	0.172298744979278
1.02271178737872	0.381316878019672
-1.82841297073294	0.73863065228361
-0.232326150568762	0.0747848072087388
-2.57669595250488	0.657559862268914
-0.128750337795196	0.051162406178858
-2.7975454244083	1.87373026240332
0.425437599770887	0.323621594824364
-0.681936863696832	0.481885452772041
-0.223744870382038	0.170812845706618
-1.04815836467257	0.845745285363039
-0.248836430877323	0.125430776811088
-0.251778784110575	0.127025456600833
-1.11303614198509	0.768601155493804
-0.394158054931341	0.31355469448149
-0.325918106206965	0.150477940797154
-0.68191298825001	0.482422863042075
-1.85542204303444	1.16184378502526
-1.35615744758991	1.12961516374251
-1.83199158756097	0.740532814070127
-0.625058451397486	0.299570273058526
-0.907076335194247	0.760164976155476
-0.422595670938021	0.401956162792556
0.0583159750807536	0.0359979686348254
0.0229509481837813	0.0166102461986298
-0.320569272954834	0.147724208515519
-0.0835652385425866	0.0512689811053622
-0.700497863320094	0.618790756617573
0.26293322712414	0.254541839491662
-0.0533652802716968	0.0402982677153172
-0.386357491891944	0.400045795571379
0.959495418079036	1.39138232767909
0.842735641662642	1.2644998809505
-0.0785033893387364	0.065756668046381
-0.696226619712782	0.954526797476277
0.279462958023042	0.236062479832628
-0.253660272593929	0.215576217553414
-0.740138756404957	0.923425419354631
-0.154173661869331	0.135907175740669
-0.714595031405216	0.689110665245741
-0.0733686115661301	0.054666023549701
-0.903595063707859	0.756920839713239
-0.393197730330471	0.312562975920593
-0.414916504285137	0.173010164636834
0.131244557787275	0.0436234987478517
-1.29376133697956	0.576703831793288
-0.35569023027487	0.10209347470967
-0.241543381848446	0.0777055848228126
1.81456677210567	0.703082758766755
-1.79839614394125	0.382877807711208
-0.361007698107013	0.103612301866993
-3.08542618523242	0.949198094742557
-0.358848207258787	0.103009197892419
-0.934374435500888	0.689421479525533
-0.341703676940171	0.244609145544623
0.17419002504875	0.11923944153176
0.512509769567573	0.443677589457041
0.0491242357070799	0.0303000683350439
0.438373229747423	0.428310069748606
0.00339279912556332	0.00242343609708109
0.065801036692188	0.0445391127215603
-0.350135114027631	0.312556466096301
0.185462422731996	0.153500226544368
-0.178373782720431	0.156337088494417
-0.00774494147863591	0.00521561745247141
-0.341103627438012	0.244063080797924
-1.05811293093177	1.61675680111975
0.472903127777571	0.437617442214293
1.15835378523457	1.66982017963489
1.03383643949114	0.982442726077166
-0.982445368888515	0.977223249628174
-1.05055989885349	0.849658631090647
-0.153480922945709	0.105482684505664
0.0186314172055352	0.0101256680450167
-0.30131931448549	0.22162297306459
-0.279259309701915	0.176484702235211
-0.167053924537954	0.131538532191362
-0.509807074126016	0.473545873984834
-0.0928234635299405	0.0769081082028796
-0.038118497699813	0.0246977481026276
-0.39022064138994	0.37578474238074
-0.192032997903761	0.103683598183045
-0.254236997868941	0.190246197552819
-0.263378088581734	0.198046653087328
-0.841662519065344	1.1983616538551
0.923612640530338	1.0419105437434
-0.715795262197985	0.741694839966488
0.715062085528002	0.726793857387167
-1.34928164670284	1.35762858024007
-0.397856327583094	0.276650056299559
-1.07427010065434	1.36457400252004
-0.439117164096757	0.340684560911446
0.308115764478742	0.19967495610549
-0.933952343986638	0.689527663641521
-0.238130718624198	0.0765764115230572
-1.18672350124047	0.663401681232355
-0.539884754000364	0.202777184376746
-0.258548809094942	0.130748653622353
-1.06231652165473	1.12182568827227
-0.800295394856921	0.619532719265725
0.040212352207978	0.0234143118633946
-0.443464725686949	0.344980591151592
-0.513443917605099	0.271835615590136
-0.603553754120049	0.494896377103405
-0.279199632448544	0.233604161617874
0.18076181773641	0.153511685773913
-0.391302274199708	0.271201796063898
-0.603762208632528	0.639853375401566
0.488143371670249	0.535652084200481
-0.356258191885061	0.416669451657528
0.126882844403649	0.112203154492639
-0.000763241211137633	0.000594334827094714
-0.534921867015065	0.534616553585232
-0.00784969116918533	0.00704798564490027
-0.585857524124528	0.700737432516993
-0.390065944198598	0.309697094063087
-0.30417328638375	0.249500400562299
-0.318439598330884	0.287782473018765
0.665390960448703	0.791673045439078
-0.549233190874087	0.584298180253863
-0.653073665679817	0.683736262219229
0.424773444697622	0.322995533018012
-0.0800546806448139	0.0598239106707012
-0.341917443684274	0.275894156752389
-0.800143737379883	0.619070479783969
-0.631994988626399	0.152498044571477
-0.506544694815059	0.267664159860772
-3.76529646610535	1.48477662035046
-1.14111344283696	0.344497381350969
-0.53874057789979	0.202401825815006
-0.741510950758259	0.253188727186893
-1.1414839653338	0.344622990730584
-0.53907450089156	0.452734958125467
0.499249731497428	0.449492770322745
0.0805600492098627	0.0569357512396784
0.269264131290193	0.241031905776411
0.184189264172198	0.156837208344288
-0.0449669186646865	0.0345050606511895
-0.726159856669937	0.805817149415252
0.609455004040449	0.747485308039362
-0.0422380554911467	0.0323852612520786
-0.218538183990896	0.186887945618443
0.652152858818987	0.593766880451955
0.270911812579817	0.242628610463552
0.266435576712713	0.245184038965899
0.90622478537614	1.13925147084678
-0.349702360424873	0.283425690469477
-0.723453917955007	0.75281552224878
-0.0384129248591184	0.0294195008171668
-0.62940100286291	0.567705526068565
-0.468599017900132	0.314466384095898
-0.446973406215853	0.34821488529929
0.141371700745332	0.0678570677932426
-0.107943765108953	0.0884191352366452
-0.393692185777172	0.313140734701176
-0.504432615713519	0.266449580555752
-0.638417433709967	0.621867352242021
-0.277916463292387	0.175548045147424
0.0352062361477659	0.0204763606237944
-0.162193976735242	0.111984817024829
-0.456907343263751	0.467065222493575
-0.242705528903393	0.204847081783275
-0.162327696215716	0.127436066131182
-0.436123695840698	0.380106419915733
-0.873977652943093	0.881745467487165
-2.28660792361548	2.85009491310264
-0.418070834558539	0.239328098644353
-0.348774908479285	0.311058359230018
-0.425382383165685	0.405317023784264
-0.393151828178266	0.347480138260342
-0.783435308467718	0.738748704037144
-0.627819111116895	0.566095061823366
-0.51808253720261	0.274732426103102
0.805467397708516	0.331643487494376
-0.630681817839386	0.302659816987444
0.49928657342869	0.316122362335641
-0.236295434458238	0.0760318807121589
1.55394444395621	0.754362102160042
0.325709939658946	0.180588141750945
-0.977583598952346	0.969768077418561
-0.80244729451591	0.62083024878082
-0.385989614565058	0.33987711593994
-0.871665229004989	0.949541485199922
0.299531936333386	0.217029099741574
-0.339494157971959	0.205790480645171
-0.514230083120047	0.478871755822234
-0.864824093901293	1.00493924409832
0.0953029190430183	0.0701960566571641
-0.00000984485131670876	0.000104070157966302
-0.793309461652516	1.08461966559799
-0.567380728703578	0.520665890397802
-0.192696329551762	0.149483767321224
-0.518055940268253	0.559461704061935
-0.604003322470099	0.495166295072789
-0.93780017439962	1.07613156507421
-0.164625034535853	0.113782140100144
-0.483314755457491	0.414066691305903
-0.175494307320699	0.153493836206788
0.173204067608352	0.123819401718005
-0.338743635545972	0.272761874752341
-0.280463393881999	0.177325509888157
-1.43143248893467	1.75136708214772
-0.444430842024308	0.345902635275462
-0.336612831105248	0.203921472724513
1.44899109330448	0.477667123734845
0.13125430574639	0.0494561793802337
-3.76137421922742	1.48226291907169
-0.260667866653525	0.13190779222784
-0.0528952981782688	0.0333710746999782
-0.881012586103631	0.814505147067377
-0.0813573908540327	0.0498897739753986
-0.0940783329786142	0.0690240610316206
0.0863874952136187	0.0612073655319756
0.425138384787894	0.439364423427002
-0.656299556667448	0.688068624094317
-0.222134339576131	0.169470324505734
-0.535620325066199	0.448945556060663
0.399974012191468	0.430295596556254
-0.0664746826525021	0.0493645646201823
0.614916720915676	0.578306383109163
0.481572557746077	0.526064802450479
-0.308166389708664	0.253387594236455
-0.413485532970394	0.236002032317877
0.0324992679339114	0.0189436397539791
-0.657360324158749	0.689526454048247
-1.18949475595916	1.22962836591663
-0.873122050511763	0.951822722421268
-0.503186808368642	0.380978357788498
-0.66720984762383	0.399077078695013
-0.390711866539424	0.270678542529297
-0.196022653221078	0.132082720079342
-0.50260316361733	0.380636570313678
0.985963344376786	1.08368738815054
-1.21509469016845	1.43348958861754
-0.691520815409409	0.552264913407701
-0.0815022767722281	0.0358450288535273
-0.00888273484768871	0.00447286745327565
-0.39721155213935	0.276117565101298
0.0140459162877917	0.010201378444211
-0.202278703578508	0.157740799767302
-0.608583837253292	0.500264909668335
-1.00556756079006	0.909474470158841
-1.13552170688907	1.50962902189414
0.144640697621443	0.0425017414545061
-0.359435145573547	0.103170722743079
3.9275816800867	1.70263786398349
0.344507335808554	0.172008714040102
-0.789530930804051	0.342214789279307
0.512948788838409	0.180923723722652
-0.0386515889751584	0.0184773729346687
-1.84551041744563	1.69836615336374
-0.395514512848902	0.274498893096973
0.133759541419869	0.0570900875763627
-0.112285462179762	0.0665814776920727
-0.39045041560166	0.270374864426051
-0.797874914579277	0.346669204715146
-0.689173938438029	0.902403985584459
0.0708300548225903	0.062726617707495
-0.662018900078644	0.737576479381799
0.430442459857878	0.432452558127516
0.160568688004601	0.0924510879323801
0.0781458367160933	0.0531121278910002
0.280371888117842	0.228523449132045
-0.226455322202379	0.226390707105988
0.952327612005317	1.56381968792671
-0.219846689856729	0.206593966203245
-0.430105625060029	0.373664484738925
-0.739044493473479	0.921766895568526
-0.283056885504551	0.237302963064511
-0.585770446692337	0.579560703401043
-0.692824203150816	0.553941488971296
0.300765504173017	0.206549613145655
-1.04290235412753	0.410559570501728
-0.24396241988634	0.0905448541752557
0.159845708452727	0.0920004598362662
-2.08911637827436	0.943898849288905
-1.85095918962783	1.15770397029914
0.529877017865922	0.305507036265907
0.0111706653706762	0.00775274324408913
-0.0235119200606571	0.0155728796329655
-0.127537037007285	0.103314576157292
0.871437779254693	1.00716614809879
-0.241905337077607	0.2255536440823
-1.15434791323196	1.67660553432001
0.582685364803658	0.563874958856807
-0.787969109332891	0.864537253228496
0.348132285332595	0.335425727414814
-0.35748750450117	0.372652602863134
0.0900742299472006	0.0661844562502191
-0.935646659918579	1.07242933763557
0.56240122401545	0.561217872401548
0.792880013120173	1.05169040892662
-0.00411475497313955	0.00281227386921361
-0.586756081213533	0.580959573595193
-0.585771002897243	0.430752085580982
-0.857333076124094	1.05576715319743
-0.24881511279065	0.185580678828201
-0.39301843570542	0.312537349814132
-0.33720600556325	0.240899879595851
-0.0824329771434777	0.0505546351861997
0.155320519649852	0.0892560489795837
-0.555656001568119	0.354877912925886
-0.795744965636208	0.614439147616388
1.04474312238019	1.10704523687592
-0.0153124873800302	0.00768041868229074
-0.257124072414432	0.192690675363987
-0.384144010205924	0.303705715846827
0.182529799581041	0.131096766613517
0.989685944983307	0.811338550089535
-1.52456406609571	1.73124456236768
-0.296913403693987	0.217958819123111
-1.19255651785753	1.23471386373035
-0.735878945676467	0.9159584984589
-0.487600305040058	0.41854221791048
-1.25830454369841	1.18378773954023
-0.670511586141742	0.401587305708006
-0.50949754401803	0.269378877411908
-0.416721433130721	0.173542959977968
-0.0837714858568713	0.036826461791316
-0.0416391252844105	0.0198752083053186
-0.0738264848309772	0.0325273192751293
-0.790916302671033	0.749078792260045
-0.339618197601778	0.205991071916706
-0.477480904373765	0.407687455728559
-0.00725977897401945	0.00489247615419345
0.600496023365213	0.453923024560675
-0.792025300563049	0.812427577977597
-1.29145315181805	0.575466227441089
-0.199434448125791	0.1730390614853
-0.011379041317468	0.00763597699414082
-0.0121017558237248	0.00961470356092746
1.34134439638519	2.21352307819003
-0.165327886000454	0.114302567800711
-0.399027596358325	0.277588620154211
-0.354580810085445	0.317299242161138
0.346389273130771	0.333399341973198
-0.187576914102516	0.192680812019171
-0.152386791781919	0.134151854590092
0.721295823680218	1.07769011578505
-0.184499608571004	0.176245595312684
0.0705391098373145	0.0478144984915249
-0.917865683013679	1.18548727169935
-1.00953979890074	1.22207918582399
-0.0774310000255217	0.0341007322353275
-2.00626590055143	1.40094568363195
-1.29790303333427	0.579341243572057
-0.93463653899508	0.690250845225265
1.32249201754659	1.55472643196942
-0.112907978024297	0.0813322819227386
0.366901370564593	0.323341486060747
0.120466217631496	0.101152046861109
-0.21126417600589	0.197055419520325
0.0213670576585382	0.0160268900810284
-0.875554781714708	1.34187176029315
0.487162221320266	0.435723839069044
-0.481138116733709	0.411664949737864
0.443356553982443	0.434402169927198
-0.58716001640991	0.581458085265303
0.185095634067047	0.153146363236182
-0.114890981130666	0.0681913537949954
0.613506330192345	0.57660762685323
0.4253329175572	0.426200539153618
-0.05669768032714	0.0428686672643259
-0.461673734357355	0.433889707675301
-0.0336024894162407	0.0217583584969297
-1.10360031915425	1.07252979796836
-1.05976151991204	1.11765510530972
0.186206432325965	0.139267003375748
-0.395670096596048	0.274809745180008
-0.242006593346419	0.225543738067814
-2.62954406644945	2.92857785166176
-0.397832459300538	0.31699897072041
-0.170612350184254	0.134641196965968
-0.864904370343567	0.939057477387804
0.427987649494854	0.429594816897194
0.401851556251676	0.317913410791199
0.405811847083805	0.321650336591164
0.954587953668103	0.944138629016428
0.0512195982504649	0.0315991505678186
0.949055496457397	0.935926866664952
0.988206747935103	0.810403773147386
-0.46597988380945	0.439076405144599
-0.542317138870713	0.455783384218134
-1.00361914170206	0.496209107630798
0.880151515451718	0.46637679203864
-1.35075798835303	0.849969321608762
-0.484100951142602	0.414836135447285
-0.951758385684424	1.01861193436705
-1.23178743490632	1.61655969554172
-0.152481918372836	0.12231382912168
-0.0737334599618725	0.0549367771581146
0.0652045898317741	0.0422954320368459
-0.805919991266862	0.625079283408267
-0.803690348239521	0.438414529705338
-0.124439128467443	0.0494765452804166
-0.189962893041753	0.127687656670655
-0.315621192006676	0.26068022479069
-0.224734896600869	0.171672335555321
0.053518867205119	0.0439301178684167
-0.124492053127548	0.11191868683037
0.0973076979079376	0.133883980049842
-0.0765492272181395	0.095329028127822
0.199786857217612	0.246928686511633
-0.0671382177781804	0.0628219704812733
0.188090706872408	0.160499300857483
-0.0603446001584608	0.0456998384480926
1.15440985201847	1.55278835780919
-0.537923141593455	0.451462428753526
-0.706244329256584	0.678468272606829
-1.15188832682179	1.00478734572857
-0.506544694815059	0.267664159860772
-0.466625055878446	0.439707819118637
-0.319498807853742	0.402327929689618
0.108134014998785	0.118205766946729
0.0713552280315271	0.0619288863163117
0.0532745471488409	0.0328618325493209
-0.4761399822175	0.406185543856548
-0.109017800996978	0.089360372441413
0.184715276275854	0.173817551314709
0.0762764520114746	0.0517987693627327
0.0645452310225802	0.0418597805030258
-1.10716069066869	0.762236175283311
-0.229849770560037	0.150299557674993
-0.00436814125945567	0.00229224722894243
0.515060836280805	0.446104692972828
0.149712096338292	0.079264743375971
-0.464426139139759	0.310967040801654
0.173979674052978	0.113519084042589
0.795937230619374	0.756735838660097
-0.258553097348597	0.193971644483092
-0.296188765395394	0.217273021788586
-0.138919400086834	0.0982143466626414
0.298088085094469	0.204439390950666
-0.0653480232196132	0.0610654616746089
-0.112324832330799	0.0666174076191379
-0.195317711194049	0.1056543372478
-0.793305877820496	0.344462091426673
0.592044210864717	0.306439682065431
-2.80704804202022	1.8880872723396
-0.419478106363808	0.240101294353842
-0.417785937385388	0.239108978027055
-1.10326571530627	1.07159104403303
-0.79506887856539	0.613886008033311
-1.10569807796732	0.761000070478032
-0.714704723100973	0.689436366574351
-0.253045491429359	0.252690145140794
-0.72289043858102	1.2027311803328
0.0694148357877563	0.0450839148159042
1.55486158244648	0.754948133287252
0.334482020834287	0.185946066116718
-0.340984123026757	0.207013939374958
-0.806567334222378	0.53751621243249
0.127169054921201	0.0542683653996943
-0.624501462907049	0.298906969740345
-0.553676211135852	0.353841523738592
-0.63159924778929	0.303148971324203
-0.706144506480877	0.625902961151555
-0.4868938041439	0.701562214844981
-0.299538586085034	0.331329067685682
-0.132470857750226	0.107661604744851
-0.706152761051517	0.726847841590647
-0.38976204592545	0.344003253161285
-0.584407773848517	0.429452659760967
-0.476095365151928	0.406088737911044
-0.358926267985859	0.37427561835609
-0.275973249587926	0.274142913222932
-0.986792873013302	1.26191208812339
-0.248186431910515	0.210242567410256
-0.0449372197517153	0.054102935928535
-0.079939692689921	0.0744281475585291
-0.0556035991932684	0.0350772670156951
-2.20447598268729	2.6058606517538
-0.703889719085075	0.623217686191985
-0.164174472252414	0.248135146547014
0.103982702985989	0.0818820921599799
-0.110076702658599	0.0791810468342648
-0.0553330885790025	0.0349270434456476
-0.467386306329691	0.440833183936724
-0.424901868682805	0.177479894055701
0.94896586006825	0.936684877196119
-0.421005395322474	0.175667070356305
-0.622008872815502	0.297649480104119
-0.811780330681216	0.444163431060928
0.585963612037222	0.302734251511687
-1.27823066757355	1.40610341984409
1.08358488639664	1.38058065005509
1.23447693832063	0.848461972902294
-0.259224431998281	0.131119270891374
-0.348153598459716	0.43337971413465
-0.879071075272624	0.889119158353847
-0.889966484988107	0.826486819886115
0.312397196480146	0.188927052115587
0.30304036125645	0.208549734748389
-0.190812012993759	0.128289446750616
-0.0419212885876107	0.0200018076106731
0.153408407230967	0.18187694973069
-0.604325359189364	0.495701872349056
-0.244195790474391	0.260775216952618
-0.668602321767401	0.400091749654085
0.123809809436213	0.0528885811286545
-0.552826674756613	0.353320524257732
-0.118577481929284	0.0471349831073602
0.658157600688591	0.206837664845118
0.139263471386213	0.06692592340367
-0.512539502823345	0.271248114510885
0.318638447760087	0.192997983473982
1.02274908278428	0.967654642960268
0.344814357962911	0.172223529033892
-0.467390501556522	0.313497660128892
0.0653719521083442	0.0649205850973002
-0.799744739682709	0.618971084474597
-0.0375933078858201	0.0179608922169966
-3.46345495606107	1.22933734600421
2.33842592547281	1.14619164851825
0.128688194637119	0.0548473835637953
0.151017216852493	0.0800586005958577
0.154261264990446	0.0387023394037745
-0.96970585960642	0.598427102452101
-3.04962862687403	2.46101064945541
-0.629095105974801	0.567651308552397
0.465328741031874	0.316438787507343
-0.410493537158243	0.234148163287438
-0.537235447975168	0.450817820132687
-0.615676850890809	0.507644353191528
-0.327014345939738	0.150800233005045
-0.80139704827395	0.436851982626021
-0.217453520868233	0.264005190938629
0.124789691469391	0.117408915054964
-0.420421528483024	0.575482802453104
-0.502468249051121	0.697871144956094
-0.456929848201562	0.63752685087934
-0.833407848348423	1.17917502606536
-0.120242826472342	0.119115265591914
0.440262643322871	0.508088034267578
-0.371457491053733	0.439597684716439
0.308118698674726	0.336300493513769
-0.537659716942777	0.538482490170612
-0.195439814835114	0.169085445707976
0.829356775480938	0.981501592432938
0.0763031792672233	0.0664320256051864
1.0920302425227	1.496878850185
-0.453801800439217	0.463107039770543
0.474776606861469	0.5317943412078
0.375917468939109	0.333274752348687
1.03684642702648	1.75208803985885
-0.708179292206809	0.681167699063743
0.0183172775056718	0.013271263172951
-0.414286844943751	0.484395521498415
-0.613970091689823	0.654156580622672
0.0395303245589759	0.0314542907257888
0.594072285298949	0.664846326979665
0.0968063711312004	0.0737014737989266
0.0531103450955734	0.0435788637698894
-0.33958030208717	0.400123613664805
-0.160064689276747	0.110393817792282
-0.201057001199299	0.174624757304304
-0.384549901380989	0.449948128619597
-0.761091425870104	1.22739230886178
-1.82378406612093	2.1238432355916
-0.609878710184718	0.501461603313268
-1.00488760693082	0.908589519576119
-0.162757983237686	0.112375713007833
0.174742028637211	0.119691831385341
0.151167757898976	0.0802417024282859
0.164514713892296	0.101057907021717
0.172314790148738	0.123123625930739
-0.391944990372269	0.311513866810362
0.438530196492436	0.428543889586599
0.426387310350369	0.427525948113873
0.0252997968391896	0.0189671432205875
0.122576324193164	0.105607479866724
-0.396892484063834	0.413886998683931
0.448413962581159	0.506778842078674
-1.35263525303924	1.36347895429155
-1.49153504484292	1.04496926104933
-0.114873517106965	0.0827989447430346
-1.35317254739934	1.12749236638608
-0.32252887239041	0.29220226524581
-0.253660272593929	0.215576217553414
-1.02859928273688	1.16552259658819
-0.652279271556991	0.859911166298337
-0.216027601965596	0.20237516577553
-0.401944618140815	0.517372819300457
-0.052844458382196	0.0407000707077272
-0.639461943753543	0.623053215451607
-0.193278603603582	0.130161194900995
-0.446418176191275	0.571090999801392
-0.302794968617642	0.318110090572546
-0.00501615364952084	0.00402104764444196
0.291038860172291	0.352261732738047
0.118117745153076	0.0990013762254798
0.931669964612299	1.61972596034822
-0.257395561933301	0.277820609168986
-0.147311203082752	0.131967045822778
-0.479809194526027	0.521569995051646
0.0320330557234476	0.024763795199181
0.00846337730298344	0.00677213376201819
-0.412083065456337	0.452024140232626
0.572489397253936	0.653887922691302
-0.529893920486453	0.528268583811435
-0.0467686164448255	0.0409945411639631
0.195253307033941	0.172100242168601
-0.116144031513751	0.105704269011245
0.13553719535511	0.133522095333818
-0.227563887314671	0.227749548272786
-0.197196861269813	0.186300324220453
-0.858881376037312	0.995707358882963
-0.788512883596627	0.80689221147011
-0.565844054405166	0.518902138784397
-0.152710312182505	0.104923712948097
0.828698948407943	0.980685211560861
-0.426260623932143	0.369383748451922
0.432742474950814	0.330211413478733
-0.322786204368022	0.315297017919103
1.13437607235586	1.16392422864675
-0.563609714159373	0.516081951153207
0.336850112617273	0.322125878944918
0.367334444007885	0.323941405035079
-0.391899174845594	0.346244115367859
-0.169176124087569	0.133307525773391
0.432054372981513	0.420294609046725
-0.49783471156769	0.571600153341572
0.180314082547994	0.123813595009961
0.107244246044497	0.0846054569469803
-1.42706590780872	1.9476285218771
-0.0508699652412034	0.0433821881436354
-0.0854241828440866	0.0624229046591483
-0.625180717789964	0.707503616823219
-0.293977715712683	0.330472618588705
0.298701951682843	0.216318257181974
-0.338787515317653	0.378551802845402
-0.195232919194113	0.168897234953048
-1.23596812650758	1.62781952354023
0.853621309835906	1.08688300768716
-0.343852727203278	0.277784554040769
-0.969365393212753	0.598927762952852
-0.332498100411613	0.153701798268277
-0.0457798206646726	0.0218015107402575
-0.793678363378854	0.75277284399074
-0.511926472270812	0.550672185508785
-0.485489891837525	0.488596712814055
0.456281469161804	0.518826743804737
0.189953701290496	0.183575430756117
0.264322135321803	0.274726619298863
0.79376907938205	1.14052596786986
0.500239675972177	0.610813669104773
0.183150358315077	0.155780235763415
0.18197044954851	0.167095701057881
-0.969261940979224	1.53322008299589
1.09770064560507	1.6057777441359
0.119965514988068	0.103177328064614
0.0259895877183821	0.0188099858553134
-0.3848887453692	0.369566892377058
-0.623221891156962	0.704764724286345
-0.791088343269531	0.925206975791106
-0.475017631210033	0.449774099799161
-0.728605876694688	0.902405438183443
-0.366577426564535	0.384510756116757
-0.890857031500667	0.827781446057924
-0.540750619889323	0.45454073764936
-0.630939247213696	0.56962865523161
0.247321298364064	0.248273082309623
0.11179348255876	0.0909015584118573
-0.0645265728455102	0.0407842946165675
0.764641122037043	0.946206604865649
0.610947721216662	0.573371227441145
-0.0808421897201785	0.0495723319464779
0.0979627947845555	0.0697378635602364
-0.81123633327822	0.44353598486811
-0.473019315715568	0.511624628626977
-0.252453961628727	0.188685998459627
0.0528044894333151	0.0325770376811224
0.739768622638991	0.724365601412638
0.186797878354972	0.134413656490134
-0.0257045115946045	0.0170150969232564
0.287376888759054	0.235153221380007
0.0800351022380843	0.0565499492240111
-0.626900097687123	0.564385941002753
0.273291301992551	0.221901773808406
-0.504934747414581	0.467328444326126
-0.0780720907564714	0.0478418512550933
-0.567530091396863	0.52072066293611
-0.801680163015513	0.620601128362701
-0.0563857286716978	0.0426304737161408
-1.21435789377061	1.4318050486787
-1.46899140752492	2.27562827639412
-0.3189837449056	0.331253032143853
0.755586440377064	1.01373766286868
-1.19218793103435	1.23388747941859
-0.286690221964423	0.261402521079617
0.368320390932417	0.324991771496576
0.179946511820915	0.117696490434372
0.19123554275967	0.1587822845714
0.155108423688365	0.0890888058447292
1.04480901675325	0.495932284777841
-0.35569023027487	0.10209347470967
-0.795009376599583	0.754254205458776
0.544904380647937	0.455713018798731
-0.464899177362212	0.437545491550333
-0.979314978209619	0.973017061723412
-0.423165991835418	0.402631788425293
0.674690953886091	0.703197679671612
0.294682546500744	0.212956877457077
-0.00919877245069488	0.0061938351238388
-0.139706104769184	0.114028448893165
0.358134130999026	0.325548274114737
0.746588248438078	0.733334862762397
-0.12252854323816	0.098950664053713
1.22011753348147	1.60128418428429
0.0495812443212201	0.0305645344770881
-0.698003660444431	0.616085150953684
0.394752456863365	0.32618708603975
1.47862731884786	1.49040300192172
-0.47108986922954	0.400586926636782
-0.695416108612578	0.556807322745211
-0.539382573189508	0.452545743997729
-0.00991190910940676	0.00666220283270396
-0.0596711583380152	0.0376645558266699
-0.469200506995157	0.442966505417196
0.086129578364342	0.0631543081495193
-0.223923934396785	0.171025268405257
0.729299859434203	0.834734519000049
0.0447868128887424	0.0260795784932921
0.161661003457636	0.0930065808555025
-1.65244908270013	1.71113822692535
-0.415582259016658	0.173291488777707
0.156483318204542	0.0831139332291282
0.319190080074033	0.193378634829272
-0.0847182381390115	0.0520025019722533
0.375700682288655	0.32020439523444
0.465008323164946	0.445359155281441
0.0430350885549386	0.0250343538565454
-0.976366859057556	0.968734419627548
-0.562740953931706	0.514985079887725
-0.290953664305269	0.212839903139912
-0.0190298451033788	0.0126308692674335
-0.800583254245106	0.532677975722854
-0.0728678065414905	0.0542768819501836
-0.391606637305644	0.345894590988003
0.17195312556457	0.122768631986568
-0.0372868039241955	0.0241429627944777
-0.475089965438462	0.405089524320667
-0.115693112620862	0.0834386422831743
-0.469489495724616	0.315045617768494
-0.7892634273478	0.922124890666723
-0.486014538601055	0.416737020165668
0.470586409455937	0.32070076153364
-0.00686070661650829	0.00354262717290566
0.837757940379194	0.884252299923535
1.44195071950884	1.64078324939944
-0.634716554369999	0.304974222879428
-1.69276902569465	0.952359245821965
-0.939673139715137	0.694972074112015
1.33890774696143	1.41530590295724
-0.0851368846356987	0.0522539919475691
-0.724761030825747	0.754635280711225
-0.339224039407236	0.242519603347326
2.03031309415962	2.9699897918116
1.11108975157731	0.99746449815087
-1.42846043261615	1.74493543586109
0.466533521492916	0.430186752955147
0.303947992851963	0.209267950873857
0.169021316229738	0.104154633142746
-0.935326036120326	1.07148803953761
-1.00711379519429	0.911670101417653
-0.68548945201426	0.485028495400924
-0.801599252775957	0.620274875735057
-0.66467498420205	0.397526639107899
-0.14876912859427	0.0847573122378848
-0.667157619067108	0.399470889154624
0.310136214273441	0.201188637740533
-0.25334967713625	0.127993040262983
-0.617631196082979	0.553395711287551
0.340106151270341	0.16969401000777
0.0358878551039068	0.0209079903371305
0.53598170339478	0.309768450887739
1.87103684495935	2.06527060801687
1.22660068059083	1.34786010312143
-0.00848761131503926	0.00432327612033532
0.847064198353436	0.623785519614963
0.17628505537612	0.115185970607565
-0.981165941187928	0.975214211504334
0.295119686034206	0.213386348638441
0.278192182077142	0.226524374024842
-0.146174400857242	0.0831930278744718
-0.680062422348878	0.481064406348861
0.116730128194841	0.0441168840762376
-0.556797697572101	0.356094683459081
-1.93927160101662	1.91793204623187
0.130382580547973	0.0557024249618874
0.0163520201628943	0.00891208642154191
0.608699053046719	0.461963120474798
0.314015591463178	0.190083428006724
-1.15625416128571	1.0112244270618
-0.279384210139475	0.176429359187833
-0.328837375631517	0.1518232407712
-0.80164897249129	0.533380810055586
-1.23932283148333	0.943252329294443
-0.333122553921604	0.153982889620527
-2.08484842220823	0.940993818731239
-0.628030265547787	0.151499678636842
-0.787484987016101	0.341192703317524
-1.0551245255344	0.854139782234159
0.387764444067712	0.332731164713084
-0.565293289517324	0.518093735154303
-0.400439857520798	0.278537691196019
-0.383964245407936	0.337569049370129
-0.397548037944232	0.276236926101962
-0.630655707526359	0.752123328090968
-0.461637760571044	0.433806987919547
-0.201908320704831	0.109411173828773
0.490573935838371	0.439569314819192
-0.2615913332838	0.196540945675372
-0.506140775897646	0.383856110729001
0.136956457296864	0.0584706333577313
-0.621635585855028	0.297418069232042
-0.326850635290987	0.150922823207438
-0.0781547759716228	0.034374979504022
-0.22761841358991	0.148714964667749
0.0309663888643635	0.0180814532961296
-0.0822681189382281	0.0504425207464215
-1.50925080405163	0.760072338394048
1.31078099962245	1.68551783739324
0.470193150390876	0.434493781488064
0.55480900509721	0.551313576713205
-0.341843822788676	0.244643077879584
0.948763154142268	1.16536899960358
0.156918094449712	0.0902091830723618
0.428179982453197	0.326018805716992
0.348754892447253	0.174472739683263
0.944464705778376	0.638849149727885
-0.054108402855213	0.0341396383086627
0.621415871818014	0.681546726726893
0.650752363827388	0.464166128520787
0.791281113414351	0.750987861085004
-1.04911022591886	0.847455510941085
-0.0821582847056604	0.0361303770030629
-0.328333524168311	0.151722211641642
-0.501994839418744	0.264603741236548
-0.666037830276725	0.398225131486755
0.311343853072776	0.202042294405048
-0.343279821790926	0.208577198875214
-0.798012344240826	0.616301194160165
-0.909940784383151	0.764193870692665
-1.00625245172633	0.497936953119527
-2.6536172265876	1.61835718348547
0.162786042542954	0.100057929225239
0.297314406774097	0.204015140376982
-0.164797743900007	0.113877168627626
0.64574956046785	0.586163655806867
-0.277774897183605	0.175449406409193
0.388644752607598	0.319826301095153
-0.388267511486349	0.307830128333788
0.0383511907319593	0.0223305028415431
-0.9376994541557	0.693328567247173
0.326100193877122	0.180834109115001
-0.385319393433333	0.305022902631982
-0.323478262143869	0.149164513688911
-0.00905554568236092	0.00462475896471198
-0.413644994060678	0.236333391192924
-0.536671114051193	0.201606330220057
0.347504227803246	0.173732508531155
-0.504115689974928	0.38209896199076
-0.337294968687283	0.204373590439799
1.25532341893513	0.679585273431595
0.174709109414071	0.113997369867427
-0.197543095894717	0.106961582121621
0.747097419637406	0.733944105787459
0.470757869033165	0.321070888700662
-1.27892678492256	1.40670204583333
0.123555562714425	0.0466077516946964
0.31473351411945	0.190500745905233
1.43793590610944	0.881892247511652
-1.10433726417275	1.07283858649182
-1.10830716546448	1.07925110303643
-0.931026544723284	0.685779741374341
0.415556538233812	0.33115468797957
0.0329073116610799	0.0191984561614647
-0.199003833503459	0.107761276373158
-0.551450128979146	0.351887168213298
-0.513443917605099	0.271835615590136
-0.793650299520997	0.344601205700018
-0.202406478066256	0.109744550809748
-0.0787936965727477	0.0482692249740563
-0.20200075337109	0.10953248063016
-0.963140610691224	0.593581982604206
-0.193858599918509	0.104766406994828
-0.445120165280298	0.346541360123084
-0.415466955628802	0.23742212294062
-0.933712930226063	0.687949497592249
-0.972043140718215	0.600720285722967
0.0343357949223402	0.0200061302406611
-0.622787613868832	0.55978609728506
-0.320451686795153	0.289987375114502
0.0746026059932296	0.0506368335887699
-0.387953029478245	0.342050484522868
0.00519635803166616	0.00434171560015631
-0.285134438795399	0.259696333842832
0.341854631702998	0.328071506175467
-0.0793897911066374	0.0665384042752012
0.592397335699394	0.66193926323775
-0.729038440623985	0.810448928062858
-0.811651059916778	0.542502663897096
-0.149186552734473	0.119443099636218
-0.215922974353243	0.18431816643794
-0.194952875511802	0.131394901210621
-0.333298503277154	0.237521515942615
-0.790676597135931	0.682771508583749
-0.425389747000447	0.368437190023323
-0.311134071785504	0.256310914470419
0.489440040680161	0.438385886245123
0.124414451363141	0.0469555832619546
1.08265350348478	1.37912889516168
1.01988918881079	1.32424926877882
0.703948837382115	0.711347233030532
0.376938294720693	0.321404723009497
-1.10760848830408	1.07768637371489
-1.25614177661437	1.17978167562106
0.427372425620257	0.428807245542258
0.644628505881141	0.45814739642667
0.849022266424135	0.625626989746566
-0.461428363183573	0.43345130174641
0.0399315601035384	0.0232536200271126
0.668536701889121	0.694785534844607
0.493881489347787	0.443471771007795
-0.338931660559236	0.205487704307027
0.130970252965443	0.0558669315629432
1.08529998603998	0.820355508955127
-1.27623410299661	1.40194310200299
-0.813400623826576	0.544046379877749
0.0765112783148152	0.0519730677147717
-0.257453261464151	0.193029430235274
-0.477904859141971	0.518764409952075
-0.435915745969165	0.337543011088179
-0.622562033893159	0.298234983348652
-0.975602843334677	0.967536896073127
1.02280503553	1.33007161236388
-1.00397731968748	0.907223616591618
0.440723780652621	0.318031262527403
1.08971725685643	0.824942362037166
-0.192771698872493	0.104200574286682
0.284444912764147	0.223606146557018
-0.341069740079145	0.207146560178714
1.32106084543593	1.55183622668688
-0.0933846393026862	0.068519751372354
-0.396188087550665	0.315482348501464
-0.790373897156777	1.17493701994914
-0.126591044571935	0.150622040374591
0.439404890992926	0.429647329654552
-0.0410663889853495	0.0196047299815597
0.163969726087051	0.100747109731234
-0.542550190002901	0.204022574863377
-1.00075889534507	0.494647107908871
-0.680143103964418	0.480456959253861
-1.11457723967518	0.769998190775616
0.344814357962911	0.172223529033892
0.465830453639912	0.316580117783826
-0.113280475598159	0.0671832723365547
-1.21816786225006	1.43848270185012
0.0407806012925255	0.0237628147877813
-0.147821400192224	0.0841648735269872
0.649670287448362	0.463088384171222
0.183596986127817	0.190923047957582
-0.201251288480999	0.205209407747715
0.431707429375675	0.419723640884442
-0.53891363301329	0.61738675486836
0.0811492930492268	0.0573724069436213
-0.664827573143137	0.397002639492615
-0.0685497835848946	0.050952251056102
-0.191604658066577	0.128882303719731
-0.317284852271116	0.374430193885206
0.194928587214068	0.17629128985438
-0.620693762728206	0.700846047401322
-0.972574236698433	0.962516553221322
0.285493102043054	0.215211597861343
-0.0193833533620733	0.0128573581763242
0.292815888299867	0.221508013679076
0.185808952504478	0.133640287205643
0.849318685758853	0.77585106369903
-0.350135114027631	0.312556466096301
-0.499278702812257	0.573800152780292
-0.064966345116689	0.0606962015369146
-0.0194636693339613	0.015309285211862
0.0971467238716931	0.0739619239005833
1.03190795675011	0.980386181584911
0.370205313100367	0.327100416118742
-0.113339324755451	0.0672407777557137
-0.0405695133872019	0.0193770894494994
0.686632623591647	0.600187021816681
-0.117634611193586	0.0468309314969464
0.586733964386465	0.56906017152085
-0.196929740765657	0.132809249267648
0.168024266950837	0.109347148635911
0.266314736134404	0.223056026360492
-0.579676934409374	0.425161893138941
-0.137381788588682	0.0970710571496898
0.19486613887359	0.219241904743093
0.206895353945871	0.223412114738689
-0.132172175480618	0.107393891645172
0.452424289185023	0.610465188184787
0.0162931475860686	0.0118186584582395
-0.263823592039853	0.198401828411263
-0.33565557256328	0.20326851993498
-1.0046260097046	0.90821558677038
0.16750721030406	0.109048824888486
-0.537923141593455	0.451462428753526
0.475734772125722	0.441008612018894
-0.396823576404094	0.316095762234621
-0.294464734981557	0.269895228226748
0.361487550441844	0.329180911742035
0.275960013152098	0.248080030461622
0.258908167732804	0.249875126179755
0.259329759715119	0.250441837758371
-0.312244224768636	0.257309611621595
0.178936524157688	0.133402968588173
-0.506551979326928	0.469581907679267
-0.0940812019394238	0.0690372813672499
-0.71501809563362	0.690162850195545
-0.543493725787145	0.4571781024947
0.356464106270222	0.323729389173167
0.549497317250052	0.565698486683166
0.717708825480595	0.816473746243512
-0.576463668246573	0.654967198630338
-0.442177249647425	0.343731056024807
-0.0362911769118912	0.0173856327525548
-0.541216173764021	0.543092274303053
0.777877533571095	0.612843337113336
-0.189516567667326	0.127409428945257
0.973157514678526	1.28991014770024
1.13352000328046	1.1633019478119
-0.252989716346228	0.189187705750826
0.150887989436026	0.0800819260624575
-1.90679316853932	2.34326725848192
-0.50746585234709	0.385026603540182
0.318965584496061	0.193559235658807
0.0350804232080389	0.0204721623455699
-1.53089272564625	1.74390030678644
-0.637762546494161	0.57781571720561
-0.278988467414697	0.176303241109482
-0.222149930434877	0.169479071340179
1.6266419423078	2.09687648996453
-0.439496296216056	0.341061376753287
-0.411559239911514	0.234866411182336
-0.707930866517076	0.680777946242685
-0.0550787239247515	0.0347650818236366
-1.34489823388258	0.843163844366104
-0.0562290480959761	0.0354969103944761
1.02505284292712	0.970079634737285
0.789891388826467	0.855851118483293
-0.252840232879371	0.189043254171467
0.00299004826901042	0.00214798874557871
1.15570315973211	1.55472547405086
0.010377653337802	0.00721128868755886
-0.223713375343443	0.170795518340193
-0.584727702277041	0.578168362019161
-0.424973666436854	0.40480760103862
-0.292718297334057	0.267971710352908
-0.414908201457645	0.237231560929898
-0.352037546041935	0.314608953454366
0.0412571614856004	0.0240199328144093
-0.162300795954345	0.0581731243217536
-0.42423629259778	0.367209763044552
-0.701969620863021	0.620970726615507
0.179485108765105	0.128667912907715
0.114607593053956	0.095859126284034
-0.793200649923476	0.872401965341535
0.540660347896027	0.450997569150077
1.05521143101315	1.12449001018143
0.840384403739774	0.764463561586774
0.0922103061605098	0.0678304886346313
0.279916426835283	0.228162171361985
0.0792446277854226	0.0559783306295773
0.3969308227465	0.328371725656643
1.53411735390556	1.86075440905968
-0.307787027766758	0.253083505688096
0.492657680408385	0.311458058815181
-0.327899784041139	0.151320316500115
0.773496081884799	0.459145420146852
0.376873816800882	0.167414245094654
-0.793093223391925	0.751600544547175
-0.635287399053549	0.574763973883484
-0.339624557789826	0.205839149054834
-0.740399261797476	0.92390871510208
-0.722320940743247	0.699420335755131
-0.293908825850832	0.215439142472045
0.124180335663375	0.0413642945682001
0.0384480899159679	0.0223671448982362
0.158666193592828	0.0912783683661014
-0.701840229232932	0.620748860651299
-0.278588204116478	0.176023469787402
0.170948624775955	0.105356488127696
-0.555151794225714	0.59281389383615
-0.341128448741319	0.207036608724475
0.18494212900405	0.138300731565128
-0.0580614711710206	0.0366531157475798
-0.56504619195549	0.517844877953884
0.0751203126193496	0.0529679499876912
-0.114914276474303	0.0945343419901652
-0.260898572886354	0.195919040583715
-1.00747278120972	0.910725291575006
-0.199412276298588	0.107992805725078
-0.391039374996476	0.270988957918398
-0.234100576205327	0.153382901306821
-0.469371724418359	0.31481446026728
-1.62491321498989	1.26210834515799
-0.422005284708671	0.176161061756622
-0.430508297157061	0.373762025820064
-0.344453450545982	0.306273508591499
0.57063285195821	0.650721517413962
0.948541884616014	1.16417948653103
0.92229225551416	1.0402406233923
0.687454248652777	0.601345399325196
-0.480247237980127	0.410775295294936
-1.00615695347971	0.910268012615054
-0.437064542873162	0.338786752929295
0.68109677233357	0.593870418763186
0.426828119333193	0.324868414643412
0.309637418230628	0.213694758000967
0.567003250639749	0.45200368560618
0.602507759032608	0.455923152322027
-0.161709532193286	0.111630747678701
-0.621364549348226	0.297314514339653
-0.326539072018651	0.15076312383533
-0.966171956846182	0.595044580463999
-0.231972776894139	0.151695699528925
-0.293655060169494	0.215211834051357
-0.200618240396989	0.13550258454792
0.0891362891504503	0.0654751997524409
-0.112618208152606	0.0810919223155054
-0.48292416356074	0.413659463374702
-0.465329197576145	0.31185003926257
-0.625058451397486	0.299570273058526
0.130992195528203	0.0493490863110476
-1.18086366894859	0.658180766835232
-0.0100807132019862	0.00508976083947453
0.465444008539635	0.316804715905248
-0.0843276117245171	0.0615807218940726
0.642657241297989	0.581806879960425
-0.275745918342276	0.17396611543134
0.176457361111317	0.149443152938671
-0.390537334069868	0.344793685298122
0.057552886191844	0.0355219409392839
-0.0714845071542347	0.0532099250059664
-0.177385932722479	0.140518738363699
-0.390470284832146	0.376145807625826
-0.348854501980807	0.33706246185153
-0.355765730642394	0.31861828013426
0.0551277762876575	0.0339924429428648
0.00331740200923911	0.00237224081558473
-0.643434330954257	0.808822338166839
0.885731990356851	0.904497625384651
-0.337066658551478	0.240647938974726
-0.320427661001512	0.147747767969711
-0.258427951201605	0.13076254970393
-0.0392232609745635	0.0187388780853761
0.789728459505741	0.855071924887016
-0.194107701707098	0.130735107673253
-0.420739250391455	0.175588441965966
0.383431397600862	0.328353303731845
0.0914934621521025	0.0672424726930308
-0.0671255697446322	0.0498330436940306
-0.43674540119231	0.380726347713464
-0.253281783934893	0.1894495658161
0.00033085650372086	0.000124943731485624
-0.968161990874479	1.04343456316266
0.0544233941337504	0.0335782475185444
-0.78542596223841	0.860233420065219
1.4112333876689	2.29061239540672
-0.539184220010721	0.540431300879774
-0.195415564810923	0.151777246054495
0.882872721138916	0.900263934262215
0.699925167285373	0.459404066782915
0.774784803839899	0.460245905655184
-1.00202528708245	0.495149003291573
-0.0105412358606669	0.00533783107918815
-0.807235224462935	0.440644755239146
-0.34345559066372	0.277418483630899
-1.00919690970898	0.913478213094797
-0.363528136921811	0.327044834384355
-0.73462819007026	0.867186459708714
-0.1430617462343	0.114083071412276
0.02738027421244	0.0238488132415981
-0.624824451696218	0.299085257385298
-0.356952421866901	0.102502236157484
0.130564777193798	0.0492136699998879
-0.0858654795071709	0.0527178692468294
0.159578404777515	0.0918878947101614
0.990665899738774	0.813534924808948
-0.27830728950998	0.17583256407942
0.561867691345185	0.657463987103054
-0.68339237284728	0.813091734441874
0.266111066179195	0.251606986361472
-0.862276511492874	1.06481041603502
-1.01228645196496	0.917931009525146
-0.281556905168812	0.178048645013049
-0.079841950407208	0.0489435436967206
0.426828119333193	0.324868414643412
0.412731045552193	0.328542708026645
-0.0290354888642294	0.0192158820639004
0.308917640369346	0.200282475087505
-0.243016107329235	0.205196041020589
0.0642424976590911	0.0416297068101382
-1.21885654919137	1.43914912849338
-0.0132825286983505	0.00887783281665723
0.0830064745623247	0.0565107454883858
-0.124860843151967	0.100986028256457
0.250161754566125	0.251687783768196
0.492609876624613	0.442038508836069
0.610092283272642	0.572380525713689
0.432613304185687	0.43550664284135
-0.562938326356553	0.515204229167595
0.354247413854842	0.331959948704461
-0.0210076156648583	0.0138952849558576
-0.0847182381390115	0.0520025019722533
-0.169759810735987	0.0608342996709457
-0.359141638818634	0.103112871302961
-0.50299336880142	0.380979589055198
-0.342596796874416	0.245372551913597
-0.278588204116478	0.176023469787402
-0.04302323665992	0.0323579996768406
-0.580097457948698	0.572071377255911
-0.464360223126879	0.437125314198847
-0.247489956899642	0.209559804260734
-0.535354345025219	0.535392969793359
0.25828949494945	0.273046435919355
-0.169691206346295	0.133745694529454
-0.238130718624198	0.0765764115230572
0.129602692162006	0.0552849677106642
0.153682443222269	0.0815519342758588
-0.536671114051193	0.201606330220057
0.16083955430706	0.0926244116822614
-0.144260342834262	0.102242538919185
0.364266977319862	0.320680081916886
0.0430350885549386	0.0250343538565454
-0.233604927876151	0.216408406719906
-0.270515165458686	0.225143128724771
-0.0831781716738953	0.0510355643349576
-0.0729681419315192	0.0620320892820437
-0.310605572139833	0.308667584757884
0.265683598249377	0.244251356089051
0.0543024680405806	0.0334972223808065
0.849428975915648	0.625035219733127
-0.697876258232507	0.559129851916623
-0.62732563122962	0.300719543149506
-0.692824203150816	0.553941488971296
0.156771001755077	0.0900195788689959
0.0362721237736169	0.0211311099935651
0.177712075894903	0.121931025912114
-0.187328010437717	0.10105786070925
-0.229366663343807	0.149901554830759
1.00635885004204	1.20979589681237
0.177035818946276	0.131842546416825
0.786286104857052	1.03925434930801
0.0187879431387588	0.0101876599249449
0.111954047705279	0.0910758611816317
-0.34843969728509	0.282224520557023
1.39127528989544	1.07676513976889
0.383425737927996	0.328356254606788
0.0959874886336699	0.0707366976389901
0.185349744094662	0.14868138756298
-0.596027980073934	0.59286805139221
0.840760978645679	0.765021707959492
0.834489381983759	0.879674304052872
0.334455606735621	0.166687562078255
-1.04709662477092	0.412413821088329
-0.278849956657629	0.176063170455591
0.0127074655777911	0.00699300070203293
-0.0122000338684905	0.00615639087856658
-0.217428349364831	0.165388789698425
-0.111778799051987	0.0804548305670725
-0.556021809868402	0.593838838097211
0.0586339988396216	0.0361740513768283
-0.34475439854906	0.247225450844403
-0.188857570657099	0.162629814593294
-0.116380447685817	0.0690731256323252
-0.905988767020745	1.2290268471491
0.0326022259363517	0.0244555365382341
-1.14111344283696	0.344497381350969
-0.356367399040958	0.102345848061694
-0.169320011151056	0.0606649453809961
-1.29790303333427	0.579341243572057
0.449980003198607	0.326171247818636
-0.672385019490746	0.403307196730558
-0.350591797556458	0.284326823518249
0.168013686566109	0.109370733127676
-0.626136958582283	0.564114060775754
-0.014203681746853	0.00948164362002431
-0.197046673207639	0.153251587713718
0.31426204104514	0.189884926873104
-0.0402595311413866	0.0260810506146329
-0.391365253919738	0.345641344617103
0.286212055190859	0.225209220468398
0.839489671846701	0.887129437114123
-0.66534674615136	0.397444473734649
-1.10171100620437	0.75750345851484
-0.813335377667097	0.445360348910649
0.0302931901398182	0.0177302195457551
0.0882185829282648	0.0625316451287408
0.541359963778447	0.451809200950759
0.710133855160235	0.467940407129396
1.5539791543407	0.754668539958327
-1.11017434983909	0.765593385837461
-0.191618254745893	0.12892823163746
-0.692988975219156	0.554032039892021
0.0215827541481636	0.0156258586982119
0.951938410859633	0.940984310840249
-0.0596636923844821	0.0376776698086607
-0.442433179350982	0.34398696526495
-0.0734085828165986	0.0449237519262301
0.180386799554848	0.134505280521774
0.1751304537319	0.125329563446271
0.531164631516547	0.541158258178102
0.173563745648523	0.128991700289013
1.48404809587042	1.95626559578032
-0.341264231646493	0.207139203238744
0.318111398826101	0.192854574180174
0.883261506201147	0.468247227057581
1.0651048223245	0.646024899605615
-0.28342539655497	0.179403426391214
0.177236025730758	0.121569700000955
-1.42579956937664	1.74056527725214
-0.68517230455203	0.855723117407548
-0.360146115214781	0.323335745511494
0.172566155853871	0.123323036364624
0.0715840178485268	0.0485267727314654
-0.160921099999189	0.111051238206612
-0.120003298542387	0.0967500305336381
-0.239482817302174	0.201645391469965
0.185688244197543	0.144103752796907
-0.665992694602252	0.398257714928457
-1.03053104697868	1.16885410676558
-1.79839614394125	0.382877807711208
0.162952579336367	0.0406858836130456
-2.0842635823597	0.940591792243383
-3.08898467402977	0.950960285645612
-1.0030160119447	0.495866412258457
-1.18327201916528	0.659920096209644
1.22897522271084	0.842363225880004
0.642430287060283	0.456544824527462
0.679831000117335	0.592354175095654
-0.148029329915778	0.084303715087829
0.290890844186064	0.219802649782506
-0.656574850862248	0.688927898721189
-0.535004660660522	0.44832462841527
-0.111002951401862	0.0798838561224522
0.412688175382473	0.328363018515176
-0.31631879895989	0.285462959846953
-0.581839893637616	0.57435226021798
-0.118418855632088	0.0854965036832179
-0.0151786395757777	0.0101132691630975
0.613524876546237	0.576543132601084
-0.0438510272292785	0.0209070802229925
0.123890289984819	0.0467338918733295
0.13422930794267	0.0445728055584624
-0.419632546796376	0.240178802114281
0.547021765923807	0.457762855739421
-0.1475272407043	0.0839964877109038
-0.389867996152487	0.269994064643563
0.128338588542606	0.0483629401375905
-0.348396591183024	0.282107692919122
0.0579721911999702	0.0375163045665512
-0.611523096017299	0.503372158329434
-0.351967702629973	0.314558745667449
-0.298243315450887	0.219019059689767
-0.0929822068636935	0.0682078030737104
0.639133782480389	0.681502041083286
2.12863276176136	2.18538571196559
-0.292243556434901	0.214014029129401
-0.0145680639244436	0.00971485391943203
-0.252299833283394	0.188590695808146
-0.395106507587511	0.274197692270903
0.736360436879518	0.615681813404713
0.379721221237639	0.16864819385015
0.703608557931431	0.461858934023968
-0.23808408660897	0.0766242401144763
0.846587099935151	0.622972260405406
0.938165363883811	0.633604666240179
-1.52476448564983	1.73227040865965
0.0678669750686223	0.0440598230511007
-0.795469216111729	0.817295918054795
-0.651697708455128	0.68162177635078
0.273577567668421	0.230207382131317
0.0432723690762517	0.0353334124817857
0.100078922864846	0.0763266646345484
-0.173446674871795	0.137069771834817
-0.414686294226227	0.392493580552707
0.0521129408003922	0.0321546609399503
-0.19413444348302	0.130788405143247
-0.714683179977219	0.689734534902039
0.135364021327178	0.0449437078279942
-0.740148737877288	0.252718341140933
-0.539312347732804	0.202625351504848
-0.120456456111567	0.0479509248564066
-0.0415805881681044	0.0198524123782302
0.445941674530817	0.32254739971222
-0.326539072018651	0.15076312383533
0.669219756690958	0.695707122892491
0.257475458709653	0.241974746403759
-0.786948729293077	0.970936404788734
0.0834555229055066	0.0590607514504993
-0.0522674719275953	0.0394423727258275
0.0841411988802021	0.0595577973716308
-0.584476767293654	0.577612740210343
-0.148414123115274	0.118791231697316
-0.259982336815702	0.239240179696961
-0.34116152741532	0.244057765985205
-0.106474189172636	0.0764383307609222
-0.980776815907074	0.974725740180796
0.397979172050143	0.427700030182629
-0.47677884525932	0.406994066838557
-2.03225371184331	2.14320364309979
-1.2941091808211	0.576975974922849
0.386247394697058	0.331198486533402
-0.34014221050594	0.206489501761583
0.288752237592331	0.227466929855503
-0.0774310000255217	0.0341007322353275
-0.0397111993831533	0.0189742651368284
-0.810611538250955	0.443339445574606
0.37760707883327	0.322122392847145
-0.701332276119142	0.620197326022752
0.545927531969972	0.560953428106139
0.185585732245714	0.138856082885601
-0.0783761366467089	0.0585369655936261
0.707020236801651	0.716366934801775
-0.513322534468314	0.477765176761916
0.157920733608408	0.0908687946264963
0.513018479994744	0.444300073726783
-0.692977565773218	0.554084454449508
0.649796962796746	0.463283197188781
-0.678618842813614	0.8051308524742
-0.0349822084538294	0.0226724363775864
-0.00352355257553808	0.00227682987956419
-0.688577664160189	0.549447676808216
0.58582326390311	0.302158236366012
-0.447986210709282	0.349141309926065
-1.25883480213898	1.18432650404104
0.0503206810634897	0.0310214835093013
-0.0242522466549874	0.0160589178715208
-0.0725241701307333	0.0539888287285791
-1.07664685409296	1.57458928253661
-0.585969619457905	0.669368060731112
-0.623996097910673	0.705845278164285
-0.972849667820521	0.963600494385263
-0.568113835413132	0.720105898120099
0.645882338050536	0.586001310077144
0.268575367272703	0.247464492607432
-0.131909072951267	0.11685326709771
-0.629732202556201	0.56835820758272
0.360027699791857	0.327525705444674
-0.346417050039889	0.280152537997071
-0.793975142013167	0.929568165686983
-1.80123754984197	0.383647112861273
-2.57660997484294	0.657538252319339
0.421057115552697	0.166017922839267
-0.359141638818634	0.103112871302961
-0.735795036496609	0.251087692088149
-0.0816902332526028	0.035911113453719
0.313360024427581	0.189640713577949
-0.409471382209594	0.23368696648346
0.0749881372154761	0.050916851597478
0.325423046355416	0.18040264603226
-0.388634421041764	0.342747601567934
0.0302593584342164	0.02268652806715
-0.0538651060003664	0.0339881753731118
0.0712857093667452	0.0463076091586532
0.178951341141703	0.147458212570632
-0.219318721860806	0.205956860598509
-0.0613747795367685	0.0526809544828495
-0.578553666131516	0.569837734235806
-0.388543382008678	0.34263626437016
-0.302798313063326	0.248208138176329
-0.806565289736637	0.441076231107123
-0.325608383044716	0.150330941023521
-0.585182611803882	0.578475132637543
-0.148499200413551	0.0845894770753698
-0.0269060711191332	0.017481460482669
-0.0460846449904259	0.021937998678198
0.130564777193798	0.0492136699998879
-0.151638227814394	0.0864664632303772
-0.615676850890809	0.507644353191528
0.278937503889151	0.218590228588014
0.180850621041015	0.134972502273766
-0.153964723433712	0.0878237655942478
0.329754143500542	0.183227025114342
0.0211961933272353	0.0153373075190877
-0.462506603787345	0.309388096943129
0.759315611623876	0.937019668400096
1.02401814889792	1.33230934916757
-0.287597636280847	0.288015435185649
-0.484064558505828	0.414867464841073
1.5393214801259	2.31625670986476
-0.227871453429366	0.174402754570423
-0.0669481941838268	0.0497270066884438
0.182565792045225	0.146233729173128
0.00634287780515108	0.00443429922784652
0.784574206017577	0.944854451686741
0.370842243409465	0.327800464659184
-0.0346293709582681	0.0224449808138031
0.703791904816599	0.462655765317545
-2.4952706830273	1.38288893778348
0.41904464190921	0.317637458311258
-0.445132045164604	0.346381603480156
-0.506484361037888	0.384274533732994
-0.0221052309638361	0.0146484434405518
-0.606811448853506	0.498377188140987
-0.594932290630317	0.715800253749562
-0.790487762850506	0.923970433511043
-0.448195535030477	0.455735729766224
-2.35893382724453	3.07818048828954
0.0382347046359802	0.022293021973323
0.0901256379417109	0.0639380286357793
-0.324901661327069	0.294760913487558
-0.0597719890502737	0.0452434547458475
-0.509444049003786	0.472802777911017
-0.696270104659127	0.613878814670807
-0.355112179440658	0.101904546481095
-0.165306041400927	0.0592208118770727
0.149889211248264	0.0438710561595438
0.154509067766894	0.0289541162362231
-0.628733247343677	0.151688343674084
0.656311070885642	0.206056768558202
-0.166972081756225	0.0597742269277735
-1.1412568453231	0.344431220445032
0.798112323859371	0.328001407916524
0.649796962796746	0.463283197188781
-0.254958695668936	0.128753897208798
0.787507702077814	0.745946907963788
0.781919409903961	0.617418093629308
-0.0623186554196838	0.0393752479389182
-0.258593529745242	0.194005105043538
-1.73422605296564	1.90359738414199
-0.69484062981722	0.556316024884837
0.616678071078229	0.674637221026862
-0.142846636087858	0.101166708626929
-0.128223616062045	0.0901761153403856
-0.243561439630554	0.205658370504784
-0.686545193356101	0.486498960687882
-0.508101504150183	0.268556831921681
-0.970309363140249	0.598990362663396
-1.11112767215023	0.766579733783713
0.0369189289812272	0.0215051550173611
0.148217606211855	0.0712524278656837
-0.620771630231924	0.296922811580482
-0.156167930638715	0.107491746778842
-0.0844759083005067	0.0518426966650921
0.411405306504597	0.327301820099541
-0.00848761131503926	0.00432327612033532
0.14893159796043	0.079039381358664
0.157810654496113	0.0908519498344572
-1.10381837725356	1.07182801498976
-0.803572943144849	0.535289511805048
-1.25843121562182	1.18480761539307
-0.90462818426788	0.75829782169288
0.0497581738968975	0.0306935583657221
-0.255710267718111	0.191541907397686
-0.194589493243016	0.105287408143667
0.179198161715871	0.138528852627656
0.891260341675487	0.912823562540018
0.373753217777433	0.165661732219598
0.309463105433999	0.200772466102898
-0.343005050231214	0.276882083379047
-0.0122771894972933	0.00823314307059073
1.05232689832484	1.12004248678816
-0.192952697047032	0.104336379458376
0.473985592916139	0.323504339315576
-0.793305877820496	0.344462091426673
-0.414849585401539	0.172825872337049
-0.472327412442361	0.317405794768216
-1.2402882050756	0.943762867561667
-0.354682066796395	0.288179278961071
-0.171801094891517	0.135652398263057
-0.937898374143768	0.693072175394343
1.13425833007727	1.1636156706966
0.171359781503732	0.111739042825288
-0.111154594634472	0.0659054825833838
-0.977774598250245	0.970930370292258
-0.586153391530809	0.431182316929122
-0.70236000281551	0.621239826029928
-0.791746184737456	0.684267160469364
-0.351744415353914	0.1010114930848
0.147510896476738	0.0432547789402825
0.950426851449918	0.249037516760643
-1.52896155531942	0.543366808154917
-1.1414839653338	0.344622990730584
-0.628733247343677	0.151688343674084
0.154465593370314	0.0289479903375428
-2.08553743334962	0.941412888325459
-1.04255649350425	0.410401789740815
1.03169276950797	0.384805887571094
-0.241194698180716	0.0775963201393135
0.330172378029442	0.183170348582097
-0.140437689573361	0.0993551531812671
0.301588415922621	0.207410760847804
0.428256391757929	0.326002933096333
0.180459020068824	0.134642663158322
0.609807458216194	0.57184401004568
-0.79286029928131	0.751664448506735
0.183448388426976	0.160380054480974
0.980260836717725	1.07513891464797
-0.0521916988733331	0.0445284211127361
-0.118407914603733	0.0703170706803105
0.267648167386136	0.224428837285676
-0.115197482532094	0.0830743528822125
-0.0459070637003553	0.021852755336033
-0.1164859189435	0.0691557451053515
-1.06347158900905	1.12369820093027
-0.509811123737885	0.269811686325879
-0.415464296122417	0.237468428323082
0.290868747911013	0.219912706488598
-1.5073757032447	0.758018136888993
-0.47066061444434	0.315980738464211
-0.447175993954974	0.348480879451008
-0.279663857719947	0.176795762303219
0.0523271091726169	0.0322696031191134
-1.18558743954395	0.661782892081725
-0.269534535255072	0.22412331137821
-0.309169815287631	0.254316853362136
0.675333218120717	0.704371096394764
0.361487550441844	0.329180911742035
0.0795857148409404	0.0562271668803648
1.30360867641597	1.81335637571443
-0.194123768655277	0.167792213759713
0.297764498244535	0.215442908875949
0.67218426924656	0.699749097467256
0.293123934632256	0.221804523006438
-0.275192051483346	0.229654382592244
1.33887088977102	2.4667278478547
-0.345943863620871	0.248089221545755
-0.158037282175519	0.108905411139085
-1.10822391623988	0.764140527027138
-0.344296870008404	0.209299813243889
0.588417878030214	0.303931742994203
-0.0336939707314063	0.0161749744734091
-1.02880687814577	1.16475261313218
-0.198956544157733	0.172558140202719
-0.56167932832633	0.602200737841175
0.0964733465008547	0.0734346196927112
-0.606476362398008	0.49761791256561
-0.533457564146876	0.446630390859277
-1.70078404355353	0.959608635709651
-0.634073197245374	0.304615282064028
-0.648225973509668	0.634944939320562
-1.60139519425188	1.91848817001782
-0.354525819937872	0.101778275735803
-0.168538535517575	0.0603007768512499
1.81323362267005	0.702723165703649
-2.57660997484294	0.657538252319339
0.159402290839324	0.0399177124259514
-0.628599509856641	0.151612619227975
-0.628299579656606	0.151558046801791
-1.30297756911684	0.58208110971542
1.45174463580423	0.478561109172125
-1.18623073020924	0.662203019092489
0.51386494250992	0.181311218287051
-0.341399110367455	0.207175274570365
0.445367776450225	0.32205574732953
0.135670373671611	0.0651021268702608
0.490174538397635	0.309231078877933
0.0297075551485338	0.0174034304331216
0.179876129572582	0.139110987000432
0.885073629194217	1.21343249747257
-0.109283870052311	0.0785698517780192
-0.245480529549594	0.207613204080399
0.100030199426217	0.0785432078542004
0.178386938191688	0.137854853094506
-0.0952266088609059	0.069930392061391
-0.789078698375201	0.746476783518606
0.287392148029206	0.216838692006835
-0.806229169585503	0.537365467532627
-0.148216491734521	0.0844075223966391
-1.15778944536607	1.01349843817703
0.13146580926851	0.0560811387017879
-0.164017900020631	0.113314492413973
-0.627819111116895	0.566095061823366
-0.159527492418911	0.110007957188369
0.322585468626585	0.340017513881551
-0.436938873192093	0.338700688283138
0.084623172857782	0.0620126543913008
0.689373401133409	0.802187246272991
-0.463397752911097	0.310317850820815
-1.67117058873285	2.09776487734517
-0.016085914945484	0.010703898512003
-0.608788116946326	0.646835180599844
0.426957675942255	0.324508712920433
0.0574400903595751	0.0354253561508308
1.35325457006523	1.25010524837979
2.43420043101959	3.07612317621406
-0.00439529470283616	0.00232858954174742
-0.149175535871495	0.0849703294289655
-0.0429032288438214	0.0204525514923676
-0.309716842662129	0.254918962276572
-0.882072721969836	0.816052975909139
-0.433197923046163	0.376860126265274
-0.392623663276762	0.347093072357243
-1.06807428592098	1.35267312966091
-0.251311770732607	0.187752766293893
-0.44415448840045	0.345493203610015
-0.511517435819668	0.388887843172554
-0.693669715244504	0.555224837107635
-0.625692684462055	0.299377366971328
-2.30620749707465	1.15265986549567
-1.1605278995077	1.01637776374791
-0.163692113967411	0.113106448312251
-1.4618261353312	1.32184795152014
0.123476538600204	0.0411411390392408
0.162357836679133	0.0405597098553547
-0.356952421866901	0.102502236157484
0.154465593370314	0.0289479903375428
-1.14559783756009	0.346052129596875
0.146332921310034	0.0429416898033695
-0.536892625271128	0.201634766838871
0.130839257555829	0.0434851599132372
1.05267607785163	0.500574839123106
-1.69534511275488	0.955115886541348
0.790073106768216	0.856007237415199
-0.161021121068522	0.111094223496389
0.294050096250002	0.212434610661941
0.618206652856348	0.582188252590359
0.588426755105229	0.571018538215063
1.0187396941569	1.62803175606369
0.078054043993454	0.0530494109622553
-0.0832116363881041	0.0607441134703946
-0.656882736848339	0.689219826034678
0.181317764447762	0.140339453387459
0.0384480899159679	0.0223671448982362
0.0294851331978135	0.0227912939460907
-0.224594192397421	0.171456999471659
0.174100987375816	0.119250502219124
-0.342730615035905	0.208173817849504
-0.253921816388236	0.189988653770793
0.293195145751423	0.221839800822882
-0.707282587266422	0.626977908461686
0.884107757926487	0.468945532977705
-0.23218878507897	0.151980498642809
-1.09977324137362	1.53370729448988
0.575451250778793	0.658447754606831
-0.290314521708779	0.21235094709956
0.0900959879644034	0.0662120418600397
0.726473287453647	0.912159245047817
-0.284519526729975	0.180131828150692
0.707646694106839	0.716697937561636
0.0107189781212972	0.00743996176254971
0.945955266818075	1.15996571966622
0.832670624286311	0.987501926378814
-0.116688955917381	0.0841765716028128
0.394313412950988	0.325693958402238
-0.558325829522341	0.357097020415164
-0.54346877962796	0.204399150899749
0.0155601261458312	0.00846444361348505
-0.255651410650467	0.129235174416914
-0.534791909939741	0.448132654848037
0.0136291099311907	0.0099129925837924
-0.25880290164746	0.194179753718893
0.687875109788148	0.602011544172553
0.38522617282991	0.330128677634642
0.824376818302728	1.07453575171792
0.0565264506608053	0.0348849746188259
0.396042005723375	0.32744463799554
0.427868295645501	0.325620354691095
-0.186124183105236	0.124874375430655
-0.413251500654497	0.236137805707598
-0.628169416056885	0.566388340219988
-0.232732141027028	0.152397101072803
-1.1414839653338	0.344622990730584
2.75641316563256	0.763778311858285
-0.632424041671007	0.152580102364835
0.658741078701816	0.207014004441108
2.34279546460337	1.14854756857349
-0.355401168227563	0.102014834884787
0.149551069550847	0.043790750343374
-0.53874057789979	0.202401825815006
-0.939821069900847	0.695050946875568
-0.00876255695675907	0.00445799719146925
0.64791368451156	0.461848819015278
-0.113455158261136	0.0673126355656763
-0.11512189478062	0.0458130318128354
0.0558166475887109	0.0344485553766712
-0.724315078601603	0.753561389012668
0.284830413474791	0.223961192548095
-0.198046044459063	0.171661223355183
0.0286485365145861	0.0214773956503484
0.0568502676609675	0.0350676680507542
1.4762151658385	1.48533777783081
0.706634361641356	0.715701743361772
0.373138882352413	0.317478654315813
-0.492386427261987	0.49772513891956
-0.124169226866603	0.0493819983978037
-0.0831671814079273	0.0365510069796193
-1.18613909098152	0.662207218310526
-0.194836677925578	0.131271631542733
1.09035895425525	0.824704881201877
-0.789605168834435	0.342652630123742
-0.325918106206965	0.150477940797154
-1.15886067768392	1.01400927739533
-0.626776903251523	0.564892732995879
-0.0356862918451558	0.0231220121370441
0.0151622227051175	0.00825191209292124
-0.0359363649348204	0.0232837817731319
-0.0358601263922726	0.0232251805792441
0.146306119656019	0.0775081990597443
-0.623634285606963	0.29834353419319
0.0438185260660268	0.0254898383374606
0.731230240529122	0.610098970502281
-0.343084266872429	0.245809737842868
0.847178221314531	0.623971310909848
0.172693052249993	0.106500513455506
0.588234805535035	0.304196236981737
-0.672010350119399	0.402776806561797
-0.339594447783235	0.206156677899804
-0.966705164520966	0.596532570600126
-0.631863015311804	0.570893541658862
-0.113075269836414	0.0670794433039561
0.175618886392081	0.114655210480132
-0.193803357518682	0.130554051334302
-1.07821475696901	1.37213265056168
0.588405870825793	0.304001827564856
0.885422690948132	0.904027451919885
0.177955127442654	0.132566235534002
0.28919221267615	0.218431619034055
-0.471073820606	0.316374010607593
-0.277369856109379	0.175066676326978
-0.168318442800183	0.0602514969158982
-2.57660997484294	0.657538252319339
-4.23342222999968	1.97051039748635
-0.803558177224693	0.622366702486009
0.0354409258493788	0.0206192507793854
-1.55640770793449	1.5092325862154
-0.0794880766267141	0.0487236027014533
-0.440965352462495	0.342549758433485
-1.52246182960607	0.540465661800635
-0.628733247343677	0.151688343674084
0.144389940892798	0.0424393237157952
-0.163494057823833	0.0585592347262008
1.55300985702291	0.753634208358815
0.155111385030128	0.0290417527313876
1.55230573373748	0.753147839021799
0.12766278679512	0.0481491979841494
0.374092127736531	0.166034201456291
-0.409291641072633	0.233560595154792
0.0579756723446338	0.0375525513899562
0.792705044182713	0.752479801059951
1.22926026686113	1.48940610673076
0.176684273967319	0.140995435358601
-0.112907978024297	0.0813322819227386
-0.105879251537879	0.0759722519451262
-0.513157637626763	0.552436074106429
0.00458855110592643	0.00324487101880053
-0.0112797884562041	0.00895371932287062
0.331651560758532	0.343196399515251
0.0566018235599452	0.0465461925777327
0.334446535716594	0.337880286175287
-0.183091647474037	0.160967284137716
-0.615302026503469	0.507233766352619
-0.278048909777059	0.175450298071492
-0.231541740518058	0.151527147616074
-0.793182567097288	0.344216411224244
-0.403454085721129	0.281116662890882
-0.504449606324496	0.382350075789712
-0.17185533212761	0.135707530703109
-0.60792642878425	0.499238858998112
0.117182624869856	0.0981712664914204
-0.690196234821006	0.551459222216556
-1.01267118184922	0.918441894293354
0.187587407432385	0.164480082795751
-0.464488870359763	0.437278615388442
0.0499189721186599	0.0388438344275241
0.178689457547853	0.133208279913974
-1.09899194029985	1.531376708039
1.43458240148172	1.62579585389797
0.0687922208557838	0.0465939642695586
0.94218777362713	0.636492661152054
-0.236549271399732	0.155115657357692
-0.11579809158131	0.0687350764901087
-1.61733603896111	1.25231222311434
-0.470945898898711	0.444929973785563
-0.631854405646359	0.754172002342687
0.540809435227381	0.451194415887045
-0.156036829993439	0.107382910116192
-0.445899651458598	0.347295576104259
0.282539966098655	0.23062313198376
0.187756314120214	0.160184862893794
-0.266994803804154	0.246978154150622
-1.00663391008777	0.910667341557862
0.494087860087709	0.312569758724104
-0.109672885350874	0.065002760002481
1.07136286650501	0.650851961894903
0.130977595936442	0.0435409758262869
-0.23197785438725	0.0746812633614378
-0.359141638818634	0.103112871302961
-1.03964164372292	0.408955449510983
-1.1412568453231	0.344431220445032
-0.623583634287472	0.298378288783754
-0.914202109810697	0.76933191872073
-0.9308311028646	1.06345054712969
-0.0391576576373785	0.0253702467635703
-1.14217686317239	1.27723634526023
-0.628867026021838	0.151670609188118
-0.241762406615348	0.0777470617850766
-1.04674936271233	0.41213485099752
-0.413986152692966	0.172540891487319
1.44439002873137	0.886814007447031
-0.240846100521927	0.0774684702165293
0.58657978760058	0.30312760472504
-0.195659517404632	0.131852746420562
0.49154409815094	0.310320925996665
-0.0370084392150385	0.017713184880402
-0.502425650476057	0.464421656523343
0.84813713111734	0.625012418854881
-0.866325474362747	0.941135966117725
-0.131892985993153	0.0929521812725689
-0.35356532449119	0.316274178987043
-0.126011178722931	0.10201195543501
-0.141411202228934	0.126140027291998
0.512216225765481	0.552749452410961
0.0864512151439834	0.0612224272000739
-0.315466133103034	0.284268371964008
-0.159247976090901	0.140917535586846
0.387930640056662	0.42482226717719
-0.963962134539394	1.03812912944609
-0.0835652385425866	0.0512689811053622
-0.348047126805403	0.281863056910646
-0.667649818521345	0.399460839061927
-0.299093118158435	0.219818611333653
-0.0834785435749185	0.051187203981179
-0.0800571853748845	0.0490874926692001
-0.136213981591613	0.0962023239134579
-0.449847106388336	0.457724207701399
0.355789386227167	0.333898639000629
-0.388519357604609	0.308069068274343
-0.131763505240703	0.092847973913713
0.0822757548164285	0.0559881347538898
0.0613572685171574	0.0397497487535389
0.449259101394581	0.325258622536991
1.89276410577111	1.63126056566248
-0.0123329101028764	0.00622479462210069
-0.679850974046181	0.480618710026654
-0.298449403495121	0.219266432429715
-0.0178087292379552	0.0118184216798293
-0.691280573654733	0.552617810292483
-0.545192417329985	0.459151840798826
-0.640438649961709	0.624580695308158
-1.10209422304666	1.07028534424709
0.179813466679708	0.134092228731547
2.39035516343057	2.02320319582031
-0.623229821308882	0.298387004700593
-1.14536534536015	0.34589005605433
-1.00004103377151	0.493654528880013
-0.956649570611335	1.0269267794708
-1.00870581064978	1.22013298606409
-0.337279440783666	0.240952494788225
-1.43992152381198	1.54455994000164
-0.165156727528551	0.114176001774189
-0.579290478906084	0.424757328186281
-2.5766529574574	0.657773148602288
0.658448437247608	0.206865271021461
-1.79840965860499	0.382877827643389
-2.57963910438406	0.659061212358043
0.162952579336367	0.0406858836130456
0.14255281745336	0.0418775195715754
0.508611512899089	0.179247425596536
-0.80368977255507	0.438581105146134
-0.256895230163255	0.12989407327354
-1.04788488605255	0.845463804055956
0.886037933450849	0.470272418175444
0.0143329720396244	0.00785916895225924
0.459438629829787	0.438720203320849
1.13070024096015	1.27859635839175
0.38339666608902	0.328326613133263
0.262072939892523	0.226357450864286
-0.129968799372293	0.0914949574259375
-0.24603979410981	0.230011134978046
-0.076732564928882	0.0572604458016576
0.812868929714229	1.14523536244937
-0.443018401138729	0.344305173532412
0.379181051830321	0.323917405567955
-0.411559239911514	0.234866411182336
-0.152221914566949	0.0867706865653555
-0.148753480892945	0.0847399048892256
-0.00700527855891465	0.00361081836285269
-0.338449109100604	0.205332426822832
0.135937173335384	0.065153738750526
-0.686545193356101	0.486498960687882
0.408848184605678	0.324699650739295
-0.624501462907049	0.298906969740345
-0.71516064872218	0.690243131773379
-0.812402174415978	0.444792956101086
-2.00365771811875	1.39885377810007
0.15502754074603	0.0824298774330382
1.35394199973312	1.25294453056252
-0.121676375691626	0.0483804301176356
0.124643132626252	0.053283787961695
-0.625973948930097	0.299965212945849
-0.120205507251915	0.071419529449258
-0.721957888077172	0.750502955760823
1.33374902887748	1.40689355822602
-0.196031455904405	0.152373704102725
0.0503535809664232	0.0310376016868832
-0.256023718353225	0.129302917301584
0.0170221715377105	0.0092694555750882
-0.249526410671139	0.125867823958853
-0.628739170002546	0.301575882592353
-0.189827511779993	0.102509031351342
-0.335968337675148	0.203658181079504
-0.0894738474774227	0.0655051717261041
-2.1102070737455	2.95557813677568
-1.01228645196496	0.917931009525146
-0.30047741698942	0.245909292877916
-0.611382333575332	0.503281828107744
-0.790523729594371	0.977759951562722
-0.794250200006655	0.753116953569499
-0.194899536592342	0.131328862021983
-0.737154567775087	0.251538686589487
-3.76529646610535	1.48477662035046
-1.23399983864666	0.938186851537503
-0.2819655923201	0.17834902875795
0.317836102600534	0.192665634558103
-0.330626558994188	0.152762167760485
0.0462628198076663	0.0285264422983526
-0.628867026021838	0.151670609188118
0.13132857528406	0.043642788977823
-0.743029498323094	0.253754321369633
-2.08853487094957	0.94349842004388
-0.535972986453295	0.201305640312495
0.381912205785604	0.169652388304324
0.14459272033421	0.0765298894736915
-0.486533914179819	0.417475099621116
-0.153002546584331	0.0872565913727207
-0.0331598863543656	0.0214965019097557
0.877245516792183	1.01677548417614
-0.421286085100899	0.400462736004432
-0.0336261272646966	0.0261578644965034
-0.0649052561053003	0.0492533096485963
-0.114944056688494	0.104508106828554
1.16357323195006	1.89110043420974
-0.914551453951648	1.24617107572363
0.410760520168372	0.326640550992038
-0.0123224253983349	0.00978980756428599
0.648605564139647	0.589366868554474
-0.796501263794575	0.756453215749734
-0.605187915813086	0.496217208806487
0.172836725856594	0.118316465473122
-0.193731252712473	0.130453539684878
0.016886596263338	0.00919385549504599
-0.262953504860336	0.197605779148951
-0.663723275684808	0.396806661697531
-0.226968225515573	0.148234514199092
0.889074846343246	0.909672435592386
-0.296017930780813	0.217184120962055
-0.201964836687863	0.157506111365323
-0.277994933557121	0.232467440137887
-0.279682027180214	0.176704509565116
0.132600988210423	0.0440609588064188
-0.551956149116222	0.352474461523864
-0.106199504841151	0.0628613059228124
-0.640039709939151	0.623893632780579
0.15200676951172	0.0806862443093814
-0.324840006825389	0.149748814886951
0.0745685863021317	0.0506199363993799
-0.0567464590203997	0.0358215609794527
-0.4798587865005	0.410279132985501
-0.395476849046116	0.314823349448856
-0.392183219396051	0.311597840847408
-0.795987896727346	0.75580936534602
-1.0449685389911	1.39763466781116
-0.232861789462254	0.152429821747216
-1.06062969984298	1.11878919253959
-0.603488413178642	0.494587027538294
-0.00918359427092615	0.0061759116001004
-0.134576839337364	0.109521978016814
-0.432979974203014	0.46896884294354
-0.441097724705284	0.342687824717974
-0.302199690726097	0.247536810096041
-0.873338162403463	0.880972969503082
-1.23962869930225	0.943957610591595
-2.0861697947568	0.941936992542813
-1.52497036065527	0.541612586959632
-1.19325062275506	0.668020253789667
-0.292420065681235	0.214094792300078
-1.18794771968972	1.22742232934223
-0.352850304524026	0.315533353399484
0.15963091503218	0.0399802605532864
0.161043695584893	0.0402684742968713
-0.359725191866461	0.103238313016327
1.81456677210567	0.703082758766755
-0.239712126266584	0.0770946293272292
0.59222873732055	0.306385915950256
0.586276239273348	0.302826953976258
-0.342499067912658	0.207951885320051
0.778644952212308	0.613441289943903
-0.152433276895134	0.0869380813267073
0.650575844900217	0.591757023608464
1.22874807785478	1.48840837663508
-0.337795087306803	0.241399954186958
0.176599151426573	0.115409246681549
-0.789258451333031	0.680664861347543
-0.12201126063527	0.0984542009811389
0.424510089576354	0.425120602878564
1.1522158431415	1.43465335606932
-0.00615782500123174	0.00415873879728984
0.28152619897906	0.229625802535523
1.2297169467365	1.2029273736153
-0.0456637697886401	0.0217245052130563
-0.225696665678292	0.172509230744267
-0.933027747200739	0.687303656148758
-0.150623942569514	0.0858621339137848
-0.341264231646493	0.207139203238744
0.70332136607649	0.46169637694099
1.09229657831232	0.827956465435663
-0.339196328330867	0.205767960708807
-0.205490412088763	0.111482386782589
-0.588725055792297	0.433411057110616
-0.258273415097438	0.193674012248133
0.0361353054093487	0.0210823394548516
-1.10939207761399	0.765121493589435
-0.544853478742199	0.204974627934257
0.15033505644189	0.0796775697291421
-0.935920498337911	0.689601196407123
-1.56215360424761	1.51797788948265
0.137545017702438	0.0660397906217819
-0.010413819178102	0.00527567254232201
-0.807236543147843	0.440721837794854
-0.276554132375539	0.174512971318763
-0.943798405282603	0.699194402907522
-0.0371902708787638	0.0240989751032741
-0.790037621064052	0.681799898620975
0.0981929496874246	0.0748167298402754
-0.271231646883559	0.225857196693184
-0.19491355703042	0.105420113135523
0.163825612680451	0.0944465935272331
-0.602569913988971	0.49363126030423
-0.442121740397575	0.343719761159216
-0.559538502296964	0.358144544889092
-0.905065096018833	0.758904902414117
-0.443720632762538	0.345213679361693
-0.869274840114213	0.945799496959441
-0.689723922010326	0.551003269554682
-0.321498630266757	0.148130773447812
-0.167409271163493	0.059935085601386
-0.0793386378746503	0.0349052682296969
-0.543688234679481	0.204395614503949
-0.119898277285489	0.0476942988243081
0.304384093163729	0.209708050618415
-0.188738941629247	0.126792287306462
-0.343738691058095	0.246311958923484
0.0870899136494293	0.0616980783436997
0.283804862482072	0.222986363048487
0.094043521750842	0.0714806975497035
0.072576247779712	0.0471826874089615
0.120411787030167	0.103587282525069
-0.917890703672568	1.18520707314946
0.620853608929627	0.766993931835981
0.251318700894765	0.247200729605925
-0.278528428081363	0.232930989146891
0.0372329912490209	0.0288172698881098
-0.792524665943471	0.685219100310972
0.273194798448384	0.229942994778023
0.0364634107180935	0.0212605870329664
-0.503778782223077	0.266073912478446
0.036795643340036	0.0214329865387449
0.321312186796562	0.195037174426214
-0.554774265306029	0.354434672230042
-0.20058459136357	0.108709007380494
-0.155939604816428	0.125361513941146
0.410773288319343	0.326704596903511
-0.289179886522397	0.264122930219394
0.140843056331792	0.128664685075075
-0.0348798106831586	0.0226058874755385
-2.93568895950139	2.17083249864334
-0.0794370717150708	0.034966043729757
-1.23597264353958	0.938828936883507
-0.285318280841983	0.180720435328935
-0.294291913072096	0.215729478998752
-0.391903401736753	0.271601429869068
0.185114850614289	0.143606098628204
-0.930892816690531	1.06388385753488
-0.62460452664019	0.562082415963393
-0.80967523819527	0.442788201768594
0.157042505417113	0.0901836141375772
0.298741546882273	0.226650353215423
-0.694555279761479	0.611753153871423
-0.063007086096605	0.0477713641386241
-0.463529977652885	0.436080447538249
-0.795321353902283	0.81718164077019
-0.497196695474679	0.570631359342108
-0.265386697315934	0.282676692244862
-0.86186147495736	0.933838170107517
-1.35107425192019	1.56623167867118
-0.627275723645145	0.300642442777685
-1.35759218428081	1.37049827805295
-0.72919672970003	0.81084212836719
-0.427169643386556	0.370285633770061
0.30101022325923	0.218208087129065
-0.0426330670732683	0.0327024367655846
-0.260873170218864	0.195954917207633
-1.50245306895528	0.754736262859766
0.424719696521905	0.167520800855861
0.798887367854718	0.328506973468232
1.11140916534895	0.997736973494312
0.429685159224993	0.327363660557661
-0.395933584675013	0.27503751530384
-0.00985732292689844	0.00500016699923357
-0.796095642385576	0.817937015170804
0.371820988286708	0.316143099587977
-0.390897616024025	0.345212051200883
0.173797583452198	0.113367037067112
-0.464361509980658	0.437127544022931
-0.0101182277978766	0.00680369676696443
-0.0827319535549696	0.0694807441071785
-0.227948535495349	0.215336055444139
0.586158826713698	0.652659581979194
-0.528992143604746	0.526971465689094
0.108390832762213	0.0855615822085887
-0.0445013558466417	0.0288400242991248
-0.0624651232724351	0.0394651155029304
-0.194613795655639	0.151111121758988
-0.34014917426115	0.243339460858702
1.13361782625379	1.1625989626671
1.64984193842127	1.55345538572658
-0.680062422348878	0.481064406348861
-0.508252413441965	0.268769453496606
-1.03964164372292	0.408955449510983
-0.708949325576952	0.628597055462638
-0.0408531662538756	0.019489548383719
-0.110686740703737	0.0656158821550386
-0.10843253043922	0.0779172409119787
-0.189391926068711	0.127309035955375
-0.2447875952666	0.206888587291722
-0.228633074030641	0.211059929702767
-0.571138251248168	0.72501559233692
0.09971275906309	0.0760101871595959
-0.0186515317858194	0.012384493567263
-0.060012445180214	0.0454510431213536
-1.49859860338572	1.05346540986186
-0.324987336844565	0.149990505177965
-0.57984243483659	0.425191683642514
-0.7901684881461	0.681846316301825
-0.146148112849285	0.0831553760021306
-0.412857195481545	0.235896163665512
-0.432819560567832	0.376502520690293
-0.385067922722944	0.30478507060132
-1.10163777611809	1.31647289088635
-0.784333371649275	0.739916693620381
-0.131689810214704	0.0927205217482548
-0.396197116002904	0.275251848845868
-0.338099459565026	0.205078329820498
-0.427441066557801	0.370592323419992
-0.400386600311222	0.446811834178452
0.17522767733854	0.114379285085204
-0.460838938986745	0.308061546155545
-0.506199231540822	0.38362400521104
-0.114626732777274	0.0680332615376088
-1.52866955783943	0.543083867430977
-0.809673508940478	0.442747934748592
-1.61580116792893	1.25081528943741
-0.606413653665928	0.497917702663094
-0.415178337434302	0.237275158986416
-0.19704994094774	0.132906081653335
0.105420817007348	0.0780189689995589
1.11861796726995	1.00814045569504
-1.09998482259714	1.06707156661449
0.144976980831471	0.0425943260188831
-0.783491228667279	0.339294811947754
-0.417431426130247	0.174014069700138
0.0479478731137356	0.0295495434960221
1.10090530859877	1.51559091888479
-0.0851268908859377	0.0522518975680205
0.424883902042451	0.322749598811598
0.0831473505814274	0.058817964026894
0.3334880471984	0.336679040887086
-0.882725170131488	0.894289231837364
-0.405475728292315	0.497757827436261
-0.418359227801948	0.461130134215043
0.440617150456371	0.521416563780244
-0.890498542217907	1.25889692779279
-0.199068159282299	0.134402129196569
-0.00501995161097441	0.00403058555776086
0.491876970054478	0.441150907078706
0.745704222966117	0.732086468047123
0.0863148852617554	0.061124824424394
-0.0347320018040315	0.0225086570166125
-0.802932164614141	0.621928420564178
0.168268069658309	0.1036392978327
0.0398457955049847	0.0308674147505613
0.569838491765859	0.455002862960313
-0.197132546888198	0.106742948057111
-0.113453601875846	0.0672986146028741
-1.10918454329817	0.763995769327407
-0.415517834935378	0.173096521773236
1.06817566818363	0.648031617689729
0.281089389402347	0.220522734642241
-0.113280475598159	0.0671832723365547
-0.624152062370684	0.561678594046195
-0.0268362286859848	0.0177633429505522
0.00675523872716503	0.00613993019627204
-0.188426375236702	0.18052825700025
-0.535631649358018	0.68172866345634
0.876257872354125	1.01435693238819
-0.435087745146336	0.379052938813781
-0.680269531561713	0.80787175164886
-0.166907634291636	0.131375686248622
0.105569908823078	0.0831959855018007
0.268028650119025	0.24684665458264
-0.397106798138565	0.275757118305771
-0.711647431743809	0.631918093143377
-0.335110826335262	0.239047358732303
-1.6932438743783	2.47247633739519
-0.458811182235664	0.430409760325671
-0.388412754896191	0.402723725628663
0.0567895323559649	0.0467049225946307
-0.441525466994944	0.446809817679398
-0.1327859242112	0.0935222280795112
-0.346434162286516	0.248608618697177
-0.294857124437289	0.216213277304197
-0.667157619067108	0.399470889154624
-0.415763703444604	0.237844647731621
0.124488256386008	0.0469611145656188
-0.412662004115537	0.171824547816786
-1.51159018346237	0.76153698752495
-0.165088554277847	0.0591488725692337
-0.795651816962791	0.755089956575811
-1.00809784806944	0.91279187412596
-0.185638601018053	0.14334178542305
-0.582321463413795	0.574895360628853
-0.081742422070704	0.0501082074970056
0.285857049598536	0.215437890815606
-0.0776347262175717	0.0475655967714203
-3.46276423195498	1.22902448571158
-0.17508657798288	0.0626814147595453
0.137777354037229	0.0456973820976041
-0.511882358397921	0.27090233555391
0.940596822297131	0.635040639902186
-0.970611196463213	0.599211251720684
-0.00952560178634531	0.00481429793622318
-0.721824631871737	0.750351804239704
-0.323816125001619	0.293607859894146
-0.22300658909767	0.170218698440657
-0.00344488847652321	0.00237225178711202
-0.628766785352379	0.567215469578533
0.275413635571275	0.232080132275073
-0.00328903813804829	0.00226866395637434
-0.506875168070018	0.469991660624045
-0.174283886061592	0.15233833614318
-0.0706753300770988	0.0525875115588126
0.857923965976037	1.09585207623142
-0.532436847950289	0.445310477241426
0.456424159297507	0.43496660261584
-0.514156645798775	0.272396438462666
-0.44772985058474	0.348890610496224
-0.155280601360668	0.106832262570138
0.72997546013019	0.60934269495466
-0.512141096475387	0.271273936801632
-0.141625833389829	0.0804780798617678
0.289929601640987	0.219065314107821
-0.256601815000838	0.129736279045066
0.669294093430786	0.307879355796411
0.665374855835985	0.305769747809729
-0.929734673428467	0.684940295902981
-0.0741007656838568	0.0326446982737396
0.139254187535573	0.0668941188308393
-0.504680843238838	0.540085443523922
0.294565891351866	0.212889220624988
-0.552287993156797	0.352439608621141
0.395597284028291	0.32686687452719
-0.534153852684427	0.533744023045061
0.42698507367596	0.428271398514485
-0.123402414561474	0.110836483969848
-0.197892404640429	0.153925707409469
-0.255373619934931	0.191219455652348
-0.191618254745893	0.12892823163746
-0.431767977399715	0.375446106408999
-0.323226128510888	0.315821042656372
-0.215626245557384	0.18409447740514
-0.559765232471459	0.599297346844529
-0.639442035996215	0.623223934714952
-1.45826232837761	1.31523807840554
-0.704347372123958	0.623632922381478
-0.16513442840883	0.114152605233186
-3.05848426371657	2.47841900317276
1.814860828926	0.70324597733131
-0.168630351666245	0.0604041613251249
0.147597353924913	0.0432809812564028
-0.627003274611623	0.300529188364514
0.701412261061923	0.459994190435441
-0.195317711194049	0.1056543372478
0.171324307467522	0.105593293166416
-0.216631976810506	0.164724937776774
0.164904513446986	0.101277524629757
0.144138136643148	0.0423508720464565
0.144389940892798	0.0424393237157952
-0.412261031351047	0.171714138801548
0.130897641198513	0.0493245769058395
-0.624824451696218	0.299085257385298
-0.124408711677033	0.10059266293919
0.171291952935764	0.105623745938748
-0.514099720538732	0.478712620256035
0.451049236881185	0.428320263285627
-0.73205028788497	0.863071708886873
0.117923769837005	0.101308202166076
-1.07004454885376	1.35638723672289
0.10668149585698	0.0816325918939296
0.0862539675534939	0.0817680543594135
0.100425361660061	0.10748137753522
-0.265182288679153	0.302212880842228
0.764977650450196	0.946930232440909
-0.310600740701448	0.279160471709157
0.190108923331415	0.147854396521035
-0.00964498390249561	0.00648334850805497
-0.796253158703492	0.818263591776559
-0.470123652363731	0.507639202069469
0.035862765912136	0.0209274351713325
0.360359295163228	0.328028383400765
-0.107237215068147	0.0877961478370057
-0.172110037804649	0.162854683131728
-0.935546675972261	0.690374797582717
-0.628457409138232	0.566895696289613
-0.397622636625162	0.276274758202717
-0.0347876714286553	0.0225322810383748
1.8876090112428	1.62149569479615
0.609520263521651	0.462364042043027
1.53643626055702	1.86431964617137
-0.189904499804014	0.127659724037201
-0.102006835674604	0.0730603622108791
0.184088020020561	0.137586077558772
0.0678355748670769	0.0440164127081295
-0.0927435831637429	0.0679990143595886
-0.392481133262908	0.378465038887684
-0.615989213795505	0.657150453646673
0.726051386598422	1.08823983425131
-0.117515047605302	0.0848292037588728
-0.875209326962515	0.883869226730974
0.0771689472856063	0.0524326711679103
-0.330612994318229	0.367008010043732
-0.39361797052169	0.437243588395423
-1.08155835228349	1.37863762796153
-0.573648573507746	0.651064687166359
-0.337961322742832	0.204964977155177
-0.722219660679541	0.799818433337195
-0.276303153436084	0.230809627933936
-1.13585426199679	1.50992189769678
-1.55392795357255	1.50453784957074
-0.0119244883867159	0.0060213508108028
0.884431831466915	0.469124039133962
-0.628193473396668	0.301139441269947
-0.332498100411613	0.153701798268277
0.124743014208916	0.0415439261654004
0.134796989185734	0.044763826715822
-0.684888274079551	0.484985095136717
-0.391092099644742	0.345394819260873
0.287465800999443	0.216841621608376
-0.281636928438582	0.23597699927763
-0.503312127639923	0.381019875279558
-0.201752791657274	0.157280094773818
0.740653177717223	0.72547512447734
-0.23021229415451	0.150494609164668
-0.3955090319698	0.314858534822009
0.0825106518082082	0.0583570852830691
-0.0890691296968072	0.0651962453913294
-0.509037720783347	0.386749861657874
-0.628733247343677	0.151688343674084
-0.406698972582702	0.231835760670692
0.364022847212198	0.320431845687616
-0.494095216724067	0.500072987642592
0.887750974168292	0.906551971409042
-0.592238680124451	0.711612882400663
-0.926195607365439	1.12982827709868
0.756205573170372	1.09379482348954
0.865811152678521	1.11046921342607
-0.0569098616392422	0.0478804379211181
0.1863645622547	0.139502123429956
0.277516253966126	0.225882896954865
0.102883906188336	0.080958659144479
-0.642109023783401	0.626846794004983
0.791932165269067	1.05039670368571
0.644088907396544	0.458106846430934
-0.346696362249673	0.308759325127502
-1.05097988159215	0.850222288600824
0.094921431388669	0.0721706328336268
0.0205199835776185	0.0111360657585742
-0.0511709068293195	0.0322750827228465
-1.15614562608036	1.0109120975269
-0.701844265451323	0.620667220534462
0.0964688057508107	0.0710999414619938
-0.415116620386652	0.172916119993669
0.585198397650806	0.30229388021313
-0.151069750358443	0.086076205798467
-1.25317048688668	1.17623901751085
-0.509555131632557	0.547170608890792
0.0673013478242735	0.043658306479698
-0.294846680527402	0.216151579329733
0.188208403261508	0.151257269266558
0.977020797079559	1.50450996535187
0.26562758443758	0.244250235923559
-0.684382334416769	0.544984079394574
-0.57793813005815	0.423333185794494
1.22766646879523	1.61650449325661
-0.540108117325808	0.45389308341514
0.262603775461239	0.241012203004169
0.323708412862683	0.341519544779573
-0.253444545496222	0.189533276218264
-1.27748970601069	2.02061497793606
-0.200308825636201	0.189689861022021
-0.536324715327053	0.449385528930746
0.0765618383004039	0.0519850189312758
-0.0421550632813952	0.020117260806527
-0.330170600957996	0.324070046700492
-0.325825853218597	0.295734605956126
-0.0155937953865544	0.0103840643428709
0.271057378095747	0.227830269298974
-0.871396666961753	0.948766174559741
-0.11706780556092	0.0465584081549706
0.346107190599633	0.172968959614611
-0.800014083136839	0.532196373052048
1.02190239796348	0.380920127363489
-0.412965982284542	0.235929283809284
-1.04779140371951	0.412732841654536
1.0623347190817	0.642854303066156
-0.0606443753885868	0.0383114777910926
-0.971801006089989	0.600543593760837
1.94940696068147	2.70924721749044
0.0346028991560988	0.0201652473070775
-0.7106086485695	0.68442475675896
0.637560625736941	0.679137476876183
-0.72080089958623	0.697673631180048
-0.0794270341666096	0.0486943832928221
0.847256105553751	0.773493043323581
-0.0300325803469677	0.0194749353149878
0.055113324964855	0.0340151222978399
0.909102644867729	0.788917963466297
0.792424054388627	0.859864106558867
1.30187175921279	1.80826504039124
0.298770545667737	0.216252069889907
-0.476132610010455	0.405981141518967
-0.424366467147507	0.404250667917315
-0.194893620404717	0.168499399655563
0.671510810866524	0.698948549075597
0.00784635913323128	0.00547114029858938
-0.0938874266997052	0.0778745914997119
-0.217521001520387	0.165476266071997
-0.689882741482277	0.551055404566821
-0.0797163721273882	0.0488652106913758
0.284136474291452	0.214003619926274
0.535987154049386	0.30960096059062
0.790512367042825	0.749402807794342
0.496750418874594	0.314118344180268
0.400978518697233	0.33230971581276
-0.272109945009137	0.171264700565248
0.0572282608226798	0.035299056552173
0.852667971483812	0.628988844809707
-0.901971946831949	0.754501664672253
0.0179734557596619	0.00977595715716114
0.174697086811473	0.129902795732052
-0.61208754394038	0.503707591427006
-0.089898772867886	0.0552405517655245
0.178689457547853	0.133208279913974
0.570674842970873	0.651029249361712
-0.886685587061864	0.822985689578237
-0.793678363378854	0.75277284399074
-0.0537456495350088	0.0339155505707855
-0.665776434601873	0.397665499713618
-1.43391376648592	1.53159789800088
-0.554067057471447	0.354186258524456
0.176428389278804	0.136132431103948
-0.348318964129104	0.360496071699616
1.03313038677395	1.34983232982678
-1.50125878161383	1.92731086538035
-0.604643662511535	0.641197324601727
0.466533521492916	0.430186752955147
0.142717171801132	0.0685422804200225
0.173770526602821	0.119003159256862
-0.510996089656353	0.388496232372742
0.275868988247574	0.240422299869634
0.393565215233902	0.324725018884308
-0.797235207096546	0.819637734021895
0.300999787810126	0.218183478315374
-1.49123399729783	1.04460296984179
-3.45945095257726	1.22747869975084
1.0239728358881	0.381885834911352
2.10518557386543	0.926356193545713
1.04480901675325	0.495932284777841
-0.354815349846941	0.101888689175609
-0.810093432305161	0.54088216140346
-0.205630618300104	0.11155864363267
-0.418774682612898	0.239675974046708
-0.501728978313409	0.379543766723623
0.164715463555419	0.101289720405542
-0.60177477991496	0.49272221163374
-0.0137865555964639	0.009202549589111
0.100976761736767	0.0770387184916092
0.975815203961697	1.06782086447441
-0.346504518840177	0.280372801475033
-0.158204519025267	0.0903342850860144
0.457218156148274	0.436023507100657
0.595064044498972	0.66610393284708
-0.570653472954654	0.646494507785042
0.444041522721475	0.435203293464326
-0.292067355327557	0.267293123846053
0.0571911924029032	0.0491644460655647
-0.161014329654983	0.142615475436713
0.260437852430061	0.238679878470646
0.699017608207127	0.704987650233094
-0.428711432713832	0.371999211573883
0.518128003697805	0.542820449958568
0.557519439862158	0.650704090090077
-0.136847371426152	0.111519051325285
0.176559146566263	0.136288770172746
0.134472340969086	0.0645812853606695
-0.0101245547867014	0.00508711120817871
-0.0208320322263366	0.0138128165425725
-0.337934251851945	0.241482669392737
-1.36001135982408	1.13527313909038
1.06558922584345	0.645414737961302
0.937064169423127	0.6319957579078
-0.198415546172044	0.107462759568414
0.317263633314424	0.20652132370608
-0.539545222296213	0.453287515197621
-0.260853376305676	0.261955430386359
0.017468764799189	0.0126610148704866
0.24447449832195	0.244815777496553
0.659213999672682	0.78136671336614
-0.38209873512562	0.421058160831394
-0.0816608982966903	0.0500715357734175
-1.35729523135555	1.57718610839216
0.110973857874399	0.0902139982442957
-0.252912277463854	0.127738846541251
-0.804143549061337	0.535713579429284
0.293260374568325	0.231492786775424
0.12848311324604	0.113807924199842
-0.393046800397042	0.408460044704309
0.346452053259532	0.333469698639897
-0.359652129687437	0.350160134219788
-0.279244604995421	0.233662182102903
0.183913125330342	0.137444084706288
1.11571190953495	1.00302093442475
-0.63546037314346	0.760225928325577
-0.0163832905390611	0.0108994126643706
-0.244621079530244	0.228505808352311
0.0129952782659987	0.00901546865197209
-0.25880290164746	0.194179753718893
-0.152100108257621	0.0867127484400532
0.592035585160671	0.30656838233964
0.874496586092783	0.463010203016132
0.132164012775708	0.0439252834614193
-1.69595105516813	0.955981928995573
-1.01068327452534	0.500309191512175
-0.969724581460316	0.599210774243433
-0.507396908238773	0.385126721725453
0.172769101948255	0.11272896091832
-0.503988729926419	0.381949184986597
0.0858986224805951	0.0608536964450114
-0.313175859834108	0.258319038631169
-0.384705264428461	0.369347592218114
-0.697304031803207	0.615210383702445
-0.106017036415982	0.0761013220031133
0.0947006511507421	0.0697571504859114
0.178272942968018	0.116576964056176
-0.335351241326394	0.20319337075891
-0.0416874571269251	0.031962034908543
0.122288009360226	0.107839655416742
0.269882102859031	0.234268778528211
-0.291601229853889	0.213474607110764
0.196861113876583	0.164030739489029
-0.639468726837426	0.801729675850533
-0.481143138783795	0.411776904667589
-0.642378334728806	0.627102469137393
0.0204512097821293	0.0148044571882998
0.712033543220168	0.807647260954694
0.534334122061697	0.545439640063441
-0.389523130634396	0.308923608524617
0.0894662441222534	0.0634674269006598
0.0597331170758172	0.0386970952610207
-0.549648729629441	0.350303473994142
-0.424254837999768	0.367135892813429
-0.276966221712412	0.231337784879727
-0.680531360070912	0.480901119219727
-0.293592109964997	0.215087771729688
0.284581105082527	0.223726785322541
0.513516136888496	0.181178716343693
0.780198075712746	0.615619373374403
0.655235970722832	0.597231150213478
0.0439440682546393	0.025564959326952
-0.499004267187835	0.376956482039399
-0.275450487756462	0.229937666146697
-0.794304483025695	0.815470041614993
0.12357802417036	0.106540394158035
-0.115349775181823	0.0831896873652843
-0.0807567137178188	0.0495050560430162
-0.340017633963902	0.243230070024345
-0.392007525610747	0.31147315886753
-0.0574570790880597	0.043458052526546
-0.163473472962739	0.141720670673225
-0.392753713486292	0.34716357580982
0.106776019104071	0.0842059383648657
1.09851200219798	1.51001725560522
-0.245833600132036	0.229723396885566
-0.283435289134574	0.257779685912134
0.705369224585146	0.714045323471672
-0.482579132028456	0.412973064242598
0.275408753487419	0.223821086239908
-1.82340630705474	2.12438247288658
-0.955850963628127	1.02492209547507
-0.934856844371547	0.689722874664404
-0.236642536873473	0.0761450888689269
0.85478364857849	0.631538180954891
-0.54233208208366	0.203886592916296
1.26320597382842	0.68538065241278
-1.18738108149194	0.662909084634087
0.67031140224908	0.308146609796731
-0.889504411268426	0.826654081252619
0.570408932001414	0.455748717420056
-0.0629434854772454	0.039766969334128
-2.19868176406586	2.59365746265039
0.0274993906421648	0.0161037115948097
0.0358878551039068	0.0209079903371305
-1.19153046970939	1.23291464328721
0.0551695090333766	0.0340494591451456
-0.885628116517884	0.821335431582067
-0.0649147611867174	0.0481543579335461
-0.785542530930077	0.968792439183525
-0.00634727410099763	0.00429305870370042
-0.0986795203783457	0.0725571026509243
0.752086929741607	0.835868710501759
-0.248565996310414	0.232783641976506
-0.0823018836377962	0.0690823584046385
-0.0362721659525186	0.0235035177356616
-0.261103125969021	0.262424106441884
0.566693447438057	0.665089904441709
0.188012762796054	0.160466895858643
-0.0136797512556865	0.00913706123122274
-0.28398532910709	0.179765758721652
-0.810395518035112	0.541528792807024
-0.161204958544129	0.111237389262324
-0.680754578255437	0.481625970932826
0.145313170347528	0.042674261922763
0.340106151270341	0.16969401000777
-0.0393696896592829	0.0188232830449314
-0.108695168541575	0.0781317529785172
0.16285333382076	0.100080161193949
-0.189130696499481	0.146378431703405
-0.0572602362942319	0.0433115462556695
-0.864455324889719	1.00514747667438
0.362754571359861	0.436452299977322
-0.261201967212042	0.240625957929173
-0.150361988478628	0.120471337888807
-1.03038653676815	1.1683519181011
-0.436298652722949	0.338069724122426
0.284552449909362	0.223717912740805
-0.564103840021895	0.516745295372618
0.29799756558977	0.215570707232116
0.184983192101451	0.161958032063236
-0.648470960742716	0.635209160748765
0.742481813693365	0.728026928147104
-0.69271477377014	0.553875984246856
-1.35609192514097	1.13186519748286
-0.236669444294962	0.0761561849297003
-0.237212899766669	0.0763212805777045
0.514780733836532	0.181589698987139
-1.29202801510717	0.575756748795778
-0.742101285286405	0.253499136601578
0.149334343540883	0.0792112728522592
1.46994779851316	1.47703300220359
-1.23149643573926	0.934841441687496
-0.110114199257959	0.0903087776425703
-0.280338606888515	0.177274205010097
-0.626334419939848	0.564300634752765
-0.461932911356609	0.309120485333497
-0.47762391023616	0.407870010840738
-0.553737305762878	0.590872748865777
0.0652842682366843	0.0423663226506701
0.829760813159358	0.982479505739223
0.411028851462346	0.326933999781632
0.376638365080558	0.321272927480035
-0.134678610050344	0.109553354194804
0.561668190724675	0.560232716817515
0.184554927108466	0.157143926997913
-0.455491777089302	0.426254469260329
-0.692618496677297	0.553791653260588
0.0813746694712708	0.0553748762050017
-0.682544846870898	0.483286214772901
-0.888320322510902	0.82522117555256
0.342907558328519	0.17108452863234
-0.201753425700073	0.109355928913808
-0.176336995090925	0.154356951978563
-0.583918310704197	0.577131216763288
-0.538976124010075	0.540212400256785
1.58207532315577	1.71649654645504
0.0763840875515314	0.0518735365454632
-0.291536662833648	0.266682504440676
-0.975536284003918	0.967594624265358
0.181872217940479	0.135822817211333
-0.563799298402349	0.516356143856259
-0.2171961077129	0.185622138727483
-1.47996216028961	2.10003785496435
0.286909946276756	0.216432009548877
-0.299269899068798	0.2198842235281
-0.13094047896775	0.0922044040536629
0.129451701763363	0.0552996203439574
0.133168522192678	0.0442284444874965
0.135425444521791	0.0650545240277583
0.670906859207156	0.308500067147838
0.422386530780278	0.166593415832503
0.425512906559786	0.167915922981524
0.341665185281112	0.170481675941006
-0.657629415107839	0.690317744216807
0.696942602191339	0.456376225224578
-0.340978350137051	0.243855407712395
-0.978543494012079	0.971757299391333
-0.19491355703042	0.105420113135523
-1.05036292712194	0.847831198978583
0.276052580810394	0.232740099049207
0.273275806129417	0.229996769435539
-0.00107632868236863	0.000797575817458265
-0.355502780193182	0.369922261299672
-0.29028523097836	0.265273615507883
-0.254898786972629	0.233769350865351
-0.78765958827143	0.972775588986758
-0.14465118032434	0.115493401037401
-0.643893065530052	0.773796008306724
-0.537831962469364	0.538821785623043
0.182791106566147	0.136565715718837
-0.148634750894443	0.0846501892020853
-0.342703270421916	0.245511254818056
-0.321140237322934	0.31328013360927
-1.35074562508104	1.56550599504157
0.0107819565842363	0.00749076988133816
-0.680986065401937	0.808267834518973
-0.537846601001646	0.450935748022844
-0.260336779929236	0.195454959671475
-0.879219832385978	0.889578521502905
0.0377981362101802	0.0292636458073937
-0.114177114276446	0.08229323955751
0.159535119835371	0.0847959009688331
-1.93899964238563	1.91740659873983
-0.121906390969061	0.0484924896301466
2.34428714005014	1.15007845209507
4.86273287074404	3.15110437557565
-0.352915395102444	0.101358152963712
3.26631056571709	1.10328266544307
0.162357836679133	0.0405597098553547
-0.0678410965653516	0.0299476507788503
1.34254839141157	1.42180074710835
-0.340289609586537	0.206609910886672
-0.0629968442335757	0.0398073788551613
0.426468100699911	0.324503578281339
-0.110314561831663	0.0793423278272924
0.0627483208747921	0.0406665981830717
0.0283835219152716	0.0212722712451063
0.0662206930402061	0.0429647716523879
-0.134048981495552	0.10902131241972
-0.512920564994701	0.477328883364018
-0.451261745089828	0.421027761999015
0.168194041177207	0.103609225790295
-0.276698627451814	0.174657162898319
-0.275591522365118	0.350592996522431
0.173202080148432	0.112997834860432
-0.896469322729119	1.27174747222147
-0.346696362249673	0.308759325127502
-0.276184604009211	0.230686141745419
0.0744906812645014	0.0505695325941855
-0.442689149525962	0.34422800586479
0.67304124957858	0.309966546096241
0.140489535892227	0.0674393613833244
1.0914061116154	0.826111893998565
1.02246283803588	0.381238371277329
0.803620921341924	0.330666152724973
0.157370411029726	0.0293708256249034
-0.63159924778929	0.303148971324203
-0.340757159399023	0.274743954275054
0.0355853335605628	0.0206998248590775
-1.35395162834558	1.57093090030659
-0.1427650959371	0.113853304369556
-0.14562966166328	0.13028389107654
0.174921519335784	0.119866872965455
-0.713482650338907	0.687973050628415
-0.490551519413758	0.495255041070249
0.647590806282677	0.588124412708206
-0.340060795490785	0.243096317421026
0.0602393324894092	0.0507950899179299
0.513101585915806	0.554088691547705
0.0426328467274162	0.0339662123048533
-0.618161078276209	0.696835712326598
-0.307627391406797	0.252748571811589
0.493245446350701	0.44276556950173
0.569656437268129	0.454343158003754
0.421616261221355	0.166276240508206
0.658448437247608	0.206865271021461
-1.5292536270854	0.543488048058857
-1.13849635482287	0.34354887893789
0.660347295989593	0.207462296247491
-0.354519585455166	0.101776151388844
-1.00164594491588	0.494396817586234
-0.341000907590868	0.206748653076507
-0.791037635317892	0.683233956854383
-0.345572838517901	0.307479242752163
0.751681515681459	0.923507176877787
0.9821188692624	1.07765771586088
-0.218445180389171	0.186840262711421
-0.389759576517659	0.309370973830555
-1.00556756079006	0.909474470158841
-0.981165941187928	0.975214211504334
-0.193611453389503	0.130397286143352
-0.111239604735114	0.0912683816435465
-0.129971080980125	0.0914538487990819
-0.0110968211286196	0.00881985583601205
-0.352262692269061	0.341003199803731
0.359775168019614	0.32739092042663
-0.537113967618811	0.450478415972578
-1.25126299692509	1.80985401789547
0.0679897264827172	0.0441290112857536
-0.509811123737885	0.269811686325879
0.622593434798118	0.587286092491221
-0.164617091753635	0.0589578036604211
1.44862736407577	0.477555630338169
-0.54346877962796	0.204399150899749
-3.08216231491203	0.947551973079846
-1.83132702405761	0.74028277145384
-1.61682777112187	1.25022763656391
0.322722778969552	0.17860503986261
0.158910972104287	0.0914740384954093
-0.972055356140787	0.601260765886067
-0.201753918565397	0.109313415390609
-0.6131085030217	0.653081210499405
0.0535315892545516	0.0330227732653096
-0.217257957673155	0.165225743650096
-0.134710563206166	0.0950651926156707
-0.243829467558806	0.205986271126977
-0.16798037275711	0.132354714410589
-1.31582368615024	2.14605558184464
-0.0515675464844365	0.0389046568109818
-1.15312761968982	1.89282691331258
-0.101375538581189	0.0844944944098324
-0.606594457258883	0.6438735688513
-0.498932466495844	0.37707697296124
-0.871988042756195	0.879017026692455
0.182813286013634	0.1415332005981
0.588417878030214	0.303931742994203
1.25646566585656	0.681030255429427
-0.114788896547144	0.0457144662400894
0.807879873143069	0.332714052130745
0.343370674960389	0.171586852049007
-0.737745529684395	0.251848226779474
-1.51627074165718	0.764944689823934
-0.144660812618931	0.0822740026718337
-0.393609386251219	0.313023614334511
-0.194364496975734	0.130925626445101
-0.585376924677121	0.430180906275494
0.302717844324829	0.208164462224974
-0.41466407645439	0.455892902023337
-0.793016870405712	0.813788588775591
-0.608366169999219	0.681312929640752
-0.393205554792498	0.379572863991836
-0.357650295958116	0.347736670783502
-0.919138157962454	1.11711070670799
0.093014426988111	0.0684536139425629
0.352798358817886	0.330476157795664
-0.305083360539487	0.302007225556191
-0.483461901233629	0.414143147604267
0.681845782349696	0.888373655334928
-0.518055940268253	0.559461704061935
-0.281471375176079	0.235812386001641
-0.341718762773542	0.275640987137619
0.279275411722054	0.227559089842216
-0.442309340511064	0.3438523278893
-0.253277595140944	0.127958648823637
-0.789386763625026	0.34250460133574
2.09623186676469	0.921454672983403
0.132732885510209	0.0441080605497273
-1.04709662477092	0.412413821088329
0.144138136643148	0.0423508720464565
0.646955682223427	0.460975653228436
0.144997395387248	0.0767692510073244
-0.252770029823374	0.127614347961034
-0.229717081314589	0.175950911944354
-0.893614780831347	0.831680098077267
-0.390651741857722	0.31021444555767
0.423498738660438	0.321688401233313
-0.256767673810941	0.19240716091924
-0.0745345079028972	0.0622373362851251
-0.887267904942383	1.31229515024311
0.482267446914052	0.526942003217929
-0.48778563917663	0.491626725498716
-1.14010493314184	1.27431504053506
-0.72093252749211	0.748979144574906
0.279181926277523	0.227424191291281
-0.678948918545788	0.479876358269536
0.162357836679133	0.0405597098553547
0.428631067442515	0.169230176789531
1.02592340208434	0.382810966482796
0.670571388016324	0.308341959138758
1.5554260223568	0.75543285370151
0.88067338607847	0.466267903307237
-0.909607667511507	0.764176341862918
-0.294338425919574	0.215772241363251
-0.877141736956739	0.88672671553509
-0.0438510272292785	0.0209070802229925
-0.137418970175461	0.0970718508613019
-0.0566246365228191	0.0428035979995092
-0.505293293478646	0.382786698112862
-0.787063689090497	0.805125827113144
-1.0104810603171	1.22339533797164
-1.1506595253422	1.00321765187419
-0.251535197381032	0.213530297865114
-0.065606841751174	0.0486900988393248
-0.153250035844001	0.134979038811928
-0.242367930894349	0.226058977181025
-0.386664700493494	0.340629261058232
-0.167428345166829	0.131877354327023
-0.627971448076555	0.565667236502828
-0.53670333959027	0.45011053828953
-1.5193533225382	1.72278409332637
0.146542269176614	0.0775350883909208
1.81604086904786	0.704001590638153
-0.785033328587639	0.340074092320892
-0.742101285286405	0.253499136601578
-0.735795036496609	0.251087692088149
-0.330393358161736	0.152580557331573
-1.0585370113621	0.858453085848403
-0.0367268965146738	0.0237945430704981
0.449603035190274	0.325817128530964
-0.70632627789409	0.625812371276363
-0.60800642459696	0.499644778794657
-0.186834055410686	0.12540554692005
-0.72804202364795	0.85593161987418
-0.503988729926419	0.381949184986597
-0.305767919649404	0.25105704362579
0.064444080802287	0.0417844945567472
-0.110605183257987	0.0795864372322286
-0.159493093836824	0.109957705300612
-0.842767541976926	1.08825281600944
-0.133318784293443	0.108418298278222
-0.0234075274285542	0.0154985872050887
0.303947992851963	0.209267950873857
-1.2895083265344	1.60138412838082
0.795985362012247	0.6320028170324
-2.49550140764429	1.38311564345024
-1.5082900806176	0.75898051972622
-0.238300485260816	0.0767056206772632
1.32011747233742	0.566502226553754
0.675458526307107	0.310947368433736
-0.15082185200705	0.0859011483785858
-0.0787552662331096	0.034635034235093
0.527578604752974	0.303709014226356
-0.660307045332485	0.734920881479068
-0.647337773244934	0.633778737267198
-1.1139926018937	0.769453999407123
-0.157846476851771	0.108759204709815
-0.892010568588987	1.3814808498491
0.10686054402375	0.0866525080743278
-0.0659277985017017	0.0557939328830442
-0.295589919051276	0.21683914055432
-0.0061537678796243	0.00317071295155937
-0.937011634853796	0.692741418065088
0.121579287618433	0.0458855485654082
0.887204072935865	0.471099889359017
-0.469319902583366	0.315131622154672
-0.790804808905602	0.748982085817316
-1.13072776699231	1.92719899465655
-0.308957329865996	0.254175267016085
-0.524081239766629	0.724098433638043
-1.29941989657383	1.78858059630985
-0.40886368829691	0.447819753870239
-0.385252968059804	0.305037296545944
0.185602479906357	0.144005720318474
-0.224366845492887	0.192664167346861
-0.539652032944102	0.453096966226307
0.673374775651056	0.310055403701631
-0.409972182371601	0.234011200568077
2.54822169023008	1.38099385922808
-1.35754892906589	1.13261741615468
-1.8563022602636	1.16252331047457
-0.87882725378165	0.889076040902483
-0.636812958264569	0.762024156988785
-0.192780123203944	0.149540909431638
-1.21831065800729	1.43762622394349
-1.01808092034163	1.42509517441889
-2.11550896036344	2.9709945805294
0.0362239587030801	0.0280314121306761
-0.308605911491083	0.253814046445081
-0.800113530853355	1.04746866862332
-0.511558559179239	0.475336567032175
-0.823674212924242	1.31134804629484
-1.1379193247437	1.27053019922235
0.150852990270445	0.0800720987661507
0.883444229933394	0.468754528753378
-1.11362033854268	0.769257563584956
0.0503927923314962	0.0310863223100676
0.802273091671679	0.329882237321236
0.184205981510707	0.137724023321562
-0.00987892886992854	0.00877584955299119
0.19065832755979	0.171934574623431
-0.246122753159477	0.208244380791699
0.287620845874623	0.226500899439629
-0.920020188774963	1.11914238071337
-0.638846769868896	0.765565552125075
-0.698625185317592	0.560176681511524
0.888150903062961	0.908083903375412
-0.198660275327458	0.18789117982862
-0.0243106352196702	0.0188615054547876
-0.240280652888751	0.223782765429247
-0.0768955560724746	0.0573697488154527
-0.803352190358193	0.697699122624153
0.939374543977336	0.634547732866949
-1.34471503642394	0.844189839409333
0.131402466769477	0.0436531994039914
-1.19690042454486	0.670352005828909
-0.0714339723813015	0.0315011656210012
-1.06174492356195	1.12087963614767
0.185696785498968	0.158161518790693
0.0976085384276629	0.0743323249259737
0.343204206514925	0.329530024385349
-0.678876362022986	0.804958617487162
-0.802589702388873	0.999378931156481
-0.613444222292452	0.689473369265381
-0.494389660421034	0.604315570272174
-0.780725015288264	1.00999892859735
-0.797936801230487	0.616956199186491
-1.1945912787032	1.2379009200828
0.985673928657219	1.08345448436834
0.0778853135830183	0.0549614794704325
0.370020065710201	0.326759629779021
-1.19020266573474	1.64814801465039
-0.145763323134328	0.116468280809155
-0.445507962462693	0.346863111169576
1.22765504405752	1.03283242897387
1.22944750607394	1.20240021529323
-0.508118039344014	0.268130791489527
0.785311624869704	0.620621209835715
-0.479793731360411	0.41027606303969
-0.446460895758548	0.347730566523232
-0.348199904232154	0.360273643171242
-0.348163674960385	0.310404674553867
-0.0357036733023665	0.0306530857663217
-0.528208814208654	0.525930067038295
-0.609435269290305	0.647859669123673
-0.794693858221668	0.930775712122305
-0.568259662043791	0.52179313864856
-0.78636094075041	0.861763940865052
-0.793301437067853	1.03497132451193
0.0686933907807252	0.0445768389366186
-0.0717500082373792	0.0534151961111205
-0.126788808540364	0.102680930004986
0.0199419031253736	0.0144314481991808
-0.603362984846617	0.639149699737701
-0.236989724567202	0.0762485047293907
0.772555581931416	0.45830953912755
-0.600125160881724	0.490948708848498
-0.50996355743621	0.473760686264142
-0.0373287258180726	0.0241788726264447
-0.532286679243313	0.531348002764498
0.258759111077819	0.236837842385595
-0.39361116429319	0.573410245401388
-0.350195208049653	0.549922776541056
-0.415707974444403	0.631557377357907
-0.229163075767102	0.341855357583312
-0.494523726455711	0.865847567478344
-0.891023888573869	1.32074776775695
0.190268873976042	0.157941890382014
0.27173056432655	0.228359251190616
-0.174003780928122	0.137592648413183
0.280321657384186	0.210681306127043
-0.788708519601234	0.680152158755852
-0.157268319618903	0.108326654636354
-0.543229632014878	0.45699091782221
-1.02429140006451	2.43403676943467
-0.0188994598864503	0.0125356604399596
-0.29584387866543	0.217052417265213
-0.108619176913358	0.0643312429023619
-0.035220306579113	0.0310756431962621
-0.681086268630877	0.481777171607505
-0.19363846733382	0.104709323810782
-1.35390453727453	1.12638354288778
-0.455773194193113	0.426630054860617
-0.974964872652999	0.966654165326899
-1.83564160885514	0.742645090374466
-0.504344361633648	0.266187551953157
-0.5431188895219	0.204245277624117
1.76568423648647	0.968213656217337
-0.283579708859261	0.179494442053347
-0.108766010361055	0.0644471157264423
-0.294552615446264	0.21598122097717
-0.442505907105664	0.343946452805937
-0.580743828486269	0.572918447606995
0.363202224780961	0.319519193099501
-0.490023041774272	0.494707660431595
-0.609778597871992	0.683353709819509
-0.171642429571176	0.200669506979737
-1.01812805768894	1.97501257748613
-0.604291143369916	1.0227445661778
-0.0649530132322086	0.0482001621947835
-0.320529162353298	0.312580033814147
0.0193148124162556	0.0104946464243682
-0.203889541240552	0.159172298056623
-0.341111436341314	0.207203262713927
-2.12487467973877	2.38086261957407
-0.429953220815745	0.373466843151395
-1.10242633451812	1.06939074963209
-0.512753105665715	0.47693844437007
-0.385743086867838	0.476119514904039
-0.154500282939587	0.124096303521947
0.0104201604019086	0.00724866335895446
-0.445420526983638	0.346647955944208
-0.508078503822865	0.544706940508409
-0.108139828900976	0.097843384694177
-0.351893699249138	0.28553611757608
-1.34993378973996	1.35875058812859
-0.21474882485378	0.183226318907776
-1.04376933048706	0.840858351699688
-0.690978222346135	0.551869182775567
-0.794868309871216	0.345275049617098
-1.29860074136172	0.5797920330012
-1.51227685112488	0.76213256545427
-1.48863644238295	1.0399013897269
-0.201473858687976	0.109188371241852
0.0147460806272354	0.00805623772876556
-1.74594987549115	2.29914257651153
-0.218547042126256	0.166384062803761
-0.415582259016658	0.173291488777707
-0.463936837065779	0.310711377164733
-0.557615452147862	0.356598489998362
0.470287843192092	0.320356796427829
-0.726548142718128	0.853235969694955
-0.488098697536664	0.419151676251568
0.358334789788963	0.325759954617608
-1.28483088177449	1.59260067373881
0.176855524018604	0.121273284420475
-0.181179421369003	0.143824948969917
-0.952433255378921	1.01999636681193
-0.863794907106205	0.936880350423198
-0.165580113728939	0.114499273195684
-0.336117997083914	0.239914177842735
-0.503831852565424	0.266104667960451
0.180803049443236	0.129750249455804
0.286677950976671	0.2162196973001
-0.786452826051084	0.74285683658438
-0.930803801412452	1.06365845365899
-0.686988126600353	0.859332879028752
-0.802080346423131	0.621072600334534
0.0915349374050102	0.0649998779844368
-0.0386966814099957	0.0185115664747999
-0.25014239137096	0.212024640731931
-0.348516475271873	0.360888777002766
-0.395087680562015	0.349729096052493
-0.869879668559737	0.946572248177088
-0.794696184651618	0.754141029483622
-0.565844054405166	0.518902138784397
-0.012750146421289	0.00638910292539965
-1.11524161509451	0.770191910608728
-0.299481912621321	0.220142768285366
-0.584528710460599	0.57754045144449
-0.620508134255649	0.700509729014766
-0.694478268422471	0.611720319404921
-0.664103426510756	0.396526119389941
1.0194007196072	1.32335962102709
0.0488996392847361	0.0400443500132555
-1.36041268845766	2.45041787670246
-0.214312525672413	0.182771948017923
-0.157938302637465	0.123566033493941
-1.52396866033676	1.73181187836143
-0.553828700875535	0.590913914861588
-0.07781396325241	0.072336555788649
-0.49945441910338	0.574094042603624
-0.0430252130615455	0.0330083017282818
-0.0925637903663892	0.0766932014857785
-0.122941550811836	0.0993194161725473
-0.286068184517027	0.341074278361679
-0.227549348429564	0.195723000569811
-0.439327898958607	0.510562375344448
-0.338790751614611	0.398863143215305
-0.12718338032728	0.0893820443692367
0.405028634067621	0.425489388674493
-0.861114576726752	0.998686536157106
-0.388977035502146	0.456246346787224
-0.695059314268166	0.873512856489218
-0.197894999281602	0.187009150758986
0.421040692654083	0.502978969081619
-0.430100583776178	0.526327005737412
-0.248726860826468	0.210766400435354
-0.475675202057231	0.515670281375998
-0.423739983439063	0.543785948273985
0.44037172063903	0.588466499857639
-0.491734501682643	0.496788509587437
-0.483949348285744	0.587259131834252
-0.249968727117699	0.298558831567941
-0.108593155944518	0.100051355797103
-0.534833975893909	0.534897796380918
-0.462964796517306	0.533259541223584
0.0434949674419503	0.0268479465328892
0.585509213576081	0.302002922696166
-0.14914809282259	0.0849600619762362
-0.0565329452890599	0.0356862774979393
-1.48954170438171	1.04107985888492
-0.0526153784886759	0.0449096197717367
-1.36508011366879	2.6200664224062
-1.51718135344789	0.765112751840217
-0.55351033893629	0.353807805754384
-0.135673871671672	0.11040426795429
1.04994106349136	1.11584600816934
-0.614958998852242	0.691609744311914
-0.622344270762486	0.703251329328005
-0.00398846517342155	0.00212774686539521
-2.80095212631908	1.87969289361134
-0.688507367626049	0.549619099296047
-1.47731058471116	2.09261194999357
-0.223490165847375	0.191783646210035
-0.673747496683255	0.756123365695253
-0.356870019803708	0.346883448308789
-0.0739705272199379	0.0551212326999735
0.267674986009526	0.232028423007714
-0.868533662593452	1.01164651589624
-0.871949626012901	0.949747442505488
-0.0777327385177198	0.0342298345396652
-0.197132546888198	0.106742948057111
-0.506423166866023	0.383899097906761
-0.341423080803833	0.27536966898267
0.451265726063547	0.32725923875985
-0.49671917185749	0.503155419457089
-0.107990498683877	0.0884731467810608
-0.158695668391196	0.109373676070918
-0.0565439030445287	0.0356910822022126
-0.0937078869224004	0.0687513040175331
0.295472003510628	0.213502883885141
-0.0423266802152316	0.0274266560540286
-0.143529514799305	0.128262405575478
-0.165860944279758	0.147423980892415
-0.349059550967643	0.282836294166187
0.281242204238279	0.220587451228715
-0.0407254936939591	0.0263859157977163
-0.789413699143438	0.975694160384117
-0.324255523238638	0.317004336918463
-0.621110562805689	0.825005535650859
-0.413992967537838	0.236583762354478
-0.535972986453295	0.201305640312495
-2.08450404139696	0.940647115246043
-0.579968193535676	0.425166312847047
-1.00768545911564	0.911629895287781
-0.0388008401938962	0.0251423875558087
-0.277838037920232	0.276300310353143
-0.161638085532886	0.111532896383074
-0.287756910000845	0.26249169202233
-1.52252353566878	1.72872745864905
-1.28909370264919	1.60070498489522
-0.558310808778133	0.509742905997898
-0.942770986555705	1.38855893053955
-0.645210764189109	0.776063569396894
-0.526124072768084	0.664996754946841
-0.55320480361834	0.667471054279784
0.259360816731774	0.230586771276686
0.434211334284786	0.511566642576597
0.0514748205070618	0.0431808418744708
-0.192013054999377	0.148837447434473
-0.0806251460460127	0.0494340482439677
-0.229984889858322	0.198111261942303
0.0137580820878703	0.0100028308528064
-1.15890866698634	1.68702964839343
-1.00722478693201	1.48020693265456
-0.243464371011629	0.25989223822203
0.0933309079490203	0.0730131186253922
0.11882145373751	0.102151127731792
0.00143535131498766	0.00115279870967185
-0.107575824307405	0.099025424161074
-0.270369065935153	0.289117699213022
-0.377488952912697	0.462846147860903
-0.0777621233656367	0.0651063634594653
0.181463608264194	0.195126147237911
-0.196291164976658	0.199208279090231
0.0416060702803226	0.0339520237283609
-0.965756267593469	1.29777933506219
-1.31344352906863	2.28848680073738
0.278093650615769	0.226377843343612
-1.18983802336654	0.665714768000248
2.15624845416204	2.88100204677152
-0.219967324285691	0.167605128281552
0.950088372585657	1.16775555372135
-0.0211099125523119	0.0186992512572991
-0.894597206009907	1.26759970966891
-0.272157845679532	0.269562886203866
-0.530511201130268	0.443330394100878
-0.396022033207537	0.350657499237851
-0.678560525887632	0.804673223882982
-0.349148308232195	0.311301299209982
-0.0594698865748487	0.045012203001307
-0.0114058767748822	0.00765712604689832
0.00818054526932916	0.0056954316985828
-0.178091601157892	0.14113809033736
-0.48677344869329	0.490309878992448
-0.324518035486101	0.338479878190515
-0.0181446300984259	0.0162324652369905
-0.00530820422103348	0.00360322516575932
0.325218901989882	0.180120370609317
-0.089639163982005	0.0550770281660991
-0.357462879553169	0.32045277786625
-0.170456185322458	0.148551968034824
-0.334945250625171	0.456715315409075
0.252534477083467	0.357178054744742
-0.0270929791496554	0.0264666964310502
-0.455882193409739	0.555590763486338
0.0812833878582338	0.0867262033843363
0.251737047252484	0.280919759784611
-0.795602030978527	0.986703327837442
-0.298150341654967	0.293768298078816
-0.274433402072941	0.294345331657642
0.663707598421307	1.02618306727456
0.242090080840844	0.26288632188885
0.888210329969666	0.908395451747691
-0.0213166167856701	0.0165670984070731
0.0744678103506349	0.0661291920633618
-0.468075567310546	0.441519479164799
-0.465726146718394	0.312194253754707
0.132043310635367	0.056411509476114
-0.19962431807036	0.108168227785664
0.672096455682138	0.309127443711553
-0.587517617211609	0.432093558870378
-0.278716308737068	0.233165788020213
1.11376211053956	1.00008267150736
-0.930012340608814	0.685272937806501
-0.473724100328328	0.604838376078096
-0.406997665904062	0.231955219892408
-1.85782783404437	1.16550511805632
-0.470396398054165	0.631641770207391
-0.0437286927963035	0.0595538941838765
-0.154973627387789	0.150302621226602
-0.343361315211285	0.471344147554078
0.446300558943096	0.516997671289636
0.015283858609201	0.0110894199965552
0.0301385726686719	0.0297956830855782
-0.0459021877337211	0.0597835909645376
-0.603171875579479	1.04549538231744
-0.162411571205029	0.202092284112504
-0.0394664644529564	0.0302349834902936
-1.1989610740741	1.66729591239533
-0.228616278771247	0.175015645698817
-1.04610790640257	0.843235121868649
-0.432654305964528	0.376420672936371
-1.49401769237218	1.04807002498526
-0.233996648882797	0.153259386609895
-0.11339441822674	0.0672640732933886
0.646422156028324	0.5869951830287
-0.279916515817684	0.176787190446648
0.0765279551457684	0.0519831678510446
-0.536590024655793	0.450114953198851
-0.390289263911257	0.309674430848477
-0.692861479338137	0.909614924264495
-0.123909110372606	0.100077629315806
0.26796532574317	0.232380019210359
-1.183776442922	1.87234926363989
-0.992845874807909	1.27405659177668
-0.196563013450861	0.170204173089103
-1.10023443910651	1.5344991433993
-0.879367834155429	0.889499338602452
-0.348557704123906	0.282243795426511
-0.993327330810326	0.489514971241786
0.591916460544262	0.306231299697181
0.144325004334629	0.0765218710989026
-0.338236686900616	0.205123380819023
-0.190768707354202	0.147786535662258
-0.251464465612441	0.213387629531873
-0.159643358327619	0.141265139607229
-0.165622336903249	0.13027756219076
-0.414259691453552	0.455430383179971
0.140948251392809	0.041458274749763
