x	y
0.343362383785642	0.171700731083987
0.884107757926487	0.468945532977705
1.31353490903236	0.563324577749506
1.45114635521655	0.478471348903038
3.26345542626113	1.10199860979414
0.875139653454196	1.01340363704487
0.132822310594404	0.0637434570685865
1.23145668696473	1.20498199211971
0.658157600688591	0.206837664845118
0.41815349626362	0.164826694198742
1.44839669376933	0.477459847846965
1.30877399614962	0.561080478424277
1.22368724186165	1.02497244669599
-0.117391426362144	0.0466831384071538
0.4761445972448	0.325321576078505
0.575784221562214	0.460789866413525
2.09505135909681	0.920347066692038
0.154509067766894	0.0289541162362231
1.01868988091969	0.379571940690884
0.726859032920707	0.60508387194779
-0.274007350781594	0.172759335111965
0.156461382921205	0.089915844708664
0.17484524981235	0.125080428543567
0.950287720870208	0.248999740475732
-1.52926336424741	0.543358625626883
-0.628733247343677	0.151688343674084
4.16353012204261	1.96268998387972
1.55299984946191	0.753902213486873
1.55148040990528	0.753166033771985
0.303562214065001	0.220332655237917
0.659324643575319	0.207123110468657
0.33945139535153	0.16948938718861
-0.334562684338915	0.202419335313816
0.163320886156409	0.0940614977375895
-0.785941854072081	0.340646515205131
0.948337549654709	0.248516516252871
1.45138090115721	0.478568850670936
0.452548490745622	0.328221537165052
1.55148040990528	0.753166033771985
1.05347367052709	0.500985836303379
0.584578935507783	0.301384393607091
0.727329320248016	0.606256838625641
-0.0264448422485347	0.0175033331586468
-0.197132546888198	0.106742948057111
0.307752188477605	0.1991665147659
0.985110896735279	0.806853334227282
0.503760514975086	0.177440938805015
1.31530203855702	0.564526657282562
1.75892184559066	0.963246001757108
0.425497080140127	0.167863861612803
0.538977310543839	0.449418337059833
0.581517748674305	0.299663487888075
3.26284822825054	1.10169382604423
0.850047283835064	0.626012031149802
0.354609709496576	0.321655006537754
1.04079506363497	0.493718951705615
0.133518654529654	0.0443432692760018
0.494657070085156	0.312819701455172
0.58932228469162	0.304528474636969
1.95731570776637	0.441000340195791
0.948337549654709	0.248516516252871
1.31240282325545	0.562988742832529
-2.30476209042479	1.1515199403139
1.93895654299886	1.18774733888721
1.33913858094452	1.4170705496939
0.685165681177857	0.598595991985172
1.03255027783229	0.981121124818505
0.50755078071475	0.178917899343599
1.8135291528185	0.702758164322864
0.50776496866365	0.179019570667438
0.776479066310609	0.461588906829984
0.606409387954823	0.459670646889196
0.135670373671611	0.0651021268702608
0.989984349188959	0.812699611869514
0.989984349188959	0.812699611869514
0.132830269347538	0.0566941160717077
0.132164012775708	0.0439252834614193
1.04258111687478	0.494880223187849
2.88412735993623	1.90781040435036
1.09535608361321	0.83117463457492
0.131541520016344	0.0437194079588842
0.428844518886435	0.169326646561233
1.59885726266364	1.10227689172542
0.908316172899127	0.787330831678627
0.32897869310414	0.182670252580155
0.444359650376172	0.320828777033116
1.07482564353708	1.36339345473566
0.128217426027829	0.0426676360228733
0.346670301107269	0.173459372151604
0.32667363865687	0.181189492005752
-0.200380052309392	0.108555825957429
0.950858461556905	0.2491584305819
0.146332921310034	0.0429416898033695
0.807315995064131	0.33234971731287
0.799097783580045	0.328494942133771
3.03020677096667	2.21239453214317
0.17909453612678	0.12280808748905
0.426468100699911	0.324503578281339
0.166634637631594	0.10256707771054
0.326283573067853	0.180909731767912
0.729402516491309	0.608619799385184
-1.83504104592481	0.742292078332567
0.50755078071475	0.178917899343599
0.161043695584893	0.0402684742968713
-0.126970962502741	0.0504933818375167
3.26345542626113	1.10199860979414
-0.0314820765450194	0.0204072661505485
0.673385479053179	0.701315040290008
0.0970084968579817	0.0760572396814133
-0.589518438797129	0.584566455322964
-0.113455158261136	0.0673126355656763
-0.134565856194497	0.0949423870181529
-0.160527227298935	0.110674537896681
0.850869258865832	0.777805132343031
0.36978515815399	0.338440889221355
0.637895669649856	0.576055348242507
0.686358465647174	0.600150404823013
0.588104525479538	0.303776671058552
0.672096455682138	0.309127443711553
0.13571412709247	0.0450530753488282
0.161043695584893	0.0402684742968713
0.950858461556905	0.2491584305819
0.771565280162323	0.457435642145508
0.134421427308654	0.0506266348115601
1.77577365828812	2.53709354352215
-0.624178537751399	0.298708339466037
-0.29356255142022	0.215015453887543
-0.788203858286705	0.806809487391249
-0.712245608204706	0.686325983426847
-0.413874256905543	0.236259216806727
0.177916422774415	0.132572404375121
0.0441350232958092	0.0256999533138666
0.411228574427634	0.32692917921355
1.09245603327799	0.8271644739003
0.772727466962179	0.459432096642793
0.126906426754829	0.0478614348771499
1.12687562443164	1.15213612559657
0.496999532450459	0.314738482438217
-1.04687191417195	0.412486748895758
0.947635845528227	0.248244973505163
-0.628867026021838	0.151670609188118
1.81323362267005	0.702723165703649
0.65757421006213	0.206588655278929
-0.0385501252084763	0.0249818802115955
0.178960618026726	0.117009102704259
0.162474178357646	0.093523361270696
-0.343105202371021	0.276941538720204
0.72880584479969	0.607868290776219
1.61593046254351	2.07407214223361
1.11620618131272	1.00383305011249
-0.335106713829555	0.202874798450002
0.283468210194097	0.213361506198569
1.06573349043736	1.2470763028039
0.177182693781144	0.121499163826374
-0.0600450755830735	0.0379109540715075
-0.208260451709719	0.181672314451762
0.0375422146395038	0.0218409994206642
0.493534183630885	0.311963274523172
-0.200462679970886	0.108647413289214
-0.149570035996766	0.0851518862148261
0.766468766658776	0.454059050564719
0.950287720870208	0.248999740475732
-0.236865950236819	0.0762080730306188
1.02558467001725	0.382518749728777
0.654408135649179	0.205512311863459
0.134663561206417	0.0447043906173227
0.645581023363681	0.459728280662457
1.31530203855702	0.564526657282562
1.5554260223568	0.75543285370151
1.04424975463849	0.495554192271584
1.22988777078931	0.843310716533092
-0.0563110066183126	0.0355406023078378
0.073223590601135	0.0496819709387585
0.37446226872199	0.331594471262274
-0.792067289713931	0.812053855879411
-0.231329984418762	0.15124919202835
0.299080500083283	0.216603556329698
-0.604467382949159	0.495866024295795
0.163804122100775	0.100732262300084
0.176983111083337	0.126731299682112
0.303623463899894	0.208902885673063
-0.307264343924299	0.252552017050075
0.294759444473689	0.212997198702259
0.650436055676101	0.591755722225648
-0.229366663343807	0.149901554830759
-0.144334715947209	0.115202271284871
0.589276277265056	0.572299402844072
-0.0546174048351144	0.0344631009080386
0.642842703637591	0.456402167128613
0.146089865196664	0.0773784089836768
0.349358628500708	0.174774916298105
-0.625470620273971	0.299376399156227
0.139684630056245	0.0411185419267414
0.155111385030128	0.0290417527313876
0.654703443030561	0.205608890273211
1.3794495883588	1.06174899062244
0.317011907378616	0.192084525414147
-0.117634611193586	0.0468309314969464
-1.04244076044317	0.410025002253574
1.45138090115721	0.478568850670936
0.659678688827779	0.207049146044387
0.843330055119505	0.768451940107358
-1.10882019722307	0.763539594514058
-0.506140775897646	0.383856110729001
-0.037921729302962	0.0181483777078747
-0.117336741462383	0.0466584622287431
-0.871196676006546	0.877746465655292
-0.931536511010797	0.686417863843123
-0.223732181490945	0.145837507871844
0.753256137280145	0.83781142248319
-0.809807672466443	0.54067228401008
-0.702933158637072	0.621669336597542
-0.115768194406184	0.0460582108717829
0.173560170862839	0.113265009076988
-0.708125567002943	0.628314244370415
-0.39097662489736	0.270850898612843
-0.157016298831686	0.108140842066685
0.744202495302529	0.730449822786537
0.394833702499089	0.326104494059964
-0.107989651679911	0.0430354867905588
0.828133469932269	0.869910273637365
-0.109672885350874	0.065002760002481
-2.48993588367825	1.37731240363281
1.31473628244331	0.564270657565622
0.948337549654709	0.248516516252871
1.04989721959839	0.499092239481372
0.365343495300657	0.161834847637574
-0.0727891943607934	0.0320762467535194
-0.501764315406325	0.379505597214104
0.140361834634309	0.0413037326992959
1.31310179325084	0.563385616536445
-1.82841297073294	0.73863065228361
0.67031140224908	0.308146609796731
0.342720840878322	0.171205584063641
0.683947042343372	0.597335035493024
-0.052723875356433	0.0398038597664019
0.187008048509409	0.150185388284328
0.183945230144375	0.142599258844407
-0.00385549392535681	0.00206012500186716
-0.507006429293685	0.384815124415927
-0.277788394209914	0.175420455462081
0.067096958933232	0.045401365385047
-0.644754627605448	0.630251366476261
0.941597069975086	0.636043946768533
-1.52787720494549	2.46235537994606
-1.26017076647016	1.18741079566879
0.473494851575446	0.323324118301123
-0.00739009038965981	0.00377934164779546
-0.399027596358325	0.277588620154211
0.0699025916507705	0.0473753810133129
0.180534721470749	0.134645956644566
-0.0045379806385981	0.00239572276423247
0.413894698123008	0.329530304217204
0.315368647716206	0.190939898806262
-0.0129726502758906	0.00652002169091143
0.78662259079914	0.743939693132266
-0.0828355832489474	0.0508001711825397
-0.503186808368642	0.380978357788498
0.51386494250992	0.181311218287051
1.45138090115721	0.478568850670936
1.95786695174359	0.441149378722158
3.63565166019344	1.42132833477826
0.883664910884868	0.901538032504824
0.127141626540389	0.0479115733238652
-0.167754072609883	0.0600616127897958
1.45415285694275	0.479329377268875
0.373487311088405	0.165498832622079
-0.114474204799572	0.0679130728991689
-0.0209028976869474	0.0138549996355862
0.475881890953698	0.441157292548894
0.070819165298776	0.0480033812460211
0.386251604114541	0.331140318409481
-0.233578152276114	0.153006866827626
-0.473268106035608	0.318145258463225
0.181580152689578	0.145279381447247
0.32667363865687	0.181189492005752
-0.273859806200817	0.172645333316929
-0.160599523950041	0.110804411258559
0.651967485016699	0.464862154917436
-0.0639878889826525	0.0404409969378591
-0.198045672073899	0.133623277835119
-0.145364208108793	0.0827182637593062
0.140425791931056	0.0674006260780422
-0.0432774067583241	0.0206384226640598
0.167164193610289	0.102920801171238
-0.338570721417028	0.242000350922983
0.184824810153451	0.152903683809473
-0.232151142901137	0.151983305840654
-0.580606492125042	0.572444625348668
0.281381131046302	0.220692659588884
0.948028036545067	0.642140996634297
-1.14171114622793	0.344693702322242
0.944504519928106	0.247598335656165
1.81323362267005	0.702723165703649
-1.61987210726749	1.25516491325826
1.88538921841262	1.61724352781273
-0.607424738920505	0.498853759305513
-0.487721268351216	0.49157182070198
-0.793053223593068	0.685001431513208
-0.132155353138596	0.0931402373907753
0.137251140592937	0.0659045626428235
0.447287873191776	0.323551378360642
-1.11494910137753	0.769946910267321
0.448572961519229	0.324645855551895
0.306396062205339	0.198161926022023
0.788911931134402	0.747117710273275
1.52954215934282	1.85130639423556
0.943867041851284	0.638829674263325
0.49325334010103	0.311630788103924
1.38138033381869	1.06448627177492
-0.888261685722699	0.824578631564142
0.731009274199721	0.609981455143964
-0.0615391663632744	0.0388824641301255
-0.115824972726637	0.068742717717838
1.47150586793229	1.47819125970505
1.23080287030304	1.20445877902093
1.6423506654161	2.40902549904949
0.067361624970866	0.0437249934221409
-0.128866727720744	0.0906614006543045
-0.852473278170288	0.984534987176809
1.49958249886111	1.99152616158276
-0.54346877962796	0.204399150899749
0.138596329222035	0.0664869251573853
1.02271178737872	0.381316878019672
0.443828891557875	0.320340523711161
0.302416947084811	0.20811064632111
1.04027818665479	0.493553396647784
-0.537530508300063	0.450885777035926
-1.48831103802676	1.04232641136688
0.176927566582102	0.121314009620617
-0.956649570611335	1.0269267794708
0.310404229471302	0.20146506608577
-1.00624687952647	0.910206281548641
-0.937899713300713	0.69236061051941
-0.506885445790532	0.267562148692892
-0.258254982831289	0.130581581287473
-0.0529738236210833	0.0334155471282273
-0.120456456111567	0.0479509248564066
-0.0408069633508487	0.0194856018537675
0.533407493506938	0.307753866234165
-0.888207950663655	0.824657958220595
-0.508809985706161	0.268982412843499
0.311844864867231	0.188515880028994
-0.682881468739734	0.483018193046795
0.128365329637129	0.054738664069392
0.327742674777974	0.181841712857542
0.426403404838852	0.16824819606602
0.464187476414181	0.315533266728481
0.0352726686584192	0.0205699558979287
0.17834946467391	0.132869475265924
0.0242843768420988	0.0182060572467999
-0.507812368178585	0.471158416921926
-0.468782132017753	0.314592253367592
-0.194483389306672	0.131003950025894
0.605065542037113	0.458469283303186
0.00617584169249286	0.00513947581627418
0.409484956439952	0.325365541807636
0.603855068034519	0.457157033188657
-0.27732679139049	0.175104547468696
-0.5480096869101	0.582444190712363
-1.18178530524373	1.8682281919417
0.270591386354665	0.219304540000083
-0.80967523819527	0.442788201768594
0.370675903814024	0.164447109358775
0.339753430958515	0.169666328704917
0.428499118546633	0.169166907815334
-0.53091594253244	0.199161068979888
-0.581710190666295	0.426648289288253
0.647212793010335	0.460730904249416
0.664068814867583	0.304987668297832
-0.080467712869618	0.0353802775031812
-0.539661343528338	0.202765677037844
-0.355104953248248	0.101967480674674
0.368151935156228	0.163149596492036
0.502848017421805	0.177122784241691
-0.41780539505111	0.239045143423714
-0.233742966580479	0.0752394538943447
1.2277795666185	0.842131672623734
-0.0444050136264155	0.0211374280525668
-0.333733678384484	0.201949778246458
0.187490126618324	0.150609720981124
0.0301191241908403	0.0225838759080782
-0.0317858650496681	0.0152910558250652
-0.345606788591921	0.307550091836533
0.787361377305411	1.0413977319159
0.317407388814092	0.192164370241078
0.170044524199814	0.104748895353153
-0.0244269341329652	0.0161697798660671
-0.0538651060003664	0.0339881753731118
-0.661481925565445	0.695937619164167
-0.392739338347379	0.379027281713499
-0.184184191889316	0.162023098930875
-0.315336065896085	0.284341761823727
-0.154209588001067	0.0879547026111396
0.125682878474067	0.0474015610954397
-0.413006714488208	0.172123506485429
0.947635845528227	0.248244973505163
1.31451987093813	0.564351638075811
-0.414583729189825	0.172844740940255
0.675716089867762	0.31121850434917
0.130977595936442	0.0435409758262869
-0.796967464341819	0.346381482438295
-0.237783836658627	0.0764730781037413
1.55265783773452	0.753699130068357
-0.353939368265063	0.101586834148653
1.02329749324129	0.381582146499257
0.129270930562912	0.0487053692648074
-0.537020300726747	0.201726380349835
0.144976980831471	0.0425943260188831
-1.14111344283696	0.344497381350969
0.938427476448923	0.633600201730415
1.11456140261243	1.74095562641392
0.793404031914409	0.86130852713367
0.428125149019724	0.326114347424749
0.294715273094519	0.223128765774236
0.275771190528581	0.215676736866468
-0.144691963075527	0.115531514729925
-0.937558036234796	1.07577053953399
0.19691677737716	0.178314504539677
0.262696587806068	0.247828640088093
0.0154806227313741	0.011235437588336
-2.30065661297022	1.14788322958659
-0.628164901903538	0.15157555358925
-1.00488919428814	0.496747626192119
-1.29767890644575	0.579059217742002
-0.628164901903538	0.15157555358925
-1.83564160885514	0.742645090374466
0.16045117802105	0.0401558290866076
-0.354229439997714	0.101697261087168
1.02304894811125	0.381607715308403
2.75807933893485	0.764710363024488
0.425065527869463	0.167656114427908
1.31310179325084	0.563385616536445
-0.354519585455166	0.101776151388844
-1.29445710557565	0.57719309643802
0.797972177742043	0.327977456331324
0.67909646401476	0.591602813310755
0.281351681434314	0.366168223545617
0.127844022477474	0.129525376993411
-0.175600216575988	0.181653081153419
0.944835638907756	1.54447465756118
0.265079818581511	0.229429792001566
0.10858393761284	0.117083636817213
0.240856432391825	0.266239063186547
0.250783943655278	0.27442132954104
-0.104845147091582	0.112909341563322
-0.593091082609436	0.82224673861606
-0.738414128880846	0.252090639638632
0.805818467531733	0.331696510115434
2.54557570899396	1.37892987568067
-1.04664817491529	0.41219337703347
0.947770742439721	0.248281535275256
-0.628164901903538	0.15157555358925
1.81235300959058	0.702242876396542
-0.414248785891065	0.172553623155678
-0.359141638818634	0.103112871302961
0.420364648702741	0.165681646207578
0.424821624713548	0.167666820972884
0.947635845528227	0.248244973505163
0.947635845528227	0.248244973505163
1.08981440875319	0.825101062047482
0.442611111525412	0.319492670984895
1.25016529401374	0.67594617648207
0.312570924438769	0.202875284540583
0.083333017165814	0.0589439897020547
-0.666202315763534	0.39875984805692
-0.135965578814264	0.096015620806482
0.728870417976148	0.608073723421646
0.67304124957858	0.309966546096241
1.81545080408239	0.703738180326379
-0.540010421209968	0.202885751343567
-1.29422913938657	0.576824155878015
-1.49031840539041	1.04468542971098
1.24890062365055	0.674925762295977
0.127141626540389	0.0479115733238652
-0.621957831947703	0.297616053571787
-0.35569023027487	0.10209347470967
0.374343498860092	0.165966304255998
1.45138090115721	0.478568850670936
1.31218528243788	0.56311122145944
0.668169269084798	0.307180828373381
1.25940066717258	0.682987619618916
0.0411950925733117	0.023964228291329
0.805467397708516	0.331643487494376
1.95731570776637	0.441000340195791
1.31742436471332	0.565703873185492
0.806031822454127	0.331901204294119
0.586741009394728	0.302789600281493
0.27642607119395	0.224849338450117
-0.122015501293396	0.0985119593907667
-0.00552914968677128	0.00374590382298769
0.539920905988645	0.450088649910395
0.642858336070601	0.687006610015386
-0.163109291604338	0.144692313517975
-0.847586805596242	1.09807665284886
-0.254484349524087	0.23331858727856
0.0440442730723297	0.035110371046338
0.320301700937726	0.194350951602611
0.511503967583811	0.180256112933695
-0.807061272286763	0.441226470695926
0.124153707844076	0.0468349501941597
0.162952579336367	0.0406858836130456
-0.236519085872564	0.0760782981535278
2.55223749400437	1.38396251451008
-0.241731321095514	0.0777662459105239
-1.52497036065527	0.541612586959632
0.133301116726748	0.0442849463266127
0.513516136888496	0.181178716343693
0.882351172371629	0.467564315220484
1.25599478121855	0.680370001576288
0.372781905331741	0.31720845634522
-0.0800548889790364	0.0671088311266294
0.0553699523182183	0.0341755874547037
0.428631067442515	0.169230176789531
1.44839669376933	0.477459847846965
0.948768757521975	0.248549269795159
1.23988799346854	1.21810029632048
0.425497080140127	0.167863861612803
0.530890073192666	0.306271327214717
0.0975339202368507	0.0719394022268696
-0.11005139045319	0.0652294514129415
0.254700098149297	0.274100087702872
0.184251886354318	0.169461633237515
0.189044598760149	0.178515724948506
0.13240102364049	0.125335218811684
-0.0380488112542764	0.0246582915151658
0.666393686759246	0.793310746635426
-0.0244532032144557	0.0238604934013664
-0.124780740575254	0.100918778336629
-0.267730515392304	0.285711644385822
-0.554021593585365	0.806510567718888
-0.272961887050533	0.227414497614243
-0.505878136743101	0.468794839054454
-0.804621473140211	0.438958467266849
-1.35345742354815	1.12710085362472
0.132951093876262	0.0441757525557606
-1.53013794503811	0.543725951296145
-0.41132889398855	0.171302358575038
-0.735795036496609	0.251087692088149
-0.162645023142981	0.0582934318085609
-0.172996196356598	0.0619762892653504
-1.29860074136172	0.5797920330012
-0.241194698180716	0.0775963201393135
1.76282005299112	0.966290892399671
0.373768905624823	0.165889064042439
-0.119575292361138	0.0475678129859071
1.33495710081337	1.40883619054417
0.0384985016580285	0.0224191206228529
0.162888989811457	0.09386073206922
1.02037498084973	1.6321430867561
0.114442711367605	0.0980465471223508
0.134876361961709	0.122716381067122
0.516355256487075	0.540380223084337
0.954326649817227	0.943797787934442
1.95786695174359	0.441149378722158
-0.628599509856641	0.151612619227975
0.94820175004088	0.248479682375772
0.51408290047205	0.181384498788784
1.30848459275965	1.68097040917136
0.470132768519043	0.320324889611877
0.43113642835902	0.433629042610832
1.5198678753609	1.29879769311796
1.64144937673964	1.53790771091032
1.08751527347254	0.822098937950599
0.84829945871536	0.623906052310816
0.476807452154454	0.325893015730099
-0.00286216756808676	0.00155041039095843
1.17133924286271	1.80679876526587
0.901711905346012	0.779792368442237
0.888309795847567	0.907955395107394
1.13325617948217	1.16281448673125
0.295573464723008	0.213703114749373
0.130070615556567	0.0555691726612021
0.584880930577845	0.301581005042689
0.14933324385322	0.079272319414165
-0.198379886036897	0.107449785454347
0.142649903519141	0.0755232398664634
0.445044802942219	0.321813557951474
-0.278731684201906	0.233039425035582
1.23649610548272	0.850305080012511
-0.165433148159335	0.0592640318232164
1.12870075875727	1.1555655324006
-0.790339675316386	0.748315266017527
-0.169320011151056	0.0606649453809961
-0.0381630781284628	0.0247279890600547
-1.41852741276495	1.92952646269518
0.429189841643481	0.169462047821113
0.296931857534408	0.203684399193068
0.153711573401598	0.0883314075402246
-1.34534042494228	0.844939552676444
-0.790905695109644	0.683032136185289
0.176174396124728	0.120714384144743
-2.0851928861798	0.941244883307777
-0.805947853701745	0.537689457638446
-0.964694492546637	0.594653633849576
0.177056699264411	0.109421672312595
-0.151638227814394	0.0864664632303772
0.312303155579547	0.20266435396854
0.786701929962347	0.622475781029817
-0.580500118717181	0.42569015991869
0.161110374412205	0.0927917697800073
0.157667470978076	0.0906311323144003
0.318362656198124	0.192828639747848
0.88158540579846	0.466932419228524
1.04557901596628	0.496342633681703
0.495789127049169	0.31341687189168
0.31276637147052	0.189018903642772
3.03365118997835	2.21541112643948
1.95731570776637	0.441000340195791
2.75580772001712	0.763760469153332
0.130839837148547	0.0558138396767043
0.877243548385956	0.464191456977563
1.43996372598017	0.882753837349508
1.08133668650562	0.815307730109262
0.582439476614043	0.300374349088181
0.154465593370314	0.0289479903375428
1.01752340521689	0.378825443214315
1.02558467001725	0.382518749728777
1.04343768989806	0.495346760546714
0.67031140224908	0.308146609796731
0.374356834493824	0.166186882736063
1.01961500222098	0.379984696878922
0.506420516253432	0.178441254862104
0.374033731308239	0.16601974607059
0.425281606664403	0.167780963846818
0.802840016253824	0.330197869326294
1.45054889854294	0.478121061898946
0.94820175004088	0.248479682375772
0.701353301097421	0.460412921960788
0.0326050963383752	0.0190366852263528
0.770793985117418	0.45752296418316
-0.0760018206111181	0.0334536919767082
-0.462335331651145	0.309378354950916
-0.602678623514718	0.638252927905076
-1.41508608208137	2.11277123610746
0.312035341559288	0.202440108616314
1.02422162940792	0.382079227006262
0.166385490513216	0.102296032659907
0.424881351443949	0.323115153989702
1.22927692581302	0.842704664103893
0.559455746724538	0.557551530930488
-0.426973494961712	0.407240083210376
1.32141430741045	1.55297170662872
0.0361084360728059	0.0210236318292097
0.857392283668955	0.633767955250097
-0.0765261199359836	0.0336950763109394
-0.113830143183779	0.0675141226240048
0.37156503848093	0.164732367180838
-0.249233719805946	0.125700072333765
1.06190339887597	0.642861277235968
-0.687443433681941	0.487316473630478
0.135421538619285	0.0578076914541403
0.704035013597933	0.46281140974729
1.13995255478334	1.29459741914232
0.588417878030214	0.303931742994203
0.131326252699372	0.0494590375812649
0.378374383028926	0.168008405940863
-0.0429032288438214	0.0204525514923676
0.144725574883443	0.0425191258680454
-0.111680767322516	0.0444764309930823
0.431627491838122	0.170469918195788
0.801922158295548	0.329828855715043
-0.677646569999751	0.478689448980109
0.147223917297623	0.0779172188079991
1.59948861363764	1.10348849228462
0.877316598414363	0.464757516058345
1.44862736407577	0.477555630338169
0.948337549654709	0.248516516252871
0.127651677266186	0.0424864772644231
1.45355066214954	0.47909620382923
0.157325350109871	0.02936446462458
1.44922258720914	0.477763268309402
0.154465593370314	0.0289479903375428
-1.0465244135449	0.412299764954399
0.527937384928874	0.304023228539047
0.671071788506695	0.308901200069349
1.0444623770314	0.495719164594595
0.65757421006213	0.206588655278929
3.26795444532845	1.10381433627613
3.92936359942063	1.70302424744953
-0.171762117804328	0.0615057733921786
0.947163829875457	0.248276694926132
-0.352620864579995	0.101250485836996
3.26508709738097	1.10261522135605
1.31070034384838	0.56184147035493
0.771565280162323	0.457435642145508
0.379338617629675	0.168415523347565
0.911677350060079	0.792054201263236
0.513733853850566	0.181194231451746
1.75490771024	1.35919368391328
0.529517606521035	0.304829208941964
1.0658882467707	0.645592307143711
0.445700012418789	0.321990472018191
0.533473962565305	0.308121909631677
-1.04924168624191	0.847858752814776
-0.738670030097319	0.252119567169358
0.673147662557951	0.30986199776055
-1.29860074136172	0.5797920330012
-1.29180126592501	0.575635440327952
0.0607267875541703	0.0393342908077946
-1.00556756079006	0.909474470158841
-0.566489079310117	0.519658009921455
0.681717008309069	0.59403397298976
-0.801754189519217	0.620422755181041
-0.413914940317443	0.172398209586204
-0.684255988262682	0.484342971325814
1.25822308280041	0.681943469527745
-0.54567228051608	0.347356317509358
-0.277780572998096	0.175280671086801
-1.11046677263525	0.765913283178152
-0.0406200833354701	0.0194037010733111
0.0421624100668858	0.0245484381921604
0.449259101394581	0.325258622536991
0.94118809605297	0.635209130412546
0.669640034979678	0.307781097383292
0.609637641606907	0.462433262150689
1.23025961715401	1.35430305100213
-0.256972025540661	0.12980659006953
1.38267030993388	1.06636081638651
0.45318958994739	0.328752370538542
-0.624787013389174	0.299458156224005
-0.414582700218	0.172696165251637
-0.997176624877224	0.492104865568636
0.131463990676715	0.0437015090033304
-0.739472647353845	0.252404120102369
1.25342360352899	0.678146701343376
-0.109845111606182	0.0650567280052379
1.23312586255679	0.84726321858255
-0.258912530592381	0.130926124200128
0.149212845857803	0.0436974436845553
0.657866689740957	0.206670742493303
0.132183867428434	0.0497956563494198
0.885016438325024	0.469497274711102
0.87859329958879	0.46522403526817
0.134796989185734	0.044763826715822
0.158144667886276	0.0908607277820827
2.10055021952577	0.924312412659368
0.131463990676715	0.0437015090033304
0.94820175004088	0.248479682375772
-1.04255649350425	0.410401789740815
0.950426851449918	0.249037516760643
3.63500627246108	1.42050433165602
-3.77261843028879	1.48835647982182
-0.0804465192993072	0.0353912074741878
0.144976980831471	0.0425943260188831
0.658157600688591	0.206837664845118
0.421270140467149	0.166129444830307
0.15820382838182	0.0396092897578142
0.658157600688591	0.206837664845118
2.75520320904554	0.763197913000704
2.10345763612533	0.92603048253316
0.129297606667776	0.0551498554583142
0.324465502113837	0.179707181158481
-0.323632766370113	0.149347809072226
-0.123951638355	0.0868659574182178
-0.230394469302964	0.150604781497255
0.157370411029726	0.0293708256249034
-0.738748567012076	0.252134640052989
0.417807091569096	0.164649795305134
-0.789650928512862	0.342421974551524
-0.633474804141479	0.572844392590842
0.301828014216978	0.218898901571572
-0.957988728192691	1.0286992322093
-0.444933139828456	0.346208573019854
0.0156635958215435	0.00854026887998236
-0.00532940944746785	0.00276479926071839
0.153051635054964	0.0878812410990245
-0.19766742761982	0.107044409484963
-0.585325527190862	0.43039551234549
0.50124318904708	0.31771425861312
0.528340605757918	0.30456284759507
2.38694181219729	2.01833555294634
-0.907345187803633	0.761668733546554
-0.50946464493218	0.269396741706226
0.16524101272337	0.101684070597231
-0.897719669473296	0.836920326011202
0.493814978377598	0.312226381483279
0.125085786448965	0.0471836584371826
0.323460809890614	0.17886206224953
-0.00864269670898305	0.0044168844896688
0.497764200526459	0.315001298841559
0.159992352718576	0.0400538861334557
1.4378822225078	1.63189041027317
-4.97654704001857	3.46934410303228
-0.541053988501391	0.203408052094411
0.32484910646111	0.179959784859505
1.04815319884068	0.497931909325788
0.492163525065836	0.310845159577472
-0.338901507572547	0.24210407937447
0.534352493461091	0.308390212658736
0.125085786448965	0.0471836584371826
0.0143245397356059	0.00782893232087436
0.770793985117418	0.45752296418316
0.137536650513881	0.0659495032275318
0.377459472010341	0.167702025214651
-0.257819488033557	0.130329888983915
0.884672176994225	0.469632786519487
0.144389940892798	0.0424393237157952
-0.0772300873434247	0.0339864112578627
0.6685040593911	0.307362203674464
0.658449623497539	0.206846818911275
-0.628867026021838	0.151670609188118
0.140023273435885	0.041219830052157
-0.735201728577998	0.25087231236032
-1.14536534536015	0.34589005605433
-1.61958007716916	1.25494973199996
0.802704240998476	0.33025128123342
1.44981862951738	0.477799018830262
0.947770742439721	0.248281535275256
1.31656791107203	0.5650522711601
0.160221796316651	0.0401166927693931
-0.634668526358686	0.304895184019379
0.947770742439721	0.248281535275256
0.802489056255948	0.330144551890374
0.802138012530807	0.329972517070534
0.15963091503218	0.0399802605532864
0.130626533328143	0.0434288699946859
0.947770742439721	0.248281535275256
0.127450572227963	0.0424065298545469
1.95731570776637	0.441000340195791
0.139542963985349	0.0669682425041542
-0.109293809684691	0.064750695736248
0.582821707131815	0.564054883776401
0.686037208643737	0.796934240313336
0.654408135649179	0.205512311863459
0.659678688827779	0.207049146044387
-0.412131295800435	0.235196162620975
0.136033167617367	0.0652723140485829
-0.25595795616293	0.129265356172398
0.697577711003236	0.456456381353303
0.584722214231738	0.566563148362883
0.410213390485957	0.325943344191964
0.610587456843597	0.572771464945173
-0.387186708502038	0.306923607647025
0.29106999132234	0.220072611746315
0.548229431410207	0.459056125857016
0.286099044807283	0.225110510571251
0.845396590840817	0.770656226471734
-0.798644548997427	0.692177592828716
0.036795643340036	0.0214329865387449
-0.609810749636808	0.501320093683996
-0.906814741452839	0.761109847886128
0.397390479861804	0.328714444255939
-0.228471194444008	0.174858793115017
-0.340105291447059	0.206506302774046
0.446425120888693	0.32291677428974
1.06838452498416	1.25106064490633
0.783064052272599	0.61781201655968
0.85478364857849	0.631538180954891
0.474014002629101	0.323765617557882
1.23181441229619	1.35725847837478
0.0548020048918389	0.0338133614061237
0.568325186514066	0.45361097432283
-0.185941670848681	0.124735915248929
2.10055021952577	0.924312412659368
-0.198554129768127	0.107450861296122
0.466717370478355	0.317740667979623
1.01964518736811	0.963160414120631
0.159975923441499	0.0921381847530274
-0.232999583460717	0.152524407654029
-0.890524014338679	0.827567725153851
-0.35262379016767	0.101278913820777
-0.421938432498096	0.176107268065683
0.123809809436213	0.0528885811286545
-0.792396830153744	0.344017820558448
-0.550636538781798	0.351063139244765
-0.0602584940161908	0.0380639130984306
-1.34838470623885	0.847634476147066
-0.799671096820789	0.618403713340282
0.581371483486708	0.299940832909614
0.321393917004054	0.195150356190234
-0.681388112110317	0.481321482763348
0.448502707334303	0.324843982944101
0.785810328134897	0.621034169254456
-0.041867800224155	0.0199853930992183
-0.663103164655776	0.395982367731761
0.503657336534692	0.319467495503281
0.327728704744056	0.181840067182576
0.155067569950451	0.0290355764553768
0.132164012775708	0.0439252834614193
-0.114843768201865	0.045743722193408
1.31287687928524	0.562923955005752
0.160221796316651	0.0401166927693931
3.92389000551089	1.70054361221532
-0.806301574475639	0.440102374945707
-0.281824020608036	0.178231857292904
1.02651128578825	0.383050193875148
0.885194207884209	0.469371176396475
-0.166881093092997	0.0597967633134523
-0.35569023027487	0.10209347470967
-0.161741213249533	0.0579719954170508
-3.76165974462818	1.48222195957514
-0.240627572806769	0.0774207528438286
0.155111385030128	0.0290417527313876
-0.171546284974738	0.0614263022767799
1.81323362267005	0.702723165703649
0.160813493636874	0.0402291855562724
0.51408290047205	0.181384498788784
-1.1412568453231	0.344431220445032
3.63694507499105	1.42148992135626
0.658741078701816	0.207014004441108
0.947635845528227	0.248244973505163
2.34428714005014	1.15007845209507
-3.15671264906197	2.76835289884128
1.25684059841494	0.681084009430529
-0.555779326426693	0.354898993285392
-0.158024616581617	0.108858300390701
0.121245213160553	0.045772459841601
0.656894206098884	0.206287716765961
-0.741763882242001	0.253307934106881
-0.976736398490175	0.604739616615949
-1.34503027832017	0.844701684217595
0.648293268614949	0.461774319866404
-1.83691537066501	1.68466943218341
-0.0870757837850717	0.0534604974582868
0.172498170959367	0.118055002107948
1.23039690599073	1.20148809935462
-0.0225207177400613	0.0149137107601263
0.0697883000852235	0.0472822195004021
-1.13192227016813	1.5025237407788
-0.194354096336305	0.105096752367293
0.74051317923478	0.725156102397588
0.175522144304777	0.120262399681206
-2.12312124242933	2.37687243726752
-1.00881399605341	0.913121683948271
0.685080148089983	0.598277732262797
-0.794269258697567	0.613101611097488
0.0447868128887424	0.0260795784932921
0.395728256475524	0.3269075966634
0.646810168505553	0.46083662386912
1.75103592323411	1.35444374614998
0.772089846493946	0.45862860886728
0.298444551637334	0.216107620649623
-0.197187337785221	0.1066663859441
0.511884149147493	0.180536056250855
-0.505955498703936	0.267011012146868
-1.51888031737821	1.72081524048058
0.847325501057029	0.623539011011267
0.308685053126429	0.199924358123375
0.605604729760135	0.458882941176855
0.158797898832415	0.0397350165406265
-0.339414437193127	0.20602709966627
0.133406927065206	0.0639803101619169
-0.0754654389558725	0.0332355517878764
-0.356367399040958	0.102345848061694
0.950998501270056	0.249196467275389
0.128257995526357	0.0483688606653588
0.785423642239541	0.620673297876512
1.75801664616211	0.962045011646966
-0.253063568737107	0.127775270691815
-0.414393917398318	0.23693856945821
0.700165798251825	0.458932541598477
0.144389940892798	0.0424393237157952
-0.325919631192563	0.150478994963884
0.147959310696477	0.0784497249789993
0.99254218184085	0.814749352188914
0.370650988532887	0.164283149019924
-0.8107953759628	0.54183156242646
1.51634702361574	1.29443692785505
-1.10686806523279	0.762082543282929
1.76359439915007	0.966701129222209
-0.167754072609883	0.0600616127897958
0.154509067766894	0.0289541162362231
1.81323362267005	0.702723165703649
-0.325918106206965	0.150477940797154
-2.57669595250488	0.657559862268914
-3.76165974462818	1.48222195957514
0.127740324846529	0.0481396538224244
0.161043695584893	0.0402684742968713
0.948337549654709	0.248516516252871
0.156070095129669	0.0391676647119387
0.154465593370314	0.0289479903375428
0.15963091503218	0.0399802605532864
0.157325350109871	0.02936446462458
-0.628867026021838	0.151670609188118
-0.739810651859165	0.252595067527066
-0.241194698180716	0.0775963201393135
0.161043695584893	0.0402684742968713
2.75868832531345	0.765017792149168
2.75520320904554	0.763197913000704
1.02651128578825	0.383050193875148
3.63331351050508	1.42008896661082
0.94820175004088	0.248479682375772
2.75807933893485	0.764710363024488
0.162719274583833	0.0406219991153643
0.652536778996746	0.204751850342855
1.45174463580423	0.478561109172125
0.511315925469962	0.180318053690652
1.04690378710311	0.497343192229306
1.0693848442484	0.648479925415607
0.513975006334974	0.444839530071592
0.773533317815072	0.459189589105413
3.26569824690609	1.10327543173781
0.510967914253512	0.180245566763838
0.670571388016324	0.308341959138758
-1.86529131556224	1.17298940279355
-0.148216491734521	0.0844075223966391
0.284028585572535	0.223121689538988
-0.146895317582942	0.117449118600423
0.835712986239374	0.881089415243729
-0.532880799684461	0.445934095408478
-0.540544383955406	0.454046939514394
-0.623580908052255	0.560747329365908
-0.0559510375865022	0.0422691662507478
0.166899437701698	0.102746755093797
-0.0119244883867159	0.0060213508108028
-0.00876829066936291	0.00446132883256413
-0.0589665846828207	0.0372290083369807
0.054680290604391	0.0337365211317884
0.0728012571201161	0.0493952817745344
-1.00732893915189	0.911921332014272
0.916931302084753	1.03120046595009
0.923094656543745	1.04092059351864
-0.566277232711326	0.519183442665998
1.2291897969094	1.20189398516939
0.534340725460981	0.444419985032247
1.02533495299364	0.382457756692076
0.146139603333772	0.0774914174974864
1.05916993622549	0.640883017774166
0.585195102475556	0.30181034100534
0.376286778136865	0.166956339676594
0.881648218382847	0.466747321637601
0.51386494250992	0.181311218287051
0.511718741559603	0.442439156652717
-0.0439546043195565	0.0209544949797897
0.945791917517716	0.639946291673214
0.370326825020082	0.164116205224483
1.44958631087756	0.477702557005987
-0.790168092677088	0.342820605922819
1.09598919762697	0.831359660020282
0.465004283227782	0.315902606657996
-0.235430056720748	0.154267756999855
0.612740602680308	0.575666244264856
0.0486926319605554	0.0300138308622902
0.0165206144238672	0.00897673015318971
-0.413648420763288	0.172239608085413
0.53016786637845	0.305307054273554
-0.00889776621750375	0.00452687193612399
0.768473831781329	0.455875793833171
0.466788615835811	0.317401709123014
-0.41614391306606	0.237915426336524
-1.11457723967518	0.769998190775616
-0.114522172747466	0.0456181853041038
-2.08553743334962	0.941412888325459
1.55507391974261	0.755498369683247
0.673482458034147	0.310019955946795
0.154509067766894	0.0289541162362231
-0.619152800552872	0.29608472326445
0.804765006705712	0.331183851246171
-3.4599009305559	1.22709220959572
-0.354815349846941	0.101888689175609
0.15963091503218	0.0399802605532864
1.0657186796094	0.646544626684046
1.81515619836297	0.703574555319196
0.144304320671072	0.0423970373819599
-2.5766529574574	0.657773148602288
-0.737154567775087	0.251538686589487
-0.237559934502149	0.0764246711906185
0.511315925469962	0.180318053690652
0.156070095129669	0.0391676647119387
0.155111385030128	0.0290417527313876
1.44922258720914	0.477763268309402
-1.83537736671358	0.742411015726266
1.95786695174359	0.441149378722158
1.45054889854294	0.478121061898946
3.26508709738097	1.10261522135605
-0.359725191866461	0.103238313016327
0.154509067766894	0.0289541162362231
-2.57669595250488	0.657559862268914
1.95786695174359	0.441149378722158
0.797760401782817	0.327916718359797
-0.632424041671007	0.152580102364835
-2.5766529574574	0.657773148602288
0.154465593370314	0.0289479903375428
0.587176291944614	0.303137191834926
0.989303425316214	0.811809289372727
1.44862736407577	0.477555630338169
0.806946715618188	0.332140754620736
0.849543140928158	0.625314004572647
1.33933158458636	1.41599139381906
0.804336592371997	0.330963349185792
0.159036592116599	0.0397877345506797
1.02363521199244	0.381873400117373
-1.69661550867139	0.956574938709399
0.804536923824999	0.330895189401249
-0.340716953740401	0.206715673280489
-0.33472853720989	0.238743238779762
-0.393404899626241	0.347751223205846
0.00220988322406918	0.00162081755618938
0.281457592045065	0.211635678866617
0.413199436155356	0.328881095088831
-0.39045272652017	0.310081362390691
-0.189384247334589	0.127271129474874
0.388632219966104	0.319827320812166
0.176849696259762	0.12665092522017
0.176657485021518	0.115434786497228
0.697517931667986	0.457094547418296
0.176847277738926	0.121285192659949
-0.141616251478133	0.100257352537705
0.496569183847638	0.446022651211578
0.618476116895368	0.677351168148014
-0.867304947115935	0.942755835428493
1.69974228841021	2.30747273906409
0.0682451608938944	0.0462274535423491
1.00735508208064	1.21101174709067
0.194027203940041	0.151212470079941
0.753394292167699	0.838105438201189
0.593253960451188	0.306958321617565
0.530530541676178	0.306002189478256
1.31388474659322	0.563741493426488
0.305955346458193	0.198004120646965
1.35258108467015	1.24904850405521
0.162590253502546	0.0405994312489443
1.0239728358881	0.381885834911352
0.512103476504473	0.180655514559587
-0.113617842404022	0.045231923551469
0.319998537618056	0.193974331099166
0.986707059307091	0.807125124323668
0.322722778969552	0.17860503986261
-0.805605777992562	0.536673549834927
0.31418725636049	0.204027717672921
-0.509411182171857	0.269612526768787
1.60113600171888	1.10705890460126
-0.0396593503133427	0.0189529075071595
0.303767655727384	0.208996473589891
-0.471942460547109	0.316850463254276
-0.118253503079345	0.0470100497471401
1.15008723824646	1.43017097963427
0.734352562510686	0.613824749278355
-0.256824497813639	0.129846239152917
0.937216149349151	0.632366423361517
-0.805662915093925	0.537376646046282
0.641195335959978	0.455283827735615
0.13571412709247	0.0450530753488282
-0.538169446885037	0.20211193569765
0.160221796316651	0.0401166927693931
2.75520320904554	0.763197913000704
0.159992352718576	0.0400538861334557
0.141877572098378	0.0681848863581878
-0.411396616732374	0.171295832500664
0.124743014208916	0.0415439261654004
-0.508512899300146	0.269065615644026
0.373454818648763	0.165812563770478
-0.354815349846941	0.101888689175609
0.156070095129669	0.0391676647119387
-2.57963910438406	0.659061212358043
0.158441687834525	0.0396618099099809
1.44839669376933	0.477459847846965
-0.737745529684395	0.251848226779474
-1.52556530925699	0.541887546993991
0.672964510570127	0.3098355326584
-0.74243876954869	0.25362235352836
0.658157600688591	0.206837664845118
-0.35262379016767	0.101278913820777
-2.57963910438406	0.659061212358043
-0.355394630173918	0.102015543768339
0.427594646547955	0.168736117125312
0.144389940892798	0.0424393237157952
0.154465593370314	0.0289479903375428
0.15144823932183	0.0285426379557898
0.986971922445087	0.808824571685826
0.475142587147255	0.324647879696587
0.311612875460248	0.202332347773568
0.178297884768985	0.132877148434268
0.915284333679764	0.796541565763432
0.582863061459896	0.563789728458651
0.669900234787502	0.307847468714531
1.23129592141118	1.49337619250658
0.16045117802105	0.0401558290866076
-1.04488326260696	0.411431568917432
0.128003827528337	0.0482344496818407
1.76400821995721	0.967220409420252
-0.459709644232985	0.30714940924143
-1.43821535387379	1.54072262996096
-0.609480667287372	0.501226523297761
0.065649644740166	0.0444237750545658
0.322248976261481	0.178243424580194
1.23107249311188	1.2048670438634
-0.70280157872099	0.621789666870978
0.0185205511076691	0.0100454981851715
0.0500634198058414	0.0308632761502779
-0.968765719468322	0.598495613379859
0.0555095116573685	0.0342494977671052
-1.35893401304516	1.58071898166683
-0.0341345500709343	0.0163707851940618
0.49279191566921	0.311203376220823
-0.155468240831745	0.106993720078753
-0.275749365028749	0.173919543219461
-0.255580130691612	0.129209497249265
1.32230887481755	1.55444075262909
-0.138514319930427	0.0786015175048255
1.22670139564448	1.03144442518638
1.35135107459344	1.2468917524989
0.515520887366358	0.446902990988885
0.449073266895139	0.32534714360653
0.402187922682555	0.318242000333324
0.846070409785273	0.772055461399264
0.424589856092066	0.167423262672112
0.664328029497388	0.305200122284035
0.878479584286394	0.465178423756688
-0.325777269541973	0.150210725398921
-0.120490621868934	0.0479276905170135
1.81235300959058	0.702242876396542
-0.538169446885037	0.20211193569765
0.144154643986097	0.0762911570485958
1.05855282538787	0.640292918809916
1.75134073748287	1.35483139282442
0.144389940892798	0.0424393237157952
1.43970607943884	0.882904500572979
1.43783983113658	0.880201221571673
1.35120654963919	1.24830417230384
0.380307254840881	0.168957183383726
0.0651772057862642	0.0422734105127903
0.130241690767924	0.0556750391030632
-0.194952875511802	0.131394901210621
0.875804866758709	0.463134445642844
1.59885726266364	1.10227689172542
0.126720526204784	0.0541488298627947
-0.621686679461025	0.297492094197077
0.0141909464868969	0.00776041926997203
0.341683515144474	0.170370018773878
0.37564254510964	0.166735537453162
0.123890289984819	0.0467338918733295
1.95786695174359	0.441149378722158
-0.789650928512862	0.342421974551524
0.434271712381076	0.171521306650672
1.95786695174359	0.441149378722158
-0.354815349846941	0.101888689175609
3.92452877652187	1.70087632208659
0.490174538397635	0.309231078877933
-0.66534674615136	0.397444473734649
-4.57616571514756	2.49151948474519
-0.631994988626399	0.152498044571477
0.132382889280095	0.0439989008298304
0.376436022843418	0.166937201136509
0.155067569950451	0.0290355764553768
-1.79840965860499	0.382877827643389
-0.628299579656606	0.151558046801791
1.81323362267005	0.702723165703649
-2.5766529574574	0.657773148602288
-1.14499995487719	0.345855392571373
-1.52585303078124	0.541962051097293
-0.739220696441847	0.252380570526188
-2.5766529574574	0.657773148602288
3.92936359942063	1.70302424744953
0.142645543006535	0.0418989273349654
0.947770742439721	0.248281535275256
-1.14171114622793	0.344693702322242
1.44899109330448	0.477667123734845
0.144839984425568	0.0424652121179643
0.493410395228092	0.311907078819367
0.661225548064972	0.20772290984652
0.491825345888929	0.310520156542952
-0.735795036496609	0.251087692088149
0.0164875960249675	0.0089857436075181
-1.93997016347774	2.89450846662129
-0.34058631567442	0.243500791844105
0.424667294199528	0.322759428497126
-0.685042537490086	0.545396310920441
0.176938155619872	0.141142613740307
-0.190476029300982	0.128035078977929
0.784107420235277	0.619253787121995
0.464144679494418	0.444241666116999
0.0436829532550919	0.0254120106690623
-0.39826550109261	0.276912067446416
0.409299456211698	0.325171920266352
-0.91044119217632	0.764801644508684
-0.27682583069228	0.174754422221718
-0.502082984094219	0.380117992034557
1.08728430602465	1.38665816853461
0.533763182218715	0.307982082650989
0.188898870191073	0.141513035679919
0.179485108765105	0.128667912907715
-0.0429083600663014	0.0204216863738571
0.323006994926146	0.196081010866306
0.308383742330075	0.199852570781702
-0.231155178385186	0.151235729729181
1.25393648179974	0.678276792010208
1.09235576154503	0.826835245833872
0.329598748965803	0.18282772075344
1.25462082408392	0.679501062361768
0.162357836679133	0.0405597098553547
0.422805251434951	0.166707224467271
-0.40896471714897	0.233160881933634
0.880348310780427	0.465873463879197
0.602507759032608	0.455923152322027
0.527534423571345	0.3040331120998
1.25249399789827	0.677360299966471
-0.153964723433712	0.0878237655942478
-0.787538911753505	0.34128930081221
0.144841310026231	0.0766744076971395
0.601200578215241	0.453838412875461
0.672888864603785	0.309645885119075
0.302600483415825	0.208078715666371
-3.45967591146264	1.22746502283364
2.10114269367742	0.924635433318668
-0.999500154963618	0.493213675971716
0.451533240257407	0.327325961538032
1.04836317982236	0.498217822369961
0.514213661606994	0.181383794125596
0.804551193439478	0.331168980919484
-0.120221326145877	0.0478165432547273
0.160221796316651	0.0401166927693931
0.855927091059262	0.632913334260617
0.143231568712453	0.0420634101782781
0.134096582628132	0.0445246807155045
0.125609750837894	0.0536135320946115
-0.539312347732804	0.202625351504848
-1.1414839653338	0.344622990730584
-1.50525559201099	0.756917643624113
1.45174463580423	0.478561109172125
0.145227337337459	0.0426443607563146
0.155111385030128	0.0290417527313876
0.659032643407672	0.20695576224899
-1.79839614394125	0.382877807711208
0.654703443030561	0.205608890273211
-0.241543381848446	0.0777055848228126
0.948337549654709	0.248516516252871
-2.57660997484294	0.657538252319339
-0.354815349846941	0.101888689175609
3.63395648950567	1.42026036401428
-3.76894933168033	1.48672161607666
-2.30100347000821	1.14813064628252
0.653245802516738	0.205089848433872
2.10114269367742	0.924635433318668
1.82079894213835	0.705379358306122
1.45114635521655	0.478471348903038
-0.171762117804328	0.0615057733921786
0.131814043124596	0.0438161720723548
0.145227337337459	0.0426443607563146
-0.238130718624198	0.0765764115230572
0.152050960400409	0.028630259939513
0.653826927429073	0.205337088996143
-1.00142346097541	0.494967406792553
-0.236642536873473	0.0761450888689269
-0.257890752097657	0.130392292626134
-0.238433725050041	0.0767157416465737
0.527283346081774	0.303542933831935
-0.043172968309498	0.0205891718215923
-1.18710482416143	0.663070166632177
1.02338601426445	0.38161996773056
-0.323482439072492	0.149135048706266
0.0141909464868969	0.00776041926997203
-0.164527160147053	0.0589422882015183
1.59919368402973	1.10237400412278
-0.678750011743749	0.479632451411198
-0.792396830153744	0.344017820558448
-0.678503150967204	0.47906588691515
-0.169320011151056	0.0606649453809961
1.81545080408239	0.703738180326379
-0.240278820798337	0.0772929353381372
1.04190614833444	0.494338412378578
0.345762955214128	0.172762610176751
1.02617238539361	0.38275777208832
-0.168098950998947	0.060182556134742
0.428631067442515	0.169230176789531
0.160813493636874	0.0402291855562724
1.31473628244331	0.564270657565622
-0.738079783119958	0.251987608125061
2.09962019368326	0.923638574732708
-1.52556530925699	0.541887546993991
-0.628164901903538	0.15157555358925
-1.14171114622793	0.344693702322242
-1.52497036065527	0.541612586959632
0.426057714386364	0.168088710052056
0.376551488393798	0.167096677243062
3.26284822825054	1.10169382604423
0.430859589424462	0.170127734619908
1.76302688918484	0.966580549350707
-0.237212899766669	0.0763212805777045
-1.0403348553758	0.409226758738803
0.132600988210423	0.0440609588064188
-1.1406575104342	0.344234513147494
0.162952579336367	0.0406858836130456
1.95731570776637	0.441000340195791
-1.14536534536015	0.34589005605433
-0.351744415353914	0.1010114930848
1.95786695174359	0.441149378722158
-1.79840965860499	0.382877827643389
1.95731570776637	0.441000340195791
0.511535984561553	0.180463547184556
-1.14111344283696	0.344497381350969
0.162952579336367	0.0406858836130456
0.159992352718576	0.0400538861334557
-2.57968420714322	0.659073447553718
1.95786695174359	0.441149378722158
-1.79839614394125	0.382877807711208
1.95731570776637	0.441000340195791
-1.80123754984197	0.383647112861273
0.948337549654709	0.248516516252871
-0.632563406792844	0.152610991116788
0.948768757521975	0.248549269795159
-1.14193838802885	0.344646219015582
2.75807933893485	0.764710363024488
1.95731570776637	0.441000340195791
2.75807933893485	0.764710363024488
0.94832179105133	0.642413075314065
0.176384694761777	0.126300911058035
0.373768905624823	0.165889064042439
0.130658069144789	0.0492298941542097
0.986827439336899	0.807507153338972
2.11942058663	3.77221906954743
0.343215720718814	0.171249343298025
0.889318662284276	0.909314974663838
0.510883544628161	0.441969774964216
2.10021124048698	0.924077935460336
-0.0415287190075637	0.0198155422972074
0.799449870454357	0.328747918236032
-0.797547267988714	0.61648456601134
-0.464005711427995	0.310643788003771
-0.971186288145251	0.960236831882856
-0.873880756876318	0.881879287611287
-0.199687522053284	0.173235140251125
-0.295365387882227	0.21664871615506
-0.340580603233173	0.274520883911056
-0.412187218665881	0.235312260588104
-0.00574136086167146	0.00296882515151683
0.136589296650132	0.0654816461969539
0.423593378664554	0.321502819220863
-0.0121965926561118	0.00617282304745758
0.166259103868364	0.102325972705257
-0.292616454084717	0.214305853635947
0.535747594179167	0.445802862629675
-0.336725536013642	0.204105743435519
-1.66063475385889	1.72455946652924
-0.695797331364006	0.557217672523372
0.167781007116466	0.10332570959848
-0.160986454216379	0.1110655204973
0.573062523995243	0.458117796727989
-0.151623523402777	0.0864303861077182
-0.288470044862293	0.210737430133696
0.182086168670188	0.145804483735049
0.840858518564426	0.764378832757544
0.801220040350497	0.32937098969222
0.151419681592301	0.0802825408713078
0.463775418465887	0.314792668124011
0.377459472010341	0.167702025214651
1.06817566818363	0.648031617689729
-0.790226232913148	0.682267197815113
0.309618318957566	0.200653008032766
-0.332741385719693	0.201400592987662
-0.19242113306429	0.104012817110046
-1.04278630064219	0.410314973185565
-0.0777332824213655	0.0342191655604515
0.149653471844477	0.079291114285782
1.38711639578907	1.07131965116403
0.879497924712769	0.465358146017653
0.151841358978744	0.0806620734032786
0.769091972515076	0.455945683096624
0.470132768519043	0.320324889611877
1.60493548346448	1.11052080940796
0.131596310987735	0.0561342871874986
-0.0418227139422492	0.0199459990486432
-0.233964530152622	0.0753172914260115
1.2562500926633	0.680630080040547
1.2562500926633	0.680630080040547
-3.08216231491203	0.947551973079846
-1.18515048929907	0.661951050801317
-0.539312347732804	0.202625351504848
-1.79839614394125	0.382877807711208
-1.52926336424741	0.543358625626883
0.653245802516738	0.205089848433872
0.137992233769885	0.0457542226421718
-0.121959868123294	0.0485306914005998
1.31275235192293	0.563405500186811
0.654408135649179	0.205512311863459
1.80894124091292	0.700425017401662
1.44725524543057	0.476951096350534
-1.79839614394125	0.382877807711208
3.63203016857434	1.41874839489518
0.14371839260098	0.0422424410228484
2.75641316563256	0.763778311858285
0.512103476504473	0.180655514559587
0.948768757521975	0.248549269795159
-1.04324829900211	0.41067273876345
-1.04664817491529	0.41219337703347
1.02651128578825	0.383050193875148
1.31166744621023	0.562613064395961
0.14266981261748	0.0756352323371155
-0.257602162507504	0.130315790828037
0.16780513788604	0.10333667667587
0.0639120243284187	0.0414430318656108
0.14371839260098	0.0422424410228484
1.81545080408239	0.703738180326379
-1.04290235412753	0.410559570501728
-0.998834080201796	0.492773305525864
0.457299103060714	0.436105496519248
0.158046915096696	0.0909453944002034
-1.24280298327373	0.947902388307419
0.611472893902313	0.573972800520099
0.299274635784509	0.21679481624801
-1.04828002091511	0.846721394437705
0.159992352718576	0.0400538861334557
3.26345542626113	1.10199860979414
-0.117391426362144	0.0466831384071538
0.125420086757105	0.0473043623728007
0.129484452637878	0.0430568172874428
-0.0102155124438382	0.00515610340661931
0.772479957142985	0.458149287010929
0.307579673067999	0.199278355887504
-0.342072323822855	0.244987354179589
0.183793432151337	0.137375341322191
-0.505293293478646	0.382786698112862
0.0429103888704668	0.024960196034402
0.612072953643113	0.574521228637171
0.0969237518665586	0.0714432415513836
-0.058673380832929	0.0370505074153919
0.0471851026892305	0.0291135097810779
0.792673006945297	0.860110721798077
0.0380659468878923	0.022144229224854
0.784765217415569	0.619981453935871
-0.19219853101819	0.12926949344026
-0.530119115293109	0.442858822026458
-0.607233712918284	0.498835653336682
0.509706230897165	0.440341265243132
0.774747035853175	0.459926007828651
-0.108502288206651	0.064282145570661
1.43858258091965	1.634317354933
-0.459065310047713	0.306673844583552
-1.0073166015511	0.911164684927571
0.605750070189526	0.458597472056213
-0.797742955503049	0.616044339260149
1.37974664642694	1.06197590491677
-0.254629166509042	0.128688028337544
1.04355625006019	0.494941192071787
0.700071120544321	0.458809639720758
0.144640697621443	0.0425017414545061
0.321670250020813	0.177972188289145
0.772738250931096	0.459129102120572
0.151447477388143	0.0803959285308491
0.135013812660324	0.0647808494274447
-0.579672311238628	0.424832083380554
0.700453630090616	0.459198923115108
0.132732885510209	0.0441080605497273
0.538557214564385	0.311384694294675
-0.19351038807588	0.104665821431364
0.13125430574639	0.0494561793802337
0.342766164806246	0.17127254417448
1.226503923828	1.02953048244096
0.492283937594428	0.310545614372185
1.55676323731571	0.756369695530655
2.72634012696914	1.63679474190603
-0.171762117804328	0.0615057733921786
0.657866689740957	0.206670742493303
-1.52556530925699	0.541887546993991
-0.123253920078889	0.0490232450068252
-1.14559783756009	0.346052129596875
1.81115625615482	0.701436048499222
1.02248687611089	0.381157405723936
-0.329770647368486	0.152300665435464
-1.83072704109891	0.739930594937107
1.75563898565448	1.36040102471104
0.132951093876262	0.0441757525557606
1.01868988091969	0.379571940690884
-0.740148737877288	0.252718341140933
-3.76137421922742	1.48226291907169
0.157370411029726	0.0293708256249034
1.95988292961267	0.441702177751728
0.144640697621443	0.0425017414545061
-0.234090861009704	0.0753429614422092
-0.16684564485734	0.0597373941238438
0.155067569950451	0.0290355764553768
1.02363521199244	0.381873400117373
0.946592090327999	0.248117976822064
0.948337549654709	0.248516516252871
0.678532530893668	0.312673492868646
0.180636339952526	0.144480561541854
-0.236974118009934	0.155371269724565
-1.10728012614592	1.07707965720007
0.12734351598535	0.0544306878864236
0.175522144304777	0.120262399681206
1.55620078746038	0.756212440653057
0.65757421006213	0.206588655278929
1.31530203855702	0.564526657282562
0.0337589984169002	0.0197100556644855
0.600897403620378	0.454330907038307
0.0216040452871371	0.0117198961519298
0.570117439652048	0.454877812539563
0.171749395767722	0.117450240234209
-0.691158868273308	0.552588468312982
0.134368673073161	0.0573493611121326
0.800732484930354	0.329422357686243
1.56145112294536	0.75898068706858
-0.793871327710497	0.344598346953249
0.344369403217172	0.172159029371307
0.12747667107683	0.0480354772047687
0.298964368220597	0.205270282745432
0.492001972325848	0.310331019391304
-0.438196979776354	0.476600847946486
-0.559939796986164	0.511604818900602
-0.273479892494248	0.228019124743654
0.901005930275398	1.1299540076702
-0.0845380360902753	0.0617435318952668
-0.541275700390587	0.455085401577494
-0.643352891210293	0.628066315520278
0.686640178035691	0.600336833574328
1.47313428263925	1.4823980988352
0.479587528780868	0.445456737427451
0.470242962525802	0.320683175597275
0.583952267867969	0.565445860694747
0.425656495310287	0.323452979606329
-0.0574844606562599	0.0362775610996583
-0.663548233429051	0.698626769144797
0.182444180011741	0.141300589851773
0.0654575153863676	0.0424650210185574
0.425965469795894	0.324003905451812
0.296283156282301	0.214326036491811
0.186936970118817	0.159466178857572
-0.0770968686407879	0.0575434612395985
-1.05125275102897	0.850499424932862
-1.02482847814002	1.1584730610955
-0.151435932139871	0.0863298223024546
0.771441758104588	0.45809325066597
-0.50649312058637	0.267734582838957
0.318491094301666	0.192919819509614
1.44619338746217	0.888913477249866
0.307849770601755	0.199532478780623
0.697866076460167	0.456722359396474
0.311218132615903	0.201852863233521
0.527578604752974	0.303709014226356
0.14556417703739	0.0427370982099398
0.494213957422001	0.312486218769205
-1.25626673342545	1.1801708710236
0.465304216652107	0.316636292832345
0.442235100401462	0.319113230160777
0.0158279390343842	0.00860622681329315
-0.149294217138177	0.0850744015036644
0.124822735555812	0.0470818361400661
-0.241892151565733	0.0777967682855961
0.143920869686597	0.0762820468604228
-0.166902945265391	0.059739082912229
0.135580186525053	0.0449978908716727
0.698825204524328	0.457684372952831
-2.5766529574574	0.657773148602288
1.95731570776637	0.441000340195791
-0.738079783119958	0.251987608125061
-1.51136479722898	0.761191935779971
0.129602692162006	0.0552849677106642
-0.237559934502149	0.0764246711906185
-0.354815349846941	0.101888689175609
-0.356367399040958	0.102345848061694
1.44780311038183	0.477066495630919
2.75580772001712	0.763760469153332
0.154465593370314	0.0289479903375428
-0.628733247343677	0.151688343674084
0.154509067766894	0.0289541162362231
1.44981862951738	0.477799018830262
1.02422162940792	0.382079227006262
0.658448437247608	0.206865271021461
-0.735538279411364	0.250976055861043
0.511187733730715	0.180331422147582
0.654121684946124	0.205433467520013
0.654703443030561	0.205608890273211
0.801922158295548	0.329828855715043
0.948905461162112	0.248586345985544
2.75580772001712	0.763760469153332
-0.00955721550316613	0.00480231474878292
0.28419558019805	0.223381779964288
-1.05337352888916	0.851739183383054
0.670479674423801	0.308592907557702
0.467203575526654	0.317686261576813
0.131463990676715	0.0437015090033304
0.162125356869158	0.0404960611383205
0.139436459089769	0.0410524321785509
-0.415183675733752	0.172968540362155
-0.0428862763913153	0.0204556223512247
0.156853390231335	0.0901474152062656
0.437923689864271	0.427746155005847
0.0479435626533588	0.0295756295698376
0.316574687790125	0.191487071213566
-1.21282034196681	1.42875769396793
-0.0844759083005067	0.0518426966650921
-1.61675497709847	1.25040075700667
0.420308903296593	0.165743094945014
-3.08203048704882	0.947509650360219
-0.539089600210505	0.202542124367007
0.133494205957342	0.0502794825774846
0.0182296227412831	0.0098825346098043
-0.664533916750265	0.39670682855632
0.398795651571524	0.330081373077062
0.376436022843418	0.166937201136509
-0.234534484549801	0.0754746413023498
-0.414262187965267	0.236479682501667
0.392828505612146	0.324225661458333
-0.0417312154977856	0.0319900548138037
0.2986069812704	0.20502111054201
0.792082568350031	0.858945285306389
-0.115373769103019	0.0684760305236818
-0.60824533377607	0.499660705941118
0.000304767712588539	0.000103645894418527
-0.035633536392061	0.0230880281795819
-0.278849956657629	0.176063170455591
0.169454351496746	0.104389296009303
-0.628838972377586	0.301497189830301
-0.201627925340883	0.109260957329778
0.174373187067043	0.11943263419942
0.0634556983287675	0.0411519997254591
-0.0419733556637187	0.0271952593611057
-0.790688247521788	0.682250823085328
0.0814911851581642	0.0575915191554211
0.474842152065597	0.440006745708277
-0.446470162065108	0.347549864171759
0.03689883132341	0.0214664890644838
-0.417121374622637	0.238594667483155
-0.19815145605143	0.107222402663046
-0.624787013389174	0.299458156224005
0.127740324846529	0.0481396538224244
1.0632629080017	0.644153509017876
0.670479674423801	0.308592907557702
-0.148486791629321	0.0845654734285769
0.773088523684159	0.458548259226988
0.646263989444784	0.460345471822484
0.375257613631461	0.166414569843084
1.308210147198	0.560788489886055
0.511187733730715	0.180331422147582
0.132600988210423	0.0440609588064188
-0.790219131055702	0.342560224844598
-0.0422535120116957	0.0201658288099811
0.127329099679244	0.0480229321825531
0.773192457530603	0.458914799961596
0.125609750837894	0.0536135320946115
0.130229401607723	0.0555523028434548
0.465328741031874	0.316438787507343
0.934239859487536	0.628961855224419
0.169036703217521	0.110018023675159
0.67374098604665	0.310203332995967
0.672096455682138	0.309127443711553
1.0472501359547	0.497556503187299
3.26284822825054	1.10169382604423
-0.168098950998947	0.060182556134742
-1.04290235412753	0.410559570501728
-2.09212756188682	0.945265950897581
-1.55994928214709	1.51525432816709
1.95731570776637	0.441000340195791
-1.14499995487719	0.345855392571373
0.138562558046617	0.0665573985218262
-2.30100347000821	1.14813064628252
-1.04721949984211	0.412618976511128
-0.738414128880846	0.252090639638632
3.26284822825054	1.10169382604423
0.155067569950451	0.0290355764553768
0.149801165834309	0.0438547660273388
-1.14171114622793	0.344693702322242
0.94820175004088	0.248479682375772
0.155067569950451	0.0290355764553768
0.659032459281836	0.207041754611057
-2.29796697128273	1.14602149739505
-0.738079783119958	0.251987608125061
-1.14171114622793	0.344693702322242
1.81264504950119	0.702404900566408
2.75520320904554	0.763197913000704
0.883846853632687	0.468705553411493
0.467574105832679	0.318149093963995
-1.03434052808379	1.174552956764
-1.69304340847359	0.952994808261722
3.26284822825054	1.10169382604423
1.43660407010061	0.879442080968815
-0.168760743646406	0.0604728682433177
-0.0794370717150708	0.034966043729757
0.056729909813733	0.0349929713454065
0.166385490513216	0.102296032659907
-0.0571244916007775	0.0360637545379628
-0.125896485751057	0.0884419707410413
-0.0731367058478757	0.0322325710166528
-0.135494717904567	0.0956397799682895
0.64523666791832	0.585440097410209
-0.226686277924663	0.148017323573685
-1.51284627596671	0.762154786285722
-0.173341415808603	0.0620980411857629
0.139428236135088	0.0409789255672982
-0.121315446470573	0.0482777096353187
-0.553544297446265	0.353768017946104
0.847508393594687	0.623118316103204
-0.397057624439365	0.275798465377364
-0.200380052309392	0.108555825957429
0.658741078701816	0.207014004441108
1.94595836043264	1.19623120045605
0.694250336330842	0.454010592549504
-0.111414326111756	0.0443778368292598
-0.0422535120116957	0.0201658288099811
-1.60600438616355	1.92744758029759
-0.112074279539809	0.0806682660267213
-0.0958799919531569	0.0703982097011857
-0.300540323519555	0.220950070667099
0.182093858388267	0.130762132082777
-0.160876436493966	0.110956585425743
-0.254569425939981	0.190408045788089
-1.10308211701547	1.07181042912096
0.296184236620522	0.214028934538312
0.61460127523452	0.467201224929117
-0.056846791858297	0.0358673390606352
-0.691669264887472	0.552182432766728
-1.34754912954971	1.11881376149943
0.0125985858579483	0.00695764889675191
-0.506916034416782	0.384562259129315
0.703645272048935	0.462430448364689
-0.114885864317422	0.0681732450820856
-0.00959345489776748	0.00486722103938569
1.45597852022192	2.07453200927387
0.0407693109029845	0.023705034180069
0.427216120029133	0.324953069205994
1.3794495883588	1.06174899062244
-0.462331272220892	0.309416429603528
-0.413914940317443	0.172398209586204
0.131001252196664	0.0559667319614485
-0.813422406315094	0.445736281797462
0.881061209097818	0.46630997336116
1.22513789256322	1.02897453321427
0.647464127215354	0.460879351904996
-0.114909000323142	0.0457171659419852
0.798887367854718	0.328506973468232
0.781075311257463	0.616383567793482
0.502308911208935	0.318563050281695
0.132032810243933	0.0438841642048134
-0.256252224226077	0.129411567936258
-0.624552065460917	0.298912713773585
1.24957292115585	0.675413891825759
-0.504432615713519	0.266449580555752
1.06695149496246	0.64684443034121
-1.23568760976766	0.93847647796211
0.163700427837653	0.0943638886070544
0.42346507366977	0.166868876746087
0.305423141669721	0.197717746130609
-0.930747859403263	0.685507512595038
0.670145389835663	0.308411472409514
0.14535840522111	0.0698455970892827
0.851783644430449	0.628646850210819
0.804551193439478	0.331168980919484
1.81294103662311	0.70256079058948
0.140023273435885	0.041219830052157
-0.412674486587401	0.171991500615452
0.653826927429073	0.205337088996143
-1.03998820725116	0.409113309598422
-0.354229439997714	0.101697261087168
-1.79840965860499	0.382877827643389
0.132600988210423	0.0440609588064188
1.43608586397178	0.878295592157908
-2.00595629312204	1.4006698524879
2.75641316563256	0.763778311858285
-0.236295434458238	0.0760318807121589
-2.30383287964351	1.15080880271623
-0.540233723322025	0.202917482560003
0.948768757521975	0.248549269795159
1.95988292961267	0.441702177751728
0.950287720870208	0.248999740475732
0.947163829875457	0.248276694926132
-2.57968420714322	0.659073447553718
-0.628867026021838	0.151670609188118
3.92389000551089	1.70054361221532
-4.01226246083748	1.72475882924761
0.950426851449918	0.249037516760643
1.8135291528185	0.702758164322864
0.400089084602774	0.331423439805413
-0.14590399755301	0.0830413565545181
0.141967130194531	0.0417132288760272
-3.76108876538849	1.48211039032061
0.426617670606455	0.168281160290742
-0.034989325232705	0.0167658842421994
1.76681514052061	0.969584464563987
0.52669266768251	0.303100094508393
-0.0805750239506547	0.0494080188765727
-0.416430065095431	0.238094148826115
-0.0808272228200625	0.0495649039053467
0.152125206940665	0.0807720014755471
-0.80508494514206	0.624133413311695
0.446227868682448	0.322476929767486
-0.276637046756042	0.23100107009457
-0.505966587917247	0.266999766123348
-2.49096274093513	1.37902869839897
2.34192571099863	1.148837051844
1.02304894811125	0.381607715308403
1.02617238539361	0.38275777208832
0.167588878536013	0.103108832629498
0.168640754771692	0.109823026503092
0.361861203984977	0.329718029284089
0.494095724357813	0.31245556152189
-3.46679196715223	1.23130500663502
0.149551069550847	0.043790750343374
-0.114531033021198	0.0455888758023028
0.151139360662176	0.0801257503611441
-0.0816809649692468	0.0359127675694449
-0.191961079935466	0.103723748297705
-1.65418082111465	1.71406923048272
0.544904380647937	0.455713018798731
-0.977774598250245	0.970930370292258
-0.603832624273525	0.49516935331285
-0.46946642311837	0.31507347502021
-0.230917180118059	0.150966631350201
1.77522949870376	2.20226077843268
1.37979835615447	1.06213421784998
0.12672283246212	0.0541609527068201
-0.278054953262774	0.175631576362744
-0.512786269802794	0.27148937354365
0.285079683470744	0.224185657485184
-0.038309603680707	0.0183313407359653
1.47401925754005	1.48243244289307
0.146370442088716	0.0775321911401577
-0.510934650405236	0.388534742872857
0.697517931667986	0.457094547418296
-0.00577323427928972	0.00300584616755285
0.69627481112227	0.455791092976034
2.34450443332301	1.15010103410384
0.140858203439662	0.06770160909807
1.04232858160831	0.494582138415673
0.429057351930408	0.169364233472881
0.696544202642208	0.456425058532362
1.25633035632512	0.680333015646645
0.529517606521035	0.304829208941964
0.128673280033835	0.0484868522338571
0.671166583876549	0.308670070263109
-2.130783721901	1.63680620526007
0.0533489868917572	0.0328855724477029
-0.0437465044387738	0.0208521647587638
0.4187085493114	0.16504840979534
0.170094446259944	0.0981881768947307
0.327300283493511	0.181381559150352
0.431070466345996	0.170227115144882
0.375522987574006	0.166534241680736
0.585521640254103	0.301815706321041
0.698767835423198	0.458127529315628
0.14380305748793	0.042271222114559
1.23450040264459	1.04094124237503
4.37055816627281	2.22298948334302
0.426699095186531	0.168429089865199
-0.628733247343677	0.151688343674084
0.126629625097274	0.0421293615499574
-0.165433148159335	0.0592640318232164
-1.79839614394125	0.382877807711208
0.157325350109871	0.02936446462458
-1.52556530925699	0.541887546993991
-0.540836580077605	0.203369627038744
-1.04760462233829	0.41257412491183
-0.540233723322025	0.202917482560003
0.16045117802105	0.0401558290866076
-0.237559934502149	0.0764246711906185
0.144304320671072	0.0423970373819599
-3.08203048704882	0.947509650360219
0.154465593370314	0.0289479903375428
0.157370411029726	0.0293708256249034
-0.625937070321993	0.151091209012893
-0.35569023027487	0.10209347470967
-1.53385767192304	0.545384911398725
-0.510102152140281	0.26976530926474
0.663427748733987	0.208300313291545
1.02592340208434	0.382810966482796
0.723549396590142	0.601900975410122
0.0833486231231751	0.0589816166069754
-0.429040716124214	0.372375205138628
1.75328103603848	0.959208077871028
-0.666623735173388	0.398704490607871
0.133439405231815	0.0569598455584698
0.588405870825793	0.304001827564856
0.773836833275706	0.459482534768358
0.178071174867118	0.116373611836582
1.09216768544985	0.82646774479439
-0.46653584935869	0.312757325989717
-0.0572846761968698	0.0361508328859657
0.467574105832679	0.318149093963995
-0.80306825779426	0.438055019868402
-0.88291255841421	0.817701570487366
-0.229922052826691	0.176139097145668
0.41127206823255	0.327128804257803
1.02709860167831	0.383182847467804
1.04759640633222	0.497574511501099
0.658157600688591	0.206837664845118
0.606159426041826	0.45901249830103
0.159180695408462	0.0916035809471281
0.17664322003151	0.136358508288898
0.858063997519879	1.09531942530631
1.12043793669869	1.00983337329998
-0.537241703354832	0.201774932174822
-0.0774310000255217	0.0341007322353275
0.324420076571648	0.179497011757384
-0.128178166215997	0.103886827899315
-0.50956251171681	0.387191322955247
1.33605145416697	1.40880304566784
-0.931879518775953	0.687186327118958
1.43977336934669	0.882480049411007
-0.295629837042726	0.21687417215703
-0.339638004431897	0.2058407314039
0.499126275190965	0.316099712098952
-0.109557432578441	0.0649081892515555
0.33184888033973	0.184456991621217
0.94832179105133	0.642413075314065
-0.503125578408373	0.265449977692841
1.84986579552524	2.77497440976539
0.445672476056943	0.322425469095111
1.22916920524756	1.35125540799523
-0.906242085653971	0.76044656541931
0.468260319555637	0.31874016658616
0.29602455159601	0.202972910573621
0.84716347196406	0.623388843754481
-0.700499607682223	0.619233983036994
0.0396702047523893	0.0231017530766238
0.146823561647424	0.0776914846761426
1.254475873391	0.67881422615207
1.47140000541691	1.47818098427998
0.160387617809869	0.0923293416758524
-1.65548106490279	1.71803248237335
-0.682746829167343	0.482937254859501
0.535987154049386	0.30960096059062
0.514213661606994	0.181383794125596
-1.09956542696617	0.754540604767835
0.132032810243933	0.0438841642048134
0.571257149719903	0.456567169682807
-1.04779140371951	0.412732841654536
-1.1413415008172	0.344450233445194
-1.82841297073294	0.73863065228361
-0.414262187965267	0.236479682501667
-2.57660997484294	0.657538252319339
-0.547853283678273	0.206125055397661
-0.803914973144865	0.535766064064712
0.3378516596344	0.168352827513667
0.132666137586953	0.0566725770973164
-0.236642536873473	0.0761450888689269
-0.237559934502149	0.0764246711906185
2.10345763612533	0.92603048253316
0.154509067766894	0.0289541162362231
0.155111385030128	0.0290417527313876
-3.08216231491203	0.947551973079846
0.154509067766894	0.0289541162362231
0.12721286702887	0.047917372397591
-0.632563406792844	0.152610991116788
0.140361834634309	0.0413037326992959
2.10345763612533	0.92603048253316
-0.171201121492568	0.0613083374431992
1.25357639446184	0.679092116889119
0.761142977393698	0.940487354952692
0.171418902953169	0.117249920998313
-0.221999268632334	0.169341195391036
0.312883341567845	0.335158377933698
0.276296422722694	0.24079566187828
0.653344038941895	0.797472390339331
-0.60309204207631	0.494139391197248
0.834706792926434	0.879352115643543
-0.0255593527085158	0.0169184302058223
0.94030110420352	0.634768327915088
-0.884111642909134	0.896233969539022
0.162677560531469	0.100013598022462
-0.554105341226804	0.354227099954737
0.994866051858109	0.817828293863795
-0.340549982439778	0.243672696234391
0.270813156403163	0.242703091030761
0.188161778995178	0.169391467311195
0.282494843696865	0.230613743085903
0.0148407172154819	0.0107766987100639
0.344746450941383	0.331458857430059
0.41710380787853	0.428965728027435
0.897226300575669	1.1227864470653
0.788305656250952	0.747066488676298
-0.649244878414414	0.636042166717576
-0.0771352289692348	0.0575683117287454
-0.274659973347523	0.229211632433469
0.0243882636459888	0.0176545762095705
0.484466557061631	0.530279891248173
0.643388630612269	0.457404266835711
0.130382580547973	0.0557024249618874
0.852476843444384	0.629365594052045
0.131814043124596	0.0438161720723548
0.659032459281836	0.207041754611057
0.131312969717297	0.0560946086957417
0.664068814867583	0.304987668297832
0.126230099066501	0.0538891423818029
-0.741848602831151	0.253311922462979
0.348360734171757	0.174392934727112
0.670571388016324	0.308341959138758
-1.50616818126519	0.75747583185463
0.130658069144789	0.0492298941542097
0.138189263351201	0.0662692522527709
0.12913352992743	0.0429550272454785
0.347462455015685	0.173706546379549
0.51464907727053	0.181544056103037
0.72829424521048	0.607000967392575
0.643942838971773	0.583967950658164
0.883846853632687	0.468705553411493
0.656014281877058	0.205959668867586
0.178762599293318	0.14275642736418
1.60216989517295	1.10859194175386
0.413401670055669	0.423929892766343
0.795540755514449	1.14488305153059
0.00963297189753722	0.00706386994765981
0.166650100241852	0.102461992295344
-0.333434583323249	0.154123017701203
2.33819419637623	1.14580369017016
-0.244765062325972	0.0786979182955015
0.886361496446088	0.470450698347211
1.5507001335775	0.752512547286498
1.02558467001725	0.382518749728777
0.588104525479538	0.303776671058552
0.772479237853607	0.458092039410836
0.896534896886123	1.23600666253487
-0.788569585190194	0.865476095178545
0.467060481332184	0.317637752039831
-0.73692534431476	0.251432666327998
0.50720087150347	0.178829201945322
-0.628299579656606	0.151558046801791
1.95786695174359	0.441149378722158
3.26345542626113	1.10199860979414
1.95731570776637	0.441000340195791
-0.331873685550924	0.153402608295895
-0.891832426339167	0.82912585625443
-0.25621024800549	0.191965746788403
-0.00958219069531807	0.00486495432588564
-0.468200464548578	0.31421628650308
-0.805552209730631	0.537459179283553
-1.25994220684665	1.18616806596788
-0.546080036525613	0.347648565916444
-0.888978394784074	0.826047966870631
0.131731808387632	0.0562729300540815
-1.04326787487181	0.410574945464854
0.535337683902321	0.309116262791333
0.572055725778403	0.457401448379836
1.0643336029206	0.645724654295004
0.372154632546278	0.165023296170665
-0.0408557190834746	0.0195089339622262
-0.227812547585999	0.148837300138981
0.648464972612206	0.851997184292155
-0.717866323697847	0.744597844826114
-0.346016315103013	0.30804007990589
-0.0454925963372202	0.0216705222305775
-0.625245618637375	0.562976659911246
0.32044034501085	0.19446929342084
-2.09282342877292	0.94604006879287
0.608571951358925	0.461500952178359
-0.233384608115136	0.152812733780764
-0.0117907289347014	0.0059514086947776
0.531950449734319	0.307174197827371
-1.14172930769252	1.27696024312086
-0.16745834843981	0.131849007836314
0.43651092327786	0.440344697852999
0.180050380283843	0.129164877434378
-0.144340155250173	0.0820882762154951
0.736699194699458	1.00831196311418
0.107680780564426	0.0873753720778394
0.587930575911737	0.570310132090441
0.393926836134537	0.325073303722723
0.281637779217973	0.221030280153115
0.556845602136822	0.554143210072279
0.0444836737062654	0.0345280603136486
2.10055021952577	0.924312412659368
0.802489056255948	0.330144551890374
-0.803838654300013	0.43907250102022
1.44133693776485	0.884753557553575
-0.628243335554657	0.30121752247215
0.670235846552931	0.308134565191259
0.160221796316651	0.0401166927693931
-0.0763127549371531	0.0335886930934556
0.948337549654709	0.248516516252871
1.44217080250211	0.8860815908196
0.804551193439478	0.331168980919484
-0.168318442800183	0.0602514969158982
1.308210147198	0.560788489886055
0.672477861798184	0.309366605326623
0.31108796866523	0.201718124693668
0.160813493636874	0.0402291855562724
0.503760514975086	0.177440938805015
0.585034505000857	0.302146848118809
0.0361136688890872	0.0271008455072968
0.714396689362458	0.725940927759048
0.609535193312042	0.664078343921051
0.092913261086166	0.0705911453159738
-0.789971888946313	0.747683673006582
-0.967078316232722	0.595874688528225
0.120050213851649	0.0453110963804282
-1.13895833229548	0.343813220888229
0.659032459281836	0.207041754611057
-0.737411368529038	0.251647475713659
0.144389940892798	0.0424393237157952
0.159058592807762	0.0915300229550309
0.537649339246492	0.549858712857741
-0.418432324070287	0.17452805778287
-0.625937070321993	0.151091209012893
0.155111385030128	0.0290417527313876
0.948905461162112	0.248586345985544
1.95731570776637	0.441000340195791
-3.45967591146264	1.22746502283364
0.135013832711232	0.0448286361779132
0.0535939661278039	0.0330548944921893
-0.801599252775957	0.620274875735057
-0.0126975420873075	0.00638451431056773
-0.802612396973223	0.621679282424985
-0.151017186765376	0.0860794560376852
-0.152162824745022	0.0867691457125959
1.05619489899027	0.50228873480822
0.942875165777756	0.637245164243688
0.652122596094481	0.46536418358148
0.144640697621443	0.0425017414545061
1.43868217008181	0.881259694760892
1.25658555936341	0.68088288459711
1.93954790797232	1.18863154455072
0.603722247050119	0.45712723679325
0.67597348422149	0.311372575495527
-0.0797461473737743	0.0350889021671119
-1.44242596775382	1.54788724991606
1.93969385751781	1.19020280673686
0.994589868138352	0.817453253910535
-0.167535179530461	0.0599846998526839
-0.0374410233131441	0.0242606035472072
0.907621373548145	0.787614217202488
1.53027058235592	1.85321392861517
-0.636176432740482	0.618411041493558
1.34007503079867	1.41746679420039
0.171524309540751	0.105700350673784
0.0613418364527272	0.0397023445634345
-0.0167529557804384	0.0111349040406143
-0.234771589667042	0.153819383811216
-0.325608383044716	0.150330941023521
0.907384143007987	0.786284463118514
0.747454765574986	0.829012121732514
0.263747146448303	0.24223795516311
0.338805149042864	0.168936275725468
0.297735279679894	0.215555647477312
0.0604305556013996	0.0373112282299093
0.366155581704688	0.334398105175839
0.670737684854578	0.308719803763878
-1.62215870243921	1.25856009142841
-0.805677971390819	0.439629011860758
-0.935825567185266	0.69071013527195
0.127924488470949	0.0482425929706061
-1.34520966272569	0.843480796814617
-0.997509204027781	0.492307329534456
0.880412908398583	0.466769991773935
0.529163604537314	0.304520191767634
0.848906168593971	0.625530680634396
1.22603060230158	1.03045452728055
0.176137225177897	0.115026704881183
0.77448151215745	0.460015257060709
1.75366096780886	1.35816883680797
0.674075603168132	0.310361240164618
0.531113882206666	0.305955102147361
0.162212135097579	0.0996632605344332
0.567477648293913	0.452422001756299
-0.152036142607842	0.0867082546243023
2.25289942477933	1.71884889876279
0.416452242649481	0.331994390224022
0.325476431943849	0.180159445964211
0.986291358586614	0.807968846907203
-0.0821335116025485	0.0503880758307894
0.49715021253505	0.314486639172422
-0.0406200833354701	0.0194037010733111
0.0387600164598984	0.0225731235810325
-0.149175535871495	0.0849703294289655
0.139479819991711	0.0669336164321642
0.880148600822102	0.465798141511016
4.16666305010686	1.96519958497957
1.31366843634341	0.563614405395139
0.133051344213603	0.0441764475660497
-0.166213389018895	0.0595190660770883
1.38371565017293	1.06838047983667
-0.330937904921865	0.152931374943538
0.133518654529654	0.0443432692760018
-3.46299441124492	1.22953362528533
-4.01591566480886	1.72772177589649
1.02914563133488	0.3838807966434
-1.79840965860499	0.382877827643389
-1.79839614394125	0.382877807711208
1.95786695174359	0.441149378722158
-0.413822687440913	0.236508775210289
-2.0888812011404	0.943710245621911
0.801220040350497	0.32937098969222
0.374667869915192	0.166123158223375
1.04368981844324	0.495127036286315
0.128782523982544	0.0428430922951178
1.8135291528185	0.702758164322864
1.81294103662311	0.70256079058948
0.159859477622278	0.0400192334307773
1.02304894811125	0.381607715308403
0.786038227372167	0.621847039285017
0.70892287773343	0.718852272006582
-0.075164763340171	0.0460051010248189
-0.682344482964384	0.482187060608646
1.75857433397038	0.962537125105929
-1.34520754504088	0.843493285339084
0.338458535032397	0.168703583464076
0.845346326028562	0.621763380546738
0.447220822868761	0.323735416537426
-0.228424946178481	0.149238469404083
-0.555828829650557	0.355336913042569
-0.72013308441101	0.748016990496865
0.309593236937739	0.20054059348258
-0.151069750358443	0.086076205798467
1.02168129748724	0.964815930578845
-0.884778950598547	0.820305295379998
-0.0849774702143975	0.0521661258797616
0.661223086818105	0.207656588437818
0.37719892423885	0.167428598365971
3.92516768334333	1.70097969958265
0.335717584029985	0.167352391805624
0.843048533824362	0.768288164468935
-0.193231518375463	0.104504367026707
0.134062974599289	0.0643095601542711
0.516359715123203	0.447965289543225
-1.10235346294766	1.07058999787499
-0.415857811293049	0.23772194933635
1.22086492616723	1.18782660838591
0.0172893922114915	0.00941064854355427
1.25308727931006	0.677893883554368
-0.787715194188565	0.744799174977309
1.05127229934614	1.11872401770096
1.57677734308036	1.70567425868875
0.324036950210326	0.179231282641547
-0.50488362252288	0.382675707308491
0.639600717172431	0.453954521215007
-0.249819153584583	0.126027853759587
0.156732833485076	0.0900771870066108
0.152036436956959	0.0806247651165393
0.906820483230125	0.786537128352874
-0.682460776899931	0.482910701081045
0.769843130015408	0.456642721660426
0.301373174463531	0.20730189235111
0.145263084257974	0.0769611755360198
0.312619935896197	0.188939201242317
0.378110277761202	0.167865388599197
0.570322968129199	0.455237247796835
0.15344534134015	0.0881192559706783
-0.327014345939738	0.150800233005045
-1.05076402900591	0.848937745648472
-0.805677971390819	0.439629011860758
0.807315995064131	0.33234971731287
0.131850096082115	0.0496765164754003
0.170716430822482	0.11128589258093
0.371241121847868	0.164587159709047
0.879179400777076	0.465727337740917
-0.199347511654525	0.107976751089407
0.341991383777001	0.170558622885727
0.5126703877852	0.180806312829072
-0.627598197564051	0.300860032383781
0.947770742439721	0.248281535275256
2.10030930204643	0.92344939175659
0.140948251392809	0.041458274749763
-0.355104953248248	0.101967480674674
-0.355104953248248	0.101967480674674
0.139616303627432	0.0670756818555702
-0.80431134713055	0.438959309026121
-0.164744037178764	0.059028259963585
1.02338601426445	0.38161996773056
1.02363521199244	0.381873400117373
0.948905461162112	0.248586345985544
0.15963091503218	0.0399802605532864
0.947770742439721	0.248281535275256
-0.251871633679735	0.188078723379307
0.539403772848008	0.44958523713133
-0.00537589601254829	0.00364883350068915
-0.150234462431941	0.0855741769164647
0.0369189289812272	0.0215051550173611
0.687019927265696	0.600619619787912
-0.33694481824241	0.240542963252709
-0.07658873626906	0.046914159135114
1.22737281076176	1.03236889332083
-0.352036490485324	0.101122204058746
0.502286749661021	0.17690861219098
0.326100193877122	0.180834109115001
1.36194855730942	1.26420493015324
-0.92750978636503	0.682258904452954
-0.147107435934125	0.0837368584151683
1.235455787809	0.849918868533774
0.0375886912318922	0.0218875159969038
1.22093425504158	1.47378475165972
0.899066755643244	1.12621562851111
-0.291678455998905	0.213519305223219
0.281647245128462	0.229754319920327
-1.34733590649515	0.846281637718503
-0.07500874924485	0.0330421732017199
-0.237734534646551	0.0765149348263535
0.140856221308987	0.0414153093198016
0.771400270268332	0.457777511876895
0.940892486240359	0.635217358760045
0.427194898612012	0.325230113048413
0.300881116905799	0.206649180223861
0.840212308250273	0.999728452912928
1.2333544915414	1.03941906924364
-0.329267261580061	0.152184360471162
0.498513607511518	0.31546436797164
-0.00307333447533328	0.00162857435506443
-0.233052956177211	0.152580509044784
-1.06761480331531	1.12935479007909
-0.884019251915381	0.819013568467866
-1.05296800933151	1.10601583165608
0.16290894820522	0.100016273034778
0.603187599129238	0.456492792108463
-1.13766973066913	1.27003693603352
0.297629477789395	0.204370271634307
0.0549873472789741	0.03393802894607
1.86105660277785	2.44470796341671
0.155918342427889	0.0895765807810794
-0.169105614986712	0.0605906204631912
0.134062974599289	0.0643095601542711
0.135013832711232	0.0448286361779132
0.307579673067999	0.199278355887504
0.342299529713346	0.170718821714023
0.313026846401724	0.189193828269949
0.527094794358766	0.30366142744645
0.151447477388143	0.0803959285308491
0.324178358886011	0.179521899568101
0.852476843444384	0.629365594052045
1.38390789345627	1.06722482098655
-0.252985105474192	0.127810468602201
-0.0460846449904259	0.021937998678198
-0.0747060327030967	0.0329118265288211
-0.113809255174409	0.067499779087687
-1.00070780910999	0.494095781511885
0.856549741256237	0.632800754027463
0.669625790850176	0.695846295205645
0.58853792423601	0.304388903502141
0.774784803839899	0.460245905655184
0.379984439988887	0.168800324229436
0.341379155886314	0.170195448745096
0.132104783259101	0.0438875360219019
-1.69567712933466	0.95544795283318
1.31218528243788	0.56311122145944
-1.00401478862706	0.496411443567707
0.514780733836532	0.181589698987139
0.131682648363566	0.0437604593152334
0.805116244112889	0.331471066458395
-2.57669595250488	0.657559862268914
1.45114635521655	0.478471348903038
0.162357836679133	0.0405597098553547
0.127651677266186	0.0424864772644231
-0.352328640216398	0.101201570764145
-0.537020300726747	0.201726380349835
0.132382889280095	0.0439989008298304
0.37719892423885	0.167428598365971
-1.14171114622793	0.344693702322242
-0.631994988626399	0.152498044571477
-3.46322465260564	1.22963503158779
1.95731570776637	0.441000340195791
0.0663192271726143	0.0430275570365519
-0.13085551309446	0.0921663473676916
-2.05269421261421	3.28936776748513
0.602507759032608	0.455923152322027
0.175486898170527	0.114562353924053
0.175542510085333	0.114650417281741
0.426180227385936	0.324036356643489
-0.273987251243875	0.172643942679163
-0.151623523402777	0.0864303861077182
-0.108766010361055	0.0644471157264423
-0.808170421732982	0.441063687029373
-0.331033103528327	0.153070099646799
1.0472501359547	0.497556503187299
2.54578920374591	1.37918799565204
-0.173553333813331	0.062152000450543
0.34116346472115	0.170309494482757
-0.279948875768572	0.17690550448084
0.495647908061876	0.313649937457579
-0.858303009967537	0.99454080389505
-0.00932284527462197	0.0047520597605062
-0.581573714192636	0.42667455750516
0.501915733707647	0.31826036007306
0.177712075894903	0.121931025912114
1.23137389728777	0.846076195100125
0.51386494250992	0.181311218287051
-0.170640807744489	0.0610979709501241
1.81323362267005	0.702723165703649
0.645741835979759	0.460022229513817
0.375590042862532	0.166720871569567
-0.419032999305864	0.174774111736774
-0.789306862497791	0.342262742988917
0.674075603168132	0.310361240164618
0.306554396525124	0.211385961841362
-0.202314854332232	0.10963425484984
-0.509020548569594	0.386425567328406
-0.110826072586855	0.0441427359749605
-0.553881197792345	0.353459487185821
0.780466010635622	0.614958364257562
0.41447639244497	0.330057704338631
0.326341516368758	0.180745991766869
0.139254187535573	0.0668941188308393
0.670831219986141	0.308462665871979
0.704936585790027	0.463000815367996
1.23964564482985	1.21690933181567
0.684421609352777	0.597182401943898
0.512769172128037	0.180759806127899
0.344507335808554	0.172008714040102
-0.072487611287604	0.0319446742123794
0.332849777940174	0.184882693021287
0.85325694967524	0.62944573105369
-0.168098950998947	0.060182556134742
0.450622520453579	0.326727031135648
0.805680641996882	0.331728723334835
0.0386911689782574	0.0224977524704914
-1.18590905355777	0.662017355328606
-0.165433148159335	0.0592640318232164
1.06603177625767	0.646802125466603
-0.359141638818634	0.103112871302961
0.85072517579337	0.626806005449482
1.22631270862653	1.19574051784222
0.376112192473694	0.16678044684761
1.23072833630234	0.845382942612555
-0.0784585117723019	0.0345081942560214
-0.116420756707114	0.046298768256123
-0.416898933449453	0.173791167876446
-1.99909932552802	1.3911445471169
-0.0428282699379449	0.0204309189418678
0.129916076947615	0.0554206976348945
0.320199426184933	0.177123181157291
0.341987818012778	0.170530108879949
-0.326540917975258	0.150785695879736
-0.354815349846941	0.101888689175609
0.675517156454711	0.311153482025558
0.51386494250992	0.181311218287051
-0.628164901903538	0.15157555358925
0.94820175004088	0.248479682375772
0.661225548064972	0.20772290984652
-3.08203048704882	0.947509650360219
0.948337549654709	0.248516516252871
-0.732903532938375	0.249925569855424
0.345804617933805	0.172794472084294
-0.799734516915892	0.435390760990506
0.948337549654709	0.248516516252871
1.55357482739164	0.753998587470342
-0.412261031351047	0.171714138801548
0.654703443030561	0.205608890273211
0.948337549654709	0.248516516252871
1.95786695174359	0.441149378722158
0.155111385030128	0.0290417527313876
3.26284822825054	1.10169382604423
0.0121900950299343	0.00673915811668941
0.0113633173856816	0.00628055556859117
0.140131568938287	0.0672610114285674
-0.0597043469513487	0.0441931931718173
0.246185888726822	0.273372270284122
-0.020028074350499	0.0132855078163625
-0.194682545560063	0.13113255682468
0.363543327221706	0.331378688223242
-0.385440907814897	0.305160774936553
0.294682546500744	0.212956877457077
0.429394564212671	0.431204230138527
-0.697379919231015	0.917964270192374
0.104012981602596	0.0818975289572798
-0.0478327287583784	0.0367459773895838
-0.450914682511415	0.351977850914732
-0.414393917398318	0.23693856945821
-1.00343642873962	0.906166471155347
-0.808556639419539	0.539677917296508
-0.464695858936067	0.311180984275547
0.172004934706247	0.117642959475118
-0.605309029182045	0.496523775467848
0.430900162522068	0.328574516901434
0.734725003296169	0.61425853909682
0.102925063973363	0.0785753113656263
-0.250663781613114	0.235090293530712
0.612046491291823	0.574603932963653
0.553079726703489	0.570322482054368
2.10055021952577	0.924312412659368
1.04759640633222	0.497574511501099
0.506985941033904	0.178701728610087
0.676307490803662	0.31158022240744
0.125682878474067	0.0474015610954397
-1.52527766014307	0.541726073904961
-0.793650299520997	0.344601205700018
0.512628840708013	0.18066862430138
-1.00070780910999	0.494095781511885
1.31218528243788	0.56311122145944
0.540531525503255	0.312642335211246
0.165354504888643	0.101720815667417
0.444083185056658	0.320956157694551
0.0887380195831123	0.065171999525539
0.0942917329989357	0.0716831050552134
0.127470654257305	0.0544272791926686
0.303003214746384	0.208612396607183
0.610838778611566	0.463968909539057
0.510089510074648	0.179877546335957
0.142892234362748	0.0419793224062305
-1.0419816315643	0.409976007162161
0.936788564875678	0.631720653646035
0.658449623497539	0.206846818911275
-4.23047348880845	1.96803052545194
0.132382889280095	0.0439989008298304
0.159992352718576	0.0400538861334557
0.511884149147493	0.180536056250855
1.55598981029304	0.755831923074866
0.788232219770436	0.62426115460802
-0.807858044179321	0.440841097774977
-0.163867189677086	0.113240856875554
0.279755067596924	0.227949730662622
-0.563184015985276	0.782986543384462
0.166634637631594	0.10256707771054
0.168644297128695	0.10390296119131
-0.165306041400927	0.0592208118770727
0.162952579336367	0.0406858836130456
0.658741078701816	0.207014004441108
2.75641316563256	0.763778311858285
0.51408290047205	0.181384498788784
0.144054213480702	0.0423469198905259
0.142423526320512	0.0683980799901551
-0.359725191866461	0.103238313016327
-0.237212899766669	0.0763212805777045
0.155713854733082	0.0390835596706886
0.155111385030128	0.0290417527313876
0.589032264568651	0.304349472385491
1.44780311038183	0.477066495630919
0.0847673671438145	0.0600174649573349
-0.16878786006794	0.133056253145301
-0.418355781426069	0.239524163774282
1.95731570776637	0.441000340195791
-0.355104953248248	0.101967480674674
-1.79840965860499	0.382877827643389
1.95731570776637	0.441000340195791
0.160221796316651	0.0401166927693931
0.510619816865865	0.180113549991954
-0.00917278173157314	0.00466193084833401
0.319797480450486	0.208290199942157
0.585963612037222	0.302734251511687
0.298517514314725	0.216182773699541
0.0358878551039068	0.0209079903371305
0.521813104770883	0.453847731179868
0.342418445966623	0.171057767476948
-0.891180031653551	0.828157091893722
-0.0775335080082925	0.0341172758140013
0.127740324846529	0.0481396538224244
2.24837805767925	2.51024898184809
1.0444623770314	0.495719164594595
0.950426851449918	0.249037516760643
1.03912330352071	0.492392012930197
0.34140843207965	0.170402783287411
0.338805149042864	0.168936275725468
-0.111147961359232	0.0442663386856808
0.149773884210635	0.0793688304330638
0.458347570186679	0.596262596119928
0.150764529490366	0.168676957315634
1.0699352537991	1.25445818060752
0.493691239836403	0.31210637004753
-0.128358223956092	0.104059862903375
-0.0231872782964355	0.0153495715529841
0.644439407515842	0.689025726334282
-0.748845539272915	1.11557448598364
-0.144886167371212	0.129501228852651
0.338166196261356	0.34253391366193
-0.634649365880929	0.573981205896167
-1.11034497258404	0.765462953900526
-0.623634285606963	0.29834353419319
0.138890879231432	0.0666409138953449
-0.251712212287298	0.127016889778474
1.12138492844986	1.01137655751302
0.77448151215745	0.460015257060709
0.0544233941337504	0.0335782475185444
-0.70862161737878	0.681673520420021
0.814430184453413	1.14845528940095
-0.00772593706026299	0.00614744202297498
-0.137718914247798	0.133929336036299
0.397068339150183	0.486664132046553
0.514780733836532	0.181589698987139
1.01985986214015	0.380041869937102
2.72186630426766	1.63121525014432
-0.539661343528338	0.202765677037844
-0.411063550521414	0.171153883302837
-0.168098950998947	0.060182556134742
0.592217345746987	0.30641250984263
-1.79840965860499	0.382877827643389
0.133301116726748	0.0442849463266127
0.429535086852306	0.169556190738254
0.550482056288747	0.639809155390102
-0.118279623925954	0.0470790840172665
0.186847723679518	0.150038223983339
1.23241621704832	0.847498926874499
-0.363196548838041	0.104223897327175
0.154465593370314	0.0289479903375428
-3.08216231491203	0.947551973079846
0.349746920997724	0.174977468937329
0.656894206098884	0.206287716765961
1.43909769829356	0.883276752201089
1.02455981174032	0.382091874796033
0.660638687988492	0.207526442563452
0.125305032687485	0.0417180049938578
0.144640697621443	0.0425017414545061
0.144976980831471	0.0425943260188831
0.657477424666525	0.20641752360443
0.945072510336007	0.247668267417156
1.44958631087756	0.477702557005987
0.427380592234077	0.168681699885593
-0.2310608494536	0.0743959127754284
0.527937384928874	0.304023228539047
0.460779923072324	0.44028156477781
0.14933324385322	0.079272319414165
-0.678881817113464	0.479761938230659
-0.852912805265674	1.04720067740301
-0.837747181377832	1.24331670781964
-0.0757396886932964	0.0813367409489425
-0.870010544175272	0.946761021803189
-0.114991718621225	0.0682437863173595
0.15963091503218	0.0399802605532864
0.13125430574639	0.0494561793802337
0.160221796316651	0.0401166927693931
-1.1414839653338	0.344622990730584
0.802489056255948	0.330144551890374
1.0238833519431	0.381787644807647
0.136064150045345	0.0451527296002601
0.378110277761202	0.167865388599197
1.95731570776637	0.441000340195791
-0.78719505691599	0.341160927810974
0.802704240998476	0.33025128123342
0.0855418712631608	0.0605847038995925
0.421140655696582	0.644228423625056
0.73318372092099	0.612624260358882
1.02338601426445	0.38161996773056
1.95786695174359	0.441149378722158
1.02019987734301	0.380189874951528
-0.632424041671007	0.152580102364835
-0.628299579656606	0.151558046801791
-1.18676885694631	0.66328859678103
-1.28251449231268	1.58717279268132
1.1101452183984	1.6331073038334
-0.344945107145611	0.278737245201211
-0.483030269931973	0.413783910879514
-1.82189286325601	2.12105085857435
0.85510922439084	1.19477771962845
-0.252692667705533	0.127653659498477
-0.304781111233424	0.250050621692791
-0.390136330984546	0.30972015935687
0.699495221090948	0.458324940297203
0.831963075692503	0.986134149431795
0.793938787838851	0.326027980619057
1.22975821458989	1.03553504114721
-0.262900435978354	0.133104627252988
0.479116173702274	0.327756365717055
1.64520191252373	1.54714975490697
1.29022809033765	1.91803055708481
-0.192691192864449	0.129655534027455
1.39243914531167	1.89398774190554
-0.0418227139422492	0.0199459990486432
0.168674025765846	0.109861140525891
-0.554644156510152	0.354550734751893
0.278208613018423	0.217861951946131
-0.0529638259424171	0.0334011968854546
-0.482634927742681	0.413342174350143
-0.0727313918482409	0.0541628596153452
0.0651256715071405	0.0422106051202156
-0.70155387543808	0.562938447099741
0.0472694192797514	0.0291485210313284
1.23284407780258	1.20666984169743
1.41230092304792	1.76712749738791
0.0392148688696266	0.0228552752345795
-0.427304692518538	0.407766180907177
-0.389452636232389	0.343653884260092
1.03035955241275	0.978370482154561
0.312010641008832	0.202582156117327
1.51538476695616	1.29146214382031
0.177053404808005	0.121387386362026
0.491341274512755	0.440584181429217
-0.665053046070224	0.397254476932718
0.141478308983471	0.0679169671541614
0.147223917297623	0.0779172188079991
0.142781671032906	0.0685751906927526
0.578468733361054	0.297928677642492
-0.168788938740215	0.0604027917010433
-0.16762877187216	0.0599874574926919
0.122367156566828	0.0461646606386868
0.891138420571208	0.912293705590083
0.147057850539347	0.0779073045183634
0.51208362661645	0.443261196081794
0.778372557891963	0.463055906843161
0.176161940967383	0.120725051278219
0.531469370494966	0.306203808407942
1.8138222857108	0.70292085392477
0.15547989361324	0.039031965106125
1.01752340521689	0.378825443214315
0.344203738752608	0.171848648698291
1.23391794413316	1.03995675530495
-0.412857195481545	0.235896163665512
0.374402254410437	0.165957266705863
-0.354229439997714	0.101697261087168
0.516547144535097	0.182142928581128
-0.121083321791546	0.0481564628616814
3.26284822825054	1.10169382604423
0.123190713294119	0.0526070041383421
0.407920579975105	0.323630955217114
1.87003861134632	2.06229620909786
-0.34275389387257	0.245420973209762
0.771869910442035	0.457603950108276
-0.886421530800619	0.821877422119371
0.64569733690897	0.585387064011444
0.331616912498215	0.184144958676839
-0.501017278752364	0.379044877722833
-2.35107631928413	3.05358756761719
2.24909554296158	1.71418348801124
0.134357593366572	0.0644555511050823
0.583057246951312	0.300779301083878
0.881260577082227	0.466671244706073
0.133301116726748	0.0442849463266127
1.0465573597421	0.496941985086031
0.135497064378108	0.0449728061554857
0.660932155782147	0.207694635746326
1.31161763457028	0.562749823451238
0.684174304581803	0.597562837405727
-0.0119244883867159	0.0060213508108028
-0.679570116014924	0.480319513689655
0.948337549654709	0.248516516252871
0.947635845528227	0.248244973505163
0.123405470456932	0.0411033296030813
-0.354809804669678	0.101824397658975
-3.08216231491203	0.947551973079846
0.143467885183021	0.0421790290070851
-0.443272131114112	0.344756115031011
-0.200940408906613	0.108875995392504
-0.112496576330495	0.0666892593202048
0.326960284545966	0.18134120789757
0.88261256714855	0.467807154334079
1.25342360352899	0.678146701343376
0.661811042100157	0.2078534144171
0.428499118546633	0.169166907815334
-0.53874057789979	0.202401825815006
1.05302168896472	0.50059162464074
0.771097156257291	0.457714120868649
0.430512746427054	0.169943782336823
0.511406581218177	0.180333732150807
0.993911701248601	0.816588748677752
0.510271633266051	0.179924314863983
0.543636971857989	0.454195667622749
0.786336551205962	0.744171991643819
0.112057835519974	0.0935730218440021
0.726228031896921	0.605197542313702
0.681696245305267	0.594733988310273
0.316855335910328	0.191760108045447
1.23135280602396	1.20390604126152
-0.250179775543207	0.126221573570419
-0.622257179437365	0.298050216528205
0.134339524644071	0.0445851980839784
-0.539089600210505	0.202542124367007
-0.41625051653634	0.23793578651833
0.311194980710198	0.201643175027847
1.38617615455706	1.07072218737182
0.275851079379541	0.224315678641693
0.178659004453236	0.128029570473673
0.914194185186454	0.795738603805256
0.790663922965869	0.626828187159798
0.325423046355416	0.18040264603226
-0.564845305832108	0.517591085984589
-0.346520653162844	0.210807411387482
-0.35569023027487	0.10209347470967
1.44780311038183	0.477066495630919
0.12913352992743	0.0429550272454785
0.940357665082921	0.634516574603507
0.326725486379043	0.181011652624343
0.956130377313926	0.946609282536085
0.169934694361515	0.116161401477697
-0.107828832116709	0.0638429821980562
0.783573542679962	0.619355606654692
0.535206575929566	0.445247411384895
-0.344382190628223	0.209264974401377
1.47270838596918	1.48047161183801
-0.390713498688242	0.270619621722942
0.313855160305837	0.189806202416885
-0.331873685550924	0.153402608295895
0.14686710499877	0.0778212151040773
0.941594007660668	0.636656349590286
0.327972095426174	0.181823295057912
1.02432717910381	0.969706547877663
0.132517639884099	0.0565624888818483
0.139185376148384	0.0667894925858745
1.22947557240226	0.844367069255034
0.694636406636777	0.454329939717395
0.343519519984226	0.171423958349357
-0.341000907590868	0.206748653076507
0.335479744214579	0.167133836060811
0.492681719244326	0.310885698791291
0.492283937594428	0.310545614372185
-0.114853970799127	0.0457131921372416
0.0544233941337504	0.0335782475185444
-2.00595629312204	1.4006698524879
-0.144756942065752	0.0823444752360395
0.147948244096553	0.0782570040653531
0.343515362055148	0.171387824364995
-0.467057654144267	0.313193734212071
-0.120490621868934	0.0479276905170135
-0.150652509129488	0.0858300797527298
0.689350814864597	0.603228412697004
-1.25911844036205	1.18501921639639
0.128992774358963	0.0550059415649745
-0.121083321791546	0.0481564628616814
-0.415514705996988	0.173267191179231
1.25215742453943	0.676830136259227
0.37251292442976	0.164959063157212
0.30838172879069	0.199826291033484
-1.18368954027495	0.659935496261333
0.428416999766404	0.169070991058927
0.657866689740957	0.206670742493303
0.382496492084224	0.169990151359102
-0.542550190002901	0.204022574863377
-0.628516191143665	0.301330111365903
-1.34565062926755	0.845116957584633
-0.35569023027487	0.10209347470967
1.31650795808103	0.564835494933738
1.44862736407577	0.477555630338169
3.26284822825054	1.10169382604423
-0.353207074434312	0.101406886597049
-2.35528637707403	2.15277871244388
-0.329768397676277	0.152271155223032
-1.69077305617802	0.95111299336607
1.05058910707122	0.49932294137229
-1.18650676324905	0.662687745285691
-0.631994988626399	0.152498044571477
-1.0465244135449	0.412299764954399
1.95731570776637	0.441000340195791
-1.13849635482287	0.34354887893789
0.950426851449918	0.249037516760643
1.45391440811699	0.479230213237448
1.02685010343664	0.383062880383657
0.8804110252599	0.466091387895369
0.890812950709285	0.912238986000712
0.493218684697876	0.311847297868186
-0.664382468011091	0.397301253072218
-3.08189869996978	0.9470994296719
0.160221796316651	0.0401166927693931
-1.14536534536015	0.34589005605433
0.669975753795622	0.30798845763185
-1.83902639389835	0.744207122858341
-0.0422077858966108	0.0201364164282556
-1.16119868857242	1.01703969529993
-0.0363930234016633	0.0174349801293536
-0.435974413260648	0.379985676725385
-0.50343844046503	0.265614691620681
0.605890831015636	0.458804031335773
-0.283638676923263	0.179572798125718
-0.108502288206651	0.064282145570661
1.64755252282009	1.5494246420062
-0.547423356332625	0.20599364395471
0.14027070998759	0.0412729382935957
0.134446827346684	0.044648821058174
0.801571141201532	0.329656916274671
0.0425139169705259	0.0262404483505938
0.153729065389229	0.0882236831315074
-0.409636530611154	0.233593719533345
0.791790512327019	0.858894647338992
0.304911696371422	0.209899018317928
-0.0561064528362223	0.035417132971163
0.496323406721658	0.314206203658606
0.326491264252051	0.181049491127285
-0.339059939510522	0.205721206472473
1.02248001011573	0.966146469280105
1.42949075044324	0.873946095808257
-0.124122564958446	0.0493951066078141
0.367828425248363	0.162994306001573
0.426403404838852	0.16824819606602
0.137292800912532	0.0658092866887778
-0.079141815818204	0.0348275830130934
-0.105935823762517	0.0626988862370561
0.298895691200036	0.216500940803284
0.654121684946124	0.205433467520013
1.65347575370992	1.55825391528296
0.425281606664403	0.167780963846818
1.06817566818363	0.648031617689729
0.165856139442126	0.10194876640782
-0.660913849162774	0.394362341028093
0.131850096082115	0.0496765164754003
-1.52614082474697	0.541895090059418
1.51539754225396	1.29311405181065
-0.117634611193586	0.0468309314969464
0.466717370478355	0.317740667979623
0.581821657556359	0.299947731737357
-0.507487532544357	0.384709826644081
0.730698119480477	0.609714551306991
0.304645828556802	0.209922928255927
0.133518654529654	0.0443432692760018
-0.509766296558063	0.269560889619866
-0.735201728577998	0.25087231236032
-1.0030160119447	0.495866412258457
0.144389940892798	0.0424393237157952
0.585811213568047	0.302214531395461
0.468564843062391	0.319364724736242
-0.586176026503733	0.430978976932087
-0.624824451696218	0.299085257385298
0.67374098604665	0.310203332995967
0.129602692162006	0.0552849677106642
1.43977336934669	0.882480049411007
0.326386941773184	0.181019655924353
1.11075036374775	0.996880703685115
1.43718872687132	0.880018013600312
0.127329099679244	0.0480229321825531
0.808794271319844	0.33304767361123
-0.997908939127115	0.492752615315503
0.948337549654709	0.248516516252871
-0.738414128880846	0.252090639638632
1.02905346042572	0.383739690415575
1.95731570776637	0.441000340195791
-1.79840965860499	0.382877827643389
0.660638687988492	0.207526442563452
1.06541810886614	0.646282450226342
0.136946792119869	0.065657089482379
-1.79840965860499	0.382877827643389
-1.83470480543889	0.742065970342523
-0.120813852462324	0.0480500438896859
-1.79839614394125	0.382877807711208
-0.738414128880846	0.252090639638632
0.155111385030128	0.0290417527313876
-1.80123754984197	0.383647112861273
1.44862736407577	0.477555630338169
1.02558467001725	0.382518749728777
1.0239728358881	0.381885834911352
0.93643172229593	0.631332631867762
-0.415641850717932	0.237478432151293
-0.328833852296794	0.151818069855998
1.55230573373748	0.753147839021799
-0.242459551461214	0.077947382082456
1.55770066431938	0.756785003922843
-1.3503734605696	0.84935907827322
0.428285671446016	0.169094775343879
0.531250234451829	0.306480578895511
-0.938854958884336	0.694080834092711
0.0404105671194911	0.0235033085747389
-0.22872107311083	0.149440060558313
0.0541206392580658	0.0333664771269468
-0.463397752911097	0.310317850820815
-0.808580240242855	0.539870997548623
0.304620330469893	0.196996531177262
-0.0439546043195565	0.0209544949797897
-0.74243876954869	0.25362235352836
2.10345763612533	0.92603048253316
0.65757421006213	0.206588655278929
0.0248365146682922	0.0186082868584186
0.186387132607011	0.139469009549337
-0.59272359899779	0.712406152551749
-0.0964868839281558	0.0801505953458081
-0.509520377667058	0.473044304747654
0.274210966464097	0.230944939665389
0.105482758367038	0.0854649598462952
0.384590455213611	0.329470824074323
0.31108796866523	0.201718124693668
1.31854437480005	1.54811372675314
-0.117984276991248	0.0469113915138907
0.493643718442209	0.311637233885528
-0.340304104150425	0.206473912300536
0.138189263351201	0.0662692522527709
0.703130964363787	0.461484680877833
0.16612083691795	0.10212487338287
0.603613256917357	0.563967193767543
0.954793558685002	0.943789757371155
0.169640818307486	0.110370182884151
0.33713921799337	0.168081380004541
-0.0842364127966028	0.0516951943944014
0.511535984561553	0.180463547184556
-0.00632338340378394	0.00327456553364855
-0.233768847619595	0.153084520410554
0.334275520332378	0.186023312096856
0.745167474619029	0.825436561595301
-0.107407104788081	0.077152129765733
0.309463772686077	0.200422931234371
0.0893756688714569	0.0634052775946304
0.27804104058222	0.217571763676349
-1.00142949927862	0.903426726141593
0.0347987587462682	0.0202474763465297
0.148749011066677	0.0787506070530574
-0.0406200833354701	0.0194037010733111
0.32701291059626	0.181203411092372
-1.27258715748057	1.39652748685522
0.539785690196575	0.450331117551512
0.400493266668522	0.331757408360514
0.949048839792744	0.936716774597246
1.94131935547234	1.19070344736512
0.569049613249298	0.454242314848632
-0.151340551123195	0.0862388641915907
-1.18618496921206	0.662452990855805
-0.544853478742199	0.204974627934257
0.159992352718576	0.0400538861334557
-0.414515563910564	0.172670310722692
-0.194633802740337	0.105261176942598
0.345157534887886	0.172428405417455
0.935840327093675	0.630792655113875
0.726116410579822	0.60470709211255
1.23484882817925	0.848839278895312
1.44981862951738	0.477799018830262
0.508115032981171	0.179108309242443
-0.240976410898063	0.0775300306973211
-1.29538171494723	0.577437227146469
-1.29860074136172	0.5797920330012
-0.798185187022738	0.434640652132029
0.160221796316651	0.0401166927693931
1.45174463580423	0.478561109172125
-0.628164901903538	0.15157555358925
-0.415464296122417	0.237468428323082
1.25520925124545	0.680059620183273
-1.69688979558773	0.956296670615018
-1.00004103377151	0.493654528880013
-0.628299579656606	0.151558046801791
2.75868832531345	0.765017792149168
-0.354519585455166	0.101776151388844
0.152050960400409	0.028630259939513
1.95786695174359	0.441149378722158
1.95786695174359	0.441149378722158
-0.807876403939501	0.539118037807679
0.345117767679071	0.172383594582925
0.137536650513881	0.0659495032275318
0.380892911471829	0.169245390539158
-1.83496954182052	0.74201254055013
1.95731570776637	0.441000340195791
-2.57660997484294	0.657538252319339
1.814860828926	0.70324597733131
-0.792961532394216	0.344288490733264
-1.69661550867139	0.956574938709399
0.907896738399255	0.787841543517307
-1.51227685112488	0.76213256545427
1.226068121878	1.34732299215034
0.491299296466937	0.310393323020727
0.125609750837894	0.0536135320946115
1.25565913543189	0.680117182136848
1.23221811273651	1.49539698609028
-0.738670030097319	0.252119567169358
3.26224218729945	1.1009233569627
0.15144823932183	0.0285426379557898
0.16045117802105	0.0401558290866076
0.513516136888496	0.181178716343693
0.076918555114998	0.0522410660599773
-1.19359781636248	1.2369635531199
-0.858250684302569	0.994403579963662
0.175398301198428	0.120215421726353
0.402160164461184	0.333407579781744
0.687133181248089	0.798847346297231
0.672888864603785	0.309645885119075
0.424935770305415	0.167621556044747
3.03217022247676	2.2129784249029
-0.275885445239347	0.174040947712424
0.725849936617763	0.604349820572927
0.312553676965397	0.20301331442429
-0.278449132122631	0.175771816308651
0.346065580376731	0.17290533784981
0.49154409815094	0.310320925996665
1.11906243377226	1.00787203282274
0.670145389835663	0.308411472409514
0.309195650195796	0.200558738432294
0.413757198414479	0.32955373148266
0.852195756235713	0.628993146592716
1.38560545797058	1.06905505224499
0.887527270351251	0.471278004201116
0.144707163189036	0.0695147025080181
0.470885634613466	0.321320881773503
-0.793929571977535	0.75298962907092
0.310002578525521	0.201045029938872
-0.67616714935628	0.476950098573046
0.16387223242765	0.100714715936118
-1.2739311141466	1.39837190324337
1.23280074812803	1.20745331710625
0.344814357962911	0.172223529033892
-0.79324680660327	0.6857729804111
0.804515575786884	0.767530263760451
-0.0606141288588423	0.0382821832557297
0.293731378861627	0.222256280227951
0.474766396493645	0.324234253333587
0.394752456863365	0.32618708603975
1.04323019345025	0.495337606424751
-2.34854236522476	3.04975513508323
-0.786629190605387	0.340991155673526
0.374667869915192	0.166123158223375
-0.738414128880846	0.252090639638632
0.131463990676715	0.0437015090033304
0.574677393907727	0.460051769157625
0.585195102475556	0.30181034100534
0.537099706009003	0.549122991546408
0.785647209630883	0.621499273308274
0.771565739384199	0.457400007430261
0.777767612019192	0.462658321246098
-0.168443906364487	0.0602979483615774
0.37719892423885	0.167428598365971
0.798887367854718	0.328506973468232
-0.0783847821483945	0.0345077634839677
-3.46322465260564	1.22963503158779
0.159992352718576	0.0400538861334557
1.94039231488676	1.18920876270522
-1.04630043534404	0.412061137796638
-0.788962872631865	0.342076545446221
-0.738670030097319	0.252119567169358
0.660932155782147	0.207694635746326
2.09995861282333	0.923872580873855
0.948768757521975	0.248549269795159
1.95786695174359	0.441149378722158
0.154509067766894	0.0289541162362231
0.948905461162112	0.248586345985544
-3.45945095257726	1.22747869975084
-1.50840477299905	0.758701742248802
-0.971742649823321	0.600526917185055
-1.69431640108435	0.953374123284053
0.323090723804887	0.179010326113571
0.153402617710391	0.0813898421579578
1.0687876575337	0.648549904107086
0.857269255104522	0.785770217386926
-1.83962358353467	0.744558464662274
0.154509067766894	0.0289541162362231
1.31941514078619	0.566102719083937
-0.0834180404247537	0.0366783325164675
-1.04687191417195	0.412486748895758
0.64261523121569	0.457081581524958
2.10810739662568	1.44473656888945
0.322135540394268	0.178320821549788
2.62966887761677	2.66035845755058
-0.00897713736638619	0.00454042563062416
-0.416928700341772	0.238331588069607
0.50794503828277	0.438355398385567
0.137612920317835	0.0660922810400854
2.88236098021872	1.90490487029943
-3.08556356757563	0.949512459473102
0.140948251392809	0.041458274749763
-0.358848207258787	0.103009197892419
2.10636939831221	0.927285990182235
0.339455490649775	0.169320934103776
0.514213661606994	0.181383794125596
2.75520320904554	0.763197913000704
0.948768757521975	0.248549269795159
0.515776923892361	0.447131907029354
0.306933247850531	0.198570118059696
0.109788387381498	0.091544342523612
-0.109868794764023	0.0650993434659566
-0.437134357673623	0.338751518567096
0.35719447631012	0.335444681238991
0.138268969280216	0.0664163020380255
0.492681719244326	0.310885698791291
0.771744760475744	0.458284359409075
-1.23853010569471	0.942476958504694
-0.437194192699581	0.338954553121017
0.494657070085156	0.312819701455172
-0.0414812947725164	0.019802129233336
1.55357482739164	0.753998587470342
0.175666876594002	0.125619029248803
0.34451089226938	0.172048781987642
-0.148358094930133	0.0845064297640194
0.299803579635182	0.193546971298565
-0.799308797122569	0.617984737791478
0.987653112588603	0.809632044188985
0.803406298057045	0.330476655381048
0.522133981090401	0.454282126675189
0.299608314619356	0.205776946673285
1.45138090115721	0.478568850670936
1.09207493986063	0.826888656732601
0.12867908214612	0.0548743421463883
0.341991383777001	0.170558622885727
-0.0395567356342196	0.0189089513698941
3.92936359942063	1.70302424744953
0.128919301055159	0.0428813133463191
-0.0597258576765752	0.037714323241919
-1.86218881611503	1.17049077336732
0.312970310909601	0.203167839607362
0.573969270587791	0.459067608601715
0.917299606238888	0.798212589767366
0.648596388673728	0.462513298187474
0.934599282121925	0.629844874513437
1.0239728358881	0.381885834911352
-0.508207180680156	0.268597498569059
-2.57968420714322	0.659073447553718
-1.79840965860499	0.382877827643389
0.140609521820489	0.0413743325045252
0.128919301055159	0.0428813133463191
0.128673280033835	0.0484868522338571
0.659032459281836	0.207041754611057
-0.35569023027487	0.10209347470967
0.162125356869158	0.0404960611383205
0.947635845528227	0.248244973505163
3.26284822825054	1.10169382604423
-1.1412568453231	0.344431220445032
-0.354229439997714	0.101697261087168
-1.50925080405163	0.760072338394048
-0.540582774520611	0.203037525917041
-0.788618958882262	0.341859317766317
0.72658983880572	0.605313811963865
0.643388630612269	0.457404266835711
0.314323204203718	0.190323255355228
0.492283937594428	0.310545614372185
-1.35100173575693	0.84983223204426
-0.236642536873473	0.0761450888689269
-2.80398812986811	1.88411959637182
0.880148600822102	0.465798141511016
-0.199563609279544	0.108080704016596
-0.555828829650557	0.355336913042569
0.996631024477692	0.819812299812623
-0.47125419647465	0.31652154313047
0.294565891351866	0.212889220624988
0.574896205157742	0.459943695554113
-0.289163299116268	0.211343573174764
0.455838279983015	0.331069126990893
2.12933084359808	2.18978107801067
-0.690339608040761	0.551449573756454
-0.439874663796852	0.341398763217522
-0.325606788605036	0.150305368250002
0.326386941773184	0.181019655924353
-0.538422662627564	0.202330546592592
-0.335275686047378	0.203113356721728
1.36004230294212	1.26100472517391
-1.10497831886242	1.07451265214239
0.904407400763504	0.783151981408221
0.15280275393848	0.0811953023767939
0.122568763215256	0.0523219187322859
0.496188295519467	0.31377310003417
0.292338875424488	0.221142536680294
0.696831184810591	0.456504221627462
0.130221292046546	0.0555517354093256
0.468117475119405	0.318645607324339
0.282264757658434	0.221568010547803
0.086182066754686	0.0610557648444956
0.845416692572275	0.770567519287039
0.41815349626362	0.164826694198742
-0.624501462907049	0.298906969740345
-0.414935985705311	0.236871977826013
0.303531561360337	0.196268929593241
1.23726004433387	1.04438900276837
-0.0800966314259405	0.0352428263549873
0.0396702047523893	0.0231017530766238
0.703705315881828	0.462072905560435
0.529872216678282	0.305088562840973
0.28964737241957	0.208751437851857
1.05997144039959	0.642090593476674
1.23380302357541	0.847974758507903
0.332577023417093	0.184729629221937
-0.681662464740862	0.48161671942085
0.325996781890478	0.180757971243428
-0.936251052791331	0.690978493500608
-0.400038330779487	0.278451330421325
1.75223973666186	1.35744917836468
-0.252476543309965	0.127445589033375
-0.225696665678292	0.172509230744267
-0.325464789243747	0.150066551001885
1.30729482478471	0.560238424285418
0.42440029925669	0.167434139239713
0.579707941380972	0.298809073772813
1.60297393512535	1.10834112951941
0.948337549654709	0.248516516252871
0.157325350109871	0.02936446462458
1.02731716940518	0.382757562978545
1.04571409021437	0.49628651803995
0.988055168185439	0.809200491777781
0.136984680359439	0.0515651205178124
-1.85537960519214	1.16235520876397
-0.507905861404418	0.268372224830245
2.10055021952577	0.924312412659368
1.55429649294614	0.75429704442925
0.94820175004088	0.248479682375772
0.947770742439721	0.248281535275256
-1.79839614394125	0.382877807711208
-1.05120492037028	0.414443813999069
-0.408818837665921	0.170144478211642
-0.0849919505094172	0.0854301623262198
-0.117660477054644	0.0467865531553836
-2.08495289661111	0.941010945670462
-1.18368954027495	0.659935496261333
-1.00428527958743	0.496616726867449
1.04857253905646	0.498207693200093
0.340757131535579	0.170055520938854
0.160432055045959	0.0922835450094687
0.696650526990728	0.45652940361874
-0.552270383519119	0.352844720901663
0.589020566551014	0.304394414206738
-0.0112398235120471	0.00568199362639488
-1.83564160885514	0.742645090374466
-1.04699599964233	0.412236522767609
-0.176550485343644	0.0631792496386275
0.698093054573767	0.457516125032128
-2.30135040709624	1.14829181495397
-0.149294217138177	0.0850744015036644
1.3804383662781	1.0645664454516
-0.691018026932894	0.552284616641343
-0.810100985119007	0.443454935777436
0.318661849223975	0.193184296162444
0.492106544658704	0.310685258166883
0.1780035774123	0.127534672718848
0.343515362055148	0.171387824364995
-0.398176237726583	0.276910044398319
0.701788560344502	0.460258945965501
1.04759640633222	0.497574511501099
0.492258816676821	0.311149349912573
0.323500889104185	0.179109037446635
0.427598801849298	0.168817190422253
0.372837785151391	0.165167314397746
0.383780727518076	0.328723953393002
1.94329479733482	1.19324583814217
-0.231409214332045	0.0745090449257407
1.04323019345025	0.495337606424751
0.129605375797865	0.048824572939505
1.02246283803588	0.381238371277329
0.506636186737087	0.178613076266429
0.805329377718584	0.331441349253762
1.3076457108734	0.560429723767112
0.511884149147493	0.180536056250855
-0.628299579656606	0.151558046801791
-0.796750092178599	0.346265049283181
1.95731570776637	0.441000340195791
0.162719274583833	0.0406219991153643
1.44862736407577	0.477555630338169
0.658157600688591	0.206837664845118
0.804551193439478	0.331168980919484
0.131516255673475	0.0495525805236666
0.53771649274059	0.448050172503106
-0.688548972995019	0.488302221614466
0.34106116939447	0.170418205029306
-0.22390491698925	0.170931080201509
-0.00870632779032491	0.0058517850772361
0.177076411727708	0.121455426207815
0.47097542273876	0.320970609640637
0.805329377718584	0.331441349253762
0.509738797084365	0.17970407358381
2.75580772001712	0.763760469153332
0.154465593370314	0.0289479903375428
-1.79840965860499	0.382877827643389
0.152050960400409	0.028630259939513
0.655285284601054	0.205717641865354
-1.05795633912597	0.857656837417647
-0.559967526886318	0.358691824491654
1.06695149496246	0.64684443034121
-0.116399891857729	0.0463323362471674
1.5968602136722	1.10291755932886
1.31275235192293	0.563405500186811
1.31777492346909	0.565684040805599
1.05233038862296	0.500361420294696
-0.358557998384515	0.10292132426425
-0.359725191866461	0.103238313016327
-0.73955895107728	0.252503873418029
-0.467033536017582	0.625823757853391
-0.738414128880846	0.252090639638632
0.132513899668301	0.0440249398537092
1.81545080408239	0.703738180326379
-3.45945095257726	1.22747869975084
0.603857367246502	0.457288911200802
0.374992176019385	0.166261800681351
1.22988422611179	0.843385780272178
0.776781902863777	0.461819559858996
-0.260872206823881	0.132079045347817
0.442801070862033	0.319831911714718
0.0373714818503087	0.02173284158583
-0.400773896274646	0.278907342125371
-0.0837180780388775	0.0513757802067238
0.173667336855128	0.113268918083896
1.0541879230785	1.12282755118701
0.572055725778403	0.457401448379836
0.179385178913915	0.1286356830618
-0.805552209730631	0.537459179283553
0.139479819991711	0.0669336164321642
1.0511434473863	0.499648112473628
-0.789306862497791	0.342262742988917
0.696850435985604	0.456212579779159
0.153626984060955	0.0814465765612045
0.130839837148547	0.0558138396767043
0.511535984561553	0.180463547184556
0.330270908136939	0.183283187006164
0.581645765240578	0.56261897460178
0.413064352607885	0.328769282802345
2.10225336027739	1.43701662598727
0.132822208517431	0.056695914322575
0.342599673171557	0.170893303342559
-1.04747427444676	0.845098679354503
0.510051323737923	0.179850968444512
0.422846344818056	0.321026916019067
0.529813369888509	0.305018633362666
-0.00732206784811802	0.00372384810966334
0.735472241071306	0.61482505506345
-0.203841244444093	0.110548958806839
0.158123832707403	0.09096124748164
-0.68548945201426	0.485028495400924
-0.197971083760316	0.107211011378447
0.313635529447819	0.189837312246947
-0.888320322510902	0.82522117555256
-0.581863559757705	0.426627332358673
-0.115713119983189	0.0460276099716504
-0.040961528846874	0.0195605871572343
1.43510303914355	0.87902000301251
0.377463332864578	0.167570032868996
0.319171879296003	0.193376854484216
0.343215720718814	0.171249343298025
0.849338469193638	0.776310105693991
0.424373787314051	0.167361463682442
1.76358322725824	1.80878317857338
2.75520320904554	0.763197913000704
0.672294824600451	0.309208232981787
1.95731570776637	0.441000340195791
-0.355401168227563	0.102014834884787
-2.57660997484294	0.657538252319339
0.586267289145259	0.302958783193424
1.76707585189144	0.969351056986828
1.02422162940792	0.382079227006262
-1.05063685601883	0.414018676297534
0.672812797155709	0.309654422171124
0.160813493636874	0.0402291855562724
1.81515619836297	0.703574555319196
-0.166213389018895	0.0595190660770883
2.33470644076288	1.14335517449658
1.02685010343664	0.383062880383657
1.02329749324129	0.381582146499257
0.155713854733082	0.0390835596706886
1.45114635521655	0.478471348903038
0.801294435982005	0.329722340410091
-0.409354226775768	0.233327570993492
-0.340713113739341	0.527235362220474
-0.414849585401539	0.172825872337049
-0.786285484359973	0.340832261518803
0.120313607013079	0.045423239090566
-0.173014492041539	0.0619198166050514
-0.539089600210505	0.202542124367007
0.802489056255948	0.330144551890374
2.54500845450902	1.37818427264558
-3.0857009920368	0.949295045119167
-0.78873939795176	0.341991104298643
0.15989019031701	0.0919598502398825
-0.292046502346316	0.213817683185734
0.572260207345503	0.457437448705309
-1.61958007716916	1.25494973199996
-0.443898358632091	0.345220946312793
2.09998056975693	1.43561171409338
-0.338235647148138	0.205127092010661
-0.189969854751652	0.127705808587456
-0.335930071813685	0.20344991662185
1.8135291528185	0.702758164322864
0.159992352718576	0.0400538861334557
1.31402496246035	0.563681662468941
0.661225548064972	0.20772290984652
1.14243066059785	1.29952030062474
0.792507950412484	0.75262484300325
-0.158485263467453	0.109232128468081
1.33422580943562	1.40821444452807
0.434124121398851	0.437427566742721
0.783995904055143	1.03451572227118
0.0951608722672367	0.0723842957364895
0.491373100034403	0.440516351990569
-0.0916485027602961	0.0671887526781092
0.44016410416021	0.43051255569027
-0.054642239310704	0.0344827388862384
-0.128819419076778	0.090576424551739
-0.387943885377234	0.341529539507878
1.10799660375642	0.992269768001773
0.342603572142307	0.170909913666102
0.296875930760696	0.214714696562208
0.47151861555004	0.321524381684788
-0.0388008401938962	0.0251423875558087
0.158787479797115	0.0913684440878188
2.13241727419787	2.1952117666457
-0.957195201609637	1.02717290330556
0.29915301384979	0.216723134526759
0.327064519773102	0.181438520731717
1.01985986214015	0.380041869937102
0.296360275630197	0.214271943187789
0.856322593450831	0.633286475952213
0.275018832856934	0.223460023449586
0.159993762399384	0.0920880118682716
-0.134070993531701	0.0945313020454702
-0.146297363611217	0.0832523213906384
0.684036953827185	0.596953613982814
-1.29315831112247	1.60831213258542
-0.976683929790399	0.968279280635572
-0.236420091117799	0.0760498926963215
0.350144780004934	0.175187572924295
0.135670373671611	0.0651021268702608
0.804765006705712	0.331183851246171
-0.735458723618684	0.250947808327744
0.511187733730715	0.180331422147582
0.878486025859588	0.465547088792258
0.444663466800479	0.321506996841851
0.383431877316477	0.328246959691017
0.606810147094676	0.460103255722261
0.787737745161919	0.623268188046158
0.613060354577969	0.575318211615453
0.424719696521905	0.167520800855861
-0.412261031351047	0.171714138801548
1.95786695174359	0.441149378722158
1.81323362267005	0.702723165703649
1.81294103662311	0.70256079058948
2.10173504798347	0.924843834263361
-0.23522957281847	0.0756912588669357
1.81545080408239	0.703738180326379
0.163185820804974	0.0407257646525502
3.26508709738097	1.10261522135605
1.02626205148491	0.382823634565729
0.15144823932183	0.0285426379557898
-1.79839614394125	0.382877807711208
-0.215755315064032	0.218392955324393
0.667910039261565	0.30706346862549
-0.628164901903538	0.15157555358925
-0.542900106811953	0.204176406519794
-1.83199158756097	0.740532814070127
1.06939958153489	0.649006787829707
0.701508638697054	0.460053239462163
-1.65523226021865	1.71735986463587
1.44862736407577	0.477555630338169
0.667910039261565	0.30706346862549
-1.04418706517305	0.411112263748397
1.81604086904786	0.704001590638153
0.600501960803706	0.453611567793475
-0.605641227251524	0.497109960492613
0.702076051456909	0.460580135860983
-0.116108290948578	0.0689216614937456
-0.557269149750309	0.356637793554438
0.316603402600008	0.191786428979706
0.364430550640597	0.161362833070759
-0.0106300467967003	0.00536207106268681
1.43842376087486	0.880714312076268
0.658157600688591	0.206837664845118
1.04424975463849	0.495554192271584
-0.628733247343677	0.151688343674084
1.88536844959353	1.6188644974546
-0.0758992879765093	0.0566204646026088
0.0366079037757865	0.0212935285857587
0.184552528911483	0.152618016510232
0.413757198414479	0.32955373148266
0.257763327438868	0.228946189002885
0.403103047057823	0.319130872496251
-1.06378730958499	1.12362872261495
-0.442953032818408	0.344465542461984
-0.732844892915926	0.910375738212571
0.571027034933034	0.456333186134434
-0.190369000655179	0.147399525279801
0.280126407197988	0.228283942060074
-0.00524019972530808	0.00355853990649517
0.646540050852241	0.460574784557388
0.41232778530852	0.328147627612347
0.161389898892853	0.0928537489651312
1.04968809060783	0.498914343791501
0.648972694509219	0.462355743620732
1.22673298384522	1.6152025982641
0.650194465578105	0.591296442461645
-0.0384137688763143	0.0248873505642298
-0.155468240831745	0.106993720078753
0.683756163804924	0.596792112753443
-0.0418227139422492	0.0199459990486432
-0.162989326959396	0.0584083699345145
1.02939313477738	0.384032816891873
0.325996781890478	0.180757971243428
0.513648873118825	0.444987595409299
0.165856139442126	0.10194876640782
1.02378550016698	0.968232962174176
-0.295418176098077	0.216591942825482
1.1429883145816	1.3004743383972
-0.0589704782305182	0.0372439464499921
-0.562022837096328	0.514254860299126
-0.392783096091882	0.272443040096271
1.02391855409127	0.969052108313957
-1.04396421075156	0.411040526644558
0.725997741030701	0.604451974131534
0.886621193111568	0.470711538389859
-0.536671114051193	0.201606330220057
0.373162580695551	0.165341999479447
3.26631056571709	1.10328266544307
2.38415878984752	2.00956033759212
0.73016581790869	0.609110650542798
1.09111752656942	0.825665156196214
0.329604297218518	0.18283298549379
0.647637877258657	0.461674572169995
0.834478889556022	0.879504098301398
0.307465027778288	0.212102413983309
0.565024059559122	0.449883903759399
0.581677478754542	0.300117077868139
0.134579360214552	0.0446820626093357
1.04480901675325	0.495932284777841
1.76157139616501	0.965358710066719
-1.52468217246603	0.541450953371581
0.161043695584893	0.0402684742968713
-0.632563406792844	0.152610991116788
1.81264504950119	0.702404900566408
1.45331304696192	0.47899741335022
1.95786695174359	0.441149378722158
0.15820382838182	0.0396092897578142
2.10193245054258	0.924755435038698
1.8138222857108	0.70292085392477
0.506070916679663	0.17835265439855
1.81738056066142	0.704160226172228
0.152050960400409	0.028630259939513
1.44862736407577	0.477555630338169
3.6326714041979	1.41965046916025
1.95731570776637	0.441000340195791
-0.236865950236819	0.0762080730306188
-3.76894933168033	1.48672161607666
-0.235725494787964	0.0758333105755394
0.197690271916585	0.192149993035201
-3.45967591146264	1.22746502283364
0.155067569950451	0.0290355764553768
-0.330703419300768	0.152676145818067
0.697960357370816	0.456698713212573
0.938820642688771	0.6343033137833
0.160702919015782	0.0924372725999673
1.02246283803588	0.381238371277329
0.146922191196889	0.0431076767472804
0.591604123843284	0.306038715149543
0.140609521820489	0.0413743325045252
0.136294173863558	0.0653332884290142
-0.279382177184602	0.176368567537618
-0.0366742857463514	0.0175664155707041
-0.18804686873643	0.126318400248618
1.55413915094178	0.754287920214899
-0.11512189478062	0.0458130318128354
-1.0001037668499	0.493752779623566
0.34107474021759	0.170004488347711
-1.14171114622793	0.344693702322242
0.144054213480702	0.0423469198905259
0.15963091503218	0.0399802605532864
0.336199316284558	0.330850834278059
0.443933439643917	0.435272056730798
-0.00553166151353356	0.00375240017568742
0.183698023466287	0.137268343189819
0.790828716406035	0.750087836003671
0.838137196163385	0.884572300982399
0.8464784206801	0.772473193352838
0.557173019654502	0.554503338309733
0.0320037367601011	0.0240031328305048
-0.113312853451981	0.0671932819028732
0.153051635054964	0.0878812410990245
-0.811548312015934	0.443713279071194
0.129602692162006	0.0552849677106642
0.499808178729284	0.316612725693775
-0.506007608704752	0.383793044234226
-1.05904978341708	1.11552357319233
0.145964298399954	0.077301116434715
0.472631687543395	0.322463165038932
-0.511224882813934	0.270520582958009
0.159992352718576	0.0400538861334557
0.796235370095477	0.865687670586945
-0.249165296401242	0.125646218025282
-0.256383088964952	0.129474850180641
0.130847633086116	0.0558190648233276
0.307597307746424	0.199077467015896
-0.513142390512949	0.271662940030966
-0.194653096773519	0.131115853515751
0.316574687790125	0.191487071213566
-0.583469104628474	0.428244972649359
-0.694817931062562	0.556434526187313
-0.462218078836162	0.434596892509328
-0.634157861983496	0.573406005979302
-0.80799581041733	0.44174380148633
0.434099063297731	0.33143969668735
1.02385381139265	0.381501301813472
-0.329458323063792	0.152151823606521
1.81456677210567	0.703082758766755
-0.0803160837202368	0.0492487780223711
-1.15271117779021	1.00652177216913
0.331955790379218	0.184536567649095
4.16980166935744	1.96660776661609
0.671166583876549	0.308670070263109
-0.114475851194627	0.0455541845259636
-0.166972081756225	0.0597742269277735
0.154509067766894	0.0289541162362231
1.44922258720914	0.477763268309402
-0.737824274342293	0.251781339210884
1.31451987093813	0.564351638075811
0.94820175004088	0.248479682375772
2.75520320904554	0.763197913000704
3.63331351050508	1.42008896661082
1.44899109330448	0.477667123734845
-0.35262379016767	0.101278913820777
-0.628030265547787	0.151499678636842
-1.79840965860499	0.382877827643389
-2.5766529574574	0.657773148602288
0.159036592116599	0.0397877345506797
-1.1413415008172	0.344450233445194
0.159859477622278	0.0400192334307773
0.155067569950451	0.0290355764553768
-3.08203048704882	0.947509650360219
-1.1278151116874	1.49332150068206
0.160221796316651	0.0401166927693931
-2.48486203510736	1.37307151296162
-1.79839614394125	0.382877807711208
-0.73833632952493	0.25198039611565
0.801786885039242	0.329686341918844
-1.1932945690247	0.668036575482009
0.135670373671611	0.0651021268702608
0.130920287619515	0.0493322328761646
0.589032264568651	0.304349472385491
0.15485177031122	0.082188667907188
-0.670063518763493	0.401354257855831
0.132732885510209	0.0441080605497273
0.527458553234401	0.303860646148016
0.137536650513881	0.0659495032275318
0.495625976418137	0.313317215248524
1.04870930305702	0.498235550489005
0.340757131535579	0.170055520938854
0.656014281877058	0.205959668867586
0.154465593370314	0.0289479903375428
2.75868832531345	0.765017792149168
0.802138012530807	0.329972517070534
0.906988998038855	1.14009477404315
0.494662898556439	0.444188795603122
0.837985849363129	0.884341106553563
0.585992977432244	0.568114706665587
0.0926324870229094	0.0681447814862363
1.75788903252847	1.36332014521282
0.342907558328519	0.17108452863234
-0.255651410650467	0.129235174416914
1.44003097220614	0.883198990520642
1.13261293543835	1.1616777842357
0.934476737369101	0.629292689246443
1.77848169967068	2.21050225358171
0.274526664958391	0.231183815101466
-0.554365105632593	0.354315254804399
0.426188529242061	0.168158662567646
0.857111486133585	0.633520517679853
-1.05241292704995	0.850886837681208
-0.00767195444510117	0.00517089539723594
0.834731916268677	0.880030162731021
0.177192286348754	0.121465768529774
0.476795982213606	0.442165334276237
0.577253717225352	0.462398001176188
0.952018514644319	0.940279780246796
-1.19040757104919	1.23115522993236
0.0334520468620378	0.0195186484979844
-0.0608160851052255	0.0383979048794837
-0.244065924861672	0.206208993476891
-1.07136609272943	1.13530507850077
0.0109735599814937	0.0060937318984024
1.23251776782743	0.846658033240361
1.0452324442968	0.495942177083587
0.370002596677189	0.163914007004863
1.56203359109958	0.759214011226535
0.80809182652064	0.332822174466832
0.449150930549755	0.325230512287508
0.688671994279991	0.602546428231991
1.02422162940792	0.382079227006262
1.76742130251543	0.970063183822391
0.806838919732094	0.332176983465779
1.81264504950119	0.702404900566408
1.02626205148491	0.382823634565729
-3.08229418357021	0.947231644170671
0.950287720870208	0.248999740475732
0.15144823932183	0.0285426379557898
2.75641316563256	0.763778311858285
1.95786695174359	0.441149378722158
-0.355104953248248	0.101967480674674
2.75641316563256	0.763778311858285
-0.628299579656606	0.151558046801791
1.8166310232947	0.704051562387115
1.44862736407577	0.477555630338169
1.45138090115721	0.478568850670936
-1.0046184504941	0.49675456385791
0.159036592116599	0.0397877345506797
-3.08556356757563	0.949512459473102
-2.57660997484294	0.657538252319339
0.156070095129669	0.0391676647119387
-0.683711030159133	0.853608044577441
0.374033731308239	0.16601974607059
1.55415734614874	0.754461189942461
0.581821657556359	0.299947731737357
1.31416993955936	0.56393406368061
-0.510418274488785	0.269902179155575
1.23451073030102	0.848734191557167
0.770431889582126	0.456940342907739
1.94760939403316	1.19747714121929
0.593865989831313	0.307385155210456
1.22988777078931	0.843310716533092
-0.0766159341233539	0.0337214575869702
0.138925358286597	0.0667347571202309
0.424265519863284	0.167436585180397
3.9232513707374	1.69997531930461
0.649768942896297	0.203901317319374
0.947635845528227	0.248244973505163
0.16045117802105	0.0401558290866076
1.02533495299364	0.382457756692076
0.492283937594428	0.310545614372185
-0.798703274297681	0.617047154535475
1.22990834601273	1.20199397849497
0.0158172650659026	0.00862853752301662
0.773077944800972	0.459539617637397
0.33387570417047	0.185791272588652
0.783296490052697	0.618028277082164
0.127654922149762	0.054560218500758
-1.03986963329328	0.409012486353307
-2.57660997484294	0.657538252319339
-0.739220696441847	0.252380570526188
1.81545080408239	0.703738180326379
1.02651128578825	0.383050193875148
0.615564648259954	0.673108602129515
0.290689792899437	0.219734768250644
0.474709885225062	0.439861224439982
1.55563768080424	0.755897558752995
0.473202305848651	0.323218787344529
-0.0759316313232285	0.0334241302819721
1.35447690163294	1.25233711947515
0.159451764016878	0.0917707419120373
1.08740111164519	0.820700617835567
0.452172896296552	0.327902488046651
0.534125108858206	0.443913978563725
0.469074955535767	0.319450688113181
0.423235157867164	0.321329970833777
1.02034988753981	0.963736668134028
0.0181097370291905	0.00985131762868441
0.8804110252599	0.466091387895369
-0.624465346012822	0.299268395966845
-0.705475015173281	0.624759913850998
0.954990031121297	0.94501753824433
0.327397710253118	0.181334788485541
0.14949322536783	0.0792071464781003
0.567134739367781	0.567319313351012
0.174355877922952	0.129608158535932
1.03725095302813	1.44714520834771
0.183306611355483	0.142048685529659
0.170465059199394	0.111053710322954
-0.195710030840541	0.131943501745278
-0.341250970086452	0.275192403532474
0.424786554763635	0.322936137358274
0.509960965156593	0.440696241419522
2.10636939831221	0.927285990182235
-0.0592252719785777	0.0374070182154998
0.807177314700217	0.33225357951289
0.657477424666525	0.20641752360443
0.659032643407672	0.20695576224899
1.95731570776637	0.441000340195791
1.81886023461405	0.704877804186235
0.654989426637948	0.205620898952272
0.805467397708516	0.331643487494376
0.147259813410519	0.0432007445014279
1.81264504950119	0.702404900566408
0.654121684946124	0.205433467520013
0.15963091503218	0.0399802605532864
0.164866646813102	0.0410606750914948
-1.79840965860499	0.382877827643389
1.44780311038183	0.477066495630919
0.156070095129669	0.0391676647119387
0.142892234362748	0.0419793224062305
0.660640141500972	0.207490447031014
-1.79840965860499	0.382877827643389
-0.35569023027487	0.10209347470967
0.155111385030128	0.0290417527313876
1.45331304696192	0.47899741335022
-0.159444909332567	0.141087724880203
-1.5088621709036	0.759006136042553
1.80952767495421	0.700621417412104
0.157325350109871	0.02936446462458
0.661517102334111	0.207824976675168
0.160813493636874	0.0402291855562724
-0.806692084877942	0.53820453166957
1.59609278067263	1.10049538156476
1.94618781985765	1.19547478989918
0.161043695584893	0.0402684742968713
1.23019495491373	1.49060951355837
-0.0486015635422256	0.0230751633617146
0.369007820399991	0.163560324506055
1.02304894811125	0.381607715308403
0.772695456200561	0.458882495112196
1.42923067893074	0.873522102693171
-1.10606156722425	0.760854328569583
1.76373914733012	1.80773477666114
0.425627365203623	0.167916299468516
-0.0743893776856152	0.0327764828836103
0.143901899658238	0.0762152061419542
0.135364021327178	0.0449437078279942
2.10080345028195	0.924400736993524
-1.52499008340819	0.541418114624462
0.154465593370314	0.0289479903375428
3.6326714041979	1.41965046916025
1.55563768080424	0.755897558752995
0.184856380699051	0.152938828342578
0.103342565760819	0.0813451597931768
0.396100854587966	0.327380013956318
0.12867908214612	0.0548743421463883
0.137241747959079	0.0658054864748649
-0.236989724567202	0.0762485047293907
0.59037747198817	0.305194010079033
1.45078261646269	0.478218161496633
0.698868651997728	0.458286801954251
-2.30418064567315	1.15110792862376
-0.0717353254382169	0.0316305664624518
1.87675720226628	2.07475401384148
0.466173548284178	0.317205803014517
-0.219949155161348	0.167552987527943
-0.149959399157922	0.085471495001811
-0.11353441514657	0.0818041385142972
-0.885712592398252	0.82077662024513
-0.808348840396252	0.53999647916964
0.128591433736742	0.0484895075702699
0.65757421006213	0.206588655278929
0.688873422089728	0.603060585612863
0.14949322536783	0.0792071464781003
0.790880864003721	0.750016618475798
0.167583291275881	0.109098516557663
0.780861941514337	0.616352291480575
1.09224498288323	0.828131051897686
0.291605206263869	0.220500380425117
-0.153302411155778	0.0874181514710699
-0.00903754959915767	0.00459250330717412
-0.0110924687372427	0.00562979319692901
-0.343829215029631	0.208925731138096
0.176172642677351	0.115105049669043
0.385701004641516	0.330710967398287
-0.327019267943499	0.150820521853975
0.325136101962082	0.18019938130608
0.91111435767315	0.791785961756285
1.0282187103729	0.383542758401815
0.156070095129669	0.0391676647119387
-2.30510991052137	1.15171940932676
-1.52556530925699	0.541887546993991
0.947770742439721	0.248281535275256
-0.628030265547787	0.151499678636842
1.95786695174359	0.441149378722158
2.75520320904554	0.763197913000704
-0.355394630173918	0.102015543768339
-0.628030265547787	0.151499678636842
1.5511739686832	0.752209397016322
-1.79839614394125	0.382877807711208
3.63203016857434	1.41874839489518
-3.08216231491203	0.947551973079846
0.658449623497539	0.206846818911275
0.157370411029726	0.0293708256249034
-2.57669595250488	0.657559862268914
3.92694117717927	1.70243676685084
0.154509067766894	0.0289541162362231
-0.628299579656606	0.151558046801791
3.26345542626113	1.10199860979414
-0.201426591210573	0.190864262264932
-0.999770520176459	0.493549718270557
1.44780311038183	0.477066495630919
-0.236865950236819	0.0762080730306188
0.135497064378108	0.0449728061554857
-0.240627572806769	0.0774207528438286
-1.14536534536015	0.34589005605433
-0.195193359222409	0.105573541887894
0.12703205067779	0.0542948691687646
1.60617107723787	1.11149501559355
0.128217426027829	0.0426676360228733
0.801922158295548	0.329828855715043
1.76136333181412	0.965618801346497
0.514998191803244	0.181676716913907
0.514213661606994	0.181383794125596
0.131814043124596	0.0438161720723548
0.876392990765684	0.463648482641693
0.585192142346028	0.302436818107446
0.138599184252304	0.0665478199620659
0.297072621199687	0.214837939084271
-0.128719430314557	0.0905420843994461
-1.99816883144905	1.39054665181391
1.22437632252474	1.02803003742662
-0.112060625161521	0.0664610331200708
-0.411662068870429	0.171457253105263
1.95988292961267	0.441702177751728
0.660932155782147	0.207694635746326
0.660638687988492	0.207526442563452
0.658157600688591	0.206837664845118
0.442660494747387	0.433655312170944
0.303799838842466	0.196466461756899
-0.503531553512582	0.265904018068453
-0.238300485260816	0.0767056206772632
-0.0109446342027262	0.00549414478743836
0.12647132833616	0.0476462105796791
0.494494786729352	0.312749585493847
0.13125430574639	0.0494561793802337
-0.0604396345777692	0.0381610046071737
0.424795922246559	0.322746983259705
0.472993956961892	0.322706802077832
0.332849777940174	0.184882693021287
-0.648641103484362	0.635077899110002
0.300116468929692	0.217427134150555
-0.107550408324284	0.0636978145818349
-0.0576116471156146	0.0363632754961819
-0.503424761519279	0.265762671407627
-0.503833136550058	0.381553742128542
1.04989721959839	0.499092239481372
0.602776094448165	0.456161641640967
0.140195375107008	0.0672907050712517
0.148187146747178	0.0784518159390956
0.312490128884726	0.188844990621997
0.845688604815947	0.771694232624141
1.77063762861513	1.82058527222377
0.306933247850531	0.198570118059696
0.613544123771192	0.576689378255079
-0.13805262964177	0.0975390128333105
0.168644297128695	0.10390296119131
0.955681376390013	0.945795204494593
-0.510865191721222	0.388346236173738
1.44124866338588	1.6382653599663
0.445934508116926	0.422197518973418
0.180369893082478	0.123894950578073
-0.199115332378078	0.107765042653738
1.37691366293602	1.05959905788245
0.465847521650145	0.317085169300788
0.149431380915972	0.0791243271720727
1.76115464897912	0.964950415738371
0.950287720870208	0.248999740475732
1.02558467001725	0.382518749728777
-0.169320011151056	0.0606649453809961
-1.79839614394125	0.382877807711208
0.160221796316651	0.0401166927693931
1.45138090115721	0.478568850670936
0.160221796316651	0.0401166927693931
0.157325350109871	0.02936446462458
0.157325350109871	0.02936446462458
0.950998501270056	0.249196467275389
0.154311934860129	0.0289593414864238
0.654703443030561	0.205608890273211
3.92389000551089	1.70054361221532
-1.1447666380351	0.34569313996721
0.145313170347528	0.042674261922763
-0.628164901903538	0.15157555358925
0.94820175004088	0.248479682375772
0.425842843580689	0.168023318876402
1.44450447975593	0.475941549703467
-1.80123754984197	0.383647112861273
-0.628733247343677	0.151688343674084
-0.628733247343677	0.151688343674084
-3.45967591146264	1.22746502283364
-0.628599509856641	0.151612619227975
0.126759249009505	0.114658705333261
-1.0465244135449	0.412299764954399
-0.164744037178764	0.059028259963585
0.16045117802105	0.0401558290866076
-0.354815349846941	0.101888689175609
-0.332498100411613	0.153701798268277
0.425627365203623	0.167916299468516
0.140131568938287	0.0672610114285674
1.23268529805582	1.03859939232809
-0.258842687878428	0.130906892371963
2.1031177894695	0.925795147014246
0.374033731308239	0.16601974607059
0.424935770305415	0.167621556044747
0.654121684946124	0.205433467520013
0.515848504972472	0.181937471471781
0.801705526679166	0.329494691176548
0.42440029925669	0.167434139239713
0.441431420686057	0.318504477615854
0.697131165660236	0.456691539390516
-0.507104675607809	0.384413285905727
0.855573807610045	0.631897426441575
0.344131441332208	0.171748814080647
-0.325777269541973	0.150210725398921
0.67255389099498	0.309487891494371
0.128217426027829	0.0426676360228733
0.658741078701816	0.207014004441108
0.42682030423095	0.168391760294474
0.140023273435885	0.041219830052157
1.43543367163554	0.878110880318956
1.95731570776637	0.441000340195791
-0.168760743646406	0.0604728682433177
0.424054549100668	0.167331926668015
1.07197336037413	0.651326598868294
0.445294745733121	0.321631044883645
0.379984439988887	0.168800324229436
0.143010764582895	0.0686818565623084
0.309618318957566	0.200653008032766
0.144389940892798	0.0424393237157952
0.0172893922114915	0.00941064854355427
1.60265930765279	1.10746514400358
0.879823295650508	0.465619204635478
-2.12704192839378	1.63312034663517
-1.49029074156065	1.04335142817561
-0.230110767249048	0.150501075376378
-0.693764515544021	0.554971522600515
-0.32895732121558	0.151950832991846
0.155307723167234	0.0825385391180422
-0.0753188093843308	0.0331712184809263
-0.786851278108693	0.341002012219478
-1.05430405111402	0.853145894063828
-0.419700963977491	0.175008681759222
-0.583599310073484	0.428784453397315
0.533112642065699	0.307535086851618
0.801571141201532	0.329656916274671
2.02165447779549	1.91277827548266
1.06882754924146	1.25230795954643
0.313727382805368	0.189728534940538
-0.143676706878864	0.0816914354978338
-0.292674132104189	0.214303327348521
-0.608304180344322	0.499454484451324
0.891450825961069	0.913179179367473
0.312693308182741	0.202966444156176
0.14686710499877	0.0778212151040773
0.137251840843073	0.0659576204403592
0.148519613497664	0.0787521358144454
-0.326080905120294	0.150357677981339
-1.18558743954395	0.661782892081725
0.604523166546257	0.457795987603339
0.515848504972472	0.181937471471781
0.144389940892798	0.0424393237157952
0.15547989361324	0.039031965106125
0.653826927429073	0.205337088996143
1.95731570776637	0.441000340195791
-1.79840965860499	0.382877827643389
1.95786695174359	0.441149378722158
0.660932155782147	0.207694635746326
1.95731570776637	0.441000340195791
-3.08229418357021	0.947231644170671
3.92516768334333	1.70097969958265
-0.354815349846941	0.101888689175609
-0.243005367486847	0.0781807445892085
-3.46299441124492	1.22953362528533
3.26508709738097	1.10261522135605
2.75641316563256	0.763778311858285
1.44839669376933	0.477459847846965
0.947635845528227	0.248244973505163
-0.626075023442282	0.151167646950723
3.26345542626113	1.10199860979414
-3.76836313181621	1.48595887993412
-1.1447666380351	0.34569313996721
2.75580772001712	0.763760469153332
0.767475223181346	1.0371690654302
-2.30795266111393	1.15397688642035
1.01868988091969	0.379571940690884
-1.14171114622793	0.344693702322242
-1.83496954182052	0.74201254055013
0.15547989361324	0.039031965106125
0.376286778136865	0.166956339676594
0.32768486549834	0.181645102440163
0.66930424577174	0.30749416119693
2.10676382076724	1.44296952716165
0.802840016253824	0.330197869326294
0.584264578856795	0.301155138737163
0.425167304475746	0.167813808376943
0.673406299089429	0.309995735525838
-0.0770803776008018	0.0339483990760569
-0.0146248972294773	0.00733921372834747
0.996251800768744	0.820075756124417
1.04746072672504	0.497700711342051
-0.621364549348226	0.297314514339653
0.145739797715845	0.0772582828577757
-0.411927679691464	0.171559111174735
-1.79839614394125	0.382877807711208
-1.13872731243543	0.343741383764358
0.660932155782147	0.207694635746326
0.995021416836544	0.818357262840572
0.510967914253512	0.180245566763838
0.127651677266186	0.0424864772644231
-0.415249347551518	0.173159047472333
0.592217345746987	0.30641250984263
0.307160206391333	0.19888982063742
-0.120490621868934	0.0479276905170135
0.319205076256371	0.193639884819278
-0.123306934697032	0.0490427998551211
0.495907160445438	0.313558152843
-1.69077305617802	0.95111299336607
-0.0399461772795452	0.0190876171580813
0.774784803839899	0.460245905655184
0.135930401959736	0.045112999214881
0.698825024263069	0.457503128611635
0.445676335035438	0.322301444201336
-0.935064366066575	0.690311813355559
-0.908282153827918	0.762800651758056
1.23451073030102	0.848734191557167
-0.795606633008726	0.614461733357639
-0.999500154963618	0.493213675971716
0.988055168185439	0.809200491777781
-0.274681125981657	0.173259839804779
1.25855804670196	0.682196105488769
0.64791368451156	0.461848819015278
0.588104525479538	0.303776671058552
0.374092127736531	0.166034201456291
0.851007132014121	0.62705359824773
0.169218883398466	0.104312284726247
0.06129301618087	0.0397289753752722
0.144873637175306	0.0766717132717728
0.343900085635155	0.171673944402456
0.883846853632687	0.468705553411493
-0.0812220144560991	0.0498143586389576
0.130221292046546	0.0555517354093256
-1.93816601366667	1.91634169342753
0.146496940633165	0.0775943470348305
0.825010618278338	0.974179665324733
0.297532455055881	0.204051710427818
-0.348450016539941	0.282137050532678
0.304108751978217	0.209448552892903
0.309886466996542	0.200851678767258
0.670831219986141	0.308462665871979
-0.665121281758677	0.397264478625031
0.510399267871221	0.17998283956174
0.12408118042017	0.0468326163672866
0.659616568882323	0.207151031447049
0.950426851449918	0.249037516760643
0.659324643575319	0.207123110468657
0.658157600688591	0.206837664845118
0.154465593370314	0.0289479903375428
0.159859477622278	0.0400192334307773
1.55598981029304	0.755831923074866
1.81574571371452	0.703837629137609
0.160813493636874	0.0402291855562724
-0.355394630173918	0.102015543768339
-1.14499995487719	0.345855392571373
-3.45945095257726	1.22747869975084
0.658741078701816	0.207014004441108
1.45054889854294	0.478121061898946
0.154509067766894	0.0289541162362231
-1.1414839653338	0.344622990730584
-0.539786580283239	0.202891755226766
0.154465593370314	0.0289479903375428
0.434092479880757	0.437266181922713
3.26284822825054	1.10169382604423
0.506636186737087	0.178613076266429
0.160583229502904	0.0401661733691417
-0.622653449347595	0.297861555325807
-0.538518495752287	0.202252156786087
0.159859477622278	0.0400192334307773
0.519560248209408	0.451492913342549
-1.1839605359013	0.661105345949097
1.07024711860289	0.650442838337407
0.654408135649179	0.205512311863459
0.377727671382528	0.167676466473203
0.130323873520588	0.0491059528446299
-0.507302479753185	0.384771250308285
0.0537467537803887	0.0331302709214023
-0.23546039855951	0.154241649215072
0.142065990473004	0.0682098556042445
-0.63132601946024	0.303048347852369
-0.803838654300013	0.43907250102022
0.139097983949456	0.0409512881184992
-0.628867026021838	0.151670609188118
1.81235300959058	0.702242876396542
-0.359141638818634	0.103112871302961
0.882675790549136	0.467743019683631
4.55023653930744	2.49222582068923
0.131541520016344	0.0437194079588842
0.375378606672316	0.166595628562625
0.577515914175392	0.462701490827792
0.31426204104514	0.189884926873104
-1.85602290659943	1.16286978213615
0.651156595158927	0.464506313212428
0.160161145484647	0.0921241916884295
1.38873070425816	1.07382394494223
-1.00037438735711	0.493892565592627
0.613398409226771	0.466176542294535
-0.253944500062918	0.128210289453501
-0.395864940452563	0.31520725089082
0.794408520253311	0.755080730087817
1.33630081057542	1.41225279916603
-0.418494190903507	0.174652651803506
0.498108548939299	0.448139309742713
0.704649685766303	0.462734131737653
0.0180972906770296	0.00984262920983358
1.15013854049592	1.31269234825964
0.696562649425309	0.456032313197021
1.45054889854294	0.478121061898946
0.339758566383255	0.169487309376746
-1.73268444460832	1.46554837335588
0.312413774040769	0.202897327441772
0.672153705177007	0.699739190678316
0.841497618245811	0.765797506556815
1.15133473352753	1.43297279240316
-1.011417551564	0.917288551012595
-0.398939138660557	0.277346859335367
0.174316387261885	0.113727717644331
0.643663999714843	0.457801346515241
1.0871308590685	0.821574608969225
-0.299481912621321	0.220142768285366
-0.34181407282346	0.207502948965256
-0.277764497739334	0.175365191520457
0.0651790282553913	0.0422754344907631
-0.0402088230003692	0.0260556224639121
0.0678044735490889	0.0440254157256539
0.521656480406148	0.453605947429219
1.0192751562055	0.379836783778508
1.11036579996519	0.996338755086384
0.939312558246976	0.634158630495381
1.81294103662311	0.70256079058948
1.43909769829356	0.883276752201089
-1.29445710557565	0.57719309643802
1.81235300959058	0.702242876396542
0.162357836679133	0.0405597098553547
2.75641316563256	0.763778311858285
1.44899109330448	0.477667123734845
0.157370411029726	0.0293708256249034
-0.355979365614545	0.102141358762928
0.160583229502904	0.0401661733691417
0.50776496866365	0.179019570667438
1.0238833519431	0.381787644807647
-3.45945095257726	1.22747869975084
0.155111385030128	0.0290417527313876
-0.352036490485324	0.101122204058746
-2.09340157284605	0.946438560833984
2.75641316563256	0.763778311858285
1.02592340208434	0.382810966482796
-3.08556356757563	0.949512459473102
0.658157600688591	0.206837664845118
-3.76137421922742	1.48226291907169
-1.29825184667106	0.579597355540298
-0.091159521764342	0.0921046417673883
-0.240976410898063	0.0775300306973211
0.506636186737087	0.178613076266429
0.514780733836532	0.181589698987139
-0.632424041671007	0.152580102364835
-1.14171114622793	0.344693702322242
-0.415249347551518	0.173159047472333
-0.409531262265257	0.233462930511409
0.127740324846529	0.0481396538224244
0.150054494563213	0.0795255398939069
0.588104525479538	0.303776671058552
0.768443867258563	0.455397704673924
0.424935770305415	0.167621556044747
0.801922158295548	0.329828855715043
-0.0153124873800302	0.00768041868229074
0.53095596869846	0.306170033760143
1.22791772127484	1.03156511019399
-0.932270026821614	0.686785298055559
-0.555345927536313	0.355270419493861
1.11708703795397	1.00577181465287
1.54885026895287	0.751200888851459
-1.14088544605048	0.344426431780091
0.140609521820489	0.0413743325045252
1.02536243762998	0.382135939817951
3.92936359942063	1.70302424744953
1.02422162940792	0.382079227006262
-3.45922605387697	1.22727228815634
-1.05028745982723	0.413857331598975
0.132951093876262	0.0441757525557606
0.160963197128343	0.092676592917346
0.0934896689293992	0.0663947953809629
0.147781191674287	0.0783946535134381
0.137906679784804	0.0662333832072442
0.494605956019864	0.312344951485403
0.955942496930289	0.946136088388941
-2.30065661297022	1.14788322958659
-0.0840223443053125	0.0369275022927814
-0.00856889855471581	0.00434155176196002
0.163731453888076	0.100624846675936
-0.335897712337637	0.239724987311513
-0.618509970692929	0.295710722388579
1.44810235343076	0.890495374114696
0.301511061152489	0.207421939993804
-0.335515425186652	0.155180839333608
0.17019743856701	0.110935649906078
0.0243012946423997	0.0131416133626279
0.293045263879599	0.211594105022589
0.143368676391493	0.0688682170934253
0.297625245779242	0.215406945542265
0.155798604936806	0.0895132046190377
0.667575068911108	0.306882048611956
1.11075036374775	0.996880703685115
0.129908031443836	0.0554113226585179
-0.342961888112168	0.245713793845465
0.312702586551914	0.202943445222417
0.164133289372483	0.0945562835274847
0.16215776498603	0.0934447941048074
0.474104469661977	0.323679908317442
0.0655330395786131	0.0424899693852312
-1.49461779851968	1.04866872117589
0.310015823651594	0.200948430539224
1.22936793639361	1.20083799258327
-0.324097777063102	0.14944854000421
0.851691723273856	0.628333746050636
0.412561968286867	0.328268182622659
0.314814995492734	0.190236866644301
0.15607014573492	0.0896744951713405
-0.394530165790954	0.273787730202503
0.16652393431622	0.102499942088127
0.587176291944614	0.303137191834926
1.1197796812839	1.00887326786222
2.33785384704991	1.14562321252435
0.162357836679133	0.0405597098553547
0.948337549654709	0.248516516252871
1.06665364070516	0.64636115031953
2.75520320904554	0.763197913000704
0.94820175004088	0.248479682375772
-1.79840965860499	0.382877827643389
-2.57669595250488	0.657559862268914
-1.04278630064219	0.410314973185565
1.95731570776637	0.441000340195791
3.26224218729945	1.1009233569627
1.95731570776637	0.441000340195791
0.157370411029726	0.0293708256249034
2.75641316563256	0.763778311858285
0.155067569950451	0.0290355764553768
-2.5766529574574	0.657773148602288
3.26284822825054	1.10169382604423
-0.35569023027487	0.10209347470967
0.366057257749154	0.33432640344481
3.26569824690609	1.10327543173781
-2.08553743334962	0.941412888325459
-0.355394630173918	0.102015543768339
0.139684630056245	0.0411185419267414
1.24949335708199	0.67545807251354
0.128002629615466	0.0425983067073654
2.24891446298174	1.71501163902743
1.59672307485482	1.10114366183406
-0.118870679253281	0.0473038498999803
0.911919665033337	0.79288563068679
0.134357593366572	0.0644555511050823
0.584277193226462	0.3011241317862
0.53205983686699	0.306548774261417
0.589161551646797	0.304771723465165
0.943817315722542	0.638209290930226
-0.171762117804328	0.0615057733921786
0.93552639914855	0.630035824241471
0.0185205511076691	0.0100454981851715
0.587489890613321	0.303329813943562
3.63331351050508	1.42008896661082
1.44862736407577	0.477555630338169
2.3410042779854	1.14815153258672
1.31275235192293	0.563405500186811
0.519315414653597	0.183130763147606
0.802489056255948	0.330144551890374
0.0802517634496806	0.0566511908825391
-0.0411941733559861	0.0196703822720247
-0.00876255695675907	0.00445799719146925
-0.0728718762802238	0.0321136593771584
1.07075230082482	0.650311109491724
0.427726139064257	0.168841338822495
-0.171546284974738	0.0614263022767799
0.133494205957342	0.0502794825774846
0.342599673171557	0.170893303342559
0.0127074655777911	0.00699300070203293
0.30784774139628	0.199483211909894
0.161775522692268	0.0931985275997378
-0.803838654300013	0.43907250102022
0.0473065941827755	0.0291841084237686
0.34116346472115	0.170309494482757
-0.345685242556629	0.247899457569652
-0.392816874536664	0.312206849272788
-0.0393186523421153	0.0187919318337995
1.64879166552742	1.55061351932331
0.909231486630998	0.789710189951804
0.99978776174814	1.19766850662799
-0.329458323063792	0.152151823606521
-0.803518371681311	0.535611421190181
1.23082188150032	0.844432406333074
-0.441416951144391	0.342999350639786
0.189376725005485	0.13643399037243
0.168766950113648	0.103877982334601
-0.00862279771749579	0.00439162405068946
-0.338866580384428	0.205626013304932
0.425576073927479	0.323558606850591
0.134062974599289	0.0643095601542711
-0.343404904824438	0.245938162896593
-0.659973349294945	0.693566188668522
0.305019072618336	0.197286921543764
0.722636850965281	0.600805504142766
0.325283629255834	0.179987013667165
-0.416083122054914	0.237588575441009
1.02499638904051	0.382165912389253
-0.234187068597326	0.0753450872420761
0.508611512899089	0.179247425596536
2.10080345028195	0.924400736993524
0.944504519928106	0.247598335656165
3.92936359942063	1.70302424744953
1.81633531763119	0.703887329894944
1.44780311038183	0.477066495630919
0.947770742439721	0.248281535275256
0.159992352718576	0.0400538861334557
-1.79840965860499	0.382877827643389
3.63565166019344	1.42132833477826
2.75520320904554	0.763197913000704
-1.14171114622793	0.344693702322242
-0.275520680067559	0.273464297316499
-0.541404043902354	0.20353687445987
0.155111385030128	0.0290417527313876
-1.79840965860499	0.382877827643389
-0.355401168227563	0.102014834884787
-0.110127007792106	0.0438525374687531
0.514431860453614	0.181517099423547
0.324453384423115	0.179890698161676
-2.25539023575027	1.90717600698533
0.156914610083934	0.0900989460156033
1.11571190953495	1.00302093442475
0.0395443040842443	0.0230284933752346
1.6019307940856	1.10637284480464
2.24695306747772	1.71131941972538
0.58549722668145	0.301985138113919
0.318839388737677	0.176212258959281
0.940596822297131	0.635040639902186
1.44862736407577	0.477555630338169
0.156661115950913	0.0392800358899383
0.66698042724415	0.306554705615375
1.45078261646269	0.478218161496633
-2.30383287964351	1.15080880271623
0.427940197825985	0.168935073750412
1.02769873798637	0.974015508564614
0.441298239124075	0.318293159864536
0.752514223698837	0.836569707132214
0.849260881974389	0.624995949276597
0.0390214884560354	0.0227259455069845
-1.15378908962283	1.00741107972789
2.10252540036319	0.925396731648863
-1.61356220306244	1.24704345601926
1.22560491650139	1.02850451136723
-0.630681817839386	0.302659816987444
-0.683569043868567	0.483711696984625
-0.203698306211359	0.110454284854736
1.24033923552256	1.37066358480816
0.310820000298628	0.201544631879763
0.461784387553471	0.313683415057594
-0.00781636392615781	0.00401277848807121
-0.682746829167343	0.482937254859501
1.35575539560019	1.25600822871688
0.302546558453143	0.208258342270807
0.466918286481295	0.317479049609332
0.589948053655848	0.304950885418658
0.496209012522837	0.314078867857191
-0.401637296738987	0.279604307521459
0.704347118030671	0.712238660401869
0.496323406721658	0.314206203658606
-0.20272599586159	0.109912989363354
0.134062974599289	0.0643095601542711
0.299413318493127	0.205749376333101
0.0293874561027772	0.0220278453054304
0.781347977221074	0.616709733440093
0.838409184813438	0.885398645623694
-0.38653020205144	0.340453521545913
0.8926921204994	0.914365386592853
1.33832410256077	1.41443694332185
-0.232495863039343	0.15208402683172
-0.0731313260581276	0.054480828500908
-0.704452328574589	0.623565700946157
-0.687161115209028	0.48719975094409
0.127651677266186	0.0424864772644231
0.388912908267029	0.320031005477851
-0.805155755064292	0.537093208055149
-0.0212036051408821	0.0140489793526488
0.739003511247256	0.723222726275184
0.277075691966702	0.216817360531129
-0.0550787239247515	0.0347650818236366
0.85587885829022	0.632042791540925
2.38868487519211	2.01884993019994
0.50720087150347	0.178829201945322
1.02422162940792	0.382079227006262
0.948337549654709	0.248516516252871
1.95731570776637	0.441000340195791
-0.628733247343677	0.151688343674084
0.154465593370314	0.0289479903375428
0.948337549654709	0.248516516252871
3.63460034321621	1.42001047409594
1.31253456967921	0.563091330038175
-0.895461429499656	1.32960089084981
1.04378432587275	0.495692924097087
-1.79839614394125	0.382877807711208
-0.35262379016767	0.101278913820777
2.3410042779854	1.14815153258672
1.03656718976396	0.491100325692511
0.772738250931096	0.459129102120572
1.3150863687139	0.564688556451063
0.31398549200347	0.189689911996844
0.701508638697054	0.460053239462163
1.25881210567717	0.68250341264782
2.01682188554179	1.90454547751736
-0.07500874924485	0.0330421732017199
0.32084807554438	0.194717831054219
0.675381903961414	0.311010897261863
-1.14171114622793	0.344693702322242
-1.79839614394125	0.382877807711208
-0.236642536873473	0.0761450888689269
0.140023273435885	0.041219830052157
1.31054152970832	0.562024590641149
0.798887367854718	0.328506973468232
-0.25835153952019	0.130703532049791
-0.328525364216338	0.151687729244989
-1.04795449448478	0.412837081934186
0.173465759237074	0.118757564962736
0.174316387261885	0.113727717644331
-0.0888448853029127	0.0650366504088146
-0.278588204116478	0.176023469787402
0.321299385701791	0.177954253824376
-0.807093796072415	0.538975995390956
-0.195721049629009	0.105872478640326
0.772435529954645	0.45886190465042
-0.165306041400927	0.0592208118770727
0.15156229338456	0.0805049132005433
0.144748717891065	0.0696084111279944
-0.236974118009934	0.155371269724565
-0.392225962558667	0.311426307495403
1.33990661439487	1.41695440106049
0.439778396505233	0.317060761140459
1.24169541649607	1.37280712932929
0.547732220397166	0.458479502856994
0.937717653360221	0.63198880434338
0.644873979198458	0.458357780491597
0.174395621783502	0.129655877168804
0.144021900586588	0.0762838481280901
0.49225961723794	0.441614521142122
1.57970988210129	1.71184440487923
0.133759541419869	0.0570900875763627
-0.121137147104356	0.0481642409499079
-0.00958219069531807	0.00486495432588564
0.0187694357763024	0.010199812870107
0.0189211052860078	0.0102591626558572
0.312084911859128	0.188521801922663
1.33770055002711	1.41342390744798
0.41453307056638	0.330173505127121
-1.04623116681048	0.84301001554873
-0.112547290926556	0.0667458914867481
-1.16093026338913	1.01658410912314
-0.160535933813164	0.110754088682957
0.314873834230018	0.190663584349118
-0.149219117510848	0.0849823969240915
1.76901066698012	1.81817025933711
-0.129961110137898	0.105464399800568
-0.233907597079643	0.153167106765801
-0.601144007211119	0.49205698544442
1.13216751067066	1.16014828436115
1.0643336029206	0.645724654295004
-0.905595812107536	0.759427362447781
0.529877017865922	0.305507036265907
0.572419136543113	0.457445188168872
-0.165088554277847	0.0591488725692337
0.945072510336007	0.247668267417156
1.44922258720914	0.477763268309402
2.75807933893485	0.764710363024488
0.950426851449918	0.249037516760643
1.02422162940792	0.382079227006262
0.950998501270056	0.249196467275389
2.75580772001712	0.763760469153332
1.31275235192293	0.563405500186811
1.95731570776637	0.441000340195791
0.948337549654709	0.248516516252871
0.948768757521975	0.248549269795159
1.44780311038183	0.477066495630919
1.95786695174359	0.441149378722158
-3.08542618523242	0.949198094742557
0.948337549654709	0.248516516252871
3.63331351050508	1.42008896661082
-0.442794719895072	0.515748134644019
-0.737489374761453	0.251678150254292
1.02422162940792	0.382079227006262
1.04378432587275	0.495692924097087
-0.628164901903538	0.15157555358925
1.60041464683229	1.1041030411846
0.804111929357648	0.330904005718623
0.138268969280216	0.0664163020380255
0.300300415598225	0.206348584595466
-0.798494937260752	0.434860300790246
0.532107729070113	0.306791298422526
1.04536760236631	0.496267966555643
-0.628733247343677	0.151688343674084
1.95786695174359	0.441149378722158
-1.29802782774478	0.579253782835915
2.72319941107893	1.63365829742686
-0.540010421209968	0.202885751343567
0.803055311396109	0.330423388744012
0.940596822297131	0.635040639902186
-0.00700527855891465	0.00361081836285269
-0.274419766638636	0.228979072599748
-0.0789317398021031	0.0483729683968813
0.637847185359973	0.576346544737912
0.310258136677614	0.201241336030862
1.38556682660879	1.07090237484709
0.773040914983807	0.459320075051993
0.313584446612108	0.18939011445227
-0.255663740816163	0.129111206831576
-1.29445710557565	0.57719309643802
-0.411495720787086	0.234914394104825
-0.333528850549703	0.154227046065579
0.792809991013134	0.860315303578566
-0.00852080419498321	0.00435794692087501
0.0124399489620388	0.00685180515922795
0.317810930252378	0.192450194551194
-1.34796229008534	0.846753250447306
-0.5112770066613	0.388701247260471
1.04471696884857	1.10845020109135
-0.684758488811486	0.484950570914928
0.311709585082024	0.188378334396249
0.154253719157371	0.0886737076231558
0.67597348422149	0.311372575495527
0.509451455993578	0.439944557332562
-1.44016677677031	1.76746021483192
-0.627339306588371	0.565336816923045
0.0171585608562907	0.00934306495529455
0.64625870692558	0.459848095424739
0.666645207013981	0.306285022366829
0.84607844541767	0.622337220775766
0.431594217300471	0.329105220069456
1.09007013306126	0.82439054533379
-0.689253113396695	0.55012786914573
-0.292751213508454	0.214447703001578
-0.199903723449664	0.10833542853593
0.980394300404585	1.07535555913932
0.326100193877122	0.180834109115001
0.408023977527979	0.323980899501931
-0.130607491914958	0.0919828240205899
-1.16025911139939	1.01592182152704
1.35325457006523	1.25010524837979
0.410972722032951	0.326678847218114
0.00311003505940384	0.00222555604887661
-0.153694047106493	0.0876627044328045
1.07570324702961	1.36516592229629
0.1808401707608	0.129757515579953
-0.510428885076469	0.474004499396761
0.0114998141799975	0.0063540415507565
0.374077768613044	0.165818583952208
0.533114335283904	0.307837948240463
0.510399267871221	0.17998283956174
3.26284822825054	1.10169382604423
0.155111385030128	0.0290417527313876
3.6326714041979	1.41965046916025
1.95786695174359	0.441149378722158
1.0239728358881	0.381885834911352
3.63331351050508	1.42008896661082
1.45078261646269	0.478218161496633
1.45138090115721	0.478568850670936
0.154509067766894	0.0289541162362231
-0.628299579656606	0.151558046801791
-1.79839614394125	0.382877807711208
0.657866689740957	0.206670742493303
0.321871258613476	0.330892884814946
1.81604086904786	0.704001590638153
-0.741510950758259	0.253188727186893
1.44839669376933	0.477459847846965
2.3410042779854	1.14815153258672
1.31416993955936	0.56393406368061
0.155111385030128	0.0290417527313876
0.50720087150347	0.178829201945322
1.31275235192293	0.563405500186811
0.530171638186105	0.305672901743342
1.08393060556961	0.818271305825476
0.0419013234274987	0.0243937973674675
-0.0362911769118912	0.0173856327525548
-0.195754636901918	0.105937990675773
-1.11142031340171	0.766851467688825
0.699496220971152	0.458034872398594
0.94820175004088	0.248479682375772
1.0239728358881	0.381885834911352
0.154465593370314	0.0289479903375428
1.30997768027886	0.561552899420126
1.02846670438308	0.383574973231276
0.660640141500972	0.207490447031014
0.801786885039242	0.329686341918844
-0.114853970799127	0.0457131921372416
0.308115764478742	0.19967495610549
0.682652934089476	0.595822824799993
0.172669715103826	0.123325229815442
1.68422077310226	1.96115306250677
1.23511921840479	1.5009233914469
1.0444623770314	0.495719164594595
0.347056763003309	0.17347912848182
1.02304894811125	0.381607715308403
1.38209205514072	1.06649929977891
1.0687876575337	0.648549904107086
0.490859023805613	0.309784886715305
-0.0774310000255217	0.0341007322353275
-0.46538538437958	0.311681439468852
0.374609166640495	0.166082906956976
-0.0389252899672265	0.0186061304149046
0.175307684989512	0.12015759058296
0.16785333119769	0.103296500009566
0.651738182027162	0.465449482712653
-0.666070360383019	0.39790180438392
1.34007503079867	1.41746679420039
1.04592550905106	0.496555772385996
-0.0442415326044782	0.0210896138943911
0.46593794920081	0.317003161538319
0.492399848882442	0.310645360010799
0.146777419788588	0.0777535036482079
0.1174151448185	0.0443527640120086
0.160297775489707	0.0922701634877706
-0.0849356786218489	0.052128754355575
0.32802908032586	0.182011519685269
0.701168638863595	0.460287648986315
-0.110843265548133	0.0657069403654963
0.945112418837619	0.639437016114587
-0.397909690097369	0.276477723553161
-1.35055054265668	1.12374073019002
-1.15394401128714	1.00724516553518
0.328315434998497	0.182163115714354
0.123890289984819	0.0467338918733295
2.10650964584762	1.44342099112474
0.494724417487697	0.312437067065144
-1.15928661192152	1.01428786936449
0.171650847165508	0.122553697061532
-0.793377309710353	0.686037495252942
-1.00989357042327	0.915351254663113
0.548417312394793	0.459425714129806
-1.11163697787206	0.766673406108036
0.310551986683936	0.201357766148082
0.131463990676715	0.0437015090033304
1.60236455987695	1.10754320687839
1.59991435304371	1.1055376961343
0.514431860453614	0.181517099423547
0.510839396613925	0.180141996770445
0.948905461162112	0.248586345985544
2.75807933893485	0.764710363024488
-2.57669595250488	0.657559862268914
2.75641316563256	0.763778311858285
0.944504519928106	0.247598335656165
1.95731570776637	0.441000340195791
0.94820175004088	0.248479682375772
0.161043695584893	0.0402684742968713
0.154311934860129	0.0289593414864238
0.657866689740957	0.206670742493303
0.15144823932183	0.0285426379557898
2.75580772001712	0.763760469153332
1.04515557784367	0.495950978123491
1.31331884073887	0.56363424296824
0.155111385030128	0.0290417527313876
-0.321191762278605	0.14802047623676
0.149462691489562	0.0437488783912187
-0.0769191689128509	0.0338521771220351
0.134946671603529	0.0647318837638804
1.60585728227919	1.11171319621848
-0.338511057890613	0.205335228120549
0.700678292457613	0.4597777811418
-1.83721665925772	1.68419800616016
1.09212592665336	0.827477739546866
-1.35266125099995	1.12507815723512
-0.354815349846941	0.101888689175609
0.155713854733082	0.0390835596706886
0.132164012775708	0.0439252834614193
-1.14088544605048	0.344426431780091
0.376875238635301	0.16727169805512
0.88293706934252	0.468068574240379
-1.86154734207553	1.16981199178563
0.948337549654709	0.248516516252871
1.45355066214954	0.47909620382923
0.606555860608117	0.459440538888301
-0.464659498566329	0.437229414506748
0.468531910959342	0.319000574881947
0.287972260112663	0.217361116305725
0.782636019899966	0.618259580086998
-0.0395567356342196	0.0189089513698941
-0.255287054801093	0.129052018396819
1.11669787687425	1.00550786509644
-0.0102155124438382	0.00515610340661931
-0.275760495984186	0.174009315801987
0.166259103868364	0.102325972705257
-0.154096481055466	0.0879076217770826
1.14751881570399	1.30828873207277
-0.197747968129426	0.106979886651445
0.146139603333772	0.0774914174974864
-0.0582478473807272	0.0367698518435372
-0.0415805881681044	0.0198524123782302
0.543895106081966	0.454488518081827
-0.00658551902650682	0.0034076818793468
-0.798854394540991	0.617174051636063
0.847985022104663	0.77393085522307
-0.663689708519548	0.39633583619867
-1.00395217666584	0.496433034650267
0.306274952201462	0.211110097426009
0.307993599444731	0.199376445475586
0.460520587158434	0.312562235787459
-0.694678104227703	0.556284976536847
0.872670948019192	1.00891978656301
-0.563108568016048	0.515130505216123
-0.444032706650446	0.345377578704501
0.177847590793988	0.132489192940872
-0.436128516837623	0.379792925625618
-0.443776558050555	0.345136169780791
1.5507001335775	0.752512547286498
-0.392837719280609	0.27248645223004
0.0463060812700166	0.026942492762133
1.13425833007727	1.1636156706966
0.414319739692668	0.330049227456966
0.773783943744302	0.459936660350152
-0.390760461343425	0.310287020619516
-0.256972025540661	0.12980659006953
-0.504647513650536	0.38216248819333
-0.504344361633648	0.266187551953157
-0.413975670662135	0.236265904985975
0.984104956217464	0.805034143015797
1.44981862951738	0.477799018830262
0.144976980831471	0.0425943260188831
-0.236319399670092	0.0760645410533321
0.425281606664403	0.167780963846818
1.02304894811125	0.381607715308403
0.160813493636874	0.0402291855562724
0.155111385030128	0.0290417527313876
-0.735122504035354	0.250746836229491
-1.1412568453231	0.344431220445032
0.154509067766894	0.0289541162362231
0.659324643575319	0.207123110468657
0.15963091503218	0.0399802605532864
0.511187733730715	0.180331422147582
0.950858461556905	0.2491584305819
1.02533495299364	0.382457756692076
0.492892796567858	0.44234794791845
1.97988963871991	2.34641788112534
0.666049945860015	0.305932560612635
1.76059814163611	0.964315864553363
0.295315672686242	0.213469688869257
0.531544446999403	0.306720966618423
0.173538118315069	0.113179050000697
0.443355252888221	0.320125575671883
-0.691756166748964	0.553111166542693
0.325143404070926	0.180105353296586
-1.1006046518605	1.06632841284581
-0.69137156162192	0.552170711751537
0.371888890423992	0.164840854502777
-1.14536534536015	0.34589005605433
0.155067569950451	0.0290355764553768
-1.04021595924619	0.409215240728406
0.588417878030214	0.303931742994203
0.421057115552697	0.166017922839267
0.586247564856288	0.302400358110633
0.705607396603418	0.463668101380708
-0.257266573078543	0.129961049550116
-1.13895833229548	0.343813220888229
-2.49153887696394	1.3794831051551
1.44725524543057	0.476951096350534
0.644873979198458	0.458357780491597
1.32064211857838	1.54977147275369
-0.0349822084538294	0.0226724363775864
0.351157841089394	0.328607981044833
0.499382554648981	0.316555968596943
0.798887367854718	0.328506973468232
-1.18428170644037	0.661290645702344
-0.80312095716938	0.535228755266655
-1.84101619905934	1.68909366056303
-0.395759366467445	0.274644983139686
0.775088038303228	0.460413315572399
0.0335901309917151	0.0195947353957291
0.0367812574786775	0.0214172405068121
-0.583604881383499	0.428337702027283
0.848428604664537	0.775218598261457
-0.00793786097168686	0.00405331525618983
-0.322854497726682	0.148847586385378
-0.199780940024209	0.108262444320879
0.315286736513046	0.190977581718559
-0.907345187803633	0.761668733546554
0.999805936023657	1.19761483668162
-0.0126064160058834	0.0063186822886591
0.0456571405154926	0.0265619373373259
0.307597307746424	0.199077467015896
1.04343768989806	0.495346760546714
0.426567860460209	0.324625392062029
0.158415941279772	0.0910248813324559
1.22875350088962	0.843929257294207
0.696434539708199	0.455250197017884
0.442490654445191	0.319117265582069
-1.21574022256354	1.43482065151211
-0.537293953095242	0.450800996964926
-0.272783532120061	0.171818110046912
-0.152732031432812	0.0870911168192109
-0.514696895783089	0.479318907328815
-0.93243578794342	0.687730284090494
-0.611050376429387	0.502731983842189
0.328787557646397	0.321850777789355
-0.396843318470585	0.275536752980137
0.447022508611837	0.32343473461706
-1.26970952068774	1.39152340937972
-0.194746539249437	0.151258229086363
-0.0531496587309191	0.0335293798538975
0.365608093413771	0.322153711040458
-0.542682107954062	0.204015443104983
0.0341675879030929	0.019945842005744
0.943522404050834	0.637937012356926
0.883198277759912	0.468265493265458
0.155067569950451	0.0290355764553768
-0.633622907819692	0.1529660004018
0.154509067766894	0.0289541162362231
0.474375610962383	0.32389433378783
0.421616261221355	0.166276240508206
2.75807933893485	0.764710363024488
0.431282460267094	0.170334509811247
-1.04290235412753	0.410559570501728
0.658157600688591	0.206837664845118
1.45138090115721	0.478568850670936
1.45174463580423	0.478561109172125
-2.5766529574574	0.657773148602288
2.75807933893485	0.764710363024488
-1.52468217246603	0.541450953371581
0.145180009462501	0.0425673704481714
2.75641316563256	0.763778311858285
0.50952600895777	0.179673416398791
0.660932155782147	0.207694635746326
-2.08415974370804	0.940101868694296
1.81323362267005	0.702723165703649
0.950426851449918	0.249037516760643
1.44958631087756	0.477702557005987
0.658448437247608	0.206865271021461
0.192025974881918	0.173336381439421
-0.223760241217953	0.170770045905965
0.751279596529456	0.835179000538012
0.883261506201147	0.468247227057581
1.02722550397092	0.972932922644479
1.31656791107203	0.5650522711601
3.63629792702422	1.42164529184574
1.071065363066	0.650507801129146
1.86760418969914	2.46013815420339
-0.0104077286273629	0.00526991347671263
0.319318264033034	0.193467691498252
0.0387098616547829	0.0225184080521044
0.170680434010089	0.111131512090948
0.494654182857807	0.44428297121892
1.22547671194289	1.6124259519318
0.585955772000927	0.568102052767253
0.168325646622133	0.109589169044126
-0.335351241326394	0.20319337075891
-0.628030265547787	0.151499678636842
-0.735122504035354	0.250746836229491
-0.323166350368557	0.149010924449565
0.936727338721262	0.631352447003411
0.937421248882821	0.631622880782329
0.491140418067651	0.309984123578025
0.439671965065857	0.316852446318219
-0.666070360383019	0.39790180438392
2.75580772001712	0.763760469153332
1.04690378710311	0.497343192229306
0.667575068911108	0.306882048611956
0.000848453863118071	0.000693767879111116
-0.438424603662762	0.477010328404112
0.124862534871963	0.112783018880264
0.497089050724884	0.314831371552552
-0.33359459337195	0.201868635443812
-1.45851229842395	1.31836395229013
0.30922157270497	0.200333262889526
-0.388732757553935	0.308369660680418
0.34168555496431	0.327840030982565
-0.280215768712558	0.17709725513947
-0.228459956859581	0.149256360219445
-0.344991640283882	0.278861462187653
-1.01060320670025	1.22406281586965
-0.443141776451304	0.344499790698411
0.281527707494135	0.220883008236624
-0.357763520765892	0.372852029421708
0.770955849099035	0.456911836308705
0.0160957069807854	0.00874765218299117
-0.00347710368479327	0.00239282123994473
1.14814130316612	1.42779188580095
-0.607981436737104	0.49950615962221
-0.296566776028489	0.217556684517326
-2.45881102069521	2.42684583698325
-0.472997974628623	0.317918511275858
0.737147353894726	0.617011811618827
-0.293696827105663	0.215211809914425
0.0907665035717499	0.0644139144895893
0.174720623131903	0.107851462807282
0.311073224518338	0.201899176445413
-0.163102512928947	0.112664885559371
-0.389430262538222	0.308811393071708
1.00928649888153	1.21472436190382
-0.537547387302464	0.451097589162087
0.293407093118111	0.222063594469289
-0.806853225210099	0.537773647420436
-0.505359144490973	0.383214310355866
-1.27373945405669	1.39895076398809
-0.231732279000866	0.151542283045217
0.291618781579121	0.210453827317278
0.0109810209639752	0.00802160097060547
0.172275483582785	0.117821122685341
-0.980129801875442	1.24900574815158
-0.163028519809983	0.112582106391488
-2.49085408586187	1.37857017789878
0.0189183753136401	0.0103028743002488
0.682744493194842	0.595338090216214
0.531544446999403	0.306720966618423
0.907627500880166	0.787554503406693
3.26406378444313	1.10187162962723
0.585811213568047	0.302214531395461
0.168003489158718	0.103470877991886
2.75520320904554	0.763197913000704
0.155111385030128	0.0290417527313876
0.130526761133968	0.0556734084382512
0.733289679034092	0.612615838791215
0.321471931534351	0.177804227490855
1.02363521199244	0.381873400117373
0.128075192969757	0.0482635683600574
-0.418432324070287	0.17452805778287
0.948905461162112	0.248586345985544
3.26857074944807	1.10417713664958
-3.08203048704882	0.947509650360219
0.660638687988492	0.207526442563452
0.159992352718576	0.0400538861334557
1.31416993955936	0.56393406368061
0.428285671446016	0.169094775343879
0.132032810243933	0.0438841642048134
0.948905461162112	0.248586345985544
0.155111385030128	0.0290417527313876
0.506286345412427	0.178440504115667
-0.35262379016767	0.101278913820777
-0.628733247343677	0.151688343674084
0.661225548064972	0.20772290984652
1.75167527974036	1.35537700996838
-0.541404043902354	0.20353687445987
0.511315925469962	0.180318053690652
0.131463990676715	0.0437015090033304
0.60099939789208	0.754947457654149
0.689503863504785	0.603689385446876
0.441165727985989	0.318244428883828
0.520429603420805	0.545961369535136
0.308376153054982	0.212791999544843
-0.699603652162126	0.618087693714922
0.67176133967809	0.308969462067512
-0.151894296454179	0.0865911951224821
0.774086371150717	0.460203994216453
-0.171071875093521	0.0612441883153977
0.947770742439721	0.248281535275256
1.44780311038183	0.477066495630919
-0.42397026046274	0.177018463544766
0.65170810320179	0.464972471145541
1.06356320981121	0.644351162868959
0.325320499680322	0.180313807005827
-0.17577753011317	0.0629386368387672
0.939310734951195	0.633493679051634
-0.200864162995092	0.108868880543682
1.23162190931288	1.0370915956331
0.88293706934252	0.468068574240379
0.492229762570699	0.310839148991601
-0.744181789627878	0.254179651745662
1.31565227991103	0.564944763794614
1.76324747872785	0.966834009915525
1.44839669376933	0.477459847846965
-0.934856844371547	0.689722874664404
-0.0797916892333918	0.0351191648752677
-1.34666623661308	1.35337608065788
0.830665900283258	0.873891993583399
1.75892184559066	0.963246001757108
-0.73692534431476	0.251432666327998
0.344369403217172	0.172159029371307
1.0444623770314	0.495719164594595
0.677232189659578	0.312059813333357
0.945481088448673	0.931541316296929
0.173695641588395	0.118813090148654
-0.792445683158854	0.927146393922748
0.267111659003894	0.245840505029255
0.58809258340558	0.303772057806143
0.472017058250817	0.322178469530764
0.144640697621443	0.0425017414545061
-1.01022637200185	0.915186743367618
0.781695123851609	0.616370844645388
0.292562542472471	0.221289296011326
-0.0753188093843308	0.0331712184809263
0.012302635210196	0.00677739435496232
0.749398915589704	0.737139019235126
-1.34954539665432	1.12161953638921
-0.273188194001322	0.172137865538153
-0.076126295516662	0.03353476597524
-0.0432774067583241	0.0206384226640598
-0.623906381122263	0.29857673275019
1.38674814234374	1.88128525430102
-0.258842687878428	0.130906892371963
-0.672887275179897	0.40347609360377
-0.153599490506238	0.105585661635507
0.327495814612727	0.181429209624318
-0.337899016917595	0.204992523037557
-0.387250354738012	0.306857648074427
-0.981159736432564	0.97512324527709
0.144582638623595	0.0765906002423645
0.30175128919417	0.207400959666414
-0.29268104458118	0.214343110580528
0.645909414997152	0.586405761971469
0.568024955299362	0.453191037372527
-0.00741122318247442	0.00381218245248372
0.601834411207285	0.454931682960406
-0.394500802532046	0.273779441005009
1.23511553073603	1.21006341114368
0.165639510398145	0.09547716039492
0.428128287000109	0.325813080138947
-0.288979668761216	0.211238980627789
0.0779229311467826	0.0529642023372854
-0.580904240417135	0.426079399173702
0.685300070785986	0.598968279654157
-0.113946347952628	0.0675969388783471
-1.15966675382689	1.01492341058962
-0.117984276991248	0.0469113915138907
0.671426153581554	0.3087620734569
1.0658882467707	0.645592307143711
-0.325772973836945	0.150225747425239
0.315895353798533	0.191024151790872
0.346409706658078	0.173128687108114
0.728863656177646	0.607373337477099
1.34509326077396	1.42580633460583
0.135013832711232	0.0448286361779132
2.09936716295541	0.923201539626781
-1.04704522158131	0.844846838310623
0.157370411029726	0.0293708256249034
0.512321829500026	0.180674048803135
1.02363521199244	0.381873400117373
3.92389000551089	1.70054361221532
0.146670376003709	0.0430346600388633
0.130070615556567	0.0555691726612021
-0.359141638818634	0.103112871302961
1.02363521199244	0.381873400117373
0.948768757521975	0.248549269795159
0.155067569950451	0.0290355764553768
0.154509067766894	0.0289541162362231
1.45174463580423	0.478561109172125
0.147259813410519	0.0432007445014279
-0.631994988626399	0.152498044571477
-1.52499008340819	0.541418114624462
2.75641316563256	0.763778311858285
0.425167304475746	0.167813808376943
0.152050960400409	0.028630259939513
2.76097686654259	0.765783986906631
0.948768757521975	0.248549269795159
1.01985986214015	0.380041869937102
0.154465593370314	0.0289479903375428
0.159859477622278	0.0400192334307773
1.81174408502965	0.701697875545868
0.361136699267152	0.328958731493876
0.321836657784661	0.178174897008268
0.445559955925124	0.322302358964073
1.0239728358881	0.381885834911352
0.163202106515841	0.100272928456874
-0.106084535429882	0.0627765402681673
0.345117767679071	0.172383594582925
0.127740324846529	0.0481396538224244
1.81264504950119	0.702404900566408
-0.742101285286405	0.253499136601578
1.7574582830118	0.961478606508408
0.129611115232073	0.0552814638410688
-0.414548755730622	0.23667878175087
-0.0772300873434247	0.0339864112578627
-0.0406200833354701	0.0194037010733111
0.167213661885746	0.102978432315669
0.790116881238388	0.856286212753666
-0.192213124114142	0.103866746715805
0.128673280033835	0.0484868522338571
0.0524176966527529	0.0323493994764688
0.132983570702114	0.0638844802408075
0.149372765621257	0.0791391341970792
1.55174017229736	0.752717131207676
2.10139563641952	0.924609016057742
0.660638687988492	0.207526442563452
0.943170247972652	0.637517428378794
-0.501442023091984	0.264425266379078
0.940948924569014	0.635428059829661
0.160221796316651	0.0401166927693931
0.802704240998476	0.33025128123342
0.132032810243933	0.0438841642048134
0.585338177362246	0.302351290065957
0.425836403214395	0.323672920499224
0.0817302653302181	0.0555957594931959
-0.556439027532019	0.594794468578212
0.0829026782348391	0.0564456436532445
0.791731909710287	0.751487171524809
0.283041928800386	0.23112619360629
0.177384061867822	0.127018862470249
0.393399340461851	0.421409619448254
0.886699037290596	0.905385620695921
0.175618886392081	0.114655210480132
1.60156021435988	1.10762523669315
-0.584137816421014	0.428863947522475
0.0874638741402303	0.0619926558781675
0.166259103868364	0.102325972705257
-0.441276057476297	0.342712197154426
-0.00773850893266132	0.00393077453222567
-0.699477407078895	0.617977431707524
0.908440176922035	0.787495099576982
-0.979246848070252	0.972509848431667
-0.195219261584946	0.131570268635378
-0.276544704175302	0.174514316612445
0.94582056100868	0.640668735066525
-0.656336068900025	0.6885529346883
-0.883621497157065	0.818493626866612
-0.581931165591668	0.427223292499439
-1.00106143049741	0.902898444485547
-1.15528632780589	1.00916014680504
-0.503178354672175	0.265729305654055
-0.791301994805631	0.869838120100017
-0.791205193039076	0.683123299462678
-0.415364225682151	0.237574507278343
-0.0238608295378681	0.0158030826908968
-0.43210836220304	0.375750228935824
-0.386906086931432	0.340882343321855
-0.395700044037967	0.314927016683906
0.662806623010282	0.686313617106593
0.892056662804148	0.913499460985688
-0.559246104006346	0.510736287251322
0.170763548530014	0.105293048433157
-1.13656565419038	1.26647685787739
0.362559639972385	0.330378831651636
-0.0204413247910585	0.0135565537319131
0.662019243798245	0.786101726375455
-0.478513918924788	0.408897574210104
-0.444686626810636	0.346125935611567
-0.0552839620916775	0.0348853912103861
0.144716526837951	0.0766155374530758
0.466233118675321	0.316900888141239
-0.479012573886097	0.40944411251727
0.0127074655777911	0.00699300070203293
-0.124815177233036	0.0496216698153824
0.773836833275706	0.459482534768358
1.05079761669	0.499630961962893
0.987656725302876	0.808783722569955
-0.201167293291674	0.13590703365109
0.908563008286975	0.788660027951547
2.10543731746934	0.926718487222265
-0.244977424990099	0.078799048069108
0.125085786448965	0.0471836584371826
0.138596329222035	0.0664869251573853
0.162952579336367	0.0406858836130456
1.23481434948627	0.849127162878025
0.146332921310034	0.0429416898033695
-0.628299579656606	0.151558046801791
-0.743029498323094	0.253754321369633
0.132818306992871	0.0441045823654671
0.16045117802105	0.0401558290866076
-1.52468217246603	0.541450953371581
-1.2941091808211	0.576975974922849
1.0444623770314	0.495719164594595
1.04231661460904	0.494655681927145
-0.542900106811953	0.204176406519794
0.160221796316651	0.0401166927693931
1.4480329582247	0.477161868008032
1.44839669376933	0.477459847846965
2.75520320904554	0.763197913000704
0.374343498860092	0.165966304255998
0.448778354723433	0.324883473698207
-0.27830728950998	0.17583256407942
-0.260743402085362	0.131950531694035
-0.332186318365693	0.153547014020797
-1.52525862148376	0.541687313963439
-0.356367399040958	0.102345848061694
-1.83072704109891	0.739930594937107
-0.628733247343677	0.151688343674084
-0.969688836542503	0.598605784844084
0.58549722668145	0.301985138113919
0.129638112107096	0.0488596145690987
0.942835904808979	0.637061279436519
-1.05194496359971	0.851156934843075
1.06037199924319	0.641200820367647
2.10502357073331	1.44071771417588
-0.412342326540933	0.171843174016083
0.585811213568047	0.302214531395461
1.59980419593763	1.10327713046067
0.800942292103537	0.329468782128631
1.04989721959839	0.499092239481372
0.51464907727053	0.181544056103037
1.44561543393787	0.888406640967783
0.586883597860751	0.303323611201715
0.671166583876549	0.308670070263109
0.657864503304789	0.206616146564203
0.345079987774373	0.321505719864031
1.22257034834343	1.60645226843202
0.181592500004169	0.130377115634272
0.291244375945677	0.210127200847955
0.284701116220387	0.214408993826575
0.378760997914373	0.323156355566637
-0.0594801060571951	0.0375687180563372
0.165979340761157	0.10201857074981
0.696169506179037	0.455763445349412
0.135497064378108	0.0449728061554857
-0.0585027933762314	0.0369320537146329
0.170044524199814	0.104748895353153
-0.074691403259768	0.032904439302586
0.069799148855584	0.0453409491289463
-0.662740963057452	0.395749960094668
-0.66744970669522	0.399653166158563
1.14013962223278	1.29599133443123
-0.00670160178560003	0.00344113732436268
-0.276016050442457	0.174089215315086
1.13254326044461	1.16065471092866
-0.148486791629321	0.0845654734285769
0.131588254721678	0.0495753524376327
-0.257482217487529	0.130181327528322
-0.568448841310511	0.521553657033676
-0.332498100411613	0.153701798268277
0.29285090269742	0.211383767486747
0.608854752490628	0.461613075902192
1.11059214337868	0.997186177847608
0.533468446437987	0.307729926896515
0.275908618121465	0.21573327872771
0.29821913760656	0.215835151834494
-0.250539790148516	0.126389889079077
0.181730778376652	0.130473555052488
0.176662765883238	0.115379023562231
0.313106326732654	0.203261250321443
-0.114357917017769	0.0678503693571431
0.056200405243248	0.0346871532292964
-0.416430065095431	0.238094148826115
-0.0385178892541909	0.0249521048147435
0.168573963049295	0.103879614136923
-0.669770790119281	0.401171396132979
0.0868450470083041	0.0615153434029501
-0.231416387329152	0.151399773730695
-0.802041046922566	0.5338223857066
0.782618115702562	0.617404647205352
-1.07678689734264	1.37002316209265
0.910842825010391	0.791738380714329
-0.110248068214152	0.0653428695533309
-0.0784515483486825	0.0345087262852233
0.296618124086628	0.214498492712285
1.53295210884044	1.85734846784791
0.177219492551592	0.131943737769436
0.140609521820489	0.0413743325045252
-1.13895833229548	0.343813220888229
0.584893231275224	0.301576967339416
0.327456218337113	0.181656116559374
0.733821210741923	0.613321254919498
0.428499118546633	0.169166907815334
1.31402496246035	0.563681662468941
1.04690378710311	0.497343192229306
3.26508709738097	1.10261522135605
-1.52984634403446	0.54376252749597
-0.628299579656606	0.151558046801791
-1.80123754984197	0.383647112861273
0.160813493636874	0.0402291855562724
-2.5766529574574	0.657773148602288
-0.738748567012076	0.252134640052989
0.950426851449918	0.249037516760643
0.128568405154016	0.0427795258685336
-0.234312185154952	0.0754304879292539
3.6326714041979	1.41965046916025
-0.632424041671007	0.152580102364835
3.63331351050508	1.42008896661082
0.428285671446016	0.169094775343879
0.31824504907235	0.192955854117236
0.67381718361366	0.310093898628815
-0.362614650451211	0.104032260636264
-0.235054063894512	0.0756562770409618
0.136007686675891	0.0652830196194466
-1.1447666380351	0.34569313996721
-0.810299802920582	0.443130092058193
-0.506794097572438	0.267917146892905
1.06511779933586	0.64573617430051
-0.1476341538492	0.0840834949303233
-1.1081473364088	0.76415823161129
0.132204950627944	0.0564266416745921
0.467045853071761	0.317716877884446
-0.168883481879203	0.0604274159651903
0.130977595936442	0.0435409758262869
1.04411565864259	0.495318996316923
0.373753217777433	0.165661732219598
0.132600988210423	0.0440609588064188
1.75356344800241	1.35700454884499
0.589531651952944	0.572640636987132
0.407007296388351	0.322991434290605
0.163315983140444	0.100404694555074
0.287870837801359	0.226644554409322
0.0356260003766661	0.0207566787474277
0.17294279803641	0.112812362494724
0.410813971128694	0.326541686049292
0.177046755892025	0.115647996124409
0.29579039546752	0.213860553870891
0.881576225699403	0.897940605115516
-0.0563509491471614	0.0355609782566909
0.472333054366621	0.322165560471894
-0.538422662627564	0.202330546592592
-0.15275243130994	0.087112360974332
0.421616261221355	0.166276240508206
-0.0760759924285548	0.0334986313541646
-0.555999747658918	0.355814188477111
-1.56271317788085	1.51861094503391
-0.29293493047548	0.214573692267312
0.0230985045421763	0.0124966730602987
-0.671843448448065	0.402634239149681
-0.391123604012794	0.270931569075211
0.912446260435117	0.792603139938173
0.318301150287866	0.193040584561407
0.467060481332184	0.317637752039831
-1.82874780946892	0.738800580746292
1.11212388634727	0.997947544755304
0.530171638186105	0.305672901743342
-0.418699120063541	0.174624493913997
-0.230632887915142	0.150882483587434
-0.0797943273019492	0.0351107855199681
-0.167535179530461	0.0599846998526839
-1.23149643573926	0.934841441687496
0.180569899675304	0.148937985335085
-0.58279557692423	0.428010573902828
-0.231280543250287	0.151346640523631
-0.797449016455885	0.691044708981142
-0.0966276638627024	0.0709735266829308
0.886037933450849	0.470272418175444
0.173597866723398	0.107104402917513
0.695212716038234	0.454872450493791
-0.810298397829203	0.443174463174444
-0.284252405711656	0.179953914955432
0.671528428341044	0.6981246238711
-0.333185494299477	0.201598784663852
0.612326839985847	0.574467740818302
0.134357593366572	0.0644555511050823
-1.00645446712426	1.21611399059305
0.643172680576043	0.582752535834148
0.310747450369492	0.187729910462441
0.339108391642414	0.1691026253186
0.316978601816185	0.191755593894258
1.75892184559066	0.963246001757108
0.88169388361475	0.467438603329551
-0.0756217125559644	0.0333016911335105
2.54500845450902	1.37818427264558
0.161110374412205	0.0927917697800073
0.525602206025362	0.302714159025743
0.732001112814758	0.611548425921763
0.178624020174614	0.133105051176296
3.92452877652187	1.70087632208659
3.92516768334333	1.70097969958265
0.588719097872329	0.304194471760505
1.308210147198	0.560788489886055
-0.355401168227563	0.102014834884787
3.26569824690609	1.10327543173781
1.81115625615482	0.701436048499222
-3.0857009920368	0.949295045119167
-3.08542618523242	0.949198094742557
-2.57660997484294	0.657538252319339
2.75580772001712	0.763760469153332
1.95786695174359	0.441149378722158
1.03399753246768	0.385464473118594
0.659616568882323	0.207151031447049
-0.354525819937872	0.101778275735803
-2.57660997484294	0.657538252319339
-1.0419816315643	0.409976007162161
0.154509067766894	0.0289541162362231
0.155067569950451	0.0290355764553768
1.95731570776637	0.441000340195791
1.02363521199244	0.381873400117373
0.128217426027829	0.0426676360228733
1.02592340208434	0.382810966482796
2.10577777041247	0.92695430431462
-1.04232764455762	0.41013375079511
0.810182646003152	0.333572419551976
-2.30441435077628	1.15122076767449
1.93954790797232	1.18863154455072
-0.635712548659237	0.153374459528297
-0.664103426510756	0.396526119389941
-0.0740421189680175	0.0326219653534458
0.700071120544321	0.458809639720758
0.141151150396475	0.0678427079814308
0.433717103386986	0.171306483537627
0.773836833275706	0.459482534768358
0.132951093876262	0.0441757525557606
2.10404963108371	0.926287358542244
0.510271633266051	0.179924314863983
0.511406581218177	0.180333732150807
0.643242015436462	0.456785256041608
0.411561557951621	0.327397002569366
1.23402380334356	1.49897468501178
-0.339570012633793	0.242891831718734
0.285705133892865	0.215299186248111
0.647969637468267	0.588593698304963
-0.348202018974357	0.281909397975103
-0.135494717904567	0.0956397799682895
0.278597501636006	0.218203701256394
0.0849532152264382	0.0600979692502194
-0.513280001105975	0.477748390566557
0.468531910959342	0.319000574881947
0.14750506619492	0.078073669295374
1.2613659144982	0.6841980720655
0.801922158295548	0.329828855715043
0.37156503848093	0.164732367180838
0.371830898216795	0.164878125398627
0.148588943252733	0.0786690153325642
0.133134712517645	0.0568317747059139
-1.25718644567378	1.1817468687877
0.732812757183734	0.612169260227907
0.986703970009115	0.8073404857537
1.51597609774419	1.29330219551966
0.128075192969757	0.0482635683600574
-1.35810507695486	1.13313946979197
-0.234881985943443	0.0755878057926229
-0.682077244735652	0.481915319400167
1.22988619084469	1.03457709290475
0.14371839260098	0.0422424410228484
0.141221218808757	0.0678763166781772
-1.18391428465845	0.660736227265741
-0.550432241715998	0.351344110047326
-0.199236662748052	0.107830774415673
0.32955094958126	0.182991662416039
0.320880324991585	0.17756020480048
0.676050206195971	0.311376233221729
-0.506269207642477	0.267208166381903
-1.73271542555833	1.46603602022339
-0.00917278173157314	0.00466193084833401
-0.319333560281273	0.147102091097629
0.426771007793651	0.324823484959972
0.129451701763363	0.0552996203439574
-0.000434969645631052	0.00038262503635956
0.0555826608871707	0.034277056127397
0.423497133045461	0.167044019107774
-0.0381845100959724	0.0247439041045497
-0.468241446494411	0.313811356284511
0.0528227343711877	0.0325806340764451
-0.0784251218647754	0.0345124737816573
-0.538704633430128	0.452339998074024
1.76169319613586	1.80581690815257
-0.788962872631865	0.342076545446221
0.134796989185734	0.044763826715822
0.847018059529298	0.773278775223857
1.02455981174032	0.382091874796033
1.09369241184334	0.828667873653025
1.95786695174359	0.441149378722158
0.512103476504473	0.180655514559587
-1.79840965860499	0.382877827643389
-3.08216231491203	0.947551973079846
0.94820175004088	0.248479682375772
1.95786695174359	0.441149378722158
1.02455981174032	0.382091874796033
0.154465593370314	0.0289479903375428
-0.628733247343677	0.151688343674084
1.45138090115721	0.478568850670936
0.160813493636874	0.0402291855562724
2.75807933893485	0.764710363024488
3.26345542626113	1.10199860979414
0.943937640725668	0.24736392993685
2.75641316563256	0.763778311858285
0.788624384125903	0.624698194131107
0.530463462219762	0.305496460932106
-0.0747740529290378	0.0329478470511487
0.14255281745336	0.0418775195715754
-1.79839614394125	0.382877807711208
3.26345542626113	1.10199860979414
0.327110251841204	0.181244790615712
0.144054213480702	0.0423469198905259
1.0905435199227	0.824400486968208
0.991863844304618	0.813974571675369
0.529221789222177	0.30461075930615
0.454554609618463	0.329958751251841
-0.613436207202475	0.505426032672287
0.338805149042864	0.168936275725468
1.22839214378447	1.35131303456749
1.81235300959058	0.702242876396542
1.31395278889093	0.563876697752499
1.04424975463849	0.495554192271584
2.75520320904554	0.763197913000704
0.588719097872329	0.304194471760505
-0.117660477054644	0.0467865531553836
0.510839396613925	0.180141996770445
0.413001445339514	0.328615441764054
0.496943515591473	0.531249714932258
0.788285912809445	0.74629560230791
0.185998144228868	0.144369747743987
0.982826835363364	1.0781999199605
0.0780575660499359	0.0551136325467797
0.424665053881152	0.322791714357788
0.799059940359907	0.869612868017325
-0.475789301115581	0.4059021279436
-0.537159129496926	0.450692698223369
0.176214259794775	0.126148825116698
0.786310184443653	0.622174042906423
0.188535995373544	0.141256349388714
-0.154256177510734	0.123860525822969
1.23078631681946	1.20433279486831
0.392211874780755	0.323589503636279
-0.0346921792799141	0.0224833363089123
1.23515233678714	0.849525738520392
-0.536004470538202	0.449242393440046
-0.00879633294417448	0.00449270149135587
1.23609752451314	0.850640877409603
0.470676174193375	0.32072886448044
-0.195441103600072	0.105701457905392
-1.05891267425118	1.11508496976964
-1.49867949948173	1.92269361047319
0.29789181321428	0.204577096051122
-1.93843783335058	1.91666344066973
-0.63161175244388	0.57054156974662
-0.669770790119281	0.401171396132979
0.181824312124177	0.12498172494264
0.50720087150347	0.178829201945322
0.0777773991206312	0.0528294897599942
-0.528529226550683	0.441097003725914
0.315373054297584	0.205089226027027
-0.232600443970083	0.152227406803649
-0.201315070165697	0.109144720063264
0.306664677764103	0.198371838719698
-0.110579263550917	0.0655508891016905
0.0733346626149286	0.0497588833794967
0.056353464108679	0.0347548660665144
0.145340814241521	0.0770119982800232
-0.00889776621750375	0.00452687193612399
0.0636996643514307	0.0393487607068135
-0.195331837131006	0.131676743051762
-0.39290146481853	0.272545680189149
-0.344888217286927	0.278454641166858
1.58178901681181	1.71693276895886
0.906404252438869	0.78553687494266
-0.2289822318423	0.149617388483893
0.155716378681208	0.0894870649560597
-0.0364842577491392	0.0236384909516955
-0.397252485350815	0.275827962558295
0.641899488600759	0.455676025661667
1.44922258720914	0.477763268309402
0.703418165861349	0.461806218284021
0.420922997231393	0.165999285991639
1.31565227991103	0.564944763794614
-1.29457725250681	0.576939174145334
-1.80123754984197	0.383647112861273
0.944504519928106	0.247598335656165
0.657477424666525	0.20641752360443
-1.79839614394125	0.382877807711208
0.154509067766894	0.0289541162362231
1.81294103662311	0.70256079058948
-0.172323794216928	0.061695096887414
3.9232513707374	1.69997531930461
0.661811042100157	0.2078534144171
0.658448437247608	0.206865271021461
-0.737154567775087	0.251538686589487
1.44509906384746	0.476148552116978
1.45114635521655	0.478471348903038
0.947770742439721	0.248281535275256
0.65757421006213	0.206588655278929
0.160221796316651	0.0401166927693931
1.44780311038183	0.477066495630919
0.783196595739612	0.617504824891236
-0.1475272407043	0.0839964877109038
0.939702999549102	0.634661378653578
0.160813493636874	0.0402291855562724
0.658157600688591	0.206837664845118
0.847341929995884	0.773155793201263
-0.247891317406151	0.124966494009124
-0.789605168834435	0.342652630123742
0.546177417634133	0.457088506319594
2.15157871486436	2.86583479663368
0.426188529242061	0.168158662567646
-0.114798840995251	0.0456854313144561
0.128338588542606	0.0483629401375905
0.989286103086157	0.81091012068255
0.396100854587966	0.327380013956318
0.429805786963234	0.327651881892088
-0.507231991362029	0.47013656805883
0.427352382083082	0.428765543746355
0.27722765081288	0.233882746253021
0.0955060306360871	0.0703633739496138
-1.26626673966128	1.38501659999896
0.639536675166626	0.578439010579482
1.58180533584367	1.71689632292171
0.201348811481303	0.200465771365169
-0.38993401207701	0.375620819778711
-0.789425829528868	0.92242532225275
0.46933059032918	0.433080393848527
0.470002286504261	0.434312686842801
-0.0328530749431853	0.021300423704911
-0.303903125065746	0.223775979194778
0.0868450470083041	0.0615153434029501
-0.152310416880632	0.0868444384309111
0.171715903513809	0.111860809802449
-0.0112398235120471	0.00568199362639488
0.678276426390583	0.312464523653273
-0.40896471714897	0.233160881933634
0.571228182279408	0.456196215636056
-0.326229482656395	0.150637495104887
-2.28062165280459	2.83494985094649
-0.937631566321454	0.692167324128957
0.686520718426672	0.600372976085255
0.0671088906394231	0.0435550221222245
-0.557077239674068	0.356288266321122
-0.442812198970929	0.344304825447705
0.604523166546257	0.457795987603339
-1.56298101549344	1.51904605771805
-0.0891600599739501	0.054766787270994
-0.345031213207173	0.247361163058732
0.58395016129888	0.300856868554712
-0.0104077286273629	0.00526991347671263
1.23207638652026	1.3578014401091
0.663547574852283	0.687535716059252
0.321230125417462	0.194857233604258
-0.539266393693372	0.452748065388288
0.0205199835776185	0.0111360657585742
-0.505421487671252	0.383331652129682
-0.730705361716173	0.81296725200264
0.606548468524433	0.459848528878054
0.470092983640892	0.320550564393687
0.844544710701873	0.769996890257009
0.296733438962821	0.214556265969459
0.642491783545232	0.581950352536269
-0.233122268879139	0.152666625504633
-0.983922946774675	1.25674313282406
1.09692938395143	0.832362850242449
-0.0385082776616001	0.0249515250217959
0.0761223751776195	0.0516994318694104
-0.552414421086193	0.352604772406788
0.982870417456942	0.803038956062393
0.728331834049375	0.606671764246716
1.35515120106912	1.25343756223446
0.296935988048347	0.22504906181806
0.550675889188446	0.54568328816289
1.48896354009462	1.96883560367599
-0.189449920375313	0.127319369622252
0.727693308394383	0.606580021681504
0.495687715522157	0.313119434863042
2.3410042779854	1.14815153258672
1.76136333181412	0.965618801346497
0.465991081760696	0.316962143412378
0.149212845857803	0.0436974436845553
0.511535984561553	0.180463547184556
-1.1414839653338	0.344622990730584
-0.628733247343677	0.151688343674084
0.152050960400409	0.028630259939513
3.6326714041979	1.41965046916025
-0.355401168227563	0.102014834884787
-3.08189869996978	0.9470994296719
-3.08203048704882	0.947509650360219
0.658741078701816	0.207014004441108
0.804765006705712	0.331183851246171
1.81545080408239	0.703738180326379
1.44922258720914	0.477763268309402
1.00552369814258	1.51851016403312
1.31196676791469	0.562729963486004
0.846415738092714	0.771898035027457
0.733344317921946	0.612553102260169
0.38063000550818	0.169095449013726
2.10227195989275	0.924990315433236
2.24983716865232	1.71650557064444
0.803985492374408	0.330791149341887
0.31657923792506	0.191534229159817
0.78220680676438	0.616990094821708
0.180150365586207	0.129197637377895
0.171045396337912	0.111493926551991
0.321848701752996	0.178163685375296
0.851691723273856	0.628333746050636
0.473714407428951	0.32331463624114
1.64358071715154	1.54442290420486
-0.737745529684395	0.251848226779474
0.511187733730715	0.180331422147582
0.144304320671072	0.0423970373819599
-0.542900106811953	0.204176406519794
0.393967031659232	0.325352027165055
0.167619332671915	0.119447160408247
-0.188593659510764	0.145899187880043
0.299489765820599	0.205672773384455
0.477187800277058	0.442564703265675
0.328789788080866	0.33096869144802
0.259511304855357	0.237654679326342
0.264803315900493	0.236413779412852
0.107924828432917	0.0851775059538928
0.146941687268682	0.0779235090904323
0.496678133868684	0.446424647856411
0.0743132653149228	0.0483346214380713
-0.0338936382580433	0.0219667004328816
0.415911607322976	0.331592631157384
0.0218519238375256	0.0163951171998689
0.186303174067847	0.154225319057379
0.180434476587008	0.139575720637627
-0.0907633896036733	0.0665109474432232
-0.236732362495436	0.155232377796996
0.740361302067534	0.724851861248774
-0.717939923791873	0.693605588771438
-1.57314942997825	2.11627672934046
0.0520699474175654	0.0321130742202464
0.169927972677032	0.104749183081483
0.0136478772638502	0.00749051179028279
0.695311376375113	0.454923330244256
0.32474647381569	0.179958569162039
-0.66801541055343	0.399610987253814
-0.698361957115836	0.559887100137478
-0.785720368096092	0.340476144248071
0.293849731322986	0.212314157155101
1.08847734238667	0.823036111183512
-0.793377309710353	0.686037495252942
0.310940537583135	0.201787546147994
-0.227239328273831	0.173817392853515
-0.536016681830012	0.449349871573306
0.644769756890915	0.458812601506351
-0.394127869785015	0.313595281261074
0.984802179898554	0.804902465286643
-0.161737972331796	0.11164836390673
0.526988033731373	0.303339825390078
-0.390136330984546	0.30972015935687
-0.977062648357636	0.968606108158444
-0.999444255931299	0.900716602232884
0.179203821592283	0.1285121902228
0.147100090437729	0.0780207075207923
0.851403642202064	0.627555086908371
-0.877179658195982	0.885952111098198
0.0829531750234553	0.0586874821149887
-0.681579439221067	0.482335411051264
0.18003872106181	0.139241757228558
0.29332178010868	0.22191286053636
0.169816931414966	0.110597251355977
0.863864442583361	1.10660331628664
0.167540456575296	0.103162564365096
0.7072899140195	0.716203555308369
0.157457524673535	0.0904422673694013
0.309056762227218	0.200131715698244
1.04982928792861	1.11637007174508
0.299752399422486	0.205854190689723
0.749776656588394	0.737632985664586
0.787830113677292	0.852834305375792
1.0714806311748	1.25725884198769
0.416636335147245	0.332171242196776
0.64417513190967	0.584034088841313
1.04811000086602	1.11306059321501
0.543561449341869	0.454343448113181
-1.04747427444676	0.845098679354503
1.25249399789827	0.677360299966471
2.55474432445071	1.38539494833608
0.700358992567332	0.458972737207109
-0.536671114051193	0.201606330220057
1.95731570776637	0.441000340195791
0.799449870454357	0.328747918236032
-1.79840965860499	0.382877827643389
2.75520320904554	0.763197913000704
0.94820175004088	0.248479682375772
0.162357836679133	0.0405597098553547
0.154465593370314	0.0289479903375428
0.160813493636874	0.0402291855562724
1.45054889854294	0.478121061898946
0.94820175004088	0.248479682375772
0.948905461162112	0.248586345985544
0.94820175004088	0.248479682375772
0.948337549654709	0.248516516252871
0.15144823932183	0.0285426379557898
1.02455981174032	0.382091874796033
0.802353086825023	0.329964914866132
1.25249399789827	0.677360299966471
0.80809182652064	0.332822174466832
-0.415183675733752	0.172968540362155
0.948768757521975	0.248549269795159
0.324849405341451	0.180134989335203
0.674668298279169	0.310670180430479
1.35882953273735	1.25943600320586
0.774733924496347	0.460761617383799
0.131814043124596	0.0438161720723548
-0.11706780556092	0.0465584081549706
1.06191675765606	0.64255451690593
2.34630032018785	1.15073036222639
0.643242015436462	0.456785256041608
0.614293012876156	0.577432637003618
0.845019956104807	0.770062139994978
0.32757357490239	0.329442879177498
0.321943197414907	0.19554382659987
0.399451410928752	0.33078596258267
1.23161439613255	1.35551417285144
0.283452735979276	0.239811580712833
0.0208112239285743	0.0112711170124658
0.728232663345991	0.607360351284792
0.520268427420047	0.545579314774141
0.587648176032709	0.570216613538382
-0.481846222431819	0.41250099353924
0.786285010796715	0.622179690972795
0.64966824632411	0.59091987841071
-0.275354263250766	0.173742433748029
-0.965204315888123	0.594921962847703
0.310471430709792	0.187550290563227
0.851007132014121	0.62705359824773
0.88067338607847	0.466267903307237
-0.0489671975574445	0.0232709052441056
-0.164961528199622	0.0590946327024874
0.991062794340222	0.813119681447634
-1.18022059491462	0.657713722320658
-0.227489582318731	0.14860031073872
-0.966995606621842	0.596885503946256
0.609637641606907	0.462433262150689
-1.25384169176884	1.17704339829225
-0.627920734859053	0.301050564774921
1.75261941222176	1.35660845171734
-0.442945160184221	0.344454134651916
0.428631067442515	0.169230176789531
0.151017216852493	0.0800586005958577
-0.0392111553828247	0.0187388371086151
-0.807779704039181	0.539588923348163
1.43879814346692	0.881611180766954
-0.708891959859673	0.62910147612304
-0.147364009838151	0.083919206061244
0.126016999697019	0.0475222354259138
-1.51193347960281	0.761871435562758
0.785375160619726	0.621172344957792
-1.2566612954334	1.18169970220675
-0.60381091510495	0.495187412350273
-0.325919631192563	0.150478994963884
0.174838675464298	0.114081339453352
0.0477844884672127	0.0294657047019423
0.395206271462108	0.326532148263449
0.170306517069123	0.104988755555703
0.940892486240359	0.635217358760045
0.537087089803632	0.447332045603469
0.606703763300042	0.459570310442198
0.281637779217973	0.221030280153115
1.22777797448248	1.35038672866639
0.050922898932116	0.031402178491101
0.644751217143875	0.45825237686986
-1.14312096477592	1.27958986587056
0.168670465754715	0.103793925653768
0.29423307140754	0.201608007351772
-0.00811441914236963	0.00415553567715812
0.466717370478355	0.317740667979623
-0.0794904777947162	0.0349855448728926
0.369736154171671	0.163797194417226
1.0413509498197	0.494052519302526
0.80150355401707	0.329724441598446
0.155067569950451	0.0290355764553768
0.160583229502904	0.0401661733691417
3.63395648950567	1.42026036401428
-0.354815349846941	0.101888689175609
-3.08912772662777	0.951015235110598
0.154465593370314	0.0289479903375428
-1.79840965860499	0.382877827643389
-3.45945095257726	1.22747869975084
-1.1414839653338	0.344622990730584
0.156896734628332	0.0393320207188234
-1.52556530925699	0.541887546993991
-0.354229439997714	0.101697261087168
1.30898590240314	0.561115575362232
2.75520320904554	0.763197913000704
1.95731570776637	0.441000340195791
1.95731570776637	0.441000340195791
-0.359432307228107	0.103134774665835
0.94820175004088	0.248479682375772
0.425497080140127	0.167863861612803
2.10345763612533	0.92603048253316
0.506636186737087	0.178613076266429
0.530236039156497	0.305798951397004
0.697511182341441	0.457088344976107
0.511535984561553	0.180463547184556
0.146922191196889	0.0431076767472804
0.426699095186531	0.168429089865199
-0.106199504841151	0.0628613059228124
0.155798604936806	0.0895132046190377
0.293792136003604	0.212187984389324
0.671027797495219	0.697930978120898
0.794853990492492	0.863471127497752
0.491103614091819	0.439862136562291
0.173929216562801	0.113532306730261
0.279744095506319	0.227924840500969
0.17608231985207	0.12070432570385
-0.00673006493848704	0.00347636316197161
0.0681157852293505	0.0461328895277946
0.38198417667675	0.326756267656275
0.397453506274103	0.328840335937751
-0.0592297436688763	0.0373983960341976
-0.295283843130463	0.216432077517254
0.017664435735028	0.0127968947190481
-0.0582022138450579	0.0367541243638221
-1.10880789452869	0.764730707724989
-0.0139366702674273	0.00699743003503335
0.882234866754674	0.46715034794129
0.151283179110625	0.08034044772682
0.700453630090616	0.459198923115108
-0.811235185151581	0.443654457762309
-1.11046677263525	0.765913283178152
-0.558863402380274	0.357790067330845
-0.465635040418369	0.311765585913823
-0.810105232521834	0.443179165555393
0.035703087911098	0.0207709595131342
0.530315170298831	0.305913635648067
0.155529390479259	0.0825777380265721
0.15371685952348	0.0882890776003266
0.316574687790125	0.191487071213566
-0.0449183005196877	0.0214039078876826
-0.328211744919502	0.151520768197504
0.773192457530603	0.458914799961596
0.495507895778233	0.313228071151536
0.53016786637845	0.305307054273554
-0.799671096820789	0.618403713340282
-0.808064247559108	0.539812695717306
-0.190152935176611	0.127874202061116
0.135792350960359	0.0652368935293097
0.124488256386008	0.0469611145656188
-0.344243545327131	0.209210997904933
-0.799123966088848	0.617461492497263
-0.0346668822543806	0.0166173405193034
0.603855068034519	0.457157033188657
0.177172810273998	0.115717391001375
0.177285334010402	0.126961776071927
-0.0452054229614144	0.0215378758402265
0.88132151075817	0.467252363313393
0.387665763076937	0.332588726646676
1.0936211908249	0.829237954548739
0.726213620632673	0.604478662102442
-0.412131295800435	0.235196162620975
0.406475233822909	0.322504510485568
0.426534137158906	0.168253126180802
1.0707369368454	0.649998847794869
0.316728579508029	0.191670531197843
0.173300615493972	0.113084823903771
0.327110377629099	0.181156768580645
1.2335063316156	1.2077354164622
0.670571388016324	0.308341959138758
0.667315577413551	0.306736150645152
1.45138090115721	0.478568850670936
0.514780733836532	0.181589698987139
1.02558467001725	0.382518749728777
-0.356071393990223	0.102241794383879
0.948905461162112	0.248586345985544
-0.626075023442282	0.151167646950723
1.95731570776637	0.441000340195791
0.140023273435885	0.041219830052157
0.802207811651426	0.330062663722945
0.661225548064972	0.20772290984652
3.26631056571709	1.10328266544307
1.95731570776637	0.441000340195791
0.944504519928106	0.247598335656165
-0.241892151565733	0.0777967682855961
1.308210147198	0.560788489886055
-0.330080848232235	0.152431597005069
-0.165995298204196	0.0594566920073821
0.160221796316651	0.0401166927693931
3.63629792702422	1.42164529184574
1.02078418089732	0.380300655455746
0.13375172371708	0.057095704691796
0.771424535647743	0.458353075310362
1.75801664616211	0.962045011646966
0.57389042684579	0.45929017520076
0.0421266027940076	0.0245019061944914
0.397704828583781	0.329132190732988
0.365904552297339	0.322324386748424
0.947893019325264	1.16358369421849
1.23242142750635	1.35758281194648
0.921800208787408	1.03784712560347
0.877296953562323	1.01711662266558
0.0976174139204077	0.0719764851383362
0.288327995228174	0.217601759217482
0.754660075933939	0.840442147439144
1.15003804748541	1.43144189066402
0.0737139214263193	0.0500153966528453
0.179865281126665	0.117676277484999
0.0924750246540093	0.0680318049154538
0.606005625281178	0.459184137256846
0.17735929638204	0.132023477386127
0.432265657860004	0.329672521991159
0.690920634473676	0.605100966734744
-0.323473644280604	0.149131328598253
-1.00664676634159	0.909795245542239
-0.0731818359375333	0.0322405915798509
-1.29998431494646	0.580573219981784
0.128217426027829	0.0426676360228733
1.23072833630234	0.845382942612555
-0.509799820639049	0.26958161629009
0.989563236002635	0.811186681643082
-0.340294742443528	0.206492340551794
0.600561549023014	0.674351242236239
0.851800970279485	0.627945587079908
-1.62090332554886	1.25562022845743
-0.412234107755548	0.235267241962341
-0.414651412491099	0.172854821999578
0.783180100750377	0.61892911771559
0.128673280033835	0.0484868522338571
-2.08258536505703	0.939450405182719
0.0414920688107934	0.0241534841877452
-1.73504136904606	1.46997437829391
0.449409597689457	0.325590154858605
-2.30476209042479	1.1515199403139
1.44163356900249	0.884661495569993
0.532817737105333	0.307283000454082
-0.187156183832312	0.12556674899701
0.0213452956481054	0.0115554653769854
0.468102149757317	0.318856354341015
-0.795485747619195	0.688204587193755
0.0514766636540712	0.0317590331926582
0.0915349374050102	0.0649998779844368
-0.0329906519435896	0.0213851860783501
-0.00439529470283616	0.00232858954174742
0.740395769887137	0.725104097054401
0.601834411207285	0.454931682960406
0.880085834837522	0.465830263044958
1.54300890379222	1.87687134877081
0.440802718851533	0.431280174259265
0.30784774139628	0.199483211909894
-1.84185085708996	1.69001445767664
0.426771007793651	0.324823484959972
0.533767648890495	0.308325161127839
0.58385057588191	0.301498172429801
1.8138222857108	0.70292085392477
0.140023273435885	0.041219830052157
1.31240282325545	0.562988742832529
0.344814357962911	0.172223529033892
0.428153640589647	0.1689678534764
0.154509067766894	0.0289541162362231
1.81515619836297	0.703574555319196
1.56051623870882	0.75862804314416
-1.79839614394125	0.382877807711208
0.144389940892798	0.0424393237157952
1.81679536532226	0.703237893435974
0.154465593370314	0.0289479903375428
1.95786695174359	0.441149378722158
-2.5766529574574	0.657773148602288
-0.241325335112873	0.0776212717213414
1.44839669376933	0.477459847846965
1.31890528636279	0.566137275218622
1.0239728358881	0.381885834911352
2.75520320904554	0.763197913000704
1.45355066214954	0.47909620382923
1.02567343435987	0.382470463826608
0.947770742439721	0.248281535275256
-0.628733247343677	0.151688343674084
0.655285284601054	0.205717641865354
0.381478189716696	0.169499856478796
-0.154763139389441	0.088304710729
1.31742436471332	0.565703873185492
1.22618342970453	0.840339257375789
0.167781007116466	0.10332570959848
-0.198273600809145	0.107285353481299
0.130323873520588	0.0491059528446299
1.0239728358881	0.381885834911352
0.450163553175145	0.326080644315448
0.197786889395767	0.179191870520057
0.648004395245845	0.588808353909602
-0.19790474434362	0.153919925820651
0.109022775741271	0.0860713253010903
-0.00473406530170339	0.00322250019520975
0.489190308688147	0.438057556321606
0.0914336124156412	0.0672379039451449
0.513426275165928	0.536287701610099
-0.13062779374088	0.0919916892656062
-0.464192451198066	0.436954136793165
0.513086431911359	0.554003474942827
-0.168684649807239	0.13295115938093
-1.34779860222369	1.55973080288488
0.0957917066263772	0.0705938760584936
-1.82289027643439	2.12263519030177
-0.667157619067108	0.399470889154624
0.849260881974389	0.624995949276597
0.323788177100042	0.179294289329595
-0.413485532970394	0.236002032317877
0.139185376148384	0.0667894925858745
-0.479793731360411	0.41027606303969
0.803620921341924	0.330666152724973
-0.804249165053268	0.535790756660548
0.154628751291912	0.0821655657003507
0.950576620921986	0.938695885814951
-0.68329492611581	0.483481103711608
0.300496068755429	0.217798604845997
0.85529269082179	0.631649931300471
-0.235419258607663	0.154281380900544
-0.337724782326709	0.241245125426137
0.152404759922012	0.08092063892324
-0.336037751959009	0.203633005665311
-0.815787346762395	0.447419529580192
-0.79286512534003	0.611333442035489
-0.342774805433263	0.20834380579798
-0.132641762728563	0.093495110881828
-0.874318040388266	0.882622043484114
0.153682443222269	0.0815519342758588
0.165690153624938	0.0956084972419716
0.748406846045401	0.735865216234425
-0.797009676599546	0.616098341819449
0.00976313529151884	0.00545498004444748
0.615908843260154	0.67328466267205
0.343068448104388	0.171439068373362
0.0354614943079237	0.020652712847205
0.165733693530186	0.101823887643155
0.371830898216795	0.164878125398627
1.76414846932977	0.967304800506254
0.407754230813296	0.323757148277351
0.468389090589191	0.318859343683937
1.64807648505061	1.55208401021596
-0.803440162750495	0.622724245684206
0.0575002775433955	0.0354620969492437
0.155049230440996	0.0890923317685552
0.303885865233532	0.209116496322485
-0.400361461775108	0.278568175215162
0.319139788749472	0.193622790856566
0.307615762589507	0.212157633263518
0.281858905413684	0.221073486616584
0.803760414606964	0.330819866621168
0.948337549654709	0.248516516252871
0.669043786961478	0.307398315446467
0.148749011066677	0.0787506070530574
0.156070095129669	0.0391676647119387
-0.628733247343677	0.151688343674084
0.431627491838122	0.170469918195788
-0.547287052704382	0.205976261023422
-2.5766529574574	0.657773148602288
-0.628164901903538	0.15157555358925
1.95731570776637	0.441000340195791
-1.79839614394125	0.382877807711208
0.162719274583833	0.0406219991153643
3.26631056571709	1.10328266544307
0.660347295989593	0.207462296247491
1.31310179325084	0.563385616536445
0.657864503304789	0.206616146564203
0.950858461556905	0.2491584305819
-0.789650928512862	0.342421974551524
-1.80123754984197	0.383647112861273
1.95786695174359	0.441149378722158
-1.52955481711501	0.543641482939636
-1.14536534536015	0.34589005605433
-2.57968420714322	0.659073447553718
2.75520320904554	0.763197913000704
-3.08556356757563	0.949512459473102
0.948337549654709	0.248516516252871
0.886037933450849	0.470272418175444
1.35788045788417	1.25896664859598
0.398697279065427	0.329888462994157
0.58932228469162	0.304528474636969
0.374356834493824	0.166186882736063
0.89755904730444	1.12328102915572
-0.223432313478068	0.170591781940938
0.408661380194048	0.32458371287304
0.310258136677614	0.201241336030862
0.598605585530965	0.451900604294961
-0.0559818554261519	0.0353233131834273
1.31486971476921	0.564331716989034
0.695212716038234	0.454872450493791
0.542926865215604	0.453660822914251
-0.0121433559449495	0.00814231975199947
0.493749745041853	0.526802552932375
-0.537870797544924	0.538919558405455
-0.410502872742566	0.449800749419923
-0.597396377554815	0.630656196875153
-1.21444907909602	1.84115275140754
-0.790524199168035	0.868677483896614
0.343276715162115	0.319527948213445
-0.511868387878861	0.475887558261829
-0.451784619586836	0.46049296071483
0.482273951852999	0.526733776730359
0.676987255055886	0.706501372579302
-0.605360644539442	0.496546183521726
0.265605332803682	0.214496775013285
-0.161777214514944	0.111670235507608
-0.276303153436084	0.230809627933936
-0.585218791408793	0.430015474368883
-0.401230809656747	0.279094911906631
0.882017285619925	0.46780586793273
0.150175819602642	0.0795880358058621
0.299798156451062	0.206064078928889
0.157107892225818	0.0903768290460078
-1.56063788868943	1.51518370823269
0.169556237815058	0.110405650781039
-0.331817150400548	0.200583649688285
0.295392125136711	0.213551133371781
0.0546348674795257	0.0336805206030231
-0.165114407860482	0.114165652798952
0.0327615027842515	0.0190935895967428
0.470547042592456	0.434924850989284
0.530818454143299	0.305765726169846
0.300708341947871	0.206769789128744
-0.788860520538194	0.341883015013822
-0.787219300630609	0.805232887901441
0.16030703417754	0.0922134588653651
-0.070207837578484	0.0522174443301601
-0.561466766661563	0.359736991086087
0.295016067767527	0.213068282683674
0.74701445785463	0.734273626851675
0.0674844859744686	0.0438057196006635
-0.710409277982435	0.684179194215195
0.535139724738944	0.546458923051095
0.708318926310041	0.717789987364689
0.0414565154227074	0.0241158281611358
0.377463332864578	0.167570032868996
0.770650849661271	0.456686706927308
0.850258898452073	0.626983250010615
-0.601620314072889	0.636762212145852
0.30113316564259	0.218351312232775
-0.531672943620268	0.530722601356507
0.0408107020537811	0.023739691502741
0.177043995266182	0.109338142580534
-0.0168755103202334	0.0112211164308241
1.22130254777296	1.47457514518241
0.789994167656504	0.748878563511325
0.168516562074861	0.109677620979811
3.26631056571709	1.10328266544307
0.661225548064972	0.20772290984652
-0.394567602603121	0.273725404876799
-0.329458323063792	0.152151823606521
0.165339307449228	0.041165861935724
2.3386469338706	1.1463460110087
-0.325608383044716	0.150330941023521
0.658449623497539	0.206846818911275
1.02304894811125	0.381607715308403
-3.76529646610535	1.48477662035046
-0.628599509856641	0.151612619227975
-0.355104953248248	0.101967480674674
0.154261264990446	0.0387023394037745
-0.631994988626399	0.152498044571477
1.02617238539361	0.38275777208832
0.144054213480702	0.0423469198905259
0.160221796316651	0.0401166927693931
-0.508101504150183	0.268556831921681
0.658157600688591	0.206837664845118
0.65757421006213	0.206588655278929
0.656894206098884	0.206287716765961
1.31331884073887	0.56363424296824
0.128568405154016	0.0427795258685336
0.160221796316651	0.0401166927693931
0.13656660731672	0.0402314592662008
0.950858461556905	0.2491584305819
1.93831106165732	1.18818703511603
0.658157600688591	0.206837664845118
-0.0448292302760864	0.0213497749083302
0.782070845634358	0.617292715751653
1.11768423633849	1.006810170169
-0.160416751479241	0.110677756933169
-0.00879633294417448	0.00449270149135587
0.941597069975086	0.636043946768533
0.586571228605748	0.30310952317022
-0.0582024519875279	0.0367329800331908
1.22430248351037	1.85306947460965
0.796765926962346	0.758093355252739
-0.135102169303871	0.0953234841766869
0.0174260509285433	0.0126132111308228
-0.131188189788982	0.106527937220631
-0.16409716936099	0.128972300442297
0.01198425045269	0.0087387629255252
-0.188104660333363	0.126338705773837
-0.274297749977969	0.228724419538894
0.366281756115148	0.334613789925035
1.10349620942265	1.61961386314442
0.563644670357789	0.563004351633075
-0.586026362109403	0.579628220748129
-0.615744322130112	0.815052893939154
0.313572771683993	0.21679600065779
0.406219266365925	0.32227558897385
0.314166806624831	0.204204933709331
-0.338405626123299	0.205031172433309
-0.932270026821614	0.686785298055559
1.02880620938241	0.38386800333252
0.0323832830001829	0.0188948130422356
-0.086410994111756	0.0379659103915281
-0.340461307661003	0.243437626355449
0.15033505644189	0.0796775697291421
0.166454472429715	0.102492252143874
0.0123314590886969	0.00681681080113317
0.170763548530014	0.105293048433157
0.495507895778233	0.313228071151536
0.39428720425094	0.325710828835951
-0.678608519551145	0.479560848790029
0.312278054281338	0.20274136058135
0.0364452320811164	0.0212422001973901
1.06114099622157	0.642853088507832
0.16083955430706	0.0926244116822614
0.603837802483017	0.456729879789438
-0.855386259852029	0.989329944138727
-1.15092733362204	1.00359608060907
-0.117660477054644	0.0467865531553836
0.584880930577845	0.301581005042689
0.836747052824901	0.882652729781668
-0.342610003638068	0.276488057340423
1.02338509689728	0.968554475899042
0.647464127215354	0.460879351904996
0.651396984995111	0.592487219723734
0.486661400870741	0.435146171559199
0.644540971889101	0.458915679835764
1.09531905610096	0.830675089968969
0.158245114811499	0.0910284022193991
0.935840327093675	0.630792655113875
0.0210782821143069	0.01141353327981
0.705619693630082	0.714331347930197
0.174582880777442	0.129829115676998
-0.502145247933639	0.379832150898169
0.445260032351705	0.321852143761691
0.107417080789737	0.0847452739507911
-0.115168045624742	0.0830123943499139
0.153391798887707	0.0814703331560114
0.288257528184398	0.217597691833468
0.579457192793917	0.464647109174179
0.147848686423209	0.0433479015633612
0.12871577019335	0.0549508905280728
0.666893686008721	0.306724713902588
0.657866689740957	0.206670742493303
2.10080345028195	0.924400736993524
-1.83072704109891	0.739930594937107
-1.34671451047513	0.845492502971601
0.802080527728932	0.329918121968655
0.506850875189508	0.178656463900139
1.31366843634341	0.563614405395139
0.513733853850566	0.181194231451746
3.26569824690609	1.10327543173781
0.50755078071475	0.178917899343599
0.948768757521975	0.248549269795159
1.02422162940792	0.382079227006262
-0.236865950236819	0.0762080730306188
0.658448437247608	0.206865271021461
2.10636939831221	0.927285990182235
1.04278235143153	0.494384712219271
-3.08229418357021	0.947231644170671
2.54165206483058	1.37461336959916
-1.52275201069355	0.540627902821117
0.16045117802105	0.0401558290866076
0.948337549654709	0.248516516252871
0.661225548064972	0.20772290984652
0.158797898832415	0.0397350165406265
0.67150187758438	0.308828121931979
1.51709174007946	1.29354924619476
0.703034122721043	0.461478066148036
0.377846101634659	0.167669963424407
0.379338617629675	0.168415523347565
0.716969250816679	0.815459628133717
0.322722778969552	0.17860503986261
0.922336504159112	1.24162985187918
-0.0163556720824068	0.0108746202647783
0.383357372201789	0.418508031043693
-0.87778054073014	0.887583106685809
0.176598348712728	0.126445480579746
-1.55992415393554	1.5126551524109
0.290260438340005	0.219250608206566
0.570119578068284	0.455377904537633
0.884917373959862	0.903082902166554
1.11933510327444	1.00802950962602
0.310544083576066	0.201533832523313
0.0511498741363306	0.0315512653217437
-0.0567199924528881	0.0357920361604078
1.38306622231515	1.06758551694386
1.06434630024958	0.644020115372913
-0.0385966740295087	0.0184490947567088
0.13571412709247	0.0450530753488282
-1.46563757730651	1.32676863956706
-1.51227685112488	0.76213256545427
-0.502824560299465	0.265460152871844
0.533052415292891	0.30747342091057
0.165517553981532	0.0954015203191893
0.585509213576081	0.302002922696166
0.905072391637368	0.783986515652213
-0.118577481929284	0.0471349831073602
-0.0876665760177043	0.064143015329205
2.6872552774765	3.98319063377909
0.909780972671913	0.790044592181076
-0.0811474412009062	0.0356903997730397
-0.198444249386372	0.107413408597452
0.701412261061923	0.459994190435441
-0.789005772274693	0.746528579272292
-0.112549642856652	0.0667513187952744
-1.11457723967518	0.769998190775616
-0.167409271163493	0.059935085601386
-0.338316191037648	0.205255900671212
0.491262801427991	0.310092078018804
-0.232279513485057	0.152084957441636
0.940587177428945	0.635218997508627
0.648314837854735	0.461653192466384
0.0136478772638502	0.00749051179028279
0.298964368220597	0.205270282745432
0.84881528052497	0.625678831075848
0.510089510074648	0.179877546335957
1.31218528243788	0.56311122145944
1.59824524737302	1.10349115493725
0.424883902042451	0.322749598811598
0.131796602932453	0.0632229314325337
-0.467973729687789	0.313981843133322
-1.05145197091213	0.849834563159001
-1.55847419245635	1.51266682646957
0.166472930776835	0.102508330990118
-0.460135107876886	0.307643123199754
0.491341274512755	0.440584181429217
-0.114208159166471	0.0454613905002761
0.94222824937425	0.636489372538862
0.519100510452626	0.183053579050841
2.10139563641952	0.924609016057742
0.129145074812062	0.055158061871462
0.160813493636874	0.0402291855562724
-0.350128602099817	0.100573869045266
0.658448437247608	0.206865271021461
0.510967914253512	0.180245566763838
-1.14559783756009	0.346052129596875
0.12412218193265	0.053024250758687
-0.255215030361608	0.12899391091844
0.155111385030128	0.0290417527313876
0.159992352718576	0.0400538861334557
3.63500627246108	1.42050433165602
-1.79839614394125	0.382877807711208
-0.628030265547787	0.151499678636842
1.31486971476921	0.564331716989034
2.75580772001712	0.763760469153332
1.95988292961267	0.441702177751728
1.95786695174359	0.441149378722158
2.0985439196218	0.922769880021207
-2.5766529574574	0.657773148602288
2.75580772001712	0.763760469153332
-0.541186744719213	0.203457979336671
-2.08922761541921	0.943816452673973
-1.79839614394125	0.382877807711208
-0.63185471444008	0.152466960619287
1.44862736407577	0.477555630338169
1.31218528243788	0.56311122145944
0.659678688827779	0.207049146044387
2.34013871385356	1.14719384740346
1.95786695174359	0.441149378722158
1.04536760236631	0.496267966555643
0.495507895778233	0.313228071151536
-0.785026534703625	0.801719992424926
-0.791469278220901	0.811354912169996
0.699137421598673	0.705030108266589
-0.299093118158435	0.219818611333653
0.948160150472559	0.935192085672776
0.826275015890324	1.0781690274776
-0.295873810930747	0.217048376051106
0.429036502691676	0.326736767642899
-0.252356155810052	0.188634014720502
-0.43572878655675	0.379729221576652
0.872918322632717	1.00921936914702
0.149813948746208	0.0794711515680845
0.151451312186003	0.0868805112973827
0.572565006010527	0.457561369458311
-0.93915012062789	0.694124713278988
0.529363012129741	0.305309980640703
0.531250234451829	0.306480578895511
-0.165650631391215	0.0593414877038015
-0.334277092874139	0.202304659244081
-0.414216368176492	0.236735088352148
0.317071403253518	0.192237774113266
-0.461039168691279	0.308247546451181
1.67569763236239	1.94444014117516
-0.7962619022631	0.614837894461898
0.176916686257548	0.115627073661943
-0.393572668323061	0.272997295351427
-0.904905536170769	0.75808721538677
-0.506874612334667	0.26757461490672
-0.149322643910789	0.0850468150586856
0.430725361241667	0.170091715039123
-0.328835844174034	0.151854178815226
1.11383874387042	1.00084463712643
-0.558325829522341	0.357097020415164
0.0579340444827221	0.0357616052596375
0.12412218193265	0.053024250758687
0.133406927065206	0.0639803101619169
-0.414248785891065	0.172553623155678
-0.14970825660191	0.085315579524226
0.182232165146784	0.130880947130418
1.11433016010634	1.00204860900133
0.687983158672093	0.602004570158858
0.997585318356331	0.820997491363282
0.586238066679516	0.568508844001447
0.67255389099498	0.309487891494371
0.135013832711232	0.0448286361779132
1.81604086904786	0.704001590638153
0.0197196050495699	0.0107119364941698
0.530171638186105	0.305672901743342
0.144604765265321	0.0766671954974588
0.606555860608117	0.459440538888301
0.16086079174301	0.0988161190556658
0.702459481435732	0.460890056060262
0.371241121847868	0.164587159709047
0.535378660964261	0.445382526063191
-0.0817333128731729	0.0501331720365915
0.328070244195466	0.181882173921055
0.425842843580689	0.168023318876402
1.02338601426445	0.38161996773056
1.02329749324129	0.381582146499257
-1.79839614394125	0.382877807711208
0.51386494250992	0.181311218287051
1.43970607943884	0.882904500572979
-0.62621301873586	0.15115097520137
-3.08556356757563	0.949512459473102
-0.738002720964575	0.251779850607704
0.889125458082737	0.472369474383953
0.427598801849298	0.168817190422253
0.51663050829484	0.182162712770504
3.26284822825054	1.10169382604423
0.512103476504473	0.180655514559587
-0.63185471444008	0.152466960619287
-0.354815349846941	0.101888689175609
1.95731570776637	0.441000340195791
-0.632563406792844	0.152610991116788
1.45198001091205	0.478658944297305
-1.13895833229548	0.343813220888229
0.157325350109871	0.02936446462458
-0.351744415353914	0.1010114930848
-1.83305889694033	0.741106639876373
-1.52926336424741	0.543358625626883
0.162952579336367	0.0406858836130456
1.95786695174359	0.441149378722158
0.16045117802105	0.0401558290866076
1.95731570776637	0.441000340195791
2.75807933893485	0.764710363024488
1.8138222857108	0.70292085392477
1.23143076977733	0.844554892720366
0.944504519928106	0.247598335656165
0.345804617933805	0.172794472084294
0.66227819450621	0.685668384809118
0.0540455496879768	0.033340542650536
0.301390199813424	0.218562203037287
-0.384758701304511	0.338543666790039
0.0997330436466304	0.0783184606914819
-0.0239474746553813	0.0158514790310978
-0.275885445239347	0.174040947712424
-0.878225059333145	0.959150570321727
-0.254821210273873	0.19076342235082
-0.445179413041482	0.346428813538045
-0.505687709336434	0.468282165838525
-0.214025149316607	0.182526786517974
-0.562069789448358	0.514071709130492
0.425676461776518	0.323713015966902
0.318491094301666	0.192919819509614
0.313370459913914	0.203434296482946
0.133647873037618	0.0642114187160033
0.940892486240359	0.635217358760045
-0.506571882441745	0.267399394400547
0.374667869915192	0.166123158223375
0.324420076571648	0.179497011757384
-1.0001037668499	0.493752779623566
0.496188295519467	0.31377310003417
-0.325460428922752	0.150061790536247
0.666720675538898	0.306383563426964
0.163648692523824	0.0943099601592555
0.158910972104287	0.0914740384954093
-0.253063568737107	0.127775270691815
-0.700115545272289	0.618636065603046
0.281482583782743	0.220881672354633
-0.338449109100604	0.205332426822832
-0.326229482656395	0.150637495104887
0.414061006607515	0.163064842919398
0.285493102043054	0.215211597861343
-0.510283650486964	0.387737481650019
-0.0107648904661672	0.0054257988387937
-0.510934650405236	0.388534742872857
1.25973527090773	0.683240231968848
0.883522598319616	0.46852696737076
-0.193290370438776	0.130160582465667
-0.184269994309491	0.123533822121189
0.322435253438749	0.1784353253351
1.35432530658138	1.25161514528295
0.644578578968538	0.584723766565171
0.785489436240241	0.620709194756665
0.754109872571175	0.839114023005991
0.491235092871604	0.440410486286955
0.90225130933712	0.780567301419499
0.495451581994262	0.313477044184718
1.52054978185766	1.30142415056666
0.767774687429749	0.454997453439233
-0.194868597001124	0.105449226558745
0.527683124038392	0.304065574466538
0.144707163189036	0.0695147025080181
-0.33281058362744	0.153827976075897
0.696937463424959	0.456806405457631
2.25168705986142	1.71677700299162
0.768140069369197	0.455206395534603
0.162809937378782	0.0937390735322117
0.428125149019724	0.326114347424749
-0.00426319943879386	0.00226176238443481
0.173076550998096	0.112946947358438
0.673631406692519	0.310287728541001
-0.628164901903538	0.15157555358925
-0.162645023142981	0.0582934318085609
0.144640697621443	0.0425017414545061
0.506636186737087	0.178613076266429
-0.683008750024237	0.483281850370669
0.948337549654709	0.248516516252871
1.45078261646269	0.478218161496633
1.31777492346909	0.565684040805599
-0.536322009305803	0.201466150653051
0.13422930794267	0.0445728055584624
-3.08556356757563	0.949512459473102
0.154465593370314	0.0289479903375428
0.140609521820489	0.0413743325045252
0.948337549654709	0.248516516252871
2.75641316563256	0.763778311858285
-0.35569023027487	0.10209347470967
-0.632424041671007	0.152580102364835
-0.628733247343677	0.151688343674084
0.159859477622278	0.0400192334307773
1.81574571371452	0.703837629137609
1.01961500222098	0.379984696878922
0.654703443030561	0.205608890273211
1.45138090115721	0.478568850670936
1.81176507224111	0.701716027060748
0.155111385030128	0.0290417527313876
0.154509067766894	0.0289541162362231
0.948905461162112	0.248586345985544
1.44922258720914	0.477763268309402
0.15963091503218	0.0399802605532864
2.75868832531345	0.765017792149168
0.0375795513060818	0.0290907289482167
0.0535315892545516	0.0330227732653096
0.981360797594853	1.07693830414543
0.850606308158446	0.777495558635023
-0.00694349752650815	0.00468639301546183
-0.22245252698532	0.169616625969677
-1.10277039709046	1.31877543657645
-0.784778033175421	0.859227570794759
-0.109680565768399	0.0788784962085663
-0.881653097481496	0.893198668037068
0.791798671212668	0.751682328091712
-0.190612939812537	0.128170379800715
-0.151352796290277	0.0862650463266833
0.0212114369217267	0.0114791786480026
0.495406473063585	0.312904712731248
0.130323873520588	0.0491059528446299
0.651432373087774	0.464760405735247
0.15552701765553	0.089346530154378
-0.933865393934692	0.688122558881356
-0.977010711170239	0.969649324708006
-0.508072858727082	0.385598873332704
-0.41614391306606	0.237915426336524
-0.0583734828051296	0.03684622995707
-0.338238162284473	0.241696216358838
-0.14437554064074	0.0821339737819278
0.297703842282849	0.215392004573624
0.47112968972719	0.321199005965058
-0.974959486430327	0.966287520395151
0.469308172150071	0.319920203765739
-2.8040248595005	1.88428834714041
0.408535902641766	0.324480579129849
0.733350934557523	0.61229083247808
0.54415319820558	0.454754606670292
0.846057766227891	0.771475606408555
1.23841911926853	0.852975703482452
0.138200386524352	0.0663685845763942
0.0868450470083041	0.0615153434029501
0.187546521189311	0.160042068289628
-0.588730107588772	0.433299771133763
0.170855309471967	0.111349978467465
-1.05334018343043	0.85209786146939
0.473575984584749	0.438550125932452
0.746588248438078	0.733334862762397
0.479334125285063	0.445138513334229
0.928933873286723	1.05052817616585
0.476512210840292	0.442014638681387
0.509706230897165	0.440341265243132
0.342907558328519	0.17108452863234
0.128673280033835	0.0484868522338571
-0.625420064790819	0.299364667533995
-0.414248785891065	0.172553623155678
0.132032810243933	0.0438841642048134
0.148991557765019	0.0788753543906534
-0.342136529060764	0.245039950958255
1.64558919773978	1.54772206110955
0.796378794593216	0.865481072298965
0.566308096761008	0.451235506813612
0.6546991744705	0.467824220799444
-0.58387132690449	0.428611109641705
0.0340489751119519	0.0198386574216731
0.638785842033012	0.773549561923218
0.604923516475004	0.45814588064203
0.131190430440417	0.043607248787474
-0.414984144540452	0.172987130736099
1.25067749791528	0.676369937813454
0.370941110319849	0.164588899618389
0.880736150004461	0.466270264133384
0.320420470848432	0.194239995002052
-1.14111344283696	0.344497381350969
-0.790293055908666	0.343033629214228
-0.967078316232722	0.595874688528225
-0.621313403040809	0.297195153613456
0.16045117802105	0.0401558290866076
0.50720087150347	0.178829201945322
-0.737154567775087	0.251538686589487
1.4480329582247	0.477161868008032
3.26345542626113	1.10199860979414
0.159992352718576	0.0400538861334557
0.163185820804974	0.0407257646525502
-1.2941091808211	0.576975974922849
0.159859477622278	0.0400192334307773
1.0239728358881	0.381885834911352
0.133301116726748	0.0442849463266127
1.95786695174359	0.441149378722158
-3.08203048704882	0.947509650360219
0.948337549654709	0.248516516252871
1.05003406903873	0.498931804901511
-0.628867026021838	0.151670609188118
0.948905461162112	0.248586345985544
0.154465593370314	0.0289479903375428
0.154465593370314	0.0289479903375428
1.45114635521655	0.478471348903038
1.75006325129528	1.35268625898383
-0.354519585455166	0.101776151388844
0.50776496866365	0.179019570667438
0.111287852936468	0.0880046747205111
0.458575964537214	0.437580288685276
-0.137654502350133	0.0972624852590625
0.179409135493398	0.138640881263842
0.784712728824465	0.620456839241132
-0.937664644020753	1.07594531718436
0.0623556481199272	0.0404219301811781
0.607890056756247	0.569199806364569
-0.464250407220126	0.310921868172304
-1.00706015353189	0.910350773024213
-0.196294439704252	0.106199273275947
-0.665538696893106	0.398149761944465
-0.124765748500957	0.0496384056989466
0.53204888765939	0.306615465977584
0.324739674342706	0.180047788611249
0.127436205712794	0.0424074206930577
0.3114756793922	0.202212452123307
-1.2957297752472	0.577552208373856
-0.78873939795176	0.341991104298643
-0.692933483451204	0.554024553928278
-0.262204845335609	0.197025616934538
-0.195547495294885	0.105823661417444
0.795829173902998	0.756650239730772
-0.680282567601517	0.480585072234851
-0.132546632244126	0.0934227929208488
-1.35165557690819	1.12538725137629
-0.055032352019183	0.0347255356949938
1.38424300299312	1.06783599108966
1.76490782001768	0.968318313425391
0.647740555749998	0.461225133733437
0.135285377357963	0.064820777691936
-0.700886594901676	0.61911779791081
0.169134639978743	0.104208202194422
0.135602552114273	0.0650571522048527
-0.510418274488785	0.269902179155575
0.328259274110731	0.181987729734874
-0.428152589529096	0.371322795318231
-0.0402833582166176	0.0192440608910917
0.438155662725254	0.315628051540491
1.06663729136173	0.646521173059028
0.405069027128988	0.321139807954544
0.646165806267915	0.58672084143295
0.843852808202921	0.768637527889082
-0.00884326349641862	0.00447676041984572
0.46385035413979	0.315140099563784
0.0364452320811164	0.0212422001973901
-0.259206525287071	0.131093379870512
0.417944151143051	0.1647019663695
0.154366255042873	0.0819246172338425
-0.076126295516662	0.03353476597524
-0.35569023027487	0.10209347470967
0.12623615387257	0.0538747248998354
0.607211674227633	0.460465953081706
-1.11171300612844	0.767074684666425
-0.895527723962834	0.834288010046459
0.987122450018042	0.808939360437014
0.984428379357929	1.08189481365312
0.642565424927643	0.456107976698879
-0.0314219845708814	0.0203794971442343
0.177137885118061	0.126892333034804
1.81323362267005	0.702723165703649
-0.504132206625847	0.266286518658437
0.160583229502904	0.0401661733691417
-0.536892625271128	0.201634766838871
-0.668529917063695	0.400060503312479
0.532462428279103	0.307065268028187
0.947770742439721	0.248281535275256
0.658448437247608	0.206865271021461
0.346107190599633	0.172968959614611
-0.0403331146963671	0.0192688071712024
0.880348310780427	0.465873463879197
0.159036592116599	0.0397877345506797
1.55415734614874	0.754461189942461
-0.235725494787964	0.0758333105755394
0.154465593370314	0.0289479903375428
1.95731570776637	0.441000340195791
1.95731570776637	0.441000340195791
0.948768757521975	0.248549269795159
-1.79840965860499	0.382877827643389
0.511884149147493	0.180536056250855
-1.79840965860499	0.382877827643389
0.424719696521905	0.167520800855861
-0.356656967234746	0.102398272590581
0.160221796316651	0.0401166927693931
0.158797898832415	0.0397350165406265
-0.628599509856641	0.151612619227975
-0.790512071534418	0.343028422954392
-2.57660997484294	0.657538252319339
0.157370411029726	0.0293708256249034
1.44981862951738	0.477799018830262
2.09682127519349	0.921775526445784
0.250195156288932	0.239970505859375
0.516764201582912	0.182313298692041
0.513516136888496	0.181178716343693
1.0476706981431	0.497602919891168
0.5106524152497	0.18003586586147
-0.163867189677086	0.113240856875554
0.191125694356402	0.168035815187231
0.585889582530006	0.567816823966454
-0.430105625060029	0.373664484738925
-0.39773533256642	0.27638968723871
0.303001108700151	0.208520304595921
0.0102831099083658	0.00752234014083057
0.279303051448873	0.23582294866229
0.010377653337802	0.00721128868755886
0.999229839088658	1.19653407007575
-0.0821911448451245	0.0599641723232818
-0.432652959974546	0.33441781972337
0.914875176498746	0.795706947372346
1.0871308590685	0.821574608969225
-0.537020300726747	0.201726380349835
-0.337412813414752	0.20460301795254
-0.111736396242696	0.0445015745003232
-1.10457699517885	1.32110446589919
-0.0763127549371531	0.0335886930934556
-0.0834308887808112	0.0511762334729093
-0.081221982583192	0.0498092692685672
0.29370167038183	0.222267303806485
-0.0055404120532037	0.00284399018309908
-0.190097939320327	0.1278227905442
-0.00838673961847012	0.00564390213471244
-0.503176725261646	0.265766767103165
0.909791641589052	0.789543119407562
-1.52224681560862	1.72646629009391
0.605872920292266	0.566879689902496
-0.0827620268813194	0.0363955644283056
-0.307612559713163	0.252758015203956
-0.695679267412266	0.557049102167327
0.0370573387746181	0.0215824479855297
-0.0240688291753141	0.0156703420038719
0.290073312506823	0.209140348377918
0.645858504756649	0.459357941968671
0.0962820606851656	0.0708873173538826
-0.034492567137159	0.0223555761017569
-0.628516579961297	0.301604419639263
0.467923484702892	0.318715486342595
0.156499452254917	0.0898507098234307
0.619095650282858	0.583279181656248
0.53176463052813	0.306393139943259
-0.0863100641904217	0.0630978206852052
-0.322037290082478	0.291660403828561
-0.25294700863806	0.127736777635573
1.02368016023555	0.967710672435489
0.78360288652024	0.619161072151746
-0.622578216669894	0.298215924919649
-0.789083391693148	0.34215026874497
0.88293706934252	0.468068574240379
-0.250832817378366	0.126558034419456
-0.11104011255294	0.065820501210396
0.700549197544474	0.459188488066524
0.907220543026409	0.787162170554746
0.395774464008404	0.327181978520627
0.31975514938932	0.194003025633398
0.17470756425703	0.114054550946658
0.641214804591201	0.580626175155912
-0.255287054801093	0.129052018396819
-1.01195259826062	0.916993298958455
0.173278442289258	0.112977243018792
0.0930397475670019	0.0684719420942987
0.152244911013075	0.0808873329288069
-0.306641282045735	0.251946671271719
1.5539791543407	0.754668539958327
-0.119521314129107	0.0475310840819249
0.784712728824465	0.620456839241132
-2.30041902135912	1.14771664793519
0.135014849374711	0.0508389488561352
-0.801195560036316	0.348374560170495
0.155111385030128	0.0290417527313876
0.944504519928106	0.247598335656165
1.04690378710311	0.497343192229306
0.146419626120719	0.0776419017168816
-1.11112767215023	0.766579733783713
-2.08258536505703	0.939450405182719
0.127740324846529	0.0481396538224244
-0.738670030097319	0.252119567169358
-1.52525862148376	0.541687313963439
0.162125356869158	0.0404960611383205
0.164866646813102	0.0410606750914948
0.144725574883443	0.0425191258680454
0.138342532806349	0.0458695746092101
0.15820382838182	0.0396092897578142
0.160583229502904	0.0401661733691417
0.426403404838852	0.16824819606602
3.26284822825054	1.10169382604423
0.802138012530807	0.329972517070534
0.94820175004088	0.248479682375772
-1.52556530925699	0.541887546993991
-0.632563406792844	0.152610991116788
0.948337549654709	0.248516516252871
0.159402290839324	0.0399177124259514
-3.0857009920368	0.949295045119167
3.92630081042927	1.70195316826628
1.44839669376933	0.477459847846965
-1.69374402419029	0.954258264739605
-0.28740878150356	0.343049795487416
0.661225548064972	0.20772290984652
1.07331886117734	0.652443585048616
0.061907800123949	0.0401341228897186
0.062370755644616	0.0404158254638265
0.280491006086001	0.228714438943757
0.266059647244999	0.230448467487227
0.867339262680881	0.999965927260867
-0.219070849874669	0.166800314910919
0.0777773991206312	0.0528294897599942
0.51334638643738	0.444182636111172
-0.278235319732481	0.232680563760583
-0.876502329431674	0.885778813565106
-0.485848932294453	0.416716780631358
0.676002937415222	0.704908775788758
-0.0576403603506522	0.0363869654611735
-0.29203901146178	0.213769007544214
-0.79439514096776	0.874747350184026
0.0216122645442288	0.0116968707323699
0.177694036852181	0.116168665516593
-0.55562458308213	0.355472813306656
0.147057850539347	0.0779073045183634
-0.807545725683006	0.440589386228591
-0.20231270309481	0.109668417065921
-1.5600781197857	1.51213089866456
1.04890792108437	0.498520048111831
-0.581307597338448	0.426401909821345
0.376551488393798	0.167096677243062
0.788129449345499	0.853182539994663
-0.790037621064052	0.681799898620975
0.291993949263232	0.210757665723639
-0.135135888638709	0.095329715825578
-0.0611932091119288	0.0386569606429984
-0.9527852639434	1.02017361500678
0.158395036317272	0.0911227695932468
-0.798744772134312	0.61755823004952
0.29959935790159	0.205609979023606
-0.413817662580568	0.236276368219329
-0.961649438500441	0.591804977392531
-1.06648071433134	1.34956204717368
0.166833668222716	0.102741616544102
-1.10976035108449	0.765197710782003
0.49115578064587	0.309480741941497
1.2333544915414	1.03941906924364
-0.392448156870497	0.311963528741308
-0.0478535839046056	0.0301714140465267
0.181090986079252	0.129969987549633
0.573325280919835	0.458420531158979
0.277017142859168	0.225454804196504
0.519684967590329	0.451680001917603
0.649879427842613	0.590825767301183
0.668585069319239	0.694731007339748
0.151845605047954	0.0806177338842292
-0.134442977983725	0.0948554353163252
0.171853216410873	0.105953168966046
-0.509942150730822	0.473445029118425
-0.113841244703063	0.0675129891162652
-0.0651849160408241	0.0412053093607497
0.299413318493127	0.205749376333101
0.525971191366639	0.302908874837298
0.78680626735964	0.622261863394561
-0.149693274222099	0.0852535709787175
-1.85563924109955	1.16406443245283
0.373504015970365	0.165719506035071
0.58932228469162	0.304528474636969
1.23177047277507	1.20458579820768
0.443690399055382	0.320225081700798
0.163844932193996	0.100605124184315
0.728418735641971	0.60772565106616
0.190163337281613	0.137037723280248
1.38588071188751	1.0704968509689
0.0646970543401834	0.0419505552738924
-1.44306715133794	1.55041725417164
-0.348168430951249	0.281984138548697
0.303720157180696	0.209146264967911
0.539527503351167	0.450069351639847
0.772888775786913	0.458621992619318
0.140848113259664	0.0676075212565471
-0.124439128467443	0.0494765452804166
3.63629792702422	1.42164529184574
-0.121676375691626	0.0483804301176356
1.25249399789827	0.677360299966471
-0.121083321791546	0.0481564628616814
0.87950350408883	0.466094009941272
0.155111385030128	0.0290417527313876
-2.30818245015063	1.15400800938977
-1.00455591421692	0.496563866064046
-0.806177229823149	0.537218514165041
0.427726139064257	0.168841338822495
1.31310179325084	0.563385616536445
0.512769172128037	0.180759806127899
0.658157600688591	0.206837664845118
0.155067569950451	0.0290355764553768
2.34135533413392	1.14844291387782
0.94820175004088	0.248479682375772
2.75580772001712	0.763760469153332
1.31310179325084	0.563385616536445
1.02558467001725	0.382518749728777
1.01810403870788	0.379203855378532
1.44450447975593	0.475941549703467
-0.242110936050434	0.0778562762427623
-3.08542618523242	0.949198094742557
-0.632563406792844	0.152610991116788
-0.354815349846941	0.101888689175609
-1.52497036065527	0.541612586959632
0.154465593370314	0.0289479903375428
0.511187733730715	0.180331422147582
-0.102582730028891	0.0923887582913486
0.428499118546633	0.169166907815334
0.670235846552931	0.308134565191259
0.178415270779541	0.127892868785903
0.791058096372794	0.627088909530122
-0.255570935341465	0.191409308763682
-0.228528717852822	0.149370518421862
1.0346015767953	1.441605692871
-0.930012340608814	0.685272937806501
-0.558273835693995	0.597398159569257
0.31166111449534	0.188233252160093
0.163862534501972	0.0943964662716218
-0.879071075272624	0.889119158353847
0.277672382063977	0.217437713800522
-0.506268183438636	0.384026332794159
-0.336999650893499	0.204292319219355
-0.335968337675148	0.203658181079504
-0.400889120196027	0.279029702692234
-0.415249347551518	0.173159047472333
0.421828677837084	0.166370084244426
2.25487859298425	1.72145637289292
-0.168975142967507	0.0605402988532689
-1.29538171494723	0.577437227146469
0.339152358087674	0.169136307644266
-1.56046119672422	1.51297128146201
0.69977054640136	0.706207558780395
-0.281557784393979	0.178038734439859
1.14733940186056	1.308562703524
0.31618526102369	0.191470514146661
0.55963976641115	0.444330872667191
-0.00604828530812654	0.00314025492419492
0.128003827528337	0.0482344496818407
-0.240627572806769	0.0774207528438286
-0.328835844174034	0.151854178815226
-1.29582752385193	0.578160974531549
-0.394384215382922	0.273727501265126
0.153156614367866	0.0812426294425762
0.317836102600534	0.192665634558103
-0.325460428922752	0.150061790536247
0.801571141201532	0.329656916274671
-0.421260393393241	0.241315484314138
0.443560033525842	0.32043025665359
0.425783614163798	0.323462895429017
-0.641769405110934	0.626080907034104
-1.00784058931214	0.911962071227018
0.311753936206429	0.202213256693098
-0.340861555943989	0.243895889060528
0.310404229471302	0.20146506608577
-0.390696277537233	0.310041931242204
0.647935479109598	0.588817823115619
0.28623358278965	0.215750276113057
0.448620446378936	0.324696142332855
0.571607999791438	0.456527385276593
0.148519613497664	0.0787521358144454
0.0197363778038058	0.0107427601216024
0.0667263288425643	0.0433063250008986
0.426960802268946	0.324792689660007
-0.803287714686696	0.535033035802774
-0.41614391306606	0.237915426336524
0.171477594144767	0.105705716540634
0.950081733059792	0.93756045636729
-0.174316301700631	0.0624094753707557
1.06724959697352	0.647139815517969
0.794727020971648	0.326458891409859
-0.796405468804135	0.346111740260538
-0.554923254736855	0.354765059715116
0.475157950732795	0.324525709921326
0.465328741031874	0.316438787507343
0.912610484370128	0.79323030830889
0.704762531127562	0.462877680378875
-0.0452054229614144	0.0215378758402265
0.613969902103126	0.576879558455866
-1.05036292712194	0.847831198978583
0.0487153063370737	0.0300563167261784
-1.50989189857641	0.75951248333145
0.648716055667241	0.462180776381488
0.801786885039242	0.329686341918844
1.55322278137623	0.754063606155397
0.669975753795622	0.30798845763185
0.154465593370314	0.0289479903375428
0.127740324846529	0.0481396538224244
-0.237212899766669	0.0763212805777045
-0.628733247343677	0.151688343674084
0.144304320671072	0.0423970373819599
0.675716089867762	0.31121850434917
-0.625702212359178	0.299926625299963
0.157325350109871	0.02936446462458
0.503199687484611	0.177252156994688
0.124391130548139	0.0414392550449754
0.510967914253512	0.180245566763838
1.44839669376933	0.477459847846965
0.510089510074648	0.179877546335957
1.95731570776637	0.441000340195791
3.26345542626113	1.10199860979414
-1.83504104592481	0.742292078332567
-0.628599509856641	0.151612619227975
-1.14171114622793	0.344693702322242
0.16045117802105	0.0401558290866076
-0.628030265547787	0.151499678636842
0.950426851449918	0.249037516760643
-0.000893486677685358	0.000800211218852161
-0.0397111993831533	0.0189742651368284
0.128673280033835	0.0484868522338571
0.16045117802105	0.0401558290866076
0.806031822454127	0.331901204294119
0.959286092594779	0.950685568170377
0.953179441645451	0.942017235801073
0.854705709176253	0.782978905724379
0.448126492391534	0.324522776939339
-0.166713033806198	0.131222469988658
-0.788251943295341	0.679850084236169
-1.05181742326276	1.10415851821905
0.168644297128695	0.10390296119131
0.682526572332411	0.595548843822498
0.299410294922732	0.216933845362971
-0.0159888251048085	0.0106422704067406
0.573706587484492	0.458764753591636
-0.341102651083517	0.243856411560073
-0.280037731302981	0.177047430842586
-0.810924413364252	0.443326551795516
0.698193004415053	0.457706003902076
-0.281824020608036	0.178231857292904
-1.83530553524322	0.742418988109019
1.05045170776055	0.499417532634873
-0.627970534432838	0.301026304064578
0.67304124957858	0.309966546096241
1.06499193979352	0.644464163522037
-0.0850500493450694	0.0522005789549684
-0.278183065664557	0.175730400579445
0.490456078974082	0.309430309414373
-0.413485532970394	0.236002032317877
0.601165967735024	0.454615589474287
-1.11166818172227	0.767383638710659
-0.241194698180716	0.0775963201393135
-1.11316273945573	0.769347506974417
-0.456847663927589	0.304748436969034
-0.512786269802794	0.27148937354365
0.328315434998497	0.182163115714354
0.132660839006286	0.0566847121262319
-0.677503322268335	0.478340816108841
-0.0382081796712848	0.0182795856056009
-0.661568956025577	0.394852461302515
0.316312594596858	0.20573460641245
-0.41518099973143	0.237259502965858
-0.255358269451843	0.129058050189224
0.939669398857072	0.634760062131297
0.343068448104388	0.171439068373362
0.138311809084913	0.0664732976344492
0.341687154600012	0.170367587593052
-0.226616841999798	0.147931843686153
-0.109274180588353	0.0647143772265345
-0.00793786097168686	0.00405331525618983
-0.253717343087099	0.128121952033653
1.22651461334306	1.19726092651722
0.152125206940665	0.0807720014755471
-0.257495890213184	0.130014700864725
0.169165914800971	0.110136181632745
-0.808161779852685	0.539394243891341
0.345417426227086	0.172769364558937
-0.19351038807588	0.104665821431364
0.585195102475556	0.30181034100534
-0.255215030361608	0.12899391091844
0.380570278636146	0.169088548105439
0.157325350109871	0.02936446462458
0.670571388016324	0.308341959138758
0.3195391221431	0.193923359673499
0.470741528483547	0.320827976229968
0.534421299632636	0.308785902930263
0.147553001449138	0.0782154903792
0.329030461619281	0.182490343554896
-0.793650299520997	0.344601205700018
0.151286254461925	0.0802912536253012
0.497084027193128	0.314410323276969
0.146236927912262	0.0702782733605832
-0.255435218990675	0.128953410411735
0.136861270958273	0.0453939461531857
-0.733240683052057	0.250029440271245
-0.237212899766669	0.0763212805777045
-1.29503373562381	0.577267948395295
0.587922772023212	0.303982058773433
0.129710858795042	0.0431178260696597
0.134088264553694	0.0505027155625481
1.95731570776637	0.441000340195791
2.75807933893485	0.764710363024488
0.15963091503218	0.0399802605532864
-0.204390205401167	0.110832346701535
-0.81333966124059	0.445364281300392
1.02685010343664	0.383062880383657
3.6326714041979	1.41965046916025
0.947770742439721	0.248281535275256
1.44922258720914	0.477763268309402
-0.236865950236819	0.0762080730306188
-2.57660997484294	0.657538252319339
-0.635712548659237	0.153374459528297
-0.628164901903538	0.15157555358925
-1.52955481711501	0.543641482939636
1.44899109330448	0.477667123734845
1.95786695174359	0.441149378722158
0.119270119867064	0.102556268739686
-0.539438704416492	0.202662195535841
-3.4599009305559	1.22709220959572
0.14027070998759	0.0412729382935957
0.657864503304789	0.206616146564203
-0.413648420763288	0.172239608085413
0.852645963707476	0.628677262855871
0.846727102775969	0.623550397925332
1.02447067732237	0.381899446024378
1.23312586255679	0.84726321858255
3.26224218729945	1.1009233569627
0.0504703639984506	0.0311136251946125
-0.00746433507746116	0.0037961628074778
0.0147460806272354	0.00805623772876556
0.469472534554848	0.319794396024758
0.169285791285476	0.104328930573743
-0.800143737379883	0.619070479783969
-0.974578083610369	0.96563520453722
-0.790563396880684	0.868028631657798
0.499221457845106	0.428600696683317
0.283283326519806	0.222554147968069
-0.506593988401977	0.384305188271912
0.173480798633271	0.118760010179881
-0.346518074527671	0.280337793854979
0.0838542774419894	0.0593505038218856
0.167053462705845	0.102830239970398
0.341768759934436	0.170660839612809
0.15607014573492	0.0896744951713405
0.346107190599633	0.172968959614611
0.288386331582655	0.207678006016494
0.432183820409146	0.170673945368384
0.132445438414678	0.0498872328142354
-0.0781547759716228	0.034374979504022
-0.966761848986155	0.595572537015468
0.126856129549628	0.0541503443242822
1.53805221439174	1.86751879604568
0.442645465842619	0.319700508475889
0.730347817283617	0.609812920622674
-0.110315305190489	0.0653916727675962
0.0571084624126753	0.0352267704890875
0.574266755663554	0.459609661871021
-0.631003887082057	0.302869251450465
-0.107565470242784	0.0636740680638964
-1.61836304034692	1.2513954232828
0.144389940892798	0.0424393237157952
0.495507895778233	0.313228071151536
1.3150863687139	0.564688556451063
-1.25979560435057	1.18620387984362
0.644345946378112	0.45847502871455
-0.280196837631268	0.177159825100446
-1.84258874187685	1.69304455859352
-0.396839170104678	0.275758091728911
-0.693982004983416	0.555161899167057
1.06497579950132	0.644868831893705
-1.94023325047816	1.91765054498148
1.23107050760592	0.846112287369764
0.982853960865635	0.804116935772501
-1.5578911908221	1.50966134917807
-0.190106229882156	0.102661265968597
0.742290785885413	0.727572109541785
0.0139232550840041	0.00761829570775989
1.43879814346692	0.881611180766954
0.0176963900288145	0.00959804627181617
0.313432250203949	0.189256701023709
0.166369793385968	0.102381130217942
0.615325099419819	0.672744266905067
-0.468679693469123	0.314319853635618
-0.801707680455701	0.437072709077624
-1.52497036065527	0.541612586959632
-0.0133861710905803	0.00672648683872928
-0.00590108873441189	0.00306601311193542
-0.507146815715724	0.268090757020662
1.04411565864259	0.495318996316923
2.10021124048698	0.924077935460336
-0.507537899826041	0.268387804483861
-0.684942302875899	0.484918690589541
0.779925619972254	0.615328003456787
0.317836102600534	0.192665634558103
0.674410150483169	0.310435009145187
0.913524913744261	0.7949686380653
1.22743606550141	1.19928949970623
0.447412156714964	0.32395047124357
-0.559557294058577	0.358299608675067
0.159058592807762	0.0915300229550309
-0.509195322257709	0.269152742508537
-0.343139409647194	0.208455631356799
1.04079506363497	0.493718951705615
-1.18700183976274	1.2263980249116
0.494945286235158	0.312772311222566
-1.64863376853789	1.70459480857941
1.01961500222098	0.379984696878922
0.12703205067779	0.0542948691687646
-0.113562603126315	0.0451916045301702
0.653826927429073	0.205337088996143
-0.411063550521414	0.171153883302837
-0.00617977901423953	0.00320712843985435
1.95786695174359	0.441149378722158
0.94820175004088	0.248479682375772
0.152096526634845	0.044442514255823
0.345069601977721	0.172542436651614
0.129605375797865	0.048824572939505
0.142306377840433	0.0418148962103769
1.02626205148491	0.382823634565729
0.654703443030561	0.205608890273211
0.94820175004088	0.248479682375772
0.506286345412427	0.178440504115667
1.95731570776637	0.441000340195791
0.948768757521975	0.248549269795159
1.95731570776637	0.441000340195791
2.75520320904554	0.763197913000704
-0.358264019190404	0.102817613458252
-0.738414128880846	0.252090639638632
-1.14088544605048	0.344426431780091
0.269806335051351	0.234227610673148
0.94820175004088	0.248479682375772
-1.83165926032039	0.740451579277532
1.02363521199244	0.381873400117373
0.514431860453614	0.181517099423547
-0.352036490485324	0.101122204058746
3.26406378444313	1.10187162962723
0.670571388016324	0.308341959138758
1.02101623806053	0.963748307366359
-0.00892638474424904	0.00455954813773974
-0.503751031533061	0.265715190610661
1.02131734487847	0.380569582022262
1.31343953182685	0.563371025454142
1.30729482478471	0.560238424285418
1.75366096780886	1.35816883680797
0.422994320121751	0.321275635885541
0.139774852128096	0.0411362731979931
0.948905461162112	0.248586345985544
0.602911318357853	0.456252968855357
0.840101800578296	0.763963037414439
0.310283927806497	0.201159013064035
0.380597361798089	0.325384210169653
-0.19189545993883	0.1487743480358
-0.0435976796005116	0.0207849619859457
0.278831262572616	0.218397136141525
-0.0581214562722539	0.0366860962452734
0.168644297128695	0.10390296119131
-0.0629968442335757	0.0398073788551613
0.177059288898905	0.145743002348889
-0.0604282267297979	0.0381616584746346
-0.1887540619405	0.126826779489733
-0.481891420851988	0.412495009997061
-1.07223579860498	1.36054543894943
0.307980317592191	0.199566872883017
0.284964938044468	0.224032433872473
-1.03320162878762	1.17324653059047
-0.692640591534753	0.554131951484567
0.317683343764549	0.192347255329137
0.389548462657097	0.320904393406943
0.0201241989531136	0.0109004317081414
0.036795643340036	0.0214329865387449
0.15033505644189	0.0796775697291421
0.154000515884616	0.0883845147992201
-1.34503027832017	0.844701684217595
-0.329147982594378	0.152002884124992
0.942922581620897	0.637756778025138
0.160577919159696	0.0923828365841588
-0.282748885000112	0.178954384963689
0.165449901517267	0.101681560805981
-0.0780828764283557	0.0343785485199201
0.0160957069807854	0.00874765218299117
-0.189772815583584	0.127598581661507
-0.443776558050555	0.345136169780791
-0.153543712526277	0.0875737824547743
-0.0109644415763	0.00554679485097706
0.85489597316272	0.631210261694386
0.772174483915393	0.45765096299554
-0.130027871438248	0.0516997523199577
-0.639442035996215	0.623223934714952
1.0441169199741	1.10650546249737
-0.578765968576261	0.423859160053668
0.0638097022325536	0.0413837814276915
-0.39617000281394	0.27499084791645
-0.807917365250416	0.538290071749316
1.23561526904683	1.21159799529199
0.164333850842923	0.101092187483849
-0.256677530842303	0.129644700392135
0.57167234285881	0.457007414545414
0.601971386243511	0.455114486736517
0.0401928727007579	0.0234044535056954
1.04900901460692	1.11538982160759
0.145944139362102	0.0701387716011843
-0.109145248426317	0.0646755356336454
-0.508591147787516	0.472020486615788
-0.470675622165999	0.316010446686236
1.14557669451919	1.42124154343877
-0.114621868977627	0.06801337382499
0.685080148089983	0.598277732262797
0.174299029034196	0.113788249977538
0.495199688351752	0.444623436705142
0.0245678388861937	0.0132831858353236
0.474537807722096	0.439285050096907
-1.69077305617802	0.95111299336607
0.156315885990913	0.089899442557757
-1.00488919428814	0.496747626192119
0.88099839576048	0.466529066729843
0.469308172150071	0.319920203765739
0.144976980831471	0.0425943260188831
-0.418432324070287	0.17452805778287
-0.0353304910987063	0.0169407740569569
0.306138542843786	0.210954691832675
0.469538878840293	0.319762476427243
0.901584659576976	0.779645633809939
0.584277193226462	0.3011241317862
0.608417809196345	0.461543218388443
-1.65136417347789	1.70822025949163
-0.705303759112739	0.624881048490333
0.6885041236233	0.602721465589238
0.136984523713728	0.065723259964257
0.12972701511052	0.0488696838341898
0.583488188357964	0.30097779303358
-1.56201821996945	1.51775923619226
-0.123253920078889	0.0490232450068252
1.06757971885035	0.647026080009867
1.80952767495421	0.700621417412104
1.55339634184414	0.754201422263365
0.515499054941254	0.181746856962572
1.55472173238364	0.754945653890023
0.134663561206417	0.0447043906173227
0.155111385030128	0.0290417527313876
-0.738079783119958	0.251987608125061
0.661811042100157	0.2078534144171
0.671426153581554	0.3087620734569
-0.624501462907049	0.298906969740345
0.134796989185734	0.044763826715822
0.324420076571648	0.179497011757384
0.656014281877058	0.205959668867586
0.156896734628332	0.0393320207188234
1.44922258720914	0.477763268309402
-0.626075023442282	0.151167646950723
2.75520320904554	0.763197913000704
1.95731570776637	0.441000340195791
1.45114635521655	0.478471348903038
-0.628867026021838	0.151670609188118
2.75807933893485	0.764710363024488
-0.742101285286405	0.253499136601578
-2.5766529574574	0.657773148602288
-1.52497036065527	0.541612586959632
1.95786695174359	0.441149378722158
-0.172982389859187	0.15100580090111
0.127141626540389	0.0479115733238652
0.157370411029726	0.0293708256249034
1.45114635521655	0.478471348903038
1.95988292961267	0.441702177751728
1.45138090115721	0.478568850670936
1.44839669376933	0.477459847846965
0.698631984203314	0.457230399626594
0.510839396613925	0.180141996770445
-0.54070401543365	0.203254410003037
1.44839669376933	0.477459847846965
0.143467885183021	0.0421790290070851
-1.14523333483643	0.345843348749308
-0.538867626524031	0.202372193079411
0.135364021327178	0.0449437078279942
0.534421299632636	0.308785902930263
3.63629792702422	1.42164529184574
-0.0100108693496532	0.00509601452138369
-0.577139590580354	0.422687044079827
0.698536853902949	0.457284817892932
0.144716526837951	0.0766155374530758
-1.60434042525653	1.92329957230015
-0.800946972869574	0.941448734550532
-0.0445285117474655	0.0212234532327812
1.2256161063522	1.48345794023025
-0.695194243365476	0.612434686604483
-1.84016552352523	1.69049721267857
-0.935135592029543	0.690057908273133
-0.186834055410686	0.12540554692005
-0.294552615446264	0.21598122097717
0.176679240655753	0.126429027119693
1.23118999316873	1.35601688542212
0.508400452583504	0.322987344072425
0.533347328459879	0.307628952496058
-1.28504241854159	1.59312278013019
-0.3950480472896	0.314307730512135
0.923094656543745	1.04092059351864
0.571491173712749	0.456468003567186
0.423758998073314	0.321910225440098
0.683774886095803	0.596492533532264
-1.360703004666	1.13720471792845
0.131850096082115	0.0496765164754003
-0.413428194320737	0.236236427726743
-1.00544617554566	0.908278125600275
-0.164871681027419	0.0590573757996175
0.136232409391936	0.0652977139166454
-0.933306915582393	0.687613001720665
1.60007922195649	1.10385996142446
0.420923941760099	0.16593978696762
0.287750063888995	0.207200643935291
-0.554007147588077	0.353644361147243
-0.0303302003192405	0.0196742051160751
-0.278849956657629	0.176063170455591
-1.00984385757767	0.914758169020376
0.0199864424413527	0.0108538725794456
0.58582326390311	0.302158236366012
-0.39457775866324	0.273775845689328
0.804344454513009	0.331111351364724
-0.811365782332191	0.542318207511123
-0.412594451513588	0.171856355506214
-0.278449132122631	0.175771816308651
-1.48984356665548	1.04135003321631
-0.322542704196169	0.148672259692575
0.671166583876549	0.308670070263109
0.316728579508029	0.191670531197843
-0.793085451058619	0.344330406086191
-0.0790661509493314	0.0347683268827979
0.312421276336561	0.202858496757171
1.23683502567972	1.50314819681622
-1.15011436381712	1.00267623625181
0.445367776450225	0.32205574732953
-0.0598414716873991	0.0453157647542653
-0.630449307950457	0.569241065831958
-0.533387998839982	0.446564435411489
1.0476706981431	0.497602919891168
-0.0720367342851371	0.0317580450499148
1.23039683722811	0.846008434125706
-0.0369604920558419	0.0176993719238018
0.281593238191661	0.22095085952801
0.183458880773599	0.142190025612972
1.04515557784367	0.495950978123491
0.30286136912282	0.195758811868994
-1.34702017038397	0.845703230917462
1.04815319884068	0.497931909325788
-0.359141638818634	0.103112871302961
0.155067569950451	0.0290355764553768
1.01868988091969	0.379571940690884
0.322435253438749	0.1784353253351
0.151017216852493	0.0800586005958577
0.15672706857762	0.0833108686260968
0.147618566892091	0.0781974014250772
0.15057857366081	0.0797957213794855
0.296503564603193	0.2143886208847
0.843477793330029	0.768675793160301
0.134604909107304	0.0646716246299764
1.68211810568584	1.95701680914832
-0.236066243390965	0.154732867446651
-0.414916683326375	0.172824045878667
0.729248964937898	0.607970935452828
0.131463990676715	0.0437015090033304
0.425281606664403	0.167780963846818
-1.50548263846326	0.756965523445421
-1.61609683809844	1.24901158868659
0.143477516670026	0.0421253750116672
3.63800215358027	1.42157836230782
-1.53326666156506	0.545110963407603
-3.45945095257726	1.22747869975084
0.145227337337459	0.0426443607563146
-3.08203048704882	0.947509650360219
0.944504519928106	0.247598335656165
2.75580772001712	0.763760469153332
1.31366843634341	0.563614405395139
1.95786695174359	0.441149378722158
1.95731570776637	0.441000340195791
0.948337549654709	0.248516516252871
0.154465593370314	0.0289479903375428
-1.14088544605048	0.344426431780091
0.660638687988492	0.207526442563452
-0.388221748508982	0.455445893204402
1.02592340208434	0.382810966482796
-0.626075023442282	0.151167646950723
0.154509067766894	0.0289541162362231
-1.85846998977206	1.16644412000466
-1.18433444905884	0.660318604057607
-1.14111344283696	0.344497381350969
-0.202033040497087	0.109515951594739
0.801855724958264	0.329978129287869
-0.165868726206903	0.059398359502228
1.31075302529266	0.562166881695306
-1.85565873045026	1.1618693527825
0.50720087150347	0.178829201945322
-0.354815349846941	0.101888689175609
1.23478195120938	1.04130031071485
0.132951093876262	0.0441757525557606
0.336739046339127	0.167865152057508
1.04459638890115	0.495573049358365
-0.235680684795739	0.154481902873023
-1.04725220025728	1.4026558536451
-0.344518382419304	0.209378276153116
-0.478677468882083	0.408650451261907
0.348431380849511	0.325487617935665
-0.116917415804969	0.08434845284089
0.846596936741548	0.77281260696118
-0.189764585867589	0.127507161738681
0.617417010679791	0.581153708315513
0.0558396365495103	0.0344376393193409
0.430283422785086	0.327979848736611
-0.534423181557059	0.534032114686668
-0.0903102284585877	0.0661512468684617
-0.217152091583885	0.185604060823003
-0.164554448048138	0.113735156726597
0.0915158514057152	0.0673076323912672
-0.290599174840619	0.265670761908766
-0.392855053482023	0.347061662608235
0.176251027877264	0.120836201771562
0.270958826335178	0.242679828200941
0.103822450961738	0.0817236103000258
0.274965051157956	0.223480168999709
-1.09723958167709	1.06234535991857
0.16479231007727	0.101331212370593
0.13623529365206	0.065359227435689
-0.084348116036189	0.0517724176530458
-0.621986985476955	0.297851815151627
0.803620921341924	0.330666152724973
1.08844582284935	0.822269124164497
-0.338262795911574	0.204932837013689
-0.254011101623841	0.128275715441553
0.540660347896027	0.450997569150077
-0.789227878159132	0.680556126074777
0.729967270468395	0.609429946301632
-0.442797549244723	0.343926194063761
0.428905628800728	0.326605961669815
-0.510537056187024	0.47425078564848
-1.05659247108158	0.856331909308188
1.03081842639762	0.978342951144547
-0.413771919872064	0.236174572792223
2.01008423966356	1.89003436080544
-0.336259793388764	0.240090459373858
1.09073784304578	0.825281343687069
-0.47053344831458	0.315962141434025
-1.73148222267703	1.46221552111166
0.592217345746987	0.30641250984263
-0.808482858365808	0.441259143602958
0.167891338694868	0.103408473877817
-0.116221477369235	0.0689899865720634
0.407997158991668	0.323717375543806
-0.578468372244014	0.423972699308608
0.429709841598068	0.327468107249513
0.0382869243316224	0.0223144564207994
0.171524309540751	0.105700350673784
0.295831215014019	0.213924767854015
-0.0402833582166176	0.0192440608910917
0.175143313512117	0.120031979120267
-0.58387548545894	0.42903565886048
-0.689551432105815	0.550679434393372
0.787956356182149	0.746677286727051
0.302165567496823	0.207651559830534
0.495056296383064	0.313178377921025
-0.465200716136669	0.311813942911689
1.75396515448102	1.35855644791275
0.321727600935101	0.195400281189275
0.589776261626786	0.305146367169594
0.441969832198157	0.31891509402009
0.294213250624625	0.212407703946944
1.14378098156385	1.30284319592402
1.22866509740916	1.35194610974971
-0.01503697887407	0.00754489226883301
0.998264421455107	0.821803934357635
1.31275235192293	0.563405500186811
1.04836317982236	0.498217822369961
1.95786695174359	0.441149378722158
3.92936359942063	1.70302424744953
-3.45922605387697	1.22727228815634
0.880085834837522	0.465830263044958
-0.0734384542323317	0.0323643349727654
-0.742776335066151	0.253679551734855
-0.739003822726622	0.252222384495429
-2.25233898038537	1.90233412230322
0.952960668065698	0.249631740841768
-1.83470480543889	0.742065970342523
0.155111385030128	0.0290417527313876
1.81826867111223	0.704762090721195
1.45138090115721	0.478568850670936
0.948768757521975	0.248549269795159
0.154465593370314	0.0289479903375428
0.94820175004088	0.248479682375772
-0.628733247343677	0.151688343674084
-1.1414839653338	0.344622990730584
0.659032459281836	0.207041754611057
-0.194262589280388	0.150836369571005
-1.29075716654636	0.57497772122483
0.146332921310034	0.0429416898033695
1.44509906384746	0.476148552116978
1.31275235192293	0.563405500186811
-1.11112767215023	0.766579733783713
0.130323873520588	0.0491059528446299
-0.661792277377052	0.395069680285659
0.588546779306869	0.304364903506276
1.55563768080424	0.755897558752995
-0.354229439997714	0.101697261087168
-0.236989724567202	0.0762485047293907
-1.52896155531942	0.543366808154917
-0.997239885973177	0.49199767471028
-0.803572943144849	0.535289511805048
-0.328835844174034	0.151854178815226
-0.680825219262393	0.480845533184632
0.883261506201147	0.468247227057581
-0.161878526818514	0.111710724303782
0.951182893957394	0.939480838486609
0.324765116721152	0.325830138872177
-0.424343740118594	0.367266441286023
0.951249436643236	0.939273426369068
-0.536065633458952	0.536350053042671
-0.897112416325203	1.27326376038802
-0.0124648833568705	0.00629094416698871
0.6140813595049	0.670740295608528
-0.190392616669915	0.147487303802491
-0.224811359240671	0.193119240434926
-1.03351697429765	1.17332880847993
-0.717049346688556	0.692768328440425
-0.388372214446422	0.373795645022074
-0.583616230945517	0.57668113982581
-0.795070076960361	0.931699135707487
0.0907131872490091	0.0666769282152671
-0.657394764263815	0.690021342028474
0.12304323406678	0.108571955040822
-0.633874135267616	0.572941658923458
-0.737588291981355	0.919179139470036
-0.223473134497185	0.191744237370639
-0.353378290527345	0.286937995109948
0.0948662494835803	0.0698668760581192
0.301588415922621	0.207410760847804
0.568668447771081	0.453872370643395
0.30232920530544	0.229740303298395
-0.807139166139028	0.538001772268611
-0.192462727288058	0.129487403280556
-0.336660347481169	0.204151119205819
0.130658069144789	0.0492298941542097
0.0771315148418629	0.0523790817793366
0.282808005708771	0.23068048719431
0.0171866325969266	0.00933297919331771
-0.393702184537833	0.313018690201688
0.690877194817236	0.804598463666951
-0.107528666479974	0.0772512066652981
0.794228323188481	0.862240492933384
1.02549763008328	0.971637935924774
-1.49557819539381	1.04885551189891
-1.0030160119447	0.495866412258457
0.307060299589238	0.198669065165743
-0.95161199415968	1.01798278067213
0.427348508713517	0.325290186052407
1.76752655336473	1.81494746347924
-0.00673006493848704	0.00347636316197161
1.09207493986063	0.826888656732601
-0.509112835332877	0.386629412770701
0.457038566884022	0.43572443032219
-0.15175705738982	0.0864788616122722
0.64309781824609	0.582246468164523
-0.131359397698139	0.0925165569583802
0.888150903062961	0.908083903375412
0.56213824360173	0.560933703130608
-0.0271326967507273	0.0179527885606658
-0.593107850726058	0.589228464264992
0.60857927143732	0.570432625649469
0.305172436905915	0.197586581303039
-1.18465167213685	1.22244988192645
-0.152710312182505	0.104923712948097
0.174117769302102	0.119242318499211
0.845044191549694	0.770873478451094
0.464638451520723	0.316083320303451
-2.65427985709144	1.61948626480728
0.578429461604126	0.558382930739292
1.89179481545407	1.6282977818303
-1.31184394394882	1.81516976599241
-0.22872107311083	0.149440060558313
0.769736489842755	0.455776825699115
1.44839669376933	0.477459847846965
-0.35262379016767	0.101278913820777
-0.417131138237592	0.238601759920207
-2.25049219219994	1.89968482136129
0.802704240998476	0.33025128123342
-0.076607973469699	0.0337127735000722
2.33842592547281	1.14619164851825
-0.23522957281847	0.0756912588669357
-0.418699120063541	0.174624493913997
0.155067569950451	0.0290355764553768
1.02212623462815	0.380948102315312
0.513331621229635	0.180931780396043
-1.79840965860499	0.382877827643389
0.94820175004088	0.248479682375772
0.141534099969908	0.041600735872343
-0.556300877752431	0.769598287689165
-0.237437039825944	0.0763599123457812
-0.169573605704574	0.0606638826665737
1.55770066431938	0.756785003922843
-3.08189869996978	0.9470994296719
-0.191529299608397	0.103479079335896
0.145122129909196	0.0768399083315411
0.585503605253612	0.302627019827058
0.85325694967524	0.62944573105369
1.31834040226142	0.565982656192084
0.945072510336007	0.247668267417156
-0.628164901903538	0.15157555358925
0.143467885183021	0.0421790290070851
0.131182346173996	0.0494239428300676
0.777767612019192	0.462658321246098
0.492229762570699	0.310839148991601
1.31196676791469	0.562729963486004
0.170791823250068	0.126695712247884
-0.113983374206383	0.0676391554596403
-0.585362117640639	0.430483750267031
0.0858110363697829	0.0629130353018404
-0.928817990931773	1.13500234586273
0.571793077684706	0.457112644428091
0.531113110310678	0.540952090126006
0.568931481327257	0.454126696436437
0.0624950321540556	0.0405007411143078
-0.144756942065752	0.0823444752360395
0.17445955404962	0.124792496378998
1.23177047277507	1.20458579820768
-0.256805278840092	0.192484352388233
0.574705924734824	0.553517921439108
0.277701035217999	0.226045639827817
0.685893294644449	0.599681131991474
-0.581307597338448	0.426401909821345
-0.00272457244896121	0.00189077628391986
0.287139939785688	0.216546506641896
-0.226425709528643	0.14783804283461
-0.160470260617973	0.110710917198394
0.787134968528982	0.745445509675186
0.589464667908567	0.304977824579916
0.938014003377948	0.632260997841245
-0.197820617341592	0.107130833016635
-1.00070780910999	0.494095781511885
0.127400928165014	0.0480444248477577
0.129758591124513	0.0554306708744218
0.377522545229957	0.167567105298898
0.137545017702438	0.0660397906217819
-0.468102853441426	0.313957134623048
-0.0541337863447362	0.0341580372067907
0.648237020233845	0.462329546367603
-0.237519201677357	0.15585466899221
0.492963540363094	0.311100338433214
-0.800953113934372	0.620032141490811
0.0563318980190859	0.0347593703119461
-2.13653781757529	1.64794122369155
0.034419572993591	0.020026822450521
0.133278306932504	0.0569513571942704
-1.61733987742796	1.25099480253163
0.30304036125645	0.208549734748389
-1.00718746638	0.910968655361874
-0.256906863070567	0.129765301715378
-0.937203465751302	0.692403472570381
-0.00713594132997973	0.00367746055461426
-0.389292737335535	0.343394569272607
0.410066905987031	0.325893763110799
0.161504793673324	0.0930310913288786
-0.00494494810136126	0.00259696601647665
0.379331145737369	0.32411220061128
-1.46141168723451	1.32160040523404
1.67911578839436	1.95068824314732
-0.872131204260936	0.879223526103255
-1.02988218437701	1.16758558356595
-0.335899018512782	0.203577498085336
1.06695149496246	0.64684443034121
-0.512968242290168	0.390130035681064
0.428971100290613	0.326852386378288
1.23173773426711	1.20593697596914
0.994313636193794	0.816966295487413
-0.147238202580018	0.083850177792656
0.128832734334698	0.0550248255568024
1.22949103515534	1.03424358927853
0.469472534554848	0.319794396024758
-0.113342447300831	0.0672403012177549
1.09200898460661	0.827725937809585
0.530463462219762	0.305496460932106
0.744784994072171	0.730654501374623
0.94820175004088	0.248479682375772
-0.354815349846941	0.101888689175609
1.10785760999193	0.993140912509875
-0.198852497690118	0.107616296168682
-0.237734534646551	0.0765149348263535
-1.14559783756009	0.346052129596875
1.76247306121477	0.966423627602267
-0.354815349846941	0.101888689175609
0.154465593370314	0.0289479903375428
1.95988292961267	0.441702177751728
-0.355394630173918	0.102015543768339
-4.01193246433531	1.72463037714346
-0.384922532451475	0.449941382567479
-0.789386763625026	0.34250460133574
-0.242110936050434	0.0778562762427623
-1.52499008340819	0.541418114624462
4.16480743748042	1.96391658672842
-1.14171114622793	0.344693702322242
-0.411662068870429	0.171457253105263
-0.342774174275808	0.208114767264049
0.510967914253512	0.180245566763838
1.04660747403092	0.497178760357721
0.933588025234752	0.628240371880019
1.02455981174032	0.382091874796033
-4.57718823557799	2.49251862322464
2.0991329538262	0.923165538283533
1.55183311001027	0.753399095718747
-1.83139270651508	0.740181168650308
-0.624824451696218	0.299085257385298
-1.04687191417195	0.412486748895758
0.425973045957768	0.168010824921803
2.10114269367742	0.924635433318668
1.04989721959839	0.499092239481372
2.33842592547281	1.14619164851825
0.341991383777001	0.170558622885727
0.0179856326440214	0.00975983887575505
0.162809937378782	0.0937390735322117
-1.09927679401937	1.06599838887976
-0.57969960608853	0.425172891239156
-1.24239630735096	0.947424179102115
-0.155700084145254	0.0888598456362718
0.46997160029879	0.32048463901641
-0.9661046610391	0.596054432906184
0.132526075121962	0.0565462100364261
-0.198314839121103	0.107350072233108
-0.415073805028997	0.237218230239851
0.542177931840888	0.452588521159943
0.30959230866956	0.200809962260033
-0.230314091043846	0.176474665453555
-0.393427779346081	0.2729860228575
-1.64983405824802	1.70570312798736
-0.797401427104193	0.757674947964619
0.283195997642033	0.213133843954617
-0.414058357173226	0.236332441524054
-0.890084941729997	0.826970574100985
-2.29937861168931	1.14669485731287
0.889706378290081	0.472778288735199
-0.00358082882396166	0.00192630532343332
0.58565092474121	0.302565370854111
0.802704240998476	0.33025128123342
0.157806791628713	0.0839274380420612
0.884107757926487	0.468945532977705
0.885390612726531	0.469614451954308
-0.197871021803779	0.107062674583407
-0.998444255827471	0.492657977518013
0.426053791084352	0.323929437449263
-0.806750548747773	0.441050132698012
-0.53874057789979	0.202401825815006
-0.662154855715363	0.395348293665247
0.884089858217768	0.469340266806164
0.604254696807949	0.457533521597657
0.489490640792519	0.308657325900767
-0.796472263953811	0.615555434454746
0.94661065117041	0.641342855652168
0.130229401607723	0.0555523028434548
0.139837292962633	0.0671168666103984
-1.7389108080175	1.47429767666121
-1.73308308800291	1.46661908805246
-1.18554156921173	0.661825405236208
-0.437770888043223	0.339426356283716
0.138239120185254	0.0663079869940143
0.643794361467662	0.457779270665526
0.591303356385791	0.305825227482059
-0.801868717880898	0.620435286538961
-0.557895187420533	0.356835063192332
0.147786166389649	0.0782255373609889
-1.0513990367827	0.850550079381171
0.0516122090118025	0.0318325603508353
0.125609750837894	0.0536135320946115
-0.112002954998565	0.0446033733688569
0.147679086870612	0.0782903739646227
-1.29698130790057	0.578429185371227
-0.50435518614772	0.266152831092033
-1.34889537146582	0.847465590380456
0.705418788555529	0.463263102133418
0.468705969089712	0.318920655002453
0.770146526890016	0.456909603832507
-0.553378472035461	0.353254851957019
0.512321829500026	0.180674048803135
0.321636162741401	0.195125082919008
1.43634499948318	0.879102311262163
1.35438840535854	1.25338124194912
1.12954462796376	1.15627350421237
0.52669266768251	0.303100094508393
0.297678503556882	0.204229435673909
0.132566102768721	0.0499163400243358
1.02586910059154	0.972083623689203
0.513297440290374	0.181056085890725
0.645857202861574	0.45995760352884
0.774178163234416	0.45972220708713
1.95786695174359	0.441149378722158
-3.45945095257726	1.22747869975084
-0.168663393721381	0.0603724956040683
1.23146503550047	0.845038371561102
0.130323873520588	0.0491059528446299
0.513646005292164	0.181128642856017
0.131190430440417	0.043607248787474
-0.354815349846941	0.101888689175609
0.144976980831471	0.0425943260188831
0.948337549654709	0.248516516252871
1.44862736407577	0.477555630338169
0.948768757521975	0.248549269795159
-0.539884754000364	0.202777184376746
-0.0330737292701977	0.0253007735975032
-1.34583269547314	0.843963640420916
1.93772201585156	1.1876639948189
-0.363196548838041	0.104223897327175
-1.52525862148376	0.541687313963439
0.373009374712381	0.165400386903717
-1.69398351198074	0.953209725297627
0.136589296650132	0.0654816461969539
1.55287065064265	0.753512057969004
0.4187085493114	0.16504840979534
0.513527028439389	0.444816029890471
0.696237553820279	0.455249833532676
0.0141909464868969	0.00776041926997203
0.327972095426174	0.181823295057912
0.133160795773977	0.0501507856579274
0.137427081968539	0.0455820755982064
0.154509067766894	0.0289541162362231
-0.628867026021838	0.151670609188118
-4.22581657690928	1.96408199501772
-0.322854497726682	0.148847586385378
0.146332921310034	0.0429416898033695
0.165517553981532	0.0954015203191893
0.510839396613925	0.180141996770445
1.81235300959058	0.702242876396542
1.3150863687139	0.564688556451063
0.134368673073161	0.0573493611121326
1.81235300959058	0.702242876396542
-0.692550586381431	0.554026585804652
0.149212518018496	0.0790391331049016
0.180631410291067	0.13478968256095
-0.64939645390829	0.63626984929359
-0.221642668704653	0.169032694011011
0.178143578902746	0.122185534389968
-0.0175205095784437	0.0137781230144763
-1.14322115996995	1.27817616478836
0.634493970016083	0.572131769813509
0.832688104815913	0.876924270752468
-1.18576403264809	1.22381460809124
-0.217503545057261	0.165420264471307
0.189807167968023	0.147625835733429
0.116248356811753	0.0973262711549429
-0.194663161397013	0.151178051664503
-0.231280543250287	0.151346640523631
-0.706122856278481	0.625706714051363
0.0128575779988112	0.00891989571329417
-0.139025182158999	0.098295433057337
-0.287200839140117	0.261964692437277
-0.157618820209602	0.108480943314695
-0.319936098163889	0.264730865106157
0.429150683891177	0.430951864137673
0.0766815657529994	0.0541001317457372
0.131814043124596	0.0438161720723548
0.123819504700162	0.0467310347737323
-0.940462512973651	0.695772895362269
-0.326706420774188	0.150676078031383
-0.505955498703936	0.267011012146868
0.425167304475746	0.167813808376943
-0.687925736230273	0.487594602379288
0.122175950186532	0.0461072139338505
0.681839649029697	0.594014817812534
0.138268969280216	0.0664163020380255
0.172817482494669	0.123516245552024
-0.149175535871495	0.0849703294289655
-0.478513918924788	0.408897574210104
0.380396199671585	0.325130458813033
-0.395514512848902	0.274498893096973
-0.278827051135452	0.17617801682345
0.17152971390017	0.117338892441167
-0.705219283268592	0.624502953092416
-0.790219131055702	0.342560224844598
-0.338901507572547	0.24210407937447
-0.160668906179847	0.110866760921453
0.0498387312912336	0.0307235395594156
-1.00075889534507	0.494647107908871
-0.0754654389558725	0.0332355517878764
1.55174017229736	0.752717131207676
0.608558068089339	0.461778204402163
0.94957862211494	0.936520542376518
0.411527681308206	0.327388294400433
-0.586251937843396	0.580232444014352
-0.446155601066319	0.347555452970114
-0.0335511769749867	0.0217495028018513
0.591422139809008	0.306180280547431
1.35801035158619	1.25750529973011
0.536634877810244	0.446759530228959
0.847508393594687	0.623118316103204
0.37719892423885	0.167428598365971
0.51620588590169	0.447851761914151
0.0497650848989536	0.0322221788516564
0.716455917473699	0.814135834272351
0.502848017421805	0.177122784241691
0.144385246238792	0.0694385377165542
0.152103141857544	0.0806521956227745
0.651463057725333	0.465275529945334
0.69559941183419	0.45522476618541
1.55713813466701	0.756332773751855
-0.4708036117275	0.316177654266837
1.0753985290829	1.26335452029921
0.348108522874215	0.174098522108694
0.937069609450538	0.631314010691336
0.647362022184166	0.461445240092654
-0.416693095622326	0.238475182037057
0.506985941033904	0.178701728610087
0.324070475144127	0.179498877599934
0.586862632728758	0.302907595174976
3.6326714041979	1.41965046916025
1.95731570776637	0.441000340195791
-0.355104953248248	0.101967480674674
0.805116244112889	0.331471066458395
-1.00064515503921	0.493786893688021
0.124039163201388	0.041320652448604
0.664587096002414	0.305254515644666
-1.85318702918919	1.160296883049
-0.539312347732804	0.202625351504848
0.159402290839324	0.0399177124259514
1.95786695174359	0.441149378722158
3.63629792702422	1.42164529184574
1.04070476178387	1.45418551137558
1.03989141335332	0.492998127324037
0.154465593370314	0.0289479903375428
0.510967914253512	0.180245566763838
-0.114522172747466	0.0456181853041038
-0.149835136610665	0.0853905258927483
1.08949233329349	0.823249844070974
0.377786837575273	0.167726927816864
0.33844700868103	0.168837412325994
1.74840192365859	1.35006657797627
1.04759640633222	0.497574511501099
1.04480901675325	0.495932284777841
0.13328328820967	0.0569457680764617
0.533052415292891	0.30747342091057
0.1303956915826	0.0491127804661128
0.156070095129669	0.0391676647119387
0.651955941439467	0.204522552727668
-1.83105982818556	0.740099638711398
1.30785910565979	0.560597035734697
1.04822633276355	0.497806159371281
-1.23885869857629	0.94112373058969
-0.671390638512087	0.402228613972638
-0.0738214879395876	0.0325386172378161
-0.74243876954869	0.25362235352836
-0.356952421866901	0.102502236157484
0.808443090829137	0.332994891311029
0.156896734628332	0.0393320207188234
0.800732484930354	0.329422357686243
-0.79667275267392	0.756386728364153
0.28871499173077	0.217825574867242
0.43735008423615	0.334421477188894
0.950604654293355	0.938321065567567
-0.581968794184943	0.426963881373622
0.407444237717342	0.323285393497551
-0.586617467546501	0.580160380781899
0.0365339050108067	0.021282518978988
-0.156512374490275	0.10775684376227
-0.0261980281972552	0.0173411968865081
-1.1052475774561	1.07395444711416
-0.631542752409393	0.570523397715118
0.301387795851352	0.194688596577607
0.170472343397478	0.116518972618748
-0.860679189790217	0.998466046911104
0.567498608619645	0.452578717955851
-0.248132386972414	0.210192769824241
0.446315642704255	0.322906099078537
-0.446282194917041	0.34762270165002
-0.382789777662613	0.336087009386844
-0.149959399157922	0.085471495001811
-0.0826540767758971	0.050690940546964
0.454928163440272	0.432957461458343
-0.335351241326394	0.20319337075891
0.0139232550840041	0.00761829570775989
0.476658667416669	0.325514319444695
0.530890073192666	0.306271327214717
0.13571412709247	0.0450530753488282
0.886361496446088	0.470450698347211
-1.10859831680392	0.763452867668664
-0.236865950236819	0.0762080730306188
4.16353012204261	1.96268998387972
1.01780065603045	0.960342840984831
-0.252327588510448	0.12745336459135
0.0152733559861857	0.00835843530568395
0.790554170245101	0.855918604547526
0.337744275781754	0.168471026488343
-0.508203171715136	0.385562465851332
0.304979068881343	0.210122345864261
-0.113983374206383	0.0676391554596403
-0.890153286133285	0.827135199784419
-0.323790233074692	0.149308363719974
1.12055192677342	1.00971293626415
-1.04802119448081	0.845106810456201
0.176672398721589	0.121123323991309
-0.890342161616904	0.827855212820175
-0.419032999305864	0.174774111736774
-0.553782800583706	0.353439563578664
-0.18913570037975	0.127125300422723
0.515027252768909	0.446283842506286
-0.551399285389465	0.352068876530557
-0.469455820593568	0.315185834509928
0.517955405539659	0.449604488604546
0.583841416983714	0.565224653951329
0.741533443702488	0.726671338153544
-0.390124523760564	0.30966827993761
0.934239859487536	0.628961855224419
0.512103476504473	0.180655514559587
0.153173776704961	0.0879418501542881
-1.34764154552807	0.846119358060111
-0.25623784972197	0.129559211249805
-0.23522957281847	0.0756912588669357
1.06799362498327	0.648564232268897
0.341768759934436	0.170660839612809
1.33263365014788	1.40533980782203
0.494945286235158	0.312772311222566
0.449081427666628	0.325384478303373
0.303371937629969	0.220174692710534
0.791053105063629	0.750470800045672
1.09207493986063	0.826888656732601
-0.0448292302760864	0.0213497749083302
0.147386000325911	0.0779902311224963
-0.00494494810136126	0.00259696601647665
0.792851614603225	0.75268959634853
-3.16375764099185	2.78590640114996
1.60100525680074	1.10542161609291
-0.355104953248248	0.101967480674674
0.14380305748793	0.042271222114559
0.126279530758567	0.0476107769003057
1.02626205148491	0.382823634565729
0.161043695584893	0.0402684742968713
0.655285284601054	0.205717641865354
-1.05783777480402	0.85784289410287
-0.23522957281847	0.0756912588669357
1.55265783773452	0.753699130068357
-1.79840965860499	0.382877827643389
-1.14088544605048	0.344426431780091
0.947635845528227	0.248244973505163
1.02592340208434	0.382810966482796
0.159992352718576	0.0400538861334557
0.143817020419273	0.042209488638599
0.144976980831471	0.0425943260188831
0.137317093637215	0.0516840060252092
0.884107757926487	0.468945532977705
-1.50931959236161	0.759486805982778
-0.196403663644479	0.106244487657937
0.770033052775757	0.457091938967307
-0.196001043641754	0.106037317974827
1.38267030993388	1.06636081638651
0.30732882638793	0.198879100418474
0.600501960803706	0.453611567793475
-0.415785083697339	0.173214573475784
0.431070466345996	0.170227115144882
0.143132619682455	0.0420748163550394
1.44981862951738	0.477799018830262
0.161043695584893	0.0402684742968713
-0.240976410898063	0.0775300306973211
-1.2948051112795	0.577362423726676
0.320983182818548	0.194864023612021
-0.187213514685618	0.125685482139131
0.658157600688591	0.206837664845118
1.81264504950119	0.702404900566408
-1.14088544605048	0.344426431780091
0.799449870454357	0.328747918236032
-1.50794706066394	0.75869717656901
0.42674901755277	0.168383534172577
-0.233062770301581	0.152636171692421
-0.954273874314306	1.02310321326921
-0.170104463748294	0.134123969480855
-1.18911630021775	1.22889061405925
0.473475325316743	0.438383469425408
0.274373615895391	0.222830521142806
-0.626836786440588	0.564867215266708
-0.794426384359466	0.687535457918011
-0.791927250812643	0.749884363180024
0.571491173712749	0.456468003567186
-0.108505132056272	0.0779826113001093
0.0771689472856063	0.0524326711679103
0.0452112567415021	0.0278900734591482
0.617821934596025	0.581774804186203
0.405838145606618	0.321541854938434
0.169318714040303	0.104269526146195
0.0787208848704722	0.0575100317381307
-0.429842590667941	0.373220888399657
-0.869582265715838	0.87527877913312
0.293303266702111	0.211815300567855
0.615130574295265	0.578385189902298
-0.426149548635362	0.369294034993292
0.292414897976944	0.21104027876189
0.16395161981566	0.0944961176875564
-0.467531395323579	0.313694816501871
-0.501141263233712	0.264235837513735
-0.893542962256379	0.832043112242078
0.882287999592736	0.467411795611994
0.375267251572156	0.166613055379071
-0.1509692155579	0.0860600323932681
0.644622339882237	0.458805806276324
0.127668996962389	0.0480973768293819
-0.277246761141497	0.174899220395743
-0.2193047563557	0.166959146402762
0.616575344568458	0.580428921007436
-0.151706687144009	0.0864740326460043
1.2251084097879	0.839842648000315
-0.966474022084964	0.595359261324955
-0.0740719919840927	0.0326409434947371
0.135308208894332	0.0649218855246896
-0.196683801155204	0.106409496024457
0.159402290839324	0.0399177124259514
-0.148486791629321	0.0845654734285769
0.58565092474121	0.302565370854111
-0.148174579007423	0.0843988428580296
0.031806034934274	0.0185857476245845
-0.168098950998947	0.060182556134742
-0.28439017667771	0.180009323632206
-0.97394065240444	0.964495878745017
0.736882055648458	0.616632207498245
0.476203939533834	0.325600507897971
-0.788998012775254	0.807897468828298
0.175439528317397	0.120237249761968
0.539428811030683	0.449854089254178
0.790818160527169	0.856964334432424
1.43751431210785	0.880312442487084
-0.632424041671007	0.152580102364835
1.55655294386553	0.756146739951765
-2.57968420714322	0.659073447553718
0.127405387111306	0.0480111839782604
0.316298532276205	0.191304322152392
0.846070409785273	0.772055461399264
0.0346238547519375	0.0201954371104625
-0.797523367026676	0.690465816566315
-0.68230446290672	0.483123813229809
0.297276796709828	0.214927718995871
0.305019072618336	0.197286921543764
0.294112940812809	0.212405782200165
-0.539404807221458	0.453072067849258
-1.1158267966912	0.770490500649649
0.0364634107180935	0.0212605870329664
1.23159696093827	1.49478682280813
1.33374902887748	1.40689355822602
0.849087668427619	0.624840492445427
0.344507335808554	0.172008714040102
1.45138090115721	0.478568850670936
0.659324643575319	0.207123110468657
1.38014258052795	1.06422227888658
1.02626205148491	0.382823634565729
0.154509067766894	0.0289541162362231
-1.04313192494267	0.410517747694466
-0.0448155417660347	0.0213559908386472
-0.789874992835508	0.342400986685966
3.63203016857434	1.41874839489518
1.02422162940792	0.382079227006262
-0.628030265547787	0.151499678636842
0.156070095129669	0.0391676647119387
-0.626075023442282	0.151167646950723
0.948337549654709	0.248516516252871
0.796991421985705	0.327572809046966
1.02914563133488	0.3838807966434
-1.83504104592481	0.742292078332567
-0.507987447708797	0.385475271884454
-0.809988126308024	0.442888551069516
0.136232409391936	0.0652977139166454
0.703418165861349	0.461806218284021
-0.323323584812695	0.149201151288762
-0.114475851194627	0.0455541845259636
0.133827547304626	0.0504034048186407
1.9466888765548	1.19611301936704
1.51700518728301	1.29419215102801
0.499779200641621	0.316905312663071
-0.255303154775134	0.1288989194231
-0.172669104556229	0.0618131682393964
1.45138090115721	0.478568850670936
0.87730549327442	0.464338198778869
0.145227337337459	0.0426443607563146
-0.237559934502149	0.0764246711906185
0.511535984561553	0.180463547184556
-1.14193838802885	0.344646219015582
2.75520320904554	0.763197913000704
-0.810610065650247	0.443312153801458
-1.79839614394125	0.382877807711208
-0.621093580839092	0.297100187381011
-0.110831991515975	0.0656971423645787
-0.196626899889508	0.106329967427164
-0.270716600996123	0.225312117136584
-0.0632593928042994	0.0468957113433393
0.185829172822409	0.149127892060944
0.0940463873016349	0.0692218547210215
-0.411948013561287	0.235081883049894
0.708040886976474	0.717353025570489
-0.223222672918014	0.191541580547841
0.589060673881718	0.571920602300567
-0.0676670586993788	0.050268920479997
0.180673564439823	0.129633882992764
-1.05656797569772	1.11208047536687
0.0756349379616307	0.0513548589510894
0.474742950951695	0.439873470353097
-0.535720338955815	0.535892950563867
-0.0241336362687663	0.0159691566933917
0.137726613959499	0.0661935892368729
-1.06939346121198	1.3544157716571
0.184452678275421	0.137933902055736
0.273800264517299	0.245768899668177
-1.94509766788016	1.92936740337822
-0.130753586745497	0.0920921046731668
-0.582936888503196	0.428193707666072
-0.791870857001432	0.812126970994677
0.784984869687845	0.62078366300712
-0.34123584612549	0.244234897006582
0.0484349994242813	0.0298523707209651
-0.035044623654783	0.0168090931410427
0.137241747959079	0.0658054864748649
1.88953691044845	1.62445443919552
1.22977343129491	1.03460236465039
0.310820000298628	0.201544631879763
0.643796293277644	0.457333054753448
-0.797003253957528	0.689978928527974
-0.113342447300831	0.0672403012177549
0.440361778027912	0.317429852172099
-0.326706420774188	0.150676078031383
-0.46232333109788	0.434590001019974
0.783296490052697	0.618028277082164
-0.967366102077163	0.595851398161405
0.728607837629973	0.607854365637496
0.144054213480702	0.0423469198905259
-0.351035026331228	0.313204236364217
-1.45701859142472	1.31391039715492
-0.252409468418304	0.127414335516569
-0.329146058047281	0.151991518723621
0.495907160445438	0.313558152843
0.168756797118904	0.103974619126226
-0.538746452829498	0.452153060718075
0.289022487805687	0.208254609817152
1.53294672494262	1.85766691604919
-0.704329276003683	0.623527007323607
0.797689739517043	0.758888760965133
0.406235252404395	0.322211750399754
0.0427738572976897	0.0248804263541745
0.301580447941994	0.207191558748165
0.910724964649332	0.790726851289809
0.670906859207156	0.308500067147838
0.880348310780427	0.465873463879197
1.02271178737872	0.381316878019672
-1.50806167447291	0.75852900058031
0.647245191258672	0.461421813557894
2.07147472818745	2.61316497521086
0.575541553688394	0.46060635250884
0.313855160305837	0.189806202416885
0.312570924438769	0.202875284540583
0.850557913904475	0.626275146623773
0.183618573647362	0.147076191087368
0.174755413577476	0.119719667932154
-0.282906373601705	0.179021664048052
-0.25631804715075	0.129464639348789
0.64545123223732	0.459486546322073
1.23192165749216	1.03672980235422
-0.789737155006246	0.808939627900877
0.697526120095112	0.456748215208439
0.379924820573938	0.168703635253581
0.156070095129669	0.0391676647119387
2.34043347531034	1.1476207146242
0.655285284601054	0.205717641865354
0.585509213576081	0.302002922696166
-0.422005284708671	0.176161061756622
0.153279132821243	0.0813292288133733
-3.08542618523242	0.949198094742557
2.34371732683554	1.14959868175071
0.664068814867583	0.304987668297832
1.44862736407577	0.477555630338169
3.63694507499105	1.42148992135626
0.947635845528227	0.248244973505163
0.146922191196889	0.0431076767472804
1.3527084039981	1.25103668898583
-1.49335760088547	1.04748795766368
-1.34583269547314	0.843963640420916
-0.544138196099241	0.458056460830015
-0.355112179440658	0.101904546481095
-0.00891823540832969	0.00455111338650261
-2.35942163773554	2.15774818951264
0.987248882983148	0.809272113518055
0.293045263879599	0.211594105022589
0.145402901254917	0.0769989609704564
0.570645189031846	0.455850115173553
1.5156748882891	1.29201470409978
0.15497017811339	0.0822464230600948
0.532462428279103	0.307065268028187
0.333808697815232	0.18551326746841
1.60265930765279	1.10746514400358
0.156304884454214	0.0392194704826931
0.156304884454214	0.0392194704826931
0.515848504972472	0.181937471471781
0.337392717477657	0.168251108732961
-0.119575292361138	0.0475678129859071
0.87891758672378	0.465590433809451
-0.39900703717349	0.277571626819291
-0.738414128880846	0.252090639638632
2.75641316563256	0.763778311858285
-1.52674340008464	0.542380499879977
-0.414782492097238	0.172745595379558
1.02855796326907	0.383555576069077
0.13125430574639	0.0494561793802337
-1.35620559151463	1.57370850411716
-0.190686227958501	0.147700222393239
0.27536986024527	0.239761134892627
0.670874264423718	0.69797859994317
-0.720326249906486	0.747835482816436
-0.606413653665928	0.497917702663094
0.87078006574121	1.00599328977142
-0.491600652341074	0.496729905484501
-0.390953831062758	0.376872182487947
-0.486707846117172	0.417728473727239
-1.13970502131994	1.51815611389004
1.06756361386573	0.647463169421482
-0.606950877077857	0.498474216894704
-0.642974164458209	0.627933403006277
-0.279857217675293	0.234189577705176
0.947121336118205	1.16211316541697
-0.654006839942171	0.684595932953367
0.172491199444715	0.118015655712189
-0.196889733322681	0.153099779241335
0.0122419636798924	0.00849073380643976
-0.793303958754788	0.928644737878394
0.292392289117894	0.210844691156366
-0.338052972287407	0.241607558298464
1.23428145995847	1.20959472012145
-1.50981787638691	0.760401413502174
0.985795351450228	0.807713787651212
0.589922291542696	0.305323531742268
-0.325460428922752	0.150061790536247
0.160221796316651	0.0401166927693931
0.85304382109191	0.629180410574105
0.497084027193128	0.314410323276969
1.59917296922121	1.10314858646205
0.298022158693995	0.215637554617346
-0.566089809195713	0.519016113376763
0.608156046648663	0.461408618350777
-0.556927397300167	0.356143327528522
-0.387502114378849	0.307084833515324
1.05160991796486	1.11952648253551
1.02368016023555	0.967710672435489
0.58565092474121	0.302565370854111
0.445029521224897	0.321417269498088
-0.659851963850545	0.393620668205119
0.138547637202608	0.0664398358346356
0.308445395843052	0.212694575171994
0.0477556311185813	0.0277839788220356
-0.535572878344268	0.448957713914068
-0.195161205539084	0.105522272438228
-0.0401766835564547	0.0191905303220638
0.427088066015527	0.324919806363548
-0.415178337434302	0.237275158986416
1.11537624815775	1.00372998197873
0.322135540394268	0.178320821549788
-0.0599186029779846	0.0378409237084964
0.291779869336109	0.220639678287484
0.728065855781243	0.606229771990953
0.751414187117973	0.739652315508169
0.787697358313767	0.746259892669103
0.138890879231432	0.0666409138953449
0.350102338851899	0.175130558994841
0.37719892423885	0.167428598365971
-1.29837683044387	0.579387492116583
0.425281606664403	0.167780963846818
0.842927087601189	0.767032598909684
0.303361019179919	0.208677844606095
1.13425833007727	1.1636156706966
0.300116468929692	0.217427134150555
-1.34818109570449	1.35592612562289
-0.793980361879809	0.686913385987049
-0.00958219069531807	0.00486495432588564
1.52026152445681	1.30045727375588
0.604957695646199	0.457896540728712
0.836101753340344	0.881858154966039
-0.586580639414188	0.431318126768755
-1.2608555984778	1.18737633389203
0.730241354314035	0.609587240326023
0.136280534534393	0.0452223830753287
0.343211488292579	0.171244587332318
0.139837292962633	0.0671168666103984
-0.638091549905963	0.306813395784163
-1.04056236968378	0.409373067940558
2.10114269367742	0.924635433318668
-1.83597776269255	0.742763952258261
2.5427894591106	1.37603904067737
1.95731570776637	0.441000340195791
1.31131552912942	0.562420854049402
0.156070095129669	0.0391676647119387
1.44780311038183	0.477066495630919
-0.997509204027781	0.492307329534456
-0.805556172965118	0.439540624734674
0.0127074655777911	0.00699300070203293
-2.80398812986811	1.88411959637182
-1.34452610004917	0.844500741703758
-0.114576995120504	0.0456290352460923
-1.4886027236113	1.04084402990244
-0.330994208441599	0.200074686098109
2.0207006899925	1.9113717214596
0.375257613631461	0.166414569843084
0.323748905855644	0.179053377130467
0.131516255673475	0.0495525805236666
0.604688919579635	0.457616479152163
1.0192751562055	0.379836783778508
2.10543731746934	0.926718487222265
3.26345542626113	1.10199860979414
2.5437102301488	1.3769190112143
0.890351313352267	0.472991933181076
-0.966759908380468	0.596526867242596
0.684800080589048	0.598238945536423
1.45114635521655	0.478471348903038
-2.5766529574574	0.657773148602288
-0.628733247343677	0.151688343674084
-0.628030265547787	0.151499678636842
1.04288348301965	0.494991603589003
-0.965539526006679	0.594424456005031
-0.0797461473737743	0.0350889021671119
-0.872966291706178	0.951694904063229
-0.430110456485885	0.410979793888718
-0.788351173232552	0.806832553894871
-0.863365532251846	1.00333136308073
0.170989294972855	0.111480604451359
-0.0884815883380815	0.0647393550498265
-0.956203934355668	1.02569291561989
0.0309566868222898	0.023217100735934
0.393332227603917	0.324721026727031
0.0606181386909115	0.0374158020714872
-1.35476701893379	1.36604262976608
-0.797625530792497	0.615832569362226
-0.254357607633259	0.190304063419903
1.04963866432296	1.1164141294051
-0.6768519522174	0.477587195286765
1.10981853437279	0.9954484712521
0.393887120104648	0.325319479078707
-0.850142816116171	1.04263990087022
0.417674226679581	0.429697730806047
0.0797002609776892	0.0541810968073354
-0.441482278412592	0.343102473194068
-0.586723918051312	0.431522937915978
0.53016786637845	0.305307054273554
0.129758591124513	0.0554306708744218
-0.507905861404418	0.268372224830245
-0.280352734382806	0.177185827085512
-0.11706780556092	0.0465584081549706
0.534647068961101	0.308545552699103
-0.664759398195816	0.397041525477938
0.511406581218177	0.180333732150807
2.10683511261663	1.44307912980962
0.308115764478742	0.19967495610549
-0.324722146806666	0.149724508618472
-0.162193976735242	0.111984817024829
0.300983570789126	0.194334314117576
0.943817315722542	0.638209290930226
0.0926782862861165	0.0658251324261815
-2.5514475151179	2.69263174713389
0.797760401782817	0.327916718359797
-0.497492532595026	0.261963870840426
-0.0763048692702079	0.0335842546122999
-0.465470110523523	0.31202800710472
-0.892070974247469	0.829598365160741
0.0721212423428762	0.0468798154177476
-1.86278975367894	1.17035959274796
-0.0807708116355571	0.0355216913668977
-0.69136604705896	0.552710936818447
0.299274635784509	0.21679481624801
0.0714303327616937	0.0464214768310159
-0.465726146718394	0.312194253754707
-0.312558571138954	0.257615516139897
0.196506254642764	0.16371838341481
-0.565736210584902	0.518545603749613
1.22882523457456	1.48928444004938
0.640111734175716	0.45422210284748
1.54737158203618	0.750034770693234
1.09759928160263	0.833145694838769
-0.419346541914692	0.240031389093835
0.162357836679133	0.0405597098553547
-2.08495289661111	0.941010945670462
0.94820175004088	0.248479682375772
0.128995852635446	0.0428877571081158
-0.933538953483741	0.688795986596105
0.777425857794473	0.462374564731441
0.537263988169063	0.447419111636249
0.0195897260380514	0.0106153745074646
-0.39838336479427	0.277079585842142
0.153962220589619	0.0817089007800314
-0.96484399640477	0.594338839866037
0.331330453577661	0.183952724945463
-0.00959345489776748	0.00486722103938569
-0.27400133890028	0.172745963972112
0.329656505210433	0.183096300998704
1.11505612505482	1.00208230260131
-0.412908414993344	0.235610153407226
0.306247000832094	0.211006386027994
-0.041867800224155	0.0199853930992183
-1.83631399679176	0.742708043545115
3.26345542626113	1.10199860979414
3.63331351050508	1.42008896661082
-1.14111344283696	0.344497381350969
0.132032810243933	0.0438841642048134
-1.85510053804914	1.16162158828123
1.95786695174359	0.441149378722158
2.10636939831221	0.927285990182235
0.653826927429073	0.205337088996143
0.947635845528227	0.248244973505163
1.81294103662311	0.70256079058948
2.10404963108371	0.926287358542244
-1.14499995487719	0.345855392571373
-0.323323584812695	0.149201151288762
-0.121352846510502	0.0482535926174825
-0.20134116476792	0.109111583676984
-0.327332174704144	0.150952905988774
0.586113466784762	0.30236762510167
0.510747125906926	0.180055308660596
-0.505293293478646	0.382786698112862
0.643796293277644	0.457333054753448
-0.0382081796712848	0.0182795856056009
-1.29825184667106	0.579597355540298
-0.117660477054644	0.0467865531553836
1.60675908894592	1.11280420755579
0.940005331939852	0.634401662137883
-0.936104505451993	0.691003639943321
0.322435253438749	0.1784353253351
1.02363521199244	0.381873400117373
1.80952767495421	0.700621417412104
0.853372941591639	0.62951029696182
0.377463332864578	0.167570032868996
-1.29560475057299	0.578066307323286
3.26508709738097	1.10261522135605
-2.5766529574574	0.657773148602288
1.76470184297666	0.967798912698869
-0.628030265547787	0.151499678636842
-0.323166350368557	0.149010924449565
0.312440067386221	0.20274410222191
0.788848897663743	0.854310679291125
-0.855543202890189	1.05266057833876
0.89323251380072	0.915509814469828
0.4924223716305	0.524909905149941
0.28695832013122	0.225863230431718
0.257730458184333	0.248612801135228
-2.00220764558628	3.10426883912715
-0.252175692966515	0.214140958720769
0.0803744835158715	0.0567927498861367
-0.532927439711215	0.532327741350469
-0.0710166731999364	0.0528184956205204
0.675616266034683	0.704478728215365
0.459892914285469	0.439060335578199
0.660381306077026	0.783455936142785
-1.15869915846038	1.68702491164463
-0.233496643997833	0.179203999098862
0.0552930387672821	0.0443195039666716
0.993873965937713	1.41311638574507
-0.050714486601644	0.0382499634676728
0.957234909988674	1.18057917459728
0.265972586099224	0.244684319820956
0.728194830824005	0.606639600426425
-1.00904339687916	0.913405308703078
-0.044034564067547	0.020970591834217
-0.804622730453418	0.439153910758235
-0.56037507579276	0.359018857846458
-0.0769267223647628	0.0338534850047221
0.511535984561553	0.180463547184556
-0.120490621868934	0.0479276905170135
-0.471656200976837	0.316864616526094
1.22291511338773	1.0258292607378
0.506195488961582	0.436521799025087
-0.503186808368642	0.380978357788498
0.829780485976077	0.872395185135516
-0.150652509129488	0.0858300797527298
-0.110605183257987	0.0795864372322286
-0.565939647624802	0.518922059217984
-0.693788772228525	0.555166050474681
-2.35558790044526	2.15109596935195
0.15989019031701	0.0919598502398825
0.886944573431526	0.470889744115218
-0.419171675069835	0.239871269870291
-0.192362257061551	0.103995419113987
0.648462706301335	0.589322772992526
0.793853212374101	0.754024646270203
-0.625702212359178	0.299926625299963
0.532820476474415	0.30763470810271
-0.386935269482578	0.306666691478326
0.984377772945649	1.0811932169684
0.144617392529671	0.0764283579496495
0.429425358264413	0.32712965070928
0.155255383875776	0.0891741250736081
0.290816658185754	0.219849349283701
0.670813889422589	0.308682359286234
-0.148639229929602	0.0846741534151211
-0.583468911135342	0.428656425967749
0.948337549654709	0.248516516252871
-2.08484842220823	0.940993818731239
0.806964784735136	0.332177200552997
-1.00037438735711	0.493892565592627
-1.73408669509381	1.46565809574049
-0.201753918565397	0.109313415390609
-0.114909000323142	0.0457171659419852
0.565009090060958	0.564619257308739
0.396252336722154	0.327544667262964
0.402022290067387	0.333356179250811
-0.506140775897646	0.383856110729001
-0.386368549180701	0.340255409899744
-0.150292992441909	0.085611275881885
-0.351725912687522	0.285397097811869
0.740924553071018	0.725890041323418
-0.274528057944718	0.173081054138934
0.110653104005631	0.0899478039123098
0.174350447964315	0.11381947365536
0.0736107006985677	0.0478469032428926
0.728178386933149	0.606669412685693
-0.804534584178506	0.536018217727281
1.02246283803588	0.381238371277329
1.95786695174359	0.441149378722158
0.157325350109871	0.02936446462458
0.661223086818105	0.207656588437818
-0.965553996972729	0.594538481237336
0.778372557891963	0.463055906843161
0.660054375205789	0.207294450910716
3.26284822825054	1.10169382604423
3.26345542626113	1.10199860979414
1.95731570776637	0.441000340195791
1.44922258720914	0.477763268309402
-0.735201728577998	0.25087231236032
1.09690137623031	2.02356824433309
0.425842843580689	0.168023318876402
0.156070095129669	0.0391676647119387
-1.13872731243543	0.343741383764358
-1.1414839653338	0.344622990730584
3.6326714041979	1.41965046916025
0.506850875189508	0.178656463900139
-1.23660001587399	0.940901057599961
-0.414916504285137	0.173010164636834
1.5520922495992	0.753268069075162
0.148691611613207	0.0787460175858861
-1.69304340847359	0.952994808261722
-0.87374274458297	0.881548714728928
-0.199412276298588	0.107992805725078
1.23255535670585	1.20595459319893
1.11444340976077	1.00221738471851
0.987802658545326	0.809795232402056
0.31426204104514	0.189884926873104
0.307597307746424	0.199077467015896
0.961273862874492	0.953465293067675
0.132732885510209	0.0441080605497273
1.25042147238036	0.676388597053865
-0.0803989917489781	0.0353723876391366
0.30233793571975	0.207865328473057
0.525384931092812	0.30207232935174
0.948905461162112	0.248586345985544
0.511755072041239	0.180523302881905
0.883507158681791	0.46895223143047
2.55071650043184	1.3824885435846
0.58822602103023	0.304100589400485
0.0944462459913644	0.0717971915180087
-0.31378887016999	0.351244117550375
0.908596513039338	1.3274277371812
-0.486895158324714	0.49019770298416
0.261519659968963	0.246498486604125
-0.0650863584773705	0.0550424097962359
-0.414716762703193	0.484873617852338
0.0859373200234196	0.0608742056247174
-0.787555916989021	0.80584964867369
0.305157275858933	0.197392354297231
-0.657596456094811	0.690241550545466
-0.496812739913078	0.503652204004311
-0.902158077969226	1.22124685791515
-0.146119192868574	0.130797231546149
0.59296418545884	0.663121077056468
-0.707145547032142	0.626841187060504
-0.0814375226972733	0.0683511696917337
-0.149655423106818	0.119865731515989
0.489148570919753	0.536927039174053
0.283056629812078	0.222283841910693
-0.70382523428393	0.622749258671636
-0.533173632734429	0.532507853681349
0.278192182077142	0.226524374024842
1.59186984594993	1.09700545785898
-1.43467484058873	1.53454020723896
0.565184478982263	0.450057317121939
-0.461183233452786	0.30835752631811
0.348754892447253	0.174472739683263
1.81411735765381	0.702765282094499
-0.0452054229614144	0.0215378758402265
-0.243005367486847	0.0781807445892085
-0.412462076666536	0.235610232235777
-0.194266472234915	0.130810003746705
-1.0614186692508	1.12046801473935
-0.212202163628732	0.160846111587664
0.172156960275558	0.112273641161514
-0.503824225660788	0.466223100518503
0.19435910016675	0.145951480557255
-0.0818039509122698	0.035979088197246
-0.802041046922566	0.5338223857066
-0.149564653963599	0.0852347045408415
0.881847406493622	0.467032755741106
0.285705133892865	0.215299186248111
-1.10282307751944	1.07135997194798
0.843633362879014	0.768582260923902
0.176137225177897	0.115026704881183
-0.325918106206965	0.150477940797154
0.68278286771528	0.59559663970224
-3.51672099917992	3.98328119553641
0.841681172226189	0.766526175784512
0.289622450417547	0.218607101337556
0.477603300541748	0.443132805678853
0.992505038985348	1.4100992481446
-0.0769191689128509	0.0338521771220351
-2.00364719708491	1.39899636679097
2.38481777269994	2.01105821464724
-0.66728360402327	0.399224247090471
1.45198001091205	0.478658944297305
-3.08556356757563	0.949512459473102
-0.418432324070287	0.17452805778287
0.0399315601035384	0.0232536200271126
0.179161183428077	0.128460833098681
0.797032130980467	0.757993594310033
1.23053320094116	1.20385012532236
-0.789229747321358	0.866587087696506
0.104933255658469	0.0826673927628953
-0.232929176610989	0.152551433469928
0.891921631565776	0.913208719177062
0.179977707616413	0.148429717202345
-0.341423080803833	0.27536966898267
-1.10453861738764	1.07301385805252
0.182658313204007	0.14150392135756
0.0621407749321712	0.0402626033093112
1.22868116067534	1.1995706517497
0.692276633792284	0.806966455084158
-0.338356885984918	0.241835528466547
1.31834040226142	0.565982656192084
-0.116744249017674	0.0464304413870714
-0.113940536103998	0.0453592768616862
0.128782523982544	0.0428430922951178
0.131312969717297	0.0560946086957417
0.947770742439721	0.248281535275256
-0.799757965348724	0.347695153781101
0.886621193111568	0.470711538389859
0.466374462546764	0.317075935808143
1.43718872687132	0.880018013600312
1.81176507224111	0.701716027060748
1.02329749324129	0.381582146499257
3.63565166019344	1.42132833477826
-0.354229439997714	0.101697261087168
0.658448437247608	0.206865271021461
0.660640141500972	0.207490447031014
-2.57669595250488	0.657559862268914
-2.4918813844023	1.37976840109359
0.494724417487697	0.312437067065144
-0.329768397676277	0.152271155223032
-0.624501462907049	0.298906969740345
-0.809434594007877	0.540657681000234
0.841497618245811	0.765797506556815
0.311349099813566	0.20192724969357
0.844780756661652	0.770457619502521
-0.295418176098077	0.216591942825482
0.137726613959499	0.0661935892368729
1.55378707815797	0.754352987255714
-0.804886878083445	0.537025331212217
0.148646531720232	0.0788329657549989
1.04502103592787	0.496054824715763
0.693962010719931	0.453709429679071
0.679776925999675	0.786638884871907
0.183231500275589	0.126022684480333
0.66630164720201	0.306385320744327
0.377463332864578	0.167570032868996
0.344203738752608	0.171848648698291
0.146922191196889	0.0431076767472804
1.0190295579627	0.379719734867384
-1.30581611132357	0.583754906976786
-0.540233723322025	0.202917482560003
-0.393545306905301	0.273061547460995
0.135147068183463	0.0448731525122335
0.145313170347528	0.042674261922763
1.25368012065866	0.678376263809774
-0.238649881872283	0.0768149363688191
-0.536892625271128	0.201634766838871
-1.11112767215023	0.766579733783713
-1.25720261942168	1.18145366293046
0.0624950321540556	0.0405007411143078
-0.631174911746207	0.7166845581712
-1.19957859154412	1.66898637201212
0.396528962496468	0.32795145814672
-0.635625516784651	0.760417143780278
-1.23320034181207	1.62014354229104
-0.1475272407043	0.0839964877109038
-0.794574740385111	0.753780624961728
-0.317500568673787	0.286768116646575
-0.309657956456143	0.25477032619639
-0.440130528864753	0.341659807889541
-0.391505002493024	0.31101088314331
0.417869798254542	0.429897504428255
0.47895930230557	0.444707382285142
-0.712986390573272	0.687619004803233
0.187969012574962	0.151046598420824
-1.27443986224478	1.39895394675997
-0.466295239348029	0.43950634356197
0.358267099617637	0.325733406776507
0.0361496668979824	0.0210583780112731
0.184411415557592	0.147842932299644
0.923562646776481	1.04225518285712
1.08616964482157	0.820540735040079
-0.908714092775008	0.762712818844222
-0.410026528315556	0.233840291834394
1.07871592113271	0.656705940408358
1.75836423143201	0.962753553234379
-2.49096274093513	1.37902869839897
-0.150234462431941	0.0855741769164647
-0.416119418774553	0.17334263980881
1.58291149628593	1.71793141351501
-0.464731003977259	0.311224518501144
0.772479957142985	0.458149287010929
0.842429254505641	0.61871091762691
-0.200123576841566	0.108371515494428
-0.276026763453165	0.174209071417564
-0.0562290480959761	0.0354969103944761
-0.165650631391215	0.0593414877038015
-0.582799761391672	0.42758619855229
-0.467739094612702	0.313611549413004
-1.84411231817002	1.69419661804666
0.565402266968282	0.450246790447829
0.696562649425309	0.456032313197021
0.682652934089476	0.595822824799993
-0.34193269215649	0.207714482995586
0.989293979815314	0.811535070082352
-0.259206525287071	0.131093379870512
-1.34583269547314	0.843963640420916
0.392211874780755	0.323589503636279
0.428256391757929	0.326002933096333
0.126102102917316	0.0538860913146513
0.4468821688663	0.323165603895982
1.0687876575337	0.648549904107086
0.50952600895777	0.179673416398791
-0.738748567012076	0.252134640052989
2.34035752495728	1.14687930198309
0.847445348228385	0.623759592227193
0.131182346173996	0.0494239428300676
-0.932848585099247	0.688207064894603
0.186658408158896	0.13427263062589
-1.18473917049935	1.22205956927295
0.346409706658078	0.173128687108114
-0.342619091530163	0.245336924671211
-1.00919690970898	0.913478213094797
-0.340304104150425	0.206473912300536
0.39373301059402	0.325115054416631
0.779100323597791	0.613310240523312
-0.342499067912658	0.207951885320051
-2.03405668326	2.1460387215703
-0.0582022138450579	0.0367541243638221
-1.10621105854692	0.761514443854697
0.182421625535653	0.125370236138161
0.984937227334001	0.80551825103605
-0.467134569045245	0.313009304993271
0.591916460544262	0.306231299697181
0.128782523982544	0.0428430922951178
0.497269981470952	0.314585938655835
1.04023849222891	0.493343152511521
2.33842592547281	1.14619164851825
1.032032968898	0.384818869336185
2.75520320904554	0.763197913000704
0.155111385030128	0.0290417527313876
0.948337549654709	0.248516516252871
1.76226560709781	0.965937090991291
0.666049945860015	0.305932560612635
0.144389940892798	0.0424393237157952
-0.536322009305803	0.201466150653051
-0.963624068458547	0.593456466053861
-1.51084757404998	0.760698498713283
-0.0807489895784552	0.0355233891539603
-0.0428862763913153	0.0204556223512247
-0.812717326023852	0.444865117262995
-0.338785475422233	0.205534044911486
-0.242866400309397	0.0781150080691211
-1.11166818172227	0.767383638710659
0.150413137889025	0.0797707697913292
0.135413489226664	0.0578132039573497
-0.412066142329717	0.235253890850372
-0.116798931417201	0.0464504059922324
0.374343498860092	0.165966304255998
2.01264839638657	1.89554027780567
-0.0463711887343797	0.0220692621241949
0.509175451887884	0.179500092399481
0.426057714386364	0.168088710052056
1.43967802372978	0.883843888584323
1.4354278983403	0.879592314801495
0.154311934860129	0.0289593414864238
-2.57963910438406	0.659061212358043
1.02626205148491	0.382823634565729
0.144389940892798	0.0424393237157952
0.328546401569931	0.182135163166806
-0.0717806192890005	0.0316459341793802
-0.248476032486576	0.125263482611556
0.155111385030128	0.0290417527313876
0.15963091503218	0.0399802605532864
0.658449623497539	0.206846818911275
-0.166972081756225	0.0597742269277735
-0.796952798258087	0.615449676141374
-0.0804316460134185	0.0493100239594105
-0.281152840511541	0.177778016829693
-0.518316416597276	0.483718912409617
0.286462318345197	0.225362356450867
0.163719829863148	0.100495381384215
0.0665972309830366	0.0432207851274264
0.369977669903498	0.326818681879607
1.0488992166108	1.11477146322919
0.330620754915226	0.183675159759698
0.73622929043818	0.719383297287342
0.159578404777515	0.0918878947101614
0.0409071890397469	0.0237883202472904
0.842510300213765	0.766481450728921
0.164762646832051	0.095019418589166
-0.256420902498717	0.192090630528399
0.513336697531354	0.444563087998666
-0.503642995329801	0.381527280623321
-0.414498288226509	0.236802128741465
-0.410146015851093	0.234090970415888
0.645496464517911	0.459648246324515
-0.293908825850832	0.215439142472045
-0.889235290213852	0.826416992494496
0.4449946201054	0.321684816737923
0.773836833275706	0.459482534768358
-0.803287714686696	0.535033035802774
0.666385345775343	0.306202110873003
-0.785720368096092	0.340476144248071
-0.413914940317443	0.172398209586204
-0.738414128880846	0.252090639638632
0.530463462219762	0.305496460932106
0.428976385850053	0.169324382927391
-0.260872206823881	0.132079045347817
-0.809413343176979	0.540407210201768
-0.0108165317881156	0.0054729555448719
-0.121083321791546	0.0481564628616814
-0.934271597138275	0.688532341083471
0.882017285619925	0.46780586793273
-0.0761937904836556	0.0466632308215739
-0.0412423657768069	0.0196811244919799
-0.788962872631865	0.342076545446221
-1.10686806523279	0.762082543282929
-0.629064939631988	0.301972707489185
0.515848504972472	0.181937471471781
-0.342946142186586	0.24559446222358
0.165443631952412	0.101837813100375
0.167010961533398	0.102796731374285
0.802704240998476	0.33025128123342
0.421828677837084	0.166370084244426
1.35610391967818	1.25509605498248
0.310337894642613	0.18739133552569
-0.112884058085448	0.0669519755805604
0.129145074812062	0.055158061871462
0.494546646165561	0.312446477059745
1.25357639446184	0.679092116889119
0.51408290047205	0.181384498788784
0.660640141500972	0.207490447031014
1.31530203855702	0.564526657282562
0.333808697815232	0.18551326746841
-3.76194534162119	1.48181566309851
0.947635845528227	0.248244973505163
0.15144823932183	0.0285426379557898
0.428844518886435	0.169326646561233
0.497840407008048	0.315332327876624
0.160583229502904	0.0401661733691417
0.846197505260859	0.622156504076553
0.128273660437665	0.0548142896627086
0.773836833275706	0.459482534768358
0.50270289456584	0.318806924640785
-0.683300507223664	0.482962335499725
-0.581436232749014	0.426714808497661
0.77217558886481	0.457856367040933
-0.19815145605143	0.107222402663046
0.500368724765208	0.317016387572347
0.152999209800243	0.081172301488461
-0.418432324070287	0.17452805778287
1.7565866495161	0.961662498177482
2.3407843761875	1.14791185937458
-0.809400724492258	0.541052471101312
-0.242459551461214	0.077947382082456
0.155111385030128	0.0290417527313876
1.45054889854294	0.478121061898946
0.506636186737087	0.178613076266429
1.95786695174359	0.441149378722158
0.155067569950451	0.0290355764553768
0.154465593370314	0.0289479903375428
0.654121684946124	0.205433467520013
1.44450447975593	0.475941549703467
0.144976980831471	0.0425943260188831
-0.8007770253454	0.436593074092351
4.1660832151626	1.96430930605611
0.770793985117418	0.45752296418316
-0.508853261591119	0.269259139793526
0.591303356385791	0.305825227482059
-1.00070780910999	0.494095781511885
-0.554691832582504	0.35417728294827
-0.0411941733559861	0.0196703822720247
-0.97264428687787	0.600868928682168
-2.0901551618161	0.944122897155291
-0.805605777992562	0.536673549834927
0.698825024263069	0.457503128611635
-0.323170593615566	0.149003252553925
0.12079521326541	0.0516191302674599
-0.411845242740921	0.235038590760019
0.137241747959079	0.0658054864748649
1.75769356186832	0.962827388418044
0.160813493636874	0.0402291855562724
0.666559750514607	0.30648075601359
0.797408395522862	0.327664211324392
0.514606181682656	0.445984821093091
0.475688773771447	0.440527714063476
0.35771888182646	0.325151962339741
0.744371358705392	1.1712380245843
0.440324345561472	0.430600959088864
-0.399615760876305	0.277897095225758
0.279734909092768	0.22789330463531
0.921193173147392	1.03842713103028
-0.195972162723661	0.152302273979501
-0.271168795091049	0.251492414550454
0.393032733295923	0.432059320865088
-0.79333745828298	1.13390087844091
0.564797053432613	0.449366766208208
0.498679641832007	0.533823951102416
-0.151215363053867	0.0861400635247492
-0.29883894762404	0.219604419675277
0.138925358286597	0.0667347571202309
0.32474647381569	0.179958569162039
-0.0717353254382169	0.0316305664624518
-0.893041762579842	0.831177304026677
-0.339962479420517	0.206374022624181
0.446955633424888	0.323489203805106
-0.338680600262399	0.205202380532824
-0.99983329436222	0.493381857829095
0.499687114077328	0.316503413950375
0.170570842352788	0.105163182172571
0.534454363149717	0.308324343044817
0.493925346037194	0.311825970704383
-0.336725536013642	0.204105743435519
0.30304036125645	0.208549734748389
-1.34134474488791	0.84038805667147
1.76101611268726	0.964908126415187
0.778644952212308	0.613441289943903
-0.806752288066886	0.440980957982495
0.325861852572895	0.180361592617359
0.0794104076921577	0.0560611958902141
-1.10086957040213	1.06756039646676
0.0657104013518964	0.0426329480997405
0.349379750775	0.326530430972628
0.551749513624517	0.64161296179057
0.314476467985408	0.329447326369236
0.16477648578078	0.101310203888365
0.322723436388338	0.348257528894294
1.51633975998811	1.29314224420496
-0.113418664500916	0.067268073039942
-0.12075997380286	0.0480297290129821
-0.0384946807127817	0.0184094671596043
0.0752368082167096	0.0510874641313965
1.23377594576433	1.20806646838722
-0.0760280326510919	0.0334740677904268
0.583346435486031	0.300420034147224
0.645160949272038	0.458886005284359
0.366953733667904	0.323441118930591
-0.549679221971727	0.661436134730707
0.18753130923328	0.129172615209981
-0.6242291915052	0.298754858474491
0.939669398857072	0.634760062131297
-0.150894559867475	0.0860227470530368
-0.850561700133243	1.04341152017891
0.259817299734869	0.251002471533647
0.31453854220287	0.190067569550433
0.503937088252244	0.319682779839968
0.669552643528324	0.308070987336909
0.052975038109311	0.032653457019568
0.589333607395911	0.304587039615023
1.0800428835614	1.37347665789146
-0.719972492557061	0.747661031808604
1.38488706724526	1.06889894606936
-0.667391334165314	0.746305159512928
-0.192764691377859	0.166474148498546
-0.625922365731832	0.744205116084853
-0.22564915541191	0.172396025525037
1.14497665352292	1.42084765894007
-0.0553858576769515	0.0349560622688993
-1.18704413254154	0.663664415608866
0.77448151215745	0.460015257060709
0.145683624079725	0.0771527137966606
0.767074926677933	0.454649841872933
0.0164875960249675	0.0089857436075181
0.852693982374828	0.628727906012375
0.0186517679192592	0.0101615139192383
-1.25412009061256	1.17779921524615
0.511755072041239	0.180523302881905
2.72277391143415	1.63231901735076
0.654408135649179	0.205512311863459
1.04759640633222	0.497574511501099
0.172290133161723	0.11236299614182
0.668861054577511	0.307734771730145
0.305888523293619	0.210804387093735
-0.220349972130096	0.188666642823971
0.437087621566069	0.515894096859689
0.448614705901031	0.324849243444465
2.10021124048698	0.924077935460336
0.150373808191147	0.0797738117647511
0.424719696521905	0.167520800855861
0.703851622561874	0.711807192607152
0.88779514493886	0.906973375068596
0.798323309832622	0.759733746474607
0.601585715042101	0.454819090223116
-1.13872731243543	0.343741383764358
-0.540269772022685	0.203101413077247
2.10021124048698	0.924077935460336
-0.40875056742842	0.170136564452218
-0.11760573864599	0.0467499055716863
-0.788962872631865	0.342076545446221
-0.741848602831151	0.253311922462979
-0.113885349209877	0.0453302765915032
-0.626075023442282	0.151167646950723
0.426403404838852	0.16824819606602
0.58853792423601	0.304388903502141
-4.01160255769466	1.72433692110226
1.02304894811125	0.381607715308403
0.803055311396109	0.330423388744012
0.339803185904148	0.169509322064483
-0.359725191866461	0.103238313016327
0.374992176019385	0.166261800681351
0.131463990676715	0.0437015090033304
0.139953615613516	0.135875369483787
1.21431405817115	2.36534179565869
0.29812869906372	0.329800758179296
-0.276258662609293	0.230774363374594
0.190039110278275	0.166969572075519
-0.654536860576031	0.685861816853925
-0.0638814861345509	0.0484607303607064
0.037513207277928	0.0218150882945357
-0.395700358579386	0.35035156141283
0.393777703559653	0.501795055528317
0.256330504896943	0.259053655304912
0.0319158320202513	0.0278656402240029
0.417224282101854	0.508126653763538
-0.79249496102061	1.17956010032
0.615686012602654	0.579358801101977
-0.326229482656395	0.150637495104887
1.32454571011134	1.55968301301152
1.43717580548666	0.881409773582761
0.50776496866365	0.179019570667438
0.135725292726052	0.0579491154080408
0.126850400325993	0.0541601948700295
1.11471638112349	1.00274405339102
-0.237437039825944	0.0763599123457812
-1.2941091808211	0.576975974922849
0.514431860453614	0.181517099423547
0.136884366080616	0.0656256474791365
0.339753430958515	0.169666328704917
1.75013503344887	0.956191612497333
-0.694458578350001	0.555946856081448
-0.735201728577998	0.25087231236032
-0.323166350368557	0.149010924449565
0.372154632546278	0.165023296170665
-0.665744955616579	0.397936241103015
0.803055311396109	0.330423388744012
0.329030461619281	0.182490343554896
-0.618509970692929	0.295710722388579
0.130231844629827	0.0490930846348559
0.467261005343084	0.318164161487974
-0.336284817943038	0.239939081461004
0.0221780027170126	0.0188559491703704
-0.460719460409913	0.432786504179395
-0.445316319145721	0.486786202125759
-0.277310378672634	0.275730567339682
0.180006160144992	0.134163513405522
0.43215172502273	0.508376759164126
0.699783196724979	0.45859124837399
-0.539089600210505	0.202542124367007
0.424935770305415	0.167621556044747
-0.167973568861706	0.0601248969281319
-0.468796489665732	0.314515430307376
-0.115389886490873	0.0458999230788645
0.153962220589619	0.0817089007800314
0.343211488292579	0.171244587332318
-0.23197785438725	0.0746812633614378
0.297055927179785	0.214956762541802
0.18623116960943	0.154172950598813
0.77448151215745	0.460015257060709
-0.548080379146661	0.349330456150544
1.23579424191371	0.85024763803667
0.666385345775343	0.306202110873003
-0.132166406498066	0.117126554199705
0.385116487281842	0.48729845349971
0.130070615556567	0.0555691726612021
1.25520026533152	0.679429907610097
1.25579721554069	0.680542706830025
1.05003406903873	0.498931804901511
1.22988619084469	1.03457709290475
-0.116232402459797	0.0934509741169753
0.785972908299046	0.621616816898759
0.142781671032906	0.0685751906927526
-0.129228239160612	0.104804315059264
-0.63741042255466	0.762948899715465
-0.750969266899903	1.16209109346857
0.0763969875713752	0.0518976458032659
-0.796601181828478	0.615496479238224
0.16217024732857	0.0934471029447643
-1.34837699072602	0.847954740527041
-1.14536534536015	0.34589005605433
0.58750815667263	0.303584690649467
-0.411995312167042	0.171599355711984
-0.538391637447097	0.202241097472968
0.534742762279399	0.308824173469619
-1.29445710557565	0.57719309643802
-0.0807489895784552	0.0355233891539603
-1.50582537229307	0.757248272046165
-0.792741102489134	0.344191342632362
0.660640141500972	0.207490447031014
-1.52955481711501	0.543641482939636
-2.08495289661111	0.941010945670462
-1.26420381803549	1.19261270023188
-0.806567334222378	0.53751621243249
0.0097362129067022	0.00779710163083492
0.2868733418354	0.351937340457677
-0.562889593907174	0.515314163648558
1.95786695174359	0.441149378722158
1.06863205402439	1.25133204813625
0.406189923974727	0.322070007792315
-0.198554129768127	0.107450861296122
0.679787884311133	0.313380757273694
1.45078261646269	0.478218161496633
0.159992352718576	0.0400538861334557
-0.73833632952493	0.25198039611565
0.660932155782147	0.207694635746326
-1.04290235412753	0.410559570501728
-1.52497036065527	0.541612586959632
1.55740762248507	0.756631912313867
-0.355401168227563	0.102014834884787
0.161043695584893	0.0402684742968713
-0.540619963576263	0.203189798521934
0.144389940892798	0.0424393237157952
-0.541982138529851	0.203732865607725
0.144976980831471	0.0425943260188831
2.10227195989275	0.924990315433236
0.15547989361324	0.039031965106125
-0.783834570396785	0.339480063811582
0.135147068183463	0.0448731525122335
0.848534125040299	0.625343864002452
0.133134712517645	0.0568317747059139
1.60254118457699	1.10688228849179
0.867028988831941	0.99954821624333
-0.229438524294977	0.15000780406314
0.280610944544343	0.220086100983047
0.00668750653464765	0.00466858624464008
0.0206587080762928	0.0112129784154378
0.341379155886314	0.170195448745096
2.1056753041031	1.44147296273515
0.476536649104603	0.325630644879425
0.422437215663027	0.320677775741406
-0.288252794878986	0.263120375674002
-0.696653519895394	0.955109371206215
0.3748568919253	0.33200546761331
1.2320889900081	1.03718101196819
-1.04567249567606	0.843432475364018
-1.4267950822208	1.94743335427009
0.282784789788858	0.222085345179697
-0.0787646394953405	0.0659896913040061
0.95484921388197	0.944392306734551
0.185998144228868	0.144369747743987
0.415085748753473	0.330830498483683
0.058074337885413	0.0358268987598514
1.34324802314314	1.42247045928089
0.790342729948923	0.749388262470703
0.609526443867029	0.571121610437556
1.05206746429785	1.11957220667154
-1.0966486964055	1.06208844963304
0.391740860605339	0.336866437853576
0.943817315722542	0.638209290930226
0.126537481835482	0.0540219075248714
0.451533240257407	0.327325961538032
-0.112060625161521	0.0664610331200708
-0.0963870559702085	0.0707927883997917
-0.553852368967946	0.353443984547794
-0.011911735247696	0.00594522222102103
0.495226615512475	0.313013157866661
-0.887661988314633	0.824294664794678
0.411196781732358	0.327012920769285
-0.499913003482772	0.377877853956928
-0.657252263893194	0.689723999819661
0.54095117493077	0.451566775441215
0.313448457055226	0.189504600203696
-0.0451155268572106	0.0214842178355566
1.23119862543778	1.2049196738564
0.610314406975892	0.572585353874691
0.873687687754327	1.01077467594729
-0.795905015814969	0.755399222608423
0.297941533013179	0.204332040799158
0.179222665678767	0.147701013947801
0.275226801651559	0.215192610521946
0.133701715077906	0.0641262616717176
0.987348392497464	0.80745252563749
-0.200532409117217	0.108632386608073
-2.03091546486528	2.14118299656543
-0.935414386685397	0.69035115026705
0.740650879498567	0.725455263132966
0.135998997701927	0.065179640552751
0.782008199861772	0.617477390588223
-0.627222389184744	0.565348594995926
-0.190545785855755	0.128143358051446
0.176555289367252	0.120993272144614
0.165838641656252	0.101882385542996
-0.672434058665519	0.473742265708352
0.601854546739452	0.455081222055491
1.04012695629307	1.45299204247751
0.00772269865337198	0.00501295503704156
1.43660407010061	0.879442080968815
0.316327831278844	0.191612386864598
-0.255508040472153	0.129131806906711
0.54174420082237	0.452126724386042
0.126102102917316	0.0538860913146513
-0.560882689678181	0.359529318866975
0.30578223015419	0.210733292030228
0.266455631792302	0.251961966084333
-0.578203783601265	0.423584114911926
-0.688688453048203	0.549591073375054
-0.470954227134709	0.316411214818453
-0.443068191100733	0.344560938465753
0.181333530046699	0.124533938148221
-0.219949155161348	0.167552987527943
-0.504709993096705	0.382600940793968
0.017664435735028	0.0127968947190481
0.0249713151223207	0.0135014104190362
-0.799388833399365	0.531934668558225
0.604123582719948	0.457378871485855
0.775683821469936	0.461469511900725
-1.16124747354287	1.01727505370155
0.148434443278519	0.0786322396691755
0.373162580695551	0.165341999479447
-0.199918621811024	0.108200370720197
-0.391548971625059	0.310971096941451
0.167974761961859	0.103377552206441
-0.418098622830114	0.174378553054991
0.129619977988053	0.0552497943867117
-0.465215032575608	0.311430762259754
0.696850435985604	0.456212579779159
-0.117660477054644	0.0467865531553836
-0.144362581460154	0.0820921537319578
-0.199706673476077	0.134870093727245
-0.564598113613073	0.517328887413583
0.0182531142808678	0.00990290748153137
1.04815319884068	0.497931909325788
1.31196676791469	0.562729963486004
1.07333470776523	0.651975030338827
0.513733853850566	0.181194231451746
0.135580186525053	0.0449978908716727
-0.333122553921604	0.153982889620527
0.655379811739093	0.468496940401066
0.643989272182248	0.458350951855326
0.128217426027829	0.0426676360228733
1.25460848783248	0.679060492763701
0.34451089226938	0.172048781987642
1.04536760236631	0.496267966555643
0.373753217777433	0.165661732219598
-1.29652555966614	0.578489199680992
-0.0777327385177198	0.0342298345396652
-0.510102152140281	0.26976530926474
0.805116244112889	0.331471066458395
1.3900198072267	1.0753945771325
0.797760401782817	0.327916718359797
2.3415744993868	1.14854547995181
-0.554940811457189	0.35490631726227
0.420923941760099	0.16593978696762
0.586267289145259	0.302958783193424
0.585811213568047	0.302214531395461
0.320420470848432	0.194239995002052
-0.0533491386582907	0.033650936182465
-1.35006992784339	1.35919551615759
0.135551600313639	0.0579195094232431
-1.04313192494267	0.410517747694466
1.44899109330448	0.477667123734845
-3.45945095257726	1.22747869975084
-0.667528498954918	0.399686452573427
-0.0427920161085807	0.0203995703175214
-0.416430065095431	0.238094148826115
0.333280196657363	0.327342903420282
-0.33332050199294	0.201667064972087
-0.737489374761453	0.251678150254292
-0.12075997380286	0.0480297290129821
-0.556797697572101	0.356094683459081
-0.113617842404022	0.045231923551469
-1.61531322176023	1.24879637844826
-0.706011547985994	0.625716019647276
-0.303479521329923	0.248739220355545
0.346226545633616	0.322855296992102
0.37887379684269	0.323424581234464
-0.541912958067453	0.455782354329934
-0.0605132665920588	0.038224895821322
0.444498939234662	0.320928829706679
0.052975038109311	0.032653457019568
-0.29767592413665	0.218615084374504
-0.277222189318126	0.174970953149608
-0.250258568406667	0.186810437051518
0.288482084391367	0.217647740262624
1.0468897636226	1.11152686758712
-0.506075722344411	0.383462417103986
0.910724964649332	0.790726851289809
-0.0616328244711023	0.0389315404787298
-0.0131797730999291	0.00881422313118207
-0.5859096152865	0.430735723459089
0.157186090283706	0.0902733090254887
0.182232165146784	0.130880947130418
0.305102829985421	0.210219006527125
-0.651105877904897	0.6385723584828
-0.0224844773606574	0.0148946577246482
0.527642242745783	0.303820109655559
-0.807236543147843	0.440721837794854
0.85072517579337	0.626806005449482
-0.152433276895134	0.0869380813267073
0.130825119365376	0.049315550979476
0.379075163658297	0.168316211156431
-0.0920542381365389	0.067459164039389
-1.55598582969892	1.50763830218326
-0.502212163304304	0.380236067619728
0.447220822868761	0.323735416537426
-0.549349593391154	0.350402014910692
0.470635665027214	0.321027911392858
-0.00876255695675907	0.00445799719146925
-0.337344314927941	0.240957750796981
0.0790745648586008	0.0537649682514969
-1.27489216575547	1.40078448338884
1.57589429633182	1.70461641005767
-0.11075907917423	0.0656294216168198
0.883247167514752	0.468577136636356
0.0174257810873633	0.00948521705460734
-0.307039757828757	0.252301321028005
-0.0166180280928517	0.0110512929277813
1.47435711009784	1.48332558729212
0.49021076758327	0.439205674168082
-0.00658551902650682	0.0034076818793468
0.314663818916143	0.190173178002034
1.52985406773264	1.31450188384164
1.13507199641016	1.16569818427816
1.4773131459309	1.48826203085982
-1.27866519292089	1.40665202448635
-0.192659738372105	0.129632639855638
0.406082483218739	0.322144898923735
-1.03126854499879	1.170070659044
-0.0818747460360546	0.0502243781724477
1.12142328871462	1.01068637524302
-1.70014615684547	0.959546447080265
0.0411950925733117	0.023964228291329
0.533407493506938	0.307753866234165
-0.8014004140679	0.620680769830322
-0.628164901903538	0.15157555358925
1.3076457108734	0.560429723767112
0.142717171801132	0.0685422804200225
-0.791450402387379	0.74970742743849
0.173828693464629	0.118930901516039
0.292707413250678	0.211235246282387
-0.459255309148296	0.306749258053781
-0.347312619657836	0.281041548100101
-0.276418860413276	0.174405750996767
1.51692517812326	1.29578863713317
-0.0344528863664814	0.0223289081794389
-1.73794086061046	1.47314168969844
-0.187728153191215	0.126056861767848
0.294226711691859	0.212640042144725
-0.232215510596134	0.151961066053667
0.301685609838964	0.2073466416815
0.169550222300231	0.104497475450675
0.0120350730334642	0.00663662437581327
0.319070583938711	0.193522783697736
0.990389551876319	0.813210752530979
-1.83564160885514	0.742645090374466
1.76003503802137	0.96399324938838
-0.0112398235120471	0.00568199362639488
0.671426153581554	0.3087620734569
1.25265150930857	0.678188776904929
0.531292609712623	0.306711038099067
2.75520320904554	0.763197913000704
0.94820175004088	0.248479682375772
1.95786695174359	0.441149378722158
1.45331304696192	0.47899741335022
2.75580772001712	0.763760469153332
0.659616568882323	0.207151031447049
0.658448437247608	0.206865271021461
1.31018992558857	0.561832639399483
0.146922191196889	0.0431076767472804
0.494042940726918	0.311941567647879
2.51488130254119	2.33980311662001
-0.417498560054849	0.174105987349017
0.783452070513924	0.619133822786396
0.699155947090243	0.458528239837126
-0.418699120063541	0.174624493913997
0.459932539008748	0.311906439631893
-0.798551254747172	0.616718715183657
-0.0389833153911015	0.0186450091326496
-0.401593841595768	0.27965998075914
-0.800083268389872	0.61830380271154
0.160209828488151	0.0920866184547562
0.533702291448323	0.307943246436499
0.495507895778233	0.313228071151536
0.127996404975649	0.0482698701963598
0.155067569950451	0.0290355764553768
-0.740148737877288	0.252718341140933
-1.14088544605048	0.344426431780091
0.127651677266186	0.0424864772644231
-0.803067548465257	0.43810919500085
-0.0771293174447869	0.0339692317993143
-0.925317124680432	1.12923505486209
0.426699095186531	0.168429089865199
-3.45900121533902	1.22669642729201
-1.29790303333427	0.579341243572057
0.371830898216795	0.164878125398627
-0.789949074347787	0.342860425674977
-0.0770803776008018	0.0339483990760569
0.0140657050499239	0.00771775045228258
0.276209222228714	0.232870527648203
-0.190506004965614	0.164263469771392
-0.0338632435703995	0.0219327962678473
0.496725219038271	0.446504646048967
0.490457077178687	0.439568344009311
1.35503293100414	1.25337190504033
-0.708037283172077	0.627737883489125
-0.0112575557718198	0.00755938655914823
0.0739583274280574	0.0501693469873097
0.148926560476677	0.0789869370908468
-0.797473611090497	0.61575742628346
0.180137095222551	0.134365962855529
1.13776502080724	1.29024103753966
-0.0405099412194848	0.0262424655933761
0.0970382896599446	0.0714908270691984
-0.436105306719951	0.380016725344854
-0.194706359150388	0.131166341136418
0.923996304715046	1.04263215141053
0.569040627988453	0.453852789259005
-0.605126480266061	0.496452092066495
1.11076121472587	0.995901421005164
0.276156813045497	0.232710933125478
0.701887463518119	0.708987306029849
0.318520274682913	0.193159704216647
0.94449350163863	0.929770071134223
0.306664677764103	0.198371838719698
0.567598269243087	0.452723391426762
1.0687876575337	0.648549904107086
-0.326230938145877	0.15061410678155
0.134062974599289	0.0643095601542711
0.316171576885549	0.191193451672799
-0.625108743744779	0.299624457542705
-0.160801181317749	0.110953939091667
0.31106112329757	0.201816069479156
0.414603973029722	0.330121647589159
0.854675240798064	0.631568250007127
1.04694439069343	1.11201878419168
0.532787083002594	0.307511381684376
-0.463314940943924	0.310075004146503
-0.165524140224107	0.0592721353648851
-0.807236543147843	0.440721837794854
0.1803013089523	0.129365463666179
0.615107968532213	0.578225771424327
-0.112060625161521	0.0664610331200708
-0.39669683063428	0.275419002332522
-0.580638211606049	0.425806992004357
0.132349525763439	0.0565460944899824
0.778540532270838	0.613555290276577
0.452097424329236	0.328010890496829
0.16470575198105	0.0948902964248149
1.02468573306563	0.969658161460152
0.857782751351162	0.634225366630971
1.48290465688419	1.49658379411926
1.75836423143201	0.962753553234379
0.0162506828104491	0.00890066093124271
-0.439240493212575	0.340800570817757
-0.501560318849642	0.379559047895084
0.583593007118797	0.564835236631921
-0.257473762635704	0.130247423855213
-0.692115108391982	0.553559315958475
-0.680417238394305	0.480700538027319
0.474605013631812	0.43974837298453
0.125348688058955	0.0472753894733249
0.0669790874178594	0.0434744800913942
1.33549235376649	1.41068164154248
1.23072833630234	0.845382942612555
-1.29860074136172	0.5797920330012
0.134579360214552	0.0446820626093357
-0.168663393721381	0.0603724956040683
0.170774808405352	0.105328098410538
-1.00893454131318	0.911918025143188
0.137599739280538	0.0659768057816447
1.60207005833306	1.10700221493154
0.989026839231701	0.811485217971454
-0.0105439067391261	0.00529464037543424
0.0178532778737988	0.00968920404282138
0.170727294719989	0.111258492343207
-1.49527789459425	1.04867341106474
0.28569395187056	0.224625151750533
-0.438737266134153	0.340267090823089
0.85168545265214	0.627802655376155
1.23491423654103	1.36156823757638
1.34381947434742	1.42398300667912
0.685852468995735	0.599198403991602
-0.335763816102163	0.203422084526972
-0.799274213620254	0.617440037569793
3.63629792702422	1.42164529184574
1.31110478579583	0.562358978556018
1.04323019345025	0.495337606424751
1.02480914386846	0.382191050766977
-0.0116489901277023	0.00588600383390641
0.371830898216795	0.164878125398627
2.75580772001712	0.763760469153332
1.02514752788745	0.382203792201025
-1.83139270651508	0.740181168650308
0.130920287619515	0.0493322328761646
1.31196676791469	0.562729963486004
1.95731570776637	0.441000340195791
1.95988292961267	0.441702177751728
1.44899109330448	0.477667123734845
1.06799362498327	0.648564232268897
0.146584487246171	0.0430023159110844
0.497764200526459	0.315001298841559
0.467222862633413	0.318220398933801
0.698202380763952	0.457243185884655
0.943548783150218	0.638419830606515
-0.788516523036361	0.341754565320538
1.08549768852112	0.819688908910102
0.876717909154008	0.463866575605238
-0.807236543147843	0.440721837794854
0.164096000561515	0.0946142755724187
0.697577711003236	0.456456381353303
-0.10606852665684	0.0422759937383796
0.426963288001114	0.16844063660739
0.288432185712824	0.217781404836778
0.443021766445863	0.319605053797413
0.326100193877122	0.180834109115001
0.850201484832034	0.627165696776371
0.599694720647499	0.452825996960483
1.23217983584621	0.846301873835062
0.94820175004088	0.248479682375772
-1.13895833229548	0.343813220888229
-0.237734534646551	0.0765149348263535
-0.793871327710497	0.344598346953249
-0.993990591356549	0.490029680851426
0.427493662634359	0.325532981784562
-1.55738759390661	1.51065498036801
-0.805440555696283	0.537301973723229
3.26284822825054	1.10169382604423
0.128591433736742	0.0484895075702699
-1.14974325164212	0.347335128550777
1.06436231489504	0.644280530255301
1.11438487036545	1.00220047545206
0.0303207781413379	0.0177087178808316
-0.398646948261853	0.277271375374697
0.248430004421253	0.255133565928316
0.460874004070642	0.440315776577686
-0.330328892909632	0.324274733513095
0.104692468754261	0.0800357404611713
-0.646192866792912	0.632279323309389
-0.418058827807198	0.396455510735105
-0.313662203862319	0.282500911835007
0.440933020213713	0.431344507507265
-0.145184820010937	0.0826113534776869
-0.305998632221447	0.251336349086472
-0.661910219127241	0.737345219630346
0.803526456431116	0.876249662200006
-0.0368282598199249	0.0238594011242213
0.290408945947512	0.219420880994434
0.28569395187056	0.224625151750533
-0.387303213087411	0.306990673195805
-0.724675263934058	0.803524940105681
-0.346391151716776	0.308411730397315
0.180886256536257	0.13498548081021
-0.359799281997839	0.350338092111126
-0.189648192539428	0.127487367953139
0.318795452966446	0.193348712447468
0.427562441194912	0.325553080334029
0.346065580376731	0.17290533784981
0.31564438388455	0.191128660582436
-0.146841474872725	0.083604962570368
-0.813962230268975	0.445703859133414
0.736576840300174	0.61640990178382
1.43575980104164	0.878405357792239
-0.800740523441055	0.619536533621183
-0.486988571439936	0.417928805772638
-0.344118066128245	0.24660461245767
0.171878941606272	0.112110574090308
-0.115843880142321	0.0687596733207178
-0.0414812947725164	0.019802129233336
0.300252938412037	0.206274589051153
0.473721319115997	0.438710777690319
-0.152580861137732	0.0870051586666144
-0.557206988563684	0.356379710575636
0.673147662557951	0.30986199776055
0.297174696818051	0.215078478818452
0.84829945871536	0.623906052310816
0.136994225376173	0.0657907085034259
0.294565891351866	0.212889220624988
-0.0800966314259405	0.0352428263549873
0.135109608302976	0.0576761112443644
0.0390927558361081	0.0227407810868163
0.287498376022913	0.206898499550182
-0.0376353295903816	0.0180161634287672
1.22870317775826	1.03285250675947
-1.35390453727453	1.12638354288778
-0.680979825733796	0.480991282565345
0.409355119042813	0.325289614291451
0.077771505797353	0.0528247516037405
0.310136214273441	0.201188637740533
0.406568752451289	0.322455088222917
-0.506544694815059	0.267664159860772
1.0250235680147	0.970110054293593
0.421270140467149	0.166129444830307
0.0500154020994819	0.0308502959673463
-0.507145992362838	0.268117132433404
-0.667943132665949	0.399687185070704
2.1062553957088	1.44232625883908
-0.35262379016767	0.101278913820777
-0.58023069313841	0.42567775075021
-0.234443981712958	0.153649370588358
0.473330003731326	0.438266298656667
-0.390760461343425	0.310287020619516
0.051674291016398	0.0318657122968845
-0.535763617618564	0.449124988807268
0.015682501635809	0.00855483906240774
-0.606553901353503	0.498107695469652
1.09207493986063	0.826888656732601
0.0181207587518047	0.00983128531486531
1.36127213575187	1.2631693667356
0.012302635210196	0.00677739435496232
-0.170640807744489	0.0610979709501241
0.327110251841204	0.181244790615712
-0.478772085075199	0.408781968013555
-0.116576264765905	0.0841111246701591
0.145122129909196	0.0768399083315411
-0.579114029438882	0.42433702659771
0.128568405154016	0.0427795258685336
0.154261264990446	0.0387023394037745
-0.113885349209877	0.0453302765915032
-0.240278820798337	0.0772929353381372
-0.0747060327030967	0.0329118265288211
-0.411662068870429	0.171457253105263
0.948768757521975	0.248549269795159
0.159402290839324	0.0399177124259514
0.134446827346684	0.044648821058174
1.81323362267005	0.702723165703649
1.44450447975593	0.475941549703467
1.95731570776637	0.441000340195791
1.44862736407577	0.477555630338169
0.950858461556905	0.2491584305819
0.660054375205789	0.207294450910716
0.15963091503218	0.0399802605532864
0.950998501270056	0.249196467275389
2.75641316563256	0.763778311858285
2.0956418939305	0.921016207690412
1.95731570776637	0.441000340195791
1.95786695174359	0.441149378722158
0.154509067766894	0.0289541162362231
0.511535984561553	0.180463547184556
1.44922258720914	0.477763268309402
0.513297440290374	0.181056085890725
0.137894527922204	0.0661252306008865
-0.338405626123299	0.205031172433309
0.158542804431267	0.0910656009859513
0.884870280224497	0.469192812723365
0.29422214371189	0.201642601930582
0.01541505677567	0.00841335049253526
-0.8705833276379	0.876612361817507
-0.794184320110408	0.753355107489353
0.329317404981711	0.182668580679753
0.341991383777001	0.170558622885727
-0.345013038759178	0.247433871468439
-0.691628962764665	0.552940345977453
-0.58577064465908	0.430576498046047
-0.795570383487227	0.614130804090821
1.131528202062	1.15916718710824
0.606287309506312	0.45919486130931
0.693865076239723	0.453600574388827
0.309886466996542	0.200851678767258
0.642166844418778	0.45569477441619
0.703985524781543	0.712033758395301
0.370675903814024	0.164447109358775
0.802489056255948	0.330144551890374
1.04536760236631	0.496267966555643
0.154465593370314	0.0289479903375428
0.658448437247608	0.206865271021461
0.511187733730715	0.180331422147582
-1.00004103377151	0.493654528880013
-1.69534511275488	0.955115886541348
-1.11083508235659	0.766259514228615
1.38004364946765	1.0617909501373
-1.14536534536015	0.34589005605433
-0.735538279411364	0.250976055861043
-0.168415949181166	0.0603482965151677
-0.118847446158927	0.0473168675280273
-0.33332050199294	0.201667064972087
0.645982025282728	0.459594354710785
0.293739559072186	0.21209739985937
0.0400603697221398	0.0310361648256078
-0.493275228569243	0.49892435154889
0.268901414325102	0.240639320940298
0.426180227385936	0.324036356643489
0.0713175372522456	0.0483575006611704
-0.217852102570228	0.186268261882041
0.270858544577041	0.227473889188195
-0.688163832705066	0.549026521283773
0.162566598311769	0.0936512117094235
-0.0339525330180235	0.0220060838468813
-0.868998845585978	0.945457853166652
-0.517113526258254	0.482242162035656
0.266078770797343	0.237738544942619
-0.193867971756958	0.130572305510054
0.0243210600134833	0.0176047139256981
0.188620598907547	0.156427317732867
0.39352470542481	0.324784889275127
-0.149696403904502	0.119907623347731
0.174593877643196	0.124864266712621
0.070788658948718	0.0459954537108767
-0.194439598669303	0.131025271485479
-0.694441627412362	0.555633883689049
0.380570278636146	0.169088548105439
0.330172378029442	0.183170348582097
-0.409083068223129	0.170290860377214
-0.0720367342851371	0.0317580450499148
-1.01041325827596	0.500521971606357
-0.687103010795824	0.486956352394152
1.51759529886793	1.29689953369047
-0.260081444745141	0.131591402677925
0.433713265304525	0.331108208468189
-0.0405677595522052	0.0193544639706677
-0.261036758279708	0.13211404650529
-0.576546591498646	0.421811493881399
0.944817848988454	0.639164789940753
-0.464931471793913	0.31145228255719
-0.278449132122631	0.175771816308651
-1.05268661706514	0.851143157664595
-0.34113052077828	0.206841532074101
1.37750681549975	1.0598344390601
0.647061516669681	0.460611685399301
0.646679708751875	0.460746351824525
0.468531910959342	0.319000574881947
0.496603865783066	0.314435795239447
0.660932155782147	0.207694635746326
-0.258478224619173	0.13069960248806
-0.789707181688353	0.681769035279946
-0.685175380655454	0.485275878698439
-0.58279557692423	0.428010573902828
0.177709619575826	0.116054980608233
0.448056102915528	0.324528967051212
0.514903784575005	0.446369872773855
-0.0627472416665916	0.0396395311470722
0.283131863259284	0.22222217104693
-0.609738484451513	0.501496941760155
0.160116686256275	0.092167681185735
-0.531154764606146	0.529963621179243
0.178130772055587	0.122227201164336
-0.281279364351893	0.177925753828111
0.0741047029543102	0.050287590062948
-1.51381756531411	0.763214978207719
-0.32088048820421	0.147877167020814
-0.501490041119203	0.264323227997662
-1.05120492037028	0.414443813999069
-0.73955895107728	0.252503873418029
0.147259813410519	0.0432007445014279
0.373180610877933	0.165574351861478
0.325033512313777	0.180143997364363
-0.510720793242878	0.270086020562963
-0.279117061166388	0.176250296021206
0.572922370360418	0.457710794290568
-0.198834706952427	0.107610764066154
0.849055542360835	0.775477204807363
1.09437274680429	0.82917020273025
0.0520699474175654	0.0321130742202464
-0.908443984419329	0.762412725050997
0.368138378687181	0.324910634784661
0.878824525477243	1.19888074424409
0.314721755030024	0.204556325137467
0.137906679784804	0.0662333832072442
1.10264675914443	0.838205671498904
-0.25269484488061	0.188900065743223
-1.18608530535032	1.22411689556651
-0.671927326488979	0.402810420825516
-0.238300485260816	0.0767056206772632
1.02880620938241	0.38386800333252
1.95988292961267	0.441702177751728
0.800380368072435	0.329168985697583
0.132732885510209	0.0441080605497273
0.145424690649823	0.0426210853542694
0.159402290839324	0.0399177124259514
1.81574571371452	0.703837629137609
0.510089510074648	0.179877546335957
0.804551193439478	0.331168980919484
0.953104063529892	0.24967071820883
1.44899109330448	0.477667123734845
0.950998501270056	0.249196467275389
3.26345542626113	1.10199860979414
2.73039764337213	1.64030947231338
1.44899109330448	0.477667123734845
1.81515619836297	0.703574555319196
1.95988292961267	0.441702177751728
0.422696177587339	0.166705387699621
0.16045117802105	0.0401558290866076
-0.352915395102444	0.101358152963712
1.07453697459543	0.653512083736043
-1.51718135344789	0.765112751840217
0.574152792756991	0.45957931259874
0.798748675557028	0.760644018611374
0.979373798112156	1.07342698729987
0.303742455358951	0.208942791982369
-0.117957085717499	0.0469570963557836
-1.18026758558175	0.657601682408907
-1.35341978364704	1.36317656958642
-0.393572668323061	0.272997295351427
0.696814804036146	0.455734032945777
0.164374810740778	0.100951857821122
-0.506794097572438	0.267917146892905
0.374933422580566	0.16625772778587
0.152999209800243	0.081172301488461
0.154564709522048	0.0887799451025063
1.22947557240226	0.844367069255034
0.141772176123118	0.0680656851090059
0.878479584286394	0.465178423756688
0.311157829688739	0.188038112060284
1.651278836846	1.55537658124848
1.04459638890115	0.495573049358365
0.154509067766894	0.0289541162362231
-0.53874057789979	0.202401825815006
-0.243005367486847	0.0781807445892085
-0.540486497816113	0.203240784979243
0.156732833485076	0.0900771870066108
-0.119314619858069	0.0708857254174162
0.16045117802105	0.0401558290866076
-3.46276423195498	1.22902448571158
-1.04221071709325	0.410198911511082
0.127740324846529	0.0481396538224244
-0.542550190002901	0.204022574863377
-0.80817198828208	0.441228939518888
-0.341628220093974	0.244387811923159
0.617121043900898	0.760478396757171
0.173486308315627	0.12398395330905
-1.03357439095888	1.17409747507047
-0.717680390999811	0.744209286895696
0.273106206851563	0.237606380846694
-0.218431026246797	0.166252496028023
-1.13679978594154	1.26807692783645
-0.602827230205542	0.493889136451733
0.179084732988269	0.122945068091323
-0.422663497910503	0.401975933669725
0.285195112165797	0.224137810654039
0.12235283150991	0.10543590641513
-0.244869943116208	0.206932978843482
-0.499477377228734	0.574055493446611
1.15028138973001	1.43161364030118
0.35612043536657	0.334249071710365
-0.087999951016704	0.064382332922665
0.345645069917059	0.332418670592122
-0.15168162611241	0.10408999390203
0.356644185248883	0.323618882120214
0.172808801091348	0.112728232355293
-1.19020266573474	1.64814801465039
-0.336311734181596	0.203831015350994
0.144414047278499	0.0693601541303101
-0.172107354750232	0.0616237994837963
-2.25107504527666	1.90057744884045
0.134357593366572	0.0644555511050823
0.370998645503741	0.164562011753448
0.0216040452871371	0.0117198961519298
-0.511339464712696	0.270336863256202
-1.04856824153986	0.845799407801373
0.727861809242345	0.606915960301838
1.32329919353278	1.55624731279064
0.0642668903542447	0.0416380888900451
0.17665539578364	0.115377043595554
-0.542165722459199	0.456101705493647
-0.272999773944283	0.227592790702261
0.172549488179165	0.112548385780839
0.0689927458782362	0.0467448828512112
1.07259867120348	0.651504386780028
-1.82874780946892	0.738800580746292
0.304292301150364	0.209333968006843
0.46125767442079	0.313122815083634
-0.114621868977627	0.06801337382499
-0.41671626739833	0.238257030564787
0.602940423645807	0.455710769107827
-0.966459572975576	0.596225617870181
-1.06007886203012	1.11704519342398
-0.397630245684542	0.276314733927666
0.163804122100775	0.100732262300084
0.303001108700151	0.208520304595921
-0.0723246003367076	0.0538596930170254
-0.706198401241969	0.625983340111368
0.416707442439715	0.332228430447005
-0.0224820812509478	0.0148931182801054
0.607240687848217	0.460168071867604
0.185167376581292	0.133136398137316
0.157189481353318	0.0903818978935725
0.476404715211146	0.441727635535056
0.182923494371764	0.125794041079685
0.279457902973546	0.227755350259906
1.02304894811125	0.381607715308403
0.134472340969086	0.0645812853606695
-0.202060421607895	0.136568572502582
-0.323323584812695	0.149201151288762
0.428285671446016	0.169094775343879
2.10021124048698	0.924077935460336
0.770490756827295	0.457255954981489
-0.940357761708005	1.080058185368
-1.25760475585768	1.18348983148475
1.04963866432296	1.1164141294051
-0.680008454921763	0.480392813918521
-0.191861351733752	0.129064480004684
0.979472939227045	1.07389104420436
0.651782289382568	0.593043651574052
0.540577141614752	0.451156045661144
-1.0036817951782	0.496273719320379
-0.0203981082590457	0.013521710846466
0.731892166720531	0.611547984397153
-0.151229260596611	0.0861851058024549
-1.49600210242279	1.91664466358368
0.321505414024309	0.195040317825089
0.652547936499437	0.594095752090066
-0.50762670999031	0.384810149879779
0.450622520453579	0.326727031135648
0.673631406692519	0.310287728541001
0.133759541419869	0.0570900875763627
-0.0467668281758718	0.0222572423447463
3.26508709738097	1.10261522135605
1.95786695174359	0.441149378722158
1.44839669376933	0.477459847846965
-0.628299579656606	0.151558046801791
0.947635845528227	0.248244973505163
1.02329749324129	0.381582146499257
0.950998501270056	0.249196467275389
0.155067569950451	0.0290355764553768
0.533767648890495	0.308325161127839
0.94820175004088	0.248479682375772
2.75520320904554	0.763197913000704
1.02533495299364	0.382457756692076
-0.794523906500362	0.345121969413896
-1.00136036488049	0.494828521671196
-0.801174008683572	0.619757705071463
1.04088900408695	0.493892067852389
-0.057253466494211	0.0361392082903314
0.345460273391501	0.172602869150054
0.933942800495784	0.629240934603472
-0.0083672052392423	0.00428236046684319
-1.15404940900935	1.00776279687327
-0.666494180280904	0.398972318912422
0.374356834493824	0.166186882736063
0.16942564902575	0.11031560101153
0.49739071691786	0.314546819123927
1.23467900355791	1.21043094497419
0.31108796866523	0.201718124693668
0.311073224518338	0.201899176445413
0.771034967307888	0.457967898106951
0.13216217259877	0.0634167867267976
-0.628867026021838	0.151670609188118
0.661225548064972	0.20772290984652
1.44899109330448	0.477667123734845
-0.539786580283239	0.202891755226766
1.43725553750908	0.87962577067881
-0.810680601515489	0.541753210017109
-0.0435641915940222	0.0207733811332674
1.06467715805871	0.644478179892282
-3.76108876538849	1.48211039032061
1.04378432587275	0.495692924097087
-0.793404089795098	0.344600107771943
0.16045117802105	0.0401558290866076
1.06738131484159	0.647964046845315
0.872263795769137	1.00880109333052
-0.144886338800588	0.115698763359894
-0.0997004418648157	0.0829832638227333
0.706003052998479	0.714476286244598
0.274763042736568	0.231322565360486
-0.469810780860811	0.443420772533394
0.410848553544073	0.326560149568361
-0.0892702137887952	0.0548463512480463
0.616268477826142	0.579655266839809
-0.345385626498418	0.279275513685488
-0.0877220771959474	0.064161316051575
-0.422586618044655	0.402009338099442
-1.25842546023966	1.18331392329081
0.174593205455287	0.129850280389639
0.258387365620087	0.243029722323092
-0.808348840396252	0.53999647916964
-0.26647564176788	0.221151054329691
0.182719373577014	0.155421887974281
0.0881217983473519	0.0646755891382123
0.0676143197767464	0.0438932499369364
0.177342668697623	0.136937380872489
-0.511530233664163	0.475517154057556
-0.68613937485053	0.486165691949313
0.643940511116406	0.458131907968201
-0.329458323063792	0.152151823606521
-0.554132142485787	0.353709838768016
-0.418494190903507	0.174652651803506
-1.18986310420283	0.665361842257271
1.55528546656109	0.755344535013972
-0.927787794846435	0.682529742241927
-0.0790970514579227	0.0348066503011606
0.500648924919896	0.317172279725776
-0.13296544614309	0.0937232920261881
0.188289780623185	0.141051309025959
-0.789071069885248	0.746287333792476
0.466055343733915	0.317170748061109
0.320274037622414	0.194183671316636
-0.871973845006617	0.878107901925138
-0.680335389578404	0.481307379747108
-1.18802715310094	1.22794412434754
1.35274184576128	1.25090063599149
-2.13494662515375	1.64358900586948
-0.222490664327615	0.169747919746292
-0.0859082722660973	0.0527341928034361
0.365252288714288	0.321633233557945
-0.792406614766747	0.684235868490287
-0.795525231926686	0.614197057245414
0.0212063319434208	0.0115239753891125
-0.104981145306768	0.062118588802927
0.770650849661271	0.456686706927308
0.141836077188325	0.0680949793420001
0.410530527674342	0.326083142996228
1.35884133023034	1.26043974889679
0.268349614515581	0.225158914548333
0.138200386524352	0.0663685845763942
-0.228528717852822	0.149370518421862
-0.214211889680391	0.182669791626251
-0.69045899119232	0.551743589926985
0.315895353798533	0.191024151790872
-0.112966160764701	0.0670094602477892
-0.792107984926273	0.927010682603228
-0.643242615648885	0.628376811362964
-0.502681986353354	0.380634178038338
-0.272517312916463	0.171640595457519
-1.34503027832017	0.844701684217595
0.146542269176614	0.0775350883909208
-0.233964530152622	0.0753172914260115
0.131244557787275	0.0436234987478517
0.805818467531733	0.331696510115434
0.379398224596932	0.168491339836282
0.16285333382076	0.100080161193949
-1.05236343480284	0.851222756189416
0.732727415700837	0.612477355944266
0.312577735743065	0.202653562644782
-0.330796660242881	0.235421158560409
-0.479004639589679	0.409329732583143
-0.114210254694938	0.0677566446170355
1.06798062410122	1.25007770624561
0.170948624775955	0.105356488127696
0.981769245041091	1.07749630061282
-0.354087102197597	0.316755477836933
-0.586847023924822	0.431623171781835
-0.0793713334432417	0.0486487334173978
-0.149439572379254	0.0851374397197622
0.174883024550949	0.119794597046366
0.323748905855644	0.179053377130467
0.154070376990558	0.0818510399805772
0.348108522874215	0.174098522108694
-0.255580130691612	0.129209497249265
-2.30476209042479	1.1515199403139
0.137894527922204	0.0661252306008865
0.314814509994867	0.190445489378676
0.948337549654709	0.248516516252871
1.81604086904786	0.704001590638153
2.75807933893485	0.764710363024488
-1.14536534536015	0.34589005605433
0.661225548064972	0.20772290984652
1.44899109330448	0.477667123734845
3.63331351050508	1.42008896661082
1.02271178737872	0.381316878019672
0.155067569950451	0.0290355764553768
0.152050960400409	0.028630259939513
-0.738079783119958	0.251987608125061
0.879390209069236	0.465604655122883
0.581371483486708	0.299940832909614
0.1336428740413	0.0503390019183633
-0.198787855728046	0.107670559010065
0.4645924024768	0.315501211564626
0.135013812660324	0.0647808494274447
0.320298414989898	0.194354725028403
1.43627823692306	0.878756997973114
-0.808064247559108	0.539812695717306
0.536636947776447	0.310059086776631
-0.504657345698144	0.266343563170319
0.992693720271118	0.815111774401515
0.411835869188055	0.327677340571344
-1.18054210061732	0.657967863762949
0.667575068911108	0.306882048611956
-1.35238263274197	1.12465601833107
0.139324871337312	0.0737502052214523
1.60646496195218	1.11247426683013
-0.628164901903538	0.15157555358925
-1.83165926032039	0.740451579277532
0.947635845528227	0.248244973505163
-0.176550485343644	0.0631792496386275
-0.0781547759716228	0.034374979504022
-0.0403331146963671	0.0192688071712024
0.68391272287176	0.596909075596452
0.141371700745332	0.0678570677932426
1.44839669376933	0.477459847846965
-0.237783836658627	0.0764730781037413
-0.0840737222314955	0.0369576725439622
-1.03998820725116	0.409113309598422
0.907507342897715	0.786331953817919
-0.254931028656647	0.190842314453568
0.799006556816159	0.760961044452401
-0.135740228758917	0.0957991884902673
-0.208171509664289	0.176720777736521
-0.392766533413351	0.312297181041011
-0.869612641181364	0.946091031103746
-0.3551400172642	0.317990971845601
-0.321927776038694	0.291570332575696
0.0643658462790195	0.0417094757069872
-0.684530267500732	0.48454531364872
-0.586176026503733	0.430978976932087
0.460456802820427	0.439921798958638
0.920935444891914	1.03787851657836
0.10759022083989	0.0848769633781953
0.271210662411019	0.227929017035515
0.400340319843402	0.331688393599945
0.471769681884595	0.436438661980187
0.306902360310453	0.19883486415196
0.431257020182474	0.419299588866329
0.420493319832581	0.419956169533419
0.426880744199957	0.428103214965721
0.300631219821072	0.21782803885244
-0.664432945319481	0.699847773908982
-0.477378029812977	0.407564273095473
-0.341128448741319	0.207036608724475
3.40646484932172	3.28781339978011
0.314940252836952	0.190368277604811
2.39065993500745	2.02252454513195
-0.794523906500362	0.345121969413896
-0.413428194320737	0.236236427726743
0.425497080140127	0.167863861612803
0.465328741031874	0.316438787507343
-1.9367998523926	1.91308879624482
-0.691543163043512	0.552918767653975
0.323771759997961	0.179456778853054
0.443355252888221	0.320125575671883
-0.935267831798069	0.689991254167425
0.0925885611794074	0.0657575315766477
-0.551327575378639	0.351832664345862
-0.188810073421269	0.12685320936592
1.22259348078854	1.34069030197365
0.127783326041219	0.0545604617647498
-1.26274408483163	1.19052743007259
2.01615809223343	1.9032746717083
-0.0513050824458211	0.0323660612164614
-0.0546909141585405	0.0345161301571655
0.910058622509324	0.790609410996824
2.1298501018953	2.18980066060297
1.05044212894293	1.1169704485776
0.730468829823594	0.609023950624485
-0.464931366904075	0.311581030380263
0.162965225635936	0.100133167612791
0.325996781890478	0.180757971243428
0.788326320416287	0.853136545463836
0.587931944970901	0.303925655460001
0.292309156670026	0.221060828837272
0.317560759002841	0.19246189926925
0.0510020342396292	0.031422015156324
-0.111107311195809	0.0658593057885343
0.6088401652652	0.461746762843133
1.29955886887442	1.8044059268213
-0.388471916965415	0.342537342569051
-0.0568699215670857	0.0359041095844945
-0.907079942994201	0.761410837864872
-1.23699684529338	0.940877524554619
-0.626853668502781	0.564729774286518
-1.0462431054959	0.843665942394874
0.513646005292164	0.181128642856017
-0.254994031075374	0.12888581978507
-0.997908939127115	0.492752615315503
0.883198277759912	0.468265493265458
-0.606456384036278	0.49803788339815
-0.463538587727736	0.310345643436861
-0.194183021587228	0.130831506770952
0.0411228761680401	0.0239464216053127
0.327911241340364	0.181941320614242
-0.439434180860518	0.341124824468467
-1.0534687198295	0.852506862461765
0.570586076905308	0.45553939238993
-0.802949602139668	0.535161860496552
0.170907770368165	0.11685855939343
-0.441358364445006	0.342617176378455
0.020253235279303	0.0109952787124502
0.127652878758832	0.0545594839654716
0.166616645821032	0.108373476970872
-0.660177699094327	0.693729540264316
0.374609166640495	0.166082906956976
1.09016246780246	0.8242030576516
0.375581739818815	0.166553161927003
-0.237559934502149	0.0764246711906185
0.425065527869463	0.167656114427908
1.95731570776637	0.441000340195791
1.95786695174359	0.441149378722158
-0.63185471444008	0.152466960619287
1.95988292961267	0.441702177751728
-0.35262379016767	0.101278913820777
0.948905461162112	0.248586345985544
0.159859477622278	0.0400192334307773
3.26795444532845	1.10381433627613
2.75580772001712	0.763760469153332
1.55241682021733	0.753729198528011
-0.237212899766669	0.0763212805777045
0.135376094160698	0.0649560901851893
-0.41644655319438	0.173623085124818
0.147553001449138	0.0782154903792
0.585509213576081	0.302002922696166
0.157004237614154	0.0902326837251633
1.23579424191371	0.85024763803667
0.328301456915242	0.182229394654643
0.13711377756034	0.0658652970839313
0.542058703462276	0.313798915938013
-0.192366799099198	0.103970760531523
0.650752363827388	0.464166128520787
0.135013812660324	0.0647808494274447
-1.69694783625764	0.956763598468156
0.292885684464719	0.211508086035441
0.343714746331795	0.171923574704839
0.660932155782147	0.207694635746326
2.75641316563256	0.763778311858285
0.509175451887884	0.179500092399481
-0.415450817577452	0.173071801779126
0.567204140150499	0.452410711059641
1.08748911048502	0.82110841473511
0.73067976505085	0.609946442140012
-0.504344361633648	0.266187551953157
1.44839669376933	0.477459847846965
2.11430687735938	1.45184761630424
0.125922982362637	0.0537466919251418
0.126947345512357	0.047842661238707
-0.665919533048588	0.398323947233835
0.924346571426428	1.0434722000904
0.266889027140631	0.238574516055318
-0.66122473755196	0.695133964591686
-0.850718824940919	1.04400554277385
0.761048768532878	0.939655931793994
0.353304119563844	0.33105154259248
0.260569548991461	0.23878536651631
0.320954789415701	0.194661386829816
-0.0545238454109235	0.0344018126706598
0.0971198364908204	0.0739450444614846
-1.35040027938903	1.93014027726688
-0.514260425998763	0.553972127087526
0.51689674273485	0.541155301310268
0.981122802176525	1.07623022445566
-0.0559359860434265	0.0478191476953062
0.414319739692668	0.330049227456966
0.581474244448014	0.741437972446144
-0.112618208152606	0.0810919223155054
0.410773288319343	0.326704596903511
-0.0550125849040003	0.0415723684251849
1.09366921640387	1.50088921624672
0.179276710089192	0.128558994969443
0.0916873237199574	0.0621541665060334
-0.599796676343395	0.4906465820778
0.298912078893939	0.216388623534877
0.58657978760058	0.30312760472504
1.23404911828838	0.849377104124005
-0.0861413109553287	0.052888518057826
1.75658038972998	1.36199191106374
0.296208362916895	0.203188208811388
-0.413822687440913	0.236508775210289
1.58025121210147	1.71249754406913
-0.339106007876401	0.242446165911958
-0.937530879611782	1.0749130310855
-1.19749207879404	1.24218215447529
0.497224607662	0.44713053445865
-1.52020446809773	1.72262677941846
-0.278725880195038	0.176092424792414
-0.58577064465908	0.430576498046047
0.300515511848887	0.206482093605276
-0.412680513907536	0.235700629965545
0.670831219986141	0.308462665871979
0.651214016876857	0.592519484091217
-0.986119641549461	0.982055360176894
-0.50976206608165	0.387230716942199
0.325379568319005	0.180107279455191
-0.260667866653525	0.13190779222784
0.306210197409655	0.21112742342423
-0.335776871703995	0.239585003374643
-0.0495117426752411	0.0312276604568503
-1.36208514175764	1.1380266218881
-0.150500499221504	0.0857879197269568
0.542291909246185	0.452660506325416
0.174316387261885	0.113727717644331
0.790103562168137	0.748974760046271
-1.346898595962	1.5574052694737
0.427773793932543	0.429299261630227
-0.862379748578726	1.00137864923923
-0.97279580751114	0.96269707120436
-0.383553480805967	0.33709022795689
0.491243196764417	0.440372954340683
-1.44091090085471	1.54668804840952
0.180356824268279	0.13457678446464
-1.4251585507614	1.73925044069194
0.0778054380192413	0.0528770356519106
0.673071542267294	0.309707778207768
-0.0847350321115529	0.0520026723438591
0.173602530939619	0.107147274561931
0.131587631973577	0.0561520158479122
-0.353939368265063	0.101586834148653
0.132526075121962	0.0565462100364261
0.131157871067023	0.0494361179939617
-0.149564653963599	0.0852347045408415
-0.34345559066372	0.277418483630899
-0.13805262964177	0.0975390128333105
1.95030228546018	2.71144537187077
-0.540413237395208	0.453991020218772
-0.535244115747283	0.448440513344762
-0.60700386707008	0.644567297092025
-1.25520600495975	1.17992044842594
0.30407010578291	0.209414621236697
-0.0438546115032841	0.0284228681872695
-0.609658846296588	0.648390424011325
-0.148898742077025	0.0848311225338792
0.177496231553082	0.121745851358865
0.469467337546553	0.433601662250969
-0.33051266932734	0.15272233432997
0.175097995938077	0.114269521920409
0.49658828206412	0.314082933259729
-0.413914940317443	0.172398209586204
0.429057351930408	0.169364233472881
2.10130390665387	1.43874661090454
0.948337549654709	0.248516516252871
0.155111385030128	0.0290417527313876
0.160221796316651	0.0401166927693931
-0.626075023442282	0.151167646950723
-1.13849635482287	0.34354887893789
3.26345542626113	1.10199860979414
1.04510898240113	0.496190674623916
1.02499638904051	0.382165912389253
1.02651128578825	0.383050193875148
1.02592340208434	0.382810966482796
0.876980757709068	0.464120106246
0.345069601977721	0.172542436651614
2.88480543038833	1.91041837520367
0.611106264995752	0.464273091819915
0.396735303690465	0.327997916635232
-0.112240221015817	0.0665670905011213
-0.938871378619962	0.693896743832217
-0.582936345016621	0.427719212798001
0.0406721184349772	0.0236580792467484
-0.149545061767069	0.0851540509426705
-0.233395157779413	0.075126282890225
-1.83530553524322	0.742418988109019
0.802840016253824	0.330197869326294
-0.244977424990099	0.078799048069108
-0.0769191689128509	0.0338521771220351
1.23248402135875	0.846514484903546
-0.145543353206977	0.0828135259266702
-2.08651667798306	0.942148962041558
-0.538963433786103	0.202464572078945
0.128782523982544	0.0428430922951178
0.770793985117418	0.45752296418316
0.510271633266051	0.179924314863983
-0.791098041354171	0.749134256854711
-0.225583552173467	0.172450181214442
-0.107368771999712	0.0635744778106828
-0.319853476879674	0.289339017245107
-0.318535026899974	0.287702830208348
0.0972823010401826	0.074086460435002
0.645863427690775	0.691140917049464
-0.247608218244814	0.209684555570651
-0.458650698493618	0.469343250342254
-0.344380600617818	0.246907518210644
-0.157955997362151	0.139590348392552
-0.0748101167614513	0.0557722535357275
-0.719966678485375	0.747559328163177
-0.715826829962411	0.69122305770371
-0.688557623046604	0.821475973874567
-0.956059386146982	1.02523844080851
0.183129333098022	0.146716373891853
0.365851243482833	0.322298139696641
1.22572790672388	1.4831218285691
-0.330062268109989	0.324040061434285
0.0687214439047915	0.0446059542898681
0.510606139183935	0.550443741234833
0.683999158654551	0.793613623586099
-0.0436942547830058	0.0283075714564018
-0.877680980051046	0.886954775061103
0.141772176123118	0.0680656851090059
0.129916076947615	0.0554206976348945
-0.193611453389503	0.130397286143352
-0.340853620512641	0.20686077828281
-0.738079783119958	0.251987608125061
-0.0424423773574515	0.0202476655784004
-0.93535645213063	0.690812626443496
-0.233106593872729	0.152447622283222
1.30745251065052	1.67871311171082
1.02495258485063	0.970033097207304
1.13346613412161	1.16196282146578
-0.334002886254106	0.202102898324426
-0.109557432578441	0.0649081892515555
-0.508594087327069	0.386064236819085
0.951048317803794	0.939668689082731
-0.302601613761482	0.222701835601143
0.306623799534657	0.198493546524638
-0.337855818177797	0.204657062506438
0.710356504202724	0.720351163936009
-0.0598266767867225	0.037763681162881
-0.681226280595545	0.481892038056841
-0.387781826131798	0.307427437072104
-0.81108055435304	0.542093594231607
0.374040541273813	0.166099730803822
0.442611111525412	0.319492670984895
0.645909414997152	0.586405761971469
-1.15410600123537	1.00787609886132
0.0775517146807383	0.0526892143345194
-0.542572118824339	0.456397556654576
0.737235252716297	0.720613046865586
0.730964202562795	0.609940252020103
0.291196387303315	0.22012298429059
0.456508634995541	0.435142167999095
1.13244960884243	1.16055960571227
-0.253642285686054	0.128150004698882
-0.34426997100152	0.246694606102859
-1.02597279131348	1.16079847876558
0.320954789415701	0.194661386829816
-0.135856143179134	0.0959261196360054
-0.0600141852996428	0.0378786932240301
-0.563953966710085	0.516575500715226
-0.587853176250334	0.582296100913161
-0.322235411713064	0.148542946725632
-0.152851350574415	0.0871612999560241
-0.464530117945126	0.311277272312136
-0.422939068083102	0.176513501357059
-0.253650803838605	0.1280746298861
1.04424975463849	0.495554192271584
-1.85971343879028	1.16690175135345
0.139542963985349	0.0669682425041542
0.725953609968332	0.604045023012589
0.325667277127438	0.180271675977909
-0.512363475484826	0.3894361655691
-0.582936888503196	0.428193707666072
0.182889546803925	0.146487471255923
-0.907756937964804	0.76219668139241
0.179644496998422	0.133901235728338
0.517881290961906	0.449702796983503
0.278127501841845	0.242642586530212
0.515065286094054	0.446547566851076
-2.24823612106235	1.89451807086823
-0.00701304764712647	0.00361635964806524
-0.687469973926897	0.548029459803301
0.186742194735815	0.139735367148917
-0.631524894066243	0.570331004337706
0.298625968629564	0.205106349472444
0.131463990676715	0.0437015090033304
0.58502536987726	0.302063743656343
0.774784803839899	0.460245905655184
0.58582326390311	0.302158236366012
0.503760514975086	0.177440938805015
0.135983782260437	0.0400782901589669
0.948337549654709	0.248516516252871
-0.631994988626399	0.152498044571477
-0.355112179440658	0.101904546481095
-1.79839614394125	0.382877807711208
-1.52525862148376	0.541687313963439
-0.738414128880846	0.252090639638632
-0.628733247343677	0.151688343674084
1.45415285694275	0.479329377268875
0.658448437247608	0.206865271021461
2.54378460891525	1.37722954339994
2.72333243194225	1.63291560564401
0.417944151143051	0.1647019663695
-1.1413415008172	0.344450233445194
-1.29652555966614	0.578489199680992
1.5511739686832	0.752209397016322
1.06860587118357	0.649106453286799
1.23200721891882	1.2061426681016
1.26287230826015	0.685420995989338
-0.966759908380468	0.596526867242596
-0.674336608118564	0.404577299150348
0.333135937181411	0.185061056343285
1.80835489274816	0.70010856168417
0.589333607395911	0.304587039615023
-0.355104953248248	0.101967480674674
2.33807558295589	1.14590125490883
0.94248304446862	0.636483617530716
-0.787504446295743	0.341507805714106
-0.627920734859053	0.301050564774921
-0.414678891754758	0.237106537799984
0.15963091503218	0.0399802605532864
0.517679529031036	0.182559383699696
1.06067268081633	0.641636749551064
-0.793526909263106	0.34442474324859
0.154689765165584	0.0888203388304703
1.61676538375561	2.80448444546165
0.0660663418465688	0.0428595176398107
-0.580468288917941	0.572432807316399
0.182340549555955	0.141119502957647
-0.793583207674748	0.873359575060622
-0.208606089609468	0.177196536514381
-0.160668906179847	0.110866760921453
-0.793916741790946	0.612101866289276
0.514732373349188	0.446250237731968
-0.799932947237025	0.618136965076105
0.188363870873315	0.135575033408448
0.429545861028374	0.327387679183913
0.587158121690576	0.569205820490715
0.618458499373332	0.582541867020199
-0.254874438035079	0.190804576132857
0.034362110634196	0.0200448682114823
-0.14387770516533	0.114823874983514
0.169824548458341	0.0980280822204197
-0.343702989679369	0.277654933250218
-0.0733978095719538	0.0546732025374902
-0.351944924165517	0.314475251351829
0.0601743589801336	0.0371561284400249
-0.501341641774662	0.379239895926264
-0.00398846517342155	0.00212774686539521
0.990240025403667	0.811989330018186
-0.5431188895219	0.204245277624117
0.650348939570351	0.46374938451817
-0.93463653899508	0.690250845225265
0.140023273435885	0.041219830052157
-0.702283895504099	0.620823302454981
0.424373787314051	0.167361463682442
-0.0378649982188453	0.0181065507650983
0.427044554676773	0.168576132834755
0.539056231056511	0.449419021807847
0.734926277849686	0.614533571108246
1.89115231026727	1.62737091132374
0.44328725581726	0.319818708657325
0.607906006788359	0.460848984918225
0.170075603433634	0.110770072366022
0.136957210683092	0.0657634664186794
-0.468647142274813	0.314574809155934
1.04378432587275	0.495692924097087
-0.907471452430443	0.760678322542353
0.689558751430209	0.603638401537062
0.169556237815058	0.110405650781039
0.317959251068685	0.192516597984993
-0.0819837622544696	0.0360468966264936
0.0155404429132429	0.00849900476135959
-0.232352402758907	0.152046014461755
0.164152863138942	0.100978020029703
-0.113075269836414	0.0670794433039561
0.606810147094676	0.460103255722261
1.11295239652833	1.00011457166281
0.637745399257491	0.452403694962248
0.469700191424509	0.320259348254032
1.07331886117734	0.652443585048616
-0.111796461708403	0.0663014463602526
-0.194261026020376	0.13086909314788
0.645028520425822	0.459120400739969
0.910585346745664	0.790923609290734
-0.07867308032227	0.0482112506294028
0.295380641214715	0.202435689116522
-0.936514956814339	0.691245270724591
0.144725574883443	0.0425191258680454
-0.412462076666536	0.235610232235777
-0.0429258754709908	0.0204773940379813
0.430857847520607	0.170037782132082
0.658741078701816	0.207014004441108
-0.355104953248248	0.101967480674674
-0.414916504285137	0.173010164636834
-0.233123177506267	0.152624763190677
0.30600115272479	0.197853082542093
0.694898344619224	0.454959259800729
0.163804122100775	0.100732262300084
0.534393980108308	0.308382235318699
-0.335789128560065	0.203345736906029
0.185002513869741	0.133005880346506
0.871492617224902	1.00730765020583
0.179362439271726	0.123051018078
0.180466616195681	0.13465274946315
-0.304412204556798	0.224231720418389
0.914463394724097	0.79595519450636
0.604483356784625	0.56504347937787
0.151845605047954	0.0806177338842292
-0.680538942845212	0.481290106220185
0.144997395387248	0.0767692510073244
0.145579711507327	0.0769874932960164
0.154465593370314	0.0289479903375428
0.950287720870208	0.248999740475732
0.425842843580689	0.168023318876402
0.375965197195902	0.166938700129267
1.05058910707122	0.49932294137229
1.44862736407577	0.477555630338169
0.943937640725668	0.24736392993685
-0.739337707457692	0.252266162743882
-1.79840965860499	0.382877827643389
3.63565166019344	1.42132833477826
0.657477424666525	0.20641752360443
0.159992352718576	0.0400538861334557
0.14556417703739	0.0427370982099398
3.26284822825054	1.10169382604423
1.44780311038183	0.477066495630919
1.45138090115721	0.478568850670936
1.44862736407577	0.477555630338169
3.63865172808213	1.42228041522975
1.31139839023769	0.562237305599265
0.659032459281836	0.207041754611057
0.160583229502904	0.0401661733691417
0.943817315722542	0.638209290930226
1.25751110269703	0.681299123737563
0.772174795113499	0.457923849616105
0.474375610962383	0.32389433378783
0.85276230281086	0.628932939656641
0.700779561410073	0.459991638740411
-0.687286901152624	0.487348113432442
0.533468446437987	0.307729926896515
0.50720087150347	0.178829201945322
1.95786695174359	0.441149378722158
-3.76137421922742	1.48226291907169
1.25249399789827	0.677360299966471
-0.739220696441847	0.252380570526188
-1.35076908819928	0.850356607022405
0.467380031882927	0.318291920259174
0.797222770504436	0.32771812929003
1.95731570776637	0.441000340195791
0.948337549654709	0.248516516252871
-0.810923332320749	0.443516649682128
0.140361834634309	0.0413037326992959
1.25334390367997	0.677845490978149
-0.697617860801296	0.61558871528741
-0.249568941698021	0.18609925821025
0.0923678287061868	0.0679477552563424
-0.168793934112819	0.133035463574252
0.865763488998687	0.99722256993441
-0.539800703217119	0.541050452090609
-0.0177682244365056	0.0118059502215418
0.538169420007566	0.448528857640525
0.488294142226536	0.436768798244184
-1.21916243836923	1.44077995617511
0.544454563642038	0.455279808564808
0.0528591467066847	0.0325776719787671
-0.390414148043465	0.344639882141253
-1.25302798143541	1.17610842817516
0.285227201618852	0.214855993984073
0.30629261914272	0.211165017718625
0.0813940645612319	0.0575481955971095
0.0374423014807266	0.0218071929113535
0.274532291773203	0.231256874013486
-0.575910828147767	0.421389480091396
-0.45017672305653	0.351199465374172
1.14763145140899	1.30866051999212
0.174351048627346	0.113778843006641
0.410122401273509	0.3260114844276
0.883184191426456	0.468734256983203
0.151699954163731	0.0804346032930412
-1.10843923421535	0.764380539129941
0.371507099259899	0.164711145717647
-0.32529719368044	0.150171557885481
-0.794316721732544	0.686866634332358
0.377786837575273	0.167726927816864
0.313042566311024	0.189174898116012
0.906007542568477	0.785159178089816
0.911244613743716	0.792114593675883
-1.00038377842349	0.90211552501384
0.148468103221354	0.0786037036253614
0.17178630686177	0.112006387712948
0.914887290184006	0.796053970532926
-3.06233357775416	4.44856894851449
-0.0416789582507194	0.0198964522100546
-0.00796192836675945	0.00408118924546767
0.171852016791344	0.111975276512456
0.167098667055954	0.102856810808095
-0.89399172008864	0.83221205309097
-1.55802849899735	1.51155980065763
0.918912897317741	1.03443795299471
-0.967078316232722	0.595874688528225
0.66937968290993	0.307605615084939
-0.553955116968152	0.354076797469648
1.43578912045471	1.62778137670003
1.43375279823405	0.878565333093442
-0.339769313856871	0.205972769848516
0.17757436294323	0.116012853164959
0.940738060865261	0.635946907212725
0.36028790364606	0.327903991548462
0.577297823244753	0.556905303377277
0.405069027128988	0.321139807954544
-0.00958219069531807	0.00486495432588564
1.00280796560907	1.51216176906385
1.53056915501469	1.85246807494835
-0.340431053785174	0.274403316533152
2.34192571099863	1.148837051844
-0.195597609447604	0.105813478281397
0.138562558046617	0.0665573985218262
-0.172107354750232	0.0616237994837963
-1.13872731243543	0.343741383764358
-3.46679196715223	1.23130500663502
1.09274432887487	0.82761153449716
-0.937760319883267	0.692904207932615
-0.663355923226579	0.396425948026777
0.16958290329672	0.104435692878304
0.173721094488698	0.118956843720901
-1.23728135945224	0.941151312565915
-0.679296702028054	0.480118282243773
-0.391022643407928	0.310553893653056
0.9073733291284	0.786731916541424
-0.626255965481728	0.709302791003727
0.741434151680736	0.726712275354373
0.305287523721502	0.19750524471001
-0.792209015017901	0.610787964569453
0.171406277920697	0.105725330425619
0.850122418842877	0.776503455917855
-0.114200640524609	0.0454885817871116
-0.117957085717499	0.0469570963557836
0.794709690920056	0.755374137183754
-0.412526907999635	0.171766273135573
1.81264504950119	0.702404900566408
1.0190295579627	0.379719734867384
0.944504519928106	0.247598335656165
0.94820175004088	0.248479682375772
-1.14499995487719	0.345855392571373
-2.57660997484294	0.657538252319339
0.804902320215242	0.331341314716319
0.658741078701816	0.207014004441108
-0.354815349846941	0.101888689175609
0.512103476504473	0.180655514559587
0.810884422728548	0.334033388444438
2.75520320904554	0.763197913000704
0.155111385030128	0.0290417527313876
0.670571388016324	0.308341959138758
1.44839669376933	0.477459847846965
1.02422162940792	0.382079227006262
3.92694117717927	1.70243676685084
0.76677187520361	0.45442248156236
2.1090103804175	1.44664043084578
0.154984505007721	0.0890657268358807
0.494605956019864	0.312344951485403
0.659032459281836	0.207041754611057
0.135147068183463	0.0448731525122335
-0.172651053911463	0.0618415442674928
-0.73833632952493	0.25198039611565
0.50720087150347	0.178829201945322
-1.8343686452195	0.741659633265439
-0.0421070313465069	0.020083284229622
1.11106515539072	0.99718787498395
-0.198260907854803	0.107389715510849
0.663427748733987	0.208300313291545
0.802138012530807	0.329972517070534
-0.663890800229392	0.397061182310738
-2.65455820396129	1.61952323089828
-0.146698050106749	0.0835263319438946
0.295532081472566	0.213510434059519
-0.801329831993386	0.620071849603009
-0.394653777933911	0.349107256528754
0.491226006710825	0.440093098120658
-0.672988746142623	0.754835470172844
-0.445120165280298	0.346541360123084
-0.0879338818516368	0.0643389307365623
-0.0366117617628255	0.0280299707533265
1.07860809446433	1.37134713176376
0.603756047820029	0.456611713479284
0.774733924496347	0.460761617383799
-0.788682710971215	0.745840478462348
0.578780963390779	0.558639316516874
0.186371220696814	0.154298571167452
0.0962734701804419	0.0709699729977276
1.05373434165561	1.12171652733341
-0.879321970200682	0.88943370971208
-0.231691487119545	0.177659777736256
-0.320323543763055	0.289829803232735
-1.2200509783089	1.44203232232411
-0.270225338437165	0.170020426221567
0.17419002504875	0.11923944153176
0.916089705748447	0.797283975377956
-0.292185538681016	0.213962663213867
-1.19054994171678	1.2312932246685
0.341991383777001	0.170558622885727
-0.93409589462429	0.689259116548238
-0.0844788873071201	0.0518251506198099
0.591916460544262	0.306231299697181
1.05143115037805	0.499477266813111
-0.629111998709171	0.301520599329841
0.350048539054164	0.175152068048738
0.288511179921368	0.21782056881141
-0.604020959530471	0.495185924434973
0.183486021662523	0.12621439281422
1.00225947764253	1.20232603962332
-0.891067177300987	0.828425527108175
-0.104717625009819	0.0619591700345457
0.304351789645337	0.196778357116567
0.131587631973577	0.0561520158479122
-1.0031390847312	0.906128649168993
-1.00307874278111	0.495733112038325
0.17671696361688	0.12654336241828
-0.0833062706176291	0.0511049050356311
-0.254299129837966	0.128459528040238
1.64481589290716	1.54415234382093
0.58582326390311	0.302158236366012
1.13052522554856	1.1584668200835
-0.515205571248667	0.479874169495151
-0.902237194173346	0.754967862135406
-0.19769152370015	0.107061557409013
0.652803748060132	0.594430075380239
0.57167234285881	0.457007414545414
0.951126341450961	0.939701168891439
0.410632409189567	0.326531508739878
-0.146841474872725	0.083604962570368
0.909936259000274	0.789727971127329
0.042945414131839	0.0250051047777032
0.723698393604201	0.826318407269151
-0.400028190383055	0.278238980160214
-0.956943915100572	1.02672888272935
-0.501141263233712	0.264235837513735
-0.231546458646225	0.17749915293077
0.599826712041662	0.453200198248887
1.76191854127478	0.966069659943695
0.132513899668301	0.0440249398537092
-1.50582537229307	0.757248272046165
0.421270140467149	0.166129444830307
-0.0842168262959293	0.0516805616808378
-0.227688860276369	0.148663654704335
-0.162015367666951	0.111811365053689
-0.151611397224861	0.0863975310090568
-0.187666478084001	0.101275653874938
0.730344048331764	0.609824505089214
0.464366636827227	0.315809473873726
-0.608820303081099	0.499907836224612
0.302690732518366	0.208067246240306
0.0691624110683973	0.0449189866357922
-0.135477651958732	0.0956070496407127
0.912050613492128	0.792547294469751
-0.076126295516662	0.03353476597524
0.0385895073437212	0.0224437881839782
0.646637094982711	0.586907566420599
-0.808100872086717	0.538669778277477
-0.397102818659136	0.275959091323068
0.589032264568651	0.304349472385491
0.127996404975649	0.0482698701963598
0.670235846552931	0.308134565191259
0.139684630056245	0.0411185419267414
1.02422162940792	0.382079227006262
0.943937640725668	0.24736392993685
1.95731570776637	0.441000340195791
-2.5766529574574	0.657773148602288
0.948768757521975	0.248549269795159
1.0238833519431	0.381787644807647
0.658449623497539	0.206846818911275
0.802704240998476	0.33025128123342
1.8135291528185	0.702758164322864
2.10577777041247	0.92695430431462
-0.738079783119958	0.251987608125061
-0.35569023027487	0.10209347470967
0.663422627847196	0.208288477111549
1.04571409021437	0.49628651803995
0.3814221775902	0.326116417637819
0.339152358087674	0.169136307644266
0.348754892447253	0.174472739683263
-1.34409517157526	0.843658320242331
-0.168098950998947	0.060182556134742
1.81174408502965	0.701697875545868
-0.163549748543938	0.0585887693480599
-0.628164901903538	0.15157555358925
1.55095914928554	0.75209059448413
-0.809363746339261	0.442546835487161
-0.073740258598921	0.0324941384795382
-0.887721197516229	0.823593674965104
-0.23899936488781	0.076906393395764
-3.08216231491203	0.947551973079846
0.513516136888496	0.181178716343693
-1.19233185749481	0.66732964314563
-0.120113470057286	0.0477594233775728
-0.199412276298588	0.107992805725078
0.299227088757888	0.205477631826682
0.110837239056886	0.0876210682127876
0.18247422054272	0.150704356360618
0.680692422890507	0.592554909057861
-0.145150532238875	0.0825846022016867
0.647204091947306	0.587803399637019
0.0747408080599958	0.0507005106062923
-0.127894439822861	0.103654779313434
-0.879708301537359	0.890027617839929
1.32088043218708	1.55262573114928
0.178730351839334	0.133225559164064
-0.168621215060573	0.132887170535882
0.641318726978312	0.580654412145907
0.9895093719659	1.40406021995971
0.999154655414312	1.19610004698191
0.172026735908487	0.117644147492092
0.474766396493645	0.324234253333587
-0.0774998398317092	0.0474737296347792
0.16652778493625	0.102387734362013
0.319287796617109	0.327426583662343
0.298888461947751	0.205334926510509
-1.03226902313866	1.17116188411709
-0.307174738172572	0.252439072138872
1.14028250380766	1.17351828508486
-0.508402869346919	0.268720697040952
0.145293237677608	0.0698078054370582
0.52669266768251	0.303100094508393
-1.51159018346237	0.76153698752495
1.44561543393787	0.888406640967783
-0.280488887601844	0.177216317572569
0.322123491743725	0.178371424832779
-0.625059138123273	0.562657680951376
-0.680062422348878	0.481064406348861
-0.559142552580722	0.357967501259623
-0.530971886762303	0.443824295893083
0.296580729727659	0.224764155619595
0.0147390481681245	0.00807586967474993
-0.038309603680707	0.0183313407359653
-0.0780828764283557	0.0343785485199201
0.731969835854005	0.611105436788948
0.145944139362102	0.0701387716011843
-0.506885445790532	0.267562148692892
1.04962100246861	1.11546426214811
-0.806912901224416	0.538296209942392
-0.395731292422567	0.274897901823533
0.751707758966815	0.740232426865678
1.32070843855618	1.5507924388592
0.951372254913032	0.93941913744713
0.328015106256104	0.182043710877311
0.443159463566957	0.319737044830288
0.30872894564835	0.21298450131913
0.274317708655553	0.222750361274325
-0.00930710552213199	0.00472953277473569
0.305169170081789	0.210309762957476
-0.395027501129208	0.274280258546288
0.170718182736829	0.105301441966732
-1.46403690507392	1.32554122586137
0.973010798529252	1.06307968040112
0.135718667286381	0.0651911871818165
0.174993078626193	0.125207933508309
0.793822871675127	0.753002525489637
0.802704240998476	0.33025128123342
-1.10727194969292	0.763195459839263
0.145313170347528	0.042674261922763
0.694050159813121	0.454030725521534
0.839065312500135	0.886636829972806
0.431326203965572	0.329038177374038
0.648452867708255	0.462464975598086
-0.608704625746532	0.50046163107183
0.772479957142985	0.458149287010929
-0.797000168810913	0.616001253080945
-0.192901022694835	0.129878784867757
-0.413032886939455	0.235914366502824
1.23684902607665	1.04506170350159
0.153156614367866	0.0812426294425762
-0.910327991175895	0.764752376813758
1.68091323082105	1.95399380491823
0.297108029223077	0.234883864532977
0.748258796811982	0.73557293318739
0.170207012570694	0.110855734812627
0.149092010866615	0.0789825000742202
-0.598258730450465	0.488903357086992
0.13146580926851	0.0560811387017879
0.661811042100157	0.2078534144171
0.155713854733082	0.0390835596706886
-0.359435145573547	0.103170722743079
-1.79840965860499	0.382877827643389
1.81294103662311	0.70256079058948
0.154465593370314	0.0289479903375428
1.44899109330448	0.477667123734845
1.95786695174359	0.441149378722158
1.3150863687139	0.564688556451063
-0.360018151462565	0.103295990712749
0.147259813410519	0.0432007445014279
1.81323362267005	0.702723165703649
0.145313170347528	0.042674261922763
1.0192751562055	0.379836783778508
0.132032810243933	0.0438841642048134
1.8166310232947	0.704051562387115
0.146922191196889	0.0431076767472804
0.728950352942198	0.608187022349668
-0.0373086084285191	0.0178295498487059
0.0947489511439755	0.0697880830725335
0.276671785901205	0.22509309531519
0.446912281634062	0.323342310636491
1.41211819204648	1.76584541032227
0.343211488292579	0.171244587332318
0.154907865341976	0.0823142511152039
1.81176507224111	0.701716027060748
1.31366843634341	0.563614405395139
0.131814043124596	0.0438161720723548
-0.500840558602437	0.264029428175069
-0.0105412358606669	0.00533783107918815
-0.0433100951826875	0.0206505742521002
0.420275350834228	0.335643943692377
0.325996781890478	0.180757971243428
0.154509067766894	0.0289541162362231
0.428631067442515	0.169230176789531
-0.411662068870429	0.171457253105263
0.317810930252378	0.192450194551194
0.179663206419307	0.128867290641364
0.593600913436666	0.664081578907141
-0.717279683595903	0.743088813059115
0.360632346752582	0.328292120670872
-0.730145462628866	0.812055043266445
0.258874543146088	0.236929165723441
0.0148889090093024	0.0103304939214621
-0.0736774830491943	0.054903985702444
0.770345918254172	0.456393974877982
1.39624463815366	1.90218170194531
-0.536652345219455	0.450119221882305
-0.940500819201112	1.08072382041673
-0.35450100402894	0.317179737730146
0.968120316624916	1.28048298338316
0.742313268231743	0.727717877585595
0.61185412899282	0.574532401827843
0.268465900929926	0.247325004819915
-0.441896979712731	0.481926018292032
-0.29588384587402	0.217102244434638
0.952301998031215	1.17177415221857
0.183645149678225	0.151810281087039
0.889897249797558	0.910313989770306
-0.294760122697477	0.270154942748158
-1.9747688606245	2.54200742311583
-0.543241479414943	0.457070641357039
-0.501692046638218	0.379754079856512
0.169685341007197	0.110489338256431
0.670831219986141	0.308462665871979
0.147104805358365	0.0778433235277773
-0.627416243868958	0.565618490727764
0.583333569762154	0.300404436831464
-0.343342529465112	0.246024139256258
0.533848630769065	0.544449979179667
0.177485719107157	0.127148431487205
0.589255503496016	0.657368675752736
-1.06224217112209	1.12104287903918
0.546103754339562	0.456970438837195
-1.62491321498989	1.26210834515799
0.168908802915251	0.10407144931525
-0.221713960640223	0.169049589236681
0.0576775196176517	0.0356029934551494
0.143955471244062	0.0691415857195425
0.614536179556307	0.671569558255173
0.834576528754136	0.879314812277061
-0.0528420472712732	0.0333349515648136
0.150887989436026	0.0800819260624575
1.23377594576433	1.20806646838722
0.418968125004017	0.431421314481484
0.263346322144343	0.241803378759288
-0.0333634928346773	0.0216132205466735
0.547851632133154	0.458677106984463
0.793965430972445	0.754426270565262
-0.00087696670646784	0.000675350430891469
0.423627425424673	0.321753312488763
-0.87451628216756	0.954016756350221
0.307829110821117	0.199369380435092
-0.482845050788684	0.413521898076845
-0.979493625450225	0.972600936124069
-0.128202700335796	0.0901746018061292
-0.041381075217757	0.0197427666856438
-0.0364366264867546	0.0236048160414093
0.0487938383451083	0.0300870005345465
-0.261917140622541	0.132525899854205
-1.00102800522207	0.494605341939198
0.677232189659578	0.312059813333357
1.10006333033207	0.835892496683145
-0.0844390911326208	0.0616687000098293
-0.560630985162287	0.51228071813702
0.291252403707102	0.220242864791816
-0.349250683505304	0.311580745416705
0.179862877767847	0.134158031381147
0.514399092258047	0.445556926874653
-0.348663901731124	0.282460123807244
0.172888851227259	0.112720523813601
0.0805961604137119	0.0569329145528464
-0.193535301700081	0.130340459124105
0.173845804924304	0.119067155378773
-0.193949317206484	0.104857324298457
-0.162850025253452	0.112484588893395
-0.145040809955129	0.115804493860473
0.477034617057385	0.44243661310779
1.41218516234581	1.76677760532831
-1.06468306182065	1.12498444635774
-0.241194698180716	0.0775963201393135
1.43451947893456	0.878260876477202
1.06817566818363	0.648031617689729
-1.10918454329817	0.763995769327407
0.661225548064972	0.20772290984652
1.44839669376933	0.477459847846965
1.44450447975593	0.475941549703467
0.154509067766894	0.0289541162362231
-1.79839614394125	0.382877807711208
-0.626075023442282	0.151167646950723
-0.737154567775087	0.251538686589487
-2.5766529574574	0.657773148602288
0.94820175004088	0.248479682375772
0.805818467531733	0.331696510115434
0.950858461556905	0.2491584305819
0.128257995526357	0.0483688606653588
4.55656955303875	2.49964018162588
0.130626533328143	0.0434288699946859
0.65757421006213	0.206588655278929
1.43291085908757	0.876779804839377
0.489943450302784	0.309237892551154
-0.342174480089744	0.207801408355224
-0.696280763209986	0.557465897813548
-0.53580322460055	0.449092591719713
0.534688536655371	0.308601029781671
-0.342089063547821	0.207665718231302
0.162568931499122	0.093711050768867
0.128163358358982	0.0483285982449916
0.13792301984538	0.0405784210888034
3.26345542626113	1.10199860979414
2.34021283944678	1.14711439433809
-2.57660997484294	0.657538252319339
-0.808308464399482	0.441827894478673
0.31398549200347	0.189689911996844
0.91327521792395	0.794024559407851
-0.359432307228107	0.103134774665835
2.75520320904554	0.763197913000704
0.666460774246636	0.306092293786577
0.32368613911287	0.179191660681513
1.44981862951738	0.477799018830262
0.533052415292891	0.30747342091057
0.689654481617337	0.603915260718397
-0.0394380124506486	0.0255557018158154
0.0195759898192894	0.0141722237355083
0.119022835123477	0.0998105334154944
0.259325123282962	0.250434893225529
0.903743035113713	0.782277273217636
0.172416303897779	0.112447622588815
-0.980904645567644	0.974886334930423
0.381807715047253	0.326527900887697
0.406312567402321	0.322214631364859
0.756498571512432	0.843121976749328
0.081823598750642	0.0578567682589387
-0.146205711024797	0.0831954910710243
0.178936524157688	0.133402968588173
1.15408575008368	1.43901441068858
0.827664729951564	1.08044060056266
0.445672476056943	0.322425469095111
0.469250350421865	0.319759407013506
-0.931433402777913	0.686079820164104
0.330270908136939	0.183283187006164
0.162539002468002	0.0935793498278656
0.316736406061773	0.191895658287928
1.44471359102019	0.887504198313496
0.0148673719436453	0.00814070011724407
0.134919081150083	0.0648305952050344
0.307033486502732	0.198930483833373
-0.603283880623184	0.494417111178921
0.609361424767577	0.462566665599025
0.470217589385591	0.32076272251893
0.17445955404962	0.124792496378998
-0.881011698845769	0.892244341020527
0.417353499893114	0.315971065554537
-0.110113729246133	0.0652532722382727
0.297960353599491	0.204522601736013
0.164137386647753	0.100893895099472
0.792963879307595	0.752882224654634
-0.0376390259283983	0.0180065461937911
0.648994844875529	0.589700236856124
-0.348808454773339	0.282482200138631
-0.292108762418322	0.213907868430674
0.44903265222939	0.325266137950124
1.582641240197	1.71743671811006
-0.196123574174307	0.106073276659412
0.181133931037211	0.12446870566374
0.171878941606272	0.112110574090308
-0.977193946825574	0.968911856447746
1.89085621734366	1.62601664641703
0.440310008917725	0.317442804902458
-0.280463566252167	0.177284629401289
-0.390508552219465	0.310079823122693
0.374077768613044	0.165818583952208
0.0186555860824019	0.0101141697222617
0.535987154049386	0.30960096059062
1.04079506363497	0.493718951705615
-1.50920533808673	0.759234123562016
-1.14111344283696	0.344497381350969
0.698013183263459	0.457590243955342
-1.2762305271743	1.40243624089408
1.1454053245901	1.30474001817574
-0.67988673917222	0.479760551227163
-0.562494133996793	0.514736958193834
0.499499300787312	0.316675401508187
-0.27628740276342	0.174318441878252
-0.341813811277143	0.244772976338189
0.791798671212668	0.751682328091712
-0.697420843072045	0.559097115271043
1.06557456830094	1.2447191759644
-0.014266134573012	0.00714111993181899
-0.553782800583706	0.353439563578664
0.305173951119238	0.210112798735682
0.33265108257859	0.326633304242844
0.353731441927153	0.331362662676594
-0.063602121678462	0.0401976824065863
-0.171762117804328	0.0615057733921786
1.54793474376751	0.750539790868506
0.773136533260227	0.459332641246381
1.76080743527667	0.965082451079631
0.663132334033902	0.208271470068789
-0.807859674665281	0.441062645155464
2.75580772001712	0.763760469153332
-0.628164901903538	0.15157555358925
-1.1414839653338	0.344622990730584
-1.79839614394125	0.382877807711208
1.81574571371452	0.703837629137609
0.154509067766894	0.0289541162362231
-0.171201121492568	0.0613083374431992
-1.14284398403614	0.345169869447138
2.10252540036319	0.925396731648863
0.948905461162112	0.248586345985544
0.144054213480702	0.0423469198905259
0.154509067766894	0.0289541162362231
-2.57669595250488	0.657559862268914
-0.241413963115422	0.077619233966542
0.947635845528227	0.248244973505163
0.155111385030128	0.0290417527313876
1.95988292961267	0.441702177751728
0.946592090327999	0.248117976822064
0.774784803839899	0.460245905655184
0.4485131050357	0.324648399455769
-0.336828405974502	0.240568484591266
0.786882146388087	0.744400682255959
0.448056102915528	0.324528967051212
0.309730515678065	0.200970681798701
0.94030110420352	0.634768327915088
-0.891510728141003	0.828458523237659
0.0163520201628943	0.00891208642154191
-0.0784799298836516	0.0345488316896488
0.94820175004088	0.248479682375772
-0.628733247343677	0.151688343674084
-0.165650631391215	0.0593414877038015
-2.29972533491248	1.14713533709438
1.55265783773452	0.753699130068357
-0.622229051549432	0.29762349689836
-0.0817333128731729	0.0501331720365915
-0.539661343528338	0.202765677037844
-1.14171114622793	0.344693702322242
1.02422162940792	0.382079227006262
-0.626016029401895	0.299555851510855
-0.339494157971959	0.205790480645171
-0.200940408906613	0.108875995392504
-0.70286847911712	0.622085563630039
-0.507626931872356	0.470748620566616
-0.70630461856515	0.678479484336253
-0.278992572803288	0.176293170966133
0.29482372623298	0.213099416547105
0.282012052492434	0.221406234331273
0.735298740284786	0.615014628109057
-0.795525096859607	0.688614479099569
0.186212561224495	0.163158878865503
0.38258138790577	0.340325054658389
0.397820062261638	0.329264956643639
0.31398549200347	0.189689911996844
0.638648892949583	0.773210739864067
0.789565844086026	0.748653172556987
0.180050380283843	0.129164877434378
0.614603377027242	0.577616912465195
1.23335788144206	1.49729475447615
0.701742187036192	0.460831893837738
0.786853957305395	0.622612446947565
-0.0379730365506314	0.0181623966985221
0.0376362653115478	0.0219380837779936
-0.470531452588039	0.316086682422518
-1.04221071709325	0.410198911511082
1.58517897217717	1.72209924875503
0.34780640354532	0.173923934525965
0.136774448758558	0.0657089572991555
0.136369192387818	0.06546540487762
0.70241849298588	0.461394148777715
1.00724193302635	1.21130499574616
0.412817599592262	0.328501907867303
0.564646627760568	0.449461534284546
0.0524929641816848	0.0323892597302346
0.946362723670545	0.932460561248712
0.610186400345787	0.463070057117109
0.572827779130044	0.457768109571574
-0.863238611616503	0.935507870321336
-1.00171219507041	0.903654946415887
-0.957292975145514	1.02786731935409
-0.062622050870397	0.03955085353212
0.787660556258507	0.745440720874279
-1.25341413418984	1.17655450983219
1.22648801557962	0.840638186554551
-0.857826027421921	0.993890254718048
0.174256431073432	0.129540190254708
0.180626374506473	0.139746381401264
0.14459272033421	0.0765298894736915
0.299870961634424	0.205984379098507
-0.394943347057232	0.314290129719844
0.853225066679725	0.780720755473591
0.322536511482767	0.178482088044605
-0.67822933717847	0.478771772068283
0.788232219770436	0.62426115460802
0.343068448104388	0.171439068373362
1.5539791543407	0.754668539958327
-0.237951175012543	0.0765779483617726
-0.663103164655776	0.395982367731761
0.291579140395442	0.220439256552568
0.302546558453143	0.208258342270807
-0.679843575917798	0.480488161959172
0.00561745681741208	0.00394132235238713
-0.5056482024206	0.3832186516373
0.380212097393793	0.324944317495784
-0.077537442688404	0.0578718967039954
0.735937449577692	0.615732793234027
-0.147364009838151	0.083919206061244
0.411228574427634	0.32692917921355
0.465032494034883	0.316362282146384
0.84187643881768	0.766122638150467
0.735937449577692	0.615732793234027
-0.682211308993068	0.482129514219057
0.727491737485175	0.606379961286562
0.532757448572384	0.307284015306416
-0.359141638818634	0.103112871302961
-0.110200696664913	0.0653177691723849
1.94165610566346	1.1904814976692
1.44839669376933	0.477459847846965
0.136477730235106	0.0583173919724955
0.162125356869158	0.0404960611383205
-0.742101285286405	0.253499136601578
-0.236642536873473	0.0761450888689269
3.26284822825054	1.10169382604423
1.95731570776637	0.441000340195791
1.44862736407577	0.477555630338169
-1.83039434521114	0.739673075735054
-0.237783836658627	0.0764730781037413
0.657283842665822	0.20642210460759
-1.82874780946892	0.738800580746292
0.132830269347538	0.0566941160717077
2.72487913013225	1.6352217084451
1.0238833519431	0.381787644807647
-0.167754072609883	0.0600616127897958
-0.741510950758259	0.253188727186893
0.585509213576081	0.302002922696166
0.320679759109499	0.194365405281599
1.56324548430898	0.759721228515648
1.68365068858945	1.96116679311733
-0.224539198396613	0.146421049541098
-0.323473644280604	0.149131328598253
-0.0379659653903252	0.0181384163945394
1.2507572249701	0.676427395169847
0.153950409625009	0.0817847337579535
0.668604060224564	0.307421884610872
0.157370411029726	0.0293708256249034
0.15144823932183	0.0285426379557898
0.803269824230379	0.33049399469318
0.370650988532887	0.164283149019924
-0.0771293174447869	0.0339692317993143
-0.467553243621464	0.313320368862268
-0.738079783119958	0.251987608125061
0.156304884454214	0.0392194704826931
0.661811042100157	0.2078534144171
0.128936415922896	0.0485814724251015
1.25223695808318	0.677016320444687
-0.417121374622637	0.238594667483155
0.90173837134448	1.13121224228779
0.599812992060043	0.453073925195722
-0.00822327181672545	0.00553972708373529
0.497858975386469	0.447859190369803
0.567065706755848	0.452345946160112
0.880089054147088	0.466551885629704
0.992710643280352	1.09378538236954
1.33512920426424	1.40830413481454
0.0221460684804303	0.0119775387791167
0.572681967232833	0.457747778741963
0.990389551876319	0.813210752530979
-0.806301574475639	0.440102374945707
0.584731094457556	0.301868365209089
-0.46726170617006	0.313461087626803
0.344203738752608	0.171848648698291
0.149150616938504	0.0789774395931651
0.470242962525802	0.320683175597275
0.037513207277928	0.0218150882945357
0.788280356696029	0.623828220658449
0.492106544658704	0.310685258166883
0.34036454744854	0.169747431561559
0.728870417976148	0.608073723421646
-0.0427692421898687	0.0203653501610398
1.64530643723204	1.54655905233333
0.56778523089667	0.453014401207034
-0.0414241302573207	0.0197552117295672
-0.117984276991248	0.0469113915138907
0.341683515144474	0.170370018773878
-0.0817394422038808	0.050139307788287
-0.255721883293932	0.129191722242837
-1.26094494926761	1.18854681048586
0.445672476056943	0.322425469095111
0.284731680103649	0.214490214449072
0.787350640709721	0.622789285709421
-1.27074476633035	1.39220710395199
0.132111775945609	0.0497633325597358
-0.466445010097624	0.312455518581797
0.938070909668424	0.633264441519738
-1.69731026708438	0.957250787503932
-1.05276883167109	0.414963187867818
1.44862736407577	0.477555630338169
-0.510404538541269	0.269929966760556
-0.506268183438636	0.384026332794159
1.31611655226397	1.69535084395662
-0.0386966814099957	0.0185115664747999
0.539494209889615	0.449945785713037
0.989431366773417	0.811927127816643
-0.412234107755548	0.235267241962341
0.124153707844076	0.0468349501941597
0.744565753181093	0.730274351337261
0.0317734016495351	0.0185408318512677
-1.15517190189206	1.00853614213637
0.0713175372522456	0.0483575006611704
-0.117660477054644	0.0467865531553836
-0.809790685121301	0.443227585332495
-1.48922312501415	1.04138216398357
0.649670287448362	0.463088384171222
-0.236642536873473	0.0761450888689269
0.346107190599633	0.172968959614611
0.130689475344745	0.0558334924479274
0.421270140467149	0.166129444830307
2.10345763612533	0.92603048253316
0.15547989361324	0.039031965106125
2.75520320904554	0.763197913000704
-1.14308042190445	0.345158978274606
0.947635845528227	0.248244973505163
2.75520320904554	0.763197913000704
-1.14193838802885	0.344646219015582
-1.52525862148376	0.541687313963439
0.94820175004088	0.248479682375772
0.144640697621443	0.0425017414545061
3.92452877652187	1.70087632208659
-0.414251022237922	0.172647436059456
0.144389940892798	0.0424393237157952
0.656311070885642	0.206056768558202
0.661223086818105	0.207656588437818
1.95786695174359	0.441149378722158
1.44862736407577	0.477555630338169
1.95731570776637	0.441000340195791
0.298480528820761	0.205047197396528
0.286846157045067	0.225752214748314
0.681070045478301	0.593902372707842
0.289533023621843	0.208636536263215
0.374877306642051	0.319337864763611
-0.694704413934944	0.555919086567938
0.465056651848829	0.316214051442665
0.497364909065559	0.314625252696242
1.44159246704811	0.885473570703696
-0.628733247343677	0.151688343674084
-2.08818862480767	0.943180111661063
0.51386494250992	0.181311218287051
1.04634616178494	0.496931093386432
-0.237090328086136	0.0762301533221021
-0.556518203003994	0.35587984056935
-0.0640343371540846	0.0404650044391724
-0.246654215236189	0.124296449927007
-1.79839614394125	0.382877807711208
0.131944361264887	0.0438321696149265
-0.237437039825944	0.0763599123457812
-1.0392951647518	0.408752694954169
1.0251269439012	0.971019191303352
-1.00474506709132	1.21231854659847
0.0352002205797283	0.0272228294209078
-0.376031386038597	0.358666011815874
0.180947689378739	0.140017688556277
0.180120067512238	0.129166014835135
1.09087530292901	0.825840810677254
1.14185365608963	1.41494938884129
0.481253735599894	0.447415898001793
0.945743004636496	0.931866214726172
0.946733185719768	0.640986023133847
1.43484452262014	0.878832726845845
0.467060481332184	0.317637752039831
0.174057006430151	0.113549935652043
0.324707978994205	0.179674967353067
-0.079841950407208	0.0489435436967206
0.492117929260585	0.310373707365147
0.538517684197265	0.448974481111503
0.673181889740832	0.700841311737102
0.313106326732654	0.203261250321443
-0.483343238596592	0.414053959937894
0.286486181930941	0.225463737023599
0.156732833485076	0.0900771870066108
-0.00190074162741841	0.00107920489657846
0.0974796575183961	0.0718771828937849
-1.4644616501384	1.32679841304164
0.177321277286575	0.121573305571855
0.498510514090062	0.315879811303119
-0.252356155810052	0.188634014720502
-0.886880260933697	0.822421586247248
0.181773133782431	0.124879556189423
-0.901559762209603	0.754657537733892
0.178092266204362	0.116384859615716
0.790320278139667	0.626002885092624
-0.169228505263572	0.0605484402011059
-0.997176624877224	0.492104865568636
-2.08582299585273	0.941618760271733
-1.73940184898717	1.91560947603484
0.466102481222512	0.316839956830081
0.42594149914322	0.323999965974665
-0.0388008401938962	0.0251423875558087
0.53771649274059	0.448050172503106
0.685005709042818	0.598624208259007
1.12433280086833	1.01492055249042
1.87246410463808	2.06920130190044
0.0376436026337628	0.0219615596171526
-0.202559286017258	0.109833659056818
-0.131933450858533	0.0929522419352112
0.178768345202735	0.133157615404305
0.786419838865782	0.621801819986515
1.23000444751764	1.20136167765564
0.171897574536326	0.112093863925074
-0.280085841127381	0.176973924361997
0.32413212259718	0.179305605170016
1.8135291528185	0.702758164322864
2.75580772001712	0.763760469153332
2.72878679881785	1.6392355864928
1.43697956721439	1.63008783915873
-1.18178192215979	0.658499286665142
0.140361834634309	0.0413037326992959
0.140023273435885	0.041219830052157
-0.165088554277847	0.0591488725692337
-0.738079783119958	0.251987608125061
-0.537820479884978	0.201951327851571
1.44922258720914	0.477763268309402
0.952960668065698	0.249631740841768
-1.14583039258107	0.346039770541419
-1.52468217246603	0.541450953371581
-0.737154567775087	0.251538686589487
1.95786695174359	0.441149378722158
0.93657086365904	0.63127887398668
1.759269277723	0.963114961116771
0.15963091503218	0.0399802605532864
-3.46322465260564	1.22963503158779
1.95731570776637	0.441000340195791
1.23964564482985	1.21690933181567
1.77341257102232	2.19797578277039
0.307200962520784	0.199083265135575
1.0235671333379	0.96898661919841
-0.400038330779487	0.278451330421325
0.58311337846258	0.564277483663028
-1.05103744390068	0.849241160063646
-0.343305144798263	0.277250296958551
0.0594797130857056	0.0385310324925027
0.593865989831313	0.307385155210456
-1.83564160885514	0.742645090374466
3.92516768334333	1.70097969958265
2.75807933893485	0.764710363024488
-1.04744397176015	0.412600703300656
-0.237212899766669	0.0763212805777045
-0.196260169111288	0.132298694901717
0.446315951067131	0.322971080650929
-0.792396830153744	0.344017820558448
0.144389940892798	0.0424393237157952
-0.539884754000364	0.202777184376746
0.588719097872329	0.304194471760505
-0.421938432498096	0.176107268065683
-0.19514774923775	0.10560488689814
0.0430747764255113	0.025077534497534
0.595144098991343	0.579412021191296
0.263071735074704	0.234488201412151
0.524607360358491	0.551706372232868
0.29258249606205	0.211188925106627
0.1606447358812	0.0925401595023222
0.530171638186105	0.305672901743342
1.76143215839468	0.965698849138698
0.405800073566487	0.321678968068542
-0.240627572806769	0.0774207528438286
0.466599160470273	0.31759414125477
-1.42296293292908	1.93946900955975
0.161571621753115	0.0992422272693616
0.770955724134749	0.456917697319517
-2.35874130372566	2.15815515600727
0.948442742407736	0.935926326957182
-2.12502684992666	2.37995240672482
-0.00574136086167146	0.00296882515151683
-1.00070780910999	0.494095781511885
0.0417178954766366	0.0242664435718528
-1.46168463705966	1.32200066439317
-0.346079937537295	0.24821696832241
-0.413874256905543	0.236259216806727
0.127778316131119	0.0545514766775015
0.145000226649259	0.0696635858989782
0.558999494729288	0.556906945045915
-1.18113836593109	0.658117444285759
0.414193006394968	0.329953996768266
0.941950278361	0.636245799526093
-0.0735206547637866	0.0324052467946301
-1.35643602691251	1.12994900326201
0.135013832711232	0.0448286361779132
0.149054413602985	0.079051808848982
0.78975867870147	0.748915912674115
-0.799543854102994	0.617758690883658
-1.84286645446569	1.69358086212486
-0.510885544901823	0.388321299847532
-0.0743440353600411	0.0327473386945025
0.283710429166831	0.213508828541523
-0.111682816611546	0.0662211525611886
-0.661491917378814	0.395105129046067
1.47638369655037	1.48658869439438
0.541548036277639	0.451936363357641
-0.158224798210354	0.1090049069906
0.319171879296003	0.193376854484216
-0.0367347343005823	0.023796248730703
0.588234805535035	0.304196236981737
-0.0811009837017164	0.0497348809053684
-0.344175175264928	0.209269115720647
0.332577023417093	0.184729629221937
0.681337769553607	0.313989967906066
1.23157129099325	0.845225301969972
2.5427894591106	1.37603904067737
0.988346422173681	0.810533426287941
0.155111385030128	0.0290417527313876
3.63395648950567	1.42026036401428
-0.628164901903538	0.15157555358925
1.09274432887487	0.82761153449716
-0.411261181769654	0.171189001889539
-1.04186502485552	0.409908817117415
0.801084517559327	0.329506929263352
0.370975087241502	0.16442838158748
-0.628299579656606	0.151558046801791
-1.14088544605048	0.344426431780091
0.65757421006213	0.206588655278929
-1.79840965860499	0.382877827643389
0.154509067766894	0.0289541162362231
2.10602877558197	0.927050008128859
0.154509067766894	0.0289541162362231
2.10173504798347	0.924843834263361
-0.547637924233028	0.206118690117243
0.132382889280095	0.0439989008298304
0.12945735569768	0.0552860207636022
1.8135291528185	0.702758164322864
1.32033107488652	0.566933639249509
2.34043347531034	1.1476207146242
0.151159499691911	0.0802719008340778
-1.34900433167307	0.848100823552905
0.612598811235161	0.575207484484976
1.58153530159432	1.71661103145463
0.308261991993436	0.199574887212308
0.0649242487614163	0.0421107829093612
0.164402496574352	0.101067557417905
1.38300745502345	1.06784398654971
-0.351744415353914	0.1010114930848
-1.29825184667106	0.579597355540298
1.76324747872785	0.966834009915525
0.128936415922896	0.0485814724251015
-0.334149432251474	0.202168074798149
-0.887404897800935	0.823882874147289
-0.311112681109283	0.256288504407906
0.345417426227086	0.172769364558937
3.26345542626113	1.10199860979414
-1.86186804816906	1.17019756092968
-0.551170935808486	0.351664111619062
-1.83105982818556	0.740099638711398
-1.25746793786703	1.18173083981918
-0.522338203324796	0.565374547599302
0.03979691598619	0.0231695192619941
0.284457032711429	0.214229299158118
0.606274347226326	0.459510442799736
0.641876667634268	0.455938570381122
-0.53938733306637	0.452883344658002
0.173560170862839	0.113265009076988
0.788848048049484	0.747857931146582
0.585509213576081	0.302002922696166
0.567477648293913	0.452422001756299
1.13234899197756	1.16102655073563
1.308210147198	0.560788489886055
0.0168944106642817	0.00922245870586574
-0.0609492950960748	0.0384879187485398
0.488519892269662	0.308244194156154
0.770085843073031	0.456760301308316
-0.237951175012543	0.0765779483617726
1.1280566726619	1.15260869832429
-0.196157549846983	0.106114483085197
0.50507877014717	0.320687030715474
-1.15271117779021	1.00652177216913
-1.65496826777861	1.71709180665708
-0.109704148514569	0.0650055380965552
-0.810680601515489	0.541753210017109
0.494828071415663	0.312661338355822
0.466688960503803	0.317762882371155
0.379140573556339	0.336528594699959
-0.468070909504856	0.31410530393929
-1.50947479439886	0.760140817990627
-0.398412409102563	0.276959690819487
-0.145150532238875	0.0825846022016867
-0.680143103964418	0.480456959253861
0.58275306088536	0.300543406969333
-0.741510950758259	0.253188727186893
0.446352165993586	0.322717347651533
0.174966111501522	0.114181672274558
-0.409639793671623	0.233512163726633
-0.197132546888198	0.106742948057111
-0.120490621868934	0.0479276905170135
1.47397609134373	1.48224019637641
-0.682047685735137	0.482581367140773
0.888529889704478	0.90846144491351
-0.172107354750232	0.0616237994837963
0.167275731129097	0.102982796482704
0.747393167664311	0.734744945459569
0.582743789790521	0.300565467879737
0.310940537583135	0.201787546147994
-1.15886067768392	1.01400927739533
0.647464127215354	0.460879351904996
0.320880324991585	0.17756020480048
-1.10108268050636	1.31546241517535
0.449259101394581	0.325258622536991
0.12673427123984	0.0421743288351107
-0.539312347732804	0.202625351504848
0.151167757898976	0.0802417024282859
0.806946715618188	0.332140754620736
-0.111414326111756	0.0443778368292598
-2.09374947900653	0.946588314074809
-1.80123754984197	0.383647112861273
0.143467885183021	0.0421790290070851
-0.535402990152881	0.201037267314672
0.133142839040939	0.0568208455015268
0.939006435823176	0.633294280474136
0.805116244112889	0.331471066458395
0.806031822454127	0.331901204294119
-1.10947773411674	0.764201353964408
-0.355394630173918	0.102015543768339
-1.29075716654636	0.57497772122483
-1.5270374870482	0.542502468800959
1.95731570776637	0.441000340195791
-2.5766529574574	0.657773148602288
-2.0851928861798	0.941244883307777
0.162719274583833	0.0406219991153643
-1.14111344283696	0.344497381350969
0.160813493636874	0.0402291855562724
0.37342860187781	0.165486981804691
0.658157600688591	0.206837664845118
-0.738002720964575	0.251779850607704
1.01868988091969	0.379571940690884
0.534127786054114	0.308582660880886
0.173976389042336	0.119149957484476
0.0960326060503545	0.0707830536584942
0.90883210874353	0.788842498625855
0.947270048900654	0.934098916916993
0.597536933004037	0.450813462481731
0.0363290858103922	0.0212061158739191
-2.48724101398497	1.37471071412863
-1.79840965860499	0.382877827643389
-1.51347413888638	0.762985163792994
1.76046014220399	0.964372176205742
0.940653321884094	0.635061252037502
0.346020678144215	0.173083562092816
0.788564787985172	0.747382984228626
-0.0823615421738411	0.0362150164841696
0.154509067766894	0.0289541162362231
0.1306944861212	0.0558303414563342
0.69258724837983	0.452719441507496
-0.0115177788086201	0.00583779497629317
-0.692018576584173	0.553368217745101
0.0375664170242605	0.0218787584200357
-1.65722078225142	1.72063149294928
-0.705166774825626	0.624709066596737
1.04631401200029	1.11093500745685
-1.09927679401937	1.06599838887976
0.470980715811632	0.435449215740378
0.286872500139546	0.216349659823094
0.604420097733291	0.457299650238824
0.289753074537606	0.218804207566103
0.940005331939852	0.634401662137883
0.467355686179554	0.31832874032318
-0.416180819022606	0.173548740911163
-0.508207180680156	0.268597498569059
0.848073631948878	0.623532363054414
-0.119844352727479	0.0476701922308841
0.374343498860092	0.165966304255998
-0.804770633969032	0.439539764633206
0.731626453537449	0.611246174153528
0.295455987010122	0.213622008385796
-0.798168642450425	0.616650350968656
-0.249451042268111	0.125886512199318
-0.514872850464929	0.391996007896128
-1.0430836309396	0.839806137655809
0.793481421868802	0.753522757390524
0.0120350730334642	0.00663662437581327
-0.395085264662802	0.274379137425406
0.305813953737822	0.19793908041535
0.506985941033904	0.178701728610087
-0.623169819820533	0.298443936640598
-1.23960782343958	0.943582843928137
0.846415738092714	0.771898035027457
-0.708560641300428	0.628560015241211
0.29482372623298	0.213099416547105
0.143727197928134	0.069043438203988
-0.88746416099999	0.823284917984065
-0.121999969070935	0.0485029648375706
0.784595349161583	0.620285911382668
0.133768302707907	0.0641579669995326
1.04079506363497	0.493718951705615
-0.0775258053822137	0.034106937425788
-0.55003042188854	0.351036714914739
-0.464388126097004	0.311045109189508
-0.547672533859963	0.348992642242016
0.135101626332481	0.057672406203932
-1.50920533808673	0.759234123562016
0.16818216153519	0.103572653869332
-0.0117907289347014	0.0059514086947776
-0.55561185247144	0.355144002860352
-0.329147982594378	0.152002884124992
0.797547838398202	0.327616486302074
-0.323482439072492	0.149135048706266
0.948768757521975	0.248549269795159
0.511755072041239	0.180523302881905
0.381912205785604	0.169652388304324
-1.79840965860499	0.382877827643389
-1.79839614394125	0.382877807711208
-1.04523148934329	0.411475029300845
0.698093054573767	0.457516125032128
-0.963925360351845	0.593695634303048
0.135087546692415	0.0508551664792942
0.667575068911108	0.306882048611956
-0.234881985943443	0.0755878057926229
0.428416999766404	0.169070991058927
-0.738414128880846	0.252090639638632
-0.628733247343677	0.151688343674084
0.948337549654709	0.248516516252871
0.160813493636874	0.0402291855562724
-0.735458723618684	0.250947808327744
1.45002443087219	0.477709882186281
1.44569447046789	0.476184455710964
1.5503470618422	0.752279378570894
0.338805149042864	0.168936275725468
-0.41518099973143	0.237259502965858
-0.0804465192993072	0.0353912074741878
-0.742101285286405	0.253499136601578
3.92452877652187	1.70087632208659
0.0866029227256644	0.0634821860755859
0.741810713428475	0.727204781835967
1.46763874694705	1.47253283236448
0.67381718361366	0.310093898628815
0.160221796316651	0.0401166927693931
-1.34795753446272	0.846815348724729
0.149833708628815	0.0793452853001281
0.135937173335384	0.065153738750526
-0.292928238417267	0.214503667151162
0.64050655204033	0.683257314559808
0.133701715077906	0.0641262616717176
1.04403652580815	0.495146082383304
0.140489535892227	0.0674393613833244
0.159229487097333	0.0914841126020722
-1.65485531948088	1.71560130634833
0.178257172078976	0.127712010038093
-0.248489879796799	0.210548935270225
0.175372824738251	0.13048920610801
-1.42677704384747	1.74272384323379
0.172364565731796	0.112310254651772
0.177134655720502	0.121358841586707
-0.187469698627792	0.125876222983207
0.988766093876068	0.809529774026246
0.983302522091086	0.803766780349764
0.469200671341723	0.31955761694147
-0.463525615387851	0.310348951582812
-2.12601050023723	1.6312387156899
0.58565092474121	0.302565370854111
-0.00713211058663007	0.00366826213979992
0.84157505144916	0.766368004185671
0.137427081968539	0.0455820755982064
0.939014722180685	0.633221526715507
-0.624787013389174	0.299458156224005
0.842473290900483	0.767094468510817
-0.462218078836162	0.434596892509328
0.330600017711672	0.183646659088023
-0.392638372220879	0.272304565454814
-0.190604627491763	0.12818494757067
-1.00406613275773	1.21197789628063
1.23093077434169	1.03669558807502
-0.346696362249673	0.308759325127502
0.326104396755574	0.18087486939473
0.91126328406424	0.791314420514127
0.159722786342116	0.0919323671479199
0.422040479715549	0.166403584249267
0.015682501635809	0.00855483906240774
-1.04992973579288	0.84851099492792
0.649279721279928	0.463145710267126
-0.321498630266757	0.148130773447812
-0.0361069197920712	0.0173021504706186
0.0158279390343842	0.00860622681329315
-0.280072092840499	0.177076893053539
2.62516226406523	2.64931519826469
-0.666296638807421	0.398068340169567
1.5192023959653	1.29769380591368
-0.937898374143768	0.693072175394343
0.348754892447253	0.174472739683263
0.528591764874674	0.304484428804969
-1.04954295540976	0.846718442712639
0.154837160196911	0.0889224851710205
-0.663758121695416	0.396285802291542
-0.149004103285341	0.0848338380410972
0.607637657285175	0.460568481996616
-1.83928580972323	0.744184345012535
0.373504015970365	0.165719506035071
0.511535984561553	0.180463547184556
0.889448141606409	0.47254734043766
1.04502103592787	0.496054824715763
-0.53874057789979	0.202401825815006
0.155111385030128	0.0290417527313876
0.154465593370314	0.0289479903375428
-0.413982158866937	0.172381989005001
0.700165798251825	0.458932541598477
-0.786629190605387	0.340991155673526
-0.164182716008776	0.0588217692737051
0.136820971051552	0.0657158021245855
-0.354815349846941	0.101888689175609
0.94820175004088	0.248479682375772
1.95731570776637	0.441000340195791
1.02480914386846	0.382191050766977
-0.628733247343677	0.151688343674084
-2.57669595250488	0.657559862268914
-1.0419816315643	0.409976007162161
-1.5292536270854	0.543488048058857
0.133974821772847	0.0504653013612238
0.803760414606964	0.330819866621168
0.376875238635301	0.16727169805512
0.14118724881509	0.0678637924024836
-2.08818862480767	0.943180111661063
0.160813493636874	0.0402291855562724
3.63331351050508	1.42008896661082
1.36179555104134	1.26304551593984
0.792208745770408	0.958222981757506
1.94363104489489	1.19302199176286
0.511884149147493	0.180536056250855
0.134339524644071	0.0445851980839784
0.127163258951705	0.0542933813273652
-0.152310416880632	0.0868444384309111
-0.609411417980071	0.647908726286105
0.346856163345414	0.333958458494191
0.912879372521372	0.793484255624114
0.511884149147493	0.180536056250855
-0.113617842404022	0.045231923551469
-1.46301644465135	1.3243603345248
-0.327014345939738	0.150800233005045
-0.792895292645255	0.751692967647779
0.600898928071524	0.454061234432069
0.988609813740996	0.810059067985463
-1.05117848700754	0.84948332715638
-0.276554132375539	0.174512971318763
0.51408290047205	0.181384498788784
-0.00494494810136126	0.00259696601647665
-0.160876436493966	0.110956585425743
1.25130612162467	0.676029144482983
0.130920287619515	0.0493322328761646
0.136232409391936	0.0652977139166454
-0.256866984670165	0.129785070376806
-0.116152112702002	0.0461979677200941
-0.145273137920788	0.0826481006308997
-0.117984276991248	0.0469113915138907
-0.164527160147053	0.0589422882015183
-0.199115332378078	0.107765042653738
1.75968767391297	0.963284050186234
0.132183867428434	0.0497956563494198
0.879760578710653	0.465436042434192
-0.240410025521882	0.0773316206983627
-0.4123286239061	0.171726887264068
1.14053782749189	1.29615942608758
-0.336612831105248	0.203921472724513
0.428285671446016	0.169094775343879
-0.19093718939745	0.128362310620863
0.313155557413899	0.188994294793348
-0.554691832582504	0.35417728294827
0.146823561647424	0.0776914846761426
-0.325152368345626	0.149912584088137
-0.16684564485734	0.0597373941238438
-0.189459111814344	0.102315442181925
-0.193611453389503	0.130397286143352
0.472288124640592	0.322403945906805
0.53216735439377	0.306813278966836
0.32475259415288	0.179876900209166
0.928933873286723	1.05052817616585
-0.811866263734151	0.444726441274854
1.38272345172355	1.0658464693346
-0.0758249480136603	0.0334035717381484
-1.49461779851968	1.04866872117589
-0.398001949017413	0.276738369608044
-0.11854795863833	0.0471817731309927
0.584104905839828	0.301485438005613
0.128338588542606	0.0483629401375905
-0.236989724567202	0.0762485047293907
0.847855855925077	0.624677536733399
-0.0807489895784552	0.0355233891539603
-0.665699841159248	0.39803202522764
0.376875238635301	0.16727169805512
-0.415183675733752	0.172968540362155
-0.739337707457692	0.252266162743882
0.94820175004088	0.248479682375772
-1.34733082898343	0.845941527917806
-1.00725001382192	0.498549530389026
-1.14523333483643	0.345843348749308
1.45114635521655	0.478471348903038
0.588417878030214	0.303931742994203
0.429822311784688	0.169648663335487
0.129007902031019	0.0486060931750835
0.348108522874215	0.174098522108694
-0.689862917922214	0.551146828005642
-0.358848207258787	0.103009197892419
0.94820175004088	0.248479682375772
1.31543636736156	0.564668618767136
-0.628599509856641	0.151612619227975
0.948337549654709	0.248516516252871
0.372478302274122	0.165131668825676
-2.0842635823597	0.940591792243383
-0.0350986244149188	0.0168185494331736
0.950858461556905	0.2491584305819
-0.322547079957888	0.148706106595297
0.125602994771452	0.0473842404900354
4.17043948933667	1.96717286809947
1.8135291528185	0.702758164322864
1.31161763457028	0.562749823451238
0.669900234787502	0.307847468714531
0.12913352992743	0.0429550272454785
1.09210749901345	0.827490779887518
-0.387615682108002	0.341642177621331
0.0854054419292988	0.0604724914864347
0.264201717351737	0.235741912314018
-0.876752910683558	0.886092562098559
-0.638319006206575	0.306742321470921
0.942523501834322	0.636761588933596
0.268084858531125	0.224882395682764
0.300046412739599	0.217462189648022
-0.221642668704653	0.169032694011011
-1.13951618212025	1.2731156171109
0.790817057562358	0.749859224933626
-0.686421544450629	0.547226016287942
0.421616261221355	0.166276240508206
-0.280619672011567	0.177387054460569
0.4968692717387	0.314297897518389
1.3616718051996	1.26380012882741
0.495789127049169	0.31341687189168
1.94304263758661	1.1922784095485
1.58326018191093	1.71856616353921
1.94329479733482	1.19324583814217
-0.0743893776856152	0.0327764828836103
0.133168522192678	0.0442284444874965
-2.5766529574574	0.657773148602288
2.5437102301488	1.3769190112143
-2.30138530277244	1.14911512497571
0.585509213576081	0.302002922696166
-0.80967523819527	0.442788201768594
0.140361834634309	0.0413037326992959
-1.48576216439132	1.03853875959717
1.44503708811922	0.887798302554905
0.125754317811352	0.0474157894684339
-0.508113081422206	0.385625067268804
0.374019062828365	0.165791509559394
-0.24959410929709	0.125875714122809
0.936788564875678	0.631720653646035
-0.258912530592381	0.130926124200128
-0.301876086345258	0.247202105600191
0.174617004371366	0.107774306844964
0.0433525119203612	0.0252391041361413
-0.873968760467021	0.881631860134529
-0.80055234778799	0.619612560736838
-0.0413924406106733	0.0197220278834467
0.5126703877852	0.180806312829072
-0.539661343528338	0.202765677037844
-0.541982138529851	0.203732865607725
1.55472173238364	0.754945653890023
1.25416568998507	0.679478431690207
-0.965869946138609	0.594677873657871
-1.51136479722898	0.761191935779971
0.12913352992743	0.0429550272454785
1.06819146459979	0.647644307884769
0.132164012775708	0.0439252834614193
1.04571409021437	0.49628651803995
0.50952600895777	0.179673416398791
-1.82841297073294	0.73863065228361
0.373180610877933	0.165574351861478
-0.688950652028823	0.488763817183158
1.229638164597	1.20150527763584
-1.34868670178641	0.848072772828451
-0.321923802494866	0.148367824124138
-0.632424041671007	0.152580102364835
-0.351744415353914	0.1010114930848
1.31218528243788	0.56311122145944
-1.79839614394125	0.382877807711208
-0.63185471444008	0.152466960619287
2.10534947076348	1.44181343752199
-0.207567362178308	0.112651882025164
-0.658536443409881	0.392888611055057
0.85303886784665	0.629838568721262
-0.0744233208958202	0.0327978365153949
1.55507391974261	0.755498369683247
1.55174017229736	0.752717131207676
-2.0894625554263	0.944110632073379
0.511187733730715	0.180331422147582
0.803055311396109	0.330423388744012
-1.50981787638691	0.760401413502174
-0.414582700218	0.172696165251637
1.75366096780886	1.35816883680797
0.343515362055148	0.171387824364995
0.773836833275706	0.459482534768358
-0.805440555696283	0.537301973723229
0.875821954996472	0.46369373949627
1.5524442422019	0.753203287410312
0.0843312364495756	0.0797301847003345
0.405687240362102	0.437957494075729
-0.557773207930638	0.701873730604676
0.462022936817807	0.602596160215842
0.255408467814302	0.274995466878134
0.786384831644786	0.947577295995914
0.122372717413594	0.10016930743271
-0.0536674496268867	0.0338661628379936
-0.491822020363101	0.56209924347299
0.248940102370284	0.266721087996547
-0.370559280878771	0.389634087105675
-0.512974454263037	0.68087547478325
0.200796291598857	0.186864742309131
-0.504657345698144	0.266343563170319
1.02626205148491	0.382823634565729
-1.83238513754881	0.740761304659517
1.45114635521655	0.478471348903038
0.131814043124596	0.0438161720723548
0.125305032687485	0.0417180049938578
2.1031177894695	0.925795147014246
0.667315577413551	0.306736150645152
0.158787479797115	0.0913684440878188
0.392997492246872	0.324427964234718
0.427856931061711	0.16878095788918
-0.354519585455166	0.101776151388844
0.159992352718576	0.0400538861334557
-0.628867026021838	0.151670609188118
0.160813493636874	0.0402291855562724
1.43919056814373	0.881805411066021
2.75580772001712	0.763760469153332
-1.52497036065527	0.541612586959632
0.129533805278503	0.0487911076948258
0.14380305748793	0.042271222114559
0.154465593370314	0.0289479903375428
0.669640034979678	0.307781097383292
0.94820175004088	0.248479682375772
1.0239728358881	0.381885834911352
-0.538169446885037	0.20211193569765
0.152596622150644	0.0809435856729747
-0.0839772244395623	0.0515367241627486
-0.252770029823374	0.127614347961034
0.648163515282104	0.461631505324247
0.0274573048157888	0.0228505545551827
0.258300913211079	0.24288576098658
-0.408502917406844	0.475445164254741
-0.14387770516533	0.114823874983514
-0.322542704196169	0.148672259692575
1.44130912321629	0.88397289115791
2.75580772001712	0.763760469153332
-3.46299441124492	1.22953362528533
-0.543818752032067	0.204528065886448
-0.743029498323094	0.253754321369633
0.139684630056245	0.0411185419267414
-4.01193246433531	1.72463037714346
-1.04255649350425	0.410401789740815
0.658448437247608	0.206865271021461
-1.83105982818556	0.740099638711398
-1.79839614394125	0.382877807711208
1.02271178737872	0.381316878019672
0.154509067766894	0.0289541162362231
-0.353207074434312	0.101406886597049
-1.14193838802885	0.344646219015582
1.44862736407577	0.477555630338169
0.277469136379185	0.234137089452277
0.736824959932331	1.18228677955981
1.0466925841433	0.497144343266033
3.26345542626113	1.10199860979414
-1.79839614394125	0.382877807711208
-0.628030265547787	0.151499678636842
2.75520320904554	0.763197913000704
-0.628030265547787	0.151499678636842
-1.29860074136172	0.5797920330012
-0.022740577710546	0.0150628528899702
-0.175955176945016	0.139234915959895
0.0271073909182414	0.0203118384735467
0.647637877258657	0.461674572169995
0.868515533826545	1.37929256814462
0.0449016016007295	0.0358040978542698
0.0728101474899579	0.0473169651417073
-1.13841862529909	1.27134994747541
0.0904919772870956	0.0642268255266542
-0.298355430058287	0.219164057571174
0.170986837554836	0.111449391540789
0.275799224173774	0.224165497423163
1.22852198426854	1.487503859239
0.332907937965032	0.335971822482425
0.69594885053044	0.454930206507148
0.140272181986189	0.130872082325981
-0.353590667375414	0.482057036414744
0.0776232042420573	0.0836258549869443
-0.0513634454034784	0.0532630976772978
-0.526283661034178	0.787834364663833
-0.167839324322424	0.161432992320326
-0.65017245741609	0.637505109030578
0.260671335066685	0.23205762330964
-0.892328391356029	0.830045986498132
-0.774028665663436	1.6675155877288
-0.00461961546317924	0.00493727550297659
-0.203976636298772	0.247958722871154
0.109992542472919	0.128402252815584
-0.375762585451338	0.386173721893402
2.09902930301809	0.922968081727696
0.947770742439721	0.248281535275256
-3.08189869996978	0.9470994296719
1.95786695174359	0.441149378722158
-1.1412568453231	0.344431220445032
-0.355394630173918	0.102015543768339
0.658448437247608	0.206865271021461
2.75520320904554	0.763197913000704
0.699142290219891	0.458374152567733
-0.906961194302432	0.761160613553915
0.253941373080867	0.250292705738868
0.514431860453614	0.181517099423547
1.95731570776637	0.441000340195791
0.144389940892798	0.0424393237157952
1.45114635521655	0.478471348903038
0.660347295989593	0.207462296247491
0.657866689740957	0.206670742493303
1.8138222857108	0.70292085392477
-0.0714339723813015	0.0315011656210012
-1.10591865018272	0.761309699250813
-0.112967915353677	0.102608504385678
-0.149777686544286	0.144703388013575
0.133139190885814	0.172556055309388
-0.191527000521565	0.148309213183245
-1.34827325911388	0.847048584220115
1.44450447975593	0.475941549703467
0.374098577806928	0.166082228285506
-2.5766529574574	0.657773148602288
-0.628030265547787	0.151499678636842
0.510619816865865	0.180113549991954
0.154509067766894	0.0289541162362231
1.81441103810189	0.702928228145098
2.75580772001712	0.763760469153332
1.44862736407577	0.477555630338169
-2.5766529574574	0.657773148602288
-1.1414839653338	0.344622990730584
-1.79839614394125	0.382877807711208
1.95786695174359	0.441149378722158
-1.79840965860499	0.382877827643389
2.75520320904554	0.763197913000704
1.95731570776637	0.441000340195791
-0.38267068679186	0.421794232249325
0.497246935525032	0.798888482126183
0.882277710369227	0.467928065247585
1.95786695174359	0.441149378722158
1.44922258720914	0.477763268309402
-1.79839614394125	0.382877807711208
1.95731570776637	0.441000340195791
1.95731570776637	0.441000340195791
0.154509067766894	0.0289541162362231
-0.542550190002901	0.204022574863377
0.0832109983611552	0.0588799064874188
-0.934657524556663	1.43467506242222
-0.528475568175858	0.601263535364159
-0.128536187443606	0.104208105711338
-0.833568865191917	1.18085955150968
0.147720200909239	0.147019142170229
0.131859940333186	0.124769452946806
0.435092418572978	0.512638994447884
0.403908708550859	0.497959531508419
0.0465837180206438	0.0287461986382377
0.724652178619827	1.08524747431414
0.102991317961168	0.0786377425685471
0.73365240694738	0.612863333604652
-0.190289643470548	0.127950905759031
0.339758566383255	0.169487309376746
0.467261005343084	0.318164161487974
1.0286433498007	1.65229262760342
0.465260587039279	0.428667962745771
1.83315505593318	3.67400039307051
0.433516934098033	0.436629772162787
1.14868887489652	1.53988750478264
-0.278318121717251	0.232673003835481
-0.0935440668052974	0.0686224343192278
0.190039110278275	0.166969572075519
0.278159777464553	0.226405087851596
-1.08830564555168	1.79403155371355
-0.222931447115817	0.191271832653819
0.346962144844075	0.333955916876737
0.260338441475204	0.238568684130896
0.891784191550711	1.49549569441985
-0.784126562446022	1.01700770168513
0.395270086429721	0.423995305400979
-0.461268356667449	0.433328257726106
-0.462952465973639	0.309628481665925
-1.82841297073294	0.73863065228361
-0.121083321791546	0.0481564628616814
-1.51570467695767	0.764264898503056
1.09198312472668	0.82660674599997
0.130842959586644	0.0627507638693055
0.94820175004088	0.248479682375772
-0.187278856897686	0.125752751824442
0.134357593366572	0.0644555511050823
-0.19537203397978	0.131658106776126
0.282128651599944	0.221412566522861
0.529872216678282	0.305088562840973
0.670571388016324	0.308341959138758
-0.420473250378228	0.175432602994733
0.135400381642412	0.0399126036308379
-0.258478224619173	0.13069960248806
0.803055311396109	0.330423388744012
1.44862736407577	0.477555630338169
2.88269912039441	1.90535134377426
0.511535984561553	0.180463547184556
0.588417878030214	0.303931742994203
0.888052491432916	0.907502325178062
-1.10741396210282	1.07718335028925
-0.494888059841443	0.566916334693583
0.276623482156634	0.225075065191907
0.107775657664154	0.089723305246831
0.170042147782557	0.104808563752041
1.11261521797563	0.999110488853171
0.0179600874665991	0.00976816281508705
0.160583229502904	0.0401661733691417
-0.504344361633648	0.266187551953157
0.162357836679133	0.0405597098553547
1.44862736407577	0.477555630338169
2.10139563641952	0.924609016057742
0.374667869915192	0.166123158223375
0.12913352992743	0.0429550272454785
1.31240282325545	0.562988742832529
-0.739003822726622	0.252222384495429
1.44509906384746	0.476148552116978
0.376935023722035	0.321573314138986
-0.0730526751375608	0.0543945593567293
-0.539089600210505	0.202542124367007
0.16045117802105	0.0401558290866076
-0.628299579656606	0.151558046801791
0.16045117802105	0.0401558290866076
0.157325350109871	0.02936446462458
1.95786695174359	0.441149378722158
-0.628599509856641	0.151612619227975
-1.29388110726104	0.576654901330229
0.692476490775879	0.607272124703894
0.600214584079078	0.453463679737888
-0.452330448663816	0.422367412675639
-0.0623186554196838	0.0393752479389182
-0.158194243234468	0.108960490924785
0.545767750147393	0.560676738158523
-0.0515154237798842	0.0324940417770997
0.892192361594512	0.912871831070264
-0.553788674255223	0.354009694417692
1.06253171495472	0.643143699620129
-0.250812975113612	0.187346584478303
0.13630183966332	0.065429136011701
-0.53798470961979	0.451049315817775
0.538557214564385	0.311384694294675
-0.0853860869781052	0.0524120243032972
-0.109936769202384	0.0651618372631088
0.73228101635362	0.611564858028873
0.529877017865922	0.305507036265907
0.294274163109904	0.212471826835898
0.0268415958058147	0.0268669665708609
-0.387591865952291	0.526098457789873
0.281194182044078	0.331417846049
-0.0943341832878097	0.08742147306277
-0.517235650703954	0.558070327423748
0.723883192910915	0.826321719024623
0.26189316101975	0.253377594701697
0.503892537386091	0.827738785404156
-0.196557491504933	0.24040084564452
-0.0746630898566141	0.0763493966996629
0.00630695022402835	0.00617553369735587
-0.0967310634904815	0.103389608519292
-0.150229926262494	0.0856319594204514
0.311433731179886	0.188217770929429
0.133589371889336	0.0570846029242969
0.335782305513073	0.186919151350132
-0.241194698180716	0.0775963201393135
-0.632133577457977	0.303531733617697
1.22917172773277	0.843743975243139
1.43575980104164	0.878405357792239
0.511535984561553	0.180463547184556
0.144054213480702	0.0423469198905259
0.0344317131268501	0.0200606039135123
-0.00958219069531807	0.00486495432588564
-0.149564653963599	0.0852347045408415
-0.162096059780436	0.14369958390637
0.0169972583499979	0.0123232922235881
0.185544023555596	0.166709728949378
0.803620921341924	0.330666152724973
2.34336570879691	1.1493067363545
1.06480438390165	0.64571271612701
0.643853872108734	0.458294993443113
0.146917092036903	0.161323704846871
-0.0362846271646857	0.0235062766717641
1.03018071931	0.977494605724909
0.34451089226938	0.172048781987642
-0.413982158866937	0.172381989005001
0.128591433736742	0.0484895075702699
-1.52527766014307	0.541726073904961
0.795079509109823	0.326624155745743
3.26406378444313	1.10187162962723
3.63331351050508	1.42008896661082
1.81515619836297	0.703574555319196
-1.69567712933466	0.95544795283318
0.880674235537621	0.466970077335854
0.312218688321614	0.341758888302153
-0.0408811788460934	0.0424852479507845
-0.40024621299747	0.27850730841248
-0.237907054483207	0.0765120695488488
0.136630584287298	0.0453220192206479
1.44942286238737	0.477477409199566
-1.79840965860499	0.382877827643389
-2.5766529574574	0.657773148602288
3.6326714041979	1.41965046916025
-0.260520938008424	0.131727063094562
-0.951844898974063	1.0191678858508
0.181439806019749	0.162543208234017
-0.534531568151251	0.534520982592784
-0.673292556317958	0.795834625325432
-0.357445725063437	0.372536949201038
-0.196685645840245	0.185690918976924
-0.0577275790653556	0.0436481035910401
-0.275220553931295	0.273218376686202
0.514087929537597	0.537220336478192
-0.194822822059405	0.1512505381417
-0.307020577667712	0.252312933072604
-0.218814232008804	0.166597143201193
-0.906961194302432	0.761160613553915
0.295198215265559	0.213411735258558
0.307028338201845	0.198737325960884
0.0935000959176875	0.0688292609568581
0.54544696984694	0.560287766792961
0.326724432874352	0.18093930875301
-0.0783847821483945	0.0345077634839677
0.350144780004934	0.175187572924295
0.0468945591208144	0.0289173825923663
0.60483141855695	0.457662328935223
-1.05751327402093	1.11262817656017
-0.303588429229517	0.300229958731592
0.0548020048918389	0.0338133614061237
1.5501381404568	0.751864793555388
-1.10756369416481	0.763568556575797
-0.510982396714207	0.474947586706228
-0.417007653127858	0.238506932207765
-0.70388970218608	0.623216151095427
-0.34578023164503	0.279490588090125
-0.686687486960054	0.486686375342071
0.18666447558179	0.144911667169979
0.6020083170703	0.454796275797128
-0.0433100951826875	0.0206505742521002
-0.788905253534795	0.807554329105497
0.46658436042311	0.430152617355665
0.136651782977308	0.0655033734097284
0.648439809480513	0.461926873348878
0.0466590843445304	0.0287424293695759
-0.107482070515247	0.0636484358470518
2.3392177093588	1.14668438820198
0.529223832101747	0.304983780394116
-0.348687246707121	0.282474557954475
0.370110712685817	0.327001047257194
1.37726686231643	1.0596763642575
-1.35302985559987	1.12770110882538
1.44337507265739	0.886352734636865
-0.0410063169891733	0.0195833477732505
0.324420076571648	0.179497011757384
0.73016581790869	0.609110650542798
0.606141214095256	0.459448829805265
0.347764684457856	0.173866248822086
-1.7030666496634	0.962015513677706
-1.50559832869084	0.757145119337891
-0.790219131055702	0.342560224844598
0.584578935507783	0.301384393607091
0.127432571403281	0.0543131526380128
0.154465593370314	0.0289479903375428
-0.736131442714986	0.251191396874175
-0.632563406792844	0.152610991116788
-0.800635353019578	0.619394515537661
-0.467823506431095	0.313535177513041
-2.48882627747552	1.3773813977039
-0.255663740816163	0.129111206831576
-1.61385391233045	1.24751529923871
-2.57963910438406	0.659061212358043
1.02477894780054	0.381972647840696
-0.542112489780054	0.203858540143505
0.659616568882323	0.207151031447049
-2.5766529574574	0.657773148602288
0.950858461556905	0.2491584305819
0.660932155782147	0.207694635746326
-0.236295434458238	0.0760318807121589
0.144389940892798	0.0424393237157952
0.126537481835482	0.0540219075248714
1.55152601933111	0.752759870414717
0.146922191196889	0.0431076767472804
1.76136333181412	0.965618801346497
0.156806451435913	0.0901985000755894
2.54257405726722	1.37573596793611
-0.411746492353726	0.171554824556765
0.653540010885453	0.205185988936824
0.877830780561219	0.464594365129235
-0.503740359428344	0.265822350710775
-1.44649313258547	1.55507065793426
0.137795961682155	0.125639166945432
0.781422475159584	0.616078325432493
0.51408290047205	0.181384498788784
1.06830613364769	0.648586048891605
-0.355104953248248	0.101967480674674
0.173906438613394	0.107369185332104
0.0413335657210812	0.0240397206681772
0.00556064083557616	0.0039066797302856
-0.697033575628004	0.6147644213295
0.53736069488583	0.549224372757863
0.26916457754963	0.225900248246954
-1.16732615756804	1.46399703657903
-0.542468004389129	0.45624634642734
-0.795606633008726	0.614461733357639
0.460698680679683	0.440221172558996
0.950805104987812	1.1688321779142
0.567477648293913	0.452422001756299
1.02221331833679	0.965672260185623
0.0988611244352068	0.0775929881672773
0.365704739547162	0.322178842974883
0.728338139028889	0.607288358008314
-0.123253920078889	0.0490232450068252
0.783947429808037	0.618911596319385
-0.0297788553417449	0.0143532144859662
1.94794441318203	1.19725005415983
0.37661030923045	0.167250851837885
0.844686441171291	0.77042584094091
0.131579392646719	0.056135736295601
0.159619189528285	0.091790557102012
1.06529045706672	0.645066381834495
0.187131289474681	0.145307521211623
0.535008168182072	0.309043557629576
0.314409809869529	0.190240540953762
0.135147068183463	0.0448731525122335
0.127668996962389	0.0480973768293819
0.130920287619515	0.0493322328761646
2.24821640907334	1.71101452136548
-0.972101554782073	0.60083061248583
1.95731570776637	0.441000340195791
-0.241762406615348	0.0777470617850766
-0.35569023027487	0.10209347470967
0.950081733059792	0.93756045636729
-0.796731069365846	0.615696100993585
-1.1406575104342	0.344234513147494
-0.0424943338879955	0.0202698070399968
0.135646806548936	0.0650829648154241
0.660640141500972	0.207490447031014
-1.52497036065527	0.541612586959632
0.152050960400409	0.028630259939513
-1.1406575104342	0.344234513147494
-1.1414839653338	0.344622990730584
-0.536322009305803	0.201466150653051
0.140361834634309	0.0413037326992959
-0.41132889398855	0.171302358575038
-1.52497036065527	0.541612586959632
-0.80306825779426	0.438055019868402
0.51386494250992	0.181311218287051
1.2540162666677	0.678629053894652
2.10173504798347	0.924843834263361
0.352321939300213	0.329899427418508
0.167583291275881	0.109098516557663
-0.0725333769438354	0.0319589845291277
0.802840016253824	0.330197869326294
2.25711476196331	1.7253462304356
0.675381903961414	0.311010897261863
0.447220822868761	0.323735416537426
-0.416822955539083	0.238338947640871
0.269806335051351	0.234227610673148
0.603855068034519	0.457157033188657
0.154509067766894	0.0289541162362231
1.0452324442968	0.495942177083587
-1.00197967812276	0.494522943942942
-1.00878121048801	0.91312003132444
-0.787417830526209	0.804585181295324
-0.218743178999814	0.20530810772744
0.177234434637118	0.126942844652833
-0.560783186816882	0.512480579562972
1.14233044166043	1.30017406947834
0.0132536855729201	0.00726303385473377
-0.252846985637137	0.189048217008149
0.0167273216980487	0.012125816627913
-0.225708573814332	0.147282526685975
-0.120813852462324	0.0480500438896859
0.283414832708618	0.231403408709655
-0.465059432024451	0.311644159386265
-0.155759266549265	0.0888856550874235
0.168325646622133	0.109589169044126
0.531469370494966	0.306203808407942
0.446617189541214	0.322951700752066
0.441032837451102	0.318070937796307
-0.00903754959915767	0.00459250330717412
0.307160206391333	0.19888982063742
1.09369241184334	0.828667873653025
0.425151238885793	0.167665451674877
2.01965979203761	1.90957684903982
-0.397474974554107	0.276339549474382
-0.240976410898063	0.0775300306973211
0.147272679341602	0.0780615982991529
2.5437102301488	1.3769190112143
1.31187743476134	0.562546621193265
0.126230099066501	0.0538891423818029
-0.540582774520611	0.203037525917041
-4.01160255769466	1.72433692110226
-0.411995312167042	0.171599355711984
0.661223086818105	0.207656588437818
-0.737824274342293	0.251781339210884
-0.0376353295903816	0.0180161634287672
0.84687352992341	0.77315378272201
0.140609521820489	0.0413743325045252
-0.685637619942517	0.486064182293585
-1.62403991924752	1.26096244636708
-0.628733247343677	0.151688343674084
-2.08588206375572	0.941486520759418
0.952960668065698	0.249631740841768
-1.52527766014307	0.541726073904961
-1.79840965860499	0.382877827643389
-0.354815349846941	0.101888689175609
0.155111385030128	0.0290417527313876
1.02709860167831	0.383182847467804
0.659032459281836	0.207041754611057
-0.117937594507329	0.0469669804763925
0.136946792119869	0.065657089482379
0.613595844546688	0.754397671075651
-0.224640388724974	0.211764381253756
-0.802619380689042	0.621543579631144
-0.237212899766669	0.0763212805777045
0.373768905624823	0.165889064042439
0.144725574883443	0.0425191258680454
-0.937898374143768	0.693072175394343
-0.611190158956161	0.502880031049055
-0.5692766590407	0.522780539901161
-0.649266069091659	0.636259531018869
0.587489890613321	0.303329813943562
-0.172323794216928	0.061695096887414
0.848889928675478	0.625553248435772
-0.117957085717499	0.0469570963557836
-0.417764990192744	0.174212377460942
-0.47922695502124	0.520631724660754
-1.02744541122708	1.44596740358382
-0.0998784383655058	0.083162340939614
-0.345633275706859	0.279512684280928
-0.201112319170303	0.156736344365369
0.610314406975892	0.572585353874691
-0.938283342657532	1.07675800866605
0.797087365269485	0.966483844214839
-0.190409246039837	0.128063542276271
-0.110695155378902	0.0796462661626086
0.070286800969793	0.0476316827105321
0.642897383150326	0.582661483000822
-0.149959399157922	0.085471495001811
0.175666876594002	0.125619029248803
0.172808801091348	0.112728232355293
0.0714247471763002	0.0484163962570048
0.286482832440828	0.225350516688825
-0.380666297413389	0.333915140716992
0.302310906594018	0.207761382236468
0.170808102320356	0.111219604930825
-1.23461359119966	0.937804688267667
0.903473183159344	0.781798241604901
0.683318064364024	0.59664280238726
0.442079502752678	0.319024474090214
0.148869804389555	0.0788255425232043
0.291268299364143	0.2201272758
0.888309795847567	0.907955395107394
-0.249970931564681	0.186583757059684
-0.337294968687283	0.204373590439799
0.0345364809551619	0.020095018832667
0.295498837677518	0.202559530851969
0.29120513402132	0.210085063373759
0.672888864603785	0.309645885119075
-0.118816355540932	0.0472701969336813
-0.236989724567202	0.0762485047293907
0.141729931726748	0.0680399155074997
0.530818454143299	0.305765726169846
0.154465593370314	0.0289479903375428
3.92630081042927	1.70195316826628
0.127740324846529	0.0481396538224244
-0.19117842354694	0.128598865899106
-0.465996002228754	0.31240031757934
-0.667576802372445	0.399424574078647
0.345115716023747	0.172584086500586
-0.788516523036361	0.341754565320538
-0.168663393721381	0.0603724956040683
-0.355104953248248	0.101967480674674
0.15963091503218	0.0399802605532864
-0.540359580814883	0.202967573555385
-0.62621301873586	0.15115097520137
0.346409706658078	0.173128687108114
-1.14111344283696	0.344497381350969
-0.117715111446697	0.0468041560106054
-0.417829404171734	0.174300012860715
0.138189263351201	0.0662692522527709
0.851800970279485	0.627945587079908
0.300651228005257	0.347114355893329
0.177698869468262	0.116116517756591
0.311986347240136	0.18862844123989
1.81294103662311	0.70256079058948
0.149079723272784	0.0790208472386302
0.449946322658399	0.325871540967949
-0.0913263120098055	0.0669428308991446
-0.709718025611569	0.683193732229221
0.0186130428603644	0.0158069335197773
0.177217858408873	0.12684893810233
1.55563768080424	0.755897558752995
0.127163258951705	0.0542933813273652
0.0158164993291846	0.0109832660313335
-1.2723330186118	1.39614257587016
-0.724061452527552	0.802699588169791
-0.487432099249922	0.491274226629776
-0.381404959321497	0.365321853780363
-0.572072386231533	0.6486856364638
-0.020378906486064	0.0135087067320469
0.163427182227419	0.100489441223034
-1.16779078315276	1.46372639341672
-0.00729857181684502	0.00492769982764764
-0.700877817971935	0.619346446133782
0.162385531677168	0.0997217353095358
0.449524291208932	0.325537433037586
0.281473154897885	0.220716604756606
-0.187213514685618	0.125685482139131
-0.187152103090206	0.125665871602576
-0.160400275502637	0.110545521694636
1.23400381506393	1.62943877745234
0.616550559962072	0.580153953001013
0.0643962623336846	0.0417331733357023
-0.389719030422199	0.309210678303098
0.175538803379829	0.120232033347848
0.847508393594687	0.623118316103204
0.0492435934886673	0.030375759063275
0.845773999266203	0.771142652746176
1.57770699291593	1.70737799570804
0.527642242745783	0.303820109655559
0.180526192095344	0.134641519336803
0.700165798251825	0.458932541598477
0.950081733059792	0.93756045636729
0.0848073371294344	0.0600340733163856
0.785428899014446	0.620885659969242
0.587489890613321	0.303329813943562
0.910178502034916	0.79075822982222
-0.0771055492174387	0.0472346796810533
0.604923516475004	0.45814588064203
0.699495221090948	0.458324940297203
-0.789605168834435	0.342652630123742
0.53182547072497	0.306396900240981
-0.203418349092921	0.110301526601018
0.144640697621443	0.0425017414545061
-0.168663393721381	0.0603724956040683
0.131814043124596	0.0438161720723548
-0.240627572806769	0.0774207528438286
-0.0532817555083498	0.0336202683067242
0.278819435377085	0.227145301266941
0.344814357962911	0.172223529033892
-0.165650631391215	0.0593414877038015
0.530236039156497	0.305798951397004
-1.82874780946892	0.738800580746292
-1.50794706066394	0.75869717656901
-0.743029498323094	0.253754321369633
-1.1414839653338	0.344622990730584
-2.57660997484294	0.657538252319339
0.510271633266051	0.179924314863983
0.13622607304895	0.0401388785529382
0.668959447651159	0.307697909547482
0.670646980369692	0.308221435882369
0.649137186203115	0.463062919736764
1.22585164338362	1.19621072157773
0.251697705562226	0.259246135897824
-0.358457893736729	0.348617597269336
0.616398606772778	0.57996724366557
0.0870531000941551	0.0616896339038035
-0.259510188506084	0.194748038800612
-0.241177407837119	0.203295370028443
0.109349074041071	0.0837951235721756
-0.789090130286897	0.807873728534554
-0.318980025236231	0.310453964600367
-0.588846542029775	0.70603799098763
0.0590841690695147	0.0364835644059761
-0.914857335303075	1.17925454634623
0.108558546545053	0.0904273680405513
0.326207475607537	0.318854603564929
-0.243540931983252	0.205664699627002
0.572055725778403	0.457401448379836
0.295790025564666	0.213716062188086
1.23023627637489	1.03533960933609
0.149206541018768	0.0791354148356374
-1.48831103802676	1.04232641136688
0.944169964888401	0.638576883835461
0.777807499662049	0.462420731099793
-0.00796192836675945	0.00408118924546767
0.318362656198124	0.192828639747848
0.129297606667776	0.0551498554583142
-0.796278298730937	0.345919211193994
1.75223973666186	1.35744917836468
-0.280215768712558	0.17709725513947
0.883507158681791	0.46895223143047
0.33286323615511	0.184893974556973
0.70241849298588	0.461394148777715
-0.27332578014813	0.172238011806931
0.388422134622796	0.319715513271656
0.0506655502775326	0.0312416731482934
0.805116244112889	0.331471066458395
0.800380368072435	0.329168985697583
0.673664773381264	0.310016704144981
0.511884149147493	0.180536056250855
-0.230110767249048	0.150501075376378
-0.500539909178399	0.263801229802363
0.791058096372794	0.627088909530122
0.374933422580566	0.16625772778587
0.883184191426456	0.468734256983203
0.609587533200044	0.571618704451145
0.468389090589191	0.318859343683937
0.144054213480702	0.0423469198905259
1.04515557784367	0.495950978123491
-1.14559783756009	0.346052129596875
1.95731570776637	0.441000340195791
0.377727671382528	0.167676466473203
0.130382580547973	0.0557024249618874
-0.513942099951208	0.478571143302072
-0.251154427568722	0.187594055674153
0.067361624970866	0.0437249934221409
-0.58023069313841	0.42567775075021
-0.415924051904185	0.173484617546305
-0.466392220459104	0.31271250711528
0.495907160445438	0.313558152843
1.06726563745067	0.647041742164496
0.949579961099611	0.643571411545386
-0.414502130353176	0.236913387649212
-1.29445710557565	0.57719309643802
1.13373024410773	1.16265738885339
-0.0701368445377531	0.030935043739957
0.0169190180943807	0.00919059162323738
2.34667497572303	2.79766232773712
0.453438312172964	0.678598372891728
0.982448942100925	2.36778845409105
0.647104526752398	1.13967626393769
-0.250551082769367	0.299371257752407
-0.357285040660684	0.508441603425685
0.0952734271034719	0.0956350137235359
0.320389998914012	0.337195987781208
0.0115731386428624	0.00803138630914725
-0.00510146672905543	0.00404975806550844
-0.116166238907449	0.141429645835925
0.4415191832276	0.676444383516127
-0.33840275241413	0.444362822138691
0.290958316644597	0.381656158467731
0.633561640303696	0.847590364098294
0.496407865061465	0.314349967961337
0.311433731179886	0.188217770929429
1.04424975463849	0.495554192271584
-0.803067548465257	0.43810919500085
0.375198911949774	0.166359415199843
1.4427949537857	0.885875946515462
0.698732220726047	0.457485766123988
0.341466140633817	0.170494371879831
3.63395648950567	1.42026036401428
-0.507491220228881	0.267928943933496
0.425512906559786	0.167915922981524
-0.324405071610896	0.149542685107777
2.10286507825917	0.92563188054431
0.672707654269192	0.309785204478421
2.72934048957399	1.63964411506002
0.510967914253512	0.180245566763838
0.144890403623689	0.042539469630613
1.02685010343664	0.383062880383657
1.55647516618633	0.755981926198724
1.64666609477785	1.54800994543232
0.132204950627944	0.0564266416745921
0.413199436155356	0.328881095088831
0.27497381348093	0.239464790348524
-0.104976910255581	0.0858246985058043
0.425481921993335	0.584091567502042
2.34249550448842	1.14909671976623
0.155111385030128	0.0290417527313876
-0.164182716008776	0.0588217692737051
1.44839669376933	0.477459847846965
0.700754849560981	0.460042157178086
0.950426851449918	0.249037516760643
0.806946715618188	0.332140754620736
-0.341759434277134	0.207583122829008
0.159859477622278	0.0400192334307773
-0.240976410898063	0.0775300306973211
-1.29075716654636	0.57497772122483
-1.04721949984211	0.412618976511128
0.124153707844076	0.0468349501941597
-0.674107803663007	0.756623563369067
-0.222326190209733	0.20928291333888
-1.36483045856279	2.13849352332748
-0.105208234094655	0.0966657670981811
-0.737620952226341	0.963908946307199
-0.850600715710344	1.27182868605064
-0.357329991134102	0.347412508706637
-0.196663275886865	0.170253486057522
-0.443880365178183	0.484915818957043
0.574876502799511	0.45995988099383
-0.793372680916377	0.686141702338668
0.706101513502978	0.715014746578999
0.446206969443151	0.322770589661914
-0.889570417906755	0.826237468123152
0.570987448142833	0.455544189840955
0.673626203376349	0.701978586637098
0.550605811776665	0.639850636143946
0.174057006430151	0.113549935652043
0.588546779306869	0.304364903506276
0.644812857093531	0.584743135106244
-0.0789686024061989	0.066144489867644
-0.448149731991178	0.455642506531923
-0.56060879697465	0.778020991355082
0.425929797934012	0.426789274831458
2.25923722018336	1.72828343732874
0.334870334402574	0.319678983514592
0.492475556210342	0.441804786319046
0.304202388119493	0.196769287169721
-0.325918106206965	0.150477940797154
-0.809984991493741	0.442885499476267
-0.118279623925954	0.0470790840172665
-0.0731367058478757	0.0322325710166528
-0.0772300873434247	0.0339864112578627
-0.168443906364487	0.0602979483615774
-0.508893155338568	0.268875880742772
1.43659354112542	0.880872771635626
0.569738453298258	0.454900711493328
0.309375762698485	0.213491597584471
0.12972701511052	0.0488696838341898
-1.35395082875508	1.12709493136754
-0.796683608920704	0.615193088139709
-0.120436689899838	0.0478987092728061
1.58064052835101	1.71351154931311
0.376286778136865	0.166956339676594
0.127778316131119	0.0545514766775015
-0.937481869403086	0.692676612907036
0.53670148120228	0.310385370582239
-0.00822150044669228	0.00552817799926508
0.17950779488898	0.133843879468693
-0.329890354053852	0.152471090629613
0.138547637202608	0.0664398358346356
0.128338588542606	0.0483629401375905
0.493410395228092	0.311907078819367
0.884368590175448	0.469057380291024
0.805116244112889	0.331471066458395
-0.36130712484679	0.103695538861668
3.63395648950567	1.42026036401428
0.34451089226938	0.172048781987642
-1.79840965860499	0.382877827643389
-1.04313192494267	0.410517747694466
1.44163356900249	0.884661495569993
0.30406807101192	0.19664880948824
1.14472014953851	1.30399448833028
-0.506224003601885	0.384052330405713
-0.0775258053822137	0.034106937425788
0.299459678488496	0.216973654844304
-0.121352846510502	0.0482535926174825
0.947770742439721	0.248281535275256
1.08645847680827	0.820772039105818
2.73100199325447	1.64102731288189
1.04424975463849	0.495554192271584
1.55090836910576	0.752761159852234
-0.536322009305803	0.201466150653051
-0.170511025587425	0.0610469624466437
0.586741009394728	0.302789600281493
0.155924437005348	0.082794279220948
0.845628045868492	0.622097605853835
0.726196764956212	0.60499066834322
0.0907972967274761	0.0688878525632059
-0.220494218847369	0.224016737784909
-0.29367336676865	0.329985553799156
-0.162565619743	0.12764390399959
0.430731191522985	0.518355824575088
0.405375861285539	0.511014171399179
0.174373187067043	0.11943263419942
-0.714102464310377	0.738945848358151
-0.0558951072176736	0.0352802818543884
0.29159800484196	0.230003274134492
0.173446651040091	0.106996300688678
-0.795416904529309	0.688497957048134
-0.390355406940304	0.309764096166316
0.79016377260051	0.749430439245083
0.942245541119002	0.636612768471185
1.47291196850573	1.48215900220842
0.376934445978766	0.167251767408635
0.44903265222939	0.325266137950124
-0.0064548984287695	0.00334179330824075
-0.392850487445944	0.312285889886909
1.44471359102019	0.887504198313496
0.148372387254925	0.0787319048172067
0.321017398904008	0.209124499315249
0.143621620157212	0.0760649992069135
0.499527832815012	0.316371350898373
1.81294103662311	0.70256079058948
0.321561812056781	0.177986818706141
0.428559952115621	0.326386712761874
0.152050960400409	0.028630259939513
-0.241892151565733	0.0777967682855961
-2.65621649030642	1.62078719196227
-1.83132702405761	0.74028277145384
2.10055021952577	0.924312412659368
-0.346338589707275	0.248419975719371
1.89144834834952	1.62781083868675
0.150456333779779	0.0797497927418712
0.128975742122713	0.0549947337160527
0.313579103364266	0.189617651914038
0.130070615556567	0.0555691726612021
-0.360018151462565	0.103295990712749
0.511535984561553	0.180463547184556
1.31707371804938	0.565285221866794
-0.628299579656606	0.151558046801791
0.12672283246212	0.0541609527068201
-0.420739250391455	0.175588441965966
1.04088900408695	0.493892067852389
1.76143215839468	0.965698849138698
0.495390774773518	0.313006798010764
0.531478682091465	0.306640298371853
0.43143877673393	0.519429265158274
-0.459391155053416	0.611569447010579
0.191379395806081	0.18098675307427
0.000291521290617041	0.000195707896820259
0.140919339399129	0.151600060666336
0.286291411438283	0.34509771888581
0.463068168099642	0.314538940276081
1.0472501359547	0.497556503187299
0.327874875399954	0.181693471854103
0.673406299089429	0.309995735525838
-1.00104129905763	0.4942642803179
1.75857433397038	0.962537125105929
0.51386494250992	0.181311218287051
1.23340345542789	0.848720928648531
1.43717580548666	0.881409773582761
0.372872893123257	0.165534369528182
0.379721221237639	0.16864819385015
1.25633035632512	0.680333015646645
1.23056436908312	1.03538036862481
0.530463462219762	0.305496460932106
0.374362265852363	0.166254976223507
0.494912762948584	0.444468417184364
0.370053198936121	0.326931529743133
0.424935770305415	0.167621556044747
2.10345763612533	0.92603048253316
1.55749040589242	0.756886319378393
0.807528635845388	0.332541409655835
3.9232513707374	1.69997531930461
-1.04267374187429	0.410246962947944
-0.16719037374262	0.0598638290738506
0.155111385030128	0.0290417527313876
0.881910169013778	0.467111139730788
0.293477563078206	0.222038208652512
-0.143600094932294	0.12832915898733
0.456814397053851	0.43544749757384
0.585077244812302	0.651032363200357
0.411231058474489	0.433727527240703
-1.74736045616561	2.30340159790778
0.272576640652472	0.221171105618451
-0.0613908207913096	0.0465189985665668
-1.01033455761389	0.914775078536425
-0.544272820271779	0.458144269172577
-0.194723985739912	0.131173514539441
-0.0471616403368259	0.022441126862489
0.447906454001485	0.324295068647744
-0.336196333081559	0.203582433946282
0.2772292767286	0.233831611940059
0.98778260567941	1.08719849415196
0.555257994429004	0.551991560830955
0.502011312810989	0.629088584794913
0.120720263236541	0.103894577096117
-0.342758009753684	0.42487479058099
-1.19486267550603	1.6593959102383
-0.549010126669752	0.463259752930586
0.0856541314236342	0.060673433604762
0.0869079383564454	0.0637359401251092
0.184461401666875	0.157073369616391
-0.0856453249137782	0.0525697801579612
0.950138209240081	0.938321929380605
1.08002172644041	1.37365803055005
-0.153543712526277	0.0875737824547743
0.150952969008601	0.0799870392507323
0.0225524972357285	0.0122015245038374
0.475267044999122	0.324857827508975
0.693265940345971	0.453343472176266
-0.107104929736628	0.0634171561043189
0.493410395228092	0.311907078819367
0.0159310183666674	0.00868081597614966
0.159975923441499	0.0921381847530274
-0.0794370717150708	0.034966043729757
0.676590039993838	0.588565937973236
0.0910108860561833	0.06459108601627
-0.19073745580897	0.12828455919486
1.11851695178774	1.00713613282141
0.551078453394191	0.640752288071696
-0.0373489805161347	0.0178830334187009
1.76525451761871	0.968184626109719
-0.789427461577023	0.342278786572665
0.344854739682366	0.17223727588284
-1.79839614394125	0.382877807711208
2.75641316563256	0.763778311858285
-0.665334007891297	0.397951841287221
0.128670408883655	0.0548738095016879
-0.491500116833458	0.496532896158193
0.884368590175448	0.469057380291024
0.976187211444996	1.29610803927343
-0.0259512513160561	0.017178438158068
-0.284467425003318	0.18013829638834
-0.235725494787964	0.0758333105755394
0.133494205957342	0.0502794825774846
-0.543913761223338	0.204609181351166
-0.510769049944075	0.270268985553413
0.581868614427402	0.300398577003413
1.04687216507312	0.497472408891339
-0.399088854883512	0.277509623714854
1.34877831547458	1.24387476432577
-0.193762597825839	0.150265720038784
0.0571928275951091	0.0470267707283076
-0.257487094863135	0.19304740412399
0.943465276308048	0.637693584208303
-0.0481085058165392	0.0228686742404039
0.951768199833322	0.939989068555863
-0.0440193852666595	0.033769252683915
-0.789102395947572	0.974954112112064
-0.298365658502345	0.219121254980931
-0.34459294052639	0.278446503370784
0.641345690015183	0.455438054315486
-0.146837366794166	0.0835792586976861
-0.975728702183837	0.967850874410733
-0.160087892400583	0.110416098756893
-0.0843922912986144	0.0517682520335487
-2.1385900275853	1.65117781218821
0.556615584804684	0.553703415615546
0.0935760469287424	0.0688912124598225
0.789386925591649	0.748485353987877
0.0658702467843851	0.0427453998698015
0.773029062522049	0.459659569433963
-0.124815177233036	0.0496216698153824
0.775079704340598	0.461011309448316
0.170472343397478	0.116518972618748
0.170915894287737	0.111425086652591
-0.111841771320585	0.0662967641851611
0.69911332374351	0.457950581723798
0.164479096021064	0.0948549648501028
0.880089054147088	0.466551885629704
0.425627365203623	0.167916299468516
1.51871541386248	1.29634857382516
-0.164744037178764	0.059028259963585
1.95786695174359	0.441149378722158
-1.52525862148376	0.541687313963439
-0.800936007836313	0.436959687367275
0.736134993971257	0.61612603377232
1.02787519531375	0.974896688846641
-0.54233208208366	0.203886592916296
1.09007108549821	0.823997420183888
0.670571388016324	0.308341959138758
1.44899109330448	0.477667123734845
0.370060499620689	0.163964092997672
-1.79840965860499	0.382877827643389
-0.355401168227563	0.102014834884787
-3.76865619432902	1.48655906351652
1.04323019345025	0.495337606424751
0.509876478641146	0.179762262788489
0.132517639884099	0.0565624888818483
1.23439256873393	0.849321785999255
1.02338601426445	0.38161996773056
1.3076457108734	0.560429723767112
-0.349307367386314	0.283068919968552
0.484612760034628	0.530552600317165
-1.93707200413546	1.913465847461
0.948905461162112	0.248586345985544
-0.079141815818204	0.0348275830130934
1.06848943716824	0.648228728214423
0.185114976118109	0.133087702287119
0.165041521425487	0.101483938229628
-0.159978869177658	0.110330273192758
0.154565850981828	0.0887504644472275
-0.808749713846928	0.540323145384759
0.326341516368758	0.180745991766869
0.847889003995657	0.774217779053084
-0.0180081442315539	0.0119598346025723
0.575683637641424	0.460856668025846
0.409610920870106	0.325548752802973
-1.04747427444676	0.845098679354503
0.603335022378075	0.456111625074019
0.58932228469162	0.304528474636969
0.771870295630741	0.45769289495397
0.310950162982218	0.201654040983974
0.32348527164262	0.179279745101294
0.329264846721539	0.182840115585628
0.133112085855816	0.0638287887397332
1.35719965169781	1.25810279516632
1.23268083598419	1.20704788530496
0.162719274583833	0.0406219991153643
-0.0803989917489781	0.0353723876391366
-1.05034875617278	0.848069353479831
2.75520320904554	0.763197913000704
2.34450443332301	1.15010103410384
0.493534183630885	0.311963274523172
-0.0832549362054387	0.0510808168789512
0.319042625987052	0.193256335764603
0.494605956019864	0.312344951485403
0.590497310325549	0.305538433150141
-0.787141293727929	0.340911548490744
2.33956836114453	1.14697515944292
0.162952579336367	0.0406858836130456
-0.35262379016767	0.101278913820777
-0.63185471444008	0.152466960619287
-0.628733247343677	0.151688343674084
-0.789650928512862	0.342421974551524
1.31430247809655	0.563856873803471
-1.0465244135449	0.412299764954399
0.579401585498388	0.298490018096886
2.1031177894695	0.925795147014246
1.44839669376933	0.477459847846965
2.54709023382597	1.37928363602242
1.02246283803588	0.381238371277329
1.3150863687139	0.564688556451063
-0.0797163721273882	0.0488652106913758
0.147597353924913	0.0432809812564028
-0.165650631391215	0.0593414877038015
0.306760158254412	0.198577818250337
-0.056080236585921	0.0423920380596875
-0.190489509938679	0.164216961178312
-0.128594441958508	0.0904621761761909
-1.5255172574399	2.45557808370915
0.0748515003288277	0.0508087216186546
0.354145791074709	0.332012904587818
0.465600783296359	0.316637189384648
0.698154389926647	0.456940702610438
0.647495784239267	0.588257383262788
0.733821210741923	0.613321254919498
0.698248631611684	0.457018799540781
0.440417271399891	0.317634959002192
0.146542269176614	0.0775350883909208
0.325379568319005	0.180107279455191
0.470858072970859	0.320962007163971
0.473223969992062	0.3231588597691
0.475845100137696	0.53312346252326
-0.439496296216056	0.341061376753287
-0.798433771885053	0.616790059022296
-0.430323065838215	0.373830507289318
-0.0819199407907152	0.0502252632155127
1.04088900408695	0.493892067852389
0.941301637125253	0.635677036974068
0.132032810243933	0.0438841642048134
1.04578785321934	0.496413165154189
0.331330453577661	0.183952724945463
-0.628193473396668	0.301139441269947
-1.29237610264655	0.575925969894521
-0.692036752106681	0.552786210380623
-0.245953902870917	0.208066648041057
0.942875165777756	0.637245164243688
-1.61617028131263	1.24952820043348
0.139122954581597	0.0667402027717289
-0.53874057789979	0.202401825815006
-1.18521996320067	0.661351152481072
0.658741078701816	0.207014004441108
-0.628164901903538	0.15157555358925
1.45054889854294	0.478121061898946
2.10577777041247	0.92695430431462
-1.52585303078124	0.541962051097293
-1.14499995487719	0.345855392571373
-1.04709662477092	0.412413821088329
1.94492980267077	1.19398179076253
1.31656791107203	0.5650522711601
1.44899109330448	0.477667123734845
1.81294103662311	0.70256079058948
0.787307403089631	0.745653901438356
-1.04255649350425	0.410401789740815
-0.194989416429833	0.10549329523348
0.451268345461328	0.327090577688485
0.943423691568201	0.928121168056635
0.0369189289812272	0.0215051550173611
0.0768891263778161	0.0542474060682111
1.85847783952488	2.43852965338955
-0.0836960343356169	0.0513615516884446
1.5867403426657	1.72602020986631
0.530236039156497	0.305798951397004
0.320880324991585	0.17756020480048
0.444764252396822	0.321183170208083
0.139185376148384	0.0667894925858745
0.598605585530965	0.451900604294961
0.690399766279949	0.604238787766158
0.315368647716206	0.190939898806262
0.17116352420094	0.105446521777748
0.537781292154337	0.447882829139212
0.458376989056405	0.522000209102187
0.492444614593417	0.311107956878425
0.542374452911494	0.452840745699101
0.299489765820599	0.205672773384455
0.174091545245322	0.113604486646023
-0.232279513485057	0.152084957441636
-0.0747060327030967	0.0329118265288211
0.516529270549321	0.447803417234141
-0.113230485966632	0.067162196793826
1.03712097884627	0.491473547325604
-0.0778852102054158	0.0342665343747034
1.25684059841494	0.681084009430529
-0.0367230200007612	0.0175798198240445
-0.807548674395524	0.440888000966653
0.154509067766894	0.0289541162362231
0.136510942900199	0.0452694401140608
-0.975398831188404	0.603540391259241
-0.00577323427928972	0.00300584616755285
-0.0561497924293967	0.0354406143270549
0.430725361241667	0.170091715039123
-1.23881491291704	0.942692818912562
0.327587605088765	0.18154599062201
0.660640141500972	0.207490447031014
-1.79839614394125	0.382877807711208
-0.17508657798288	0.0626814147595453
0.502286749661021	0.17690861219098
-1.52468217246603	0.541450953371581
-0.0429906727046986	0.0205019290926223
0.676641427898326	0.311737908940663
1.02271178737872	0.381316878019672
0.15963091503218	0.0399802605532864
0.669975753795622	0.30798845763185
-0.0406752796833559	0.0194262322248172
1.94270621029333	1.19250166929759
0.510619816865865	0.180113549991954
0.804551193439478	0.331168980919484
0.188620598907547	0.156427317732867
0.410460893809812	0.326126914834804
1.35651947190652	1.25712584408645
-0.290699797568941	0.212640100508061
0.500915678612671	0.451348066162376
1.22347676480959	1.34229083112693
0.319171879296003	0.193376854484216
0.34780640354532	0.173923934525965
0.178164373643289	0.12770139570876
0.568384326551241	0.453263043160564
-0.399291254393082	0.277780532970059
-0.114369809914819	0.0678200680623084
0.348452939953176	0.174298120140634
0.978185038489655	1.07152141559772
0.0539094774903019	0.0332575150963132
0.175933795360289	0.125877240804695
0.840855621354425	0.765019825256052
0.645982025282728	0.459594354710785
0.513600936671948	0.444516744399752
-1.07777389389075	1.37145648323224
-0.0235119200606571	0.0155728796329655
0.696663041812796	0.456025249244776
0.31564438388455	0.191128660582436
-0.414849585401539	0.172825872337049
0.138311809084913	0.0664732976344492
-0.252476543309965	0.127445589033375
0.326100193877122	0.180834109115001
-0.233384608115136	0.152812733780764
0.534766411564762	0.444877778869822
0.03252167832916	0.0189765618817026
-0.546507483504259	0.205607207829156
0.342115994538253	0.170891262641201
0.128075192969757	0.0482635683600574
1.43809842359998	0.880825927153708
0.429747928367236	0.169659342836792
-2.57669595250488	0.657559862268914
-1.14111344283696	0.344497381350969
-0.810924413364252	0.443326551795516
-0.540615302449006	0.454367029165
0.175010768938423	0.119910090553591
0.603185853882448	0.45660368815535
0.803055311396109	0.330423388744012
0.169814609287815	0.104659539207556
-0.624465346012822	0.299268395966845
-1.18331838197568	0.660588319715065
1.75836423143201	0.962753553234379
0.802489056255948	0.330144551890374
-0.355394630173918	0.102015543768339
0.343900085635155	0.171673944402456
2.54465539428252	1.37784108921964
-0.0741223766434938	0.0326693738351606
0.653826927429073	0.205337088996143
0.133759541419869	0.0570900875763627
0.0706887801900029	0.0459262625560781
0.428071608230174	0.168976723678548
-0.240232576432431	0.0772993737283914
0.312948491616577	0.189339046640148
0.844764580837266	0.770231066538333
0.89090800323771	0.911886242135069
-0.0332408747335828	0.0215486495796107
2.24922948456214	1.71541062742286
-0.054762625838093	0.0345539612763436
0.915155838293411	0.796307730346817
0.688932577367556	0.602856276978937
0.646659710401848	0.460264836904746
0.950501131440217	0.938799642614467
-0.107632657877006	0.0637289171047414
1.23253135408297	1.20684391254649
-0.114357917017769	0.0678503693571431
0.326339285776008	0.180693388492116
0.674410150483169	0.310435009145187
0.140195375107008	0.0672907050712517
0.133134712517645	0.0568317747059139
1.94295847839385	1.19235782048187
0.778098805912131	0.612857465569393
1.04903826606684	1.11485130265268
0.508742624072995	0.439558342286901
0.542208735487951	0.452805940015661
0.126850400325993	0.0541601948700295
0.580430971782754	0.2995740312036
-0.807662641254716	0.539383171032363
-0.683783466079208	0.484350063116214
0.938070909668424	0.633264441519738
-0.672991568945143	0.40340824760715
-0.291785227450228	0.213528552673968
-0.335899018512782	0.203577498085336
0.303885865233532	0.209116496322485
-0.00933116226226975	0.00476034129185653
-0.413382310363804	0.235863087807418
0.130061977767633	0.0432396857332205
-1.10281710354708	1.07023593053449
0.666720675538898	0.306383563426964
-0.250404795628555	0.126325754609808
-0.536450384536547	0.201457821544375
-1.1412568453231	0.344431220445032
4.85524419750947	3.13684355039028
-0.0790616825505817	0.0484531402798015
-0.00298331643873489	0.00205768887826007
-0.0123329101028764	0.00622479462210069
0.53176463052813	0.306393139943259
0.682256913329304	0.314569694836797
1.02685010343664	0.383062880383657
2.72277391143415	1.63231901735076
3.63395648950567	1.42026036401428
-0.35262379016767	0.101278913820777
1.47626261660752	1.48748081866321
1.06756361386573	0.647463169421482
-0.341808028085002	0.207371473473654
-0.0707389412979856	0.0311913394060182
0.02294961890363	0.0124418508662424
-0.00972887388153793	0.00493645489788204
-0.0475925478877246	0.0226249918951806
0.133827547304626	0.0504034048186407
0.772377606568874	0.459140221515169
0.641881732667401	0.456476008889434
0.301971107943526	0.207729917006092
-0.00865083559648093	0.00442431699953236
0.578782150758888	0.298036681860611
0.161932131248403	0.0931989041372974
0.672477861798184	0.309366605326623
0.173191890615576	0.112985432017707
0.0380896423447689	0.022180941703555
0.391308348588843	0.322651913343673
0.781422475159584	0.616078325432493
1.08853554872646	0.822306561366946
0.427165924201302	0.1685512930904
0.725849936617763	0.604349820572927
0.59161582030464	0.305979921494214
-0.253717343087099	0.128121952033653
0.802489056255948	0.330144551890374
0.932991306657045	0.628330531368382
-0.0813445886836998	0.0498853598512872
0.444200889944253	0.435501290493662
0.365053463078992	0.321506678816301
-0.0104341017247629	0.00530081850523864
0.698868651997728	0.458286801954251
1.7487073615461	1.35045400961294
0.604168349367886	0.456943489270443
-0.232352402758907	0.152046014461755
-0.806956648362338	0.537698045991912
-0.165306041400927	0.0592208118770727
0.379284637107491	0.168396522471236
0.771744760475744	0.458284359409075
-2.35613592487149	2.15385964783826
-0.511882358397921	0.27090233555391
0.0706591287865427	0.0458715649388723
0.774784803839899	0.460245905655184
0.0137983933490387	0.00757590945719188
-0.464695858936067	0.311180984275547
0.670145389835663	0.308411472409514
0.136884366080616	0.0656256474791365
-0.236865950236819	0.0762080730306188
-2.5766529574574	0.657773148602288
0.147510896476738	0.0432547789402825
0.15547989361324	0.039031965106125
0.18025679606868	0.134384415846629
-0.0150795213734248	0.0100514277803187
-0.790099564015402	0.682238431824395
0.314854517770315	0.204560802969107
0.891832722907541	0.91364730434547
0.67656460498908	0.311694537119446
1.06590369755081	0.645612177938638
0.658741078701816	0.207014004441108
0.136033167617367	0.0652723140485829
0.585509213576081	0.302002922696166
0.13125430574639	0.0494561793802337
1.47725539753012	1.48757162449538
0.869481423428046	1.00378887283275
1.74839127498927	1.34916624480559
0.342418445966623	0.171057767476948
1.22813784952121	1.03231366370255
0.137831499803166	0.0660890894484678
1.02447067732237	0.381899446024378
0.526988033731373	0.303339825390078
0.369736154171671	0.163797194417226
0.588417878030214	0.303931742994203
0.34070894390048	0.170203522535604
0.374092127736531	0.166034201456291
-0.165868726206903	0.059398359502228
-0.040961528846874	0.0195605871572343
0.174544877563281	0.124760497524484
0.170526039370613	0.11114836550339
0.643919222716642	0.457436642904811
0.142783077238819	0.0755103749342944
1.44839669376933	0.477459847846965
-0.255369578167339	0.128949668562758
0.51386494250992	0.181311218287051
-0.0924221053259952	0.067782605511404
-0.979061855486069	1.32504056903873
0.669563847066671	0.696192012162254
1.38014773311736	1.06206150851589
-0.241194698180716	0.0775963201393135
0.950586042798895	0.938916427712033
0.165619454030688	0.101900278137894
0.585954730694897	0.302744685250839
0.345804617933805	0.172794472084294
0.132732885510209	0.0441080605497273
0.909936259000274	0.789727971127329
-1.1840119631349	0.66014918760717
-0.352328640216398	0.101201570764145
1.0472501359547	0.497556503187299
-0.512786269802794	0.27148937354365
-0.171201121492568	0.0613083374431992
-1.10591865018272	0.761309699250813
1.12777970655793	1.15332067261236
-1.16146715746498	1.01743148257959
-0.626334419939848	0.564300634752765
0.310284843825616	0.214187490363344
0.766422805972739	0.454129068214838
0.147510896476738	0.0432547789402825
-0.628243335554657	0.30121752247215
0.132032810243933	0.0438841642048134
-2.48882627747552	1.3773813977039
0.315092863995134	0.190736496266269
-0.792467400453968	0.685041190186936
0.298710722066062	0.21622534616066
0.984802179898554	0.804902465286643
-0.0121432687661165	0.00610867775961948
1.11592186357576	1.00430008652317
1.59978379272755	1.10397520673989
0.676307490803662	0.31158022240744
0.339758566383255	0.169487309376746
1.94480649752553	1.19422729059396
0.336787433263013	0.167919859906496
1.60320750656703	1.11036237716676
0.800363745835414	0.329006937540612
0.800942292103537	0.329468782128631
0.424935770305415	0.167621556044747
1.04780700199927	0.497914055094941
1.09236332801533	0.827203100696375
0.139097983949456	0.0409512881184992
0.465453614955806	0.316706562282631
0.377258182875706	0.167354747828692
0.348006252163038	0.173939698233301
0.702076051456909	0.460580135860983
0.880412908398583	0.466769991773935
0.8804110252599	0.466091387895369
0.777387404986501	0.46203087364957
1.06829349317689	0.648849060512134
1.81174408502965	0.701697875545868
0.186861431130401	0.145086780231063
1.0817866307636	1.37710476963611
-0.732316262525117	0.909420842474576
-0.94253558825882	1.08385390445366
-0.159078621346422	0.109661168726754
-0.662809970734528	0.395769923166975
0.371263730448423	0.164744213662557
1.54905911103962	0.751329852210446
1.94354679228611	1.19300742219654
-0.966459572975576	0.596225617870181
-2.93201492071544	2.16449252082103
1.81264504950119	0.702404900566408
-4.22581657690928	1.96408199501772
-0.96846558395067	0.597533847352498
-0.931433402777913	0.686079820164104
0.425151238885793	0.167665451674877
-0.789306862497791	0.342262742988917
-0.74243876954869	0.25362235352836
0.146670376003709	0.0430346600388633
0.137536650513881	0.0659495032275318
0.532757448572384	0.307284015306416
-0.00283349103976291	0.00196352483812363
-0.171142189344918	0.149209127753252
0.133142839040939	0.0568208455015268
0.15547989361324	0.039031965106125
0.948337549654709	0.248516516252871
2.75520320904554	0.763197913000704
1.95786695174359	0.441149378722158
1.44725524543057	0.476951096350534
0.154465593370314	0.0289479903375428
0.0131204437390068	0.00719150070376131
0.17445955404962	0.124792496378998
-0.0290951469984159	0.01888368046208
0.15547989361324	0.039031965106125
0.803408818952654	0.330566110600543
0.511535984561553	0.180463547184556
-0.355104953248248	0.101967480674674
1.31486971476921	0.564331716989034
1.31196676791469	0.562729963486004
-0.234881985943443	0.0755878057926229
-1.48768104998096	1.03950313840081
1.02329749324129	0.381582146499257
1.02248687611089	0.381157405723936
-0.233742966580479	0.0752394538943447
0.658741078701816	0.207014004441108
0.145995384957952	0.042836480378728
-0.241194698180716	0.0775963201393135
-0.236865950236819	0.0762080730306188
-0.54346877962796	0.204399150899749
-0.0720820823719097	0.031777383937507
0.283993344395417	0.240447814810692
0.135857090976754	0.0580565428144854
0.506636186737087	0.178613076266429
2.54578920374591	1.37918799565204
0.144054213480702	0.0423469198905259
0.157370411029726	0.0293708256249034
0.279387955820263	0.218877553301022
0.537287155992712	0.310753651700629
0.374985532701698	0.319546427354886
0.321360651786198	0.330095546375201
-0.462696849870643	0.435118421854932
-0.747004952361121	1.15292325352039
-0.207854436647985	0.162579172973894
0.16099550072985	0.0926314304951064
-0.0843760147334708	0.0370855448028271
-0.628867026021838	0.151670609188118
0.653245802516738	0.205089848433872
-1.1414839653338	0.344622990730584
1.81545080408239	0.703738180326379
0.511187733730715	0.180331422147582
2.7250164404357	1.63604835598889
-1.04453512123014	0.411299191300165
1.04399119976667	0.495648425781198
-0.11854795863833	0.0471817731309927
-3.08229418357021	0.947231644170671
-0.328525364216338	0.151687729244989
1.02709860167831	0.383182847467804
-0.354519585455166	0.101776151388844
-0.73955895107728	0.252503873418029
0.128002629615466	0.0425983067073654
0.0190076683217188	0.0161425612838328
0.407410624558143	0.513974407548489
-0.202034362368884	0.109477035389762
0.15144823932183	0.0285426379557898
3.26284822825054	1.10169382604423
-0.355104953248248	0.101967480674674
1.95731570776637	0.441000340195791
-0.354519585455166	0.101776151388844
1.04690378710311	0.497343192229306
0.184917602816086	0.17014921169062
0.340202407269266	0.335800351741401
0.100887937560564	0.0769732517138905
2.34192571099863	1.148837051844
-0.508861508452137	0.269011407037734
0.673482458034147	0.310019955946795
-3.76471792016279	1.48446146627735
2.75580772001712	0.763760469153332
2.88840960350401	1.91361749233707
0.507414817168509	0.178846704726786
0.424821624713548	0.167666820972884
2.75868832531345	0.765017792149168
0.134446827346684	0.044648821058174
0.160221796316651	0.0401166927693931
-1.52497036065527	0.541612586959632
-1.69984590272943	0.959409105161515
1.31473628244331	0.564270657565622
-0.531265240650441	0.199300818551959
0.673147662557951	0.30986199776055
2.62511245589531	2.65342828200768
-0.680691419051108	0.480919472788479
0.558330875781322	0.555932889326496
0.654121684946124	0.205433467520013
1.04502103592787	0.496054824715763
0.511535984561553	0.180463547184556
0.15547989361324	0.039031965106125
1.81826867111223	0.704762090721195
0.508328475896171	0.179169172392383
0.157325350109871	0.02936446462458
1.55265783773452	0.753699130068357
0.308789938397516	0.200265807963865
0.46816967835462	0.319052675917037
0.00790243867830776	0.00551037151419548
-0.0709694896428532	0.0528172804650461
-0.26727344894119	0.247244530792153
-0.563309223970015	0.515786262525556
1.1271402814973	1.15231478731328
0.590076940451829	0.304884920316171
0.376551488393798	0.167096677243062
1.04480901675325	0.495932284777841
-1.52497036065527	0.541612586959632
-0.74243876954869	0.25362235352836
-0.788051638764763	0.341587882696307
-0.0356688175373966	0.0170812185515901
1.02363521199244	0.381873400117373
0.144389940892798	0.0424393237157952
-2.30076598465326	1.14787782347651
-0.356071393990223	0.102241794383879
-0.551729369583757	0.352091696465476
0.130626533328143	0.0434288699946859
1.55152601933111	0.752759870414717
-0.359141638818634	0.103112871302961
1.3150863687139	0.564688556451063
-0.690020090386336	0.550572856197084
-0.440124004049573	0.384413068865241
-0.803858221264198	0.535516800668525
0.155111385030128	0.0290417527313876
0.416988723475707	0.164348304838727
0.944504519928106	0.247598335656165
0.156661115950913	0.0392800358899383
0.130839257555829	0.0434851599132372
-0.170043944015067	0.134139751251032
-0.00409590450343328	0.00279005871009642
0.647528604346484	0.587969544877564
1.02455981174032	0.382091874796033
3.26284822825054	1.10169382604423
0.146670376003709	0.0430346600388633
-0.628599509856641	0.151612619227975
-0.632424041671007	0.152580102364835
-1.79840965860499	0.382877827643389
-1.14088544605048	0.344426431780091
3.26631056571709	1.10328266544307
0.653826927429073	0.205337088996143
2.75807933893485	0.764710363024488
0.185672594531067	0.162657753611403
0.14556417703739	0.0427370982099398
0.160221796316651	0.0401166927693931
-1.13872731243543	0.343741383764358
-3.46299441124492	1.22953362528533
-0.171762117804328	0.0615057733921786
-0.628164901903538	0.15157555358925
0.659032459281836	0.207041754611057
0.159859477622278	0.0400192334307773
-1.14111344283696	0.344497381350969
-0.738079783119958	0.251987608125061
0.772325430786269	1.04610721205068
0.656894206098884	0.206287716765961
0.656014281877058	0.205959668867586
0.653826927429073	0.205337088996143
0.154509067766894	0.0289541162362231
3.26345542626113	1.10199860979414
1.02743758778838	0.383195606193548
0.127651677266186	0.0424864772644231
0.146187951064593	0.14523441210618
-0.0557859850260965	0.0620285914983336
0.187951696892034	0.160395341521181
1.04711437298264	0.497299290173911
-0.357247952587094	0.102560703144377
0.142306377840433	0.0418148962103769
2.75580772001712	0.763760469153332
0.160813493636874	0.0402291855562724
0.15144823932183	0.0285426379557898
2.54512463756408	1.37875603640156
0.150139558066054	0.0439481510359518
-0.240846100521927	0.0774684702165293
0.159859477622278	0.0400192334307773
-0.628733247343677	0.151688343674084
1.45198001091205	0.478658944297305
0.154465593370314	0.0289479903375428
0.950287720870208	0.248999740475732
0.156304884454214	0.0392194704826931
-1.18341374103987	0.659766839734254
0.369723288200386	0.409566773546545
0.153788813350665	0.172552158476986
0.406982518601509	0.322672081804916
0.155111385030128	0.0290417527313876
0.659032459281836	0.207041754611057
-0.628867026021838	0.151670609188118
1.02422162940792	0.382079227006262
-0.323785681062795	0.149294817267518
0.0539192627569016	0.0442717386788048
0.477720107676441	0.52039331831779
0.657864503304789	0.206616146564203
-1.79840965860499	0.382877827643389
1.95731570776637	0.441000340195791
-1.52525862148376	0.541687313963439
0.950858461556905	0.2491584305819
-0.63185471444008	0.152466960619287
-1.79839614394125	0.382877807711208
0.15144823932183	0.0285426379557898
-0.632563406792844	0.152610991116788
0.162590253502546	0.0405994312489443
0.950426851449918	0.249037516760643
0.774213833600021	1.21107819407629
0.349660412101618	0.174881551674147
-0.443520449986854	0.344879845141658
0.131814043124596	0.0438161720723548
1.95786695174359	0.441149378722158
0.947635845528227	0.248244973505163
0.428285671446016	0.169094775343879
1.95786695174359	0.441149378722158
-1.52275201069355	0.540627902821117
-1.1489072506678	0.347059060481392
1.44839669376933	0.477459847846965
-0.535402990152881	0.201037267314672
0.910178502034916	0.79075822982222
1.76025085410072	0.964447531505056
1.45138090115721	0.478568850670936
0.950426851449918	0.249037516760643
-0.628030265547787	0.151499678636842
-0.354815349846941	0.101888689175609
0.140023273435885	0.041219830052157
0.139436459089769	0.0410524321785509
0.153504706636196	0.172148693095496
0.44189549493224	0.319036657153834
-2.13653781757529	1.64794122369155
-1.14914601884225	0.347138431595007
-2.57669595250488	0.657559862268914
-2.57669595250488	0.657559862268914
-1.14088544605048	0.344426431780091
1.02914563133488	0.3838807966434
0.155111385030128	0.0290417527313876
1.95786695174359	0.441149378722158
0.948337549654709	0.248516516252871
-0.74269218165825	0.253631177667885
0.154509067766894	0.0289541162362231
-1.79839614394125	0.382877807711208
-2.5766529574574	0.657773148602288
-3.08216231491203	0.947551973079846
0.159402290839324	0.0399177124259514
-0.789083391693148	0.34215026874497
0.0703133184767091	0.0609959375077049
-0.240442222956258	0.223881150479836
-0.162861071132377	0.0583534612127534
1.95731570776637	0.441000340195791
0.160813493636874	0.0402291855562724
1.44899109330448	0.477667123734845
1.62252027186484	2.08917025872101
0.948337549654709	0.248516516252871
0.948337549654709	0.248516516252871
1.80835489274816	0.70010856168417
0.161043695584893	0.0402684742968713
-1.14499995487719	0.345855392571373
0.155067569950451	0.0290355764553768
0.948905461162112	0.248586345985544
0.159992352718576	0.0400538861334557
-0.355112179440658	0.101904546481095
-0.359725191866461	0.103238313016327
1.95731570776637	0.441000340195791
0.146922191196889	0.0431076767472804
1.0239728358881	0.381885834911352
0.146584487246171	0.0430023159110844
3.63331351050508	1.42008896661082
0.0354088298896777	0.0206401719575338
-0.389875869212649	0.375425805897066
0.612805543611523	0.66894780356211
1.55528546656109	0.755344535013972
0.728846255208751	0.607529180025642
0.135013832711232	0.0448286361779132
2.75580772001712	0.763760469153332
1.44862736407577	0.477555630338169
0.131541520016344	0.0437194079588842
0.947770742439721	0.248281535275256
0.155111385030128	0.0290417527313876
-0.349834437422478	0.100494066761987
0.51245179464898	0.180728048354012
0.883507158681791	0.46895223143047
0.107715323663491	0.0849983166898673
1.31310179325084	0.563385616536445
2.75580772001712	0.763760469153332
2.75580772001712	0.763760469153332
0.425705471780149	0.323804890280041
0.154465593370314	0.0289479903375428
-3.08229418357021	0.947231644170671
0.950287720870208	0.248999740475732
0.156070095129669	0.0391676647119387
0.154509067766894	0.0289541162362231
-0.132347711972384	0.107569305693131
-0.0643651400028359	0.0660307270330168
0.0720550135218307	0.0488759550483156
-0.11603641757197	0.0461520991841714
-0.739003822726622	0.252222384495429
-3.46299441124492	1.22953362528533
-2.5766529574574	0.657773148602288
-3.08203048704882	0.947509650360219
-3.76137421922742	1.48226291907169
-2.0894625554263	0.944110632073379
1.45198001091205	0.478658944297305
0.15820382838182	0.0396092897578142
0.162952579336367	0.0406858836130456
0.155111385030128	0.0290417527313876
-2.57963910438406	0.659061212358043
-1.79840965860499	0.382877827643389
-0.628867026021838	0.151670609188118
-1.53356229568948	0.545142396907194
-0.235948417281415	0.0759021467201397
-0.144795396769704	0.129528952893649
-0.558915295584606	0.774630073231679
-0.20272599586159	0.109912989363354
0.948768757521975	0.248549269795159
-1.52217172198706	0.540157381117801
0.162719274583833	0.0406219991153643
1.44839669376933	0.477459847846965
0.341059872769559	0.170221907440528
0.801922158295548	0.329828855715043
-1.04278630064219	0.410314973185565
0.14380305748793	0.042271222114559
-0.234090861009704	0.0753429614422092
2.33750365888202	1.14533306687431
-2.08484842220823	0.940993818731239
3.63331351050508	1.42008896661082
1.02019987734301	0.380189874951528
-0.418365309512863	0.174458184135551
1.02709860167831	0.383182847467804
-1.79840965860499	0.382877827643389
1.81515619836297	0.703574555319196
-0.735201728577998	0.25087231236032
1.31126841403568	0.56233368703482
0.428904677721302	0.326807123851567
0.286948288305183	0.225704951427551
-1.25477716987716	1.17788373083789
-0.200352616026655	0.173884879532766
-0.151017186765376	0.0860794560376852
0.298504349409771	0.205023494275655
0.135497064378108	0.0449728061554857
0.154465593370314	0.0289479903375428
-0.238130718624198	0.0765764115230572
-1.1406575104342	0.344234513147494
-2.0898088165941	0.944216737411355
-1.30183726033204	0.581473526972169
-0.628164901903538	0.15157555358925
1.8138222857108	0.70292085392477
0.511535984561553	0.180463547184556
0.133134712517645	0.0568317747059139
-0.874917555153003	0.95463092374857
-1.14499995487719	0.345855392571373
2.10055021952577	0.924312412659368
1.81205656672306	0.701877636994275
0.134224691202209	0.0445508027113822
0.94165496163479	0.635700523826888
0.423755860637025	0.321877683242932
-0.362614650451211	0.104032260636264
0.653540010885453	0.205185988936824
-0.738002720964575	0.251779850607704
-1.52955481711501	0.543641482939636
-0.233742966580479	0.0752394538943447
2.75580772001712	0.763760469153332
1.76021767807687	0.964723136667237
2.75580772001712	0.763760469153332
2.1037096154536	0.926051884063359
0.837125710110507	0.883265475952125
-0.393722403155305	0.380066970973274
-0.899305109709256	1.27735852292256
1.02689911529553	0.972563248468336
-0.809676508391549	0.442607458794809
1.04378432587275	0.495692924097087
0.147259813410519	0.0432007445014279
0.152050960400409	0.028630259939513
0.155111385030128	0.0290417527313876
0.94820175004088	0.248479682375772
-1.83072704109891	0.739930594937107
-1.2961765010462	0.578355472409881
-3.08216231491203	0.947551973079846
2.09902930301809	0.922968081727696
2.10577777041247	0.92695430431462
-1.14583039258107	0.346039770541419
1.95731570776637	0.441000340195791
0.348410585810695	0.174258234826883
-0.237212899766669	0.0763212805777045
0.144976980831471	0.0425943260188831
-0.418268952215031	0.239406387988597
-0.0807267369404142	0.0494934548793896
-0.856375428562776	1.05425923502209
0.129605375797865	0.048824572939505
-1.14088544605048	0.344426431780091
3.26508709738097	1.10261522135605
0.160221796316651	0.0401166927693931
1.95786695174359	0.441149378722158
2.75580772001712	0.763760469153332
0.948337549654709	0.248516516252871
-1.1412568453231	0.344431220445032
-0.73833632952493	0.25198039611565
2.75641316563256	0.763778311858285
-0.355104953248248	0.101967480674674
0.147259813410519	0.0432007445014279
3.63395648950567	1.42026036401428
0.156896734628332	0.0393320207188234
1.3150863687139	0.564688556451063
-1.1414839653338	0.344622990730584
0.94820175004088	0.248479682375772
0.803527278534153	0.330529602066706
1.95731570776637	0.441000340195791
0.154509067766894	0.0289541162362231
3.63460034321621	1.42001047409594
0.730532714923403	0.61008569394175
0.311943202394855	0.1885688805353
0.424238307073757	0.32213405571767
0.263617039265646	0.235087731087891
-0.194868597001124	0.105449226558745
0.374343498860092	0.165966304255998
1.95988292961267	0.441702177751728
-0.355401168227563	0.102014834884787
0.16045117802105	0.0401558290866076
0.144640697621443	0.0425017414545061
1.44862736407577	0.477555630338169
-1.04347763338354	0.410675434748757
0.15144823932183	0.0285426379557898
-0.632563406792844	0.152610991116788
0.93643172229593	0.631332631867762
0.281943548561813	0.221187994496265
0.162590253502546	0.0405994312489443
-1.29698130790057	0.578429185371227
1.55265783773452	0.753699130068357
2.10055021952577	0.924312412659368
-0.00876255695675907	0.00445799719146925
-0.232738183290474	0.152343594071528
1.02626205148491	0.382823634565729
2.75580772001712	0.763760469153332
0.160813493636874	0.0402291855562724
0.147259813410519	0.0432007445014279
0.147259813410519	0.0432007445014279
2.75807933893485	0.764710363024488
0.0472566104955344	0.0377156261626539
-0.227616415956099	0.227844828077087
-0.33837380738976	0.20526531652795
-0.543688234679481	0.204395614503949
1.45138090115721	0.478568850670936
-1.14171114622793	0.344693702322242
1.44862736407577	0.477555630338169
0.143467885183021	0.0421790290070851
-1.13895833229548	0.343813220888229
-0.35569023027487	0.10209347470967
0.160221796316651	0.0401166927693931
-0.355104953248248	0.101967480674674
0.159859477622278	0.0400192334307773
0.948337549654709	0.248516516252871
1.81294103662311	0.70256079058948
-0.628030265547787	0.151499678636842
0.154465593370314	0.0289479903375428
-1.52585303078124	0.541962051097293
-0.283027287531024	0.257356779006125
-0.975735107018168	1.61869699324537
0.372154632546278	0.165023296170665
-1.79840965860499	0.382877827643389
0.15144823932183	0.0285426379557898
1.95731570776637	0.441000340195791
0.950287720870208	0.248999740475732
0.298646003123186	0.205038857738733
0.479334125285063	0.445138513334229
0.131814043124596	0.0438161720723548
0.125420086757105	0.0473043623728007
0.658448437247608	0.206865271021461
1.31018992558857	0.561832639399483
1.0239728358881	0.381885834911352
0.666893686008721	0.306724713902588
0.137992233769885	0.0457542226421718
0.656596864428374	0.206190386440451
1.81174408502965	0.701697875545868
-1.14111344283696	0.344497381350969
0.135580186525053	0.0449978908716727
-4.22875232252	1.96600926858348
-0.539187060838816	0.202416100648514
0.163185820804974	0.0407257646525502
-2.57660997484294	0.657538252319339
0.850902520058948	0.626575011769149
-0.171071875093521	0.0612441883153977
2.09962019368326	0.923638574732708
0.343714746331795	0.171923574704839
-0.117336741462383	0.0466584622287431
-0.107999005369919	0.0639308989993745
0.8804110252599	0.466091387895369
0.373103920888069	0.165278577438034
0.802138012530807	0.329972517070534
0.146670376003709	0.0430346600388633
-0.539312347732804	0.202625351504848
-1.14260761039773	0.345006924269412
-0.626075023442282	0.151167646950723
0.15820382838182	0.0396092897578142
0.880997905592868	0.467188151958334
-0.393164600522507	0.272772507931433
0.423308754699156	0.167012017504012
-0.547853283678273	0.206125055397661
0.144389940892798	0.0424393237157952
-1.1412568453231	0.344431220445032
0.527094794358766	0.30366142744645
0.145289305990422	0.0770476115543849
-0.544038098124227	0.204549461860792
-1.04056236968378	0.409373067940558
-1.52497036065527	0.541612586959632
0.948768757521975	0.248549269795159
-0.539884754000364	0.202777184376746
1.04347599098049	0.494616885123729
0.287821369498308	0.217206196780575
0.0401279426818412	0.0233850704932496
1.0253196656012	0.970555658617686
-0.441541617463989	0.343129846475607
0.673147662557951	0.30986199776055
0.132951093876262	0.0441757525557606
0.162952579336367	0.0406858836130456
-0.412193448344764	0.171596426506329
0.94820175004088	0.248479682375772
1.76080743527667	0.965082451079631
-0.628599509856641	0.151612619227975
0.511187733730715	0.180331422147582
-0.352036490485324	0.101122204058746
0.123890289984819	0.0467338918733295
0.156070095129669	0.0391676647119387
1.55241682021733	0.753729198528011
-3.08203048704882	0.947509650360219
0.144304320671072	0.0423970373819599
0.144890403623689	0.042539469630613
-0.359141638818634	0.103112871302961
-0.807548674395524	0.440888000966653
0.696942602191339	0.456376225224578
0.702658503419987	0.460748088992582
0.425842843580689	0.168023318876402
0.944504519928106	0.247598335656165
1.95731570776637	0.441000340195791
0.157325350109871	0.02936446462458
-1.79840965860499	0.382877827643389
0.154465593370314	0.0289479903375428
1.45174463580423	0.478561109172125
0.136294173863558	0.0653332884290142
0.646133334400488	0.460132104666122
1.54849725422999	0.750967982437123
0.51386494250992	0.181311218287051
-1.0465244135449	0.412299764954399
0.657864503304789	0.206616146564203
1.44839669376933	0.477459847846965
0.658157600688591	0.206837664845118
-0.737154567775087	0.251538686589487
-1.14171114622793	0.344693702322242
0.947770742439721	0.248281535275256
0.155067569950451	0.0290355764553768
0.659678688827779	0.207049146044387
-0.735795036496609	0.251087692088149
-3.45945095257726	1.22747869975084
2.09962019368326	0.923638574732708
-3.46322465260564	1.22963503158779
0.155111385030128	0.0290417527313876
0.152718005702027	0.0383738683664069
0.154509067766894	0.0289541162362231
0.145313170347528	0.042674261922763
0.872916074396184	1.00947083106833
0.403359404679673	0.319399855536279
0.565990737944814	0.451013095287338
0.134088264553694	0.0505027155625481
-0.237212899766669	0.0763212805777045
0.15963091503218	0.0399802605532864
0.425052150764292	0.323080137228561
0.127811645941547	0.0481547579411935
1.44839669376933	0.477459847846965
-1.14260761039773	0.345006924269412
-2.3122996042467	1.15699306205514
0.99173966000894	0.814005039270442
1.02138446798351	0.965614949611124
0.147007749076803	0.0431148554966707
0.659032459281836	0.207041754611057
0.659324643575319	0.207123110468657
0.948905461162112	0.248586345985544
-1.14536534536015	0.34589005605433
0.155111385030128	0.0290417527313876
0.155111385030128	0.0290417527313876
1.0190295579627	0.379719734867384
0.660932155782147	0.207694635746326
0.640944679846667	0.684091511908996
-0.114208159166471	0.0454613905002761
0.266322044038169	0.230718231223477
-0.00163782012432681	0.00116865577930023
-0.317500568673787	0.286768116646575
-0.343748465827389	0.208873371916329
1.45114635521655	0.478471348903038
-0.732903532938375	0.249925569855424
-0.628867026021838	0.151670609188118
2.75580772001712	0.763760469153332
-2.57669595250488	0.657559862268914
0.160583229502904	0.0401661733691417
0.659324643575319	0.207123110468657
0.948337549654709	0.248516516252871
0.805116244112889	0.331471066458395
2.75520320904554	0.763197913000704
0.94820175004088	0.248479682375772
1.01868988091969	0.379571940690884
0.950998501270056	0.249196467275389
2.10114269367742	0.924635433318668
-0.240846100521927	0.0774684702165293
1.81323362267005	0.702723165703649
0.731275316478578	0.610307632716432
0.539608727551562	0.450070996254494
0.374402254410437	0.165957266705863
-0.628733247343677	0.151688343674084
1.95786695174359	0.441149378722158
2.75807933893485	0.764710363024488
0.155067569950451	0.0290355764553768
-3.08556356757563	0.949512459473102
0.489710345363887	0.438650185412495
2.33785384704991	1.14562321252435
0.511187733730715	0.180331422147582
0.658448437247608	0.206865271021461
0.509312228273621	0.179509324022326
-0.628164901903538	0.15157555358925
0.159859477622278	0.0400192334307773
0.803269824230379	0.33049399469318
-0.355401168227563	0.102014834884787
-0.737745529684395	0.251848226779474
-0.632424041671007	0.152580102364835
0.15144823932183	0.0285426379557898
-2.57968420714322	0.659073447553718
0.948337549654709	0.248516516252871
0.159859477622278	0.0400192334307773
3.26631056571709	1.10328266544307
-2.57963910438406	0.659061212358043
0.947770742439721	0.248281535275256
0.798324210831681	0.328230166540438
0.583674968225445	0.301162674273537
0.732910757544502	0.612640173880027
0.589032264568651	0.304349472385491
1.06467715805871	0.644478179892282
1.06389055631983	0.644435270493322
0.330514374722379	0.183531043392625
1.95731570776637	0.441000340195791
0.154465593370314	0.0289479903375428
0.163185820804974	0.0407257646525502
0.15820382838182	0.0396092897578142
0.15820382838182	0.0396092897578142
1.02558467001725	0.382518749728777
0.579707941380972	0.298809073772813
0.431070466345996	0.170227115144882
0.160221796316651	0.0401166927693931
-0.63185471444008	0.152466960619287
0.947770742439721	0.248281535275256
-0.547287052704382	0.205976261023422
0.319205076256371	0.193639884819278
2.75868832531345	0.765017792149168
3.26284822825054	1.10169382604423
3.26224218729945	1.1009233569627
0.147259813410519	0.0432007445014279
0.154465593370314	0.0289479903375428
0.660640141500972	0.207490447031014
1.44862736407577	0.477555630338169
0.659032459281836	0.207041754611057
1.02533495299364	0.382457756692076
1.5231897424147	1.3038833423065
-0.117349469703993	0.0467302018010708
-0.66534674615136	0.397444473734649
0.979945563615176	1.07402452448731
-0.246548586878261	0.208618746140283
0.760525338068237	0.939244774370189
0.128673280033835	0.0484868522338571
-0.809052313095004	0.442265939692013
0.943937640725668	0.24736392993685
-2.5766529574574	0.657773148602288
0.157325350109871	0.02936446462458
3.9232513707374	1.69997531930461
1.44922258720914	0.477763268309402
-1.79840965860499	0.382877827643389
1.02558467001725	0.382518749728777
0.15963091503218	0.0399802605532864
-3.08203048704882	0.947509650360219
0.94820175004088	0.248479682375772
-0.628030265547787	0.151499678636842
-1.14111344283696	0.344497381350969
0.943937640725668	0.24736392993685
-0.632563406792844	0.152610991116788
-1.34472488573457	0.843766445358565
0.660054375205789	0.207294450910716
0.912044942903523	0.792689405788439
0.306144355762722	0.197876477301545
-4.23707165693014	1.97265851971264
0.154465593370314	0.0289479903375428
0.950998501270056	0.249196467275389
-1.79840965860499	0.382877827643389
-1.29767890644575	0.579059217742002
-0.149294217138177	0.0850744015036644
0.137211516101373	0.0455091631041957
1.95988292961267	0.441702177751728
-1.79840965860499	0.382877827643389
0.155067569950451	0.0290355764553768
1.95731570776637	0.441000340195791
-0.628867026021838	0.151670609188118
1.45415285694275	0.479329377268875
0.15963091503218	0.0399802605532864
-2.57963910438406	0.659061212358043
-0.358848207258787	0.103009197892419
-0.236865950236819	0.0762080730306188
0.950426851449918	0.249037516760643
1.44862736407577	0.477555630338169
0.160946012629139	0.040173329737006
0.144725574883443	0.0425191258680454
1.3150863687139	0.564688556451063
0.779348298433913	0.464069505734105
-0.185612214601285	0.124488923899617
0.131594500900707	0.0437325371818593
0.155067569950451	0.0290355764553768
0.65757421006213	0.206588655278929
-1.79840965860499	0.382877827643389
0.877042762036996	0.463932417256714
-0.362614650451211	0.104032260636264
-0.63185471444008	0.152466960619287
-0.786285484359973	0.340832261518803
0.0287942442454471	0.0168497779891741
0.144054213480702	0.0423469198905259
0.155111385030128	0.0290417527313876
3.26569824690609	1.10327543173781
-1.79840965860499	0.382877827643389
0.14686710499877	0.0778212151040773
0.949853786521152	0.937787424227974
-0.237437039825944	0.0763599123457812
1.95731570776637	0.441000340195791
0.155111385030128	0.0290417527313876
2.09505135909681	0.920347066692038
-0.632563406792844	0.152610991116788
0.162952579336367	0.0406858836130456
0.161043695584893	0.0402684742968713
0.658448437247608	0.206865271021461
0.658157600688591	0.206837664845118
-0.276165957331445	0.174246778704129
1.55152601933111	0.752759870414717
2.10055021952577	0.924312412659368
0.281476984773386	0.229665832780714
0.95875771646559	1.4600132712175
0.258201189359524	0.289514767877235
0.941539967669654	0.635876946879287
0.797972177742043	0.327977456331324
-0.628030265547787	0.151499678636842
1.95731570776637	0.441000340195791
-1.1412568453231	0.344431220445032
0.155111385030128	0.0290417527313876
-2.57660997484294	0.657538252319339
-0.631994988626399	0.152498044571477
-2.57968420714322	0.659073447553718
0.162357836679133	0.0405597098553547
-1.52926336424741	0.543358625626883
-1.1447666380351	0.34569313996721
0.154311934860129	0.0289593414864238
2.75641316563256	0.763778311858285
2.75520320904554	0.763197913000704
-1.13849635482287	0.34354887893789
1.07798972508648	1.26766386692539
-0.303529266708716	0.300136531259722
-0.273469434635879	0.172357118400652
-1.79839614394125	0.382877807711208
2.75580772001712	0.763760469153332
-2.57660997484294	0.657538252319339
0.160221796316651	0.0401166927693931
0.291677077264952	0.220500526515014
0.185862861410557	0.153825141855111
1.75724697928163	0.961528007369897
0.154509067766894	0.0289541162362231
0.950287720870208	0.248999740475732
-0.547287052704382	0.205976261023422
-0.628733247343677	0.151688343674084
-0.742101285286405	0.253499136601578
1.95731570776637	0.441000340195791
-0.171978560989748	0.0615700655036388
0.159992352718576	0.0400538861334557
-1.19018461257151	0.665625499116834
1.04079506363497	0.493718951705615
-3.08203048704882	0.947509650360219
0.660640141500972	0.207490447031014
-0.790293055908666	0.343033629214228
1.0603580546024	0.641154506324135
0.155111385030128	0.0290417527313876
-0.735538279411364	0.250976055861043
1.4480329582247	0.477161868008032
0.658448437247608	0.206865271021461
1.81294103662311	0.70256079058948
1.45078261646269	0.478218161496633
1.43659354112542	0.880872771635626
0.470514278121046	0.320848723566419
1.23808064087802	0.852604294845018
0.510399267871221	0.17998283956174
-1.52527766014307	0.541726073904961
-0.628030265547787	0.151499678636842
-1.04278630064219	0.410314973185565
0.376494825739613	0.166932679674496
0.160813493636874	0.0402291855562724
0.950998501270056	0.249196467275389
0.508115032981171	0.179108309242443
0.344814357962911	0.172223529033892
0.948905461162112	0.248586345985544
-1.83072704109891	0.739930594937107
-1.52497036065527	0.541612586959632
0.683211542573824	0.59659025755275
0.943025090825711	0.638286768875127
0.16045117802105	0.0401558290866076
-0.628164901903538	0.15157555358925
0.424956949894045	0.16768572118921
0.157325350109871	0.02936446462458
1.02190239796348	0.380920127363489
-0.539089600210505	0.202542124367007
-1.83530553524322	0.742418988109019
0.501915733707647	0.31826036007306
1.0413509498197	0.494052519302526
1.45174463580423	0.478561109172125
0.654121684946124	0.205433467520013
0.325973922995293	0.180797554369713
0.494376421588136	0.312654852380543
0.351049268811478	0.175713536185786
-1.09957337476921	1.31239771745884
1.23345377248552	1.35644990499307
0.310714935428257	0.324601231353636
0.293195145751423	0.221839800822882
-0.664382468011091	0.397301253072218
0.149551069550847	0.043790750343374
0.657864503304789	0.206616146564203
1.81294103662311	0.70256079058948
0.65757421006213	0.206588655278929
0.147259813410519	0.0432007445014279
-1.0465244135449	0.412299764954399
0.16045117802105	0.0401558290866076
0.514431860453614	0.181517099423547
-1.14171114622793	0.344693702322242
-0.354229439997714	0.101697261087168
-0.629763239673253	0.152058330338803
1.81604086904786	0.704001590638153
-2.5766529574574	0.657773148602288
-0.359432307228107	0.103134774665835
-0.235378324610146	0.0757036698862798
-1.34796229008534	0.846753250447306
0.146089865196664	0.0773784089836768
-0.165156727528551	0.114176001774189
-0.413301453187585	0.235846752592562
-1.79840965860499	0.382877827643389
1.44899109330448	0.477667123734845
-0.354815349846941	0.101888689175609
-1.79840965860499	0.382877827643389
-2.5766529574574	0.657773148602288
-1.83139270651508	0.740181168650308
-0.919668313370445	1.11871235968664
-0.284519526729975	0.180131828150692
1.75714045242503	0.96229408108133
0.130658069144789	0.0492298941542097
1.45138090115721	0.478568850670936
1.76021767807687	0.964723136667237
-1.04290235412753	0.410559570501728
-1.52439405688463	0.541142934209623
1.22928080453069	0.842576963134108
0.374402254410437	0.165957266705863
0.134579360214552	0.0446820626093357
-0.355104953248248	0.101967480674674
1.06787756973317	0.647660386599083
-0.114788896547144	0.0457144662400894
-0.172651053911463	0.0618415442674928
-0.355112179440658	0.101904546481095
1.0641906017043	0.645092794443035
0.953104063529892	0.24967071820883
0.772479237853607	0.458092039410836
0.148186394591661	0.0434281534721658
1.31543636736156	0.564668618767136
0.510440135603011	0.179966436385068
-0.737489374761453	0.251678150254292
-1.23432883862882	0.937554081560308
1.38779165993236	1.0726733323097
1.3855852149076	1.07002458588356
-1.1931686207465	0.668330036494844
1.54905911103962	0.751329852210446
0.131190430440417	0.043607248787474
0.589020566551014	0.304394414206738
0.849977420788445	0.626701290150088
0.506070916679663	0.17835265439855
0.589032264568651	0.304349472385491
-0.624773794560314	0.298987479143815
-0.622899316569448	0.298355013879409
-0.797530143352387	0.346515824779404
-0.621615292877024	0.297645337540775
0.131814043124596	0.0438161720723548
0.656894206098884	0.206287716765961
0.948337549654709	0.248516516252871
0.430167567859913	0.169808421907507
0.15963091503218	0.0399802605532864
2.33706074348868	1.14515549915231
1.02054966194411	0.96463248805758
1.77171816100203	1.82260435723665
0.159307755365713	0.0917302607687538
-0.804622730453418	0.439153910758235
1.31451987093813	0.564351638075811
0.177620794701958	0.121862713311369
-0.0594088221539946	0.0375130037790069
1.43608586397178	0.878295592157908
-0.163333707437082	0.058513101999774
-1.50703283047852	0.757667053611888
0.13571412709247	0.0450530753488282
0.658449623497539	0.206846818911275
-1.8300617404783	0.739244520230481
-0.24356830856068	0.0783359978293808
0.130075947991101	0.0555608156022176
0.131541520016344	0.0437194079588842
-2.48666233195922	1.37425411083544
-0.167754072609883	0.0600616127897958
0.51386494250992	0.181311218287051
-1.80123754984197	0.383647112861273
-1.18699871168334	0.663220913010704
-0.193949317206484	0.104857324298457
-0.627920734859053	0.301050564774921
-0.335841983540587	0.203476363814946
-0.415285758448241	0.237283117576127
1.93954790797232	1.18863154455072
0.162590253502546	0.0405994312489443
3.26224218729945	1.1009233569627
-0.628164901903538	0.15157555358925
-2.57669595250488	0.657559862268914
1.8138222857108	0.70292085392477
0.155865666010797	0.0828287849946041
-0.466861679973577	0.313141311176046
-0.229462573464516	0.15002724368349
1.23640074962426	0.850852770740724
1.43725553750908	0.87962577067881
-0.416779822819222	0.173755694010833
1.35720210192034	1.25680358104616
-1.34364907570926	0.841825882742991
0.425512906559786	0.167915922981524
-0.421397243155889	0.175924145425024
2.54557570899396	1.37892987568067
-0.518747185555715	0.275011618948035
-0.165306041400927	0.0592208118770727
0.129769577014126	0.0554037458914946
1.0691012393729	0.648746896079508
0.528570983656657	0.304398883325207
-1.03998820725116	0.409113309598422
-0.334578143431374	0.154704340084541
0.424719696521905	0.167520800855861
-2.492223966474	1.37994790676841
0.126856129549628	0.0541503443242822
-0.114200640524609	0.0454885817871116
-0.355401168227563	0.102014834884787
0.174835022538674	0.114065656137313
0.130231844629827	0.0490930846348559
0.88358587775081	0.468285840080903
2.88597329570141	1.91261862279825
-0.257625676623496	0.130135111736523
0.660932155782147	0.207694635746326
-0.0737982151664144	0.032504563703253
-0.413390795154418	0.236313083289181
0.130847633086116	0.0558190648233276
1.55339634184414	0.754201422263365
1.94480649752553	1.19422729059396
1.0192751562055	0.379836783778508
0.801294435982005	0.329722340410091
0.330270908136939	0.183283187006164
0.56738213812885	0.452484945423889
0.501875753640839	0.318427396869285
-0.115693995763128	0.0460682132851611
1.94304263758661	1.1922784095485
1.06696790837645	0.646345942691232
0.801084517559327	0.329506929263352
0.94820175004088	0.248479682375772
0.696237553820279	0.455249833532676
1.44028850179998	0.883441749469015
1.81115625615482	0.701436048499222
1.22120409773334	1.02397153323848
0.154907865341976	0.0823142511152039
-1.34793793245474	1.35569238762334
0.31618526102369	0.191470514146661
-0.664382468011091	0.397301253072218
-0.196683801155204	0.106409496024457
-0.796064295969756	0.689457741132903
0.470906935792252	0.321226450251511
0.0530174637671898	0.0326994439950955
0.126733263288597	0.0477974947336053
-0.802907166506178	0.438351130678052
0.134446827346684	0.044648821058174
0.801084517559327	0.329506929263352
0.879827542304998	0.466312125509254
-0.540836580077605	0.203369627038744
-0.251125896799344	0.126718414199702
-0.325152368345626	0.149912584088137
0.672294824600451	0.309208232981787
-0.322551014354102	0.148664668628343
0.140361834634309	0.0413037326992959
0.583538639785136	0.301391464390077
0.342903733430487	0.171036604477131
-0.32088048820421	0.147877167020814
-1.50890779517478	0.759811839667551
1.88504381400706	1.6166478355877
2.33956836114453	1.14697515944292
-0.120778328951361	0.048074574203287
0.802138012530807	0.329972517070534
1.95731570776637	0.441000340195791
-1.292724271206	0.576041031122052
-0.632424041671007	0.152580102364835
-1.79839614394125	0.382877807711208
-0.236295434458238	0.0760318807121589
3.63331351050508	1.42008896661082
0.669552643528324	0.308070987336909
-0.329762657713934	0.199230246087151
0.376610644407851	0.167113227197513
0.41237659585236	0.327966231720232
0.140134058011355	0.0673165590944821
0.125922982362637	0.0537466919251418
-0.539312347732804	0.202625351504848
-0.327162257518513	0.15107114930378
2.24760877240541	1.70960135991928
-1.18455679987255	0.661253401831801
-2.30030983594691	1.14754924641394
0.889125458082737	0.472369474383953
-0.53874057789979	0.202401825815006
0.429189841643481	0.169462047821113
0.123291888942056	0.0464976353750352
0.421270140467149	0.166129444830307
1.0239728358881	0.381885834911352
0.516197868156601	0.182070276152868
0.658741078701816	0.207014004441108
0.124751416858666	0.0470574836800859
1.25308727931006	0.677893883554368
0.647362022184166	0.461445240092654
1.37914074642743	1.06268207019269
0.670906859207156	0.308500067147838
1.25788804854073	0.681410760369185
1.25332170849571	0.678676769954947
1.31104941060088	0.562257057470917
0.147597353924913	0.0432809812564028
0.514431860453614	0.181517099423547
0.126718433332145	0.0477760087487025
0.131814043124596	0.0438161720723548
0.424373787314051	0.167361463682442
1.04780700199927	0.497914055094941
1.31161763457028	0.562749823451238
0.131814043124596	0.0438161720723548
0.139774852128096	0.0411362731979931
1.35353283144906	1.25028155937025
-0.415249347551518	0.173159047472333
1.44899109330448	0.477667123734845
-0.121046858968259	0.0481817759385421
1.31275235192293	0.563405500186811
0.703697818381909	0.711666142025714
1.08837258594399	0.823210449405508
1.23467900355791	1.21043094497419
-0.197030008009373	0.106546015626363
0.299862253871963	0.205822858377574
-0.810395518035112	0.541528792807024
1.22698337243512	1.3485363681886
1.22793722661089	1.03307991496507
-0.418098622830114	0.174378553054991
0.37719892423885	0.167428598365971
1.2540162666677	0.678629053894652
-0.540486497816113	0.203240784979243
0.140609521820489	0.0413743325045252
-0.356367399040958	0.102345848061694
-0.174873812827118	0.0626196616668006
-2.09270601490263	0.945664340416526
-1.8343686452195	0.741659633265439
0.146670376003709	0.0430346600388633
0.657866689740957	0.206670742493303
-1.83470480543889	0.742065970342523
-0.112002954998565	0.0446033733688569
-0.25342363704007	0.127960853759803
-1.52497036065527	0.541612586959632
1.39509605486582	1.08135753724961
1.06726563745067	0.647041742164496
-1.85565873045026	1.1618693527825
0.585521640254103	0.301815706321041
1.95731570776637	0.441000340195791
1.02338601426445	0.38161996773056
2.33899743092669	1.14663661123896
1.95731570776637	0.441000340195791
0.947635845528227	0.248244973505163
0.509738797084365	0.17970407358381
0.124488256386008	0.0469611145656188
-0.0054982303017612	0.00287135888365666
0.131900506227203	0.0562878352351733
0.489892948718675	0.309002361720895
1.33743296906207	1.41287439505391
0.165339307449228	0.041165861935724
-0.538963433786103	0.202464572078945
1.814860828926	0.70324597733131
0.803055311396109	0.330423388744012
0.164866646813102	0.0410606750914948
-0.538391637447097	0.202241097472968
-0.74269218165825	0.253631177667885
0.654703443030561	0.205608890273211
-0.351744415353914	0.1010114930848
1.55507391974261	0.755498369683247
1.31253456967921	0.563091330038175
2.75641316563256	0.763778311858285
0.511535984561553	0.180463547184556
1.02363521199244	0.381873400117373
0.658157600688591	0.206837664845118
2.33807558295589	1.14590125490883
0.431415494017588	0.170321055884966
1.35435947984012	1.25219265142895
0.154509067766894	0.0289541162362231
0.427726139064257	0.168841338822495
3.26569824690609	1.10327543173781
0.16045117802105	0.0401558290866076
1.54905911103962	0.751329852210446
1.0492524896328	0.498587197554327
0.50755078071475	0.178917899343599
0.146142632021459	0.0773049717946143
0.579834941161682	0.465244706942436
-0.237437039825944	0.0763599123457812
1.81264504950119	0.702404900566408
0.950426851449918	0.249037516760643
0.94820175004088	0.248479682375772
0.948337549654709	0.248516516252871
1.44839669376933	0.477459847846965
2.10167048269825	1.43602379590593
-0.885671933791452	0.82168443697309
0.689293007714415	0.80205660567615
0.610505387448253	0.572817724072542
-0.275749365028749	0.173919543219461
0.881323339853085	0.466707870803552
0.659324643575319	0.207123110468657
-0.735201728577998	0.25087231236032
0.154509067766894	0.0289541162362231
-1.1412568453231	0.344431220445032
-0.629763239673253	0.152058330338803
0.135013832711232	0.0448286361779132
0.144389940892798	0.0424393237157952
2.0985439196218	0.922769880021207
-3.08189869996978	0.9470994296719
0.160221796316651	0.0401166927693931
-1.52439405688463	0.541142934209623
-3.08216231491203	0.947551973079846
-0.355104953248248	0.101967480674674
0.661517102334111	0.207824976675168
-0.167754072609883	0.0600616127897958
1.25249399789827	0.677360299966471
0.492258816676821	0.311149349912573
0.169556359801555	0.110401867254209
-0.250472686836801	0.126381790686255
-3.46299441124492	1.22953362528533
0.155111385030128	0.0290417527313876
0.947163829875457	0.248276694926132
1.95988292961267	0.441702177751728
-1.1414839653338	0.344622990730584
0.165339307449228	0.041165861935724
0.427726139064257	0.168841338822495
0.773136533260227	0.459332641246381
-0.19491355703042	0.105420113135523
-0.0115177788086201	0.00583779497629317
0.145995384957952	0.042836480378728
0.154509067766894	0.0289541162362231
0.804902320215242	0.331341314716319
0.424503019666265	0.167361296949189
-3.45945095257726	1.22747869975084
1.95731570776637	0.441000340195791
3.26345542626113	1.10199860979414
-2.57660997484294	0.657538252319339
0.155111385030128	0.0290417527313876
-0.628164901903538	0.15157555358925
1.95731570776637	0.441000340195791
1.95786695174359	0.441149378722158
0.94820175004088	0.248479682375772
3.26569824690609	1.10327543173781
0.94820175004088	0.248479682375772
-0.543338453486017	0.204199784090533
0.459445111657234	0.438412469559723
0.428844518886435	0.169326646561233
0.406457431902307	0.322509456037443
0.661811042100157	0.2078534144171
2.10345763612533	0.92603048253316
1.95786695174359	0.441149378722158
0.943937640725668	0.24736392993685
3.26345542626113	1.10199860979414
0.854895601522983	1.19385707846794
0.351043890997962	0.328425716572401
0.36487421643588	0.55818136210026
-0.27652988440254	0.174529132468682
0.666125335326482	0.306001775989962
-0.628733247343677	0.151688343674084
2.75807933893485	0.764710363024488
2.75580772001712	0.763760469153332
1.95786695174359	0.441149378722158
0.162357836679133	0.0405597098553547
0.152050960400409	0.028630259939513
0.155111385030128	0.0290417527313876
-0.535972986453295	0.201305640312495
-3.08189869996978	0.9470994296719
0.155111385030128	0.0290417527313876
2.75580772001712	0.763760469153332
1.44450447975593	0.475941549703467
-2.57660997484294	0.657538252319339
-1.79839614394125	0.382877807711208
1.95731570776637	0.441000340195791
-0.264705071641001	0.244336831445562
-0.0501111607522886	0.0440365772135054
0.797408395522862	0.327664211324392
-0.628599509856641	0.151612619227975
0.16045117802105	0.0401558290866076
1.81545080408239	0.703738180326379
-1.79839614394125	0.382877807711208
1.95988292961267	0.441702177751728
0.94820175004088	0.248479682375772
-0.0744538730035276	0.0554868934285722
0.434271712381076	0.171521306650672
1.74748084716449	1.34849813744709
0.128673280033835	0.0484868522338571
0.509876478641146	0.179762262788489
0.804551193439478	0.331168980919484
0.132600988210423	0.0440609588064188
-0.635712548659237	0.153374459528297
0.154509067766894	0.0289541162362231
-1.14088544605048	0.344426431780091
2.75580772001712	0.763760469153332
1.81205656672306	0.701877636994275
0.144389940892798	0.0424393237157952
1.95988292961267	0.441702177751728
0.802489056255948	0.330144551890374
0.658157600688591	0.206837664845118
1.81411735765381	0.702765282094499
0.516197868156601	0.182070276152868
0.128353498749062	0.0427000802237377
0.803620921341924	0.330666152724973
1.55472173238364	0.754945653890023
1.8135291528185	0.702758164322864
0.944504519928106	0.247598335656165
2.75580772001712	0.763760469153332
2.88387679183355	1.90741220904697
0.0145921410777249	0.00796942605420777
-0.283162801620555	0.179127981940969
0.277325527945028	0.217055775690574
0.342907558328519	0.17108452863234
0.585034505000857	0.302146848118809
0.123890289984819	0.0467338918733295
0.14556417703739	0.0427370982099398
-1.52468217246603	0.541450953371581
3.26631056571709	1.10328266544307
3.26345542626113	1.10199860979414
0.424157115579798	0.16722603272977
-2.5766529574574	0.657773148602288
0.15963091503218	0.0399802605532864
0.659032459281836	0.207041754611057
1.31473628244331	0.564270657565622
0.132382889280095	0.0439989008298304
0.371299121171811	0.164536980176641
0.130847633086116	0.0558190648233276
0.84011274312869	0.763955590233721
-0.117312200329271	0.046700587944202
1.01868988091969	0.379571940690884
-1.79840965860499	0.382877827643389
1.95731570776637	0.441000340195791
0.155067569950451	0.0290355764553768
0.15820382838182	0.0396092897578142
0.469695747759226	0.319721710543301
0.140023273435885	0.041219830052157
0.376494825739613	0.166932679674496
-0.352036490485324	0.101122204058746
2.10404963108371	0.926287358542244
-1.8300617404783	0.739244520230481
0.801084517559327	0.329506929263352
-0.238130718624198	0.0765764115230572
-0.167064546625983	0.0597977527594701
1.25633035632512	0.680333015646645
0.510967914253512	0.180245566763838
0.670479674423801	0.308592907557702
1.44899109330448	0.477667123734845
1.0472501359547	0.497556503187299
1.08999173191064	0.824731043643956
1.44450447975593	0.475941549703467
0.127651677266186	0.0424864772644231
1.37845653320283	1.06006029558742
0.135425444521791	0.0650545240277583
0.677461939099791	0.589167675840661
0.954255365678175	0.944283424511816
0.0770252023287408	0.0523254224562252
0.441420644066802	0.318065991793847
0.879823295650508	0.465619204635478
0.140361834634309	0.0413037326992959
0.143006113482009	0.0686927822943395
0.658448437247608	0.206865271021461
0.511187733730715	0.180331422147582
-0.11512189478062	0.0458130318128354
0.141195201809473	0.0415167743660916
0.129638112107096	0.0488596145690987
1.30877399614962	0.561080478424277
0.588417878030214	0.303931742994203
-0.148905120800319	0.0848122209145365
-0.0481750514443673	0.0303845497660237
-1.18990804079261	0.665449925669789
2.75520320904554	0.763197913000704
0.950998501270056	0.249196467275389
-0.355401168227563	0.102014834884787
-1.79839614394125	0.382877807711208
2.75580772001712	0.763760469153332
0.124153707844076	0.0468349501941597
0.850343313416578	0.77712147063215
1.60216989517295	1.10859194175386
-1.14536534536015	0.34589005605433
0.154311934860129	0.0289593414864238
0.131244557787275	0.0436234987478517
0.655285284601054	0.205717641865354
-0.354525819937872	0.101778275735803
-0.238300485260816	0.0767056206772632
0.657866689740957	0.206670742493303
0.376542916049199	0.167293975825214
1.31104941060088	0.562257057470917
0.510619816865865	0.180113549991954
0.952960668065698	0.249631740841768
0.421270140467149	0.166129444830307
3.26284822825054	1.10169382604423
0.137545017702438	0.0660397906217819
2.75580772001712	0.763760469153332
-0.241543381848446	0.0777055848228126
0.156070095129669	0.0391676647119387
0.15963091503218	0.0399802605532864
0.156070095129669	0.0391676647119387
1.31720885231934	0.565233906318953
1.44780311038183	0.477066495630919
0.657866689740957	0.206670742493303
-0.0130162024622071	0.00656307910998097
0.943573260203336	0.638501464446263
-0.0707855599573343	0.0312211169724344
1.60175511745843	1.10666225562038
1.38202516084069	1.06546302107838
0.663427748733987	0.208300313291545
-0.738670030097319	0.252119567169358
0.146922191196889	0.0431076767472804
3.63331351050508	1.42008896661082
0.140023273435885	0.041219830052157
0.159992352718576	0.0400538861334557
0.134796989185734	0.044763826715822
0.146922191196889	0.0431076767472804
1.8166310232947	0.704051562387115
-2.0894625554263	0.944110632073379
0.324189861161436	0.179789075575121
0.65757421006213	0.206588655278929
-0.801707680455701	0.437072709077624
0.950998501270056	0.249196467275389
1.44899109330448	0.477667123734845
3.26345542626113	1.10199860979414
-1.80123754984197	0.383647112861273
0.654703443030561	0.205608890273211
-0.114531033021198	0.0455888758023028
-0.415571759759463	0.237512664203769
-0.126326483644188	0.050229150467803
0.644540971889101	0.458915679835764
0.798094498598845	0.968110886498623
1.45355066214954	0.47909620382923
0.94820175004088	0.248479682375772
-1.14559783756009	0.346052129596875
-0.254729876871501	0.128596041906007
0.798887367854718	0.328506973468232
0.65757421006213	0.206588655278929
1.81515619836297	0.703574555319196
1.44450447975593	0.475941549703467
0.161043695584893	0.0402684742968713
0.947770742439721	0.248281535275256
0.947770742439721	0.248281535275256
3.63629792702422	1.42164529184574
0.565039742655362	0.450019699911273
0.172138458191323	0.112286968185425
0.510747125906926	0.180055308660596
0.148874540131084	0.0435916810734132
0.15963091503218	0.0399802605532864
0.147259813410519	0.0432007445014279
1.44725524543057	0.476951096350534
1.03621982753779	0.490898675018395
0.46967557493133	0.320247373143894
-0.554788760478002	0.354792853937339
0.132204950627944	0.0564266416745921
0.173870141286503	0.12920910064745
0.159992352718576	0.0400538861334557
0.156896734628332	0.0393320207188234
0.145180009462501	0.0425673704481714
0.1330827989725	0.0442077225266119
0.131326252699372	0.0494590375812649
1.02338601426445	0.38161996773056
1.31161763457028	0.562749823451238
-1.10308211701547	1.07181042912096
-0.179814850976903	0.142624073466893
0.374667869915192	0.166123158223375
-0.628599509856641	0.151612619227975
-1.79839614394125	0.382877807711208
1.95786695174359	0.441149378722158
1.95731570776637	0.441000340195791
-1.1412568453231	0.344431220445032
-2.5766529574574	0.657773148602288
0.280981447072089	0.229175187297221
1.06848943716824	0.648228728214423
1.4480329582247	0.477161868008032
1.01868988091969	0.379571940690884
0.154509067766894	0.0289541162362231
-0.356656967234746	0.102398272590581
-0.116744249017674	0.0464304413870714
1.44665759513172	0.476601664632304
-0.246455702473939	0.0792203757391232
1.02939313477738	0.384032816891873
0.670831219986141	0.308462665871979
2.75580772001712	0.763760469153332
1.44862736407577	0.477555630338169
1.02156194483674	0.380771817220124
0.15144823932183	0.0285426379557898
1.95786695174359	0.441149378722158
0.799817784345156	0.328793952378907
3.26284822825054	1.10169382604423
1.04480901675325	0.495932284777841
0.0626691374950463	0.0406368417414977
0.654703443030561	0.205608890273211
1.02592340208434	0.382810966482796
0.946592090327999	0.248117976822064
0.950287720870208	0.248999740475732
4.16353012204261	1.96268998387972
0.511535984561553	0.180463547184556
0.947770742439721	0.248281535275256
1.44958631087756	0.477702557005987
0.132513899668301	0.0440249398537092
-0.628733247343677	0.151688343674084
0.950858461556905	0.2491584305819
0.155111385030128	0.0290417527313876
1.95731570776637	0.441000340195791
-0.695763215981356	0.612981331901803
-0.512539502823345	0.271248114510885
-2.49164768520171	1.37949331968487
0.183226614720964	0.15584427034024
0.16045117802105	0.0401558290866076
1.95786695174359	0.441149378722158
1.81545080408239	0.703738180326379
0.950287720870208	0.248999740475732
0.160813493636874	0.0402291855562724
-2.5766529574574	0.657773148602288
3.26345542626113	1.10199860979414
-0.692550586381431	0.554026585804652
0.0313578415386867	0.0235144577755035
0.149653471844477	0.079291114285782
1.95731570776637	0.441000340195791
0.143467885183021	0.0421790290070851
3.26345542626113	1.10199860979414
0.94820175004088	0.248479682375772
0.162590253502546	0.0405994312489443
-0.0904181809500963	0.0661772930084243
0.486063180399691	0.434289954400251
0.515772312008364	0.447275159153407
0.948337549654709	0.248516516252871
0.659324643575319	0.207123110468657
0.947770742439721	0.248281535275256
-0.233616960664733	0.0751877350099978
0.154509067766894	0.0289541162362231
2.75580772001712	0.763760469153332
0.947770742439721	0.248281535275256
1.95731570776637	0.441000340195791
1.45114635521655	0.478471348903038
0.422520693979278	0.166619271733836
1.95988292961267	0.441702177751728
1.02338601426445	0.38161996773056
0.147597353924913	0.0432809812564028
1.81115625615482	0.701436048499222
0.654121684946124	0.205433467520013
0.947635845528227	0.248244973505163
-0.242303145848854	0.0779596714788979
0.848823373432934	0.774702844137254
0.157325350109871	0.02936446462458
-0.360424422137527	0.103456197360052
0.119915485603863	0.0452877111325725
0.653641938768003	0.467259246210583
0.155067569950451	0.0290355764553768
-0.238130718624198	0.0765764115230572
3.26345542626113	1.10199860979414
0.150139558066054	0.0439481510359518
2.75868832531345	0.765017792149168
-0.632563406792844	0.152610991116788
1.95731570776637	0.441000340195791
0.948905461162112	0.248586345985544
2.75807933893485	0.764710363024488
0.948768757521975	0.248549269795159
1.02156194483674	0.380771817220124
2.75520320904554	0.763197913000704
1.01868455898137	0.379190643472531
0.154465593370314	0.0289479903375428
0.154465593370314	0.0289479903375428
0.154509067766894	0.0289541162362231
0.065076945838352	0.0422099015086409
0.529582344156348	0.305303818112092
0.374667869915192	0.166123158223375
0.181678957449515	0.154429134685763
1.45114635521655	0.478471348903038
-2.57963910438406	0.659061212358043
1.95731570776637	0.441000340195791
-0.358848207258787	0.103009197892419
4.16916333036968	1.96553039398065
0.346304246014278	0.33319135456674
0.187114173813069	0.155011519637896
0.37500284803739	0.166439923055687
2.75641316563256	0.763778311858285
2.75520320904554	0.763197913000704
-2.57660997484294	0.657538252319339
1.95731570776637	0.441000340195791
1.95988292961267	0.441702177751728
0.94820175004088	0.248479682375772
1.38459128197233	1.0686732785807
0.657864503304789	0.206616146564203
0.51408290047205	0.181384498788784
1.04934203386098	0.498700980586011
-1.14111344283696	0.344497381350969
0.160221796316651	0.0401166927693931
-0.353939368265063	0.101586834148653
0.128217426027829	0.0426676360228733
-0.239216268709345	0.0769712564401174
0.660640141500972	0.207490447031014
-0.354229439997714	0.101697261087168
3.26284822825054	1.10169382604423
0.137211516101373	0.0455091631041957
1.81264504950119	0.702404900566408
1.44665759513172	0.476601664632304
1.45355066214954	0.47909620382923
0.935187983638176	0.630153096676686
0.798324210831681	0.328230166540438
0.460713039052367	0.312611241476116
1.13062511156229	1.15771185348383
0.39458181123745	0.325855706530139
0.513516136888496	0.181178716343693
0.16045117802105	0.0401558290866076
1.02567343435987	0.382470463826608
1.31218528243788	0.56311122145944
1.44780311038183	0.477066495630919
0.159402290839324	0.0399177124259514
0.517113632980752	0.182385971564448
-0.0428862763913153	0.0204556223512247
0.773741670958623	0.459790764376054
0.516764201582912	0.182313298692041
-0.236865950236819	0.0762080730306188
1.95731570776637	0.441000340195791
1.22949103515534	1.03424358927853
0.943875170267631	0.638209465346552
1.31310179325084	0.563385616536445
0.133827547304626	0.0504034048186407
-0.325606788605036	0.150305368250002
0.131892201556397	0.0562860360466152
0.15963091503218	0.0399802605532864
1.44922258720914	0.477763268309402
0.659324643575319	0.207123110468657
0.126864758084239	0.0422209393647781
0.948905461162112	0.248586345985544
-0.74269218165825	0.253631177667885
0.948337549654709	0.248516516252871
-1.79839614394125	0.382877807711208
3.92936359942063	1.70302424744953
1.02685010343664	0.383062880383657
-3.08203048704882	0.947509650360219
0.159402290839324	0.0399177124259514
0.130658069144789	0.0492298941542097
-1.53326666156506	0.545110963407603
0.131588254721678	0.0495753524376327
0.947788030537818	0.934808264457269
-0.0388973744581112	0.0252028132841326
0.494767254452097	0.313128608528897
1.81574571371452	0.703837629137609
0.154465593370314	0.0289479903375428
-2.57660997484294	0.657538252319339
1.04114198965725	0.493788387990445
-0.071479212028512	0.0315121289992788
0.654339449654767	0.596260367283781
-0.172107354750232	0.0616237994837963
1.95988292961267	0.441702177751728
0.154465593370314	0.0289479903375428
2.09623186676469	0.921454672983403
-1.79840965860499	0.382877827643389
0.943937640725668	0.24736392993685
-0.628299579656606	0.151558046801791
0.425281606664403	0.167780963846818
2.09682127519349	0.921775526445784
-1.53385767192304	0.545384911398725
-0.349834437422478	0.100494066761987
-1.83962358353467	0.744558464662274
1.0282187103729	0.383542758401815
0.948768757521975	0.248549269795159
0.143467885183021	0.0421790290070851
0.140948251392809	0.041458274749763
-0.231409214332045	0.0745090449257407
2.75580772001712	0.763760469153332
1.55507391974261	0.755498369683247
0.16045117802105	0.0401558290866076
1.44450447975593	0.475941549703467
-1.52896155531942	0.543366808154917
1.04711437298264	0.497299290173911
0.68391272287176	0.596909075596452
0.729337918778098	0.608527790177426
0.831981091476323	0.985923558893514
-0.120436689899838	0.0478987092728061
-0.334551345985994	0.202495871272275
0.377786837575273	0.167726927816864
0.5106524152497	0.18003586586147
1.55840517604601	0.757272939237287
-0.359141638818634	0.103112871302961
-0.16719037374262	0.0598638290738506
0.154111297429402	0.0885228741988523
1.31253456967921	0.563091330038175
-0.168098950998947	0.060182556134742
0.803269824230379	0.33049399469318
-1.35151975311668	1.12545048307919
0.311743182717269	0.202404480412716
-0.622602514066325	0.297951287862419
0.803055311396109	0.330423388744012
-3.76165974462818	1.48222195957514
1.44899109330448	0.477667123734845
0.51245179464898	0.180728048354012
1.81294103662311	0.70256079058948
1.44725524543057	0.476951096350534
1.95786695174359	0.441149378722158
0.157325350109871	0.02936446462458
-0.164399596828408	0.0589021623891461
2.75520320904554	0.763197913000704
2.54614231756351	1.37953151874953
-1.52556530925699	0.541887546993991
2.75641316563256	0.763778311858285
2.10577777041247	0.92695430431462
-0.628164901903538	0.15157555358925
1.25692095547473	0.68084554853337
-0.120813852462324	0.0480500438896859
2.72389027854438	1.63339405451572
0.139185376148384	0.0667894925858745
1.25540355308665	0.679789135508396
0.948768757521975	0.248549269795159
0.661517102334111	0.207824976675168
0.805467397708516	0.331643487494376
1.81323362267005	0.702723165703649
0.141709061870278	0.0680041652041442
-0.256412717497705	0.129641632747204
0.154509067766894	0.0289541162362231
-1.52955481711501	0.543641482939636
-0.358848207258787	0.103009197892419
2.75580772001712	0.763760469153332
1.81604086904786	0.704001590638153
3.26631056571709	1.10328266544307
1.45078261646269	0.478218161496633
0.154509067766894	0.0289541162362231
0.659032643407672	0.20695576224899
-1.8300617404783	0.739244520230481
0.162357836679133	0.0405597098553547
0.15963091503218	0.0399802605532864
1.44922258720914	0.477763268309402
0.156304884454214	0.0392194704826931
0.154509067766894	0.0289541162362231
2.75580772001712	0.763760469153332
0.658157600688591	0.206837664845118
-0.628030265547787	0.151499678636842
1.95786695174359	0.441149378722158
0.947770742439721	0.248281535275256
-0.355979365614545	0.102141358762928
0.663132334033902	0.208271470068789
-0.63185471444008	0.152466960619287
0.133988982259407	0.0444835620395598
0.586125139743896	0.30240710453499
1.36342869336489	1.26558921730316
1.31183590793173	0.562694726030807
0.181730778376652	0.130473555052488
1.55265783773452	0.753699130068357
-0.165306041400927	0.0592208118770727
-0.254701059496335	0.128708917460295
0.673147662557951	0.30986199776055
-3.08203048704882	0.947509650360219
0.160221796316651	0.0401166927693931
0.154509067766894	0.0289541162362231
-0.258842687878428	0.130906892371963
-0.292243556434901	0.214014029129401
3.26345542626113	1.10199860979414
-0.628030265547787	0.151499678636842
-0.746468959039539	0.255084183402722
-0.635712548659237	0.153374459528297
0.162125356869158	0.0404960611383205
1.81604086904786	0.704001590638153
0.947770742439721	0.248281535275256
0.156070095129669	0.0391676647119387
-0.628164901903538	0.15157555358925
-2.57963910438406	0.659061212358043
-2.5766529574574	0.657773148602288
-0.626075023442282	0.151167646950723
1.95786695174359	0.441149378722158
0.155111385030128	0.0290417527313876
1.24565283364774	0.672787214932804
3.26345542626113	1.10199860979414
-0.628299579656606	0.151558046801791
0.801786885039242	0.329686341918844
0.658157600688591	0.206837664845118
0.144389940892798	0.0424393237157952
0.499492227194793	0.175763317616227
4.37369327971884	2.22600437542249
-0.171899191954258	0.13571799634515
1.02617238539361	0.38275777208832
-2.5766529574574	0.657773148602288
0.948337549654709	0.248516516252871
1.95731570776637	0.441000340195791
1.95786695174359	0.441149378722158
-1.79839614394125	0.382877807711208
0.948337549654709	0.248516516252871
0.0688466810773914	0.0446765861241097
0.94820175004088	0.248479682375772
2.10345763612533	0.92603048253316
-1.79840965860499	0.382877827643389
1.95786695174359	0.441149378722158
3.26345542626113	1.10199860979414
2.75580772001712	0.763760469153332
0.162590253502546	0.0405994312489443
2.75520320904554	0.763197913000704
2.75580772001712	0.763760469153332
0.155111385030128	0.0290417527313876
0.159992352718576	0.0400538861334557
1.95786695174359	0.441149378722158
1.95786695174359	0.441149378722158
0.654121684946124	0.205433467520013
1.95731570776637	0.441000340195791
2.75520320904554	0.763197913000704
0.950287720870208	0.248999740475732
0.0654090363605464	0.0423981955557922
2.75520320904554	0.763197913000704
0.391081469980566	0.336276930499737
0.159859477622278	0.0400192334307773
-0.628599509856641	0.151612619227975
-1.13895833229548	0.343813220888229
-1.1413415008172	0.344450233445194
0.329885589032108	0.183005964566976
0.502944261672473	0.319361004293396
3.6326714041979	1.41965046916025
0.145519951638557	0.0426515731302186
3.26631056571709	1.10328266544307
2.76097686654259	0.765783986906631
0.947635845528227	0.248244973505163
-0.628733247343677	0.151688343674084
0.658157600688591	0.206837664845118
0.155111385030128	0.0290417527313876
-0.628867026021838	0.151670609188118
0.154465593370314	0.0289479903375428
0.155111385030128	0.0290417527313876
1.02304894811125	0.381607715308403
-1.14088544605048	0.344426431780091
-2.5766529574574	0.657773148602288
0.659678688827779	0.207049146044387
1.95731570776637	0.441000340195791
0.429057351930408	0.169364233472881
-0.286373812932317	0.261082895497891
-0.539312347732804	0.202625351504848
0.950998501270056	0.249196467275389
-0.628733247343677	0.151688343674084
-1.79840965860499	0.382877827643389
1.02329749324129	0.381582146499257
0.0553848273482113	0.0341516574653984
1.02422162940792	0.382079227006262
2.10021124048698	0.924077935460336
3.93000570763666	1.70337610095798
0.950998501270056	0.249196467275389
-1.14111344283696	0.344497381350969
1.95731570776637	0.441000340195791
0.155111385030128	0.0290417527313876
0.157370411029726	0.0293708256249034
1.95731570776637	0.441000340195791
2.75807933893485	0.764710363024488
2.75641316563256	0.763778311858285
1.95731570776637	0.441000340195791
2.75868832531345	0.765017792149168
0.658741078701816	0.207014004441108
1.45054889854294	0.478121061898946
0.947635845528227	0.248244973505163
0.339758566383255	0.169487309376746
0.60990124602992	0.463088424486531
0.660638687988492	0.207526442563452
0.948337549654709	0.248516516252871
1.95988292961267	0.441702177751728
0.657866689740957	0.206670742493303
0.139542963985349	0.0669682425041542
0.291962750412068	0.210650200536735
0.162952579336367	0.0406858836130456
-2.57968420714322	0.659073447553718
-3.08203048704882	0.947509650360219
1.81323362267005	0.702723165703649
0.144997395387248	0.0767692510073244
0.0553699523182183	0.0341755874547037
3.63565166019344	1.42132833477826
0.94820175004088	0.248479682375772
-1.79839614394125	0.382877807711208
-0.738079783119958	0.251987608125061
0.160221796316651	0.0401166927693931
3.26284822825054	1.10169382604423
3.6326714041979	1.41965046916025
2.75580772001712	0.763760469153332
0.155111385030128	0.0290417527313876
0.155067569950451	0.0290355764553768
1.81396972036118	0.702456325121257
1.95988292961267	0.441702177751728
3.64167174798971	1.42268587426006
0.802138012530807	0.329972517070534
0.0399639278804723	0.0309604734908045
0.798676159728442	0.328314833787517
-2.5766529574574	0.657773148602288
2.75580772001712	0.763760469153332
0.950858461556905	0.2491584305819
0.950998501270056	0.249196467275389
0.15547989361324	0.039031965106125
0.469279110385434	0.319939427955805
2.09795431527005	0.922132224051814
0.950858461556905	0.2491584305819
2.75580772001712	0.763760469153332
1.95731570776637	0.441000340195791
0.155067569950451	0.0290355764553768
1.95786695174359	0.441149378722158
-1.80123754984197	0.383647112861273
3.26345542626113	1.10199860979414
-0.626075023442282	0.151167646950723
0.656894206098884	0.206287716765961
0.0636588690787498	0.0412718888473719
-0.105359801417677	0.0623476005313975
0.144640697621443	0.0425017414545061
0.15144823932183	0.0285426379557898
1.44839669376933	0.477459847846965
1.44922258720914	0.477763268309402
2.75580772001712	0.763760469153332
-2.5766529574574	0.657773148602288
-0.354815349846941	0.101888689175609
1.9473593482979	1.19677651421599
-1.18958665206113	0.665242995853303
0.658448437247608	0.206865271021461
3.26569824690609	1.10327543173781
-3.76500715654354	1.48473725010782
0.163185820804974	0.0407257646525502
0.134106486547473	0.0643887772329693
-0.112173447637626	0.0665304254023962
-3.08189869996978	0.9470994296719
-1.80123754984197	0.383647112861273
0.160813493636874	0.0402291855562724
-0.628030265547787	0.151499678636842
0.658157600688591	0.206837664845118
2.75580772001712	0.763760469153332
0.161043695584893	0.0402684742968713
2.75641316563256	0.763778311858285
0.530824990880255	0.306167993079753
0.589161551646797	0.304771723465165
1.75759463202614	0.961397932913898
1.95786695174359	0.441149378722158
2.75641316563256	0.763778311858285
-1.79840965860499	0.382877827643389
0.157370411029726	0.0293708256249034
1.44862736407577	0.477555630338169
0.053714425556354	0.033131356295453
0.160583229502904	0.0401661733691417
0.155111385030128	0.0290417527313876
-0.352915395102444	0.101358152963712
0.947163829875457	0.248276694926132
1.95731570776637	0.441000340195791
-2.57669595250488	0.657559862268914
1.95786695174359	0.441149378722158
0.948337549654709	0.248516516252871
1.44862736407577	0.477555630338169
2.75641316563256	0.763778311858285
0.511315925469962	0.180318053690652
0.783024139197842	0.617867587106126
0.837378642021811	0.883683238416141
0.512948788838409	0.180923723722652
2.34336570879691	1.1493067363545
0.152050960400409	0.028630259939513
1.44922258720914	0.477763268309402
1.95988292961267	0.441702177751728
2.75580772001712	0.763760469153332
0.376934445978766	0.167251767408635
0.346670301107269	0.173459372151604
0.506636186737087	0.178613076266429
-0.632424041671007	0.152580102364835
0.16045117802105	0.0401558290866076
1.45138090115721	0.478568850670936
-0.508749966821899	0.269231485677445
-0.0778510960024956	0.0342391993554589
-1.79840965860499	0.382877827643389
0.943937640725668	0.24736392993685
-1.79840965860499	0.382877827643389
-3.08542618523242	0.949198094742557
0.16045117802105	0.0401558290866076
0.510399267871221	0.17998283956174
-0.628164901903538	0.15157555358925
1.81455903653454	0.702571077650313
1.44450447975593	0.475941549703467
-0.628733247343677	0.151688343674084
0.65757421006213	0.206588655278929
0.132204950627944	0.0564266416745921
0.650348410925067	0.204075615297835
1.31402496246035	0.563681662468941
1.95731570776637	0.441000340195791
0.293575078681155	0.222151605819043
0.589333607395911	0.304587039615023
0.803055311396109	0.330423388744012
0.313084999343598	0.203376681747321
1.95731570776637	0.441000340195791
0.947635845528227	0.248244973505163
2.75641316563256	0.763778311858285
1.25599478121855	0.680370001576288
2.34336570879691	1.1493067363545
1.81886023461405	0.704877804186235
0.658741078701816	0.207014004441108
-0.628733247343677	0.151688343674084
-0.172996196356598	0.0619762892653504
1.02019987734301	0.380189874951528
0.154509067766894	0.0289541162362231
0.658741078701816	0.207014004441108
1.44922258720914	0.477763268309402
0.144054213480702	0.0423469198905259
1.25532341893513	0.679585273431595
1.34891073829487	1.24464008386633
0.53806274627111	0.448051692530352
-0.253214829018341	0.21516570269477
0.335830526582468	0.167321335283321
0.539884708382817	0.450033797196706
0.141195201809473	0.0415167743660916
0.952960668065698	0.249631740841768
0.426403404838852	0.16824819606602
-0.240846100521927	0.0774684702165293
-1.14559783756009	0.346052129596875
0.660932155782147	0.207694635746326
-3.08203048704882	0.947509650360219
0.143730155378939	0.0691141500494547
-0.57969960608853	0.425172891239156
-0.114843768201865	0.045743722193408
0.660932155782147	0.207694635746326
-1.52527766014307	0.541726073904961
-2.57963910438406	0.659061212358043
1.34218083010619	1.42092936442338
0.611569171750737	0.573680407330593
-0.233964530152622	0.0753172914260115
0.660932155782147	0.207694635746326
0.948337549654709	0.248516516252871
0.134446827346684	0.044648821058174
1.44922258720914	0.477763268309402
2.75868832531345	0.765017792149168
0.658794699245427	0.20676579192552
1.44981862951738	0.477799018830262
0.162952579336367	0.0406858836130456
1.31018992558857	0.561832639399483
0.340357333319104	0.169937805641433
0.254573844297888	0.256980560273684
0.948768757521975	0.248549269795159
0.156896734628332	0.0393320207188234
1.45138090115721	0.478568850670936
0.348712592375551	0.174400758790809
1.36154895793718	1.26334279927394
0.131516255673475	0.0495525805236666
-0.163549748543938	0.0585887693480599
0.937662591459185	0.631763564194763
0.50755078071475	0.178917899343599
-0.626730881631617	0.300306818939214
-1.83504104592481	0.742292078332567
-0.117902708700115	0.0469250276685034
0.506850875189508	0.178656463900139
0.510089510074648	0.179877546335957
0.67176133967809	0.308969462067512
0.58582326390311	0.302158236366012
0.540749236140929	0.451270734680587
-0.800116106940635	0.618586035268262
0.430724835997693	0.328329917820245
0.532107729070113	0.306791298422526
-1.05405981233512	0.852035767176369
1.0460083663619	0.496759241092835
0.132513899668301	0.0440249398537092
0.131892526322164	0.0438212297448978
0.513297440290374	0.181056085890725
0.428844518886435	0.169326646561233
-1.29376133697956	0.576703831793288
0.154465593370314	0.0289479903375428
-0.167973568861706	0.0601248969281319
1.04780700199927	0.497914055094941
1.75824597538546	0.96327545614859
-1.93378477510062	1.90663305617138
-0.936925108912905	0.692084844169809
-0.536543629071067	0.201474262127947
-0.738670030097319	0.252119567169358
-0.167857447437524	0.0601420074781568
1.09035895425525	0.824704881201877
-1.65172867575013	1.70900217854004
1.31075302529266	0.562166881695306
0.16045117802105	0.0401558290866076
0.426403404838852	0.16824819606602
0.802489056255948	0.330144551890374
-0.355112179440658	0.101904546481095
1.02271178737872	0.381316878019672
3.63203016857434	1.41874839489518
2.34135533413392	1.14844291387782
0.145424690649823	0.0426210853542694
0.130920287619515	0.0493322328761646
0.801922158295548	0.329828855715043
0.340055410274128	0.169820879424605
1.95786695174359	0.441149378722158
1.81456677210567	0.703082758766755
-0.124169226866603	0.0493819983978037
0.3762877852277	0.167105860902907
-0.0132478055152566	0.0066551615125885
0.375581739818815	0.166553161927003
1.02422162940792	0.382079227006262
-0.254214091375262	0.128485178787095
-1.34733590649515	0.846281637718503
0.127216045626174	0.0423254599417483
1.25462082408392	0.679501062361768
0.341059872769559	0.170221907440528
0.282732127118504	0.212744218366176
-0.0420967737294617	0.0272799216500153
-0.341242924274812	0.244025449721186
0.145278215373936	0.0769176437893582
-0.114263293640458	0.0454834777184629
-0.539884754000364	0.202777184376746
0.373768905624823	0.165889064042439
-0.0370626820627897	0.0177489375041965
0.339108391642414	0.1691026253186
-1.53356229568948	0.545142396907194
0.130061388011485	0.0489935931719159
0.942523501834322	0.636761588933596
-0.273062022253773	0.172102343221935
-0.540544383955406	0.454046939514394
-0.117013070189122	0.046526646461327
-0.417764990192744	0.174212377460942
0.137545017702438	0.0660397906217819
0.127436205712794	0.0424074206930577
-0.9073686372085	0.761147250836649
0.609157952168538	0.663354503800756
-0.669976899360942	0.401539514576527
0.946086241757686	0.640313954024101
-0.739810651859165	0.252595067527066
-1.52955481711501	0.543641482939636
0.160813493636874	0.0402291855562724
0.372268299230705	0.16505989741695
0.800380368072435	0.329168985697583
0.145995384957952	0.042836480378728
1.4480329582247	0.477161868008032
0.813466884829536	1.14665161248578
0.570795200616947	0.45614076695382
1.43349573664255	0.877413685405303
0.375267251572156	0.166613055379071
0.377447101058837	0.167709513467684
0.138856094158543	0.0666925629474831
0.164012848141733	0.0944511285502141
0.787025579137109	0.622933901705315
-0.549433371505376	0.350071562338937
1.0444623770314	0.495719164594595
-1.04278630064219	0.410314973185565
0.374343498860092	0.165966304255998
-2.08911637827436	0.943898849288905
0.127996404975649	0.0482698701963598
-0.193198550438819	0.104439155931188
-0.5431188895219	0.204245277624117
-1.50851907905198	0.758722846640584
-0.108563343662724	0.0643114340919799
-0.624178537751399	0.298708339466037
-0.0400461969479329	0.0191325656959418
-0.96942460344015	0.598971215032776
-0.237437039825944	0.0763599123457812
1.04459638890115	0.495573049358365
-0.470531452588039	0.316086682422518
0.574876502799511	0.45995988099383
-0.50946464493218	0.269396741706226
-2.08495289661111	0.941010945670462
0.580889770883775	0.299280688862088
0.130221292046546	0.0555517354093256
-0.323785681062795	0.149294817267518
0.132164012775708	0.0439252834614193
1.02567343435987	0.382470463826608
1.45138090115721	0.478568850670936
0.155067569950451	0.0290355764553768
2.10021124048698	0.924077935460336
0.189932596355965	0.198681984250316
-0.871187249326996	0.948797761833431
0.179591188787926	0.152436593669561
2.09995861282333	0.923872580873855
1.06590369755081	0.645612177938638
0.932926387215661	0.627973391994185
1.44344291451569	0.88605468597946
-0.172886148273605	0.0618700874958794
-0.167754072609883	0.0600616127897958
0.805467397708516	0.331643487494376
0.72254216057656	0.600625148037458
0.29885090643506	0.216376722610301
-2.93170530637938	2.1637552379972
0.507414817168509	0.178846704726786
-0.23808408660897	0.0766242401144763
-0.999437341583464	0.493311859213278
1.60009925079394	1.10431510416268
1.0472501359547	0.497556503187299
-0.0354331442143756	0.0169902597992451
0.570420340870525	0.455750105857566
-0.196859951345398	0.106572281843995
-0.0413527318306156	0.0197407014183962
0.15820382838182	0.0396092897578142
0.943817315722542	0.638209290930226
0.133134712517645	0.0568317747059139
0.379398224596932	0.168491339836282
-0.0845533287914063	0.0518742329965826
1.81264504950119	0.702404900566408
0.14371839260098	0.0422424410228484
-0.121083321791546	0.0481564628616814
1.43944836001319	0.882592924139301
0.135364021327178	0.0449437078279942
0.134160819844205	0.050522457164755
1.22181808974797	0.836484875838325
1.25973527090773	0.683240231968848
1.44509906384746	0.476148552116978
3.64405380782626	1.42257876079152
0.0239360701408957	0.0173188598906359
-0.237364144807215	0.319010679264695
0.0303663282413088	0.0300342639934559
-0.385919216397243	0.579364401391915
0.015042692343535	0.0142680623441897
0.148186394591661	0.0434281534721658
-0.785720368096092	0.340476144248071
1.95988292961267	0.441702177751728
1.44509906384746	0.476148552116978
0.15963091503218	0.0399802605532864
0.948337549654709	0.248516516252871
0.604123582719948	0.457378871485855
-0.0373802192174147	0.0286137033110949
0.494048808676047	0.615406774754998
3.92936359942063	1.70302424744953
0.16045117802105	0.0401558290866076
1.95731570776637	0.441000340195791
0.50720087150347	0.178829201945322
0.797760401782817	0.327916718359797
0.144389940892798	0.0424393237157952
-0.541754181674131	0.203625190629539
-1.52468217246603	0.541450953371581
0.784186673364975	0.846659658310773
-0.936939173574833	1.07480987957521
0.658157600688591	0.206837664845118
1.55174017229736	0.752717131207676
0.658157600688591	0.206837664845118
1.80952767495421	0.700621417412104
0.950998501270056	0.249196467275389
-0.628733247343677	0.151688343674084
0.144640697621443	0.0425017414545061
-2.57963910438406	0.659061212358043
1.95731570776637	0.441000340195791
2.55106914829351	1.38283198971158
1.95786695174359	0.441149378722158
1.95731570776637	0.441000340195791
0.947635845528227	0.248244973505163
0.260035713784681	0.251250997342147
-0.000611343866630257	0.000551030726224438
-0.315119143712274	0.371069059992892
0.321632567283026	0.424727918763375
0.0697674131671253	0.0706022556988154
-0.034606137461108	0.0269275364064039
0.376610644407851	0.167113227197513
0.160583229502904	0.0401661733691417
-0.257473762635704	0.130247423855213
2.75580772001712	0.763760469153332
3.63694507499105	1.42148992135626
-1.18304488365072	0.659381044955694
1.44899109330448	0.477667123734845
0.167514935877744	0.114333960636014
0.421267844349438	0.166176127317871
-0.737489374761453	0.251678150254292
1.02190239796348	0.380920127363489
1.02651128578825	0.383050193875148
0.425065527869463	0.167656114427908
0.661225548064972	0.20772290984652
0.8804110252599	0.466091387895369
0.312681141744236	0.203075007797144
-0.354525819937872	0.101778275735803
0.506070916679663	0.17835265439855
0.166584103832826	0.108389016548938
0.543868948802466	0.558117705298816
1.25332170849571	0.678676769954947
0.657477424666525	0.20641752360443
0.143467885183021	0.0421790290070851
-0.628599509856641	0.151612619227975
0.15963091503218	0.0399802605532864
2.10345763612533	0.92603048253316
-1.52527766014307	0.541726073904961
1.55450950666522	0.755013474046303
2.10055021952577	0.924312412659368
1.95988292961267	0.441702177751728
-1.79840965860499	0.382877827643389
0.660932155782147	0.207694635746326
2.33356949482934	1.142348547644
-0.143163611767279	0.127917615784596
0.471476262149838	0.746931447033837
0.175498196672836	0.232037396641626
-0.150047774858184	0.170267790641938
-0.21272942923455	0.247454961031088
0.431282460267094	0.170334509811247
0.156304884454214	0.0392194704826931
-0.234312185154952	0.0754304879292539
-0.170511025587425	0.0610469624466437
1.25599478121855	0.680370001576288
0.967302664343443	1.48184207886329
0.840063495277866	0.763400142123015
0.135400381642412	0.0399126036308379
-0.54473807191762	0.204766493249962
-0.354525819937872	0.101778275735803
0.771097156257291	0.457714120868649
-0.625348087766311	0.299869533568839
0.374402254410437	0.165957266705863
0.94820175004088	0.248479682375772
1.81264504950119	0.702404900566408
0.788127490331596	0.74660138163789
-0.0624823155928152	0.0463099378113561
0.320644438646975	0.194700920331843
2.75807933893485	0.764710363024488
1.44981862951738	0.477799018830262
0.256726142411069	0.24743517486351
0.116925865315273	0.100378067847218
0.670906859207156	0.308500067147838
1.44450447975593	0.475941549703467
1.45138090115721	0.478568850670936
0.160221796316651	0.0401166927693931
0.15963091503218	0.0399802605532864
0.507965781647948	0.178895739503737
1.44509906384746	0.476148552116978
-0.238867027256143	0.076861982184789
0.146584487246171	0.0430023159110844
1.45078261646269	0.478218161496633
0.423708721184005	0.16718499503533
1.44780311038183	0.477066495630919
2.75580772001712	0.763760469153332
0.162357836679133	0.0405597098553547
1.95731570776637	0.441000340195791
0.147259813410519	0.0432007445014279
0.878741902779648	0.465321718398858
0.899890070822585	1.12740878671791
0.345117767679071	0.172383594582925
1.51463603384872	1.29126242000371
-0.00892638474424904	0.00455954813773974
0.942308735126638	0.637351813125302
-0.079443953533135	0.0349594720381106
-0.07500874924485	0.0330421732017199
-0.326850635290987	0.150922823207438
0.659032459281836	0.207041754611057
-0.252476543309965	0.127445589033375
0.124751416858666	0.0470574836800859
-0.933950191695325	0.688852597542295
-0.116420756707114	0.046298768256123
-1.4886198203362	1.04078344693213
0.314873834230018	0.190663584349118
-0.1137198599998	0.0674344189336958
-0.0734384542323317	0.0323643349727654
0.374343498860092	0.165966304255998
-1.3541289857767	1.57174353928603
0.0326815205987698	0.019069385956198
1.52062254814324	1.2999697381341
0.805116244112889	0.331471066458395
-0.415054581623384	0.237388637865454
0.880412908398583	0.466769991773935
2.10114269367742	0.924635433318668
0.140131568938287	0.0672610114285674
-1.18309149572464	0.65955331260621
-0.789306862497791	0.342262742988917
-0.325918106206965	0.150477940797154
0.535926297945902	0.309460744365566
0.144997395387248	0.0767692510073244
0.154645886548261	0.0820816068826162
0.130961703740119	0.0558612733995633
0.6628368429258	0.20810242430301
0.13492932969269	0.0447816956397829
0.349310761352554	0.174928402143762
1.95786695174359	0.441149378722158
1.02914563133488	0.3838807966434
0.773533317815072	0.459189589105413
0.310544157895074	0.201504443495148
0.648044963380372	0.462109796475899
0.941244473157646	0.635700371772169
0.488118892339632	0.307885792369992
-0.133554541104186	0.0941802299302435
-0.257266573078543	0.129961049550116
-0.193858599918509	0.104766406994828
0.440989229650767	0.318279811835255
-0.415450817577452	0.173071801779126
1.31218528243788	0.56311122145944
-0.470405458332398	0.315835702691838
0.586267289145259	0.302958783193424
-0.666364338492648	0.398115120319756
-0.197467628893276	0.106825926434248
0.127740324846529	0.0481396538224244
0.477536910384801	0.443189313047746
1.02458151872945	0.970317862390271
-0.281556905168812	0.178048645013049
0.152387050053778	0.0874687597141559
0.347359056531357	0.173621731831502
-0.0383537102903093	0.0183371120320885
-0.329146058047281	0.151991518723621
0.727138617822343	0.606136904366254
1.04267536642294	0.494927913760596
-0.415517834935378	0.173096521773236
-0.817769471145776	0.448551375147306
-4.98256284248441	3.48525693362523
0.772089846493946	0.45862860886728
-1.83238513754881	0.740761304659517
0.0181207587518047	0.00983128531486531
-0.11706780556092	0.0465584081549706
0.309886466996542	0.200851678767258
0.847941779794183	0.624450130161659
0.510619816865865	0.180113549991954
0.374343498860092	0.165966304255998
1.95731570776637	0.441000340195791
-0.168318442800183	0.0602514969158982
0.17293231380368	0.112811170749134
0.318111398826101	0.192854574180174
-1.11287389358514	0.768068024913819
0.468803456280994	0.319236913832162
0.136915337470795	0.0656945366113041
1.4417013668838	0.884103352983462
1.34104762943996	1.41923805517939
1.23129207308445	1.0373368290968
0.847902556629824	0.774293002188299
-0.504449606324496	0.382350075789712
0.0383734571914838	0.022349516940391
1.03685559926881	0.98634036230328
0.580256997255081	0.465482022477444
0.326242540390257	0.18053034964451
-0.328333524168311	0.151722211641642
1.23340345542789	0.848720928648531
1.06436231489504	0.644280530255301
-0.972055356140787	0.601260765886067
0.591303356385791	0.305825227482059
-0.252400281816986	0.127488230928934
0.646936275771512	0.460518644697044
0.135132169275265	0.0649114341959872
1.33702899265744	1.41329028464261
0.393010874296912	0.324351330136412
0.131208122514947	0.0629432727063497
0.447861422565734	0.324299379604131
0.132822310594404	0.0637434570685865
-0.0401891082586215	0.0191789837278135
1.31275235192293	0.563405500186811
-1.46346492610265	1.32355559692219
0.144976980831471	0.0425943260188831
-0.684343786985103	0.484548604305801
-0.172107354750232	0.0616237994837963
3.26345542626113	1.10199860979414
-1.18710482416143	0.663070166632177
-1.00131228001792	0.494228244955787
-0.624450754998572	0.298763655781335
0.64856955297791	0.461986517733148
0.646044477698215	0.586567024590982
0.13125430574639	0.0494561793802337
-0.235007751863996	0.0756217011010752
0.537884697937044	0.448259960966919
0.649004151158332	0.462971649514021
0.330657025746351	0.183529344710477
-0.0374018567174993	0.0178964103424709
-0.325029690873914	0.14984055001641
0.154961053635046	0.088975489372764
-0.251455965271526	0.187904135037827
0.157788847739386	0.0907077368158619
0.0197196050495699	0.0107119364941698
-0.296181034349627	0.21717619809371
-0.342730615035905	0.208173817849504
-0.0539218540666902	0.0340271353685208
-0.113075269836414	0.0670794433039561
0.340459313898295	0.169582037840712
0.578663493434708	0.298343645329868
0.586439005232639	0.30256234304971
-0.680538942845212	0.481290106220185
0.127169054921201	0.0542683653996943
0.785310172380011	0.620376144168517
0.127740324846529	0.0481396538224244
0.792222476100237	0.751816995482311
-0.200632441754182	0.135518733778801
-0.413644994060678	0.236333391192924
-1.18299816527959	0.658616784841546
0.314685710849807	0.190443822289073
0.665454246817115	0.305550962051581
-0.508560023558035	0.26878586541321
0.537614602046887	0.310658491953895
-0.536322009305803	0.201466150653051
0.879827542304998	0.466312125509254
-0.0412478285775713	0.0196937600564339
0.135964600222392	0.0652431537827452
-0.415116620386652	0.172916119993669
0.126537481835482	0.0540219075248714
0.0261775422448819	0.0141746733280178
0.131182346173996	0.0494239428300676
0.130564777193798	0.0492136699998879
0.546130298847535	0.45686832186228
0.510839396613925	0.180141996770445
0.331563273426412	0.184287139249709
-1.11046677263525	0.765913283178152
-0.235746960963318	0.154576427880853
0.325136101962082	0.18019938130608
0.162474178357646	0.093523361270696
-0.198955991111552	0.10766508489896
-0.25594460406778	0.129401564925789
0.518209327557186	0.449865837631693
-0.257525894621088	0.130180806839079
0.149092010866615	0.0789825000742202
0.294565891351866	0.212889220624988
-0.687235783735345	0.487079349917268
0.134070146558171	0.06432729787757
0.124434494856344	0.053153813010875
-0.0396046122916574	0.0189259466401999
-0.801810896745072	0.620781126566626
0.381558899774878	0.169572324086811
-0.468256807639978	0.314051364970671
-0.0438510272292785	0.0209070802229925
0.855927091059262	0.632913334260617
1.31054152970832	0.562024590641149
0.670221504441968	0.308342042732951
0.405451117062942	0.321464229284417
0.3260517192548	0.180529005105452
2.12913467163036	2.18696891888387
-0.16719037374262	0.0598638290738506
0.670235846552931	0.308134565191259
-0.323478262143869	0.149164513688911
-0.416180819022606	0.173548740911163
-1.29503373562381	0.577267948395295
0.343211488292579	0.171244587332318
0.803527278534153	0.330529602066706
0.122255883419505	0.0521923693827333
0.12945735569768	0.0552860207636022
-1.18331838197568	0.660588319715065
0.379965287895546	0.168899711254635
0.158395036317272	0.0911227695932468
0.777123188708003	0.462143896688881
-0.197132546888198	0.106742948057111
0.161775522692268	0.0931985275997378
0.465719083335766	0.316737365744329
0.0771315148418629	0.0523790817793366
0.584624435494398	0.566156532431838
0.370384780177247	0.164109337229307
-0.043172968309498	0.0205891718215923
0.426144070236881	0.168147964565024
-0.418699120063541	0.174624493913997
0.581989917416078	0.300388439927268
-0.0775407294713637	0.0341157452619414
-0.506269207642477	0.267208166381903
-0.969688836542503	0.598605784844084
1.36181348622646	1.26299295027933
-0.00238144304003963	0.00128873096225105
-0.153158570166444	0.0873357261244317
-0.661568956025577	0.394852461302515
-0.138527887228068	0.097924293751409
-0.68722487822192	0.547893934962232
-0.194189807559458	0.105063325181775
-0.420022833912218	0.175255777497829
-0.121029381502298	0.0481224499070062
-0.737411368529038	0.251647475713659
-1.04255649350425	0.410401789740815
0.698825204524328	0.457684372952831
0.128095938069514	0.054688430908986
0.516414683304658	0.182180363838712
0.766422805972739	0.454129068214838
1.6011456082473	1.10567473295357
0.670906859207156	0.308500067147838
1.81456677210567	0.703082758766755
1.07525162931064	0.653599842260172
0.307579673067999	0.199278355887504
0.536575428586021	0.309945335824637
-0.165995298204196	0.0594566920073821
-1.62245033427309	1.25889191334333
-0.112325206261752	0.0447272182406447
-1.29515319796898	0.577477426894068
0.15963091503218	0.0399802605532864
0.94820175004088	0.248479682375772
-0.171762117804328	0.0615057733921786
0.143491185784732	0.0759728626374119
-0.66823649884077	0.399887699161994
0.942540749928446	0.636885009636398
1.76522855577457	1.81095803745929
0.376873816800882	0.167414245094654
0.132382889280095	0.0439989008298304
-0.412010234321335	0.171678428312688
-1.04278630064219	0.410314973185565
-0.121083321791546	0.0481564628616814
-0.010838346855961	0.00550213612075853
-1.2577744573245	1.18300519561641
-0.508809985706161	0.268982412843499
-0.00141580248011066	0.00102631891394825
0.838137904018348	0.88471993903723
-0.503461748970398	0.381418376935717
-0.638520345253784	0.621906916296383
-1.23832253955353	0.943385489092397
-0.346460140158321	0.280125210825377
-0.664465802510175	0.396805630761883
-0.10606852665684	0.0422759937383796
-0.41842671117934	0.174556986353718
-0.0389350327646222	0.0185942542813716
-0.415514705996988	0.173267191179231
-1.19078292252043	0.665697693400276
-1.0113481337902	0.500886733176182
0.804902320215242	0.331341314716319
0.393937873740232	0.32514542462038
0.985062147377564	0.806186106668905
0.374077768613044	0.165818583952208
0.15344534134015	0.0881192559706783
0.431282460267094	0.170334509811247
1.75892184559066	0.963246001757108
1.02533495299364	0.382457756692076
0.124224947793226	0.0468546188464198
0.376875238635301	0.16727169805512
0.160221796316651	0.0401166927693931
0.126733263288597	0.0477974947336053
-0.627824509427269	0.301104574900286
0.995293011270223	0.818939600679822
-0.972208574016307	0.962506411800011
-0.0604651426452432	0.0381840204139306
1.44077888846924	1.63728440773146
0.408188140931754	0.324209118385024
0.131463990676715	0.0437015090033304
0.660932155782147	0.207694635746326
0.673631406692519	0.310287728541001
-1.52439405688463	0.541142934209623
0.427866960602108	0.168900326559344
-0.551677693712577	0.352282180387673
-0.680899826035412	0.481460074621647
0.262203878499212	0.24058788140162
0.0768057606833466	0.0521547607631957
0.0648197325348427	0.0571839191706646
0.665464588780564	1.02998936643357
-0.275886751000294	0.174114669268579
-0.440689038193446	0.479928142728521
0.125481327678951	0.0536012042227833
2.75580772001712	0.763760469153332
0.135497064378108	0.0449728061554857
-0.0788349332336114	0.0347022721796597
0.948768757521975	0.248549269795159
1.02338601426445	0.38161996773056
0.428631067442515	0.169230176789531
0.535003022013575	0.308809068999682
0.559625750864406	0.63367087481172
1.5520641952989	0.753496144694601
0.654703443030561	0.205608890273211
0.140948251392809	0.041458274749763
-1.04290235412753	0.410559570501728
-3.08203048704882	0.947509650360219
0.157370411029726	0.0293708256249034
0.511315925469962	0.180318053690652
0.16045117802105	0.0401558290866076
-0.164961528199622	0.0590946327024874
-0.418699120063541	0.174624493913997
0.00116478438428901	0.000797149080421952
0.467711539216047	0.318491763058959
0.805680641996882	0.331728723334835
1.59948861363764	1.10348849228462
1.45114635521655	0.478471348903038
0.130221292046546	0.0555517354093256
2.10316240233048	1.43757175326208
0.428071608230174	0.168976723678548
0.869593720596397	1.00421388368325
-0.800021334397558	0.760797100397936
-0.310515912637725	0.25565635565401
1.0023440389365	1.20212469628907
-0.10710229903929	0.104997160035827
0.129602692162006	0.0552849677106642
-0.844296644676304	1.09171825278733
-0.932713992642356	0.687940573888252
0.670906859207156	0.308500067147838
-1.83132702405761	0.74028277145384
0.420710921124661	0.165871172191323
-0.678881817113464	0.479761938230659
0.658157600688591	0.206837664845118
1.31416993955936	0.56393406368061
-0.35262379016767	0.101278913820777
0.420384712341903	0.165756236600087
0.650052449597416	0.591376645602544
0.55994509058986	0.722563853170264
0.882026488770121	0.467302986145836
1.3136730524939	0.563489368755823
1.43793590610944	0.881892247511652
0.510747125906926	0.180055308660596
0.668700629956387	0.307443025512028
1.31240282325545	0.562988742832529
-0.165979088132795	0.0594930049113456
-0.173341415808603	0.0620980411857629
0.424611273738373	0.167583555175302
0.802138012530807	0.329972517070534
0.950426851449918	0.249037516760643
1.04390304170334	0.495341115745227
0.51245179464898	0.180728048354012
0.159402290839324	0.0399177124259514
0.659032459281836	0.207041754611057
-0.167409271163493	0.059935085601386
-0.688340647364983	0.4877942045869
-0.0279170900138616	0.021681532711047
0.73016581790869	0.609110650542798
1.15398049421468	1.65993755477548
-0.293475770628847	0.215006225560906
0.308917640369346	0.200282475087505
-0.0415341788928077	0.0198257286559348
0.405963257761944	0.322026267780277
0.0602620819027081	0.0390470332555041
0.174693606010399	0.124923400420851
-0.611846842077433	0.503594805818665
0.296659517951017	0.214622845972524
0.747606427610518	0.734315778767226
-0.539253568259038	0.452482174051025
-0.628516191143665	0.301330111365903
0.173213309971452	0.118602783973442
-1.19080654783679	1.23173677470413
-0.809790685121301	0.443227585332495
1.23008308861622	0.844630953224939
1.88571826785218	1.62021600647707
-0.584539320468122	0.429189465568846
1.51767117126342	1.29516979951595
-0.979873776608845	0.973037606144337
0.0144588968964509	0.00789243894270882
1.5192023959653	1.29769380591368
0.590690182885767	0.305386590557676
0.331230181195349	0.183899859713982
-0.555332609348887	0.354929561531433
0.128338588542606	0.0483629401375905
-0.119898277285489	0.0476942988243081
0.135876128744796	0.0651042933697147
1.06587393544721	0.646951217340291
0.598605585530965	0.451900604294961
0.169021316229738	0.104154633142746
0.0543024680405806	0.0334972223808065
0.543067438432631	0.557281771844588
0.410760520168372	0.326640550992038
0.176248991701763	0.126192928291162
0.646259342010445	0.586485688647299
-0.0804316460134185	0.0493100239594105
-0.0100108693496532	0.00509601452138369
-0.19784536129075	0.153939679885118
-1.17554957154339	1.47940915401083
0.136663227954214	0.0656173011284088
-0.0362338197881245	0.0234795578876265
-0.197971083760316	0.107211011378447
0.46151256099692	0.313459875755693
1.22743799278684	0.84137779783775
-1.25463628251098	1.17837903991395
-0.250832817378366	0.126558034419456
0.150887989436026	0.0800819260624575
-1.25358093298338	1.17680671773407
-0.801541492018116	0.620451332829686
-0.221859822654132	0.169185399992964
0.448778354723433	0.324883473698207
0.0186555860824019	0.0101141697222617
0.581517748674305	0.299663487888075
-0.0691361379634338	0.0304949622367353
0.124224947793226	0.0468546188464198
-2.30418064567315	1.15110792862376
-0.906407671921017	0.759546721721729
0.296245737028938	0.214182875111879
0.079948808871255	0.0543566850335844
0.0780488275238097	0.0530357139875085
0.175941592828294	0.135736307448094
-0.126519382646078	0.102439964495765
0.18123019986056	0.135216045296423
-0.482033868449797	0.412740649973877
0.267072202757057	0.223915721880992
-0.544872520033167	0.458927628740346
-0.165789677245876	0.114646982688138
-0.252985105474192	0.127810468602201
-0.0653120349517691	0.0495658921875097
0.161880476831219	0.0994362488792233
-0.0740874081867181	0.0326465317956135
-0.703438750705093	0.622468380451498
0.314409809869529	0.190240540953762
0.0910084623280681	0.0668973180999643
0.321375563244745	0.194883461534965
0.490955874526141	0.439994738682197
-0.0203388218196076	0.01348653613384
0.0825088504360356	0.0583491791304639
-0.161284501501642	0.111247454049992
0.185727186235747	0.162679700707014
-0.192717755590124	0.129757708710237
-0.076126295516662	0.03353476597524
0.170234968282238	0.10493841427164
0.393411363175274	0.324658026877272
1.31791725978694	1.69917882553717
-0.107858637608933	0.0638840559371109
0.0536062457017313	0.0330471313459697
0.157431543770944	0.0905609147608284
0.283898603813905	0.213797835404336
0.0594681182386066	0.036699976617503
0.287632902157407	0.235421179887748
0.911389592350574	0.791450850772835
-0.609947571727671	0.501444822759267
0.286364855123131	0.215915110846498
0.68797894729265	0.799700247467911
0.39523839467916	0.326573639170519
1.48812220860218	1.96624176208779
-0.0309219750212983	0.0200577348661489
0.607906006788359	0.460848984918225
-0.413986152692966	0.172540891487319
0.183262730163207	0.131669685730446
-0.735458723618684	0.250947808327744
-0.126143894769575	0.0886270651483289
0.785341667380324	0.742809669912656
-0.192060078575806	0.129192733199239
0.11124413726964	0.08797020449954
0.490323321727188	0.439414797879953
0.965146722534222	1.27472544627312
0.43695853951417	0.426367165234245
-0.150771118049795	0.0859388041770152
0.601739116734851	0.454516780587615
-0.612682090721387	0.504639899099174
0.0225429670848184	0.0122225751225538
0.700358992567332	0.458972737207109
0.494265171845656	0.312205744441025
0.378110277761202	0.167865388599197
0.126850400325993	0.0541601948700295
0.277889064088004	0.226241301496679
0.183318926230422	0.164478535691291
0.038856176970815	0.0300880494480478
0.284830413474791	0.223961192548095
0.745330199846708	0.731552545262874
0.784634596624972	0.62028644904549
0.650624856115643	0.463909824080614
0.292509797045573	0.211200954586155
1.5832667480132	1.71878907870487
0.881061209097818	0.46630997336116
0.845712569221606	0.622144703572954
0.0673553419770525	0.0437086651992468
0.953581746456941	0.942611330422601
2.34013871385356	1.14719384740346
0.568048123821615	0.453285220491094
1.23240337815661	1.03806245740584
0.75222114347798	0.836653461873197
1.23145668696473	1.20498199211971
1.44606676778942	1.64719846801137
0.927025125972434	1.0476588077226
