x	y
1.81174408502965	0.701697875545868
2.10055021952577	0.924312412659368
4.16980166935744	1.96660776661609
2.75580772001712	0.763760469153332
0.94820175004088	0.248479682375772
2.75580772001712	0.763760469153332
2.75641316563256	0.763778311858285
-0.354525819937872	0.101778275735803
-0.354229439997714	0.101697261087168
-0.632424041671007	0.152580102364835
2.75580772001712	0.763760469153332
0.155111385030128	0.0290417527313876
1.44862736407577	0.477555630338169
0.660638687988492	0.207526442563452
0.16045117802105	0.0401558290866076
-3.46299441124492	1.22953362528533
2.75868832531345	0.765017792149168
1.5520922495992	0.753268069075162
1.31183590793173	0.562694726030807
0.947635845528227	0.248244973505163
1.44899109330448	0.477667123734845
1.95731570776637	0.441000340195791
1.95786695174359	0.441149378722158
0.155067569950451	0.0290355764553768
-0.352915395102444	0.101358152963712
-0.628299579656606	0.151558046801791
3.26569824690609	1.10327543173781
1.4480329582247	0.477161868008032
0.657179529610805	0.206320016652676
0.160221796316651	0.0401166927693931
0.944504519928106	0.247598335656165
0.948768757521975	0.248549269795159
0.802489056255948	0.330144551890374
0.948905461162112	0.248586345985544
0.154465593370314	0.0289479903375428
3.6326714041979	1.41965046916025
0.157325350109871	0.02936446462458
-0.355401168227563	0.102014834884787
0.658448437247608	0.206865271021461
-0.628733247343677	0.151688343674084
1.81604086904786	0.704001590638153
0.159992352718576	0.0400538861334557
0.658157600688591	0.206837664845118
1.44450447975593	0.475941549703467
3.26631056571709	1.10328266544307
0.154509067766894	0.0289541162362231
1.95988292961267	0.441702177751728
1.31388474659322	0.563741493426488
0.15963091503218	0.0399802605532864
0.947770742439721	0.248281535275256
0.801922158295548	0.329828855715043
1.02212623462815	0.380948102315312
-0.632424041671007	0.152580102364835
-3.08556356757563	0.949512459473102
-3.08203048704882	0.947509650360219
1.02246283803588	0.381238371277329
-0.237734534646551	0.0765149348263535
-0.164961528199622	0.0590946327024874
0.162357836679133	0.0405597098553547
1.95786695174359	0.441149378722158
0.160221796316651	0.0401166927693931
-3.08556356757563	0.949512459473102
-1.79839614394125	0.382877807711208
-2.57669595250488	0.657559862268914
1.30785910565979	0.560597035734697
1.44839669376933	0.477459847846965
0.947635845528227	0.248244973505163
2.75580772001712	0.763760469153332
2.75868832531345	0.765017792149168
0.947770742439721	0.248281535275256
0.509175451887884	0.179500092399481
0.154509067766894	0.0289541162362231
1.95731570776637	0.441000340195791
1.95988292961267	0.441702177751728
0.943937640725668	0.24736392993685
-0.738670030097319	0.252119567169358
0.950287720870208	0.248999740475732
-2.5766529574574	0.657773148602288
-1.14088544605048	0.344426431780091
1.31253456967921	0.563091330038175
0.159859477622278	0.0400192334307773
0.659032459281836	0.207041754611057
3.63629792702422	1.42164529184574
1.95988292961267	0.441702177751728
2.75580772001712	0.763760469153332
0.155111385030128	0.0290417527313876
2.75520320904554	0.763197913000704
3.26508709738097	1.10261522135605
-0.543818752032067	0.204528065886448
1.44839669376933	0.477459847846965
1.45114635521655	0.478471348903038
3.26284822825054	1.10169382604423
2.75580772001712	0.763760469153332
2.75868832531345	0.765017792149168
0.155111385030128	0.0290417527313876
-0.236642536873473	0.0761450888689269
-0.628164901903538	0.15157555358925
3.6326714041979	1.41965046916025
1.31166744621023	0.562613064395961
0.950998501270056	0.249196467275389
-0.63185471444008	0.152466960619287
2.75520320904554	0.763197913000704
3.26224218729945	1.1009233569627
1.4480329582247	0.477161868008032
0.950287720870208	0.248999740475732
1.95786695174359	0.441149378722158
1.44450447975593	0.475941549703467
3.26345542626113	1.10199860979414
0.948337549654709	0.248516516252871
0.514431860453614	0.181517099423547
1.95731570776637	0.441000340195791
1.31126841403568	0.56233368703482
1.45054889854294	0.478121061898946
-3.08189869996978	0.9470994296719
-3.45945095257726	1.22747869975084
-0.628299579656606	0.151558046801791
0.160813493636874	0.0402291855562724
0.160583229502904	0.0401661733691417
0.154509067766894	0.0289541162362231
0.154509067766894	0.0289541162362231
0.658448437247608	0.206865271021461
2.75520320904554	0.763197913000704
1.80776863099121	0.699584023999556
3.26345542626113	1.10199860979414
-0.359435145573547	0.103170722743079
1.95731570776637	0.441000340195791
-1.79840965860499	0.382877827643389
1.80952767495421	0.700621417412104
1.81545080408239	0.703738180326379
-0.354815349846941	0.101888689175609
3.26406378444313	1.10187162962723
-0.363196548838041	0.104223897327175
1.44862736407577	0.477555630338169
2.75580772001712	0.763760469153332
2.75580772001712	0.763760469153332
-3.08229418357021	0.947231644170671
1.3150863687139	0.564688556451063
1.44899109330448	0.477667123734845
1.95786695174359	0.441149378722158
0.154509067766894	0.0289541162362231
0.658741078701816	0.207014004441108
-1.79839614394125	0.382877807711208
-1.13849635482287	0.34354887893789
-0.631994988626399	0.152498044571477
2.75580772001712	0.763760469153332
1.44862736407577	0.477555630338169
-2.30100347000821	1.14813064628252
1.44922258720914	0.477763268309402
0.157325350109871	0.02936446462458
1.95731570776637	0.441000340195791
-0.628867026021838	0.151670609188118
1.44899109330448	0.477667123734845
1.45054889854294	0.478121061898946
1.95731570776637	0.441000340195791
0.658741078701816	0.207014004441108
0.131113855393916	0.043577918433868
0.160221796316651	0.0401166927693931
1.01961500222098	0.379984696878922
3.63500627246108	1.42050433165602
1.44958631087756	0.477702557005987
-0.240627572806769	0.0774207528438286
-3.46322465260564	1.22963503158779
0.155111385030128	0.0290417527313876
-3.08189869996978	0.9470994296719
0.154509067766894	0.0289541162362231
3.92694117717927	1.70243676685084
-1.03986963329328	0.409012486353307
0.16045117802105	0.0401558290866076
0.950858461556905	0.2491584305819
-2.57669595250488	0.657559862268914
1.95786695174359	0.441149378722158
1.44725524543057	0.476951096350534
0.658157600688591	0.206837664845118
1.44922258720914	0.477763268309402
0.659324643575319	0.207123110468657
0.511884149147493	0.180536056250855
2.09902930301809	0.922968081727696
0.155111385030128	0.0290417527313876
3.26569824690609	1.10327543173781
2.75520320904554	0.763197913000704
-0.628599509856641	0.151612619227975
0.661225548064972	0.20772290984652
-1.79840965860499	0.382877827643389
1.02363521199244	0.381873400117373
0.155111385030128	0.0290417527313876
-0.628030265547787	0.151499678636842
-1.83105982818556	0.740099638711398
1.44922258720914	0.477763268309402
-2.57968420714322	0.659073447553718
1.95731570776637	0.441000340195791
0.134446827346684	0.044648821058174
1.01868988091969	0.379571940690884
1.31110478579583	0.562358978556018
0.943937640725668	0.24736392993685
1.95786695174359	0.441149378722158
1.45355066214954	0.47909620382923
1.80835489274816	0.70010856168417
0.155067569950451	0.0290355764553768
2.75580772001712	0.763760469153332
3.63565166019344	1.42132833477826
-2.57660997484294	0.657538252319339
0.950287720870208	0.248999740475732
1.45054889854294	0.478121061898946
-1.1406575104342	0.344234513147494
-1.14111344283696	0.344497381350969
-3.08542618523242	0.949198094742557
0.948337549654709	0.248516516252871
0.152050960400409	0.028630259939513
-1.79840965860499	0.382877827643389
1.44862736407577	0.477555630338169
4.16544558167092	1.96422252025176
3.63930219020844	1.42227110610744
-3.45967591146264	1.22746502283364
-0.628599509856641	0.151612619227975
1.95786695174359	0.441149378722158
1.95786695174359	0.441149378722158
2.33899743092669	1.14663661123896
-3.08556356757563	0.949512459473102
-1.79839614394125	0.382877807711208
0.948337549654709	0.248516516252871
0.948768757521975	0.248549269795159
0.802918643333599	0.330207493215053
2.75868832531345	0.765017792149168
0.159859477622278	0.0400192334307773
-3.08556356757563	0.949512459473102
1.95731570776637	0.441000340195791
2.10518557386543	0.926356193545713
-0.737745529684395	0.251848226779474
2.75807933893485	0.764710363024488
-0.237734534646551	0.0765149348263535
1.95731570776637	0.441000340195791
2.75868832531345	0.765017792149168
-1.14193838802885	0.344646219015582
1.76080743527667	0.965082451079631
-0.738670030097319	0.252119567169358
0.948337549654709	0.248516516252871
2.75641316563256	0.763778311858285
2.75580772001712	0.763760469153332
-0.354525819937872	0.101778275735803
-0.632424041671007	0.152580102364835
-0.628164901903538	0.15157555358925
1.02363521199244	0.381873400117373
2.75807933893485	0.764710363024488
1.75379999391255	0.959133628967369
1.44862736407577	0.477555630338169
-4.01160255769466	1.72433692110226
2.10345763612533	0.92603048253316
0.162125356869158	0.0404960611383205
0.654703443030561	0.205608890273211
0.156070095129669	0.0391676647119387
-4.01226246083748	1.72475882924761
0.94820175004088	0.248479682375772
2.75580772001712	0.763760469153332
3.92389000551089	1.70054361221532
2.5487895983892	1.38153787763184
0.15963091503218	0.0399802605532864
-0.354229439997714	0.101697261087168
0.94820175004088	0.248479682375772
1.8135291528185	0.702758164322864
0.159402290839324	0.0399177124259514
0.154465593370314	0.0289479903375428
0.660638687988492	0.207526442563452
0.152050960400409	0.028630259939513
1.8138222857108	0.70292085392477
2.75520320904554	0.763197913000704
0.947635845528227	0.248244973505163
1.95786695174359	0.441149378722158
-3.08216231491203	0.947551973079846
3.26345542626113	1.10199860979414
0.661225548064972	0.20772290984652
0.144725574883443	0.0425191258680454
3.63331351050508	1.42008896661082
0.154509067766894	0.0289541162362231
1.44862736407577	0.477555630338169
0.661225548064972	0.20772290984652
0.657866689740957	0.206670742493303
0.943937640725668	0.24736392993685
0.947635845528227	0.248244973505163
0.660932155782147	0.207694635746326
2.75807933893485	0.764710363024488
-1.13895833229548	0.343813220888229
-0.632563406792844	0.152610991116788
1.31253456967921	0.563091330038175
-1.52556530925699	0.541887546993991
0.94820175004088	0.248479682375772
1.82020651788025	0.705090400882851
-3.08203048704882	0.947509650360219
1.02651128578825	0.383050193875148
1.02567343435987	0.382470463826608
1.44839669376933	0.477459847846965
0.511755072041239	0.180523302881905
0.156304884454214	0.0392194704826931
-0.35569023027487	0.10209347470967
1.81323362267005	0.702723165703649
1.8138222857108	0.70292085392477
0.658449623497539	0.206846818911275
1.95786695174359	0.441149378722158
1.02651128578825	0.383050193875148
-0.629763239673253	0.152058330338803
-3.08203048704882	0.947509650360219
-1.5270374870482	0.542502468800959
1.44981862951738	0.477799018830262
0.16045117802105	0.0401558290866076
-1.1412568453231	0.344431220445032
1.02592340208434	0.382810966482796
1.31253456967921	0.563091330038175
0.948337549654709	0.248516516252871
-0.543250105928331	0.204305308908878
1.4480329582247	0.477161868008032
0.154465593370314	0.0289479903375428
0.94820175004088	0.248479682375772
-0.738079783119958	0.251987608125061
0.948337549654709	0.248516516252871
2.10577777041247	0.92695430431462
0.948337549654709	0.248516516252871
0.154465593370314	0.0289479903375428
-0.628599509856641	0.151612619227975
1.95731570776637	0.441000340195791
-1.14111344283696	0.344497381350969
0.155067569950451	0.0290355764553768
0.94820175004088	0.248479682375772
2.09962019368326	0.923638574732708
0.94820175004088	0.248479682375772
-0.628599509856641	0.151612619227975
0.50776496866365	0.179019570667438
0.157370411029726	0.0293708256249034
0.154509067766894	0.0289541162362231
-1.79839614394125	0.382877807711208
0.950858461556905	0.2491584305819
1.95731570776637	0.441000340195791
0.660054375205789	0.207294450910716
0.160221796316651	0.0401166927693931
-0.359141638818634	0.103112871302961
-2.5766529574574	0.657773148602288
-0.628164901903538	0.15157555358925
0.656596864428374	0.206190386440451
0.160221796316651	0.0401166927693931
-1.79839614394125	0.382877807711208
-1.79839614394125	0.382877807711208
-0.628733247343677	0.151688343674084
0.948337549654709	0.248516516252871
-1.1414839653338	0.344622990730584
0.947163829875457	0.248276694926132
3.6326714041979	1.41965046916025
-0.354815349846941	0.101888689175609
0.94820175004088	0.248479682375772
0.506636186737087	0.178613076266429
0.162357836679133	0.0405597098553547
-3.08556356757563	0.949512459473102
0.950426851449918	0.249037516760643
-0.626075023442282	0.151167646950723
-0.355104953248248	0.101967480674674
0.658449623497539	0.206846818911275
-0.354525819937872	0.101778275735803
-0.354815349846941	0.101888689175609
1.44862736407577	0.477555630338169
1.81797148254981	0.704596952092508
-0.738748567012076	0.252134640052989
-1.04313192494267	0.410517747694466
1.81441103810189	0.702928228145098
0.160583229502904	0.0401661733691417
0.154465593370314	0.0289479903375428
0.950426851449918	0.249037516760643
1.44922258720914	0.477763268309402
1.44922258720914	0.477763268309402
2.75520320904554	0.763197913000704
0.798324210831681	0.328230166540438
3.63629792702422	1.42164529184574
1.95786695174359	0.441149378722158
0.157325350109871	0.02936446462458
-1.1414839653338	0.344622990730584
-0.242866400309397	0.0781150080691211
0.159992352718576	0.0400538861334557
3.63395648950567	1.42026036401428
-1.83504104592481	0.742292078332567
-1.79839614394125	0.382877807711208
-0.355394630173918	0.102015543768339
-0.628867026021838	0.151670609188118
0.161043695584893	0.0402684742968713
-3.0857009920368	0.949295045119167
1.45198001091205	0.478658944297305
2.75868832531345	0.765017792149168
0.950426851449918	0.249037516760643
-0.354815349846941	0.101888689175609
1.02675953274209	0.382890377120406
0.947770742439721	0.248281535275256
1.3150863687139	0.564688556451063
1.44899109330448	0.477667123734845
1.81545080408239	0.703738180326379
-1.1406575104342	0.344234513147494
0.947635845528227	0.248244973505163
0.163185820804974	0.0407257646525502
0.160221796316651	0.0401166927693931
-2.57669595250488	0.657559862268914
3.26284822825054	1.10169382604423
0.132164012775708	0.0439252834614193
0.159859477622278	0.0400192334307773
-0.35569023027487	0.10209347470967
-0.352328640216398	0.101201570764145
0.154465593370314	0.0289479903375428
0.155111385030128	0.0290417527313876
-1.1414839653338	0.344622990730584
2.75520320904554	0.763197913000704
1.95731570776637	0.441000340195791
0.154465593370314	0.0289479903375428
-0.237212899766669	0.0763212805777045
-1.14171114622793	0.344693702322242
0.950426851449918	0.249037516760643
1.01523948723683	0.377893831261949
0.94820175004088	0.248479682375772
1.45355066214954	0.47909620382923
0.950858461556905	0.2491584305819
-0.352328640216398	0.101201570764145
0.94820175004088	0.248479682375772
0.154509067766894	0.0289541162362231
-1.1413415008172	0.344450233445194
1.45198001091205	0.478658944297305
-0.628867026021838	0.151670609188118
0.128002629615466	0.0425983067073654
1.44839669376933	0.477459847846965
1.44899109330448	0.477667123734845
0.154465593370314	0.0289479903375428
-0.628867026021838	0.151670609188118
0.657283842665822	0.20642210460759
-1.2961765010462	0.578355472409881
0.94820175004088	0.248479682375772
0.810884422728548	0.334033388444438
-1.79839614394125	0.382877807711208
0.510967914253512	0.180245566763838
0.948905461162112	0.248586345985544
3.63331351050508	1.42008896661082
0.510271633266051	0.179924314863983
1.44450447975593	0.475941549703467
1.44922258720914	0.477763268309402
-0.628164901903538	0.15157555358925
-1.1406575104342	0.344234513147494
-0.628030265547787	0.151499678636842
-0.417498560054849	0.174105987349017
-0.625937070321993	0.151091209012893
-1.04756717059493	0.412661948904752
1.56028411647763	0.757949262675408
1.25462082408392	0.679501062361768
-2.08460819785075	0.94084287548003
-0.357247952587094	0.102560703144377
-3.08216231491203	0.947551973079846
0.154509067766894	0.0289541162362231
3.26345542626113	1.10199860979414
-3.08912772662777	0.951015235110598
3.92452877652187	1.70087632208659
0.14556417703739	0.0427370982099398
0.947770742439721	0.248281535275256
1.45391440811699	0.479230213237448
0.654121684946124	0.205433467520013
1.02567343435987	0.382470463826608
0.159992352718576	0.0400538861334557
-0.628164901903538	0.15157555358925
-1.14193838802885	0.344646219015582
0.950858461556905	0.2491584305819
0.660054375205789	0.207294450910716
-2.08529767867884	0.94108469631813
1.95731570776637	0.441000340195791
0.950998501270056	0.249196467275389
2.75580772001712	0.763760469153332
0.155713854733082	0.0390835596706886
-3.08203048704882	0.947509650360219
-3.08203048704882	0.947509650360219
1.95786695174359	0.441149378722158
0.159859477622278	0.0400192334307773
3.26284822825054	1.10169382604423
0.162590253502546	0.0405994312489443
0.146584487246171	0.0430023159110844
3.93000570763666	1.70337610095798
0.950287720870208	0.248999740475732
1.07002630965891	0.64918651079742
-0.628733247343677	0.151688343674084
0.155067569950451	0.0290355764553768
0.155067569950451	0.0290355764553768
0.657864503304789	0.206616146564203
1.4480329582247	0.477161868008032
-3.45967591146264	1.22746502283364
0.676641427898326	0.311737908940663
1.81545080408239	0.703738180326379
4.16544558167092	1.96422252025176
1.80894124091292	0.700425017401662
0.154509067766894	0.0289541162362231
-0.16650099284086	0.0596001915892432
1.45114635521655	0.478471348903038
-2.57963910438406	0.659061212358043
-1.14111344283696	0.344497381350969
0.943937640725668	0.24736392993685
-3.08216231491203	0.947551973079846
0.154465593370314	0.0289479903375428
0.802489056255948	0.330144551890374
2.75807933893485	0.764710363024488
0.94820175004088	0.248479682375772
1.44922258720914	0.477763268309402
1.81294103662311	0.70256079058948
1.95731570776637	0.441000340195791
0.155067569950451	0.0290355764553768
1.95786695174359	0.441149378722158
-1.14088544605048	0.344426431780091
-1.52468217246603	0.541450953371581
0.155111385030128	0.0290417527313876
1.44899109330448	0.477667123734845
0.16045117802105	0.0401558290866076
-1.79840965860499	0.382877827643389
0.658157600688591	0.206837664845118
1.814860828926	0.70324597733131
-1.14171114622793	0.344693702322242
0.943937640725668	0.24736392993685
-2.57669595250488	0.657559862268914
3.26284822825054	1.10169382604423
0.944504519928106	0.247598335656165
0.950287720870208	0.248999740475732
1.5554260223568	0.75543285370151
0.94820175004088	0.248479682375772
0.947635845528227	0.248244973505163
1.01985986214015	0.380041869937102
0.945072510336007	0.247668267417156
1.81264504950119	0.702404900566408
0.950287720870208	0.248999740475732
0.15963091503218	0.0399802605532864
-1.79839614394125	0.382877807711208
1.95786695174359	0.441149378722158
-3.77291551631578	1.48821388585146
0.15547989361324	0.039031965106125
-0.168663393721381	0.0603724956040683
-1.04721949984211	0.412618976511128
-0.626075023442282	0.151167646950723
0.159992352718576	0.0400538861334557
-2.57660997484294	0.657538252319339
-0.626075023442282	0.151167646950723
0.947635845528227	0.248244973505163
-3.08203048704882	0.947509650360219
0.950998501270056	0.249196467275389
3.26569824690609	1.10327543173781
0.948337549654709	0.248516516252871
0.947635845528227	0.248244973505163
1.95786695174359	0.441149378722158
0.154465593370314	0.0289479903375428
-1.79839614394125	0.382877807711208
2.75807933893485	0.764710363024488
0.155111385030128	0.0290417527313876
-0.236865950236819	0.0762080730306188
-1.14499995487719	0.345855392571373
-0.359435145573547	0.103170722743079
0.65757421006213	0.206588655278929
0.154465593370314	0.0289479903375428
1.95988292961267	0.441702177751728
-2.57660997484294	0.657538252319339
0.65757421006213	0.206588655278929
-3.08203048704882	0.947509650360219
0.663427748733987	0.208300313291545
1.45114635521655	0.478471348903038
0.14380305748793	0.042271222114559
-1.83066282429031	0.739596942279786
-1.14499995487719	0.345855392571373
0.154509067766894	0.0289541162362231
1.8135291528185	0.702758164322864
2.75520320904554	0.763197913000704
1.81604086904786	0.704001590638153
1.95731570776637	0.441000340195791
0.16045117802105	0.0401558290866076
0.142306377840433	0.0418148962103769
-0.352915395102444	0.101358152963712
0.154465593370314	0.0289479903375428
-1.53356229568948	0.545142396907194
0.159992352718576	0.0400538861334557
0.146332921310034	0.0429416898033695
-0.628733247343677	0.151688343674084
0.155067569950451	0.0290355764553768
-1.1413415008172	0.344450233445194
2.75580772001712	0.763760469153332
1.45054889854294	0.478121061898946
-1.79839614394125	0.382877807711208
0.156304884454214	0.0392194704826931
0.658157600688591	0.206837664845118
0.50720087150347	0.178829201945322
-1.79839614394125	0.382877807711208
0.422386530780278	0.166593415832503
1.81323362267005	0.702723165703649
0.654121684946124	0.205433467520013
2.75520320904554	0.763197913000704
0.658157600688591	0.206837664845118
0.154509067766894	0.0289541162362231
0.154465593370314	0.0289479903375428
0.162357836679133	0.0405597098553547
-1.1414839653338	0.344622990730584
-2.57669595250488	0.657559862268914
2.75807933893485	0.764710363024488
0.162952579336367	0.0406858836130456
0.948768757521975	0.248549269795159
0.948768757521975	0.248549269795159
-0.628164901903538	0.15157555358925
0.157325350109871	0.02936446462458
1.95786695174359	0.441149378722158
0.154465593370314	0.0289479903375428
3.9275816800867	1.70263786398349
-0.355401168227563	0.102014834884787
1.44509906384746	0.476148552116978
1.95786695174359	0.441149378722158
-0.735458723618684	0.250947808327744
-1.79840965860499	0.382877827643389
-1.80123754984197	0.383647112861273
0.948905461162112	0.248586345985544
0.162590253502546	0.0405994312489443
0.155111385030128	0.0290417527313876
0.950426851449918	0.249037516760643
-0.628867026021838	0.151670609188118
1.95988292961267	0.441702177751728
1.95731570776637	0.441000340195791
0.160221796316651	0.0401166927693931
0.152050960400409	0.028630259939513
-3.08203048704882	0.947509650360219
-2.57963910438406	0.659061212358043
0.155111385030128	0.0290417527313876
-1.83165926032039	0.740451579277532
0.155067569950451	0.0290355764553768
-1.14111344283696	0.344497381350969
0.140361834634309	0.0413037326992959
-0.628733247343677	0.151688343674084
1.8166310232947	0.704051562387115
0.160221796316651	0.0401166927693931
-1.14499995487719	0.345855392571373
-1.79839614394125	0.382877807711208
-0.628164901903538	0.15157555358925
0.15144823932183	0.0285426379557898
0.94820175004088	0.248479682375772
2.75868832531345	0.765017792149168
2.10080345028195	0.924400736993524
0.791039157410606	0.324621067904644
-1.79840965860499	0.382877827643389
-0.628164901903538	0.15157555358925
0.160221796316651	0.0401166927693931
0.147259813410519	0.0432007445014279
-0.743029498323094	0.253754321369633
1.01868988091969	0.379571940690884
-2.5766529574574	0.657773148602288
-1.52527766014307	0.541726073904961
3.26284822825054	1.10169382604423
-1.79840965860499	0.382877827643389
1.02558467001725	0.382518749728777
0.658157600688591	0.206837664845118
-0.629763239673253	0.152058330338803
2.75807933893485	0.764710363024488
0.143231568712453	0.0420634101782781
1.44839669376933	0.477459847846965
0.140948251392809	0.041458274749763
0.948768757521975	0.248549269795159
0.663718669460888	0.208457802619674
0.154509067766894	0.0289541162362231
1.95731570776637	0.441000340195791
-0.167973568861706	0.0601248969281319
1.95731570776637	0.441000340195791
0.660932155782147	0.207694635746326
0.657283842665822	0.20642210460759
-1.79839614394125	0.382877807711208
-1.79839614394125	0.382877807711208
2.75868832531345	0.765017792149168
0.140609521820489	0.0413743325045252
-1.14088544605048	0.344426431780091
-1.79839614394125	0.382877807711208
0.155111385030128	0.0290417527313876
1.44862736407577	0.477555630338169
3.26284822825054	1.10169382604423
-0.739003822726622	0.252222384495429
0.163185820804974	0.0407257646525502
0.133168522192678	0.0442284444874965
-0.737824274342293	0.251781339210884
-0.350128602099817	0.100573869045266
-0.628733247343677	0.151688343674084
-2.57963910438406	0.659061212358043
0.144640697621443	0.0425017414545061
0.658794699245427	0.20676579192552
0.154465593370314	0.0289479903375428
-1.04056236968378	0.409373067940558
0.159992352718576	0.0400538861334557
0.154465593370314	0.0289479903375428
-0.625937070321993	0.151091209012893
-0.628030265547787	0.151499678636842
-0.172323794216928	0.061695096887414
0.154465593370314	0.0289479903375428
-0.628733247343677	0.151688343674084
0.94820175004088	0.248479682375772
3.63694507499105	1.42148992135626
3.63331351050508	1.42008896661082
-1.14111344283696	0.344497381350969
3.92452877652187	1.70087632208659
0.516197868156601	0.182070276152868
0.162719274583833	0.0406219991153643
-2.5766529574574	0.657773148602288
-3.76108876538849	1.48211039032061
0.658157600688591	0.206837664845118
-0.539089600210505	0.202542124367007
-3.0857009920368	0.949295045119167
-2.57963910438406	0.659061212358043
0.803620921341924	0.330666152724973
-0.354815349846941	0.101888689175609
0.658157600688591	0.206837664845118
0.160221796316651	0.0401166927693931
1.55563768080424	0.755897558752995
1.81323362267005	0.702723165703649
0.658448437247608	0.206865271021461
1.45391440811699	0.479230213237448
1.02592340208434	0.382810966482796
-1.52525862148376	0.541687313963439
-1.14171114622793	0.344693702322242
0.425065527869463	0.167656114427908
0.141534099969908	0.041600735872343
0.947635845528227	0.248244973505163
0.424503019666265	0.167361296949189
2.34688176998452	1.15114209172267
0.660638687988492	0.207526442563452
0.945072510336007	0.247668267417156
0.948337549654709	0.248516516252871
1.95786695174359	0.441149378722158
1.44839669376933	0.477459847846965
4.16480743748042	1.96391658672842
3.63800215358027	1.42157836230782
0.157370411029726	0.0293708256249034
0.15144823932183	0.0285426379557898
-0.355104953248248	0.101967480674674
-1.13872731243543	0.343741383764358
-3.08189869996978	0.9470994296719
-0.628733247343677	0.151688343674084
1.30877399614962	0.561080478424277
-0.628599509856641	0.151612619227975
1.44899109330448	0.477667123734845
-3.08189869996978	0.9470994296719
-0.167754072609883	0.0600616127897958
-1.83199158756097	0.740532814070127
-1.5155833782979	0.764402302632465
0.155111385030128	0.0290417527313876
-3.76137421922742	1.48226291907169
1.55265783773452	0.753699130068357
-0.236519085872564	0.0760782981535278
0.948337549654709	0.248516516252871
0.511187733730715	0.180331422147582
0.948337549654709	0.248516516252871
0.660932155782147	0.207694635746326
0.14255281745336	0.0418775195715754
0.663427748733987	0.208300313291545
0.948337549654709	0.248516516252871
-0.359141638818634	0.103112871302961
1.95786695174359	0.441149378722158
0.944504519928106	0.247598335656165
3.63565166019344	1.42132833477826
-0.240410025521882	0.0773316206983627
0.154509067766894	0.0289541162362231
0.658448437247608	0.206865271021461
3.63629792702422	1.42164529184574
-2.08588206375572	0.941486520759418
-0.241194698180716	0.0775963201393135
3.92694117717927	1.70243676685084
-0.354229439997714	0.101697261087168
0.154465593370314	0.0289479903375428
-0.355394630173918	0.102015543768339
-3.08189869996978	0.9470994296719
-0.628733247343677	0.151688343674084
-1.79840965860499	0.382877827643389
0.658448437247608	0.206865271021461
0.950426851449918	0.249037516760643
0.948337549654709	0.248516516252871
0.669640034979678	0.307781097383292
1.26449578685907	0.686338532495631
0.50952600895777	0.179673416398791
1.44862736407577	0.477555630338169
1.02422162940792	0.382079227006262
1.95731570776637	0.441000340195791
0.950426851449918	0.249037516760643
1.8138222857108	0.70292085392477
-0.628164901903538	0.15157555358925
1.44922258720914	0.477763268309402
2.75580772001712	0.763760469153332
1.81738056066142	0.704160226172228
0.658157600688591	0.206837664845118
1.95731570776637	0.441000340195791
0.160221796316651	0.0401166927693931
-0.236865950236819	0.0762080730306188
0.130323873520588	0.0491059528446299
-1.04779140371951	0.412732841654536
0.658741078701816	0.207014004441108
-0.737489374761453	0.251678150254292
0.160221796316651	0.0401166927693931
-1.52896155531942	0.543366808154917
0.15963091503218	0.0399802605532864
-2.5766529574574	0.657773148602288
1.4480329582247	0.477161868008032
0.124822735555812	0.0470818361400661
0.50755078071475	0.178917899343599
0.657866689740957	0.206670742493303
2.10021124048698	0.924077935460336
0.131814043124596	0.0438161720723548
1.43725553750908	0.87962577067881
-0.236072750277141	0.0759464812223969
-0.352328640216398	0.101201570764145
1.55152601933111	0.752759870414717
2.10021124048698	0.924077935460336
1.55187798528937	0.752695278647351
1.44569447046789	0.476184455710964
0.159992352718576	0.0400538861334557
0.511187733730715	0.180331422147582
0.161043695584893	0.0402684742968713
1.44780311038183	0.477066495630919
0.950287720870208	0.248999740475732
-1.04255649350425	0.410401789740815
-0.737489374761453	0.251678150254292
1.81515619836297	0.703574555319196
-0.237212899766669	0.0763212805777045
2.1031177894695	0.925795147014246
3.63331351050508	1.42008896661082
-0.242110936050434	0.0778562762427623
1.44899109330448	0.477667123734845
-0.541053988501391	0.203408052094411
-0.740486905445706	0.252775901531668
-1.79839614394125	0.382877807711208
1.02338601426445	0.38161996773056
-0.245541128473275	0.0789739237518624
0.657866689740957	0.206670742493303
1.31131552912942	0.562420854049402
0.657866689740957	0.206670742493303
1.81441103810189	0.702928228145098
1.44899109330448	0.477667123734845
1.02019987734301	0.380189874951528
0.157325350109871	0.02936446462458
0.948337549654709	0.248516516252871
3.26284822825054	1.10169382604423
0.947770742439721	0.248281535275256
-0.237783836658627	0.0764730781037413
2.75868832531345	0.765017792149168
3.63331351050508	1.42008896661082
0.948337549654709	0.248516516252871
1.95786695174359	0.441149378722158
0.94820175004088	0.248479682375772
1.44839669376933	0.477459847846965
1.44839669376933	0.477459847846965
-2.57660997484294	0.657538252319339
0.142892234362748	0.0419793224062305
0.948905461162112	0.248586345985544
-1.14559783756009	0.346052129596875
0.798676159728442	0.328314833787517
-1.14171114622793	0.344693702322242
1.814860828926	0.70324597733131
1.31253456967921	0.563091330038175
0.140023273435885	0.041219830052157
3.26345542626113	1.10199860979414
-1.04595278088894	0.411874241216211
1.02422162940792	0.382079227006262
2.75641316563256	0.763778311858285
-0.538391637447097	0.202241097472968
-0.354519585455166	0.101776151388844
2.10055021952577	0.924312412659368
1.0239728358881	0.381885834911352
0.16045117802105	0.0401558290866076
1.95786695174359	0.441149378722158
1.95786695174359	0.441149378722158
0.160813493636874	0.0402291855562724
0.663718669460888	0.208457802619674
0.659032459281836	0.207041754611057
1.02338601426445	0.38161996773056
0.654703443030561	0.205608890273211
-1.0419816315643	0.409976007162161
0.657477424666525	0.20641752360443
-1.52497036065527	0.541612586959632
-1.83165926032039	0.740451579277532
0.515848504972472	0.181937471471781
0.654121684946124	0.205433467520013
1.24973238007746	0.676277828011016
0.798535307893646	0.328254107247198
1.44899109330448	0.477667123734845
-0.996575012288978	0.491627733478489
-1.1414839653338	0.344622990730584
0.797195943100185	0.32753176692214
0.154465593370314	0.0289479903375428
0.157325350109871	0.02936446462458
-0.236865950236819	0.0762080730306188
-1.04056236968378	0.409373067940558
0.506985941033904	0.178701728610087
0.144304320671072	0.0423970373819599
0.800732484930354	0.329422357686243
0.661225548064972	0.20772290984652
0.140023273435885	0.041219830052157
0.154465593370314	0.0289479903375428
0.658449623497539	0.206846818911275
1.44958631087756	0.477702557005987
1.0444623770314	0.495719164594595
2.10286507825917	0.92563188054431
0.513733853850566	0.181194231451746
1.81574571371452	0.703837629137609
3.26284822825054	1.10169382604423
0.511755072041239	0.180523302881905
0.154509067766894	0.0289541162362231
-3.08229418357021	0.947231644170671
0.159859477622278	0.0400192334307773
1.45138090115721	0.478568850670936
0.145313170347528	0.042674261922763
1.45198001091205	0.478658944297305
-1.52468217246603	0.541450953371581
1.95731570776637	0.441000340195791
0.144890403623689	0.042539469630613
0.144725574883443	0.0425191258680454
0.157370411029726	0.0293708256249034
1.81235300959058	0.702242876396542
-2.08391905009995	0.940245123426704
-0.355104953248248	0.101967480674674
1.55676323731571	0.756369695530655
-0.628733247343677	0.151688343674084
0.160813493636874	0.0402291855562724
1.44839669376933	0.477459847846965
1.95731570776637	0.441000340195791
1.31565227991103	0.564944763794614
1.81574571371452	0.703837629137609
0.944504519928106	0.247598335656165
0.804536923824999	0.330895189401249
1.95786695174359	0.441149378722158
-1.1447666380351	0.34569313996721
-0.416898933449453	0.173791167876446
0.511535984561553	0.180463547184556
3.26508709738097	1.10261522135605
2.09962019368326	0.923638574732708
2.10404963108371	0.926287358542244
0.804336592371997	0.330963349185792
-1.52866955783943	0.543083867430977
0.156070095129669	0.0391676647119387
-0.237559934502149	0.0764246711906185
0.654703443030561	0.205608890273211
-2.57968420714322	0.659073447553718
0.654121684946124	0.205433467520013
-1.14559783756009	0.346052129596875
0.805893093496788	0.331627872991141
0.154509067766894	0.0289541162362231
0.156304884454214	0.0392194704826931
-0.539312347732804	0.202625351504848
-1.04255649350425	0.410401789740815
1.81826867111223	0.704762090721195
-1.83199158756097	0.740532814070127
0.147259813410519	0.0432007445014279
0.658448437247608	0.206865271021461
-0.789874992835508	0.342400986685966
-0.74243876954869	0.25362235352836
0.653540010885453	0.205185988936824
0.154465593370314	0.0289479903375428
3.26508709738097	1.10261522135605
1.95988292961267	0.441702177751728
1.02304894811125	0.381607715308403
-1.52896155531942	0.543366808154917
0.155067569950451	0.0290355764553768
1.95786695174359	0.441149378722158
2.75580772001712	0.763760469153332
1.95731570776637	0.441000340195791
1.02271178737872	0.381316878019672
2.10021124048698	0.924077935460336
-1.79840965860499	0.382877827643389
1.45114635521655	0.478471348903038
0.659032459281836	0.207041754611057
-1.5292536270854	0.543488048058857
3.63203016857434	1.41874839489518
2.75641316563256	0.763778311858285
0.160221796316651	0.0401166927693931
0.797972177742043	0.327977456331324
-0.359435145573547	0.103170722743079
2.75580772001712	0.763760469153332
0.661225548064972	0.20772290984652
1.45114635521655	0.478471348903038
-0.35262379016767	0.101278913820777
0.15963091503218	0.0399802605532864
-0.738414128880846	0.252090639638632
0.155111385030128	0.0290417527313876
1.95988292961267	0.441702177751728
0.160221796316651	0.0401166927693931
3.26224218729945	1.1009233569627
3.6326714041979	1.41965046916025
-0.169320011151056	0.0606649453809961
-1.79840965860499	0.382877827643389
0.950426851449918	0.249037516760643
1.95731570776637	0.441000340195791
0.162357836679133	0.0405597098553547
3.26569824690609	1.10327543173781
-1.29468583724064	0.577050898837199
-0.746468959039539	0.255084183402722
-3.08216231491203	0.947551973079846
-1.1414839653338	0.344622990730584
0.154509067766894	0.0289541162362231
2.0991329538262	0.923165538283533
-0.356952421866901	0.102502236157484
-3.08203048704882	0.947509650360219
0.423811133592524	0.167066807502356
-1.1413415008172	0.344450233445194
-0.532985055301143	0.200054479171228
2.75641316563256	0.763778311858285
0.135364021327178	0.0449437078279942
-0.742101285286405	0.253499136601578
1.04591688407727	0.496764913557561
1.01868988091969	0.379571940690884
3.26569824690609	1.10327543173781
0.140948251392809	0.041458274749763
3.26284822825054	1.10169382604423
1.45054889854294	0.478121061898946
0.94820175004088	0.248479682375772
0.162357836679133	0.0405597098553547
2.75580772001712	0.763760469153332
1.81515619836297	0.703574555319196
1.31110478579583	0.562358978556018
0.946592090327999	0.248117976822064
1.44922258720914	0.477763268309402
1.01961500222098	0.379984696878922
-3.76165974462818	1.48222195957514
0.661517102334111	0.207824976675168
1.44899109330448	0.477667123734845
0.797760401782817	0.327916718359797
-1.05120492037028	0.414443813999069
0.944504519928106	0.247598335656165
0.649768942896297	0.203901317319374
1.31275235192293	0.563405500186811
0.6685040593911	0.307362203674464
0.948337549654709	0.248516516252871
1.02592340208434	0.382810966482796
0.659032459281836	0.207041754611057
-0.355401168227563	0.102014834884787
-0.35569023027487	0.10209347470967
-2.5766529574574	0.657773148602288
-2.29831401563277	1.14618267823504
-0.626075023442282	0.151167646950723
0.154509067766894	0.0289541162362231
1.95786695174359	0.441149378722158
2.75580772001712	0.763760469153332
1.81515619836297	0.703574555319196
3.63500627246108	1.42050433165602
2.75580772001712	0.763760469153332
0.160221796316651	0.0401166927693931
1.31126841403568	0.56233368703482
1.44839669376933	0.477459847846965
2.75520320904554	0.763197913000704
0.950998501270056	0.249196467275389
2.76097686654259	0.765783986906631
1.31126841403568	0.56233368703482
0.948337549654709	0.248516516252871
0.157370411029726	0.0293708256249034
0.154465593370314	0.0289479903375428
0.155067569950451	0.0290355764553768
2.10139563641952	0.924609016057742
-0.118901525235319	0.0472561684211653
0.517329942421449	0.18248668342077
-0.738670030097319	0.252119567169358
-2.57660997484294	0.657538252319339
0.428499118546633	0.169166907815334
1.02617238539361	0.38275777208832
-1.52674340008464	0.542380499879977
-2.5766529574574	0.657773148602288
1.44899109330448	0.477667123734845
1.95988292961267	0.441702177751728
1.81604086904786	0.704001590638153
3.26569824690609	1.10327543173781
0.156896734628332	0.0393320207188234
2.75580772001712	0.763760469153332
1.95786695174359	0.441149378722158
1.95731570776637	0.441000340195791
0.661517102334111	0.207824976675168
1.01868988091969	0.379571940690884
0.512321829500026	0.180674048803135
1.95731570776637	0.441000340195791
0.947635845528227	0.248244973505163
3.26631056571709	1.10328266544307
-0.538042778815197	0.20204085051787
3.26284822825054	1.10169382604423
0.50720087150347	0.178829201945322
1.02880620938241	0.38386800333252
-4.01160255769466	1.72433692110226
0.65757421006213	0.206588655278929
0.159859477622278	0.0400192334307773
0.144054213480702	0.0423469198905259
1.01961500222098	0.379984696878922
0.155111385030128	0.0290417527313876
-1.1406575104342	0.344234513147494
0.948337549654709	0.248516516252871
1.3150863687139	0.564688556451063
1.45174463580423	0.478561109172125
-0.628030265547787	0.151499678636842
-1.1414839653338	0.344622990730584
-1.14559783756009	0.346052129596875
0.154465593370314	0.0289479903375428
1.95786695174359	0.441149378722158
0.947635845528227	0.248244973505163
1.95988292961267	0.441702177751728
0.155111385030128	0.0290417527313876
2.75580772001712	0.763760469153332
-0.354815349846941	0.101888689175609
0.16045117802105	0.0401558290866076
0.948337549654709	0.248516516252871
0.155111385030128	0.0290417527313876
2.76097686654259	0.765783986906631
3.26569824690609	1.10327543173781
0.950287720870208	0.248999740475732
0.653245802516738	0.205089848433872
1.55507391974261	0.755498369683247
0.146332921310034	0.0429416898033695
0.428499118546633	0.169166907815334
0.658741078701816	0.207014004441108
0.139086919218747	0.0408860187823921
2.10114269367742	0.924635433318668
2.75520320904554	0.763197913000704
1.8138222857108	0.70292085392477
1.81515619836297	0.703574555319196
0.882287999592736	0.467411795611994
0.658449623497539	0.206846818911275
4.16980166935744	1.96660776661609
1.81176507224111	0.701716027060748
1.02626205148491	0.382823634565729
0.160221796316651	0.0401166927693931
0.159859477622278	0.0400192334307773
-0.738670030097319	0.252119567169358
0.144640697621443	0.0425017414545061
1.01985986214015	0.380041869937102
-0.736467942319606	0.25123635401307
-1.14171114622793	0.344693702322242
-0.236989724567202	0.0762485047293907
3.26284822825054	1.10169382604423
3.26406378444313	1.10187162962723
0.154509067766894	0.0289541162362231
-0.63185471444008	0.152466960619287
1.95786695174359	0.441149378722158
2.75580772001712	0.763760469153332
0.943937640725668	0.24736392993685
-1.1414839653338	0.344622990730584
1.81264504950119	0.702404900566408
0.15144823932183	0.0285426379557898
1.95731570776637	0.441000340195791
1.8166310232947	0.704051562387115
-1.52984634403446	0.54376252749597
1.814860828926	0.70324597733131
0.654121684946124	0.205433467520013
1.31253456967921	0.563091330038175
2.75520320904554	0.763197913000704
1.95731570776637	0.441000340195791
0.147259813410519	0.0432007445014279
-0.738079783119958	0.251987608125061
0.131244557787275	0.0436234987478517
0.658741078701816	0.207014004441108
2.1031177894695	0.925795147014246
1.01985986214015	0.380041869937102
0.348452939953176	0.174298120140634
0.51386494250992	0.181311218287051
0.128568405154016	0.0427795258685336
1.31565227991103	0.564944763794614
1.0239728358881	0.381885834911352
0.878479584286394	0.465178423756688
-3.76500715654354	1.48473725010782
0.417387788396371	0.164445662421174
0.659324643575319	0.207123110468657
1.95786695174359	0.441149378722158
3.26284822825054	1.10169382604423
2.75520320904554	0.763197913000704
2.75520320904554	0.763197913000704
1.95786695174359	0.441149378722158
0.155111385030128	0.0290417527313876
1.95786695174359	0.441149378722158
-0.74269218165825	0.253631177667885
1.95786695174359	0.441149378722158
0.15144823932183	0.0285426379557898
2.1031177894695	0.925795147014246
0.155111385030128	0.0290417527313876
0.155111385030128	0.0290417527313876
0.948337549654709	0.248516516252871
1.81545080408239	0.703738180326379
-1.79839614394125	0.382877807711208
0.155067569950451	0.0290355764553768
-2.57669595250488	0.657559862268914
-2.57963910438406	0.659061212358043
0.802138012530807	0.329972517070534
2.75580772001712	0.763760469153332
-0.172886148273605	0.0618700874958794
1.81323362267005	0.702723165703649
1.04687216507312	0.497472408891339
2.75641316563256	0.763778311858285
0.801922158295548	0.329828855715043
0.512103476504473	0.180655514559587
1.44981862951738	0.477799018830262
0.947770742439721	0.248281535275256
-1.52556530925699	0.541887546993991
0.162357836679133	0.0405597098553547
1.02304894811125	0.381607715308403
0.155067569950451	0.0290355764553768
0.947635845528227	0.248244973505163
-0.353207074434312	0.101406886597049
2.75580772001712	0.763760469153332
-0.240627572806769	0.0774207528438286
-0.355104953248248	0.101967480674674
0.162719274583833	0.0406219991153643
2.75868832531345	0.765017792149168
-0.628733247343677	0.151688343674084
0.15144823932183	0.0285426379557898
-1.79839614394125	0.382877807711208
0.155067569950451	0.0290355764553768
1.95786695174359	0.441149378722158
-3.08216231491203	0.947551973079846
0.950287720870208	0.248999740475732
0.163185820804974	0.0407257646525502
0.154509067766894	0.0289541162362231
0.948337549654709	0.248516516252871
0.658741078701816	0.207014004441108
0.658448437247608	0.206865271021461
1.95786695174359	0.441149378722158
0.159992352718576	0.0400538861334557
0.94820175004088	0.248479682375772
1.0239728358881	0.381885834911352
0.154509067766894	0.0289541162362231
1.80894124091292	0.700425017401662
0.155111385030128	0.0290417527313876
1.01465761954981	0.377631121624317
0.803055311396109	0.330423388744012
0.129916076947615	0.0554206976348945
0.128601831848837	0.0484529754734972
0.510440135603011	0.179966436385068
0.143477516670026	0.0421253750116672
0.144054213480702	0.0423469198905259
1.02338601426445	0.38161996773056
0.654121684946124	0.205433467520013
0.802840016253824	0.330197869326294
1.55287065064265	0.753512057969004
0.801220040350497	0.32937098969222
0.804551193439478	0.331168980919484
-1.04278630064219	0.410314973185565
-1.04221071709325	0.410198911511082
0.94820175004088	0.248479682375772
0.159992352718576	0.0400538861334557
0.127787048120533	0.0425091605383456
-0.665776434601873	0.397665499713618
-0.738670030097319	0.252119567169358
-0.789650928512862	0.342421974551524
0.94820175004088	0.248479682375772
3.63203016857434	1.41874839489518
-0.628733247343677	0.151688343674084
0.944504519928106	0.247598335656165
1.95731570776637	0.441000340195791
0.803406298057045	0.330476655381048
0.155111385030128	0.0290417527313876
0.155067569950451	0.0290355764553768
3.63865172808213	1.42228041522975
-1.52468217246603	0.541450953371581
1.95731570776637	0.441000340195791
1.95731570776637	0.441000340195791
1.02455981174032	0.382091874796033
1.81011419433809	0.700628315633627
1.44922258720914	0.477763268309402
0.943937640725668	0.24736392993685
1.44780311038183	0.477066495630919
2.10021124048698	0.924077935460336
3.26508709738097	1.10261522135605
0.155067569950451	0.0290355764553768
2.75807933893485	0.764710363024488
0.950426851449918	0.249037516760643
0.661225548064972	0.20772290984652
2.75807933893485	0.764710363024488
1.02499638904051	0.382165912389253
0.658741078701816	0.207014004441108
1.95988292961267	0.441702177751728
0.414061006607515	0.163064842919398
-3.46276423195498	1.22902448571158
0.510619816865865	0.180113549991954
-0.738079783119958	0.251987608125061
0.426403404838852	0.16824819606602
1.01961500222098	0.379984696878922
1.44780311038183	0.477066495630919
-3.08203048704882	0.947509650360219
0.658448437247608	0.206865271021461
1.0239728358881	0.381885834911352
1.95786695174359	0.441149378722158
0.950998501270056	0.249196467275389
1.44899109330448	0.477667123734845
0.51386494250992	0.181311218287051
1.44899109330448	0.477667123734845
1.44839669376933	0.477459847846965
1.45138090115721	0.478568850670936
0.15963091503218	0.0399802605532864
0.510967914253512	0.180245566763838
1.45114635521655	0.478471348903038
0.160221796316651	0.0401166927693931
0.658449623497539	0.206846818911275
0.142892234362748	0.0419793224062305
-1.29388110726104	0.576654901330229
2.1037096154536	0.926051884063359
0.427034967705126	0.16848288057257
1.44922258720914	0.477763268309402
0.144640697621443	0.0425017414545061
-0.628164901903538	0.15157555358925
-0.737824274342293	0.251781339210884
0.948337549654709	0.248516516252871
0.660932155782147	0.207694635746326
3.26795444532845	1.10381433627613
1.95731570776637	0.441000340195791
1.95731570776637	0.441000340195791
0.159992352718576	0.0400538861334557
1.44922258720914	0.477763268309402
0.94820175004088	0.248479682375772
0.947770742439721	0.248281535275256
2.75520320904554	0.763197913000704
1.95731570776637	0.441000340195791
2.75641316563256	0.763778311858285
1.31126841403568	0.56233368703482
2.75641316563256	0.763778311858285
1.44862736407577	0.477555630338169
0.154509067766894	0.0289541162362231
-0.167535179530461	0.0599846998526839
0.672116854060481	0.309424453151298
0.506636186737087	0.178613076266429
0.5938897553597	0.307122343826419
0.144725574883443	0.0425191258680454
0.160221796316651	0.0401166927693931
0.154509067766894	0.0289541162362231
3.92694117717927	1.70243676685084
0.945072510336007	0.247668267417156
1.45138090115721	0.478568850670936
1.81323362267005	0.702723165703649
0.131814043124596	0.0438161720723548
-0.738670030097319	0.252119567169358
1.81235300959058	0.702242876396542
-1.52556530925699	0.541887546993991
-0.35666348042052	0.102404483392645
0.157370411029726	0.0293708256249034
-3.46322465260564	1.22963503158779
-0.628299579656606	0.151558046801791
-0.628299579656606	0.151558046801791
-0.742101285286405	0.253499136601578
-1.83165926032039	0.740451579277532
0.65757421006213	0.206588655278929
0.428285671446016	0.169094775343879
4.16857700301249	1.96642819066943
1.02338601426445	0.38161996773056
0.947635845528227	0.248244973505163
-0.628733247343677	0.151688343674084
-1.79840965860499	0.382877827643389
2.75807933893485	0.764710363024488
2.75520320904554	0.763197913000704
1.95786695174359	0.441149378722158
0.157370411029726	0.0293708256249034
0.154465593370314	0.0289479903375428
2.75868832531345	0.765017792149168
3.26631056571709	1.10328266544307
1.95731570776637	0.441000340195791
1.02338601426445	0.38161996773056
-1.52525862148376	0.541687313963439
0.806031822454127	0.331901204294119
-0.536671114051193	0.201606330220057
2.10252540036319	0.925396731648863
1.45054889854294	0.478121061898946
0.159402290839324	0.0399177124259514
4.16416878488742	1.96341587712626
-0.239216268709345	0.0769712564401174
0.670737684854578	0.308719803763878
1.02363521199244	0.381873400117373
2.33785384704991	1.14562321252435
0.159992352718576	0.0400538861334557
0.157370411029726	0.0293708256249034
0.160221796316651	0.0401166927693931
0.657866689740957	0.206670742493303
3.26345542626113	1.10199860979414
1.95731570776637	0.441000340195791
3.26508709738097	1.10261522135605
1.95786695174359	0.441149378722158
0.160221796316651	0.0401166927693931
0.159992352718576	0.0400538861334557
-0.237783836658627	0.0764730781037413
1.44899109330448	0.477667123734845
0.160221796316651	0.0401166927693931
-0.628030265547787	0.151499678636842
0.948768757521975	0.248549269795159
1.81545080408239	0.703738180326379
0.159992352718576	0.0400538861334557
0.5126703877852	0.180806312829072
-0.354519585455166	0.101776151388844
0.879765134889785	0.466185003865512
3.26284822825054	1.10169382604423
-0.742101285286405	0.253499136601578
-0.240976410898063	0.0775300306973211
3.92452877652187	1.70087632208659
-3.08229418357021	0.947231644170671
-1.80123754984197	0.383647112861273
3.26345542626113	1.10199860979414
-1.79839614394125	0.382877807711208
0.14380305748793	0.042271222114559
1.95786695174359	0.441149378722158
1.95731570776637	0.441000340195791
0.155067569950451	0.0290355764553768
3.26345542626113	1.10199860979414
0.94820175004088	0.248479682375772
0.147848686423209	0.0433479015633612
1.31600243356677	0.564924856678145
2.54972794780204	1.3822864497613
3.26569824690609	1.10327543173781
-1.14193838802885	0.344646219015582
0.510839396613925	0.180141996770445
0.94820175004088	0.248479682375772
0.139436459089769	0.0410524321785509
1.44839669376933	0.477459847846965
-4.22547404239284	1.96366948140393
3.26224218729945	1.1009233569627
1.94295847839385	1.19235782048187
1.45198001091205	0.478658944297305
0.509175451887884	0.179500092399481
-0.237907054483207	0.0765120695488488
0.152050960400409	0.028630259939513
1.04054353172932	0.493691053677126
1.95731570776637	0.441000340195791
1.95731570776637	0.441000340195791
2.75580772001712	0.763760469153332
1.44899109330448	0.477667123734845
1.44958631087756	0.477702557005987
1.5520641952989	0.753496144694601
0.155111385030128	0.0290417527313876
0.943937640725668	0.24736392993685
1.31395278889093	0.563876697752499
-0.628299579656606	0.151558046801791
-0.785598299709024	0.340429869924533
0.132732885510209	0.0441080605497273
-2.57669595250488	0.657559862268914
-1.14171114622793	0.344693702322242
-0.355979365614545	0.102141358762928
0.661225548064972	0.20772290984652
-0.168318442800183	0.0602514969158982
-1.14559783756009	0.346052129596875
-3.08229418357021	0.947231644170671
1.04627192358655	0.496574206795781
0.159859477622278	0.0400192334307773
0.659032459281836	0.207041754611057
0.947635845528227	0.248244973505163
1.95786695174359	0.441149378722158
1.95786695174359	0.441149378722158
0.15144823932183	0.0285426379557898
1.95786695174359	0.441149378722158
3.26345542626113	1.10199860979414
0.948337549654709	0.248516516252871
1.95731570776637	0.441000340195791
2.75868832531345	0.765017792149168
1.0239728358881	0.381885834911352
1.81574571371452	0.703837629137609
1.02338601426445	0.38161996773056
0.14556417703739	0.0427370982099398
-0.235948417281415	0.0759021467201397
-1.14559783756009	0.346052129596875
1.44839669376933	0.477459847846965
1.02304894811125	0.381607715308403
2.75580772001712	0.763760469153332
2.75580772001712	0.763760469153332
3.26508709738097	1.10261522135605
-0.628733247343677	0.151688343674084
1.0238833519431	0.381787644807647
0.658448437247608	0.206865271021461
-2.30007213812399	1.14746925859003
0.159402290839324	0.0399177124259514
0.130586200312459	0.0492036069928143
1.31196676791469	0.562729963486004
1.44450447975593	0.475941549703467
2.54635513717823	1.37966478584737
0.658448437247608	0.206865271021461
-0.732903532938375	0.249925569855424
1.95731570776637	0.441000340195791
0.950858461556905	0.2491584305819
1.95786695174359	0.441149378722158
0.154509067766894	0.0289541162362231
2.75868832531345	0.765017792149168
1.81515619836297	0.703574555319196
0.660054375205789	0.207294450910716
0.948337549654709	0.248516516252871
2.75580772001712	0.763760469153332
0.15963091503218	0.0399802605532864
0.159859477622278	0.0400192334307773
0.660932155782147	0.207694635746326
1.44899109330448	0.477667123734845
0.512103476504473	0.180655514559587
2.75641316563256	0.763778311858285
1.44862736407577	0.477555630338169
-0.737154567775087	0.251538686589487
-1.04313192494267	0.410517747694466
2.75520320904554	0.763197913000704
0.145313170347528	0.042674261922763
-0.53874057789979	0.202401825815006
-0.628733247343677	0.151688343674084
2.75520320904554	0.763197913000704
3.26224218729945	1.1009233569627
3.63331351050508	1.42008896661082
0.425281606664403	0.167780963846818
-2.57669595250488	0.657559862268914
2.75520320904554	0.763197913000704
0.155111385030128	0.0290417527313876
0.948905461162112	0.248586345985544
2.75868832531345	0.765017792149168
2.75580772001712	0.763760469153332
0.162125356869158	0.0404960611383205
0.947635845528227	0.248244973505163
0.947635845528227	0.248244973505163
-1.1412568453231	0.344431220445032
0.161043695584893	0.0402684742968713
1.44899109330448	0.477667123734845
0.155713854733082	0.0390835596706886
-0.0767291578349766	0.0337897194279491
0.950998501270056	0.249196467275389
2.75868832531345	0.765017792149168
-2.5766529574574	0.657773148602288
1.31296915771995	0.563217318478537
0.128673280033835	0.0484868522338571
1.02363521199244	0.381873400117373
0.802138012530807	0.329972517070534
0.374402254410437	0.165957266705863
0.163185820804974	0.0407257646525502
-3.76137421922742	1.48226291907169
0.15144823932183	0.0285426379557898
0.154465593370314	0.0289479903375428
0.947635845528227	0.248244973505163
0.15144823932183	0.0285426379557898
0.144976980831471	0.0425943260188831
0.144640697621443	0.0425017414545061
2.75580772001712	0.763760469153332
0.947635845528227	0.248244973505163
1.95786695174359	0.441149378722158
-0.354519585455166	0.101776151388844
0.649768942896297	0.203901317319374
1.95988292961267	0.441702177751728
0.144976980831471	0.0425943260188831
-1.52585303078124	0.541962051097293
-1.1414839653338	0.344622990730584
0.950426851449918	0.249037516760643
0.950287720870208	0.248999740475732
-1.79839614394125	0.382877807711208
0.948905461162112	0.248586345985544
0.13714885434975	0.0403729153594517
0.15144823932183	0.0285426379557898
-1.1414839653338	0.344622990730584
0.130275387420614	0.0433068776559506
1.44725524543057	0.476951096350534
1.55749040589242	0.756886319378393
-1.04756717059493	0.412661948904752
-2.49062038066175	1.37863753906601
-0.40875056742842	0.170136564452218
-0.628599509856641	0.151612619227975
0.36976472073983	0.163977946147593
0.162125356869158	0.0404960611383205
-0.628030265547787	0.151499678636842
-0.63185471444008	0.152466960619287
2.75580772001712	0.763760469153332
1.95786695174359	0.441149378722158
1.95786695174359	0.441149378722158
2.10080345028195	0.924400736993524
2.75520320904554	0.763197913000704
1.44862736407577	0.477555630338169
-2.57968420714322	0.659073447553718
0.948768757521975	0.248549269795159
0.15963091503218	0.0399802605532864
1.45391440811699	0.479230213237448
0.653245802516738	0.205089848433872
1.95731570776637	0.441000340195791
-0.628867026021838	0.151670609188118
0.425627365203623	0.167916299468516
-0.788172601637339	0.341595524377101
-2.0851928861798	0.941244883307777
0.123890289984819	0.0467338918733295
0.144054213480702	0.0423469198905259
0.65757421006213	0.206588655278929
1.44899109330448	0.477667123734845
-0.355104953248248	0.101967480674674
0.131814043124596	0.0438161720723548
3.92452877652187	1.70087632208659
-1.1413415008172	0.344450233445194
2.09936716295541	0.923201539626781
0.144389940892798	0.0424393237157952
1.3150863687139	0.564688556451063
-0.175990907131087	0.0630052614300172
-1.04313192494267	0.410517747694466
-0.628867026021838	0.151670609188118
2.75641316563256	0.763778311858285
2.75641316563256	0.763778311858285
0.947635845528227	0.248244973505163
0.948768757521975	0.248549269795159
0.15963091503218	0.0399802605532864
-2.5766529574574	0.657773148602288
0.660932155782147	0.207694635746326
0.655285284601054	0.205717641865354
1.81294103662311	0.70256079058948
1.44899109330448	0.477667123734845
1.95786695174359	0.441149378722158
1.95731570776637	0.441000340195791
0.516547144535097	0.182142928581128
2.09936716295541	0.923201539626781
0.658157600688591	0.206837664845118
1.95988292961267	0.441702177751728
0.950287720870208	0.248999740475732
3.26224218729945	1.1009233569627
0.948768757521975	0.248549269795159
0.128591433736742	0.0484895075702699
1.02156194483674	0.380771817220124
0.155067569950451	0.0290355764553768
1.95988292961267	0.441702177751728
0.948337549654709	0.248516516252871
0.132382889280095	0.0439989008298304
3.63331351050508	1.42008896661082
-0.742101285286405	0.253499136601578
-0.628867026021838	0.151670609188118
0.156304884454214	0.0392194704826931
1.81323362267005	0.702723165703649
-1.14523333483643	0.345843348749308
0.155067569950451	0.0290355764553768
-0.233742966580479	0.0752394538943447
0.155067569950451	0.0290355764553768
0.152050960400409	0.028630259939513
1.95731570776637	0.441000340195791
2.75580772001712	0.763760469153332
1.95731570776637	0.441000340195791
3.26284822825054	1.10169382604423
1.45138090115721	0.478568850670936
1.44450447975593	0.475941549703467
-3.08216231491203	0.947551973079846
-0.354815349846941	0.101888689175609
1.81264504950119	0.702404900566408
0.948337549654709	0.248516516252871
1.95731570776637	0.441000340195791
0.145995384957952	0.042836480378728
1.44922258720914	0.477763268309402
0.658741078701816	0.207014004441108
0.67304124957858	0.309966546096241
3.63565166019344	1.42132833477826
0.881323339853085	0.466707870803552
0.882600927399831	0.468295583820609
1.25308727931006	0.677893883554368
0.511755072041239	0.180523302881905
3.63203016857434	1.41874839489518
2.10286507825917	0.92563188054431
2.54257405726722	1.37573596793611
-1.14088544605048	0.344426431780091
0.513167244701502	0.180988618942657
-1.14171114622793	0.344693702322242
-0.23808408660897	0.0766242401144763
0.144389940892798	0.0424393237157952
0.128782523982544	0.0428430922951178
1.45114635521655	0.478471348903038
-0.628030265547787	0.151499678636842
2.75520320904554	0.763197913000704
0.159402290839324	0.0399177124259514
0.154509067766894	0.0289541162362231
3.63629792702422	1.42164529184574
0.948905461162112	0.248586345985544
0.160221796316651	0.0401166927693931
0.950426851449918	0.249037516760643
-1.14171114622793	0.344693702322242
0.950426851449918	0.249037516760643
0.65757421006213	0.206588655278929
0.12382847897004	0.0412596497824574
0.657866689740957	0.206670742493303
1.44981862951738	0.477799018830262
1.95988292961267	0.441702177751728
0.950287720870208	0.248999740475732
1.81264504950119	0.702404900566408
-0.245541128473275	0.0789739237518624
0.657864503304789	0.206616146564203
0.661223086818105	0.207656588437818
0.658449623497539	0.206846818911275
0.658157600688591	0.206837664845118
-0.354519585455166	0.101776151388844
0.658157600688591	0.206837664845118
1.01961500222098	0.379984696878922
0.154465593370314	0.0289479903375428
-0.238300485260816	0.0767056206772632
2.75580772001712	0.763760469153332
-1.14111344283696	0.344497381350969
0.670235846552931	0.308134565191259
-0.737745529684395	0.251848226779474
0.654989426637948	0.205620898952272
-2.57660997484294	0.657538252319339
0.802489056255948	0.330144551890374
-3.08216231491203	0.947551973079846
-1.14111344283696	0.344497381350969
0.162719274583833	0.0406219991153643
0.947770742439721	0.248281535275256
0.15963091503218	0.0399802605532864
1.95731570776637	0.441000340195791
3.26795444532845	1.10381433627613
3.63395648950567	1.42026036401428
0.146922191196889	0.0431076767472804
1.7565866495161	0.961662498177482
3.63331351050508	1.42008896661082
2.75641316563256	0.763778311858285
2.75580772001712	0.763760469153332
1.44839669376933	0.477459847846965
0.159992352718576	0.0400538861334557
2.3415744993868	1.14854547995181
1.81235300959058	0.702242876396542
0.159859477622278	0.0400192334307773
0.658448437247608	0.206865271021461
0.510619816865865	0.180113549991954
3.63395648950567	1.42026036401428
3.26406378444313	1.10187162962723
1.31275235192293	0.563405500186811
-0.628164901903538	0.15157555358925
0.154465593370314	0.0289479903375428
0.154465593370314	0.0289479903375428
-0.355401168227563	0.102014834884787
-2.57660997484294	0.657538252319339
0.155067569950451	0.0290355764553768
1.81456677210567	0.703082758766755
-0.628164901903538	0.15157555358925
0.144976980831471	0.0425943260188831
0.948768757521975	0.248549269795159
0.154465593370314	0.0289479903375428
1.04690378710311	0.497343192229306
-0.234881985943443	0.0755878057926229
0.162125356869158	0.0404960611383205
0.658741078701816	0.207014004441108
0.660347295989593	0.207462296247491
0.653826927429073	0.205337088996143
0.15144823932183	0.0285426379557898
0.14371839260098	0.0422424410228484
1.81456677210567	0.703082758766755
0.124953122017102	0.0416133200147752
0.144054213480702	0.0423469198905259
0.133518654529654	0.0443432692760018
0.948337549654709	0.248516516252871
-1.04290235412753	0.410559570501728
-0.237783836658627	0.0764730781037413
-2.49062038066175	1.37863753906601
0.947635845528227	0.248244973505163
0.514213661606994	0.181383794125596
-2.0851928861798	0.941244883307777
-1.2941091808211	0.576975974922849
1.0192751562055	0.379836783778508
0.506636186737087	0.178613076266429
0.948905461162112	0.248586345985544
-0.735795036496609	0.251087692088149
-4.01160255769466	1.72433692110226
-1.14171114622793	0.344693702322242
1.95731570776637	0.441000340195791
2.75807933893485	0.764710363024488
1.95786695174359	0.441149378722158
0.666125335326482	0.306001775989962
0.663132334033902	0.208271470068789
-0.162645023142981	0.0582934318085609
0.154465593370314	0.0289479903375428
0.660054375205789	0.207294450910716
0.804199982861606	0.330881993772713
1.04480901675325	0.495932284777841
0.661517102334111	0.207824976675168
0.373768905624823	0.165889064042439
1.55563768080424	0.755897558752995
0.94820175004088	0.248479682375772
1.44899109330448	0.477667123734845
0.947635845528227	0.248244973505163
0.154465593370314	0.0289479903375428
1.81264504950119	0.702404900566408
0.801294435982005	0.329722340410091
0.144054213480702	0.0423469198905259
1.02246283803588	0.381238371277329
3.26508709738097	1.10261522135605
0.127651677266186	0.0424864772644231
-1.29733006650978	0.578803317170819
-1.14171114622793	0.344693702322242
0.154509067766894	0.0289541162362231
0.510839396613925	0.180141996770445
2.75580772001712	0.763760469153332
-1.14193838802885	0.344646219015582
1.45174463580423	0.478561109172125
3.26406378444313	1.10187162962723
-0.352328640216398	0.101201570764145
0.658448437247608	0.206865271021461
1.45054889854294	0.478121061898946
3.26406378444313	1.10187162962723
1.95731570776637	0.441000340195791
0.154509067766894	0.0289541162362231
0.155111385030128	0.0290417527313876
0.660347295989593	0.207462296247491
-3.08542618523242	0.949198094742557
0.144640697621443	0.0425017414545061
-2.57660997484294	0.657538252319339
3.26284822825054	1.10169382604423
0.144054213480702	0.0423469198905259
1.04634616178494	0.496931093386432
-0.3523322595973	0.101168276473444
1.02651128578825	0.383050193875148
-0.35569023027487	0.10209347470967
0.137422041289568	0.0455421579565158
0.511187733730715	0.180331422147582
0.801220040350497	0.32937098969222
-0.242459551461214	0.077947382082456
0.424935770305415	0.167621556044747
0.162357836679133	0.0405597098553547
1.44899109330448	0.477667123734845
1.95731570776637	0.441000340195791
2.75641316563256	0.763778311858285
-0.355104953248248	0.101967480674674
0.948768757521975	0.248549269795159
0.158441687834525	0.0396618099099809
0.157325350109871	0.02936446462458
0.160221796316651	0.0401166927693931
3.26569824690609	1.10327543173781
0.94820175004088	0.248479682375772
0.155111385030128	0.0290417527313876
1.95786695174359	0.441149378722158
0.51386494250992	0.181311218287051
0.659032459281836	0.207041754611057
1.81115625615482	0.701436048499222
-1.04347763338354	0.410675434748757
-1.04255649350425	0.410401789740815
1.81235300959058	0.702242876396542
0.798676159728442	0.328314833787517
3.26569824690609	1.10327543173781
1.02592340208434	0.382810966482796
1.44450447975593	0.475941549703467
1.95731570776637	0.441000340195791
0.155111385030128	0.0290417527313876
-1.79840965860499	0.382877827643389
1.44922258720914	0.477763268309402
0.154465593370314	0.0289479903375428
0.948337549654709	0.248516516252871
0.152096526634845	0.044442514255823
3.9232513707374	1.69997531930461
0.656311070885642	0.206056768558202
0.802840016253824	0.330197869326294
-0.74622166118815	0.254850990416054
3.26284822825054	1.10169382604423
0.159992352718576	0.0400538861334557
0.144054213480702	0.0423469198905259
0.506985941033904	0.178701728610087
0.156070095129669	0.0391676647119387
1.44839669376933	0.477459847846965
1.01868988091969	0.379571940690884
0.947635845528227	0.248244973505163
1.02338601426445	0.38161996773056
0.944504519928106	0.247598335656165
0.94820175004088	0.248479682375772
0.948768757521975	0.248549269795159
-0.628164901903538	0.15157555358925
-1.52527766014307	0.541726073904961
0.947635845528227	0.248244973505163
0.950858461556905	0.2491584305819
1.02338601426445	0.38161996773056
-0.534032698929875	0.200474562335257
3.26631056571709	1.10328266544307
0.948337549654709	0.248516516252871
1.81294103662311	0.70256079058948
-0.355104953248248	0.101967480674674
-1.79840965860499	0.382877827643389
0.15963091503218	0.0399802605532864
1.55174017229736	0.752717131207676
0.163185820804974	0.0407257646525502
1.31473628244331	0.564270657565622
-1.8300617404783	0.739244520230481
3.6326714041979	1.41965046916025
3.26406378444313	1.10187162962723
0.801571141201532	0.329656916274671
0.144054213480702	0.0423469198905259
0.947770742439721	0.248281535275256
1.95731570776637	0.441000340195791
1.95731570776637	0.441000340195791
0.947770742439721	0.248281535275256
1.44839669376933	0.477459847846965
2.75807933893485	0.764710363024488
1.95731570776637	0.441000340195791
0.155111385030128	0.0290417527313876
0.658741078701816	0.207014004441108
0.947635845528227	0.248244973505163
0.944504519928106	0.247598335656165
0.807528635845388	0.332541409655835
0.947163829875457	0.248276694926132
0.675381903961414	0.311010897261863
0.511187733730715	0.180331422147582
1.30729482478471	0.560238424285418
1.95786695174359	0.441149378722158
-1.79839614394125	0.382877807711208
4.16857700301249	1.96642819066943
0.160221796316651	0.0401166927693931
1.3150863687139	0.564688556451063
1.04989721959839	0.499092239481372
1.45138090115721	0.478568850670936
0.155111385030128	0.0290417527313876
1.04058549229476	0.493412698340227
3.26345542626113	1.10199860979414
-1.52246182960607	0.540465661800635
-1.79839614394125	0.382877807711208
-0.237559934502149	0.0764246711906185
0.653826927429073	0.205337088996143
4.17294548268353	1.96753598602499
3.92694117717927	1.70243676685084
-3.08203048704882	0.947509650360219
1.02329749324129	0.381582146499257
2.75520320904554	0.763197913000704
1.31296915771995	0.563217318478537
0.154509067766894	0.0289541162362231
-3.76137421922742	1.48226291907169
0.155067569950451	0.0290355764553768
-0.628299579656606	0.151558046801791
0.144389940892798	0.0424393237157952
0.874739212964142	0.462743507688596
0.14371839260098	0.0422424410228484
-1.79839614394125	0.382877807711208
0.162357836679133	0.0405597098553547
0.160221796316651	0.0401166927693931
-0.628164901903538	0.15157555358925
0.658449623497539	0.206846818911275
-0.355394630173918	0.102015543768339
1.31416993955936	0.56393406368061
2.75520320904554	0.763197913000704
2.3386469338706	1.1463460110087
0.94820175004088	0.248479682375772
0.94820175004088	0.248479682375772
0.659032459281836	0.207041754611057
2.10173504798347	0.924843834263361
-0.738670030097319	0.252119567169358
-0.628733247343677	0.151688343674084
-3.76108876538849	1.48211039032061
0.658741078701816	0.207014004441108
1.81294103662311	0.70256079058948
-3.08203048704882	0.947509650360219
1.02617238539361	0.38275777208832
-1.14088544605048	0.344426431780091
0.144054213480702	0.0423469198905259
2.75868832531345	0.765017792149168
0.154509067766894	0.0289541162362231
-0.628599509856641	0.151612619227975
1.95988292961267	0.441702177751728
0.154509067766894	0.0289541162362231
0.157370411029726	0.0293708256249034
2.75520320904554	0.763197913000704
3.26569824690609	1.10327543173781
0.154509067766894	0.0289541162362231
1.95731570776637	0.441000340195791
-1.52955481711501	0.543641482939636
1.95988292961267	0.441702177751728
2.75580772001712	0.763760469153332
0.154465593370314	0.0289479903375428
0.139684630056245	0.0411185419267414
-1.29882542782854	0.579669605589987
-0.742101285286405	0.253499136601578
-1.83072704109891	0.739930594937107
1.95731570776637	0.441000340195791
-2.08553743334962	0.941412888325459
-0.63185471444008	0.152466960619287
1.25881210567717	0.68250341264782
2.75641316563256	0.763778311858285
1.81294103662311	0.70256079058948
2.75580772001712	0.763760469153332
3.26406378444313	1.10187162962723
1.02480914386846	0.382191050766977
1.95731570776637	0.441000340195791
1.81323362267005	0.702723165703649
-0.354815349846941	0.101888689175609
1.31218528243788	0.56311122145944
2.75580772001712	0.763760469153332
1.8138222857108	0.70292085392477
2.75520320904554	0.763197913000704
-0.628599509856641	0.151612619227975
1.44862736407577	0.477555630338169
0.658794699245427	0.20676579192552
-2.5766529574574	0.657773148602288
1.44899109330448	0.477667123734845
0.15963091503218	0.0399802605532864
1.95731570776637	0.441000340195791
0.160221796316651	0.0401166927693931
0.948337549654709	0.248516516252871
0.159402290839324	0.0399177124259514
-1.79839614394125	0.382877807711208
1.45054889854294	0.478121061898946
0.94820175004088	0.248479682375772
0.155067569950451	0.0290355764553768
0.657283842665822	0.20642210460759
0.144640697621443	0.0425017414545061
3.26284822825054	1.10169382604423
0.135364021327178	0.0449437078279942
-0.737745529684395	0.251848226779474
0.950287720870208	0.248999740475732
0.661517102334111	0.207824976675168
1.02939313477738	0.384032816891873
1.95786695174359	0.441149378722158
-0.737745529684395	0.251848226779474
-0.35569023027487	0.10209347470967
-0.168760743646406	0.0604728682433177
2.10404963108371	0.926287358542244
1.02271178737872	0.381316878019672
-0.628733247343677	0.151688343674084
1.02248687611089	0.381157405723936
3.26284822825054	1.10169382604423
0.155067569950451	0.0290355764553768
0.658741078701816	0.207014004441108
2.75580772001712	0.763760469153332
0.154509067766894	0.0289541162362231
1.95731570776637	0.441000340195791
1.95731570776637	0.441000340195791
0.155111385030128	0.0290417527313876
1.95731570776637	0.441000340195791
2.75520320904554	0.763197913000704
1.95786695174359	0.441149378722158
1.95731570776637	0.441000340195791
0.155111385030128	0.0290417527313876
0.15963091503218	0.0399802605532864
0.658741078701816	0.207014004441108
0.140948251392809	0.041458274749763
1.02592340208434	0.382810966482796
-1.29882542782854	0.579669605589987
2.75641316563256	0.763778311858285
0.94820175004088	0.248479682375772
1.44899109330448	0.477667123734845
1.31218528243788	0.56311122145944
3.26284822825054	1.10169382604423
0.154465593370314	0.0289479903375428
1.45078261646269	0.478218161496633
0.157325350109871	0.02936446462458
1.02363521199244	0.381873400117373
1.81235300959058	0.702242876396542
0.660932155782147	0.207694635746326
2.75807933893485	0.764710363024488
1.44839669376933	0.477459847846965
-0.738414128880846	0.252090639638632
0.947635845528227	0.248244973505163
0.950287720870208	0.248999740475732
-0.628299579656606	0.151558046801791
-0.533902974417272	0.200428318244093
0.144054213480702	0.0423469198905259
0.159859477622278	0.0400192334307773
2.75580772001712	0.763760469153332
3.63565166019344	1.42132833477826
0.947770742439721	0.248281535275256
0.144976980831471	0.0425943260188831
1.02271178737872	0.381316878019672
1.95786695174359	0.441149378722158
1.95786695174359	0.441149378722158
-0.355104953248248	0.101967480674674
0.511003196816671	0.180124792682429
0.950998501270056	0.249196467275389
0.660640141500972	0.207490447031014
1.8135291528185	0.702758164322864
-0.354519585455166	0.101776151388844
-1.14088544605048	0.344426431780091
-1.52275201069355	0.540627902821117
0.143231568712453	0.0420634101782781
0.156070095129669	0.0391676647119387
-1.1406575104342	0.344234513147494
0.947635845528227	0.248244973505163
3.26224218729945	1.1009233569627
2.10286507825917	0.92563188054431
-1.1414839653338	0.344622990730584
-0.63185471444008	0.152466960619287
0.156070095129669	0.0391676647119387
-1.14088544605048	0.344426431780091
0.423653018296377	0.167125210215394
0.155111385030128	0.0290417527313876
-0.236865950236819	0.0762080730306188
0.155111385030128	0.0290417527313876
0.162357836679133	0.0405597098553547
1.0238833519431	0.381787644807647
0.154465593370314	0.0289479903375428
1.95731570776637	0.441000340195791
1.95731570776637	0.441000340195791
1.44839669376933	0.477459847846965
0.947770742439721	0.248281535275256
0.155111385030128	0.0290417527313876
0.658157600688591	0.206837664845118
1.55174017229736	0.752717131207676
0.134446827346684	0.044648821058174
-1.83066282429031	0.739596942279786
1.24949335708199	0.67545807251354
1.95988292961267	0.441702177751728
2.33470644076288	1.14335517449658
1.95786695174359	0.441149378722158
0.154509067766894	0.0289541162362231
2.75580772001712	0.763760469153332
0.947770742439721	0.248281535275256
0.512103476504473	0.180655514559587
-0.241325335112873	0.0776212717213414
0.800732484930354	0.329422357686243
0.657866689740957	0.206670742493303
0.154509067766894	0.0289541162362231
0.155111385030128	0.0290417527313876
0.950287720870208	0.248999740475732
3.26569824690609	1.10327543173781
1.31331884073887	0.56363424296824
0.654408135649179	0.205512311863459
1.75892184559066	0.963246001757108
0.16045117802105	0.0401558290866076
-0.352620864579995	0.101250485836996
0.155067569950451	0.0290355764553768
0.94820175004088	0.248479682375772
2.75868832531345	0.765017792149168
0.94820175004088	0.248479682375772
0.156304884454214	0.0392194704826931
-0.626075023442282	0.151167646950723
0.427389936605904	0.168678082747787
0.160221796316651	0.0401166927693931
0.659032459281836	0.207041754611057
-1.79840965860499	0.382877827643389
0.950998501270056	0.249196467275389
0.144389940892798	0.0424393237157952
1.44899109330448	0.477667123734845
-0.355401168227563	0.102014834884787
0.425497080140127	0.167863861612803
0.160813493636874	0.0402291855562724
-2.57963910438406	0.659061212358043
0.157325350109871	0.02936446462458
1.44922258720914	0.477763268309402
0.162357836679133	0.0405597098553547
0.155067569950451	0.0290355764553768
1.55805296257806	0.757338935380643
1.95786695174359	0.441149378722158
0.157370411029726	0.0293708256249034
1.02567343435987	0.382470463826608
0.157370411029726	0.0293708256249034
2.75580772001712	0.763760469153332
1.81456677210567	0.703082758766755
0.94820175004088	0.248479682375772
-0.628164901903538	0.15157555358925
2.75641316563256	0.763778311858285
3.26569824690609	1.10327543173781
0.131682648363566	0.0437604593152334
-0.238477685762541	0.0766637276789288
-0.414849585401539	0.172825872337049
2.75868832531345	0.765017792149168
0.947635845528227	0.248244973505163
1.02271178737872	0.381316878019672
1.44981862951738	0.477799018830262
0.145313170347528	0.042674261922763
0.88099839576048	0.466529066729843
1.02329749324129	0.381582146499257
-1.52554695498285	0.541620681553635
-1.79840965860499	0.382877827643389
-1.52585303078124	0.541962051097293
-0.738079783119958	0.251987608125061
0.155111385030128	0.0290417527313876
3.26569824690609	1.10327543173781
2.75580772001712	0.763760469153332
-0.359725191866461	0.103238313016327
1.31126841403568	0.56233368703482
-1.79839614394125	0.382877807711208
1.95731570776637	0.441000340195791
0.155067569950451	0.0290355764553768
0.658157600688591	0.206837664845118
0.154509067766894	0.0289541162362231
3.92516768334333	1.70097969958265
0.13125430574639	0.0494561793802337
-0.738670030097319	0.252119567169358
0.653826927429073	0.205337088996143
0.160813493636874	0.0402291855562724
0.945072510336007	0.247668267417156
0.144054213480702	0.0423469198905259
-1.79839614394125	0.382877807711208
1.81294103662311	0.70256079058948
-3.45945095257726	1.22747869975084
1.44862736407577	0.477555630338169
-0.234659925712008	0.0755339906287207
0.802138012530807	0.329972517070534
0.142892234362748	0.0419793224062305
-0.35666348042052	0.102404483392645
1.0239728358881	0.381885834911352
1.06467715805871	0.644478179892282
0.587811970510168	0.303798531055364
1.95786695174359	0.441149378722158
0.155067569950451	0.0290355764553768
-1.80123754984197	0.383647112861273
0.155111385030128	0.0290417527313876
-0.628733247343677	0.151688343674084
1.95731570776637	0.441000340195791
1.95786695174359	0.441149378722158
1.95731570776637	0.441000340195791
0.155111385030128	0.0290417527313876
1.95786695174359	0.441149378722158
0.94820175004088	0.248479682375772
0.143132619682455	0.0420748163550394
1.44839669376933	0.477459847846965
1.44899109330448	0.477667123734845
0.425497080140127	0.167863861612803
1.43265129803783	0.876078092905486
-0.628299579656606	0.151558046801791
1.95731570776637	0.441000340195791
2.1031177894695	0.925795147014246
1.81264504950119	0.702404900566408
-1.79839614394125	0.382877807711208
1.95731570776637	0.441000340195791
1.8135291528185	0.702758164322864
0.157325350109871	0.02936446462458
0.367238192949294	0.162691055971871
0.154509067766894	0.0289541162362231
0.156661115950913	0.0392800358899383
3.26631056571709	1.10328266544307
0.154465593370314	0.0289479903375428
-2.57669595250488	0.657559862268914
0.658448437247608	0.206865271021461
0.94820175004088	0.248479682375772
1.44839669376933	0.477459847846965
-2.5766529574574	0.657773148602288
1.31416993955936	0.56393406368061
3.92516768334333	1.70097969958265
0.660638687988492	0.207526442563452
0.160221796316651	0.0401166927693931
-0.632424041671007	0.152580102364835
-3.76137421922742	1.48226291907169
0.5126703877852	0.180806312829072
0.155067569950451	0.0290355764553768
-1.79839614394125	0.382877807711208
2.09962019368326	0.923638574732708
-1.14193838802885	0.344646219015582
1.44922258720914	0.477763268309402
0.152050960400409	0.028630259939513
0.654121684946124	0.205433467520013
-1.52866955783943	0.543083867430977
0.657283842665822	0.20642210460759
0.51386494250992	0.181311218287051
4.16793953393336	1.96626606855667
0.947770742439721	0.248281535275256
1.44839669376933	0.477459847846965
2.75520320904554	0.763197913000704
1.95786695174359	0.441149378722158
0.15144823932183	0.0285426379557898
-1.79840965860499	0.382877827643389
0.154465593370314	0.0289479903375428
2.75520320904554	0.763197913000704
-0.628299579656606	0.151558046801791
0.644493389688119	0.458637923390347
0.767836214035121	0.454939795512729
1.31416993955936	0.56393406368061
0.50720087150347	0.178829201945322
0.369330960603679	0.163715568974243
3.63629792702422	1.42164529184574
1.44899109330448	0.477667123734845
0.660932155782147	0.207694635746326
-1.79840965860499	0.382877827643389
0.510619816865865	0.180113549991954
0.654408135649179	0.205512311863459
0.424265519863284	0.167436585180397
0.160813493636874	0.0402291855562724
1.95731570776637	0.441000340195791
0.948905461162112	0.248586345985544
0.156304884454214	0.0392194704826931
-1.2948051112795	0.577362423726676
-0.415116620386652	0.172916119993669
-1.14088544605048	0.344426431780091
1.95786695174359	0.441149378722158
0.154465593370314	0.0289479903375428
0.155111385030128	0.0290417527313876
0.948768757521975	0.248549269795159
-0.628164901903538	0.15157555358925
0.656894206098884	0.206287716765961
1.81456677210567	0.703082758766755
0.3694696564584	0.163613647603787
0.879179400777076	0.465727337740917
0.51408290047205	0.181384498788784
0.154509067766894	0.0289541162362231
2.75641316563256	0.763778311858285
1.02592340208434	0.382810966482796
0.155111385030128	0.0290417527313876
-0.628599509856641	0.151612619227975
1.45114635521655	0.478471348903038
1.95786695174359	0.441149378722158
-1.1412568453231	0.344431220445032
1.31834040226142	0.565982656192084
-2.57968420714322	0.659073447553718
0.155111385030128	0.0290417527313876
3.63565166019344	1.42132833477826
1.44899109330448	0.477667123734845
0.155067569950451	0.0290355764553768
0.948905461162112	0.248586345985544
2.75520320904554	0.763197913000704
0.950998501270056	0.249196467275389
0.511535984561553	0.180463547184556
-0.165868726206903	0.059398359502228
1.04989721959839	0.499092239481372
-1.1413415008172	0.344450233445194
0.155111385030128	0.0290417527313876
-1.1840119631349	0.66014918760717
0.950426851449918	0.249037516760643
1.4480329582247	0.477161868008032
0.127476057735319	0.0544213820391125
3.26345542626113	1.10199860979414
4.36871773741275	2.22091875583372
0.308784252207395	0.20018262609495
0.171406277920697	0.105725330425619
0.133134712517645	0.0568317747059139
0.802273091671679	0.329882237321236
1.95731570776637	0.441000340195791
-1.1406575104342	0.344234513147494
2.75580772001712	0.763760469153332
1.81545080408239	0.703738180326379
3.92566058026872	1.70098421412171
0.798324210831681	0.328230166540438
0.65757421006213	0.206588655278929
2.75580772001712	0.763760469153332
-1.79840965860499	0.382877827643389
-1.69398351198074	0.953209725297627
-0.737154567775087	0.251538686589487
3.26284822825054	1.10169382604423
2.75580772001712	0.763760469153332
-1.79839614394125	0.382877807711208
2.75580772001712	0.763760469153332
-2.57968420714322	0.659073447553718
-0.628030265547787	0.151499678636842
-2.57660997484294	0.657538252319339
-0.350128602099817	0.100573869045266
1.01985986214015	0.380041869937102
0.660932155782147	0.207694635746326
-1.0001037668499	0.493752779623566
0.660347295989593	0.207462296247491
2.09505135909681	0.920347066692038
0.948337549654709	0.248516516252871
-0.169228505263572	0.0605484402011059
-1.79839614394125	0.382877807711208
0.155067569950451	0.0290355764553768
-2.5766529574574	0.657773148602288
-1.1414839653338	0.344622990730584
-1.05120492037028	0.414443813999069
0.654408135649179	0.205512311863459
-1.79840965860499	0.382877827643389
2.75580772001712	0.763760469153332
2.75641316563256	0.763778311858285
1.95988292961267	0.441702177751728
2.72732958338661	1.63752987643286
1.35230857695913	1.2503892518958
1.04759640633222	0.497574511501099
0.327587605088765	0.18154599062201
0.3791348120728	0.168304142063453
1.44725524543057	0.476951096350534
1.38073582816861	1.06340510479202
0.510967914253512	0.180245566763838
1.23215612041047	1.0390966152781
1.235455787809	0.849918868533774
1.31451987093813	0.564351638075811
0.146142632021459	0.0773049717946143
0.69594885053044	0.454930206507148
0.345421121438385	0.172526694098006
1.06497579950132	0.644868831893705
1.25532341893513	0.679585273431595
1.44922258720914	0.477763268309402
0.155067569950451	0.0290355764553768
0.15963091503218	0.0399802605532864
0.948337549654709	0.248516516252871
-0.737411368529038	0.251647475713659
-0.355401168227563	0.102014834884787
0.947635845528227	0.248244973505163
0.160583229502904	0.0401661733691417
3.63395648950567	1.42026036401428
-1.14499995487719	0.345855392571373
-3.08203048704882	0.947509650360219
-0.797312161678037	0.346534853807119
-0.739003822726622	0.252222384495429
-1.80123754984197	0.383647112861273
2.75641316563256	0.763778311858285
1.44839669376933	0.477459847846965
1.45391440811699	0.479230213237448
0.152050960400409	0.028630259939513
0.654408135649179	0.205512311863459
0.149212845857803	0.0436974436845553
-0.358557998384515	0.10292132426425
0.154509067766894	0.0289541162362231
1.95731570776637	0.441000340195791
0.154509067766894	0.0289541162362231
2.10114269367742	0.924635433318668
0.658741078701816	0.207014004441108
-1.79840965860499	0.382877827643389
-1.04278630064219	0.410314973185565
0.162719274583833	0.0406219991153643
0.16045117802105	0.0401558290866076
-2.5766529574574	0.657773148602288
-1.79839614394125	0.382877807711208
-2.57669595250488	0.657559862268914
0.146670376003709	0.0430346600388633
-2.5766529574574	0.657773148602288
0.154509067766894	0.0289541162362231
1.95988292961267	0.441702177751728
2.75807933893485	0.764710363024488
1.81574571371452	0.703837629137609
0.156070095129669	0.0391676647119387
-0.543250105928331	0.204305308908878
1.31275235192293	0.563405500186811
2.75580772001712	0.763760469153332
0.797972177742043	0.327977456331324
0.802704240998476	0.33025128123342
1.81545080408239	0.703738180326379
0.160221796316651	0.0401166927693931
-0.628164901903538	0.15157555358925
1.04424975463849	0.495554192271584
1.04711437298264	0.497299290173911
0.506636186737087	0.178613076266429
-0.632424041671007	0.152580102364835
1.44839669376933	0.477459847846965
3.6326714041979	1.41965046916025
0.155067569950451	0.0290355764553768
1.95731570776637	0.441000340195791
0.948905461162112	0.248586345985544
0.660932155782147	0.207694635746326
-0.351744415353914	0.1010114930848
-0.354519585455166	0.101776151388844
1.44862736407577	0.477555630338169
3.26284822825054	1.10169382604423
-0.628599509856641	0.151612619227975
-1.14088544605048	0.344426431780091
1.95786695174359	0.441149378722158
-0.738079783119958	0.251987608125061
1.44862736407577	0.477555630338169
0.657864503304789	0.206616146564203
0.160221796316651	0.0401166927693931
0.94820175004088	0.248479682375772
0.660932155782147	0.207694635746326
1.95731570776637	0.441000340195791
0.94820175004088	0.248479682375772
1.31183590793173	0.562694726030807
-2.57669595250488	0.657559862268914
2.75580772001712	0.763760469153332
-2.5766529574574	0.657773148602288
1.44862736407577	0.477555630338169
1.0239728358881	0.381885834911352
-2.57968420714322	0.659073447553718
-3.08542618523242	0.949198094742557
0.154509067766894	0.0289541162362231
-1.14111344283696	0.344497381350969
-1.1412568453231	0.344431220445032
1.95731570776637	0.441000340195791
-1.04324829900211	0.41067273876345
-1.79840965860499	0.382877827643389
0.162357836679133	0.0405597098553547
1.95731570776637	0.441000340195791
0.950858461556905	0.2491584305819
1.6026793133729	1.10788317644789
0.948768757521975	0.248549269795159
1.95731570776637	0.441000340195791
1.95786695174359	0.441149378722158
3.26857074944807	1.10417713664958
-1.79840965860499	0.382877827643389
0.656596864428374	0.206190386440451
0.155067569950451	0.0290355764553768
3.26631056571709	1.10328266544307
0.669294093430786	0.307879355796411
-2.5766529574574	0.657773148602288
0.885130484922122	0.469520571310958
-0.241194698180716	0.0775963201393135
1.95988292961267	0.441702177751728
1.95988292961267	0.441702177751728
0.659032459281836	0.207041754611057
0.516414683304658	0.182180363838712
1.95731570776637	0.441000340195791
-1.52527766014307	0.541726073904961
1.44665759513172	0.476601664632304
0.947635845528227	0.248244973505163
1.95731570776637	0.441000340195791
-2.57963910438406	0.659061212358043
-0.543688234679481	0.204395614503949
-0.237437039825944	0.0763599123457812
-1.1414839653338	0.344622990730584
0.160221796316651	0.0401166927693931
-0.354229439997714	0.101697261087168
0.160221796316651	0.0401166927693931
2.75580772001712	0.763760469153332
0.948337549654709	0.248516516252871
0.948905461162112	0.248586345985544
1.44862736407577	0.477555630338169
3.63565166019344	1.42132833477826
0.948337549654709	0.248516516252871
2.75580772001712	0.763760469153332
3.63395648950567	1.42026036401428
1.44450447975593	0.475941549703467
0.513516136888496	0.181178716343693
-3.08203048704882	0.947509650360219
1.95786695174359	0.441149378722158
-1.52585303078124	0.541962051097293
-1.1414839653338	0.344622990730584
-1.13895833229548	0.343813220888229
1.02533495299364	0.382457756692076
-0.355104953248248	0.101967480674674
0.659324643575319	0.207123110468657
3.63331351050508	1.42008896661082
0.876717909154008	0.463866575605238
3.63395648950567	1.42026036401428
-1.52468217246603	0.541450953371581
2.1037096154536	0.926051884063359
1.55450950666522	0.755013474046303
0.154465593370314	0.0289479903375428
1.81545080408239	0.703738180326379
2.75520320904554	0.763197913000704
0.660347295989593	0.207462296247491
0.511884149147493	0.180536056250855
0.805116244112889	0.331471066458395
0.696257169107199	0.456221972728744
0.51386494250992	0.181311218287051
0.670479674423801	0.308592907557702
1.55861485722101	0.757688140819901
0.660638687988492	0.207526442563452
0.146922191196889	0.0431076767472804
0.654703443030561	0.205608890273211
0.950426851449918	0.249037516760643
0.154509067766894	0.0289541162362231
1.95988292961267	0.441702177751728
0.88158540579846	0.466932419228524
0.127400928165014	0.0480444248477577
1.80835489274816	0.70010856168417
0.948337549654709	0.248516516252871
-1.79839614394125	0.382877807711208
1.81294103662311	0.70256079058948
-1.14193838802885	0.344646219015582
0.948768757521975	0.248549269795159
1.31139839023769	0.562237305599265
1.44922258720914	0.477763268309402
0.154509067766894	0.0289541162362231
2.75520320904554	0.763197913000704
1.45138090115721	0.478568850670936
1.95786695174359	0.441149378722158
0.37342860187781	0.165486981804691
2.75580772001712	0.763760469153332
-1.79839614394125	0.382877807711208
2.75520320904554	0.763197913000704
0.16045117802105	0.0401558290866076
1.81174408502965	0.701697875545868
-3.08216231491203	0.947551973079846
0.155111385030128	0.0290417527313876
0.805680641996882	0.331728723334835
3.26345542626113	1.10199860979414
1.44509906384746	0.476148552116978
0.147848686423209	0.0433479015633612
0.511884149147493	0.180536056250855
0.132951093876262	0.0441757525557606
0.15547989361324	0.039031965106125
4.16353012204261	1.96268998387972
0.801646495621991	0.329806891015716
1.81633531763119	0.703887329894944
1.95731570776637	0.441000340195791
0.155111385030128	0.0290417527313876
1.02558467001725	0.382518749728777
0.798887367854718	0.328506973468232
0.676515315711124	0.311693972958028
2.3410042779854	1.14815153258672
0.341071434145684	0.16999213125731
1.81264504950119	0.702404900566408
-1.1406575104342	0.344234513147494
-0.235948417281415	0.0759021467201397
1.02592340208434	0.382810966482796
2.75580772001712	0.763760469153332
1.95786695174359	0.441149378722158
-0.628733247343677	0.151688343674084
-0.538518495752287	0.202252156786087
2.75641316563256	0.763778311858285
-0.240627572806769	0.0774207528438286
-2.5766529574574	0.657773148602288
2.75868832531345	0.765017792149168
0.948337549654709	0.248516516252871
-0.354229439997714	0.101697261087168
2.0956418939305	0.921016207690412
2.75580772001712	0.763760469153332
0.661517102334111	0.207824976675168
0.511187733730715	0.180331422147582
0.950426851449918	0.249037516760643
1.95786695174359	0.441149378722158
-0.631994988626399	0.152498044571477
-3.45945095257726	1.22747869975084
-0.628733247343677	0.151688343674084
1.44922258720914	0.477763268309402
0.160813493636874	0.0402291855562724
1.95786695174359	0.441149378722158
1.02097706153712	0.380421430230224
0.135364021327178	0.0449437078279942
1.02709860167831	0.383182847467804
1.02651128578825	0.383050193875148
0.950998501270056	0.249196467275389
1.8135291528185	0.702758164322864
0.654703443030561	0.205608890273211
0.947635845528227	0.248244973505163
-3.45945095257726	1.22747869975084
-0.792961532394216	0.344288490733264
2.75520320904554	0.763197913000704
1.8166310232947	0.704051562387115
0.657866689740957	0.206670742493303
1.95731570776637	0.441000340195791
-1.79840965860499	0.382877827643389
2.75641316563256	0.763778311858285
1.95988292961267	0.441702177751728
1.44665759513172	0.476601664632304
2.75641316563256	0.763778311858285
3.26224218729945	1.1009233569627
-1.52439405688463	0.541142934209623
0.144389940892798	0.0424393237157952
-3.08216231491203	0.947551973079846
1.95731570776637	0.441000340195791
1.95731570776637	0.441000340195791
-1.79840965860499	0.382877827643389
0.658157600688591	0.206837664845118
4.38073946898462	2.22750118376647
1.81294103662311	0.70256079058948
3.63331351050508	1.42008896661082
0.943937640725668	0.24736392993685
0.157325350109871	0.02936446462458
0.15144823932183	0.0285426379557898
-0.628599509856641	0.151612619227975
-0.628867026021838	0.151670609188118
1.45054889854294	0.478121061898946
0.950858461556905	0.2491584305819
3.26569824690609	1.10327543173781
0.947770742439721	0.248281535275256
-0.354519585455166	0.101776151388844
3.26406378444313	1.10187162962723
3.26406378444313	1.10187162962723
1.95786695174359	0.441149378722158
-0.628733247343677	0.151688343674084
2.75520320904554	0.763197913000704
3.26569824690609	1.10327543173781
1.55126146787483	0.752994445894456
2.75580772001712	0.763760469153332
1.80894124091292	0.700425017401662
1.45114635521655	0.478471348903038
1.44922258720914	0.477763268309402
1.95731570776637	0.441000340195791
0.805680641996882	0.331728723334835
0.660347295989593	0.207462296247491
0.948905461162112	0.248586345985544
0.16045117802105	0.0401558290866076
-1.1412568453231	0.344431220445032
0.802489056255948	0.330144551890374
0.144054213480702	0.0423469198905259
0.807528635845388	0.332541409655835
0.94820175004088	0.248479682375772
0.653540010885453	0.205185988936824
1.95731570776637	0.441000340195791
0.947635845528227	0.248244973505163
-0.234881985943443	0.0755878057926229
-2.57669595250488	0.657559862268914
3.63203016857434	1.41874839489518
-0.238300485260816	0.0767056206772632
-1.14499995487719	0.345855392571373
-0.355104953248248	0.101967480674674
1.95786695174359	0.441149378722158
-1.79839614394125	0.382877807711208
-0.234881985943443	0.0755878057926229
-1.52955481711501	0.543641482939636
0.15144823932183	0.0285426379557898
-3.08203048704882	0.947509650360219
2.75580772001712	0.763760469153332
2.75520320904554	0.763197913000704
-0.349834437422478	0.100494066761987
0.657866689740957	0.206670742493303
0.805680641996882	0.331728723334835
0.157325350109871	0.02936446462458
2.75641316563256	0.763778311858285
1.02338601426445	0.38161996773056
0.154509067766894	0.0289541162362231
1.44862736407577	0.477555630338169
0.155067569950451	0.0290355764553768
1.95786695174359	0.441149378722158
1.95731570776637	0.441000340195791
1.95786695174359	0.441149378722158
2.75580772001712	0.763760469153332
2.75641316563256	0.763778311858285
2.75641316563256	0.763778311858285
1.8135291528185	0.702758164322864
2.75520320904554	0.763197913000704
1.44839669376933	0.477459847846965
1.81115625615482	0.701436048499222
0.162125356869158	0.0404960611383205
0.948768757521975	0.248549269795159
1.95786695174359	0.441149378722158
2.75641316563256	0.763778311858285
-3.08216231491203	0.947551973079846
2.88538959594907	1.91161500793549
0.948337549654709	0.248516516252871
-0.325460428922752	0.150061790536247
3.6326714041979	1.41965046916025
1.81323362267005	0.702723165703649
0.511755072041239	0.180523302881905
0.510967914253512	0.180245566763838
-1.04163570285521	0.409773247801858
-3.45900121533902	1.22669642729201
0.160583229502904	0.0401661733691417
0.159402290839324	0.0399177124259514
2.75580772001712	0.763760469153332
-1.1414839653338	0.344622990730584
0.163185820804974	0.0407257646525502
2.75641316563256	0.763778311858285
1.44899109330448	0.477667123734845
0.947770742439721	0.248281535275256
-1.04021595924619	0.409215240728406
0.94820175004088	0.248479682375772
0.660347295989593	0.207462296247491
2.75520320904554	0.763197913000704
-0.628164901903538	0.15157555358925
-3.08189869996978	0.9470994296719
-3.45967591146264	1.22746502283364
0.658157600688591	0.206837664845118
3.26284822825054	1.10169382604423
0.154465593370314	0.0289479903375428
-1.79839614394125	0.382877807711208
0.657864503304789	0.206616146564203
1.44899109330448	0.477667123734845
0.94820175004088	0.248479682375772
1.02626205148491	0.382823634565729
2.75520320904554	0.763197913000704
1.95988292961267	0.441702177751728
0.950858461556905	0.2491584305819
3.26569824690609	1.10327543173781
1.45198001091205	0.478658944297305
2.10430087590064	0.92608275519231
1.55174017229736	0.752717131207676
0.661223086818105	0.207656588437818
-0.628733247343677	0.151688343674084
-1.79839614394125	0.382877807711208
1.0190295579627	0.379719734867384
-3.76165974462818	1.48222195957514
-1.52527766014307	0.541726073904961
0.147259813410519	0.0432007445014279
-0.354815349846941	0.101888689175609
0.658157600688591	0.206837664845118
1.45078261646269	0.478218161496633
-0.240976410898063	0.0775300306973211
1.44922258720914	0.477763268309402
0.124601127651265	0.0414946434208037
0.156304884454214	0.0392194704826931
0.375846998396574	0.166691055896437
0.154465593370314	0.0289479903375428
2.10404963108371	0.926287358542244
-2.5766529574574	0.657773148602288
1.02939313477738	0.384032816891873
-0.628733247343677	0.151688343674084
1.95988292961267	0.441702177751728
-0.355401168227563	0.102014834884787
1.55805296257806	0.757338935380643
0.16045117802105	0.0401558290866076
0.157325350109871	0.02936446462458
0.94820175004088	0.248479682375772
-0.355104953248248	0.101967480674674
1.95786695174359	0.441149378722158
1.31275235192293	0.563405500186811
3.26284822825054	1.10169382604423
0.16045117802105	0.0401558290866076
1.95731570776637	0.441000340195791
2.54578920374591	1.37918799565204
1.44922258720914	0.477763268309402
0.15963091503218	0.0399802605532864
-0.628164901903538	0.15157555358925
-1.79839614394125	0.382877807711208
1.81574571371452	0.703837629137609
0.94820175004088	0.248479682375772
2.75580772001712	0.763760469153332
3.63565166019344	1.42132833477826
4.16793953393336	1.96626606855667
2.75520320904554	0.763197913000704
0.948905461162112	0.248586345985544
0.661225548064972	0.20772290984652
3.26406378444313	1.10187162962723
0.15963091503218	0.0399802605532864
1.44922258720914	0.477763268309402
-3.08912772662777	0.951015235110598
0.657866689740957	0.206670742493303
0.948337549654709	0.248516516252871
1.81633531763119	0.703887329894944
0.154509067766894	0.0289541162362231
-0.35569023027487	0.10209347470967
1.25435234173728	0.678593174751698
-0.415116620386652	0.172916119993669
0.511535984561553	0.180463547184556
-0.735795036496609	0.251087692088149
1.44509906384746	0.476148552116978
0.154465593370314	0.0289479903375428
1.02363521199244	0.381873400117373
3.6326714041979	1.41965046916025
0.654121684946124	0.205433467520013
0.947770742439721	0.248281535275256
-0.550799406273425	0.207416002259121
-0.238130718624198	0.0765764115230572
-1.52896155531942	0.543366808154917
0.144054213480702	0.0423469198905259
1.25435234173728	0.678593174751698
0.947770742439721	0.248281535275256
-2.5766529574574	0.657773148602288
0.155067569950451	0.0290355764553768
0.657866689740957	0.206670742493303
0.805116244112889	0.331471066458395
0.801571141201532	0.329656916274671
-0.628733247343677	0.151688343674084
-2.5766529574574	0.657773148602288
1.01961500222098	0.379984696878922
0.657864503304789	0.206616146564203
-1.14171114622793	0.344693702322242
0.94820175004088	0.248479682375772
2.75641316563256	0.763778311858285
0.948337549654709	0.248516516252871
0.658741078701816	0.207014004441108
0.94820175004088	0.248479682375772
1.95786695174359	0.441149378722158
0.143132619682455	0.0420748163550394
1.45391440811699	0.479230213237448
0.948337549654709	0.248516516252871
0.660638687988492	0.207526442563452
2.10139563641952	0.924609016057742
1.31423449666468	0.56372177285117
1.81323362267005	0.702723165703649
1.02914563133488	0.3838807966434
-1.83470480543889	0.742065970342523
-0.234881985943443	0.0755878057926229
0.948905461162112	0.248586345985544
2.75580772001712	0.763760469153332
1.81235300959058	0.702242876396542
0.160221796316651	0.0401166927693931
-1.13849635482287	0.34354887893789
0.15963091503218	0.0399802605532864
-1.1414839653338	0.344622990730584
0.154465593370314	0.0289479903375428
1.55152601933111	0.752759870414717
0.701066456915902	0.460233147937736
0.525233889211034	0.302415650970736
0.320983182818548	0.194864023612021
0.531838606360208	0.306924190237762
2.10114269367742	0.924635433318668
0.950287720870208	0.248999740475732
0.950287720870208	0.248999740475732
1.45078261646269	0.478218161496633
0.946592090327999	0.248117976822064
-3.08216231491203	0.947551973079846
-0.628733247343677	0.151688343674084
0.658741078701816	0.207014004441108
0.675458526307107	0.310947368433736
-2.57660997484294	0.657538252319339
2.75580772001712	0.763760469153332
0.161390300698196	0.0928603581633844
0.373162580695551	0.165341999479447
0.16045117802105	0.0401558290866076
-0.628733247343677	0.151688343674084
2.75580772001712	0.763760469153332
1.95988292961267	0.441702177751728
1.81205656672306	0.701877636994275
0.140609521820489	0.0413743325045252
-1.14111344283696	0.344497381350969
0.94820175004088	0.248479682375772
1.95731570776637	0.441000340195791
0.950998501270056	0.249196467275389
2.75520320904554	0.763197913000704
3.26345542626113	1.10199860979414
1.8138222857108	0.70292085392477
0.325091808035205	0.179929287325781
0.990942199339343	0.813733436042808
0.772047705793466	0.458347467934348
0.592529494954872	0.306605060382658
-0.412237428277913	0.235149151206958
-0.16719037374262	0.0598638290738506
1.61023424366665	1.11661019966397
0.506985941033904	0.178701728610087
1.02626205148491	0.382823634565729
1.95731570776637	0.441000340195791
-3.76165974462818	1.48222195957514
2.75641316563256	0.763778311858285
-2.57660997484294	0.657538252319339
0.155067569950451	0.0290355764553768
0.450319593433566	0.32624308147066
-0.0793767591755153	0.0348922220359026
1.44839669376933	0.477459847846965
1.95731570776637	0.441000340195791
3.26508709738097	1.10261522135605
1.95731570776637	0.441000340195791
0.950426851449918	0.249037516760643
1.44862736407577	0.477555630338169
3.26224218729945	1.1009233569627
0.94820175004088	0.248479682375772
-2.0861697947568	0.941936992542813
1.02304894811125	0.381607715308403
-0.354519585455166	0.101776151388844
0.155111385030128	0.0290417527313876
1.44839669376933	0.477459847846965
1.02617238539361	0.38275777208832
0.42440029925669	0.167434139239713
0.141534099969908	0.041600735872343
0.160583229502904	0.0401661733691417
3.26284822825054	1.10169382604423
2.75520320904554	0.763197913000704
1.308210147198	0.560788489886055
3.26284822825054	1.10169382604423
1.25658555936341	0.68088288459711
1.44899109330448	0.477667123734845
3.26284822825054	1.10169382604423
0.807528635845388	0.332541409655835
0.156304884454214	0.0392194704826931
0.804687608616084	0.331016518337293
0.144640697621443	0.0425017414545061
1.31543636736156	0.564668618767136
1.04424975463849	0.495554192271584
0.424935770305415	0.167621556044747
0.658449623497539	0.206846818911275
1.95786695174359	0.441149378722158
3.26284822825054	1.10169382604423
2.33956836114453	1.14697515944292
1.95731570776637	0.441000340195791
-0.628599509856641	0.151612619227975
0.157325350109871	0.02936446462458
-0.631994988626399	0.152498044571477
3.63500627246108	1.42050433165602
-0.737411368529038	0.251647475713659
0.14255281745336	0.0418775195715754
2.10252540036319	0.925396731648863
2.75580772001712	0.763760469153332
0.144725574883443	0.0425191258680454
0.155111385030128	0.0290417527313876
1.25460848783248	0.679060492763701
1.81235300959058	0.702242876396542
0.142645543006535	0.0418989273349654
1.95731570776637	0.441000340195791
0.94820175004088	0.248479682375772
1.95988292961267	0.441702177751728
1.02499638904051	0.382165912389253
1.01961500222098	0.379984696878922
0.155111385030128	0.0290417527313876
0.159859477622278	0.0400192334307773
1.02499638904051	0.382165912389253
-1.79840965860499	0.382877827643389
-3.45945095257726	1.22747869975084
1.81264504950119	0.702404900566408
0.154465593370314	0.0289479903375428
1.44862736407577	0.477555630338169
0.947635845528227	0.248244973505163
-0.356952421866901	0.102502236157484
0.656894206098884	0.206287716765961
2.75580772001712	0.763760469153332
1.56086796386854	0.758561367064639
0.427094552562733	0.168477934254199
0.950858461556905	0.2491584305819
0.146332921310034	0.0429416898033695
1.02304894811125	0.381607715308403
2.1031177894695	0.925795147014246
1.95731570776637	0.441000340195791
1.44862736407577	0.477555630338169
0.15547989361324	0.039031965106125
0.157325350109871	0.02936446462458
0.948337549654709	0.248516516252871
1.95731570776637	0.441000340195791
1.95731570776637	0.441000340195791
0.947635845528227	0.248244973505163
0.144976980831471	0.0425943260188831
-0.791832805004252	0.343622226885232
0.154509067766894	0.0289541162362231
-1.51193347960281	0.761871435562758
-0.117616490811435	0.0468386834197353
1.45054889854294	0.478121061898946
-1.52556530925699	0.541887546993991
-1.1413415008172	0.344450233445194
0.154465593370314	0.0289479903375428
0.132732885510209	0.0441080605497273
2.75520320904554	0.763197913000704
-0.619152800552872	0.29608472326445
2.75580772001712	0.763760469153332
0.948337549654709	0.248516516252871
0.15820382838182	0.0396092897578142
1.75836423143201	0.962753553234379
0.657866689740957	0.206670742493303
2.09623186676469	0.921454672983403
1.95731570776637	0.441000340195791
0.879823295650508	0.465619204635478
1.81456677210567	0.703082758766755
0.140023273435885	0.041219830052157
-3.08216231491203	0.947551973079846
0.15963091503218	0.0399802605532864
2.10114269367742	0.924635433318668
0.154465593370314	0.0289479903375428
3.26631056571709	1.10328266544307
1.95786695174359	0.441149378722158
0.144976980831471	0.0425943260188831
0.157370411029726	0.0293708256249034
1.44839669376933	0.477459847846965
1.30877399614962	0.561080478424277
0.654408135649179	0.205512311863459
1.3150863687139	0.564688556451063
1.31218528243788	0.56311122145944
2.10577777041247	0.92695430431462
0.157370411029726	0.0293708256249034
2.75520320904554	0.763197913000704
0.157325350109871	0.02936446462458
1.95786695174359	0.441149378722158
1.95731570776637	0.441000340195791
-3.08203048704882	0.947509650360219
-1.1412568453231	0.344431220445032
0.805116244112889	0.331471066458395
4.37185549230642	2.22417026832335
0.155111385030128	0.0290417527313876
0.657866689740957	0.206670742493303
-0.628030265547787	0.151499678636842
0.160221796316651	0.0401166927693931
-0.354815349846941	0.101888689175609
-0.236989724567202	0.0762485047293907
-3.46299441124492	1.22953362528533
-1.14559783756009	0.346052129596875
0.159402290839324	0.0399177124259514
0.428844518886435	0.169326646561233
0.950858461556905	0.2491584305819
-0.233395157779413	0.075126282890225
0.163185820804974	0.0407257646525502
1.95786695174359	0.441149378722158
1.02363521199244	0.381873400117373
1.45198001091205	0.478658944297305
1.44862736407577	0.477555630338169
0.160221796316651	0.0401166927693931
1.25223695808318	0.677016320444687
1.31275235192293	0.563405500186811
3.6326714041979	1.41965046916025
3.63629792702422	1.42164529184574
2.10345763612533	0.92603048253316
0.510619816865865	0.180113549991954
2.75580772001712	0.763760469153332
1.8135291528185	0.702758164322864
0.154465593370314	0.0289479903375428
-1.79840965860499	0.382877827643389
-1.79839614394125	0.382877807711208
1.04334303236484	0.494914028912666
1.8135291528185	0.702758164322864
-3.46299441124492	1.22953362528533
0.94820175004088	0.248479682375772
0.806382919129529	0.331954183712481
-0.237559934502149	0.0764246711906185
0.510839396613925	0.180141996770445
1.02787937451017	0.383250060365422
1.31543636736156	0.564668618767136
0.947635845528227	0.248244973505163
1.02880620938241	0.38386800333252
-0.164871681027419	0.0590573757996175
1.02363521199244	0.381873400117373
2.75807933893485	0.764710363024488
3.26224218729945	1.1009233569627
0.947770742439721	0.248281535275256
0.160813493636874	0.0402291855562724
0.146922191196889	0.0431076767472804
-1.04221071709325	0.410198911511082
-1.83597776269255	0.742763952258261
-0.330937904921865	0.152931374943538
1.4480329582247	0.477161868008032
0.511755072041239	0.180523302881905
1.02675953274209	0.382890377120406
-0.354815349846941	0.101888689175609
0.152050960400409	0.028630259939513
0.16045117802105	0.0401558290866076
0.132951093876262	0.0441757525557606
-2.08484842220823	0.940993818731239
-1.14559783756009	0.346052129596875
0.155111385030128	0.0290417527313876
-0.741848602831151	0.253311922462979
0.431972446017333	0.17056379636438
0.140023273435885	0.041219830052157
1.81264504950119	0.702404900566408
1.3150863687139	0.564688556451063
0.510619816865865	0.180113549991954
-1.83105982818556	0.740099638711398
0.128217426027829	0.0426676360228733
-0.628867026021838	0.151670609188118
2.1037096154536	0.926051884063359
3.63500627246108	1.42050433165602
0.658741078701816	0.207014004441108
0.948337549654709	0.248516516252871
2.3454249962513	1.1504425698451
1.95731570776637	0.441000340195791
0.947635845528227	0.248244973505163
-3.08229418357021	0.947231644170671
-0.629763239673253	0.152058330338803
0.802353086825023	0.329964914866132
-1.52585303078124	0.541962051097293
0.802353086825023	0.329964914866132
0.661811042100157	0.2078534144171
-3.46322465260564	1.22963503158779
0.425281606664403	0.167780963846818
0.144640697621443	0.0425017414545061
-0.260743402085362	0.131950531694035
0.58657978760058	0.30312760472504
0.94820175004088	0.248479682375772
1.31543636736156	0.564668618767136
2.34192571099863	1.148837051844
1.06527469285794	0.645091800384117
0.160583229502904	0.0401661733691417
0.129916076947615	0.0554206976348945
-0.540010421209968	0.202885751343567
1.95731570776637	0.441000340195791
0.154465593370314	0.0289479903375428
1.95731570776637	0.441000340195791
-0.352915395102444	0.101358152963712
0.154509067766894	0.0289541162362231
2.1031177894695	0.925795147014246
0.948337549654709	0.248516516252871
-0.355979365614545	0.102141358762928
0.804199982861606	0.330881993772713
-0.3523322595973	0.101168276473444
-0.354815349846941	0.101888689175609
-1.04232764455762	0.41013375079511
-1.52499008340819	0.541418114624462
-1.79840965860499	0.382877827643389
1.81455903653454	0.702571077650313
0.154509067766894	0.0289541162362231
-0.737489374761453	0.251678150254292
-3.0857009920368	0.949295045119167
-3.08229418357021	0.947231644170671
-0.23808408660897	0.0766242401144763
-0.237437039825944	0.0763599123457812
0.140361834634309	0.0413037326992959
-0.167880062254655	0.0601000389710004
-0.236295434458238	0.0760318807121589
0.130977595936442	0.0435409758262869
0.160813493636874	0.0402291855562724
0.421057115552697	0.166017922839267
0.510967914253512	0.180245566763838
0.65757421006213	0.206588655278929
-3.08203048704882	0.947509650360219
0.155067569950451	0.0290355764553768
0.950426851449918	0.249037516760643
0.160583229502904	0.0401661733691417
0.94820175004088	0.248479682375772
1.95731570776637	0.441000340195791
0.154465593370314	0.0289479903375428
2.75641316563256	0.763778311858285
0.948337549654709	0.248516516252871
-1.04418706517305	0.411112263748397
0.146922191196889	0.0431076767472804
-0.350128602099817	0.100573869045266
0.15963091503218	0.0399802605532864
0.126207204805788	0.0475458609722025
0.144725574883443	0.0425191258680454
1.44922258720914	0.477763268309402
0.508961914241948	0.17942052870648
0.655285284601054	0.205717641865354
0.658449623497539	0.206846818911275
0.161043695584893	0.0402684742968713
0.131190430440417	0.043607248787474
-0.172763609011902	0.0618983817636962
1.02338601426445	0.38161996773056
1.95786695174359	0.441149378722158
-2.57669595250488	0.657559862268914
0.950858461556905	0.2491584305819
0.42674901755277	0.168383534172577
0.802704240998476	0.33025128123342
0.510051323737923	0.179850968444512
-1.14583039258107	0.346039770541419
0.142645543006535	0.0418989273349654
-0.746468959039539	0.255084183402722
0.14556417703739	0.0427370982099398
0.512948788838409	0.180923723722652
0.159859477622278	0.0400192334307773
-0.540931907633296	0.203119310406955
-0.628599509856641	0.151612619227975
0.658741078701816	0.207014004441108
-0.234312185154952	0.0754304879292539
0.513733853850566	0.181194231451746
-0.171416957929972	0.0613808082861972
0.658741078701816	0.207014004441108
1.81264504950119	0.702404900566408
0.943937640725668	0.24736392993685
0.147259813410519	0.0432007445014279
-0.236865950236819	0.0762080730306188
1.44862736407577	0.477555630338169
-3.45922605387697	1.22727228815634
1.02422162940792	0.382079227006262
0.661225548064972	0.20772290984652
-0.628867026021838	0.151670609188118
3.63500627246108	1.42050433165602
0.94820175004088	0.248479682375772
1.44839669376933	0.477459847846965
3.26569824690609	1.10327543173781
0.511755072041239	0.180523302881905
0.805680641996882	0.331728723334835
1.02651128578825	0.383050193875148
0.426534137158906	0.168253126180802
0.147597353924913	0.0432809812564028
0.152050960400409	0.028630259939513
-1.53326666156506	0.545110963407603
0.658448437247608	0.206865271021461
-2.5766529574574	0.657773148602288
0.160813493636874	0.0402291855562724
-1.04232764455762	0.41013375079511
0.803055311396109	0.330423388744012
0.159402290839324	0.0399177124259514
0.952960668065698	0.249631740841768
0.658449623497539	0.206846818911275
0.162719274583833	0.0406219991153643
1.04390304170334	0.495341115745227
1.30729482478471	0.560238424285418
2.75580772001712	0.763760469153332
3.6326714041979	1.41965046916025
0.15963091503218	0.0399802605532864
0.133827547304626	0.0504034048186407
-0.99784185095149	0.492475193471146
1.81235300959058	0.702242876396542
0.950426851449918	0.249037516760643
1.95731570776637	0.441000340195791
-0.628867026021838	0.151670609188118
0.155111385030128	0.0290417527313876
0.950426851449918	0.249037516760643
2.75641316563256	0.763778311858285
1.95786695174359	0.441149378722158
1.95786695174359	0.441149378722158
-0.628599509856641	0.151612619227975
-0.628733247343677	0.151688343674084
3.26508709738097	1.10261522135605
1.02939313477738	0.384032816891873
1.44899109330448	0.477667123734845
1.44862736407577	0.477555630338169
2.50663861625475	2.32073948434208
0.160221796316651	0.0401166927693931
2.75580772001712	0.763760469153332
1.45138090115721	0.478568850670936
0.948337549654709	0.248516516252871
3.26284822825054	1.10169382604423
-0.739003822726622	0.252222384495429
0.154465593370314	0.0289479903375428
-0.632424041671007	0.152580102364835
-1.04347763338354	0.410675434748757
2.75520320904554	0.763197913000704
-0.628733247343677	0.151688343674084
-0.168071231557483	0.0602122711084703
-0.236420091117799	0.0760498926963215
3.9275816800867	1.70263786398349
-1.83099487872884	0.740025429797688
0.155111385030128	0.0290417527313876
-1.52525862148376	0.541687313963439
-1.14111344283696	0.344497381350969
0.673374775651056	0.310055403701631
3.26284822825054	1.10169382604423
1.44958631087756	0.477702557005987
1.95731570776637	0.441000340195791
2.09936716295541	0.923201539626781
0.146332921310034	0.0429416898033695
0.141195201809473	0.0415167743660916
3.26631056571709	1.10328266544307
-0.628164901903538	0.15157555358925
-0.354525819937872	0.101778275735803
0.160813493636874	0.0402291855562724
-0.738670030097319	0.252119567169358
0.143231568712453	0.0420634101782781
0.658741078701816	0.207014004441108
0.50755078071475	0.178917899343599
-0.233964530152622	0.0753172914260115
-1.79840965860499	0.382877827643389
4.16480743748042	1.96391658672842
-1.14111344283696	0.344497381350969
1.55507391974261	0.755498369683247
1.02363521199244	0.381873400117373
0.582439476614043	0.300374349088181
2.75807933893485	0.764710363024488
-1.29388110726104	0.576654901330229
0.380952692016612	0.169197679273644
0.154465593370314	0.0289479903375428
1.81456677210567	0.703082758766755
0.657283842665822	0.20642210460759
2.75580772001712	0.763760469153332
0.158797898832415	0.0397350165406265
0.155111385030128	0.0290417527313876
0.160221796316651	0.0401166927693931
-0.165650631391215	0.0593414877038015
1.81515619836297	0.703574555319196
-0.632424041671007	0.152580102364835
-1.14171114622793	0.344693702322242
1.44899109330448	0.477667123734845
0.802704240998476	0.33025128123342
3.26345542626113	1.10199860979414
0.65757421006213	0.206588655278929
-1.79839614394125	0.382877807711208
-0.73955895107728	0.252503873418029
0.144389940892798	0.0424393237157952
-0.737489374761453	0.251678150254292
-1.00328617466883	0.495938980978668
0.141195201809473	0.0415167743660916
0.428844518886435	0.169326646561233
0.948337549654709	0.248516516252871
-0.354519585455166	0.101776151388844
0.160583229502904	0.0401661733691417
1.31275235192293	0.563405500186811
-1.04324829900211	0.41067273876345
3.92694117717927	1.70243676685084
0.144640697621443	0.0425017414545061
-0.418826686176616	0.174791777507008
0.514431860453614	0.181517099423547
1.44450447975593	0.475941549703467
0.65757421006213	0.206588655278929
2.75580772001712	0.763760469153332
-3.0857009920368	0.949295045119167
-1.79840965860499	0.382877827643389
-1.1413415008172	0.344450233445194
-3.45922605387697	1.22727228815634
1.45078261646269	0.478218161496633
1.45114635521655	0.478471348903038
0.135364021327178	0.0449437078279942
0.425627365203623	0.167916299468516
0.154465593370314	0.0289479903375428
-1.79839614394125	0.382877807711208
0.950858461556905	0.2491584305819
0.156070095129669	0.0391676647119387
1.44862736407577	0.477555630338169
-1.14499995487719	0.345855392571373
-0.356367399040958	0.102345848061694
3.26284822825054	1.10169382604423
0.143231568712453	0.0420634101782781
1.45078261646269	0.478218161496633
1.31126841403568	0.56233368703482
2.09995861282333	0.923872580873855
-2.5766529574574	0.657773148602288
0.372154632546278	0.165023296170665
0.672096455682138	0.309127443711553
1.4480329582247	0.477161868008032
1.0190295579627	0.379719734867384
0.87388887239032	0.462227316778665
0.661517102334111	0.207824976675168
1.44862736407577	0.477555630338169
-2.57660997484294	0.657538252319339
-1.14088544605048	0.344426431780091
1.95786695174359	0.441149378722158
0.155111385030128	0.0290417527313876
0.947770742439721	0.248281535275256
3.26284822825054	1.10169382604423
-0.788618958882262	0.341859317766317
0.160813493636874	0.0402291855562724
1.30898590240314	0.561115575362232
0.144725574883443	0.0425191258680454
3.26224218729945	1.1009233569627
0.511187733730715	0.180331422147582
0.131814043124596	0.0438161720723548
0.140609521820489	0.0413743325045252
1.45114635521655	0.478471348903038
0.15144823932183	0.0285426379557898
0.154465593370314	0.0289479903375428
-0.738670030097319	0.252119567169358
3.9232513707374	1.69997531930461
-0.240976410898063	0.0775300306973211
0.658157600688591	0.206837664845118
-0.236642536873473	0.0761450888689269
0.155111385030128	0.0290417527313876
0.512321829500026	0.180674048803135
0.156070095129669	0.0391676647119387
-0.628599509856641	0.151612619227975
0.516764201582912	0.182313298692041
-0.632563406792844	0.152610991116788
0.657864503304789	0.206616146564203
0.948768757521975	0.248549269795159
0.146922191196889	0.0431076767472804
-0.743841985718424	0.25400518718571
-0.737745529684395	0.251848226779474
0.131463990676715	0.0437015090033304
1.95786695174359	0.441149378722158
3.26284822825054	1.10169382604423
1.44958631087756	0.477702557005987
-0.738748567012076	0.252134640052989
-0.73833632952493	0.25198039611565
-0.351744415353914	0.1010114930848
0.157370411029726	0.0293708256249034
-0.114255520185105	0.0455076867265869
-1.52527766014307	0.541726073904961
2.5437102301488	1.3769190112143
0.152050960400409	0.028630259939513
0.773836833275706	0.459482534768358
0.808654354333683	0.333023384885456
0.944504519928106	0.247598335656165
0.144304320671072	0.0423970373819599
0.154311934860129	0.0289593414864238
0.657864503304789	0.206616146564203
0.128075192969757	0.0482635683600574
0.427044554676773	0.168576132834755
0.128409991510058	0.0483828350789698
-0.355394630173918	0.102015543768339
0.160221796316651	0.0401166927693931
1.02363521199244	0.381873400117373
-2.5766529574574	0.657773148602288
-0.354815349846941	0.101888689175609
0.147259813410519	0.0432007445014279
2.54692041991966	1.38000032658592
1.80894124091292	0.700425017401662
-3.76529646610535	1.48477662035046
0.155067569950451	0.0290355764553768
0.154509067766894	0.0289541162362231
0.152050960400409	0.028630259939513
2.75641316563256	0.763778311858285
3.26345542626113	1.10199860979414
0.661225548064972	0.20772290984652
1.95786695174359	0.441149378722158
3.26569824690609	1.10327543173781
2.75520320904554	0.763197913000704
-3.45900121533902	1.22669642729201
0.155111385030128	0.0290417527313876
1.81323362267005	0.702723165703649
-0.535402990152881	0.201037267314672
0.15820382838182	0.0396092897578142
-1.79839614394125	0.382877807711208
2.75807933893485	0.764710363024488
1.95731570776637	0.441000340195791
-0.743029498323094	0.253754321369633
0.162952579336367	0.0406858836130456
2.50855295652216	2.32610285247773
1.44839669376933	0.477459847846965
-0.23808408660897	0.0766242401144763
-0.241762406615348	0.0777470617850766
-1.14193838802885	0.344646219015582
-3.76080338308098	1.48176245886347
-0.164115797014508	0.058818573672412
1.0192751562055	0.379836783778508
1.45114635521655	0.478471348903038
1.55148040990528	0.753166033771985
0.94820175004088	0.248479682375772
-1.52439405688463	0.541142934209623
3.26284822825054	1.10169382604423
-3.45967591146264	1.22746502283364
0.159992352718576	0.0400538861334557
0.948905461162112	0.248586345985544
-2.57963910438406	0.659061212358043
0.155111385030128	0.0290417527313876
-1.14088544605048	0.344426431780091
0.159402290839324	0.0399177124259514
0.154465593370314	0.0289479903375428
0.510619816865865	0.180113549991954
0.950287720870208	0.248999740475732
1.44450447975593	0.475941549703467
-0.628164901903538	0.15157555358925
-1.79840965860499	0.382877827643389
-2.5766529574574	0.657773148602288
-0.631994988626399	0.152498044571477
0.511187733730715	0.180331422147582
0.154465593370314	0.0289479903375428
3.92694117717927	1.70243676685084
0.509876478641146	0.179762262788489
-3.08189869996978	0.9470994296719
-1.1414839653338	0.344622990730584
0.154509067766894	0.0289541162362231
-1.13872731243543	0.343741383764358
1.8135291528185	0.702758164322864
0.15963091503218	0.0399802605532864
0.154509067766894	0.0289541162362231
-0.540836580077605	0.203369627038744
0.94820175004088	0.248479682375772
0.664858111570347	0.305108582445123
-0.536892625271128	0.201634766838871
0.658157600688591	0.206837664845118
2.75580772001712	0.763760469153332
-0.628164901903538	0.15157555358925
0.155111385030128	0.0290417527313876
2.75520320904554	0.763197913000704
1.95731570776637	0.441000340195791
0.943937640725668	0.24736392993685
-1.14111344283696	0.344497381350969
-1.29237610264655	0.575925969894521
0.94820175004088	0.248479682375772
1.95731570776637	0.441000340195791
-2.5766529574574	0.657773148602288
-3.45945095257726	1.22747869975084
2.75807933893485	0.764710363024488
-1.79839614394125	0.382877807711208
0.947635845528227	0.248244973505163
-0.628599509856641	0.151612619227975
-0.353939368265063	0.101586834148653
0.14380305748793	0.042271222114559
1.45054889854294	0.478121061898946
0.133868704041977	0.0444524744567928
-0.36130712484679	0.103695538861668
3.26569824690609	1.10327543173781
1.44862736407577	0.477555630338169
-1.29525574662277	0.577871829307603
1.26262024373977	0.684941633391549
-1.30710924154634	0.584371640106957
-1.14111344283696	0.344497381350969
1.45198001091205	0.478658944297305
-2.5766529574574	0.657773148602288
1.44899109330448	0.477667123734845
-2.57669595250488	0.657559862268914
2.75580772001712	0.763760469153332
1.04278235143153	0.494384712219271
0.946592090327999	0.248117976822064
1.44862736407577	0.477555630338169
-0.359435145573547	0.103170722743079
0.144976980831471	0.0425943260188831
0.160813493636874	0.0402291855562724
-0.628599509856641	0.151612619227975
0.155067569950451	0.0290355764553768
0.948337549654709	0.248516516252871
-0.236295434458238	0.0760318807121589
1.81264504950119	0.702404900566408
-1.83165926032039	0.740451579277532
-0.62621301873586	0.15115097520137
-1.04687191417195	0.412486748895758
2.75580772001712	0.763760469153332
0.144054213480702	0.0423469198905259
0.511187733730715	0.180331422147582
0.154465593370314	0.0289479903375428
-2.5766529574574	0.657773148602288
0.510967914253512	0.180245566763838
1.31218528243788	0.56311122145944
0.94820175004088	0.248479682375772
2.10286507825917	0.92563188054431
2.75580772001712	0.763760469153332
-0.546721476711003	0.205754407122626
-1.52499008340819	0.541418114624462
-0.628030265547787	0.151499678636842
1.81515619836297	0.703574555319196
-3.4599009305559	1.22709220959572
-1.04290235412753	0.410559570501728
1.81323362267005	0.702723165703649
-1.79840965860499	0.382877827643389
0.948905461162112	0.248586345985544
0.144389940892798	0.0424393237157952
0.948905461162112	0.248586345985544
0.155067569950451	0.0290355764553768
0.142645543006535	0.0418989273349654
0.948337549654709	0.248516516252871
0.511755072041239	0.180523302881905
1.95731570776637	0.441000340195791
0.15963091503218	0.0399802605532864
0.154509067766894	0.0289541162362231
0.15144823932183	0.0285426379557898
0.948337549654709	0.248516516252871
0.658741078701816	0.207014004441108
0.159402290839324	0.0399177124259514
2.10114269367742	0.924635433318668
-2.0851928861798	0.941244883307777
-1.83099487872884	0.740025429797688
-1.14559783756009	0.346052129596875
2.10080345028195	0.924400736993524
0.51185508822947	0.180429891879722
0.658448437247608	0.206865271021461
0.658449623497539	0.206846818911275
0.948337549654709	0.248516516252871
-0.356952421866901	0.102502236157484
-1.04255649350425	0.410401789740815
-0.628164901903538	0.15157555358925
1.81323362267005	0.702723165703649
-0.359725191866461	0.103238313016327
2.75641316563256	0.763778311858285
0.159402290839324	0.0399177124259514
0.661223086818105	0.207656588437818
2.75868832531345	0.765017792149168
0.131814043124596	0.0438161720723548
0.658741078701816	0.207014004441108
1.44862736407577	0.477555630338169
2.09902930301809	0.922968081727696
1.02190239796348	0.380920127363489
1.44922258720914	0.477763268309402
1.44899109330448	0.477667123734845
1.81323362267005	0.702723165703649
-0.543250105928331	0.204305308908878
1.02592340208434	0.382810966482796
0.510051323737923	0.179850968444512
-1.1406575104342	0.344234513147494
1.31451987093813	0.564351638075811
-1.14499995487719	0.345855392571373
0.66401463442463	0.208486788853871
0.127651677266186	0.0424864772644231
0.656311070885642	0.206056768558202
0.65757421006213	0.206588655278929
1.81205656672306	0.701877636994275
-0.543250105928331	0.204305308908878
-1.0419816315643	0.409976007162161
-0.240627572806769	0.0774207528438286
-3.76500715654354	1.48473725010782
-2.13110443723557	1.63809048771461
0.132951093876262	0.0441757525557606
0.950998501270056	0.249196467275389
0.661225548064972	0.20772290984652
0.159402290839324	0.0399177124259514
0.160813493636874	0.0402291855562724
1.95731570776637	0.441000340195791
1.95731570776637	0.441000340195791
1.95731570776637	0.441000340195791
1.02709860167831	0.383182847467804
-2.5766529574574	0.657773148602288
2.75580772001712	0.763760469153332
0.800380368072435	0.329168985697583
-1.04721949984211	0.412618976511128
-1.1414839653338	0.344622990730584
-2.5766529574574	0.657773148602288
-0.737824274342293	0.251781339210884
0.511535984561553	0.180463547184556
0.162125356869158	0.0404960611383205
-1.50491293043414	0.756635000563442
0.660638687988492	0.207526442563452
-1.79840965860499	0.382877827643389
0.94820175004088	0.248479682375772
-1.5082900806176	0.75898051972622
-1.79839614394125	0.382877807711208
0.144640697621443	0.0425017414545061
2.1031177894695	0.925795147014246
-0.540486497816113	0.203240784979243
0.159859477622278	0.0400192334307773
-0.355104953248248	0.101967480674674
-0.999770520176459	0.493549718270557
0.675716089867762	0.31121850434917
-0.539219691548408	0.202623826299243
1.81604086904786	0.704001590638153
0.154465593370314	0.0289479903375428
0.950998501270056	0.249196467275389
-1.14171114622793	0.344693702322242
1.95786695174359	0.441149378722158
0.152050960400409	0.028630259939513
1.95731570776637	0.441000340195791
-1.79840965860499	0.382877827643389
1.81235300959058	0.702242876396542
0.14380305748793	0.042271222114559
0.94820175004088	0.248479682375772
0.155111385030128	0.0290417527313876
0.151536491393852	0.0381262887020096
0.658157600688591	0.206837664845118
0.510089510074648	0.179877546335957
0.661517102334111	0.207824976675168
0.137777354037229	0.0456973820976041
0.950426851449918	0.249037516760643
-1.52497036065527	0.541612586959632
0.134446827346684	0.044648821058174
0.943937640725668	0.24736392993685
1.7574582830118	0.961478606508408
2.3415744993868	1.14854547995181
-0.354519585455166	0.101776151388844
1.44981862951738	0.477799018830262
-0.354815349846941	0.101888689175609
0.948768757521975	0.248549269795159
0.14371839260098	0.0422424410228484
0.511755072041239	0.180523302881905
-0.628164901903538	0.15157555358925
1.55896709775471	0.757622057216156
-3.45945095257726	1.22747869975084
0.67374098604665	0.310203332995967
-1.79839614394125	0.382877807711208
1.95731570776637	0.441000340195791
-1.79839614394125	0.382877807711208
-1.79840965860499	0.382877827643389
3.63460034321621	1.42001047409594
0.162357836679133	0.0405597098553547
2.75520320904554	0.763197913000704
1.95731570776637	0.441000340195791
1.95786695174359	0.441149378722158
-1.79840965860499	0.382877827643389
-0.632424041671007	0.152580102364835
4.16730154885901	1.96585814036702
1.0238833519431	0.381787644807647
0.804536923824999	0.330895189401249
1.0472501359547	0.497556503187299
0.663718669460888	0.208457802619674
-0.236642536873473	0.0761450888689269
3.26284822825054	1.10169382604423
0.653826927429073	0.205337088996143
1.81294103662311	0.70256079058948
1.44839669376933	0.477459847846965
1.95731570776637	0.441000340195791
0.947635845528227	0.248244973505163
0.154509067766894	0.0289541162362231
-0.539535866518366	0.202616428643095
4.16480743748042	1.96391658672842
3.26284822825054	1.10169382604423
1.45391440811699	0.479230213237448
0.163185820804974	0.0407257646525502
0.154465593370314	0.0289479903375428
0.658741078701816	0.207014004441108
1.31656791107203	0.5650522711601
2.75580772001712	0.763760469153332
-0.355104953248248	0.101967480674674
-1.14559783756009	0.346052129596875
0.947770742439721	0.248281535275256
0.15963091503218	0.0399802605532864
0.155067569950451	0.0290355764553768
-1.79840965860499	0.382877827643389
-1.52468217246603	0.541450953371581
1.81235300959058	0.702242876396542
3.63500627246108	1.42050433165602
-0.628733247343677	0.151688343674084
-1.14583039258107	0.346039770541419
-0.738414128880846	0.252090639638632
1.31161763457028	0.562749823451238
0.155067569950451	0.0290355764553768
3.26284822825054	1.10169382604423
-0.536892625271128	0.201634766838871
0.144976980831471	0.0425943260188831
-1.29445710557565	0.57719309643802
1.44862736407577	0.477555630338169
-0.73955895107728	0.252503873418029
3.26345542626113	1.10199860979414
-0.632424041671007	0.152580102364835
1.8138222857108	0.70292085392477
-0.168788938740215	0.0604027917010433
-0.354525819937872	0.101778275735803
-1.0465244135449	0.412299764954399
0.13622607304895	0.0401388785529382
0.505764677262957	0.178180033068143
1.02558467001725	0.382518749728777
-0.73833632952493	0.25198039611565
0.156896734628332	0.0393320207188234
3.92516768334333	1.70097969958265
0.155067569950451	0.0290355764553768
0.15144823932183	0.0285426379557898
1.95731570776637	0.441000340195791
1.95786695174359	0.441149378722158
-1.79840965860499	0.382877827643389
-3.08556356757563	0.949512459473102
-0.358848207258787	0.103009197892419
0.658741078701816	0.207014004441108
1.95786695174359	0.441149378722158
1.81115625615482	0.701436048499222
0.658157600688591	0.206837664845118
1.44899109330448	0.477667123734845
0.663427748733987	0.208300313291545
1.81604086904786	0.704001590638153
3.63395648950567	1.42026036401428
0.159992352718576	0.0400538861334557
-1.04326787487181	0.410574945464854
-0.74269218165825	0.253631177667885
-0.355104953248248	0.101967480674674
1.44862736407577	0.477555630338169
0.128002629615466	0.0425983067073654
-2.5766529574574	0.657773148602288
-3.45945095257726	1.22747869975084
0.155067569950451	0.0290355764553768
0.155067569950451	0.0290355764553768
-1.18465699807104	0.660431357535566
-0.234090861009704	0.0753429614422092
1.31196676791469	0.562729963486004
0.15963091503218	0.0399802605532864
-0.359725191866461	0.103238313016327
-0.236642536873473	0.0761450888689269
-1.14193838802885	0.344646219015582
0.950426851449918	0.249037516760643
-0.236642536873473	0.0761450888689269
0.154509067766894	0.0289541162362231
0.950998501270056	0.249196467275389
0.160221796316651	0.0401166927693931
0.947635845528227	0.248244973505163
0.950858461556905	0.2491584305819
2.75580772001712	0.763760469153332
-3.08216231491203	0.947551973079846
1.44862736407577	0.477555630338169
-0.74269218165825	0.253631177667885
1.44839669376933	0.477459847846965
-1.79840965860499	0.382877827643389
0.161043695584893	0.0402684742968713
1.02271178737872	0.381316878019672
0.154509067766894	0.0289541162362231
-1.00355648216762	0.495703946514522
2.54635513717823	1.37966478584737
1.02939313477738	0.384032816891873
0.660638687988492	0.207526442563452
2.75807933893485	0.764710363024488
-1.29468583724064	0.577050898837199
-2.57963910438406	0.659061212358043
-0.236072750277141	0.0759464812223969
0.658448437247608	0.206865271021461
-3.08216231491203	0.947551973079846
-0.174873812827118	0.0626196616668006
1.31296915771995	0.563217318478537
-0.62621301873586	0.15115097520137
1.95731570776637	0.441000340195791
2.10114269367742	0.924635433318668
0.650927958296355	0.204183865095431
-1.80123754984197	0.383647112861273
0.947163829875457	0.248276694926132
-0.628164901903538	0.15157555358925
1.95786695174359	0.441149378722158
1.95731570776637	0.441000340195791
-1.14559783756009	0.346052129596875
1.95786695174359	0.441149378722158
-0.358557998384515	0.10292132426425
1.02592340208434	0.382810966482796
1.95731570776637	0.441000340195791
0.155067569950451	0.0290355764553768
1.81323362267005	0.702723165703649
1.95786695174359	0.441149378722158
2.3415744993868	1.14854547995181
0.143467885183021	0.0421790290070851
-0.237212899766669	0.0763212805777045
-0.74243876954869	0.25362235352836
-1.0419816315643	0.409976007162161
1.31275235192293	0.563405500186811
-0.628030265547787	0.151499678636842
-0.626075023442282	0.151167646950723
-0.628164901903538	0.15157555358925
-1.1412568453231	0.344431220445032
0.1330827989725	0.0442077225266119
0.947635845528227	0.248244973505163
0.94820175004088	0.248479682375772
1.44839669376933	0.477459847846965
-0.165088554277847	0.0591488725692337
1.02685010343664	0.383062880383657
-0.628733247343677	0.151688343674084
0.155067569950451	0.0290355764553768
-0.73587491106309	0.251021106469488
0.13506018741757	0.0398201960642906
0.135147068183463	0.0448731525122335
-1.29388110726104	0.576654901330229
1.01985986214015	0.380041869937102
1.44839669376933	0.477459847846965
-0.354815349846941	0.101888689175609
1.95988292961267	0.441702177751728
2.10114269367742	0.924635433318668
-3.45967591146264	1.22746502283364
-1.14111344283696	0.344497381350969
0.659616568882323	0.207151031447049
-0.738079783119958	0.251987608125061
1.44839669376933	0.477459847846965
1.45198001091205	0.478658944297305
-0.354815349846941	0.101888689175609
-3.45945095257726	1.22747869975084
-1.04709662477092	0.412413821088329
-0.354229439997714	0.101697261087168
0.15963091503218	0.0399802605532864
-1.52527766014307	0.541726073904961
1.02567343435987	0.382470463826608
0.154465593370314	0.0289479903375428
-0.161741213249533	0.0579719954170508
-3.76108876538849	1.48211039032061
1.95731570776637	0.441000340195791
-1.79839614394125	0.382877807711208
0.14371839260098	0.0422424410228484
3.63565166019344	1.42132833477826
1.81176507224111	0.701716027060748
0.144640697621443	0.0425017414545061
0.950426851449918	0.249037516760643
1.55415734614874	0.754461189942461
-1.79839614394125	0.382877807711208
-0.628299579656606	0.151558046801791
-0.628164901903538	0.15157555358925
0.950426851449918	0.249037516760643
-2.5766529574574	0.657773148602288
-1.79840965860499	0.382877827643389
0.15963091503218	0.0399802605532864
-2.57968420714322	0.659073447553718
-1.79840965860499	0.382877827643389
1.95731570776637	0.441000340195791
-0.355401168227563	0.102014834884787
1.81235300959058	0.702242876396542
1.45198001091205	0.478658944297305
0.155111385030128	0.0290417527313876
-0.412860436217696	0.171921381427765
-2.08911637827436	0.943898849288905
-4.41923928643873	2.21887937564066
-1.83571376784154	0.742355297253328
1.81574571371452	0.703837629137609
3.63800215358027	1.42157836230782
0.511755072041239	0.180523302881905
1.95786695174359	0.441149378722158
-0.359725191866461	0.103238313016327
0.804902320215242	0.331341314716319
3.26284822825054	1.10169382604423
0.950287720870208	0.248999740475732
-2.5766529574574	0.657773148602288
0.154509067766894	0.0289541162362231
0.658741078701816	0.207014004441108
0.162952579336367	0.0406858836130456
1.31253456967921	0.563091330038175
1.31600243356677	0.564924856678145
0.660054375205789	0.207294450910716
0.803055311396109	0.330423388744012
1.02271178737872	0.381316878019672
0.948337549654709	0.248516516252871
-0.735201728577998	0.25087231236032
0.948905461162112	0.248586345985544
1.95786695174359	0.441149378722158
1.95786695174359	0.441149378722158
-0.359432307228107	0.103134774665835
-1.14499995487719	0.345855392571373
0.160583229502904	0.0401661733691417
-1.82841297073294	0.73863065228361
-0.234881985943443	0.0755878057926229
1.81574571371452	0.703837629137609
1.81011419433809	0.700628315633627
1.04211984726214	0.494412799875312
0.15963091503218	0.0399802605532864
0.16045117802105	0.0401558290866076
1.44899109330448	0.477667123734845
0.155713854733082	0.0390835596706886
-0.738670030097319	0.252119567169358
-0.351744415353914	0.1010114930848
0.657866689740957	0.206670742493303
-3.76137421922742	1.48226291907169
-1.14088544605048	0.344426431780091
-1.0372976266012	0.407692874436092
-2.3089991057881	1.15423503613513
-1.52525862148376	0.541687313963439
1.76003503802137	0.96399324938838
-0.355401168227563	0.102014834884787
0.658157600688591	0.206837664845118
0.67374098604665	0.310203332995967
-2.5766529574574	0.657773148602288
-1.79840965860499	0.382877827643389
-1.52674340008464	0.542380499879977
1.95731570776637	0.441000340195791
0.154509067766894	0.0289541162362231
2.75520320904554	0.763197913000704
2.75641316563256	0.763778311858285
-1.79839614394125	0.382877807711208
0.155713854733082	0.0390835596706886
-0.411063550521414	0.171153883302837
0.658449623497539	0.206846818911275
2.75868832531345	0.765017792149168
1.95988292961267	0.441702177751728
0.154509067766894	0.0289541162362231
-2.5766529574574	0.657773148602288
-1.14111344283696	0.344497381350969
0.805467397708516	0.331643487494376
-1.83199158756097	0.740532814070127
1.31451987093813	0.564351638075811
-0.241543381848446	0.0777055848228126
1.81604086904786	0.704001590638153
-0.233395157779413	0.075126282890225
0.160221796316651	0.0401166927693931
-0.35262379016767	0.101278913820777
0.513733853850566	0.181194231451746
0.135013832711232	0.0448286361779132
-0.793305877820496	0.344462091426673
-0.628867026021838	0.151670609188118
0.658741078701816	0.207014004441108
2.75580772001712	0.763760469153332
-1.04313192494267	0.410517747694466
0.658157600688591	0.206837664845118
0.145313170347528	0.042674261922763
0.511406581218177	0.180333732150807
-0.738002720964575	0.251779850607704
0.131814043124596	0.0438161720723548
1.81441103810189	0.702928228145098
0.509876478641146	0.179762262788489
-3.08203048704882	0.947509650360219
0.950287720870208	0.248999740475732
2.75868832531345	0.765017792149168
1.81294103662311	0.70256079058948
1.95731570776637	0.441000340195791
-2.57669595250488	0.657559862268914
0.144640697621443	0.0425017414545061
0.948337549654709	0.248516516252871
0.156070095129669	0.0391676647119387
0.156304884454214	0.0392194704826931
0.661517102334111	0.207824976675168
-0.415785083697339	0.173214573475784
-2.5766529574574	0.657773148602288
-0.355104953248248	0.101967480674674
1.81574571371452	0.703837629137609
1.08777846577895	0.821422552048752
0.158797898832415	0.0397350165406265
-1.1447666380351	0.34569313996721
-1.52556530925699	0.541887546993991
1.95731570776637	0.441000340195791
0.660640141500972	0.207490447031014
0.144389940892798	0.0424393237157952
1.81176507224111	0.701716027060748
0.14380305748793	0.042271222114559
-1.83868845155664	0.743833089652786
-0.354229439997714	0.101697261087168
0.506286345412427	0.178440504115667
-3.08203048704882	0.947509650360219
3.63203016857434	1.41874839489518
-0.738079783119958	0.251987608125061
-1.0412554441698	0.40951599523156
0.128338588542606	0.0483629401375905
1.44922258720914	0.477763268309402
-1.79840965860499	0.382877827643389
1.95731570776637	0.441000340195791
0.15144823932183	0.0285426379557898
0.159859477622278	0.0400192334307773
0.157325350109871	0.02936446462458
-1.79839614394125	0.382877807711208
-2.57669595250488	0.657559862268914
0.154509067766894	0.0289541162362231
-1.1447666380351	0.34569313996721
0.162719274583833	0.0406219991153643
-0.354809804669678	0.101824397658975
1.44922258720914	0.477763268309402
0.144389940892798	0.0424393237157952
-1.04232764455762	0.41013375079511
0.658157600688591	0.206837664845118
0.156304884454214	0.0392194704826931
1.95731570776637	0.441000340195791
0.947635845528227	0.248244973505163
-2.08484842220823	0.940993818731239
0.947635845528227	0.248244973505163
1.55152601933111	0.752759870414717
-1.79840965860499	0.382877827643389
0.431972446017333	0.17056379636438
0.658741078701816	0.207014004441108
-0.166323589368164	0.0596172172201267
-3.46322465260564	1.22963503158779
-0.628599509856641	0.151612619227975
3.26345542626113	1.10199860979414
-1.14111344283696	0.344497381350969
2.72074576726988	1.62941016530153
1.31416993955936	0.56393406368061
-3.45967591146264	1.22746502283364
0.160813493636874	0.0402291855562724
-3.08203048704882	0.947509650360219
-0.355104953248248	0.101967480674674
1.95786695174359	0.441149378722158
-3.08203048704882	0.947509650360219
-0.355394630173918	0.102015543768339
-0.360018151462565	0.103295990712749
0.421270140467149	0.166129444830307
-0.743366896164806	0.253811440648201
-1.14171114622793	0.344693702322242
0.160583229502904	0.0401661733691417
-2.0842635823597	0.940591792243383
0.660932155782147	0.207694635746326
0.661517102334111	0.207824976675168
0.947635845528227	0.248244973505163
-2.57660997484294	0.657538252319339
2.5437102301488	1.3769190112143
-2.57669595250488	0.657559862268914
0.948337549654709	0.248516516252871
-0.168318442800183	0.0602514969158982
-0.538391637447097	0.202241097472968
0.661225548064972	0.20772290984652
1.01868988091969	0.379571940690884
1.94413465149283	1.19356336331134
1.02363521199244	0.381873400117373
1.02363521199244	0.381873400117373
-0.622280141343316	0.297793777237155
-3.08216231491203	0.947551973079846
-1.79839614394125	0.382877807711208
1.95786695174359	0.441149378722158
-1.79840965860499	0.382877827643389
1.95731570776637	0.441000340195791
0.154465593370314	0.0289479903375428
-2.57669595250488	0.657559862268914
-1.79840965860499	0.382877827643389
1.81515619836297	0.703574555319196
-2.5766529574574	0.657773148602288
1.44780311038183	0.477066495630919
3.26406378444313	1.10187162962723
0.947770742439721	0.248281535275256
0.948905461162112	0.248586345985544
-0.359725191866461	0.103238313016327
2.10055021952577	0.924312412659368
1.02626205148491	0.382823634565729
3.63565166019344	1.42132833477826
0.132382889280095	0.0439989008298304
2.10577777041247	0.92695430431462
1.02304894811125	0.381607715308403
-0.632424041671007	0.152580102364835
2.54335719964434	1.37657609273331
2.75580772001712	0.763760469153332
0.659032459281836	0.207041754611057
-0.628599509856641	0.151612619227975
-1.1406575104342	0.344234513147494
0.154465593370314	0.0289479903375428
0.513516136888496	0.181178716343693
0.159859477622278	0.0400192334307773
0.948768757521975	0.248549269795159
-0.355104953248248	0.101967480674674
1.44981862951738	0.477799018830262
-0.234534484549801	0.0754746413023498
-0.538614601651019	0.202264227467562
-1.1414839653338	0.344622990730584
3.63865172808213	1.42228041522975
-0.743029498323094	0.253754321369633
0.160221796316651	0.0401166927693931
0.658448437247608	0.206865271021461
-3.08216231491203	0.947551973079846
0.660932155782147	0.207694635746326
3.26508709738097	1.10261522135605
-0.735538279411364	0.250976055861043
0.155067569950451	0.0290355764553768
1.814860828926	0.70324597733131
0.658157600688591	0.206837664845118
0.147597353924913	0.0432809812564028
1.02685010343664	0.383062880383657
-1.29318528584883	0.57616602568844
1.02743758778838	0.383195606193548
0.798324210831681	0.328230166540438
-0.54346877962796	0.204399150899749
-0.355104953248248	0.101967480674674
-0.741848602831151	0.253311922462979
0.154465593370314	0.0289479903375428
-0.354519585455166	0.101776151388844
-0.352915395102444	0.101358152963712
-1.79839614394125	0.382877807711208
1.31451987093813	0.564351638075811
0.798887367854718	0.328506973468232
-1.52984634403446	0.54376252749597
1.44780311038183	0.477066495630919
-1.14499995487719	0.345855392571373
0.947635845528227	0.248244973505163
-0.237783836658627	0.0764730781037413
0.138342532806349	0.0458695746092101
0.160221796316651	0.0401166927693931
-2.5766529574574	0.657773148602288
1.01961500222098	0.379984696878922
1.95786695174359	0.441149378722158
-2.57660997484294	0.657538252319339
-2.57669595250488	0.657559862268914
-3.08556356757563	0.949512459473102
1.95731570776637	0.441000340195791
0.155067569950451	0.0290355764553768
-1.1447666380351	0.34569313996721
2.75641316563256	0.763778311858285
-2.57660997484294	0.657538252319339
-1.14111344283696	0.344497381350969
0.948337549654709	0.248516516252871
-1.0465244135449	0.412299764954399
-0.172886148273605	0.0618700874958794
-0.354815349846941	0.101888689175609
1.44862736407577	0.477555630338169
1.02558467001725	0.382518749728777
-0.628733247343677	0.151688343674084
-3.76529646610535	1.48477662035046
-1.83165926032039	0.740451579277532
-3.08556356757563	0.949512459473102
1.81456677210567	0.703082758766755
-1.79839614394125	0.382877807711208
0.132382889280095	0.0439989008298304
0.65757421006213	0.206588655278929
0.508115032981171	0.179108309242443
1.81235300959058	0.702242876396542
1.44450447975593	0.475941549703467
-1.29825184667106	0.579597355540298
-0.236642536873473	0.0761450888689269
-1.52275201069355	0.540627902821117
0.944504519928106	0.247598335656165
-0.789386763625026	0.34250460133574
1.55322278137623	0.754063606155397
1.44922258720914	0.477763268309402
0.659032459281836	0.207041754611057
-0.352328640216398	0.101201570764145
1.44958631087756	0.477702557005987
1.02363521199244	0.381873400117373
1.95731570776637	0.441000340195791
0.943937640725668	0.24736392993685
1.44780311038183	0.477066495630919
-0.244977424990099	0.078799048069108
0.147259813410519	0.0432007445014279
0.948768757521975	0.248549269795159
-1.79839614394125	0.382877807711208
-1.04709662477092	0.412413821088329
-1.14260761039773	0.345006924269412
0.65757421006213	0.206588655278929
-0.236865950236819	0.0762080730306188
1.44922258720914	0.477763268309402
-1.83105982818556	0.740099638711398
0.658157600688591	0.206837664845118
-0.234312185154952	0.0754304879292539
1.06560505329062	0.645051970980612
0.801786885039242	0.329686341918844
-0.239216268709345	0.0769712564401174
-0.165524140224107	0.0592721353648851
0.424373787314051	0.167361463682442
1.04634616178494	0.496931093386432
0.159859477622278	0.0400192334307773
0.512103476504473	0.180655514559587
1.3150863687139	0.564688556451063
2.10139563641952	0.924609016057742
-3.08556356757563	0.949512459473102
-1.79839614394125	0.382877807711208
0.51386494250992	0.181311218287051
2.75641316563256	0.763778311858285
-1.79839614394125	0.382877807711208
-0.628733247343677	0.151688343674084
1.44862736407577	0.477555630338169
-3.76836313181621	1.48595887993412
1.95731570776637	0.441000340195791
1.95731570776637	0.441000340195791
1.95731570776637	0.441000340195791
0.947635845528227	0.248244973505163
0.658449623497539	0.206846818911275
0.510619816865865	0.180113549991954
1.5554260223568	0.75543285370151
0.513297440290374	0.181056085890725
0.162952579336367	0.0406858836130456
-1.14284398403614	0.345169869447138
-0.355112179440658	0.101904546481095
-0.539535866518366	0.202616428643095
0.654121684946124	0.205433467520013
0.159859477622278	0.0400192334307773
-1.04232764455762	0.41013375079511
-2.30383287964351	1.15080880271623
0.162357836679133	0.0405597098553547
0.134796989185734	0.044763826715822
2.75580772001712	0.763760469153332
-1.29652555966614	0.578489199680992
1.04599966087592	0.496530182996476
1.81264504950119	0.702404900566408
-0.354525819937872	0.101778275735803
0.51408290047205	0.181384498788784
-0.359725191866461	0.103238313016327
0.946592090327999	0.248117976822064
1.81456677210567	0.703082758766755
3.63331351050508	1.42008896661082
0.144389940892798	0.0424393237157952
-2.5766529574574	0.657773148602288
-0.628733247343677	0.151688343674084
-4.01591566480886	1.72772177589649
0.94820175004088	0.248479682375772
2.76097686654259	0.765783986906631
3.63565166019344	1.42132833477826
1.75769356186832	0.962827388418044
-1.52246182960607	0.540465661800635
-0.628299579656606	0.151558046801791
0.155067569950451	0.0290355764553768
0.376551488393798	0.167096677243062
-1.30240708959037	0.582011421694818
-1.83132702405761	0.74028277145384
-0.355104953248248	0.101967480674674
0.132951093876262	0.0441757525557606
1.02477894780054	0.381972647840696
0.145313170347528	0.042674261922763
-0.0754254149637082	0.0332194183375056
0.510967914253512	0.180245566763838
-0.628733247343677	0.151688343674084
-1.29582752385193	0.578160974531549
0.513516136888496	0.181178716343693
1.45138090115721	0.478568850670936
0.773836833275706	0.459482534768358
-0.626075023442282	0.151167646950723
0.160221796316651	0.0401166927693931
-0.354525819937872	0.101778275735803
0.15144823932183	0.0285426379557898
-1.1412568453231	0.344431220445032
1.95786695174359	0.441149378722158
0.154509067766894	0.0289541162362231
-0.628733247343677	0.151688343674084
1.95731570776637	0.441000340195791
0.155067569950451	0.0290355764553768
-0.354519585455166	0.101776151388844
-0.628030265547787	0.151499678636842
-0.78537681039936	0.340290544519683
0.12913352992743	0.0429550272454785
-0.743029498323094	0.253754321369633
0.803055311396109	0.330423388744012
-0.167754072609883	0.0600616127897958
2.34747641876809	1.15127015650176
0.16045117802105	0.0401558290866076
-0.356071393990223	0.102241794383879
1.02592340208434	0.382810966482796
1.5503470618422	0.752279378570894
4.16730154885901	1.96585814036702
0.144389940892798	0.0424393237157952
0.659032459281836	0.207041754611057
-0.970309363140249	0.598990362663396
-0.417431426130247	0.174014069700138
-1.0403348553758	0.409226758738803
0.159859477622278	0.0400192334307773
-0.242110936050434	0.0778562762427623
0.660640141500972	0.207490447031014
-1.0456052115104	0.411595401174635
0.76385292375495	0.452527397174755
-0.740148737877288	0.252718341140933
-0.237559934502149	0.0764246711906185
-0.628299579656606	0.151558046801791
-0.16684564485734	0.0597373941238438
0.950858461556905	0.2491584305819
0.162357836679133	0.0405597098553547
-2.57660997484294	0.657538252319339
-0.628733247343677	0.151688343674084
-1.79840965860499	0.382877827643389
3.26569824690609	1.10327543173781
0.947163829875457	0.248276694926132
1.81441103810189	0.702928228145098
-0.742101285286405	0.253499136601578
0.950858461556905	0.2491584305819
-0.234187068597326	0.0753450872420761
-3.46322465260564	1.22963503158779
-1.83105982818556	0.740099638711398
0.135147068183463	0.0448731525122335
1.44450447975593	0.475941549703467
-0.628733247343677	0.151688343674084
1.95731570776637	0.441000340195791
0.428844518886435	0.169326646561233
-1.50920533808673	0.759234123562016
0.374343498860092	0.165966304255998
1.02558467001725	0.382518749728777
0.514431860453614	0.181517099423547
-1.00037438735711	0.493892565592627
-0.170511025587425	0.0610469624466437
1.3206823530544	0.566913970858784
0.512948788838409	0.180923723722652
0.155067569950451	0.0290355764553768
1.02246283803588	0.381238371277329
3.26345542626113	1.10199860979414
3.63565166019344	1.42132833477826
1.95786695174359	0.441149378722158
1.95731570776637	0.441000340195791
0.155067569950451	0.0290355764553768
0.154465593370314	0.0289479903375428
0.152050960400409	0.028630259939513
0.94820175004088	0.248479682375772
-0.355104953248248	0.101967480674674
3.63331351050508	1.42008896661082
-0.415183675733752	0.172968540362155
-1.29837683044387	0.579387492116583
1.44780311038183	0.477066495630919
0.511535984561553	0.180463547184556
1.44862736407577	0.477555630338169
0.513297440290374	0.181056085890725
0.16045117802105	0.0401558290866076
1.95731570776637	0.441000340195791
0.157325350109871	0.02936446462458
2.72732958338661	1.63752987643286
-0.628299579656606	0.151558046801791
0.152050960400409	0.028630259939513
-1.1414839653338	0.344622990730584
-0.738079783119958	0.251987608125061
-0.236295434458238	0.0760318807121589
2.10021124048698	0.924077935460336
-0.544264065926487	0.204797597144567
1.45355066214954	0.47909620382923
0.135147068183463	0.0448731525122335
1.81294103662311	0.70256079058948
-2.57669595250488	0.657559862268914
-2.57963910438406	0.659061212358043
0.510619816865865	0.180113549991954
0.155067569950451	0.0290355764553768
0.948905461162112	0.248586345985544
1.55563768080424	0.755897558752995
0.947635845528227	0.248244973505163
0.94820175004088	0.248479682375772
-1.1406575104342	0.344234513147494
0.770650849661271	0.456686706927308
0.15144823932183	0.0285426379557898
1.04058549229476	0.493412698340227
1.95786695174359	0.441149378722158
0.948337549654709	0.248516516252871
2.1031177894695	0.925795147014246
0.950858461556905	0.2491584305819
1.44922258720914	0.477763268309402
1.31218528243788	0.56311122145944
0.427856931061711	0.16878095788918
0.154509067766894	0.0289541162362231
-0.788051638764763	0.341587882696307
1.44862736407577	0.477555630338169
-1.69661550867139	0.956574938709399
1.81115625615482	0.701436048499222
0.947770742439721	0.248281535275256
0.159402290839324	0.0399177124259514
0.156304884454214	0.0392194704826931
0.157370411029726	0.0293708256249034
1.95731570776637	0.441000340195791
1.81294103662311	0.70256079058948
0.657283842665822	0.20642210460759
1.3150863687139	0.564688556451063
-0.535402990152881	0.201037267314672
-3.45945095257726	1.22747869975084
1.44981862951738	0.477799018830262
2.75520320904554	0.763197913000704
1.81264504950119	0.702404900566408
-0.628867026021838	0.151670609188118
1.04411565864259	0.495318996316923
1.95988292961267	0.441702177751728
0.802704240998476	0.33025128123342
0.144389940892798	0.0424393237157952
1.44780311038183	0.477066495630919
0.946592090327999	0.248117976822064
0.130977595936442	0.0435409758262869
0.137211516101373	0.0455091631041957
0.160813493636874	0.0402291855562724
-0.786285484359973	0.340832261518803
-1.29376133697956	0.576703831793288
1.95786695174359	0.441149378722158
-1.1414839653338	0.344622990730584
-1.52554695498285	0.541620681553635
1.81826867111223	0.704762090721195
-0.628164901903538	0.15157555358925
-0.628867026021838	0.151670609188118
2.75580772001712	0.763760469153332
1.44899109330448	0.477667123734845
0.162590253502546	0.0405994312489443
0.143477516670026	0.0421253750116672
0.154465593370314	0.0289479903375428
0.154509067766894	0.0289541162362231
0.950858461556905	0.2491584305819
-2.57669595250488	0.657559862268914
1.95731570776637	0.441000340195791
0.511535984561553	0.180463547184556
-1.00070780910999	0.494095781511885
-1.14111344283696	0.344497381350969
1.95731570776637	0.441000340195791
1.01694194987455	0.378477786405697
1.02651128578825	0.383050193875148
-0.73833632952493	0.25198039611565
1.02329749324129	0.381582146499257
-3.08203048704882	0.947509650360219
2.10345763612533	0.92603048253316
-3.45945095257726	1.22747869975084
0.950287720870208	0.248999740475732
-1.52984634403446	0.54376252749597
0.514431860453614	0.181517099423547
1.44862736407577	0.477555630338169
1.44981862951738	0.477799018830262
0.660932155782147	0.207694635746326
0.162125356869158	0.0404960611383205
-2.08391905009995	0.940245123426704
1.5554260223568	0.75543285370151
-0.236295434458238	0.0760318807121589
1.45054889854294	0.478121061898946
-0.240846100521927	0.0774684702165293
0.135013832711232	0.0448286361779132
1.3150863687139	0.564688556451063
0.143477516670026	0.0421253750116672
-0.54346877962796	0.204399150899749
0.138127543219772	0.0458068858026646
-0.171762117804328	0.0615057733921786
1.81264504950119	0.702404900566408
-1.14171114622793	0.344693702322242
0.129605375797865	0.048824572939505
-1.52497036065527	0.541612586959632
2.33649313051364	1.14462794540279
1.95786695174359	0.441149378722158
-0.354809804669678	0.101824397658975
0.147848686423209	0.0433479015633612
1.44862736407577	0.477555630338169
0.155111385030128	0.0290417527313876
-1.52468217246603	0.541450953371581
-0.165995298204196	0.0594566920073821
-1.52556530925699	0.541887546993991
0.160813493636874	0.0402291855562724
2.76097686654259	0.765783986906631
1.95786695174359	0.441149378722158
2.75807933893485	0.764710363024488
0.660054375205789	0.207294450910716
0.658157600688591	0.206837664845118
0.12766278679512	0.0481491979841494
1.81294103662311	0.70256079058948
0.658741078701816	0.207014004441108
0.139436459089769	0.0410524321785509
0.431282460267094	0.170334509811247
1.4480329582247	0.477161868008032
0.658157600688591	0.206837664845118
0.950426851449918	0.249037516760643
-0.628867026021838	0.151670609188118
3.92389000551089	1.70054361221532
3.26569824690609	1.10327543173781
0.159402290839324	0.0399177124259514
1.81264504950119	0.702404900566408
-0.236072750277141	0.0759464812223969
3.26569824690609	1.10327543173781
1.30877399614962	0.561080478424277
1.81323362267005	0.702723165703649
1.95731570776637	0.441000340195791
1.95786695174359	0.441149378722158
-3.45945095257726	1.22747869975084
0.15963091503218	0.0399802605532864
1.55322278137623	0.754063606155397
0.154509067766894	0.0289541162362231
-0.742101285286405	0.253499136601578
-1.52527766014307	0.541726073904961
-0.354815349846941	0.101888689175609
-3.76108876538849	1.48211039032061
-0.542900106811953	0.204176406519794
1.44922258720914	0.477763268309402
1.04536760236631	0.496267966555643
0.660638687988492	0.207526442563452
0.144725574883443	0.0425191258680454
1.81456677210567	0.703082758766755
-0.0821056809364456	0.0361099031541769
0.134796989185734	0.044763826715822
1.31240282325545	0.562988742832529
3.63331351050508	1.42008896661082
0.133518654529654	0.0443432692760018
-0.536450384536547	0.201457821544375
4.16793953393336	1.96626606855667
0.510619816865865	0.180113549991954
1.44981862951738	0.477799018830262
0.160221796316651	0.0401166927693931
-1.79839614394125	0.382877807711208
-0.628030265547787	0.151499678636842
3.26284822825054	1.10169382604423
0.948337549654709	0.248516516252871
-0.626075023442282	0.151167646950723
0.948768757521975	0.248549269795159
2.75520320904554	0.763197913000704
0.152050960400409	0.028630259939513
1.76345469772101	0.966726367974567
0.132032810243933	0.0438841642048134
-0.632424041671007	0.152580102364835
-2.57669595250488	0.657559862268914
-1.83072704109891	0.739930594937107
-0.237559934502149	0.0764246711906185
-0.237559934502149	0.0764246711906185
-1.79839614394125	0.382877807711208
0.80809182652064	0.332822174466832
1.81545080408239	0.703738180326379
0.423078399332576	0.166842561193324
2.75580772001712	0.763760469153332
1.44899109330448	0.477667123734845
2.75580772001712	0.763760469153332
0.160221796316651	0.0401166927693931
0.144304320671072	0.0423970373819599
0.511187733730715	0.180331422147582
1.95731570776637	0.441000340195791
0.673223768225707	0.309720010174899
0.510399267871221	0.17998283956174
1.81441103810189	0.702928228145098
0.947770742439721	0.248281535275256
0.154465593370314	0.0289479903375428
0.157370411029726	0.0293708256249034
3.26284822825054	1.10169382604423
1.44509906384746	0.476148552116978
-3.08216231491203	0.947551973079846
-1.14171114622793	0.344693702322242
0.512980274880888	0.180842708701248
0.159859477622278	0.0400192334307773
0.162357836679133	0.0405597098553547
-0.412594451513588	0.171856355506214
0.131892526322164	0.0438212297448978
0.131814043124596	0.0438161720723548
1.95731570776637	0.441000340195791
-3.08216231491203	0.947551973079846
0.510619816865865	0.180113549991954
0.14371839260098	0.0422424410228484
1.95731570776637	0.441000340195791
1.95988292961267	0.441702177751728
0.146922191196889	0.0431076767472804
0.16045117802105	0.0401558290866076
1.81115625615482	0.701436048499222
0.155067569950451	0.0290355764553768
1.81455903653454	0.702571077650313
0.658157600688591	0.206837664845118
3.63629792702422	1.42164529184574
-2.57660997484294	0.657538252319339
0.152050960400409	0.028630259939513
1.45138090115721	0.478568850670936
2.33899743092669	1.14663661123896
0.653826927429073	0.205337088996143
0.658449623497539	0.206846818911275
1.44922258720914	0.477763268309402
0.142892234362748	0.0419793224062305
1.0239728358881	0.381885834911352
-0.236865950236819	0.0762080730306188
0.658448437247608	0.206865271021461
-0.236865950236819	0.0762080730306188
-0.737745529684395	0.251848226779474
0.660638687988492	0.207526442563452
0.801571141201532	0.329656916274671
0.154465593370314	0.0289479903375428
1.81456677210567	0.703082758766755
0.659616568882323	0.207151031447049
0.802138012530807	0.329972517070534
1.81604086904786	0.704001590638153
1.43809842359998	0.880825927153708
1.06706855519733	0.647706596602227
1.44862736407577	0.477555630338169
0.879560693658437	0.465283433803917
-2.29972533491248	1.14713533709438
0.160813493636874	0.0402291855562724
0.15144823932183	0.0285426379557898
0.948768757521975	0.248549269795159
0.658741078701816	0.207014004441108
0.159992352718576	0.0400538861334557
3.26224218729945	1.1009233569627
0.947635845528227	0.248244973505163
0.654408135649179	0.205512311863459
0.660932155782147	0.207694635746326
0.511406581218177	0.180333732150807
0.15963091503218	0.0399802605532864
0.134796989185734	0.044763826715822
1.31218528243788	0.56311122145944
3.26569824690609	1.10327543173781
-1.14171114622793	0.344693702322242
0.155067569950451	0.0290355764553768
0.144054213480702	0.0423469198905259
2.10636939831221	0.927285990182235
0.670906859207156	0.308500067147838
0.656596864428374	0.206190386440451
0.428416999766404	0.169070991058927
2.10250928059236	1.43681661284035
1.31196676791469	0.562729963486004
1.31685844911644	0.565253656635589
0.658448437247608	0.206865271021461
1.95731570776637	0.441000340195791
-2.5766529574574	0.657773148602288
1.44862736407577	0.477555630338169
3.26284822825054	1.10169382604423
1.95786695174359	0.441149378722158
2.75580772001712	0.763760469153332
1.95988292961267	0.441702177751728
2.75580772001712	0.763760469153332
0.950287720870208	0.248999740475732
2.10114269367742	0.924635433318668
-1.79840965860499	0.382877827643389
0.947635845528227	0.248244973505163
1.95988292961267	0.441702177751728
-1.79840965860499	0.382877827643389
0.950426851449918	0.249037516760643
1.44785372417853	0.477041110592846
1.44899109330448	0.477667123734845
1.95786695174359	0.441149378722158
1.95731570776637	0.441000340195791
0.155111385030128	0.0290417527313876
1.95731570776637	0.441000340195791
0.154509067766894	0.0289541162362231
2.75580772001712	0.763760469153332
1.95731570776637	0.441000340195791
-1.79840965860499	0.382877827643389
2.75807933893485	0.764710363024488
2.75580772001712	0.763760469153332
2.75580772001712	0.763760469153332
1.95731570776637	0.441000340195791
0.155067569950451	0.0290355764553768
1.95731570776637	0.441000340195791
1.95731570776637	0.441000340195791
0.950426851449918	0.249037516760643
1.95731570776637	0.441000340195791
0.154465593370314	0.0289479903375428
0.948337549654709	0.248516516252871
1.95786695174359	0.441149378722158
2.75807933893485	0.764710363024488
0.154465593370314	0.0289479903375428
-1.79840965860499	0.382877827643389
1.4480329582247	0.477161868008032
0.162952579336367	0.0406858836130456
4.16544558167092	1.96422252025176
1.44839669376933	0.477459847846965
0.160583229502904	0.0401661733691417
0.421270140467149	0.166129444830307
1.0239728358881	0.381885834911352
1.02248687611089	0.381157405723936
0.506286345412427	0.178440504115667
0.802704240998476	0.33025128123342
-0.241543381848446	0.0777055848228126
0.94820175004088	0.248479682375772
1.81323362267005	0.702723165703649
1.81411735765381	0.702765282094499
0.945072510336007	0.247668267417156
1.95786695174359	0.441149378722158
1.95786695174359	0.441149378722158
1.95786695174359	0.441149378722158
2.75641316563256	0.763778311858285
0.947770742439721	0.248281535275256
1.44862736407577	0.477555630338169
1.95786695174359	0.441149378722158
0.944504519928106	0.247598335656165
1.95731570776637	0.441000340195791
-0.628164901903538	0.15157555358925
-2.57669595250488	0.657559862268914
1.31183590793173	0.562694726030807
-1.1412568453231	0.344431220445032
-0.356952421866901	0.102502236157484
1.0444623770314	0.495719164594595
0.160221796316651	0.0401166927693931
-0.536543629071067	0.201474262127947
-0.628867026021838	0.151670609188118
-1.52468217246603	0.541450953371581
0.659032459281836	0.207041754611057
0.658741078701816	0.207014004441108
0.948905461162112	0.248586345985544
1.44839669376933	0.477459847846965
0.154465593370314	0.0289479903375428
0.658448437247608	0.206865271021461
0.160813493636874	0.0402291855562724
-1.14111344283696	0.344497381350969
0.511315925469962	0.180318053690652
0.950998501270056	0.249196467275389
1.94236971152678	1.19161421480621
0.772679318728524	0.459226142385184
0.162125356869158	0.0404960611383205
1.0238833519431	0.381787644807647
0.132382889280095	0.0439989008298304
0.848342981026311	0.624877740593104
0.155713854733082	0.0390835596706886
1.81515619836297	0.703574555319196
0.94820175004088	0.248479682375772
0.154465593370314	0.0289479903375428
2.33842592547281	1.14619164851825
-0.738079783119958	0.251987608125061
0.514213661606994	0.181383794125596
-1.14675045145155	0.34637289071074
-0.355104953248248	0.101967480674674
0.132732885510209	0.0441080605497273
0.659324643575319	0.207123110468657
0.881260577082227	0.466671244706073
0.155111385030128	0.0290417527313876
-1.8343686452195	0.741659633265439
-0.628030265547787	0.151499678636842
1.55322278137623	0.754063606155397
-1.14111344283696	0.344497381350969
0.67374098604665	0.310203332995967
1.44899109330448	0.477667123734845
1.44839669376933	0.477459847846965
2.54392429932058	1.37700533086051
-1.79840965860499	0.382877827643389
0.800363745835414	0.329006937540612
0.94820175004088	0.248479682375772
2.75641316563256	0.763778311858285
-0.35262379016767	0.101278913820777
1.0190295579627	0.379719734867384
0.144389940892798	0.0424393237157952
-3.08542618523242	0.949198094742557
2.54427735653569	1.37734833843962
-3.08216231491203	0.947551973079846
0.659032643407672	0.20695576224899
1.44839669376933	0.477459847846965
3.63331351050508	1.42008896661082
1.44839669376933	0.477459847846965
0.948768757521975	0.248549269795159
2.75580772001712	0.763760469153332
0.661223086818105	0.207656588437818
3.26345542626113	1.10199860979414
-1.52527766014307	0.541726073904961
-0.240278820798337	0.0772929353381372
1.02558467001725	0.382518749728777
-1.13895833229548	0.343813220888229
-0.355394630173918	0.102015543768339
-1.79840965860499	0.382877827643389
0.94820175004088	0.248479682375772
2.10173504798347	0.924843834263361
-2.57660997484294	0.657538252319339
-0.236295434458238	0.0760318807121589
1.95988292961267	0.441702177751728
2.75580772001712	0.763760469153332
1.44922258720914	0.477763268309402
0.512103476504473	0.180655514559587
-1.14111344283696	0.344497381350969
-0.356952421866901	0.102502236157484
-1.79840965860499	0.382877827643389
3.26284822825054	1.10169382604423
-1.14171114622793	0.344693702322242
-0.625937070321993	0.151091209012893
2.75580772001712	0.763760469153332
1.55415734614874	0.754461189942461
3.26284822825054	1.10169382604423
1.31183590793173	0.562694726030807
-1.79839614394125	0.382877807711208
1.44922258720914	0.477763268309402
0.802273091671679	0.329882237321236
0.94820175004088	0.248479682375772
-2.57660997484294	0.657538252319339
-1.79840965860499	0.382877827643389
3.26224218729945	1.1009233569627
3.92516768334333	1.70097969958265
0.155067569950451	0.0290355764553768
1.31685844911644	0.565253656635589
0.657866689740957	0.206670742493303
-3.76080338308098	1.48176245886347
0.15963091503218	0.0399802605532864
1.95786695174359	0.441149378722158
1.02271178737872	0.381316878019672
0.660932155782147	0.207694635746326
0.141534099969908	0.041600735872343
2.75580772001712	0.763760469153332
0.155067569950451	0.0290355764553768
3.6326714041979	1.41965046916025
2.75868832531345	0.765017792149168
0.511187733730715	0.180331422147582
1.95786695174359	0.441149378722158
0.658741078701816	0.207014004441108
-0.35569023027487	0.10209347470967
0.156304884454214	0.0392194704826931
0.16045117802105	0.0401558290866076
0.947770742439721	0.248281535275256
1.95786695174359	0.441149378722158
1.95786695174359	0.441149378722158
3.63331351050508	1.42008896661082
0.658449623497539	0.206846818911275
1.76080743527667	0.965082451079631
1.81633531763119	0.703887329894944
1.95731570776637	0.441000340195791
3.26569824690609	1.10327543173781
0.805467397708516	0.331643487494376
2.5452226219926	1.378586498706
3.9232513707374	1.69997531930461
-0.175432015465782	0.0628166126562356
-2.5766529574574	0.657773148602288
-1.1412568453231	0.344431220445032
1.81174408502965	0.701697875545868
0.160221796316651	0.0401166927693931
1.02617238539361	0.38275777208832
0.653245802516738	0.205089848433872
-1.80123754984197	0.383647112861273
-1.79839614394125	0.382877807711208
2.75520320904554	0.763197913000704
0.157370411029726	0.0293708256249034
1.95731570776637	0.441000340195791
2.75580772001712	0.763760469153332
1.02190239796348	0.380920127363489
0.154509067766894	0.0289541162362231
0.947770742439721	0.248281535275256
0.160813493636874	0.0402291855562724
0.132032810243933	0.0438841642048134
0.16045117802105	0.0401558290866076
1.44839669376933	0.477459847846965
1.02329749324129	0.381582146499257
0.155111385030128	0.0290417527313876
0.15547989361324	0.039031965106125
-1.79839614394125	0.382877807711208
0.947770742439721	0.248281535275256
-0.237212899766669	0.0763212805777045
1.0190295579627	0.379719734867384
0.159402290839324	0.0399177124259514
0.160221796316651	0.0401166927693931
0.661223086818105	0.207656588437818
-2.5766529574574	0.657773148602288
0.94820175004088	0.248479682375772
3.6326714041979	1.41965046916025
0.950998501270056	0.249196467275389
-3.08216231491203	0.947551973079846
-2.57669595250488	0.657559862268914
0.154465593370314	0.0289479903375428
0.160221796316651	0.0401166927693931
0.12382847897004	0.0412596497824574
0.124224947793226	0.0468546188464198
1.44899109330448	0.477667123734845
2.75520320904554	0.763197913000704
1.0282187103729	0.383542758401815
0.15963091503218	0.0399802605532864
0.154509067766894	0.0289541162362231
3.6326714041979	1.41965046916025
0.144976980831471	0.0425943260188831
1.95731570776637	0.441000340195791
0.947770742439721	0.248281535275256
0.162719274583833	0.0406219991153643
-0.244626922047089	0.0786750222770691
-1.29582752385193	0.578160974531549
-0.53874057789979	0.202401825815006
2.75520320904554	0.763197913000704
4.16857700301249	1.96642819066943
0.155067569950451	0.0290355764553768
1.95786695174359	0.441149378722158
1.95731570776637	0.441000340195791
1.45054889854294	0.478121061898946
-1.1414839653338	0.344622990730584
2.75580772001712	0.763760469153332
-0.628299579656606	0.151558046801791
-0.358848207258787	0.103009197892419
3.63331351050508	1.42008896661082
-1.14088544605048	0.344426431780091
0.124751416858666	0.0470574836800859
-1.29825184667106	0.579597355540298
0.947635845528227	0.248244973505163
0.343819179636874	0.171496080895294
0.132951093876262	0.0441757525557606
0.160813493636874	0.0402291855562724
0.144640697621443	0.0425017414545061
-0.354519585455166	0.101776151388844
0.653826927429073	0.205337088996143
0.154509067766894	0.0289541162362231
0.144725574883443	0.0425191258680454
1.02271178737872	0.381316878019672
0.660347295989593	0.207462296247491
-3.08229418357021	0.947231644170671
0.154465593370314	0.0289479903375428
-1.52468217246603	0.541450953371581
-0.737489374761453	0.251678150254292
-1.14536534536015	0.34589005605433
0.6628368429258	0.20810242430301
-2.08391905009995	0.940245123426704
0.658448437247608	0.206865271021461
-0.735201728577998	0.25087231236032
0.654408135649179	0.205512311863459
1.4480329582247	0.477161868008032
-1.52585303078124	0.541962051097293
0.943937640725668	0.24736392993685
3.63565166019344	1.42132833477826
0.154465593370314	0.0289479903375428
0.142645543006535	0.0418989273349654
-2.57660997484294	0.657538252319339
0.811468902768944	0.334269938158663
1.02422162940792	0.382079227006262
1.44862736407577	0.477555630338169
1.95786695174359	0.441149378722158
0.663422627847196	0.208288477111549
1.02592340208434	0.382810966482796
0.801922158295548	0.329828855715043
-0.352328640216398	0.101201570764145
1.95731570776637	0.441000340195791
-3.08203048704882	0.947509650360219
2.1031177894695	0.925795147014246
0.654703443030561	0.205608890273211
0.157370411029726	0.0293708256249034
1.95731570776637	0.441000340195791
1.44839669376933	0.477459847846965
0.948337549654709	0.248516516252871
0.654989426637948	0.205620898952272
-0.352915395102444	0.101358152963712
-0.238477685762541	0.0766637276789288
-2.57963910438406	0.659061212358043
1.8135291528185	0.702758164322864
-0.737489374761453	0.251678150254292
1.02709860167831	0.383182847467804
0.511187733730715	0.180331422147582
1.31834040226142	0.565982656192084
0.135364021327178	0.0449437078279942
1.44981862951738	0.477799018830262
3.26508709738097	1.10261522135605
2.10345763612533	0.92603048253316
-1.52556530925699	0.541887546993991
1.44725524543057	0.476951096350534
1.44899109330448	0.477667123734845
-0.354519585455166	0.101776151388844
0.535692936972542	0.309382050607358
0.144304320671072	0.0423970373819599
-0.234187068597326	0.0753450872420761
-1.52556530925699	0.541887546993991
0.140609521820489	0.0413743325045252
0.159859477622278	0.0400192334307773
1.4480329582247	0.477161868008032
1.81323362267005	0.702723165703649
0.165103009331824	0.0411253937349734
-0.74269218165825	0.253631177667885
-4.01558169607127	1.72750624811894
1.44862736407577	0.477555630338169
1.02422162940792	0.382079227006262
0.144640697621443	0.0425017414545061
0.163185820804974	0.0407257646525502
0.128002629615466	0.0425983067073654
0.145313170347528	0.042674261922763
0.94820175004088	0.248479682375772
0.134446827346684	0.044648821058174
2.10055021952577	0.924312412659368
-0.628599509856641	0.151612619227975
1.95731570776637	0.441000340195791
-1.79839614394125	0.382877807711208
0.943937640725668	0.24736392993685
1.95988292961267	0.441702177751728
1.95786695174359	0.441149378722158
-1.79840965860499	0.382877827643389
-2.57669595250488	0.657559862268914
0.154465593370314	0.0289479903375428
-1.79839614394125	0.382877807711208
-1.79839614394125	0.382877807711208
0.659324643575319	0.207123110468657
-1.14193838802885	0.344646219015582
-1.1414839653338	0.344622990730584
-2.5766529574574	0.657773148602288
-0.359141638818634	0.103112871302961
-0.625147504143598	0.299243250286022
1.04323019345025	0.495337606424751
0.155111385030128	0.0290417527313876
1.31650795808103	0.564835494933738
1.31183590793173	0.562694726030807
2.75520320904554	0.763197913000704
1.95731570776637	0.441000340195791
3.9232513707374	1.69997531930461
-1.29512981359302	0.577531413428973
0.658157600688591	0.206837664845118
1.31565227991103	0.564944763794614
0.673147662557951	0.30986199776055
0.157370411029726	0.0293708256249034
-0.739003822726622	0.252222384495429
2.10193245054258	0.924755435038698
3.26345542626113	1.10199860979414
0.802353086825023	0.329964914866132
1.04323019345025	0.495337606424751
0.94820175004088	0.248479682375772
-2.58269164924118	0.660244336228982
-0.738670030097319	0.252119567169358
0.65757421006213	0.206588655278929
3.63331351050508	1.42008896661082
-3.76051807227417	1.48103739093911
0.159992352718576	0.0400538861334557
0.51464907727053	0.181544056103037
3.26406378444313	1.10187162962723
1.02304894811125	0.381607715308403
0.591303356385791	0.305825227482059
3.92389000551089	1.70054361221532
-1.83039434521114	0.739673075735054
-1.52955481711501	0.543641482939636
-3.08216231491203	0.947551973079846
-2.5766529574574	0.657773148602288
0.15963091503218	0.0399802605532864
2.75580772001712	0.763760469153332
0.661517102334111	0.207824976675168
0.15963091503218	0.0399802605532864
0.155067569950451	0.0290355764553768
-0.628867026021838	0.151670609188118
0.155067569950451	0.0290355764553768
1.95731570776637	0.441000340195791
3.26345542626113	1.10199860979414
-1.79840965860499	0.382877827643389
0.16045117802105	0.0401558290866076
1.95731570776637	0.441000340195791
-0.628299579656606	0.151558046801791
-3.08203048704882	0.947509650360219
-2.5766529574574	0.657773148602288
0.160813493636874	0.0402291855562724
1.45198001091205	0.478658944297305
0.148186394591661	0.0434281534721658
-0.234881985943443	0.0755878057926229
1.04682907552786	0.496765118943592
-0.628195266656509	0.301456110896782
0.947635845528227	0.248244973505163
1.44839669376933	0.477459847846965
0.950287720870208	0.248999740475732
0.653540010885453	0.205185988936824
0.15820382838182	0.0396092897578142
1.25881210567717	0.68250341264782
0.657283842665822	0.20642210460759
0.161043695584893	0.0402684742968713
4.17043948933667	1.96717286809947
3.63460034321621	1.42001047409594
1.02651128578825	0.383050193875148
1.55152601933111	0.752759870414717
-0.539312347732804	0.202625351504848
0.506636186737087	0.178613076266429
1.45078261646269	0.478218161496633
3.26284822825054	1.10169382604423
0.950287720870208	0.248999740475732
-1.79840965860499	0.382877827643389
2.75520320904554	0.763197913000704
0.15820382838182	0.0396092897578142
1.02685010343664	0.383062880383657
0.802273091671679	0.329882237321236
2.75520320904554	0.763197913000704
-0.543250105928331	0.204305308908878
-1.82874780946892	0.738800580746292
-0.628299579656606	0.151558046801791
-1.79839614394125	0.382877807711208
0.156304884454214	0.0392194704826931
-0.793305877820496	0.344462091426673
0.425065527869463	0.167656114427908
1.44839669376933	0.477459847846965
2.75580772001712	0.763760469153332
-0.628164901903538	0.15157555358925
0.12747667107683	0.0480354772047687
0.803408818952654	0.330566110600543
-0.789650928512862	0.342421974551524
0.511755072041239	0.180523302881905
1.3150863687139	0.564688556451063
0.154509067766894	0.0289541162362231
2.33728119791914	1.14479654167807
0.511535984561553	0.180463547184556
0.158797898832415	0.0397350165406265
1.95988292961267	0.441702177751728
-1.14260761039773	0.345006924269412
0.159859477622278	0.0400192334307773
-2.57660997484294	0.657538252319339
1.95786695174359	0.441149378722158
-2.5766529574574	0.657773148602288
-1.52556530925699	0.541887546993991
0.154465593370314	0.0289479903375428
-1.79840965860499	0.382877827643389
-0.628733247343677	0.151688343674084
-0.628164901903538	0.15157555358925
2.3415744993868	1.14854547995181
1.02536243762998	0.382135939817951
-0.734528869218703	0.25053149884483
0.135013832711232	0.0448286361779132
3.26508709738097	1.10261522135605
1.04390304170334	0.495341115745227
0.15963091503218	0.0399802605532864
0.162357836679133	0.0405597098553547
0.658449623497539	0.206846818911275
0.144389940892798	0.0424393237157952
-2.08818862480767	0.943180111661063
0.948768757521975	0.248549269795159
0.510399267871221	0.17998283956174
0.425627365203623	0.167916299468516
1.81176507224111	0.701716027060748
1.81115625615482	0.701436048499222
0.657866689740957	0.206670742493303
-0.543688234679481	0.204395614503949
-1.52525862148376	0.541687313963439
0.155713854733082	0.0390835596706886
0.803269824230379	0.33049399469318
-0.35569023027487	0.10209347470967
1.44839669376933	0.477459847846965
-0.355104953248248	0.101967480674674
-0.796060921754267	0.345916139866961
0.160221796316651	0.0401166927693931
0.659032643407672	0.20695576224899
1.95786695174359	0.441149378722158
-1.83039434521114	0.739673075735054
1.31331884073887	0.56363424296824
-1.52954577316989	0.543451783402332
0.156896734628332	0.0393320207188234
1.95988292961267	0.441702177751728
-0.632563406792844	0.152610991116788
-1.04186502485552	0.409908817117415
-1.29894971744328	0.579925756370133
-1.04313192494267	0.410517747694466
-1.04359432816695	0.410701746871047
0.144640697621443	0.0425017414545061
0.16045117802105	0.0401558290866076
-0.74269218165825	0.253631177667885
1.0238833519431	0.381787644807647
0.15963091503218	0.0399802605532864
1.02422162940792	0.382079227006262
0.510619816865865	0.180113549991954
0.15547989361324	0.039031965106125
0.656894206098884	0.206287716765961
-0.628599509856641	0.151612619227975
2.75520320904554	0.763197913000704
-0.628164901903538	0.15157555358925
3.26345542626113	1.10199860979414
0.155111385030128	0.0290417527313876
-1.52585303078124	0.541962051097293
-0.355394630173918	0.102015543768339
0.154509067766894	0.0289541162362231
0.948768757521975	0.248549269795159
1.95731570776637	0.441000340195791
0.155067569950451	0.0290355764553768
-1.79840965860499	0.382877827643389
-1.52955481711501	0.543641482939636
1.81574571371452	0.703837629137609
1.02592340208434	0.382810966482796
-0.353939368265063	0.101586834148653
-1.04416930284237	0.410817461260561
0.16045117802105	0.0401558290866076
0.661225548064972	0.20772290984652
0.514780733836532	0.181589698987139
-0.625937070321993	0.151091209012893
0.160583229502904	0.0401661733691417
0.947163829875457	0.248276694926132
0.669887108825485	0.308252439258341
-1.14171114622793	0.344693702322242
3.92516768334333	1.70097969958265
1.31253456967921	0.563091330038175
-0.238649881872283	0.0768149363688191
-0.738079783119958	0.251987608125061
1.30729482478471	0.560238424285418
0.155111385030128	0.0290417527313876
0.658741078701816	0.207014004441108
-3.0857009920368	0.949295045119167
0.945072510336007	0.247668267417156
0.654408135649179	0.205512311863459
1.44862736407577	0.477555630338169
-2.57660997484294	0.657538252319339
1.04913228358011	0.498411474435078
1.45078261646269	0.478218161496633
0.950858461556905	0.2491584305819
0.159992352718576	0.0400538861334557
1.95786695174359	0.441149378722158
0.14371839260098	0.0422424410228484
1.45114635521655	0.478471348903038
1.02363521199244	0.381873400117373
0.953104063529892	0.24967071820883
-1.0465244135449	0.412299764954399
-1.52955481711501	0.543641482939636
-0.739003822726622	0.252222384495429
-0.626075023442282	0.151167646950723
0.507978169027623	0.178996238801615
0.943937640725668	0.24736392993685
1.55470282530157	0.754425474351788
0.66401463442463	0.208486788853871
0.65757421006213	0.206588655278929
-0.539089600210505	0.202542124367007
-1.14171114622793	0.344693702322242
-1.79839614394125	0.382877807711208
-1.79840965860499	0.382877827643389
3.26345542626113	1.10199860979414
0.155067569950451	0.0290355764553768
0.154509067766894	0.0289541162362231
-1.79840965860499	0.382877827643389
2.75520320904554	0.763197913000704
1.55378707815797	0.754352987255714
0.155067569950451	0.0290355764553768
-2.57669595250488	0.657559862268914
-1.80123754984197	0.383647112861273
-2.57669595250488	0.657559862268914
0.155111385030128	0.0290417527313876
-2.5766529574574	0.657773148602288
-0.628164901903538	0.15157555358925
0.16045117802105	0.0401558290866076
0.658449623497539	0.206846818911275
2.75520320904554	0.763197913000704
-0.355112179440658	0.101904546481095
-1.14111344283696	0.344497381350969
-0.628299579656606	0.151558046801791
-2.57660997484294	0.657538252319339
4.37185549230642	2.22417026832335
0.948337549654709	0.248516516252871
0.155067569950451	0.0290355764553768
0.15547989361324	0.039031965106125
0.15144823932183	0.0285426379557898
1.81456677210567	0.703082758766755
0.658157600688591	0.206837664845118
2.75520320904554	0.763197913000704
0.511755072041239	0.180523302881905
0.140191040463029	0.0464385275702044
0.150139558066054	0.0439481510359518
1.95988292961267	0.441702177751728
-0.539569636046331	0.202819044138208
-0.539569636046331	0.202819044138208
-1.79840965860499	0.382877827643389
1.02248687611089	0.381157405723936
1.02304894811125	0.381607715308403
0.147259813410519	0.0432007445014279
0.660932155782147	0.207694635746326
-4.01226246083748	1.72475882924761
-3.08556356757563	0.949512459473102
2.1031177894695	0.925795147014246
0.154465593370314	0.0289479903375428
0.154509067766894	0.0289541162362231
1.02422162940792	0.382079227006262
0.132513899668301	0.0440249398537092
0.666720675538898	0.306383563426964
0.511187733730715	0.180331422147582
0.533407493506938	0.307753866234165
0.371183235649807	0.164508752405401
1.44003097220614	0.883198990520642
-1.14193838802885	0.344646219015582
0.156304884454214	0.0392194704826931
0.950287720870208	0.248999740475732
0.945072510336007	0.247668267417156
-1.79840965860499	0.382877827643389
-1.79840965860499	0.382877827643389
1.95988292961267	0.441702177751728
1.44450447975593	0.475941549703467
-1.1447666380351	0.34569313996721
3.26569824690609	1.10327543173781
0.157325350109871	0.02936446462458
0.154509067766894	0.0289541162362231
0.146922191196889	0.0431076767472804
0.94820175004088	0.248479682375772
-3.08229418357021	0.947231644170671
3.26284822825054	1.10169382604423
0.659032459281836	0.207041754611057
-2.30065661297022	1.14788322958659
0.130626533328143	0.0434288699946859
-1.82874780946892	0.738800580746292
1.44862736407577	0.477555630338169
0.131814043124596	0.0438161720723548
0.661225548064972	0.20772290984652
-1.14499995487719	0.345855392571373
0.156661115950913	0.0392800358899383
-1.04267374187429	0.410246962947944
0.654408135649179	0.205512311863459
0.159992352718576	0.0400538861334557
0.147259813410519	0.0432007445014279
1.31054152970832	0.562024590641149
0.948337549654709	0.248516516252871
-2.57660997484294	0.657538252319339
0.144389940892798	0.0424393237157952
-0.415514705996988	0.173267191179231
1.02443771367587	0.381823887180035
0.160583229502904	0.0401661733691417
1.3150863687139	0.564688556451063
0.950287720870208	0.248999740475732
0.425497080140127	0.167863861612803
-0.233395157779413	0.075126282890225
-0.414181611233199	0.172499925294108
0.659032643407672	0.20695576224899
1.54905911103962	0.751329852210446
0.802489056255948	0.330144551890374
1.45138090115721	0.478568850670936
-1.29145315181805	0.575466227441089
1.02363521199244	0.381873400117373
0.15144823932183	0.0285426379557898
0.159992352718576	0.0400538861334557
1.44922258720914	0.477763268309402
0.154509067766894	0.0289541162362231
-3.45900121533902	1.22669642729201
0.144725574883443	0.0425191258680454
0.658157600688591	0.206837664845118
0.160813493636874	0.0402291855562724
1.44922258720914	0.477763268309402
0.155067569950451	0.0290355764553768
0.156896734628332	0.0393320207188234
-0.738079783119958	0.251987608125061
-0.738414128880846	0.252090639638632
0.144304320671072	0.0423970373819599
0.660932155782147	0.207694635746326
1.02329749324129	0.381582146499257
1.02212623462815	0.380948102315312
0.16045117802105	0.0401558290866076
0.133301116726748	0.0442849463266127
0.145227337337459	0.0426443607563146
-3.76080338308098	1.48176245886347
-2.30348519403534	1.15039517348929
0.144054213480702	0.0423469198905259
-0.168098950998947	0.060182556134742
0.947635845528227	0.248244973505163
2.75580772001712	0.763760469153332
0.120384649894839	0.0454242582409665
2.75520320904554	0.763197913000704
1.02533495299364	0.382457756692076
0.132164012775708	0.0439252834614193
0.510967914253512	0.180245566763838
0.130323873520588	0.0491059528446299
3.63694507499105	1.42148992135626
-1.04221071709325	0.410198911511082
1.95731570776637	0.441000340195791
1.44862736407577	0.477555630338169
0.152050960400409	0.028630259939513
1.81235300959058	0.702242876396542
0.513516136888496	0.181178716343693
0.948337549654709	0.248516516252871
0.15963091503218	0.0399802605532864
0.653540010885453	0.205185988936824
0.140609521820489	0.0413743325045252
-0.73833632952493	0.25198039611565
2.10055021952577	0.924312412659368
0.660347295989593	0.207462296247491
0.376875238635301	0.16727169805512
3.63800215358027	1.42157836230782
1.0472501359547	0.497556503187299
-0.628164901903538	0.15157555358925
0.162952579336367	0.0406858836130456
1.95786695174359	0.441149378722158
1.95786695174359	0.441149378722158
0.155111385030128	0.0290417527313876
2.75580772001712	0.763760469153332
-1.79840965860499	0.382877827643389
-1.79839614394125	0.382877807711208
-2.57669595250488	0.657559862268914
0.154509067766894	0.0289541162362231
-0.359141638818634	0.103112871302961
1.45114635521655	0.478471348903038
0.139774852128096	0.0411362731979931
0.154465593370314	0.0289479903375428
2.75520320904554	0.763197913000704
2.33807558295589	1.14590125490883
-0.628030265547787	0.151499678636842
-3.45945095257726	1.22747869975084
0.160221796316651	0.0401166927693931
1.4480329582247	0.477161868008032
0.159992352718576	0.0400538861334557
0.136861270958273	0.0453939461531857
0.657864503304789	0.206616146564203
2.34003028256591	1.14682318727231
2.75580772001712	0.763760469153332
1.55784259233672	0.756820477788721
-1.13895833229548	0.343813220888229
0.154465593370314	0.0289479903375428
0.950998501270056	0.249196467275389
-0.237559934502149	0.0764246711906185
0.154465593370314	0.0289479903375428
0.948768757521975	0.248549269795159
0.660347295989593	0.207462296247491
2.33785384704991	1.14562321252435
1.02558467001725	0.382518749728777
1.04836317982236	0.498217822369961
0.145313170347528	0.042674261922763
0.155067569950451	0.0290355764553768
-0.11677643416257	0.0464874593492553
-1.83099487872884	0.740025429797688
1.02363521199244	0.381873400117373
0.425842843580689	0.168023318876402
0.133051344213603	0.0441764475660497
2.5452226219926	1.378586498706
1.81205656672306	0.701877636994275
1.31104941060088	0.562257057470917
2.88643961145332	1.91167580829533
-0.0377366710970123	0.0180637729923676
-0.168663393721381	0.0603724956040683
0.13323321112832	0.0501688799168253
-2.3045284921599	1.15130739007319
0.139436459089769	0.0410524321785509
0.159859477622278	0.0400192334307773
1.02455981174032	0.382091874796033
1.95731570776637	0.441000340195791
1.95731570776637	0.441000340195791
2.75580772001712	0.763760469153332
-3.08203048704882	0.947509650360219
1.44922258720914	0.477763268309402
-1.14088544605048	0.344426431780091
3.26345542626113	1.10199860979414
0.155067569950451	0.0290355764553768
0.15144823932183	0.0285426379557898
0.15963091503218	0.0399802605532864
0.162952579336367	0.0406858836130456
2.10139563641952	0.924609016057742
-0.354815349846941	0.101888689175609
0.162952579336367	0.0406858836130456
0.511884149147493	0.180536056250855
-0.0778369843795223	0.0342460626890111
1.25427252025537	0.678807753709709
0.659032643407672	0.20695576224899
0.802489056255948	0.330144551890374
2.75641316563256	0.763778311858285
-0.737824274342293	0.251781339210884
1.02304894811125	0.381607715308403
0.510399267871221	0.17998283956174
0.945072510336007	0.247668267417156
0.132513899668301	0.0440249398537092
-0.354229439997714	0.101697261087168
0.144054213480702	0.0423469198905259
0.339758566383255	0.169487309376746
-2.57669595250488	0.657559862268914
0.656014281877058	0.205959668867586
-0.354815349846941	0.101888689175609
-1.04744397176015	0.412600703300656
0.160221796316651	0.0401166927693931
0.155111385030128	0.0290417527313876
0.363840149442024	0.16106044929967
0.155713854733082	0.0390835596706886
0.658448437247608	0.206865271021461
4.16793953393336	1.96626606855667
0.65757421006213	0.206588655278929
0.657866689740957	0.206670742493303
1.60009925079394	1.10431510416268
0.132164012775708	0.0439252834614193
0.131283311958605	0.0560026948259594
0.144304320671072	0.0423970373819599
0.798324210831681	0.328230166540438
0.510967914253512	0.180245566763838
0.15963091503218	0.0399802605532864
-0.355401168227563	0.102014834884787
2.0985439196218	0.922769880021207
1.95786695174359	0.441149378722158
2.75580772001712	0.763760469153332
0.157325350109871	0.02936446462458
-1.79839614394125	0.382877807711208
0.155067569950451	0.0290355764553768
0.152050960400409	0.028630259939513
0.65757421006213	0.206588655278929
0.661225548064972	0.20772290984652
0.131160713568611	0.0559458435691786
2.10114269367742	0.924635433318668
-0.355104953248248	0.101967480674674
0.660640141500972	0.207490447031014
-3.08542618523242	0.949198094742557
1.44899109330448	0.477667123734845
1.0190295579627	0.379719734867384
0.144389940892798	0.0424393237157952
-0.738414128880846	0.252090639638632
0.135580779791487	0.064964713623247
0.160221796316651	0.0401166927693931
1.44922258720914	0.477763268309402
-0.735458723618684	0.250947808327744
-0.165433148159335	0.0592640318232164
0.658741078701816	0.207014004441108
1.55126146787483	0.752994445894456
1.44450447975593	0.475941549703467
0.879823295650508	0.465619204635478
-3.08556356757563	0.949512459473102
0.879560693658437	0.465283433803917
0.658448437247608	0.206865271021461
0.512103476504473	0.180655514559587
0.160221796316651	0.0401166927693931
0.948337549654709	0.248516516252871
-1.52926336424741	0.543358625626883
-1.14193838802885	0.344646219015582
0.163185820804974	0.0407257646525502
0.145900922770069	0.0428171507649781
1.45174463580423	0.478561109172125
-0.00865083559648093	0.00442431699953236
3.6326714041979	1.41965046916025
0.798676159728442	0.328314833787517
1.44839669376933	0.477459847846965
1.76534517780346	1.81003641042351
1.55507391974261	0.755498369683247
0.124488256386008	0.0469611145656188
-1.14171114622793	0.344693702322242
-1.1414839653338	0.344622990730584
0.509738797084365	0.17970407358381
-0.170511025587425	0.0610469624466437
1.31565227991103	0.564944763794614
1.95786695174359	0.441149378722158
1.95786695174359	0.441149378722158
1.02212623462815	0.380948102315312
1.55486158244648	0.754948133287252
-0.738002720964575	0.251779850607704
0.945072510336007	0.247668267417156
0.162952579336367	0.0406858836130456
-1.1414839653338	0.344622990730584
0.15963091503218	0.0399802605532864
0.143467885183021	0.0421790290070851
0.771441758104588	0.45809325066597
0.514780733836532	0.181589698987139
-2.57669595250488	0.657559862268914
0.804551193439478	0.331168980919484
0.510440135603011	0.179966436385068
0.157370411029726	0.0293708256249034
-0.354229439997714	0.101697261087168
0.15547989361324	0.039031965106125
-0.790293055908666	0.343033629214228
-0.628599509856641	0.151612619227975
0.135497064378108	0.0449728061554857
0.155713854733082	0.0390835596706886
2.10286507825917	0.92563188054431
0.654703443030561	0.205608890273211
-0.631994988626399	0.152498044571477
3.26284822825054	1.10169382604423
0.658157600688591	0.206837664845118
0.155111385030128	0.0290417527313876
-1.52556530925699	0.541887546993991
0.947770742439721	0.248281535275256
1.55563768080424	0.755897558752995
1.02338601426445	0.38161996773056
1.44958631087756	0.477702557005987
0.510967914253512	0.180245566763838
1.02363521199244	0.381873400117373
0.675639408122852	0.311084129184533
2.75580772001712	0.763760469153332
2.75580772001712	0.763760469153332
1.31287687928524	0.562923955005752
0.947163829875457	0.248276694926132
0.670571388016324	0.308341959138758
0.13041301345043	0.0433517092562305
0.776420168306026	0.46193767967997
0.806031822454127	0.331901204294119
3.26345542626113	1.10199860979414
0.160221796316651	0.0401166927693931
3.26569824690609	1.10327543173781
2.75641316563256	0.763778311858285
1.95731570776637	0.441000340195791
0.947770742439721	0.248281535275256
3.63331351050508	1.42008896661082
2.75580772001712	0.763760469153332
0.660347295989593	0.207462296247491
-0.173898627793226	0.0622737835466209
1.4480329582247	0.477161868008032
0.154509067766894	0.0289541162362231
0.94820175004088	0.248479682375772
0.657866689740957	0.206670742493303
-1.80123754984197	0.383647112861273
2.10345763612533	0.92603048253316
-0.241325335112873	0.0776212717213414
0.140023273435885	0.041219830052157
0.16045117802105	0.0401558290866076
2.54822169023008	1.38099385922808
1.25342360352899	0.678146701343376
3.26569824690609	1.10327543173781
-0.738414128880846	0.252090639638632
1.60100525680074	1.10542161609291
-0.357247952587094	0.102560703144377
-0.241543381848446	0.0777055848228126
0.160813493636874	0.0402291855562724
0.802840016253824	0.330197869326294
1.81456677210567	0.703082758766755
1.02455981174032	0.382091874796033
0.155067569950451	0.0290355764553768
0.154311934860129	0.0289593414864238
-1.29882542782854	0.579669605589987
0.144976980831471	0.0425943260188831
4.37246862085129	2.22501493733621
1.81574571371452	0.703837629137609
2.33750365888202	1.14533306687431
1.02617238539361	0.38275777208832
0.660638687988492	0.207526442563452
0.950998501270056	0.249196467275389
0.510301546145278	0.179862312054923
-0.789650928512862	0.342421974551524
2.75580772001712	0.763760469153332
-0.737489374761453	0.251678150254292
1.44862736407577	0.477555630338169
3.26406378444313	1.10187162962723
0.154509067766894	0.0289541162362231
-0.628733247343677	0.151688343674084
1.95786695174359	0.441149378722158
1.45138090115721	0.478568850670936
2.75641316563256	0.763778311858285
1.814860828926	0.70324597733131
-1.52275201069355	0.540627902821117
0.155111385030128	0.0290417527313876
1.95731570776637	0.441000340195791
1.31565227991103	0.564944763794614
1.81294103662311	0.70256079058948
1.02651128578825	0.383050193875148
0.948768757521975	0.248549269795159
1.0238833519431	0.381787644807647
0.14380305748793	0.042271222114559
1.81294103662311	0.70256079058948
-1.52585303078124	0.541962051097293
0.511535984561553	0.180463547184556
-1.04687191417195	0.412486748895758
-1.80123754984197	0.383647112861273
-0.740148737877288	0.252718341140933
-1.52585303078124	0.541962051097293
-1.04021595924619	0.409215240728406
-0.355401168227563	0.102014834884787
-0.35262379016767	0.101278913820777
-0.619152800552872	0.29608472326445
0.947770742439721	0.248281535275256
1.81574571371452	0.703837629137609
0.160583229502904	0.0401661733691417
0.801220040350497	0.32937098969222
1.81323362267005	0.702723165703649
0.658448437247608	0.206865271021461
1.02626205148491	0.382823634565729
0.373445619140009	0.165721944947213
3.92452877652187	1.70087632208659
1.54828773160562	0.75077259968661
1.75780594186057	0.962186704227779
0.130061388011485	0.0489935931719159
1.01810403870788	0.379203855378532
-0.539312347732804	0.202625351504848
0.802704240998476	0.33025128123342
-0.62621301873586	0.15115097520137
2.10252540036319	0.925396731648863
1.95731570776637	0.441000340195791
0.94820175004088	0.248479682375772
2.75641316563256	0.763778311858285
1.95731570776637	0.441000340195791
1.81264504950119	0.702404900566408
1.02363521199244	0.381873400117373
0.657866689740957	0.206670742493303
1.44899109330448	0.477667123734845
2.72123146891776	1.63216072672481
0.159859477622278	0.0400192334307773
0.144976980831471	0.0425943260188831
0.807177314700217	0.33225357951289
2.10404963108371	0.926287358542244
-0.236295434458238	0.0760318807121589
0.658448437247608	0.206865271021461
-0.241892151565733	0.0777967682855961
0.140609521820489	0.0413743325045252
0.505721230152749	0.178180313722362
-1.52525862148376	0.541687313963439
1.81264504950119	0.702404900566408
1.44922258720914	0.477763268309402
1.02558467001725	0.382518749728777
0.154465593370314	0.0289479903375428
-2.57669595250488	0.657559862268914
0.952960668065698	0.249631740841768
-0.35666348042052	0.102404483392645
0.659616568882323	0.207151031447049
1.02329749324129	0.381582146499257
0.885778040797073	0.46996041052729
0.94820175004088	0.248479682375772
3.26284822825054	1.10169382604423
1.95786695174359	0.441149378722158
1.45054889854294	0.478121061898946
0.154465593370314	0.0289479903375428
1.44922258720914	0.477763268309402
-0.735458723618684	0.250947808327744
1.31275235192293	0.563405500186811
1.02279934713965	0.381250494154782
1.31275235192293	0.563405500186811
0.880151515451718	0.46637679203864
-0.355104953248248	0.101967480674674
0.660347295989593	0.207462296247491
2.10252540036319	0.925396731648863
0.659032459281836	0.207041754611057
-1.1414839653338	0.344622990730584
0.16045117802105	0.0401558290866076
2.09972141544835	0.923420014426389
1.55472173238364	0.754945653890023
0.144138136643148	0.0423508720464565
-3.45900121533902	1.22669642729201
1.44839669376933	0.477459847846965
0.15144823932183	0.0285426379557898
1.95731570776637	0.441000340195791
1.95731570776637	0.441000340195791
3.26345542626113	1.10199860979414
2.75580772001712	0.763760469153332
1.31161763457028	0.562749823451238
3.26406378444313	1.10187162962723
1.31070034384838	0.56184147035493
3.26345542626113	1.10199860979414
1.81115625615482	0.701436048499222
1.81515619836297	0.703574555319196
0.658741078701816	0.207014004441108
0.131814043124596	0.0438161720723548
0.948768757521975	0.248549269795159
0.671166583876549	0.308670070263109
0.139684630056245	0.0411185419267414
2.10139563641952	0.924609016057742
0.50552532504459	0.178094491109243
0.155067569950451	0.0290355764553768
0.94820175004088	0.248479682375772
-0.53807249671511	0.202201826922908
-2.57963910438406	0.659061212358043
0.145227337337459	0.0426443607563146
-0.354815349846941	0.101888689175609
-1.13895833229548	0.343813220888229
1.44922258720914	0.477763268309402
1.31416993955936	0.56393406368061
0.802489056255948	0.330144551890374
0.666720675538898	0.306383563426964
1.44899109330448	0.477667123734845
1.4480329582247	0.477161868008032
1.02419487469352	0.381649916117259
0.140023273435885	0.041219830052157
0.947770742439721	0.248281535275256
0.15963091503218	0.0399802605532864
2.75580772001712	0.763760469153332
2.34393536580824	1.14978628636697
-1.83564160885514	0.742645090374466
-1.14499995487719	0.345855392571373
0.146922191196889	0.0431076767472804
1.0239728358881	0.381885834911352
0.654989426637948	0.205620898952272
0.802489056255948	0.330144551890374
-0.35569023027487	0.10209347470967
0.512103476504473	0.180655514559587
1.02558467001725	0.382518749728777
0.658741078701816	0.207014004441108
-1.34827325911388	0.847048584220115
0.425065527869463	0.167656114427908
-0.738670030097319	0.252119567169358
1.04424975463849	0.495554192271584
0.128984037892607	0.0550141448780329
-1.1447666380351	0.34569313996721
0.159992352718576	0.0400538861334557
1.95786695174359	0.441149378722158
-1.79840965860499	0.382877827643389
1.95786695174359	0.441149378722158
-2.5766529574574	0.657773148602288
0.948905461162112	0.248586345985544
0.659616568882323	0.207151031447049
1.0444623770314	0.495719164594595
-0.233616960664733	0.0751877350099978
1.25342360352899	0.678146701343376
1.31798968775981	0.566002482239596
2.5422210800607	1.37539333441399
1.44922258720914	0.477763268309402
0.950287720870208	0.248999740475732
1.44450447975593	0.475941549703467
1.0239728358881	0.381885834911352
0.144054213480702	0.0423469198905259
-1.14193838802885	0.344646219015582
1.81176507224111	0.701716027060748
0.148186394591661	0.0434281534721658
0.155111385030128	0.0290417527313876
1.31451987093813	0.564351638075811
0.128409991510058	0.0483828350789698
0.947770742439721	0.248281535275256
3.26284822825054	1.10169382604423
0.802489056255948	0.330144551890374
2.10055021952577	0.924312412659368
0.804336592371997	0.330963349185792
-2.0894625554263	0.944110632073379
1.8138222857108	0.70292085392477
-3.08216231491203	0.947551973079846
0.154465593370314	0.0289479903375428
1.55357482739164	0.753998587470342
1.02592340208434	0.382810966482796
0.94820175004088	0.248479682375772
3.26284822825054	1.10169382604423
1.25101314044632	0.676819294337697
1.95731570776637	0.441000340195791
-0.792617263209445	0.34408015271057
0.802840016253824	0.330197869326294
0.1330827989725	0.0442077225266119
-0.624773794560314	0.298987479143815
0.673482458034147	0.310019955946795
0.660347295989593	0.207462296247491
-0.544964913632515	0.205036285991737
0.154509067766894	0.0289541162362231
-0.628030265547787	0.151499678636842
-0.628599509856641	0.151612619227975
3.26406378444313	1.10187162962723
-0.354519585455166	0.101776151388844
2.10021124048698	0.924077935460336
0.506636186737087	0.178613076266429
1.44839669376933	0.477459847846965
0.15963091503218	0.0399802605532864
0.14380305748793	0.042271222114559
2.5437102301488	1.3769190112143
0.657866689740957	0.206670742493303
1.81323362267005	0.702723165703649
1.81235300959058	0.702242876396542
-0.628299579656606	0.151558046801791
0.657179529610805	0.206320016652676
3.26284822825054	1.10169382604423
-1.79840965860499	0.382877827643389
0.15144823932183	0.0285426379557898
-0.176336496006155	0.0631273418046569
3.63565166019344	1.42132833477826
1.44922258720914	0.477763268309402
0.654408135649179	0.205512311863459
1.95731570776637	0.441000340195791
0.161043695584893	0.0402684742968713
0.15547989361324	0.039031965106125
-0.735201728577998	0.25087231236032
0.140023273435885	0.041219830052157
0.803634308584142	0.330504508432051
1.01844354699295	0.379351483810338
0.127400928165014	0.0480444248477577
1.81176507224111	0.701716027060748
0.510839396613925	0.180141996770445
0.802704240998476	0.33025128123342
-1.04290235412753	0.410559570501728
0.673482458034147	0.310019955946795
0.140023273435885	0.041219830052157
0.511535984561553	0.180463547184556
-0.742354946133043	0.253440043281208
0.130586200312459	0.0492036069928143
0.511406581218177	0.180333732150807
0.144976980831471	0.0425943260188831
0.128075192969757	0.0482635683600574
3.63930219020844	1.42227110610744
0.152050960400409	0.028630259939513
0.156896734628332	0.0393320207188234
0.950858461556905	0.2491584305819
2.10252540036319	0.925396731648863
0.658157600688591	0.206837664845118
1.8135291528185	0.702758164322864
-0.237783836658627	0.0764730781037413
-1.14171114622793	0.344693702322242
-0.632424041671007	0.152580102364835
0.125682878474067	0.0474015610954397
0.157370411029726	0.0293708256249034
0.658157600688591	0.206837664845118
-1.1414839653338	0.344622990730584
-2.5766529574574	0.657773148602288
-1.79839614394125	0.382877807711208
-2.57669595250488	0.657559862268914
0.15963091503218	0.0399802605532864
2.10286507825917	0.92563188054431
0.132732885510209	0.0441080605497273
0.513733853850566	0.181194231451746
0.156304884454214	0.0392194704826931
1.55598981029304	0.755831923074866
1.02338601426445	0.38161996773056
-1.8327219769474	0.740987434117012
-0.738670030097319	0.252119567169358
1.81235300959058	0.702242876396542
0.159402290839324	0.0399177124259514
0.128075192969757	0.0482635683600574
0.877568166251878	0.464557348802083
0.509703293466095	0.179662001032772
0.658741078701816	0.207014004441108
-0.35262379016767	0.101278913820777
0.154509067766894	0.0289541162362231
0.668365803920423	0.307261628392927
0.802489056255948	0.330144551890374
-1.14499995487719	0.345855392571373
0.947635845528227	0.248244973505163
0.145313170347528	0.042674261922763
0.135364021327178	0.0449437078279942
1.04390304170334	0.495341115745227
0.509312228273621	0.179509324022326
-0.6242291915052	0.298754858474491
-0.418365309512863	0.174458184135551
0.15144823932183	0.0285426379557898
1.02914563133488	0.3838807966434
0.160221796316651	0.0401166927693931
0.155111385030128	0.0290417527313876
0.156070095129669	0.0391676647119387
1.95731570776637	0.441000340195791
1.95731570776637	0.441000340195791
0.670221504441968	0.308342042732951
1.02592340208434	0.382810966482796
0.663132334033902	0.208271470068789
1.05045170776055	0.499417532634873
0.806595592048773	0.332087792308818
-0.423206057980367	0.176606628257602
-0.629434960256753	0.301687748976086
-0.233964530152622	0.0753172914260115
0.154465593370314	0.0289479903375428
0.657864503304789	0.206616146564203
2.54261648511872	1.37680537215766
-0.168318442800183	0.0602514969158982
1.81545080408239	0.703738180326379
1.02592340208434	0.382810966482796
0.155067569950451	0.0290355764553768
-3.45922605387697	1.22727228815634
0.882924079773047	0.468513579477798
-0.168760743646406	0.0604728682433177
-0.168663393721381	0.0603724956040683
1.02304894811125	0.381607715308403
-1.1414839653338	0.344622990730584
-0.352620864579995	0.101250485836996
0.145180009462501	0.0425673704481714
0.511535984561553	0.180463547184556
-2.30783390440298	1.15338386114227
1.81176507224111	0.701716027060748
0.156070095129669	0.0391676647119387
-1.80123754984197	0.383647112861273
1.81235300959058	0.702242876396542
0.658448437247608	0.206865271021461
0.131753666673345	0.0437753507518871
1.55415734614874	0.754461189942461
0.657283842665822	0.20642210460759
-1.04090886464526	0.409486451709067
-0.237212899766669	0.0763212805777045
3.26284822825054	1.10169382604423
0.132164012775708	0.0439252834614193
-0.632563406792844	0.152610991116788
0.667650657551582	0.306826361636502
-0.792741102489134	0.344191342632362
1.55265783773452	0.753699130068357
0.132732885510209	0.0441080605497273
0.94820175004088	0.248479682375772
0.15963091503218	0.0399802605532864
2.75580772001712	0.763760469153332
3.26406378444313	1.10187162962723
3.26345542626113	1.10199860979414
2.75520320904554	0.763197913000704
2.75520320904554	0.763197913000704
0.667650657551582	0.306826361636502
0.658741078701816	0.207014004441108
0.801571141201532	0.329656916274671
1.308210147198	0.560788489886055
0.425842843580689	0.168023318876402
0.658157600688591	0.206837664845118
0.947635845528227	0.248244973505163
-3.76108876538849	1.48211039032061
2.75580772001712	0.763760469153332
0.140609521820489	0.0413743325045252
0.947770742439721	0.248281535275256
1.44922258720914	0.477763268309402
0.154509067766894	0.0289541162362231
0.947770742439721	0.248281535275256
1.81767719681703	0.704324972687456
0.162952579336367	0.0406858836130456
-0.628867026021838	0.151670609188118
-1.14171114622793	0.344693702322242
0.658741078701816	0.207014004441108
0.160221796316651	0.0401166927693931
0.147510896476738	0.0432547789402825
4.16480743748042	1.96391658672842
0.660638687988492	0.207526442563452
3.63331351050508	1.42008896661082
0.152050960400409	0.028630259939513
3.92694117717927	1.70243676685084
-1.52468217246603	0.541450953371581
-0.737745529684395	0.251848226779474
0.147007749076803	0.0431148554966707
0.154509067766894	0.0289541162362231
0.154509067766894	0.0289541162362231
-1.1406575104342	0.344234513147494
0.14556417703739	0.0427370982099398
0.378051059436921	0.167851534216859
2.33470644076288	1.14335517449658
-3.45967591146264	1.22746502283364
-0.628030265547787	0.151499678636842
-1.14193838802885	0.344646219015582
2.34192571099863	1.148837051844
1.04023849222891	0.493343152511521
-0.355104953248248	0.101967480674674
-1.83072704109891	0.739930594937107
0.512103476504473	0.180655514559587
1.04368981844324	0.495127036286315
0.160221796316651	0.0401166927693931
1.07618671864755	0.654650362358218
0.658449623497539	0.206846818911275
-0.241194698180716	0.0775963201393135
4.1660832151626	1.96430930605611
1.95731570776637	0.441000340195791
2.75580772001712	0.763760469153332
1.95731570776637	0.441000340195791
0.950858461556905	0.2491584305819
2.75868832531345	0.765017792149168
1.95988292961267	0.441702177751728
2.09962019368326	0.923638574732708
-0.628164901903538	0.15157555358925
1.44780311038183	0.477066495630919
-0.359141638818634	0.103112871302961
1.75491054960845	0.96018687428186
1.04355625006019	0.494941192071787
0.807528635845388	0.332541409655835
0.94820175004088	0.248479682375772
0.155067569950451	0.0290355764553768
-3.76529646610535	1.48477662035046
0.659032459281836	0.207041754611057
0.654121684946124	0.205433467520013
0.660640141500972	0.207490447031014
0.154311934860129	0.0289593414864238
-0.747395384530406	0.255291285535185
-0.355401168227563	0.102014834884787
0.670646980369692	0.308221435882369
-0.168415949181166	0.0603482965151677
-0.737489374761453	0.251678150254292
0.658157600688591	0.206837664845118
0.803055311396109	0.330423388744012
0.155067569950451	0.0290355764553768
1.95786695174359	0.441149378722158
-0.628164901903538	0.15157555358925
0.143467885183021	0.0421790290070851
-2.5766529574574	0.657773148602288
-0.237212899766669	0.0763212805777045
0.14380305748793	0.042271222114559
0.13422930794267	0.0445728055584624
0.801084517559327	0.329506929263352
-0.329147982594378	0.152002884124992
1.02329749324129	0.381582146499257
0.373811976355772	0.165637544004128
0.159859477622278	0.0400192334307773
1.55265783773452	0.753699130068357
-1.79840965860499	0.382877827643389
0.141195201809473	0.0415167743660916
1.04934203386098	0.498700980586011
2.09936716295541	0.923201539626781
-2.30111302804183	1.14793362916327
0.587922772023212	0.303982058773433
0.950998501270056	0.249196467275389
2.3410042779854	1.14815153258672
0.16045117802105	0.0401558290866076
-1.0438234260038	0.410788519057193
0.513167244701502	0.180988618942657
-2.08258536505703	0.939450405182719
0.154465593370314	0.0289479903375428
0.155067569950451	0.0290355764553768
1.95731570776637	0.441000340195791
0.948337549654709	0.248516516252871
-0.628733247343677	0.151688343674084
1.95731570776637	0.441000340195791
0.94820175004088	0.248479682375772
3.92452877652187	1.70087632208659
0.802489056255948	0.330144551890374
-3.76500715654354	1.48473725010782
0.659032459281836	0.207041754611057
0.425842843580689	0.168023318876402
0.163185820804974	0.0407257646525502
0.804765006705712	0.331183851246171
0.511755072041239	0.180523302881905
-1.52525862148376	0.541687313963439
2.1046410607199	0.926318292522978
0.799239343613409	0.328591622299045
1.04467439086358	0.495654476038041
-2.08460819785075	0.94084287548003
0.144054213480702	0.0423469198905259
0.160583229502904	0.0401661733691417
0.948337549654709	0.248516516252871
0.947770742439721	0.248281535275256
0.950426851449918	0.249037516760643
-0.628164901903538	0.15157555358925
0.658449623497539	0.206846818911275
0.80809182652064	0.332822174466832
0.88099839576048	0.466529066729843
-0.24589156237082	0.079070854077361
-0.164744037178764	0.059028259963585
-0.354815349846941	0.101888689175609
-0.422872332672069	0.176466785846571
-3.45967591146264	1.22746502283364
1.81545080408239	0.703738180326379
0.658448437247608	0.206865271021461
-0.737745529684395	0.251848226779474
0.13884640734987	0.040833974543691
0.517113632980752	0.182385971564448
0.134446827346684	0.044648821058174
1.55507391974261	0.755498369683247
0.879241808673471	0.465808533323085
0.42627197547936	0.168082641113121
-0.359141638818634	0.103112871302961
-0.231757665117199	0.0746126179668819
0.514431860453614	0.181517099423547
2.09682127519349	0.921775526445784
1.95786695174359	0.441149378722158
1.02329749324129	0.381582146499257
1.43751431210785	0.880312442487084
0.146670376003709	0.0430346600388633
-0.625369403326299	0.299178526757532
1.76282005299112	0.966290892399671
-1.24057338761429	0.944037581789628
-1.29503373562381	0.577267948395295
0.12747667107683	0.0480354772047687
-0.624552065460917	0.298912713773585
-0.0345941344155082	0.0165777588554209
-0.738670030097319	0.252119567169358
3.63203016857434	1.41874839489518
2.75580772001712	0.763760469153332
0.154509067766894	0.0289541162362231
-1.79839614394125	0.382877807711208
0.155067569950451	0.0290355764553768
1.02592340208434	0.382810966482796
2.75580772001712	0.763760469153332
1.95988292961267	0.441702177751728
2.33899743092669	1.14663661123896
0.132660839006286	0.0566847121262319
0.878217205951341	0.46484080227679
-0.540010421209968	0.202885751343567
1.81323362267005	0.702723165703649
3.26284822825054	1.10169382604423
-2.57963910438406	0.659061212358043
0.510967914253512	0.180245566763838
0.339108391642414	0.1691026253186
-1.04324829900211	0.41067273876345
-1.14171114622793	0.344693702322242
0.423708721184005	0.16718499503533
2.75520320904554	0.763197913000704
4.37246862085129	2.22501493733621
2.10286507825917	0.92563188054431
-4.0152478191119	1.72707941673336
-1.79839614394125	0.382877807711208
-0.63185471444008	0.152466960619287
-0.628030265547787	0.151499678636842
0.659032459281836	0.207041754611057
-0.236865950236819	0.0762080730306188
-1.0001037668499	0.493752779623566
-0.124492170115093	0.0495062707791312
-1.69304340847359	0.952994808261722
0.659032643407672	0.20695576224899
-2.08460819785075	0.94084287548003
2.75641316563256	0.763778311858285
1.02304894811125	0.381607715308403
-0.735538279411364	0.250976055861043
1.02248687611089	0.381157405723936
0.144725574883443	0.0425191258680454
0.13506018741757	0.0398201960642906
-0.544388043857763	0.20467834687827
-1.1414839653338	0.344622990730584
0.162125356869158	0.0404960611383205
-3.45922605387697	1.22727228815634
0.510967914253512	0.180245566763838
0.147510896476738	0.0432547789402825
3.26795444532845	1.10381433627613
0.584893231275224	0.301576967339416
-1.29872591457944	0.579406012381771
0.676307490803662	0.31158022240744
0.127866363638053	0.0425460435773885
3.92694117717927	1.70243676685084
0.804687608616084	0.331016518337293
0.507414817168509	0.178846704726786
1.55450950666522	0.755013474046303
1.76115464897912	0.964950415738371
2.10080345028195	0.924400736993524
0.159992352718576	0.0400538861334557
-3.76108876538849	1.48211039032061
-0.738414128880846	0.252090639638632
-1.79839614394125	0.382877807711208
-2.57669595250488	0.657559862268914
0.154465593370314	0.0289479903375428
0.160221796316651	0.0401166927693931
0.156661115950913	0.0392800358899383
0.155067569950451	0.0290355764553768
2.75580772001712	0.763760469153332
3.63460034321621	1.42001047409594
1.02651128578825	0.383050193875148
1.30877399614962	0.561080478424277
0.51185508822947	0.180429891879722
0.948905461162112	0.248586345985544
1.43751431210785	0.880312442487084
0.673482458034147	0.310019955946795
-0.241543381848446	0.0777055848228126
0.141967130194531	0.0417132288760272
-0.807373932590619	0.441430069717292
-3.76442875693116	1.48378883589571
0.145995384957952	0.042836480378728
-3.08556356757563	0.949512459473102
-0.354525819937872	0.101778275735803
-3.08189869996978	0.9470994296719
1.44942286238737	0.477477409199566
1.30729482478471	0.560238424285418
0.432183820409146	0.170673945368384
0.160813493636874	0.0402291855562724
0.133301116726748	0.0442849463266127
0.140023273435885	0.041219830052157
1.31543636736156	0.564668618767136
2.0974101168042	0.921981740046017
-2.57669595250488	0.657559862268914
1.75982614037927	0.963533317367054
0.147007749076803	0.0431148554966707
-2.5766529574574	0.657773148602288
0.657866689740957	0.206670742493303
0.658157600688591	0.206837664845118
0.130061977767633	0.0432396857332205
-2.57963910438406	0.659061212358043
0.670479674423801	0.308592907557702
0.132600988210423	0.0440609588064188
1.0239728358881	0.381885834911352
2.87969246188528	1.90324922792772
-0.741848602831151	0.253311922462979
0.511535984561553	0.180463547184556
-0.233964530152622	0.0753172914260115
0.161043695584893	0.0402684742968713
0.160221796316651	0.0401166927693931
1.02651128578825	0.383050193875148
0.424719696521905	0.167520800855861
1.02246283803588	0.381238371277329
1.05079761669	0.499630961962893
-0.11512189478062	0.0458130318128354
-0.542200355463654	0.20382681574915
4.16666305010686	1.96519958497957
0.513297440290374	0.181056085890725
3.26406378444313	1.10187162962723
-0.16719037374262	0.0598638290738506
0.511755072041239	0.180523302881905
0.657283842665822	0.20642210460759
-1.14583039258107	0.346039770541419
-1.04779140371951	0.412732841654536
0.156661115950913	0.0392800358899383
-2.5766529574574	0.657773148602288
-0.628733247343677	0.151688343674084
2.75580772001712	0.763760469153332
1.95786695174359	0.441149378722158
1.44839669376933	0.477459847846965
0.801922158295548	0.329828855715043
0.519665650060962	0.18326408921244
0.144389940892798	0.0424393237157952
-1.30275695942311	0.58217036734031
0.421057115552697	0.166017922839267
-0.628030265547787	0.151499678636842
1.31473628244331	0.564270657565622
-0.540359580814883	0.202967573555385
0.94820175004088	0.248479682375772
-1.83199158756097	0.740532814070127
-1.14088544605048	0.344426431780091
0.154509067766894	0.0289541162362231
-1.14193838802885	0.344646219015582
-0.628733247343677	0.151688343674084
1.02304894811125	0.381607715308403
-0.328211744919502	0.151520768197504
0.143467885183021	0.0421790290070851
0.511535984561553	0.180463547184556
-1.14583039258107	0.346039770541419
1.0239728358881	0.381885834911352
-1.83132702405761	0.74028277145384
0.155713854733082	0.0390835596706886
-0.354519585455166	0.101776151388844
4.16416878488742	1.96341587712626
0.660638687988492	0.207526442563452
1.04703892798642	0.497162533983788
0.513516136888496	0.181178716343693
-1.52556530925699	0.541887546993991
-1.00488919428814	0.496747626192119
0.669451123256341	0.308094310202869
-0.118225301795606	0.0470554996015602
-0.801247295510391	0.437115427361144
1.55265783773452	0.753699130068357
0.159402290839324	0.0399177124259514
-0.165650631391215	0.0593414877038015
-0.54473807191762	0.204766493249962
2.09995861282333	0.923872580873855
-1.04744397176015	0.412600703300656
1.25684059841494	0.681084009430529
0.511187733730715	0.180331422147582
-0.621615292877024	0.297645337540775
-0.738079783119958	0.251987608125061
0.671837101139165	0.308902604091498
0.510399267871221	0.17998283956174
-1.19022949200697	0.665592317006918
0.131463990676715	0.0437015090033304
0.947770742439721	0.248281535275256
-0.355112179440658	0.101904546481095
0.658449623497539	0.206846818911275
0.154465593370314	0.0289479903375428
-1.79839614394125	0.382877807711208
1.95731570776637	0.441000340195791
-2.57660997484294	0.657538252319339
0.950998501270056	0.249196467275389
0.374343498860092	0.165966304255998
1.02626205148491	0.382823634565729
0.769428285347891	0.456777622094353
0.514998191803244	0.181676716913907
-0.11603641757197	0.0461520991841714
-0.621042482452693	0.297116692953715
0.159992352718576	0.0400538861334557
0.15963091503218	0.0399802605532864
-0.789530930804051	0.342214789279307
3.26508709738097	1.10261522135605
-3.76529646610535	1.48477662035046
-0.738079783119958	0.251987608125061
-1.14171114622793	0.344693702322242
1.02363521199244	0.381873400117373
0.144976980831471	0.0425943260188831
-1.2948051112795	0.577362423726676
0.15963091503218	0.0399802605532864
1.94072931588872	1.19009439688069
0.659032459281836	0.207041754611057
0.162719274583833	0.0406219991153643
3.26569824690609	1.10327543173781
1.44785372417853	0.477041110592846
0.51386494250992	0.181311218287051
1.81205656672306	0.701877636994275
0.658157600688591	0.206837664845118
0.160221796316651	0.0401166927693931
-0.167973568861706	0.0601248969281319
2.34214413722098	1.14880500240653
0.132382889280095	0.0439989008298304
0.532757448572384	0.307284015306416
0.426403404838852	0.16824819606602
-0.411662068870429	0.171457253105263
1.02214625298213	0.381008988602194
-0.234312185154952	0.0754304879292539
1.04746072672504	0.497700711342051
1.55343492064644	0.753801290272683
0.144054213480702	0.0423469198905259
0.128338588542606	0.0483629401375905
1.94002977399126	1.19051606055465
1.25599478121855	0.680370001576288
0.128673280033835	0.0484868522338571
0.160221796316651	0.0401166927693931
-0.621042482452693	0.297116692953715
-0.632424041671007	0.152580102364835
-0.167754072609883	0.0600616127897958
2.34367717139381	1.14840185198056
0.127405387111306	0.0480111839782604
0.160813493636874	0.0402291855562724
-1.80123754984197	0.383647112861273
2.75807933893485	0.764710363024488
-1.14088544605048	0.344426431780091
0.152050960400409	0.028630259939513
1.95731570776637	0.441000340195791
0.146922191196889	0.0431076767472804
0.132600988210423	0.0440609588064188
1.95731570776637	0.441000340195791
0.155067569950451	0.0290355764553768
0.948337549654709	0.248516516252871
1.02592340208434	0.382810966482796
-0.355104953248248	0.101967480674674
2.10055021952577	0.924312412659368
1.31763888527422	0.565583561080284
0.65757421006213	0.206588655278929
-2.5766529574574	0.657773148602288
0.879823295650508	0.465619204635478
-1.1406575104342	0.344234513147494
1.0190295579627	0.379719734867384
0.144976980831471	0.0425943260188831
0.160221796316651	0.0401166927693931
-0.628733247343677	0.151688343674084
2.75641316563256	0.763778311858285
0.50776496866365	0.179019570667438
-0.114263293640458	0.0454834777184629
0.653245802516738	0.205089848433872
-0.355112179440658	0.101904546481095
-0.786629190605387	0.340991155673526
0.540086304166629	0.312284309076255
1.95731570776637	0.441000340195791
0.948905461162112	0.248586345985544
0.373162580695551	0.165341999479447
3.26569824690609	1.10327543173781
-0.738670030097319	0.252119567169358
-1.1447666380351	0.34569313996721
0.803055311396109	0.330423388744012
-0.792396830153744	0.344017820558448
1.76080743527667	0.965082451079631
0.587922772023212	0.303982058773433
-0.738414128880846	0.252090639638632
-0.540010421209968	0.202885751343567
-0.239712126266584	0.0770946293272292
0.154465593370314	0.0289479903375428
0.424611273738373	0.167583555175302
1.76046014220399	0.964372176205742
-0.537820479884978	0.201951327851571
1.04390304170334	0.495341115745227
-0.172540841763772	0.0617450223024159
1.81264504950119	0.702404900566408
1.31331884073887	0.56363424296824
-0.789306862497791	0.342262742988917
0.131850096082115	0.0496765164754003
1.31126841403568	0.56233368703482
-0.627923399867832	0.301209825844488
-1.29388110726104	0.576654901330229
-0.54346877962796	0.204399150899749
-3.45967591146264	1.22746502283364
0.162357836679133	0.0405597098553547
0.658741078701816	0.207014004441108
-1.79839614394125	0.382877807711208
-2.5766529574574	0.657773148602288
0.94820175004088	0.248479682375772
0.158797898832415	0.0397350165406265
0.513516136888496	0.181178716343693
0.154509067766894	0.0289541162362231
1.95988292961267	0.441702177751728
1.06466108057026	0.64454593824045
-0.173898627793226	0.0622737835466209
-0.171416957929972	0.0613808082861972
0.890609223647992	0.473263221925887
0.876993227525042	0.464653135543492
1.02743758778838	0.383195606193548
-0.538391637447097	0.202241097472968
0.146332921310034	0.0429416898033695
-0.123846347462531	0.0492523596430064
-1.52497036065527	0.541612586959632
2.10114269367742	0.924635433318668
1.31183590793173	0.562694726030807
-0.354525819937872	0.101778275735803
-0.3523322595973	0.101168276473444
0.155067569950451	0.0290355764553768
1.02592340208434	0.382810966482796
3.26345542626113	1.10199860979414
1.04323019345025	0.495337606424751
0.135364021327178	0.0449437078279942
2.76097686654259	0.765783986906631
-0.234312185154952	0.0754304879292539
1.45114635521655	0.478471348903038
0.948905461162112	0.248586345985544
1.44862736407577	0.477555630338169
0.511884149147493	0.180536056250855
0.945072510336007	0.247668267417156
-0.540010421209968	0.202885751343567
-0.62621301873586	0.15115097520137
0.144389940892798	0.0424393237157952
1.81176507224111	0.701716027060748
1.02246283803588	0.381238371277329
-0.734865258526109	0.250732421647056
0.16045117802105	0.0401558290866076
0.804902320215242	0.331341314716319
0.374992176019385	0.166261800681351
0.13656660731672	0.0402314592662008
-0.625702212359178	0.299926625299963
0.128002629615466	0.0425983067073654
1.54905911103962	0.751329852210446
1.45138090115721	0.478568850670936
-1.83738734918859	0.743059172988662
-0.326388583670354	0.150459579345173
0.160221796316651	0.0401166927693931
1.44899109330448	0.477667123734845
0.154465593370314	0.0289479903375428
1.81515619836297	0.703574555319196
0.94820175004088	0.248479682375772
1.95731570776637	0.441000340195791
1.45054889854294	0.478121061898946
0.157370411029726	0.0293708256249034
1.95731570776637	0.441000340195791
1.0239728358881	0.381885834911352
0.146104998379499	0.0428076005853366
1.02422162940792	0.382079227006262
1.44839669376933	0.477459847846965
0.154465593370314	0.0289479903375428
-1.83132702405761	0.74028277145384
0.802704240998476	0.33025128123342
-1.04453512123014	0.411299191300165
2.10345763612533	0.92603048253316
0.510747125906926	0.180055308660596
0.660347295989593	0.207462296247491
0.511535984561553	0.180463547184556
0.802489056255948	0.330144551890374
0.87891758672378	0.465590433809451
0.154509067766894	0.0289541162362231
-0.168318442800183	0.0602514969158982
1.02651128578825	0.383050193875148
1.5524442422019	0.753203287410312
0.797972177742043	0.327977456331324
0.160221796316651	0.0401166927693931
-1.13872731243543	0.343741383764358
-0.234881985943443	0.0755878057926229
0.512948788838409	0.180923723722652
-1.52275201069355	0.540627902821117
0.510271633266051	0.179924314863983
0.140023273435885	0.041219830052157
1.55265783773452	0.753699130068357
1.0444623770314	0.495719164594595
0.801922158295548	0.329828855715043
-2.79498236281388	1.87142786008934
0.34106116939447	0.170418205029306
-0.628164901903538	0.15157555358925
1.81264504950119	0.702404900566408
0.144389940892798	0.0424393237157952
1.55265783773452	0.753699130068357
-0.0801441052717212	0.035256175799948
1.94610298262177	1.1955161521804
0.132382889280095	0.0439989008298304
0.505721230152749	0.178180313722362
2.75520320904554	0.763197913000704
-0.96970585960642	0.598427102452101
-0.807373932590619	0.441430069717292
1.05288307814161	0.500720333128003
-1.86035644953065	1.16713463181087
1.31331884073887	0.56363424296824
0.511535984561553	0.180463547184556
-1.13895833229548	0.343813220888229
0.948905461162112	0.248586345985544
0.658741078701816	0.207014004441108
-1.79840965860499	0.382877827643389
-0.628299579656606	0.151558046801791
-0.999500154963618	0.493213675971716
1.81323362267005	0.702723165703649
0.94820175004088	0.248479682375772
0.658741078701816	0.207014004441108
1.75836423143201	0.962753553234379
1.02685010343664	0.383062880383657
0.51245179464898	0.180728048354012
-1.1414839653338	0.344622990730584
0.94820175004088	0.248479682375772
1.44862736407577	0.477555630338169
0.425281606664403	0.167780963846818
-0.624824451696218	0.299085257385298
0.154465593370314	0.0289479903375428
0.950998501270056	0.249196467275389
1.44839669376933	0.477459847846965
0.770651131863069	0.456536329019147
0.800732484930354	0.329422357686243
0.511535984561553	0.180463547184556
1.55174017229736	0.752717131207676
-0.35262379016767	0.101278913820777
0.425842843580689	0.168023318876402
1.31486971476921	0.564331716989034
-0.626086593403788	0.299899618553713
-1.79840965860499	0.382877827643389
0.162590253502546	0.0405994312489443
0.798887367854718	0.328506973468232
0.421616261221355	0.166276240508206
0.135364021327178	0.0449437078279942
0.535692936972542	0.309382050607358
-0.172419460181579	0.0617770745008348
2.75580772001712	0.763760469153332
0.670235846552931	0.308134565191259
0.137211516101373	0.0455091631041957
-0.537471594714906	0.201751284533238
1.04323019345025	0.495337606424751
0.877630163423784	0.464403804615642
-1.52468217246603	0.541450953371581
1.0476706981431	0.497602919891168
1.8166310232947	0.704051562387115
-0.354229439997714	0.101697261087168
1.11878971661548	1.00756773354388
-0.792396830153744	0.344017820558448
-0.62732563122962	0.300719543149506
-1.51296382044259	0.76245444535201
-0.418098622830114	0.174378553054991
1.95731570776637	0.441000340195791
-0.038309603680707	0.0183313407359653
-1.00037438735711	0.493892565592627
-1.1414839653338	0.344622990730584
0.510619816865865	0.180113549991954
2.75641316563256	0.763778311858285
0.144304320671072	0.0423970373819599
-4.01226246083748	1.72475882924761
1.95731570776637	0.441000340195791
-1.79839614394125	0.382877807711208
0.950426851449918	0.249037516760643
-0.628733247343677	0.151688343674084
0.948905461162112	0.248586345985544
-3.45900121533902	1.22669642729201
0.159402290839324	0.0399177124259514
1.95786695174359	0.441149378722158
2.75807933893485	0.764710363024488
1.02709860167831	0.383182847467804
0.162357836679133	0.0405597098553547
0.51534721966292	0.181749344838292
0.658157600688591	0.206837664845118
1.02271178737872	0.381316878019672
-0.359141638818634	0.103112871302961
1.44922258720914	0.477763268309402
1.3150863687139	0.564688556451063
1.95731570776637	0.441000340195791
-2.57669595250488	0.657559862268914
-1.79839614394125	0.382877807711208
2.75868832531345	0.765017792149168
0.51386494250992	0.181311218287051
2.75807933893485	0.764710363024488
0.654121684946124	0.205433467520013
-1.52556530925699	0.541887546993991
1.81545080408239	0.703738180326379
-1.52556530925699	0.541887546993991
1.02279934713965	0.381250494154782
-2.5766529574574	0.657773148602288
0.162952579336367	0.0406858836130456
2.75580772001712	0.763760469153332
0.133301116726748	0.0442849463266127
-0.354229439997714	0.101697261087168
1.02880620938241	0.38386800333252
0.16045117802105	0.0401558290866076
0.154465593370314	0.0289479903375428
0.144976980831471	0.0425943260188831
0.154465593370314	0.0289479903375428
-0.54346877962796	0.204399150899749
1.45198001091205	0.478658944297305
-1.1414839653338	0.344622990730584
1.45174463580423	0.478561109172125
-0.628030265547787	0.151499678636842
0.948905461162112	0.248586345985544
0.802704240998476	0.33025128123342
-1.79839614394125	0.382877807711208
-3.45945095257726	1.22747869975084
-1.52896155531942	0.543366808154917
-0.738670030097319	0.252119567169358
0.50720087150347	0.178829201945322
-0.237212899766669	0.0763212805777045
-0.116798931417201	0.0464504059922324
1.31543636736156	0.564668618767136
-0.415250735244327	0.172921870513201
0.659032643407672	0.20695576224899
1.02455981174032	0.382091874796033
1.95786695174359	0.441149378722158
-1.79839614394125	0.382877807711208
1.95988292961267	0.441702177751728
1.44839669376933	0.477459847846965
1.95731570776637	0.441000340195791
0.944504519928106	0.247598335656165
1.95786695174359	0.441149378722158
1.95786695174359	0.441149378722158
0.94820175004088	0.248479682375772
0.950287720870208	0.248999740475732
0.947635845528227	0.248244973505163
1.02304894811125	0.381607715308403
2.34249550448842	1.14909671976623
0.511755072041239	0.180523302881905
0.669640034979678	0.307781097383292
0.944504519928106	0.247598335656165
1.45391440811699	0.479230213237448
0.948905461162112	0.248586345985544
-1.79840965860499	0.382877827643389
-1.04699599964233	0.412236522767609
1.45078261646269	0.478218161496633
-0.236865950236819	0.0762080730306188
0.511535984561553	0.180463547184556
1.45174463580423	0.478561109172125
-0.352036490485324	0.101122204058746
-1.18986310420283	0.665361842257271
-0.736819853337875	0.251337978101795
2.10636939831221	0.927285990182235
2.75641316563256	0.763778311858285
0.154509067766894	0.0289541162362231
2.10114269367742	0.924635433318668
1.44899109330448	0.477667123734845
-1.52955481711501	0.543641482939636
0.802704240998476	0.33025128123342
0.661223086818105	0.207656588437818
0.658741078701816	0.207014004441108
0.147848686423209	0.0433479015633612
-0.628599509856641	0.151612619227975
3.26284822825054	1.10169382604423
0.944504519928106	0.247598335656165
1.02685010343664	0.383062880383657
0.429747928367236	0.169659342836792
-0.739810651859165	0.252595067527066
1.31183590793173	0.562694726030807
0.513297440290374	0.181056085890725
-0.628733247343677	0.151688343674084
0.144976980831471	0.0425943260188831
-0.540486497816113	0.203240784979243
-0.171762117804328	0.0615057733921786
-3.76165974462818	1.48222195957514
0.373445619140009	0.165721944947213
-0.737264204548701	0.251556002952819
-1.83072704109891	0.739930594937107
0.948905461162112	0.248586345985544
-0.412261031351047	0.171714138801548
3.26284822825054	1.10169382604423
0.134663561206417	0.0447043906173227
-0.240846100521927	0.0774684702165293
0.948337549654709	0.248516516252871
0.162125356869158	0.0404960611383205
2.75807933893485	0.764710363024488
1.95786695174359	0.441149378722158
2.75520320904554	0.763197913000704
-1.79840965860499	0.382877827643389
1.95786695174359	0.441149378722158
1.95731570776637	0.441000340195791
0.947635845528227	0.248244973505163
2.75641316563256	0.763778311858285
-1.1840119631349	0.66014918760717
1.06191675765606	0.64255451690593
0.129605375797865	0.048824572939505
0.160221796316651	0.0401166927693931
0.802489056255948	0.330144551890374
1.44922258720914	0.477763268309402
3.26406378444313	1.10187162962723
0.15547989361324	0.039031965106125
0.160813493636874	0.0402291855562724
-0.236642536873473	0.0761450888689269
0.659032459281836	0.207041754611057
0.677488911767673	0.312159789463178
2.24605037288306	1.70955449753539
1.81235300959058	0.702242876396542
0.947770742439721	0.248281535275256
3.6326714041979	1.41965046916025
0.53016786637845	0.305307054273554
-0.9997077483258	0.49337363041305
0.658157600688591	0.206837664845118
0.510967914253512	0.180245566763838
0.582743789790521	0.300565467879737
-0.355112179440658	0.101904546481095
-2.64843731256358	1.61266315054594
1.04411565864259	0.495318996316923
-1.53385767192304	0.545384911398725
0.156070095129669	0.0391676647119387
3.6326714041979	1.41965046916025
-1.14111344283696	0.344497381350969
-0.539089600210505	0.202542124367007
0.511755072041239	0.180523302881905
0.67597348422149	0.311372575495527
0.696463207358185	0.455709263966116
0.800169874224594	0.329047040920974
1.43349573664255	0.877413685405303
1.8138222857108	0.70292085392477
0.88067338607847	0.466267903307237
0.506636186737087	0.178613076266429
0.140023273435885	0.041219830052157
1.23042477670022	0.845418603003654
1.43938112078347	0.882216880017671
0.805680641996882	0.331728723334835
0.37719892423885	0.167428598365971
1.25283050010547	0.677613121936022
0.447982471893958	0.324114354310537
-1.1406575104342	0.344234513147494
0.583975703113986	0.300767972090215
1.44839669376933	0.477459847846965
0.849682238807295	0.626614519364405
0.426188529242061	0.168158662567646
0.162357836679133	0.0405597098553547
2.75580772001712	0.763760469153332
-1.79840965860499	0.382877827643389
0.144389940892798	0.0424393237157952
0.155067569950451	0.0290355764553768
1.95731570776637	0.441000340195791
1.44922258720914	0.477763268309402
-0.628164901903538	0.15157555358925
-1.79839614394125	0.382877807711208
-1.2948051112795	0.577362423726676
1.95731570776637	0.441000340195791
1.95786695174359	0.441149378722158
2.10543731746934	0.926718487222265
-0.358557998384515	0.10292132426425
0.773799648871031	0.459313018388843
-0.238130718624198	0.0765764115230572
0.424935770305415	0.167621556044747
0.338398780127632	0.168834034265268
0.52508543810758	0.302100819322036
0.533112642065699	0.307535086851618
0.65757421006213	0.206588655278929
0.803620921341924	0.330666152724973
0.138127543219772	0.0458068858026646
1.02651128578825	0.383050193875148
-1.52525862148376	0.541687313963439
-2.08484842220823	0.940993818731239
1.44780311038183	0.477066495630919
-1.69010915746495	0.950594935338849
0.373694561793937	0.165582981287767
1.02455981174032	0.382091874796033
-0.0800394326455342	0.0352142711478163
-1.29180126592501	0.575635440327952
0.804902320215242	0.331341314716319
0.132183867428434	0.0497956563494198
-0.232326150568762	0.0747848072087388
-1.52556530925699	0.541887546993991
0.950858461556905	0.2491584305819
0.147259813410519	0.0432007445014279
-1.1412568453231	0.344431220445032
1.02685010343664	0.383062880383657
0.658157600688591	0.206837664845118
0.952960668065698	0.249631740841768
1.95786695174359	0.441149378722158
-0.171201121492568	0.0613083374431992
1.02212623462815	0.380948102315312
0.426057714386364	0.168088710052056
0.590678248489277	0.305402658436623
0.876980757709068	0.464120106246
1.23704261670618	0.851504974617286
0.944504519928106	0.247598335656165
1.3150863687139	0.564688556451063
0.376934445978766	0.167251767408635
-1.1412568453231	0.344431220445032
-1.52275201069355	0.540627902821117
0.131850096082115	0.0496765164754003
0.669043786961478	0.307398315446467
0.510747125906926	0.180055308660596
0.16045117802105	0.0401558290866076
0.511535984561553	0.180463547184556
-0.412351427921476	0.235395774028695
0.16045117802105	0.0401558290866076
-0.17577753011317	0.0629386368387672
0.661517102334111	0.207824976675168
0.152050960400409	0.028630259939513
-0.628164901903538	0.15157555358925
1.95988292961267	0.441702177751728
0.154311934860129	0.0289593414864238
-2.57669595250488	0.657559862268914
0.163185820804974	0.0407257646525502
0.509876478641146	0.179762262788489
1.44839669376933	0.477459847846965
2.75580772001712	0.763760469153332
0.160221796316651	0.0401166927693931
0.658157600688591	0.206837664845118
-0.237559934502149	0.0764246711906185
3.26631056571709	1.10328266544307
-1.30205730155638	0.581777820807544
0.514213661606994	0.181383794125596
-0.738670030097319	0.252119567169358
3.92389000551089	1.70054361221532
2.33706074348868	1.14515549915231
1.60646496195218	1.11247426683013
1.52157885049004	1.30138195306912
1.44862736407577	0.477555630338169
1.44839669376933	0.477459847846965
1.76157139616501	0.965358710066719
0.658157600688591	0.206837664845118
0.50776496866365	0.179019570667438
0.657866689740957	0.206670742493303
1.44958631087756	0.477702557005987
-0.628164901903538	0.15157555358925
3.63331351050508	1.42008896661082
1.25599478121855	0.680370001576288
1.44862736407577	0.477555630338169
1.55287065064265	0.753512057969004
0.124224947793226	0.0468546188464198
-0.359141638818634	0.103112871302961
1.37885530705844	1.06041281202935
0.130992195528203	0.0493490863110476
0.374077768613044	0.165818583952208
0.130992195528203	0.0493490863110476
1.04592550905106	0.496555772385996
0.658741078701816	0.207014004441108
2.10345763612533	0.92603048253316
-0.240846100521927	0.0774684702165293
-2.57669595250488	0.657559862268914
-2.08553743334962	0.941412888325459
1.02338601426445	0.38161996773056
-0.535972986453295	0.201305640312495
1.0466925841433	0.497144343266033
1.02329749324129	0.381582146499257
0.154465593370314	0.0289479903375428
1.43777302020681	0.880531565163516
-0.805947853701745	0.537689457638446
1.55507391974261	0.755498369683247
1.07136286650501	0.650851961894903
-0.414515563910564	0.172670310722692
-1.52527766014307	0.541726073904961
-0.539089600210505	0.202542124367007
0.948905461162112	0.248586345985544
-0.626075023442282	0.151167646950723
1.95786695174359	0.441149378722158
0.156070095129669	0.0391676647119387
-1.14171114622793	0.344693702322242
1.95786695174359	0.441149378722158
0.156070095129669	0.0391676647119387
3.26631056571709	1.10328266544307
0.154509067766894	0.0289541162362231
0.152050960400409	0.028630259939513
3.26345542626113	1.10199860979414
0.948768757521975	0.248549269795159
-0.735795036496609	0.251087692088149
-0.539312347732804	0.202625351504848
-0.354229439997714	0.101697261087168
1.95731570776637	0.441000340195791
-1.14950531730286	0.347256013848679
0.132032810243933	0.0438841642048134
-0.120221326145877	0.0478165432547273
0.658157600688591	0.206837664845118
1.55152601933111	0.752759870414717
0.801003629379337	0.329269419736642
1.45138090115721	0.478568850670936
0.78100336267533	0.465107676791105
1.30877399614962	0.561080478424277
0.797972177742043	0.327977456331324
0.426617670606455	0.168281160290742
1.0444623770314	0.495719164594595
0.373753217777433	0.165661732219598
0.660932155782147	0.207694635746326
1.80835489274816	0.70010856168417
0.947770742439721	0.248281535275256
1.95786695174359	0.441149378722158
0.142423526320512	0.0683980799901551
1.45078261646269	0.478218161496633
0.142306377840433	0.0418148962103769
0.14380305748793	0.042271222114559
-3.46276423195498	1.22902448571158
0.657866689740957	0.206670742493303
0.588405870825793	0.304001827564856
0.511187733730715	0.180331422147582
0.139684630056245	0.0411185419267414
-0.539786580283239	0.202891755226766
0.802353086825023	0.329964914866132
-1.50616818126519	0.75747583185463
-1.14111344283696	0.344497381350969
0.146670376003709	0.0430346600388633
-1.52955481711501	0.543641482939636
3.26345542626113	1.10199860979414
1.44839669376933	0.477459847846965
0.948337549654709	0.248516516252871
3.63331351050508	1.42008896661082
1.95988292961267	0.441702177751728
0.948337549654709	0.248516516252871
0.947770742439721	0.248281535275256
1.95786695174359	0.441149378722158
-0.626075023442282	0.151167646950723
-1.79839614394125	0.382877807711208
2.75580772001712	0.763760469153332
-0.788618958882262	0.341859317766317
0.143477516670026	0.0421253750116672
-3.76500715654354	1.48473725010782
-0.351744415353914	0.1010114930848
-3.76137421922742	1.48226291907169
0.144640697621443	0.0425017414545061
0.128075192969757	0.0482635683600574
0.876717909154008	0.463866575605238
3.26284822825054	1.10169382604423
0.654408135649179	0.205512311863459
-0.628733247343677	0.151688343674084
-0.242459551461214	0.077947382082456
0.15963091503218	0.0399802605532864
3.26508709738097	1.10261522135605
1.81323362267005	0.702723165703649
1.31275235192293	0.563405500186811
0.14255281745336	0.0418775195715754
-3.76165974462818	1.48222195957514
1.02338601426445	0.38161996773056
1.43601090495908	0.88026702341135
0.669975753795622	0.30798845763185
1.25223695808318	0.677016320444687
1.81115625615482	0.701436048499222
1.02363521199244	0.381873400117373
0.14380305748793	0.042271222114559
-1.1413415008172	0.344450233445194
-1.1414839653338	0.344622990730584
-1.04186502485552	0.409908817117415
-0.732903532938375	0.249925569855424
-1.04232764455762	0.41013375079511
0.802489056255948	0.330144551890374
1.02592340208434	0.382810966482796
0.513297440290374	0.181056085890725
-0.539089600210505	0.202542124367007
0.587176291944614	0.303137191834926
1.02685010343664	0.383062880383657
-0.734865258526109	0.250732421647056
0.657864503304789	0.206616146564203
1.0190295579627	0.379719734867384
0.154465593370314	0.0289479903375428
0.155111385030128	0.0290417527313876
-0.628599509856641	0.151612619227975
2.75641316563256	0.763778311858285
-1.79840965860499	0.382877827643389
0.947770742439721	0.248281535275256
1.44922258720914	0.477763268309402
-1.04163570285521	0.409773247801858
0.948905461162112	0.248586345985544
2.75580772001712	0.763760469153332
-2.5766529574574	0.657773148602288
-1.13872731243543	0.343741383764358
-0.237559934502149	0.0764246711906185
-0.0800966314259405	0.0352428263549873
2.75520320904554	0.763197913000704
0.950287720870208	0.248999740475732
-1.52674340008464	0.542380499879977
1.25308727931006	0.677893883554368
0.1330827989725	0.0442077225266119
-0.175564770680714	0.0628506785144863
0.660932155782147	0.207694635746326
-0.35262379016767	0.101278913820777
1.02246283803588	0.381238371277329
1.81456677210567	0.703082758766755
2.0982328990377	1.43292624446618
2.1031177894695	0.925795147014246
-0.326080905120294	0.150357677981339
-2.0894625554263	0.944110632073379
-0.510720793242878	0.270086020562963
-1.52527766014307	0.541726073904961
-0.736131442714986	0.251191396874175
0.666720675538898	0.306383563426964
2.10021124048698	0.924077935460336
0.159859477622278	0.0400192334307773
0.160221796316651	0.0401166927693931
1.31451987093813	0.564351638075811
1.02271178737872	0.381316878019672
0.427940197825985	0.168935073750412
0.144138136643148	0.0423508720464565
-1.14111344283696	0.344497381350969
0.157325350109871	0.02936446462458
0.671242260155002	0.308574717990314
0.12747667107683	0.0480354772047687
1.75939294356944	1.79868144627589
0.14371839260098	0.0422424410228484
-0.236295434458238	0.0760318807121589
0.134143653400084	0.0643839637765567
-0.812402174415978	0.444792956101086
-0.735795036496609	0.251087692088149
0.157370411029726	0.0293708256249034
0.338155125821821	0.168537276082784
-0.234312185154952	0.0754304879292539
0.162719274583833	0.0406219991153643
0.162357836679133	0.0405597098553547
-2.57669595250488	0.657559862268914
0.948337549654709	0.248516516252871
3.6326714041979	1.41965046916025
-0.628164901903538	0.15157555358925
0.658741078701816	0.207014004441108
-1.14499995487719	0.345855392571373
-0.241543381848446	0.0777055848228126
-0.359725191866461	0.103238313016327
0.162125356869158	0.0404960611383205
-1.79839614394125	0.382877807711208
-1.83504104592481	0.742292078332567
-0.355401168227563	0.102014834884787
-1.04779140371951	0.412732841654536
-0.236519085872564	0.0760782981535278
2.1056753041031	1.44147296273515
-0.232326150568762	0.0747848072087388
-0.354229439997714	0.101697261087168
1.02329749324129	0.381582146499257
-0.239216268709345	0.0769712564401174
-1.04721949984211	0.412618976511128
1.04815319884068	0.497931909325788
1.04312921058322	0.494597597231009
0.154509067766894	0.0289541162362231
0.13344715681091	0.0569633928380752
1.81294103662311	0.70256079058948
0.131463990676715	0.0437015090033304
-0.54346877962796	0.204399150899749
1.54997338042435	0.751849947824501
-2.49492790464483	1.38266355445116
0.797972177742043	0.327977456331324
-1.04744397176015	0.412600703300656
0.126543144272307	0.0540223218243271
1.06529045706672	0.645066381834495
1.25416568998507	0.679478431690207
1.81604086904786	0.704001590638153
4.36994521583168	2.22249832804223
1.25368012065866	0.678376263809774
1.02558467001725	0.382518749728777
1.308210147198	0.560788489886055
-1.14171114622793	0.344693702322242
-0.744521675908842	0.254256650960469
-1.52585303078124	0.541962051097293
-1.52527766014307	0.541726073904961
0.345762955214128	0.172762610176751
0.88132151075817	0.467252363313393
0.579707941380972	0.298809073772813
-0.165524140224107	0.0592721353648851
-0.536543629071067	0.201474262127947
0.424373787314051	0.167361463682442
-1.00075889534507	0.494647107908871
-0.11677643416257	0.0464874593492553
-1.14111344283696	0.344497381350969
1.81323362267005	0.702723165703649
-0.741510950758259	0.253188727186893
0.948768757521975	0.248549269795159
-2.57968420714322	0.659073447553718
0.154509067766894	0.0289541162362231
0.948337549654709	0.248516516252871
-2.57669595250488	0.657559862268914
0.155111385030128	0.0290417527313876
-1.79839614394125	0.382877807711208
0.155067569950451	0.0290355764553768
-3.08556356757563	0.949512459473102
-2.57660997484294	0.657538252319339
3.63395648950567	1.42026036401428
-0.237437039825944	0.0763599123457812
1.04536760236631	0.496267966555643
-0.352328640216398	0.101201570764145
1.45078261646269	0.478218161496633
0.508611512899089	0.179247425596536
0.144976980831471	0.0425943260188831
0.581517748674305	0.299663487888075
0.950858461556905	0.2491584305819
2.75520320904554	0.763197913000704
-0.231757665117199	0.0746126179668819
0.15963091503218	0.0399802605532864
1.75780594186057	0.962186704227779
-1.29468583724064	0.577050898837199
1.44665759513172	0.476601664632304
-0.240976410898063	0.0775300306973211
-0.788395480319902	0.341804995882944
0.654121684946124	0.205433467520013
-1.70045193992328	0.959389000268318
-1.13895833229548	0.343813220888229
-0.411927679691464	0.171559111174735
-0.354229439997714	0.101697261087168
-0.539884754000364	0.202777184376746
0.144389940892798	0.0424393237157952
1.8135291528185	0.702758164322864
1.31275235192293	0.563405500186811
-1.1414839653338	0.344622990730584
-0.739003822726622	0.252222384495429
1.54885026895287	0.751200888851459
-3.08216231491203	0.947551973079846
0.139086919218747	0.0408860187823921
1.31070034384838	0.56184147035493
-0.789386763625026	0.34250460133574
-0.254370792107733	0.128453995962992
0.127740324846529	0.0481396538224244
0.371241121847868	0.164587159709047
0.881910169013778	0.467111139730788
-0.235948417281415	0.0759021467201397
0.948337549654709	0.248516516252871
-2.57968420714322	0.659073447553718
-0.354815349846941	0.101888689175609
1.95988292961267	0.441702177751728
0.154311934860129	0.0289593414864238
1.44899109330448	0.477667123734845
1.95731570776637	0.441000340195791
2.75641316563256	0.763778311858285
0.144138136643148	0.0423508720464565
1.95786695174359	0.441149378722158
2.75580772001712	0.763760469153332
-1.79839614394125	0.382877807711208
-1.14111344283696	0.344497381350969
0.144839984425568	0.0424652121179643
0.144976980831471	0.0425943260188831
0.14380305748793	0.042271222114559
1.81886023461405	0.704877804186235
-0.414515563910564	0.172670310722692
-2.08784246267646	0.942656561663798
-1.79839614394125	0.382877807711208
0.130977595936442	0.0435409758262869
1.02363521199244	0.381873400117373
-2.08651667798306	0.942148962041558
-2.30007213812399	1.14746925859003
0.512103476504473	0.180655514559587
-0.793305877820496	0.344462091426673
0.155713854733082	0.0390835596706886
-1.0438234260038	0.410788519057193
0.51386494250992	0.181311218287051
0.661223086818105	0.207656588437818
0.586137253480046	0.30224138677196
0.131753666673345	0.0437753507518871
-0.236642536873473	0.0761450888689269
-3.45967591146264	1.22746502283364
-1.04313192494267	0.410517747694466
0.663427748733987	0.208300313291545
1.7594787819258	0.963664569613647
1.44839669376933	0.477459847846965
0.659032459281836	0.207041754611057
0.947635845528227	0.248244973505163
0.343370674960389	0.171586852049007
0.774443692273241	0.45988068813169
1.81264504950119	0.702404900566408
-0.169008421659159	0.0604879259203808
0.326725486379043	0.181011652624343
-2.48882627747552	1.3773813977039
1.44839669376933	0.477459847846965
1.04690378710311	0.497343192229306
2.10286507825917	0.92563188054431
0.673482458034147	0.310019955946795
1.44862736407577	0.477555630338169
-0.665121281758677	0.397264478625031
0.67176133967809	0.308969462067512
0.147848686423209	0.0433479015633612
1.75652131145829	1.3618480619136
1.82109873077117	0.705545944290691
-3.45922605387697	1.22727228815634
0.948905461162112	0.248586345985544
0.154509067766894	0.0289541162362231
-1.04313192494267	0.410517747694466
2.75641316563256	0.763778311858285
-1.79839614394125	0.382877807711208
-0.631994988626399	0.152498044571477
1.31183590793173	0.562694726030807
0.155111385030128	0.0290417527313876
-1.79839614394125	0.382877807711208
0.155111385030128	0.0290417527313876
-2.57963910438406	0.659061212358043
1.4480329582247	0.477161868008032
0.659032459281836	0.207041754611057
-1.51262029806075	0.762329863284607
-1.30581611132357	0.583754906976786
0.653826927429073	0.205337088996143
1.31296915771995	0.563217318478537
0.875804866758709	0.463134445642844
1.02190239796348	0.380920127363489
-0.628733247343677	0.151688343674084
-0.739220696441847	0.252380570526188
-1.14536534536015	0.34589005605433
0.345020357460595	0.172479094304908
3.26345542626113	1.10199860979414
1.55563768080424	0.755897558752995
0.514780733836532	0.181589698987139
0.672294824600451	0.309208232981787
0.133301116726748	0.0442849463266127
1.31218528243788	0.56311122145944
-1.50920533808673	0.759234123562016
-1.18368954027495	0.659935496261333
0.673482458034147	0.310019955946795
-0.117902708700115	0.0469250276685034
-0.354525819937872	0.101778275735803
0.378374383028926	0.168008405940863
1.01985986214015	0.380041869937102
1.45054889854294	0.478121061898946
1.25101314044632	0.676819294337697
1.04355625006019	0.494941192071787
1.76101611268726	0.964908126415187
0.144640697621443	0.0425017414545061
2.75580772001712	0.763760469153332
0.131814043124596	0.0438161720723548
1.06817566818363	0.648031617689729
1.44509906384746	0.476148552116978
-0.167973568861706	0.0601248969281319
-0.746129763239495	0.254909548180685
0.67255389099498	0.309487891494371
-0.326393633173898	0.150521800029804
-0.326539072018651	0.15076312383533
1.02363521199244	0.381873400117373
1.31543636736156	0.564668618767136
0.673223768225707	0.309720010174899
-0.631994988626399	0.152498044571477
3.26284822825054	1.10169382604423
0.157325350109871	0.02936446462458
0.157325350109871	0.02936446462458
1.95731570776637	0.441000340195791
1.44839669376933	0.477459847846965
1.95731570776637	0.441000340195791
-1.79839614394125	0.382877807711208
0.144976980831471	0.0425943260188831
0.947635845528227	0.248244973505163
-0.632563406792844	0.152610991116788
0.94820175004088	0.248479682375772
1.95731570776637	0.441000340195791
0.948337549654709	0.248516516252871
-1.03952339178586	0.408722843420212
0.659324643575319	0.207123110468657
0.800942292103537	0.329468782128631
-0.624773794560314	0.298987479143815
-2.30510991052137	1.15171940932676
1.31161763457028	0.562749823451238
-0.255287054801093	0.129052018396819
1.02363521199244	0.381873400117373
1.31161763457028	0.562749823451238
-3.08203048704882	0.947509650360219
-1.83072704109891	0.739930594937107
0.948905461162112	0.248586345985544
0.94820175004088	0.248479682375772
-1.13849635482287	0.34354887893789
1.76101611268726	0.964908126415187
1.75934614996838	0.962898942600284
2.75580772001712	0.763760469153332
-0.810721759237556	0.443793126322029
3.9226128726263	1.6989438994259
-1.2928374964896	0.575780060881968
-0.165306041400927	0.0592208118770727
-0.234659925712008	0.0755339906287207
-0.741510950758259	0.253188727186893
0.374679873395023	0.16633198853929
1.02363521199244	0.381873400117373
0.947635845528227	0.248244973505163
1.08904463562203	0.824106500670166
1.01961500222098	0.379984696878922
0.427380592234077	0.168681699885593
0.124224947793226	0.0468546188464198
-0.233742966580479	0.0752394538943447
1.44922258720914	0.477763268309402
0.580014576178989	0.299024204071007
-0.164182716008776	0.0588217692737051
-0.540233723322025	0.202917482560003
-1.04488326260696	0.411431568917432
-0.554383783342751	0.354478278177899
-0.325464789243747	0.150066551001885
0.374402254410437	0.165957266705863
-1.51227685112488	0.76213256545427
0.510967914253512	0.180245566763838
0.51386494250992	0.181311218287051
-0.418766093941213	0.174660992041724
-1.18336718045491	0.659680463908191
0.132032810243933	0.0438841642048134
0.159859477622278	0.0400192334307773
0.152050960400409	0.028630259939513
-0.359141638818634	0.103112871302961
0.155067569950451	0.0290355764553768
-1.79840965860499	0.382877827643389
1.95786695174359	0.441149378722158
0.370384780177247	0.164109337229307
-1.52614082474697	0.541895090059418
1.95731570776637	0.441000340195791
0.948337549654709	0.248516516252871
3.63331351050508	1.42008896661082
1.45198001091205	0.478658944297305
-1.29445710557565	0.57719309643802
-1.51227685112488	0.76213256545427
-0.241762406615348	0.0777470617850766
-0.790074655877468	0.342816462594085
0.383985660636788	0.170706721968498
-1.82908274045033	0.738883204958362
-0.418031567625846	0.174259701447054
0.140023273435885	0.041219830052157
0.502286749661021	0.17690861219098
-1.50897634643426	0.759381379959404
1.02592340208434	0.382810966482796
0.591916460544262	0.306231299697181
-1.14111344283696	0.344497381350969
-1.83504104592481	0.742292078332567
0.144389940892798	0.0424393237157952
2.72823241321889	1.63865630036038
1.45114635521655	0.478471348903038
0.37564254510964	0.166735537453162
0.661517102334111	0.207824976675168
0.875804866758709	0.463134445642844
0.950998501270056	0.249196467275389
-1.2941091808211	0.576975974922849
-1.34551896731325	0.843653005520569
0.155111385030128	0.0290417527313876
0.425281606664403	0.167780963846818
-0.163838348578899	0.058695787626698
-2.0894625554263	0.944110632073379
-1.52468217246603	0.541450953371581
0.950998501270056	0.249196467275389
1.8138222857108	0.70292085392477
-0.542550190002901	0.204022574863377
-0.328835844174034	0.151854178815226
1.04480901675325	0.495932284777841
1.254475873391	0.67881422615207
0.88099839576048	0.466529066729843
-0.240976410898063	0.0775300306973211
-0.998444255827471	0.492657977518013
-0.738002720964575	0.251779850607704
-1.18705899094899	0.662625155371146
0.143477516670026	0.0421253750116672
0.51408290047205	0.181384498788784
1.44862736407577	0.477555630338169
0.15547989361324	0.039031965106125
1.95786695174359	0.441149378722158
-2.5766529574574	0.657773148602288
-1.79840965860499	0.382877827643389
0.15963091503218	0.0399802605532864
-0.628299579656606	0.151558046801791
-3.08216231491203	0.947551973079846
0.154509067766894	0.0289541162362231
-1.79839614394125	0.382877807711208
1.95731570776637	0.441000340195791
0.512948788838409	0.180923723722652
1.81294103662311	0.70256079058948
1.7594787819258	0.963664569613647
0.135930401959736	0.045112999214881
-0.538391637447097	0.202241097472968
0.157325350109871	0.02936446462458
0.516065078104504	0.181989514523655
-1.04255649350425	0.410401789740815
0.16045117802105	0.0401558290866076
2.09995861282333	0.923872580873855
-0.628164901903538	0.15157555358925
-0.539312347732804	0.202625351504848
-0.628299579656606	0.151558046801791
0.773783943744302	0.459936660350152
0.801922158295548	0.329828855715043
1.45138090115721	0.478568850670936
-1.04021595924619	0.409215240728406
0.511406581218177	0.180333732150807
-0.539312347732804	0.202625351504848
-0.232326150568762	0.0747848072087388
0.149801165834309	0.0438547660273388
1.94178049339278	1.1907548776292
0.131463990676715	0.0437015090033304
-0.171762117804328	0.0615057733921786
0.424373787314051	0.167361463682442
1.5554260223568	0.75543285370151
0.425065527869463	0.167656114427908
0.938958332715073	0.633073921934043
1.02626205148491	0.382823634565729
2.3392177093588	1.14668438820198
-3.45945095257726	1.22747869975084
0.805467397708516	0.331643487494376
-0.354815349846941	0.101888689175609
0.374667869915192	0.166123158223375
0.511535984561553	0.180463547184556
-0.114208159166471	0.0454613905002761
1.75879816503104	1.36445685908159
0.135876128744796	0.0651042933697147
0.127734657092946	0.0481556732712864
0.584893231275224	0.301576967339416
-1.04290235412753	0.410559570501728
-0.737824274342293	0.251781339210884
-1.34900433167307	0.848100823552905
0.345460273391501	0.172602869150054
2.33807558295589	1.14590125490883
-3.46679196715223	1.23130500663502
2.75868832531345	0.765017792149168
0.51245179464898	0.180728048354012
0.159992352718576	0.0400538861334557
2.75641316563256	0.763778311858285
1.95731570776637	0.441000340195791
2.75580772001712	0.763760469153332
1.81545080408239	0.703738180326379
1.31600243356677	0.564924856678145
1.95786695174359	0.441149378722158
1.95731570776637	0.441000340195791
-0.738079783119958	0.251987608125061
0.660932155782147	0.207694635746326
-0.355104953248248	0.101967480674674
-1.83504104592481	0.742292078332567
0.663734071862524	0.30487378494478
0.140609521820489	0.0413743325045252
0.144389940892798	0.0424393237157952
-1.14284398403614	0.345169869447138
-0.813966176968873	0.445561021772591
1.44862736407577	0.477555630338169
1.02422162940792	0.382079227006262
1.04378432587275	0.495692924097087
0.517113632980752	0.182385971564448
-0.245541128473275	0.0789739237518624
1.02279934713965	0.381250494154782
0.132032810243933	0.0438841642048134
-0.235948417281415	0.0759021467201397
-0.355401168227563	0.102014834884787
0.877892718764896	0.464775421610208
-3.45967591146264	1.22746502283364
3.63331351050508	1.42008896661082
1.31331884073887	0.56363424296824
2.72165485823838	1.63078562557653
1.02363521199244	0.381873400117373
0.658448437247608	0.206865271021461
1.44839669376933	0.477459847846965
0.511535984561553	0.180463547184556
1.95786695174359	0.441149378722158
1.31275235192293	0.563405500186811
1.54885026895287	0.751200888851459
0.140023273435885	0.041219830052157
-0.353939368265063	0.101586834148653
-2.57660997484294	0.657538252319339
2.54427735653569	1.37734833843962
1.74401726413783	1.34619867199528
1.31430247809655	0.563856873803471
-1.51262029806075	0.762329863284607
0.128568405154016	0.0427795258685336
0.51408290047205	0.181384498788784
-0.536543629071067	0.201474262127947
1.228083757417	0.84209796843159
0.65757421006213	0.206588655278929
-0.539884754000364	0.202777184376746
-0.358557998384515	0.10292132426425
-1.79840965860499	0.382877827643389
-0.628867026021838	0.151670609188118
0.660932155782147	0.207694635746326
-1.80123754984197	0.383647112861273
0.948337549654709	0.248516516252871
1.95731570776637	0.441000340195791
-1.1414839653338	0.344622990730584
-2.57963910438406	0.659061212358043
2.75580772001712	0.763760469153332
-0.354815349846941	0.101888689175609
-1.52554695498285	0.541620681553635
0.349358628500708	0.174774916298105
-0.792396830153744	0.344017820558448
-1.14171114622793	0.344693702322242
-2.5766529574574	0.657773148602288
1.44126939254553	0.88489888814039
-0.164399596828408	0.0589021623891461
-1.14111344283696	0.344497381350969
-0.632563406792844	0.152610991116788
0.132513899668301	0.0440249398537092
0.428631067442515	0.169230176789531
-1.85911239386277	1.1670296521338
0.370326825020082	0.164116205224483
0.658157600688591	0.206837664845118
0.803971934707366	0.330719381694903
-0.114263293640458	0.0454834777184629
0.950858461556905	0.2491584305819
2.0956418939305	0.921016207690412
0.803055311396109	0.330423388744012
1.02363521199244	0.381873400117373
1.55598981029304	0.755831923074866
2.75868832531345	0.765017792149168
1.02338601426445	0.38161996773056
0.653826927429073	0.205337088996143
0.803055311396109	0.330423388744012
0.339803349476105	0.169658382660051
2.10080345028195	0.924400736993524
1.06130174943256	0.641919888215193
0.657283842665822	0.20642210460759
0.881910169013778	0.467111139730788
-0.234881985943443	0.0755878057926229
0.420653932369945	0.165919903886093
1.81515619836297	0.703574555319196
0.130586200312459	0.0492036069928143
3.26284822825054	1.10169382604423
0.947770742439721	0.248281535275256
0.65757421006213	0.206588655278929
-1.80123754984197	0.383647112861273
-2.5766529574574	0.657773148602288
2.75520320904554	0.763197913000704
1.81574571371452	0.703837629137609
0.159992352718576	0.0400538861334557
-0.628164901903538	0.15157555358925
-0.628299579656606	0.151558046801791
0.155111385030128	0.0290417527313876
-0.628030265547787	0.151499678636842
0.131113855393916	0.043577918433868
-2.57669595250488	0.657559862268914
0.885778040797073	0.46996041052729
-1.14583039258107	0.346039770541419
0.657864503304789	0.206616146564203
-0.234312185154952	0.0754304879292539
0.426188529242061	0.168158662567646
-0.352915395102444	0.101358152963712
1.814860828926	0.70324597733131
-0.352328640216398	0.101201570764145
3.63565166019344	1.42132833477826
0.511187733730715	0.180331422147582
1.04690378710311	0.497343192229306
-1.1413415008172	0.344450233445194
-0.167409271163493	0.059935085601386
0.141436045082701	0.0679003432540227
1.43627823692306	0.878756997973114
0.503148723040765	0.319122710365908
0.658741078701816	0.207014004441108
-0.358848207258787	0.103009197892419
1.38396157714832	1.06794475141015
0.948337549654709	0.248516516252871
0.583962713049349	0.30093158636829
0.588719097872329	0.304194471760505
2.09995861282333	0.923872580873855
0.144054213480702	0.0423469198905259
-0.165306041400927	0.0592208118770727
-0.622551476616889	0.297821562046113
-0.628599509856641	0.151612619227975
-0.628599509856641	0.151612619227975
1.02455981174032	0.382091874796033
-1.80123754984197	0.383647112861273
0.160221796316651	0.0401166927693931
3.63331351050508	1.42008896661082
-3.45922605387697	1.22727228815634
0.157370411029726	0.0293708256249034
0.14380305748793	0.042271222114559
0.160221796316651	0.0401166927693931
-1.14523333483643	0.345843348749308
-1.04255649350425	0.410401789740815
0.159402290839324	0.0399177124259514
0.669628669438464	0.307969115106046
1.05135133077307	0.499849660112348
0.15963091503218	0.0399802605532864
-0.415116620386652	0.172916119993669
-0.23522957281847	0.0756912588669357
0.658449623497539	0.206846818911275
0.13571412709247	0.0450530753488282
0.511535984561553	0.180463547184556
-0.237212899766669	0.0763212805777045
1.04079506363497	0.493718951705615
-0.786600344905534	0.341047309877343
0.512948788838409	0.180923723722652
1.26170001217104	0.684450465811642
-1.29445710557565	0.57719309643802
0.880085834837522	0.465830263044958
0.801571141201532	0.329656916274671
1.44569447046789	0.476184455710964
1.04780700199927	0.497914055094941
0.512769172128037	0.180759806127899
2.33785384704991	1.14562321252435
0.800732484930354	0.329422357686243
0.804902320215242	0.331341314716319
1.02651128578825	0.383050193875148
1.55805296257806	0.757338935380643
0.801646495621991	0.329806891015716
0.879827542304998	0.466312125509254
3.63629792702422	1.42164529184574
-1.10925503488058	0.763940892933473
1.25743065096792	0.681471032367679
1.25197976536282	0.67624755219709
-0.234312185154952	0.0754304879292539
-0.536450384536547	0.201457821544375
0.657866689740957	0.206670742493303
-0.237951175012543	0.0765779483617726
-1.79839614394125	0.382877807711208
-0.628164901903538	0.15157555358925
0.948337549654709	0.248516516252871
1.95731570776637	0.441000340195791
0.155067569950451	0.0290355764553768
0.950287720870208	0.248999740475732
1.4480329582247	0.477161868008032
0.154465593370314	0.0289479903375428
1.95731570776637	0.441000340195791
0.157370411029726	0.0293708256249034
0.157325350109871	0.02936446462458
-2.57660997484294	0.657538252319339
0.428631067442515	0.169230176789531
3.63331351050508	1.42008896661082
0.160221796316651	0.0401166927693931
-0.233742966580479	0.0752394538943447
-0.805367083188257	0.439323730612285
-1.01201326336836	0.501130137662392
-3.08216231491203	0.947551973079846
-2.08391905009995	0.940245123426704
-1.04687191417195	0.412486748895758
-0.743366896164806	0.253811440648201
0.50755078071475	0.178917899343599
-0.359725191866461	0.103238313016327
0.658157600688591	0.206837664845118
-0.737411368529038	0.251647475713659
-0.538518495752287	0.202252156786087
0.157321273657955	0.083553356548296
-0.628030265547787	0.151499678636842
0.502848017421805	0.177122784241691
2.10404963108371	0.926287358542244
1.81396972036118	0.702456325121257
0.801354619883508	0.329441219362467
1.4480329582247	0.477161868008032
0.657477424666525	0.20641752360443
0.373753217777433	0.165661732219598
-0.171978560989748	0.0615700655036388
0.328692488711395	0.18248450857812
0.659616568882323	0.207151031447049
-0.737411368529038	0.251647475713659
-0.111092319480916	0.0442510174626019
1.31196676791469	0.562729963486004
-0.414849585401539	0.172825872337049
0.584880930577845	0.301581005042689
-0.240061032815783	0.077222364016591
-1.14171114622793	0.344693702322242
0.154465593370314	0.0289479903375428
1.95786695174359	0.441149378722158
-1.52497036065527	0.541612586959632
0.154509067766894	0.0289541162362231
1.95731570776637	0.441000340195791
-2.5766529574574	0.657773148602288
-0.626075023442282	0.151167646950723
2.75807933893485	0.764710363024488
-0.636281951781153	0.153487716090317
-1.79839614394125	0.382877807711208
1.95786695174359	0.441149378722158
0.154465593370314	0.0289479903375428
1.76171047161249	0.965486468454436
1.44899109330448	0.477667123734845
-3.08229418357021	0.947231644170671
0.51408290047205	0.181384498788784
1.04323019345025	0.495337606424751
-0.544168806771776	0.204616248813117
-0.117660477054644	0.0467865531553836
0.160813493636874	0.0402291855562724
1.76191854127478	0.966069659943695
-1.1413415008172	0.344450233445194
1.02651128578825	0.383050193875148
2.75520320904554	0.763197913000704
0.155713854733082	0.0390835596706886
0.159402290839324	0.0399177124259514
0.131244557787275	0.0436234987478517
0.511755072041239	0.180523302881905
0.144054213480702	0.0423469198905259
0.670479674423801	0.308592907557702
-0.737489374761453	0.251678150254292
0.658449623497539	0.206846818911275
1.81826867111223	0.704762090721195
0.94820175004088	0.248479682375772
1.44780311038183	0.477066495630919
1.02039283469834	0.379872930649912
2.75580772001712	0.763760469153332
3.26508709738097	1.10261522135605
-0.738079783119958	0.251987608125061
-0.234312185154952	0.0754304879292539
-0.253063568737107	0.127775270691815
1.54828773160562	0.75077259968661
0.132164012775708	0.0439252834614193
1.06848943716824	0.648228728214423
1.31366843634341	0.563614405395139
0.131594500900707	0.0437325371818593
-0.241543381848446	0.0777055848228126
-2.30135040709624	1.14829181495397
0.801571141201532	0.329656916274671
3.63565166019344	1.42132833477826
-1.80123754984197	0.383647112861273
0.943937640725668	0.24736392993685
-2.57968420714322	0.659073447553718
1.95786695174359	0.441149378722158
0.155111385030128	0.0290417527313876
1.95731570776637	0.441000340195791
1.44839669376933	0.477459847846965
-1.14559783756009	0.346052129596875
1.95786695174359	0.441149378722158
0.948905461162112	0.248586345985544
-1.79839614394125	0.382877807711208
-1.83936441734733	0.744382146126046
0.658741078701816	0.207014004441108
2.73195194020229	1.64195031995044
-1.14088544605048	0.344426431780091
-0.236295434458238	0.0760318807121589
-0.168415949181166	0.0603482965151677
-0.739003822726622	0.252222384495429
0.516197868156601	0.182070276152868
-0.790168092677088	0.342820605922819
-4.22615919364595	1.9643368190771
-0.238649881872283	0.0768149363688191
1.94165610566346	1.1904814976692
0.653245802516738	0.205089848433872
0.131778044475103	0.0496347108537807
-0.54346877962796	0.204399150899749
0.131594500900707	0.0437325371818593
0.133132229716705	0.0568912899265954
0.144976980831471	0.0425943260188831
-0.53874057789979	0.202401825815006
3.9275816800867	1.70263786398349
3.26508709738097	1.10261522135605
-0.356952421866901	0.102502236157484
0.510399267871221	0.17998283956174
0.162357836679133	0.0405597098553547
-1.5292536270854	0.543488048058857
0.658741078701816	0.207014004441108
1.02558467001725	0.382518749728777
-0.804249165053268	0.535790756660548
1.02271178737872	0.381316878019672
-1.29767890644575	0.579059217742002
-0.165433148159335	0.0592640318232164
-0.234881985943443	0.0755878057926229
-0.741763882242001	0.253307934106881
0.512948788838409	0.180923723722652
0.530759004221618	0.305652289759188
0.428416999766404	0.169070991058927
1.38009530006437	1.0626050219654
0.658741078701816	0.207014004441108
-0.238649881872283	0.0768149363688191
-0.354519585455166	0.101776151388844
1.95786695174359	0.441149378722158
2.75520320904554	0.763197913000704
1.95786695174359	0.441149378722158
-0.626075023442282	0.151167646950723
0.94820175004088	0.248479682375772
-1.04347763338354	0.410675434748757
1.44862736407577	0.477555630338169
-0.628733247343677	0.151688343674084
-2.57669595250488	0.657559862268914
2.75641316563256	0.763778311858285
0.154465593370314	0.0289479903375428
0.948905461162112	0.248586345985544
-0.238867027256143	0.076861982184789
1.81604086904786	0.704001590638153
0.147259813410519	0.0432007445014279
-0.933179212265723	0.687362664792768
0.134472340969086	0.0645812853606695
-0.537820479884978	0.201951327851571
-0.359435145573547	0.103170722743079
0.672477861798184	0.309366605326623
0.512948788838409	0.180923723722652
-0.739003822726622	0.252222384495429
-0.240627572806769	0.0774207528438286
0.137599739280538	0.0659768057816447
-0.419366947267837	0.174907138182534
1.02480914386846	0.382191050766977
1.25265150930857	0.678188776904929
-0.042599635214127	0.0203208339641058
1.76003503802137	0.96399324938838
0.134088264553694	0.0505027155625481
1.04302207258716	0.494997011858153
1.02363521199244	0.381873400117373
0.127436205712794	0.0424074206930577
1.02709860167831	0.383182847467804
0.511187733730715	0.180331422147582
0.805253363228048	0.331394396791794
0.94820175004088	0.248479682375772
0.155067569950451	0.0290355764553768
0.127141626540389	0.0479115733238652
-1.52217172198706	0.540157381117801
0.771744760475744	0.458284359409075
-0.415450817577452	0.173071801779126
-0.0796408227450496	0.0350259057264319
0.426617670606455	0.168281160290742
1.25684059841494	0.681084009430529
1.44839669376933	0.477459847846965
-0.163838348578899	0.058695787626698
3.26224218729945	1.1009233569627
0.660638687988492	0.207526442563452
-3.46322465260564	1.22963503158779
-1.14171114622793	0.344693702322242
-1.52497036065527	0.541612586959632
2.75580772001712	0.763760469153332
0.424054549100668	0.167331926668015
0.154509067766894	0.0289541162362231
-1.13895833229548	0.343813220888229
1.95731570776637	0.441000340195791
-0.625937070321993	0.151091209012893
1.02422162940792	0.382079227006262
-2.57968420714322	0.659073447553718
1.95988292961267	0.441702177751728
0.130992195528203	0.0493490863110476
-1.83504104592481	0.742292078332567
0.658741078701816	0.207014004441108
-0.788395480319902	0.341804995882944
-0.237212899766669	0.0763212805777045
0.948337549654709	0.248516516252871
0.654703443030561	0.205608890273211
-0.737745529684395	0.251848226779474
-1.14111344283696	0.344497381350969
0.144054213480702	0.0423469198905259
1.31275235192293	0.563405500186811
1.31218528243788	0.56311122145944
0.658157600688591	0.206837664845118
-0.793994797529232	0.344674990631431
-1.13849635482287	0.34354887893789
1.04480901675325	0.495932284777841
0.144389940892798	0.0424393237157952
1.25308727931006	0.677893883554368
0.947770742439721	0.248281535275256
0.149801165834309	0.0438547660273388
1.81264504950119	0.702404900566408
-0.738670030097319	0.252119567169358
0.849187688366914	0.625721915146456
1.81323362267005	0.702723165703649
0.130763965881961	0.0434534922717181
0.370353098023906	0.16429178654147
1.43568623048366	0.879694352903354
-0.666070360383019	0.39790180438392
-0.678476735416909	0.47934794065901
-0.238300485260816	0.0767056206772632
-1.23534969111119	0.939616313764614
-0.68613937485053	0.486165691949313
0.129270930562912	0.0487053692648074
-0.628299579656606	0.151558046801791
-1.14559783756009	0.346052129596875
2.75641316563256	0.763778311858285
-2.5766529574574	0.657773148602288
0.154465593370314	0.0289479903375428
1.95786695174359	0.441149378722158
1.95731570776637	0.441000340195791
1.45174463580423	0.478561109172125
0.948337549654709	0.248516516252871
1.44899109330448	0.477667123734845
2.75580772001712	0.763760469153332
0.155111385030128	0.0290417527313876
0.514431860453614	0.181517099423547
-0.236989724567202	0.0762485047293907
0.374356834493824	0.166186882736063
-0.171762117804328	0.0615057733921786
0.771260593055051	0.457204660531777
-0.240232576432431	0.0772993737283914
0.130534492586352	0.0556874732872
-1.79840965860499	0.382877827643389
-0.788516523036361	0.341754565320538
0.155111385030128	0.0290417527313876
-1.83564160885514	0.742645090374466
-1.29468583724064	0.577050898837199
0.160813493636874	0.0402291855562724
0.129340587896164	0.0620525227710374
1.31798968775981	0.566002482239596
1.31161763457028	0.562749823451238
2.10543731746934	0.926718487222265
0.882026488770121	0.467302986145836
-0.737745529684395	0.251848226779474
0.938427476448923	0.633600201730415
0.373162580695551	0.165341999479447
0.658741078701816	0.207014004441108
1.76080743527667	0.965082451079631
0.15963091503218	0.0399802605532864
1.31451987093813	0.564351638075811
0.805329377718584	0.331441349253762
-1.0438234260038	0.410788519057193
-1.69885052992391	0.958114494823291
0.670571388016324	0.308341959138758
-1.00097868340154	0.494024971537194
-1.00004103377151	0.493654528880013
-1.04290235412753	0.410559570501728
-1.29457725250681	0.576939174145334
-0.737264204548701	0.251556002952819
1.02651128578825	0.383050193875148
0.128568405154016	0.0427795258685336
-0.628867026021838	0.151670609188118
1.02592340208434	0.382810966482796
0.160813493636874	0.0402291855562724
2.75868832531345	0.765017792149168
2.75580772001712	0.763760469153332
3.92694117717927	1.70243676685084
1.95988292961267	0.441702177751728
1.95731570776637	0.441000340195791
0.147259813410519	0.0432007445014279
4.16544558167092	1.96422252025176
3.26284822825054	1.10169382604423
0.154509067766894	0.0289541162362231
3.26284822825054	1.10169382604423
0.379661560927024	0.168625146631667
-2.30545781110164	1.15180533782607
-0.539312347732804	0.202625351504848
-0.259206525287071	0.131093379870512
-1.03986963329328	0.409012486353307
0.426188529242061	0.168158662567646
0.658157600688591	0.206837664845118
-1.03695059462259	0.407490298065995
0.160221796316651	0.0401166927693931
0.148874540131084	0.0435916810734132
0.144389940892798	0.0424393237157952
0.803760414606964	0.330819866621168
-1.29882542782854	0.579669605589987
0.948337549654709	0.248516516252871
0.659324643575319	0.207123110468657
0.46231324645672	0.314017587109758
-0.999437341583464	0.493311859213278
-3.45922605387697	1.22727228815634
0.146922191196889	0.0431076767472804
0.66937968290993	0.307605615084939
0.670831219986141	0.308462665871979
1.45138090115721	0.478568850670936
-0.235948417281415	0.0759021467201397
1.04515557784367	0.495950978123491
0.162952579336367	0.0406858836130456
2.75520320904554	0.763197913000704
1.44665759513172	0.476601664632304
2.10835314409231	0.927825395770054
1.81574571371452	0.703837629137609
0.160813493636874	0.0402291855562724
0.370675903814024	0.164447109358775
0.514431860453614	0.181517099423547
0.464366636827227	0.315809473873726
1.5524442422019	0.753203287410312
0.133046177085143	0.0637920107410573
0.667910039261565	0.30706346862549
-2.08460819785075	0.94084287548003
0.881323339853085	0.466707870803552
0.672116854060481	0.309424453151298
0.583057246951312	0.300779301083878
1.04100401918575	0.493707174905356
1.02422162940792	0.382079227006262
2.75641316563256	0.763778311858285
0.947770742439721	0.248281535275256
0.144389940892798	0.0424393237157952
0.658741078701816	0.207014004441108
0.143231568712453	0.0420634101782781
1.95731570776637	0.441000340195791
0.154509067766894	0.0289541162362231
1.95786695174359	0.441149378722158
0.134421427308654	0.0506266348115601
1.02685010343664	0.383062880383657
0.804336592371997	0.330963349185792
0.134063982581249	0.0572273005149365
-0.234187068597326	0.0753450872420761
-0.412594451513588	0.171856355506214
-1.5270374870482	0.542502468800959
1.02338601426445	0.38161996773056
3.6326714041979	1.41965046916025
1.02455981174032	0.382091874796033
0.16045117802105	0.0401558290866076
0.34107474021759	0.170004488347711
0.801571141201532	0.329656916274671
-1.23105217071051	0.933912782700452
0.346754412962414	0.173319430117278
-0.325918106206965	0.150477940797154
-0.355104953248248	0.101967480674674
0.127811645941547	0.0481547579411935
0.427165924201302	0.1685512930904
0.653245802516738	0.205089848433872
0.372743868086512	0.16529941656091
-0.171331064664604	0.0613224232521491
1.54905911103962	0.751329852210446
0.128257995526357	0.0483688606653588
-0.169228505263572	0.0605484402011059
0.660932155782147	0.207694635746326
-0.241325335112873	0.0776212717213414
1.02567343435987	0.382470463826608
0.58337064368769	0.300948307786924
0.422732503974395	0.166740249700131
0.803985492374408	0.330791149341887
1.25435234173728	0.678593174751698
0.163185820804974	0.0407257646525502
-0.236295434458238	0.0760318807121589
0.130229401607723	0.0555523028434548
-1.03964164372292	0.408955449510983
0.124746748229843	0.0532730660001616
0.663734071862524	0.30487378494478
2.75520320904554	0.763197913000704
-1.1413415008172	0.344450233445194
3.26345542626113	1.10199860979414
0.948905461162112	0.248586345985544
2.75580772001712	0.763760469153332
0.658157600688591	0.206837664845118
-0.78537681039936	0.340290544519683
-0.625147504143598	0.299243250286022
-0.970309363140249	0.598990362663396
-0.625692684462055	0.299377366971328
1.06848943716824	0.648228728214423
1.31366843634341	0.563614405395139
1.02246283803588	0.381238371277329
0.658741078701816	0.207014004441108
0.154509067766894	0.0289541162362231
0.15547989361324	0.039031965106125
0.130894531886353	0.0435089375277545
0.427165924201302	0.1685512930904
-0.41816567462896	0.17438817779225
0.131900506227203	0.0562878352351733
-0.623906381122263	0.29857673275019
0.506985941033904	0.178701728610087
-0.35262379016767	0.101278913820777
-0.114208159166471	0.0454613905002761
0.669975753795622	0.30798845763185
-0.622280141343316	0.297793777237155
-0.238867027256143	0.076861982184789
0.132517639884099	0.0565624888818483
-1.18526588814393	0.661499553487784
0.133651056800119	0.0443846032753033
0.154509067766894	0.0289541162362231
1.02304894811125	0.381607715308403
1.25743065096792	0.681471032367679
0.140361834634309	0.0413037326992959
1.26032318885289	0.683649377912084
0.805467397708516	0.331643487494376
0.669975753795622	0.30798845763185
0.140609521820489	0.0413743325045252
0.341683515144474	0.170370018773878
0.421403232021629	0.166120380263236
0.511535984561553	0.180463547184556
0.679787884311133	0.313380757273694
-1.04324829900211	0.41067273876345
-2.30476209042479	1.1515199403139
1.30622443507131	0.559438993999821
0.516197868156601	0.182070276152868
1.60554342607263	1.11137339749534
1.44958631087756	0.477702557005987
1.95988292961267	0.441702177751728
3.26224218729945	1.1009233569627
2.75520320904554	0.763197913000704
0.131814043124596	0.0438161720723548
0.154465593370314	0.0289479903375428
1.04801697819616	0.498004473628131
0.428844518886435	0.169326646561233
1.59640795869007	1.10121258521167
1.81456677210567	0.703082758766755
0.50776496866365	0.179019570667438
-2.57963910438406	0.659061212358043
-0.355979365614545	0.102141358762928
0.93708406406614	0.631933257775381
0.421828677837084	0.166370084244426
-0.241194698180716	0.0775963201393135
-0.356656967234746	0.102398272590581
-0.787160832639447	0.341300612837268
1.31310179325084	0.563385616536445
-1.83530553524322	0.742418988109019
-0.627920734859053	0.301050564774921
-1.04255649350425	0.410401789740815
0.948337549654709	0.248516516252871
0.589020566551014	0.304394414206738
0.161043695584893	0.0402684742968713
0.506850875189508	0.178656463900139
0.50776496866365	0.179019570667438
0.14371839260098	0.0422424410228484
0.121842056862296	0.0459941817060834
0.94820175004088	0.248479682375772
2.54557570899396	1.37892987568067
1.44391071628385	0.475549251261387
0.506286345412427	0.178440504115667
0.511406581218177	0.180333732150807
0.419639519360248	0.165436246453191
0.131814043124596	0.0438161720723548
1.02338601426445	0.38161996773056
0.344434997365416	0.171908790642455
0.15963091503218	0.0399802605532864
-0.539884754000364	0.202777184376746
-0.538391637447097	0.202241097472968
1.04424975463849	0.495554192271584
-0.411746492353726	0.171554824556765
1.44839669376933	0.477459847846965
1.95786695174359	0.441149378722158
1.95731570776637	0.441000340195791
2.10080345028195	0.924400736993524
2.75580772001712	0.763760469153332
1.95988292961267	0.441702177751728
-0.237907054483207	0.0765120695488488
0.765467623382559	0.453351693167023
0.132600988210423	0.0440609588064188
0.155111385030128	0.0290417527313876
-0.168443906364487	0.0602979483615774
0.669715508406058	0.307763797286233
0.676641427898326	0.311737908940663
1.95731570776637	0.441000340195791
0.657866689740957	0.206670742493303
0.797972177742043	0.327977456331324
-0.167535179530461	0.0599846998526839
0.376610644407851	0.167113227197513
1.0192751562055	0.379836783778508
0.658157600688591	0.206837664845118
-0.735201728577998	0.25087231236032
2.24769852035685	1.71240263129254
0.130231844629827	0.0490930846348559
0.804551193439478	0.331168980919484
-0.792396830153744	0.344017820558448
-1.52525862148376	0.541687313963439
-1.04865449742089	0.413060895602929
1.02558467001725	0.382518749728777
1.54663237944018	0.749737935229083
0.138477649554412	0.0459065091388187
-0.78873939795176	0.341991104298643
0.803406298057045	0.330476655381048
-3.08556356757563	0.949512459473102
2.1031177894695	0.925795147014246
-0.236989724567202	0.0762485047293907
1.04480901675325	0.495932284777841
1.06374909470366	0.644354569761829
1.04390304170334	0.495341115745227
0.426403404838852	0.16824819606602
0.333236618331547	0.185142462149827
1.04780700199927	0.497914055094941
2.54257405726722	1.37573596793611
0.372154632546278	0.165023296170665
1.25506772843681	0.679536332250155
1.95731570776637	0.441000340195791
1.81797148254981	0.704596952092508
1.95731570776637	0.441000340195791
1.95786695174359	0.441149378722158
1.45054889854294	0.478121061898946
0.883522598319616	0.46852696737076
-0.352036490485324	0.101122204058746
0.51408290047205	0.181384498788784
2.10055021952577	0.924312412659368
1.81574571371452	0.703837629137609
0.494579600448028	0.312642379363101
0.144389940892798	0.0424393237157952
0.144890403623689	0.042539469630613
0.146922191196889	0.0431076767472804
0.128217426027829	0.0426676360228733
1.09111752656942	0.825665156196214
-0.418699120063541	0.174624493913997
-1.00488919428814	0.496747626192119
2.10114269367742	0.924635433318668
1.6084159075044	1.11449434078848
-0.506192198893441	0.267533094000495
-0.541982138529851	0.203732865607725
0.140023273435885	0.041219830052157
-1.14499995487719	0.345855392571373
-0.628838972377586	0.301497189830301
-0.536543629071067	0.201474262127947
-0.117336741462383	0.0466584622287431
1.44981862951738	0.477799018830262
0.877892718764896	0.464775421610208
-0.236642536873473	0.0761450888689269
-1.29388110726104	0.576654901330229
-0.075726695949132	0.0333480896153223
-1.79839614394125	0.382877807711208
0.154509067766894	0.0289541162362231
1.55359231024061	0.753810490326927
1.44958631087756	0.477702557005987
1.25223695808318	0.677016320444687
1.22588815129527	1.02886277236916
0.348108522874215	0.174098522108694
0.132830269347538	0.0566941160717077
0.132951093876262	0.0441757525557606
1.38073582816861	1.06340510479202
-0.355104953248248	0.101967480674674
3.6326714041979	1.41965046916025
0.94820175004088	0.248479682375772
0.152050960400409	0.028630259939513
3.26406378444313	1.10187162962723
0.797972177742043	0.327977456331324
0.372420316289065	0.165154295536893
0.947770742439721	0.248281535275256
-1.29110511870394	0.575249388426856
0.950998501270056	0.249196467275389
0.798676159728442	0.328314833787517
1.31196676791469	0.562729963486004
-1.52497036065527	0.541612586959632
-1.52896155531942	0.543366808154917
3.26284822825054	1.10169382604423
0.130894531886353	0.0435089375277545
0.134579360214552	0.0446820626093357
-0.738670030097319	0.252119567169358
-0.354525819937872	0.101778275735803
0.132951093876262	0.0441757525557606
-0.323473644280604	0.149131328598253
-0.738670030097319	0.252119567169358
0.144640697621443	0.0425017414545061
1.81205656672306	0.701877636994275
1.55805296257806	0.757338935380643
-0.325606788605036	0.150305368250002
0.810299253894132	0.33367801600468
-0.789306862497791	0.342262742988917
-0.737489374761453	0.251678150254292
0.129622250132735	0.0554081426114926
-0.234881985943443	0.0755878057926229
0.159992352718576	0.0400538861334557
0.948905461162112	0.248586345985544
-1.52499008340819	0.541418114624462
-3.08229418357021	0.947231644170671
0.127866363638053	0.0425460435773885
1.31451987093813	0.564351638075811
1.60039455537571	1.10473288262416
0.666720675538898	0.306383563426964
1.02514752788745	0.382203792201025
-0.540233723322025	0.202917482560003
1.31742436471332	0.565703873185492
2.75807933893485	0.764710363024488
1.95731570776637	0.441000340195791
1.81767719681703	0.704324972687456
1.31530203855702	0.564526657282562
-0.237559934502149	0.0764246711906185
-1.04721949984211	0.412618976511128
1.02499638904051	0.382165912389253
0.661811042100157	0.2078534144171
0.508115032981171	0.179108309242443
-0.352328640216398	0.101201570764145
0.658741078701816	0.207014004441108
-0.538963433786103	0.202464572078945
-0.330705927487023	0.152716401880797
-0.5488874578017	0.206614865646197
-0.237212899766669	0.0763212805777045
-0.16719037374262	0.0598638290738506
-0.246105424367559	0.0791235158992065
-2.08495289661111	0.941010945670462
-0.355401168227563	0.102014834884787
0.13363835988629	0.0443714034051703
-1.82908274045033	0.738883204958362
-0.538391637447097	0.202241097472968
-1.50851907905198	0.758722846640584
0.658741078701816	0.207014004441108
-0.235725494787964	0.0758333105755394
0.144054213480702	0.0423469198905259
-0.628030265547787	0.151499678636842
0.157370411029726	0.0293708256249034
-0.632563406792844	0.152610991116788
-1.1406575104342	0.344234513147494
0.154509067766894	0.0289541162362231
3.26284822825054	1.10169382604423
1.06573133476419	0.646305571460815
0.144304320671072	0.0423970373819599
1.02338601426445	0.38161996773056
-1.14559783756009	0.346052129596875
2.75580772001712	0.763760469153332
2.75520320904554	0.763197913000704
1.45174463580423	0.478561109172125
0.658449623497539	0.206846818911275
1.44529212141139	0.88811256844413
2.75580772001712	0.763760469153332
0.945112418837619	0.639437016114587
0.159992352718576	0.0400538861334557
-0.628867026021838	0.151670609188118
-1.1413415008172	0.344450233445194
0.131594500900707	0.0437325371818593
-3.76924254390279	1.48645562373934
-0.536892625271128	0.201634766838871
0.511755072041239	0.180523302881905
0.514213661606994	0.181383794125596
2.1031177894695	0.925795147014246
-0.628599509856641	0.151612619227975
0.802840016253824	0.330197869326294
-0.792961532394216	0.344288490733264
0.134575238825374	0.0446629649594228
-0.354815349846941	0.101888689175609
-0.236642536873473	0.0761450888689269
-2.30030983594691	1.14754924641394
-0.539312347732804	0.202625351504848
0.42217472484669	0.16651690753331
0.802704240998476	0.33025128123342
2.09682127519349	0.921775526445784
0.658448437247608	0.206865271021461
-3.08189869996978	0.9470994296719
-1.79840965860499	0.382877827643389
0.660638687988492	0.207526442563452
0.146922191196889	0.0431076767472804
2.3407843761875	1.14791185937458
4.16857700301249	1.96642819066943
0.947635845528227	0.248244973505163
-0.354229439997714	0.101697261087168
1.02533495299364	0.382457756692076
1.31600243356677	0.564924856678145
0.659032459281836	0.207041754611057
-0.236295434458238	0.0760318807121589
1.31890528636279	0.566137275218622
0.145227337337459	0.0426443607563146
3.63395648950567	1.42026036401428
-1.83470480543889	0.742065970342523
1.94643843508127	1.19640601479646
-1.52674340008464	0.542380499879977
-0.257036408811482	0.129803055430867
1.04002831208302	0.492988167205126
-0.741510950758259	0.253188727186893
-1.69271082861525	0.952704551969826
0.657864503304789	0.206616146564203
-0.417165105552592	0.173939978457542
-0.415116620386652	0.172916119993669
-1.0392951647518	0.408752694954169
-0.355401168227563	0.102014834884787
1.44862736407577	0.477555630338169
0.15963091503218	0.0399802605532864
3.63395648950567	1.42026036401428
0.133168522192678	0.0442284444874965
-0.167754072609883	0.0600616127897958
3.26284822825054	1.10169382604423
2.75580772001712	0.763760469153332
1.44839669376933	0.477459847846965
0.129297606667776	0.0551498554583142
0.37342860187781	0.165486981804691
0.144054213480702	0.0423469198905259
0.806382919129529	0.331954183712481
-1.1412568453231	0.344431220445032
0.658448437247608	0.206865271021461
0.771138698658618	0.457826149912316
1.31416993955936	0.56393406368061
0.883846853632687	0.468705553411493
0.137076726975463	0.0454574356683616
-0.167754072609883	0.0600616127897958
-0.354519585455166	0.101776151388844
1.24957292115585	0.675413891825759
-0.625397958444927	0.299829915182364
-0.738670030097319	0.252119567169358
-0.237559934502149	0.0764246711906185
1.55784259233672	0.756820477788721
-1.83962358353467	0.744558464662274
-1.04021595924619	0.409215240728406
0.670737684854578	0.308719803763878
0.798535307893646	0.328254107247198
1.81545080408239	0.703738180326379
1.02422162940792	0.382079227006262
2.10114269367742	0.924635433318668
-2.48826749209947	1.37570369842
1.38232158451218	1.06568934954939
-0.739003822726622	0.252222384495429
2.10404963108371	0.926287358542244
0.510440135603011	0.179966436385068
0.803269824230379	0.33049399469318
1.94295847839385	1.19235782048187
0.799449870454357	0.328747918236032
0.935483879464991	0.6304802948541
1.31416993955936	0.56393406368061
0.126351051756043	0.0476335883957021
1.02422162940792	0.382079227006262
0.674075603168132	0.310361240164618
-1.04255649350425	0.410401789740815
-0.786064001710535	0.340634932199196
0.427726139064257	0.168841338822495
0.661225548064972	0.20772290984652
-0.415785083697339	0.173214573475784
-0.801195560036316	0.348374560170495
-1.69304340847359	0.952994808261722
0.512103476504473	0.180655514559587
-1.69304340847359	0.952994808261722
-0.237090328086136	0.0762301533221021
-0.536322009305803	0.201466150653051
0.135364021327178	0.0449437078279942
-0.542550190002901	0.204022574863377
1.55528546656109	0.755344535013972
2.34393536580824	1.14978628636697
0.162357836679133	0.0405597098553547
1.02651128578825	0.383050193875148
0.154465593370314	0.0289479903375428
-0.540269772022685	0.203101413077247
-1.79840965860499	0.382877827643389
0.159992352718576	0.0400538861334557
0.131814043124596	0.0438161720723548
1.95988292961267	0.441702177751728
1.31777492346909	0.565684040805599
1.81604086904786	0.704001590638153
0.426403404838852	0.16824819606602
1.59960014086673	1.1056093064403
1.04302207258716	0.494997011858153
0.658448437247608	0.206865271021461
0.427940197825985	0.168935073750412
3.26345542626113	1.10199860979414
-0.628164901903538	0.15157555358925
-1.83132702405761	0.74028277145384
-1.04687191417195	0.412486748895758
2.34428714005014	1.15007845209507
4.37055816627281	2.22298948334302
0.159992352718576	0.0400538861334557
-1.04290235412753	0.410559570501728
0.433717103386986	0.171306483537627
-0.418766093941213	0.174660992041724
-0.415582259016658	0.173291488777707
-0.234881985943443	0.0755878057926229
-0.237559934502149	0.0764246711906185
0.50720087150347	0.178829201945322
-1.52585303078124	0.541962051097293
0.801003629379337	0.329269419736642
0.510619816865865	0.180113549991954
0.658449623497539	0.206846818911275
1.81323362267005	0.702723165703649
1.44899109330448	0.477667123734845
-2.57968420714322	0.659073447553718
-0.628733247343677	0.151688343674084
1.95731570776637	0.441000340195791
-0.412927940206854	0.171983979559785
1.31240282325545	0.562988742832529
0.144640697621443	0.0425017414545061
-0.538518495752287	0.202252156786087
-1.1406575104342	0.344234513147494
-0.738079783119958	0.251987608125061
0.162952579336367	0.0406858836130456
0.880350500566399	0.466603041654243
-0.172540841763772	0.0617450223024159
1.02617238539361	0.38275777208832
-0.738414128880846	0.252090639638632
0.14371839260098	0.0422424410228484
0.668959447651159	0.307697909547482
-0.358848207258787	0.103009197892419
2.0991329538262	0.923165538283533
1.04334303236484	0.494914028912666
4.17043948933667	1.96717286809947
0.144389940892798	0.0424393237157952
1.44942286238737	0.477477409199566
-1.14536534536015	0.34589005605433
-0.628733247343677	0.151688343674084
0.131814043124596	0.0438161720723548
-0.237212899766669	0.0763212805777045
0.155067569950451	0.0290355764553768
-1.79839614394125	0.382877807711208
0.948337549654709	0.248516516252871
-1.04347763338354	0.410675434748757
2.75520320904554	0.763197913000704
0.14380305748793	0.042271222114559
-0.632563406792844	0.152610991116788
-1.79839614394125	0.382877807711208
-0.355401168227563	0.102014834884787
0.139097983949456	0.0409512881184992
0.15963091503218	0.0399802605532864
-0.739003822726622	0.252222384495429
-0.172996196356598	0.0619762892653504
0.805467397708516	0.331643487494376
-2.08495289661111	0.941010945670462
-1.1406575104342	0.344234513147494
-0.628733247343677	0.151688343674084
1.02626205148491	0.382823634565729
0.660638687988492	0.207526442563452
1.31565227991103	0.564944763794614
1.95731570776637	0.441000340195791
0.947635845528227	0.248244973505163
-3.08203048704882	0.947509650360219
0.16045117802105	0.0401558290866076
-3.08542618523242	0.949198094742557
-1.52954577316989	0.543451783402332
2.75641316563256	0.763778311858285
1.75892184559066	0.963246001757108
1.04411565864259	0.495318996316923
-4.01127274087298	1.72385346831695
0.157370411029726	0.0293708256249034
-0.73587491106309	0.251021106469488
0.802489056255948	0.330144551890374
-1.29110511870394	0.575249388426856
0.128852754702737	0.0485791509684367
2.54392429932058	1.37700533086051
1.31183590793173	0.562694726030807
0.51386494250992	0.181311218287051
2.10345763612533	0.92603048253316
1.02097706153712	0.380421430230224
-1.04687191417195	0.412486748895758
-1.1412568453231	0.344431220445032
-0.114853970799127	0.0457131921372416
0.670145389835663	0.308411472409514
0.137211516101373	0.0455091631041957
0.133134712517645	0.0568317747059139
-1.2948051112795	0.577362423726676
0.162719274583833	0.0406219991153643
1.8135291528185	0.702758164322864
-2.57660997484294	0.657538252319339
0.144725574883443	0.0425191258680454
0.516414683304658	0.182180363838712
1.02363521199244	0.381873400117373
1.02533495299364	0.382457756692076
0.126864758084239	0.0422209393647781
1.55486158244648	0.754948133287252
1.02709860167831	0.383182847467804
1.81264504950119	0.702404900566408
-0.170511025587425	0.0610469624466437
-0.236642536873473	0.0761450888689269
0.13041301345043	0.0433517092562305
0.657283842665822	0.20642210460759
2.09995861282333	0.923872580873855
0.131463990676715	0.0437015090033304
0.880148600822102	0.465798141511016
0.657864503304789	0.206616146564203
-2.65494275344401	1.62012029882008
-0.117312200329271	0.046700587944202
-0.539089600210505	0.202542124367007
-1.52527766014307	0.541726073904961
-1.83039434521114	0.739673075735054
3.92389000551089	1.70054361221532
-0.360424422137527	0.103456197360052
0.131814043124596	0.0438161720723548
0.948768757521975	0.248549269795159
-0.738414128880846	0.252090639638632
-0.73955895107728	0.252503873418029
-0.32945600647168	0.152097548323583
-2.08553743334962	0.941412888325459
0.424265519863284	0.167436585180397
0.155067569950451	0.0290355764553768
-1.52556530925699	0.541887546993991
0.134446827346684	0.044648821058174
0.425065527869463	0.167656114427908
0.129270930562912	0.0487053692648074
0.124751416858666	0.0470574836800859
0.768776472443952	0.456240184055805
2.75580772001712	0.763760469153332
-0.165433148159335	0.0592640318232164
-0.35569023027487	0.10209347470967
-0.536671114051193	0.201606330220057
1.55287065064265	0.753512057969004
0.125085786448965	0.0471836584371826
0.510051323737923	0.179850968444512
-0.628164901903538	0.15157555358925
-0.35262379016767	0.101278913820777
-0.358264019190404	0.102817613458252
0.162952579336367	0.0406858836130456
-2.57669595250488	0.657559862268914
0.947163829875457	0.248276694926132
0.944504519928106	0.247598335656165
-1.1414839653338	0.344622990730584
0.669887108825485	0.308252439258341
0.425411281391427	0.167750699925777
1.04411565864259	0.495318996316923
0.511535984561553	0.180463547184556
-0.355394630173918	0.102015543768339
-0.165306041400927	0.0592208118770727
-0.164527160147053	0.0589422882015183
1.55265783773452	0.753699130068357
-0.118901525235319	0.0472561684211653
0.132043310635367	0.056411509476114
0.373162580695551	0.165341999479447
0.130231844629827	0.0490930846348559
-0.539884754000364	0.202777184376746
-0.00526663902476126	0.00271015874964534
0.131814043124596	0.0438161720723548
0.41815349626362	0.164826694198742
0.376551488393798	0.167096677243062
1.02271178737872	0.381316878019672
-0.414849585401539	0.172825872337049
-1.14193838802885	0.344646219015582
1.81294103662311	0.70256079058948
-1.14088544605048	0.344426431780091
0.16045117802105	0.0401558290866076
0.151536491393852	0.0381262887020096
2.5427894591106	1.37603904067737
1.31586720558699	0.564653945091699
0.13125430574639	0.0494561793802337
0.581812126512346	0.299874016449937
1.81604086904786	0.704001590638153
-0.354229439997714	0.101697261087168
1.80835489274816	0.70010856168417
2.34135533413392	1.14844291387782
0.679787884311133	0.313380757273694
-4.41216759171177	2.21071024552937
0.675716089867762	0.31121850434917
1.81456677210567	0.703082758766755
-0.117336741462383	0.0466584622287431
0.133301116726748	0.0442849463266127
0.12913352992743	0.0429550272454785
0.588719097872329	0.304194471760505
0.14371839260098	0.0422424410228484
0.159859477622278	0.0400192334307773
0.144725574883443	0.0425191258680454
1.06799362498327	0.648564232268897
1.05024320247209	0.499305652780174
-0.628733247343677	0.151688343674084
0.654703443030561	0.205608890273211
0.660054375205789	0.207294450910716
0.134579360214552	0.0446820626093357
0.422520693979278	0.166619271733836
1.02567343435987	0.382470463826608
1.55507391974261	0.755498369683247
4.17107678796855	1.96743662346269
1.04711437298264	0.497299290173911
1.55840517604601	0.757272939237287
-0.738670030097319	0.252119567169358
3.63500627246108	1.42050433165602
2.34214413722098	1.14880500240653
0.946592090327999	0.248117976822064
1.06037199924319	0.641200820367647
0.510051323737923	0.179850968444512
0.657866689740957	0.206670742493303
0.131814043124596	0.0438161720723548
-1.53013794503811	0.543725951296145
2.10404963108371	0.926287358542244
0.160583229502904	0.0401661733691417
-3.45922605387697	1.22727228815634
-0.738079783119958	0.251987608125061
0.143132619682455	0.0420748163550394
0.427940197825985	0.168935073750412
1.31366843634341	0.563614405395139
0.798535307893646	0.328254107247198
-0.35569023027487	0.10209347470967
-0.354815349846941	0.101888689175609
-1.14499995487719	0.345855392571373
0.162125356869158	0.0404960611383205
-0.625937070321993	0.151091209012893
0.140948251392809	0.041458274749763
1.55749040589242	0.756886319378393
-0.231409214332045	0.0745090449257407
1.25810079627233	0.681685805066219
0.128217426027829	0.0426676360228733
0.370917140498964	0.164420189737692
1.44839669376933	0.477459847846965
-0.121352846510502	0.0482535926174825
0.140023273435885	0.041219830052157
-1.14088544605048	0.344426431780091
0.667910039261565	0.30706346862549
0.421962304057483	0.166378653401473
0.661225548064972	0.20772290984652
-3.45967591146264	1.22746502283364
-1.29894971744328	0.579925756370133
1.76191854127478	0.966069659943695
-0.0363400891164664	0.0173791142636125
1.3399730898511	1.41828042237097
0.494654182857807	0.44428297121892
0.427940197825985	0.168935073750412
0.42674901755277	0.168383534172577
0.948768757521975	0.248549269795159
0.161043695584893	0.0402684742968713
1.44922258720914	0.477763268309402
0.94820175004088	0.248479682375772
-1.79839614394125	0.382877807711208
0.80809182652064	0.332822174466832
0.51464907727053	0.181544056103037
1.31451987093813	0.564351638075811
0.132899691411348	0.0500449841132133
0.381478189716696	0.169499856478796
1.40985934068129	1.76317033066125
-0.354525819937872	0.101778275735803
-0.737745529684395	0.251848226779474
2.75641316563256	0.763778311858285
0.162125356869158	0.0404960611383205
0.145227337337459	0.0426443607563146
0.942875165777756	0.637245164243688
3.92630081042927	1.70195316826628
1.02329749324129	0.381582146499257
1.44780311038183	0.477066495630919
0.659032459281836	0.207041754611057
1.02304894811125	0.381607715308403
0.144389940892798	0.0424393237157952
1.81574571371452	0.703837629137609
1.06497579950132	0.644868831893705
2.10055021952577	0.924312412659368
0.660638687988492	0.207526442563452
0.879497924712769	0.465358146017653
0.801571141201532	0.329656916274671
0.12766278679512	0.0481491979841494
0.661225548064972	0.20772290984652
0.805467397708516	0.331643487494376
-0.327635111716824	0.151043932053228
0.428631067442515	0.169230176789531
0.159992352718576	0.0400538861334557
0.418499822950648	0.164940797459437
1.45114635521655	0.478471348903038
0.94820175004088	0.248479682375772
0.166670879376719	0.102453337318931
0.658449623497539	0.206846818911275
1.44391071628385	0.475549251261387
0.880085834837522	0.465830263044958
0.884107757926487	0.468945532977705
-0.326852412185488	0.150920926769383
1.25717588580468	0.681336772174657
