x	y
-2.57669595250488	0.657559862268914
-1.1406575104342	0.344234513147494
-1.79840965860499	0.382877827643389
-1.79839614394125	0.382877807711208
-1.79840965860499	0.382877827643389
-1.79840965860499	0.382877827643389
-2.5766529574574	0.657773148602288
-2.57669595250488	0.657559862268914
-1.79839614394125	0.382877807711208
-1.79839614394125	0.382877807711208
-1.79840965860499	0.382877827643389
-1.79840965860499	0.382877827643389
0.150139558066054	0.0439481510359518
-0.741173379981644	0.25299768453382
-1.79840965860499	0.382877827643389
-1.79840965860499	0.382877827643389
-1.79840965860499	0.382877827643389
-1.79839614394125	0.382877807711208
-1.79840965860499	0.382877827643389
-1.79839614394125	0.382877807711208
-1.14171114622793	0.344693702322242
-3.08203048704882	0.947509650360219
0.154465593370314	0.0289479903375428
-1.79840965860499	0.382877827643389
-0.359725191866461	0.103238313016327
-3.76471792016279	1.48446146627735
-0.628867026021838	0.151670609188118
1.44899109330448	0.477667123734845
-1.79839614394125	0.382877807711208
-0.628733247343677	0.151688343674084
-0.74269218165825	0.253631177667885
-1.52954577316989	0.543451783402332
-2.5766529574574	0.657773148602288
0.156070095129669	0.0391676647119387
0.12930493023011	0.048733360779268
0.947770742439721	0.248281535275256
-1.79840965860499	0.382877827643389
-1.79840965860499	0.382877827643389
0.154465593370314	0.0289479903375428
-0.238649881872283	0.0768149363688191
2.75520320904554	0.763197913000704
0.4187085493114	0.16504840979534
-0.359141638818634	0.103112871302961
-2.5766529574574	0.657773148602288
-2.5766529574574	0.657773148602288
-2.5766529574574	0.657773148602288
-0.539089600210505	0.202542124367007
-0.793182567097288	0.344216411224244
-0.99784185095149	0.492475193471146
-0.354815349846941	0.101888689175609
1.95731570776637	0.441000340195791
-4.01558169607127	1.72750624811894
-0.539438704416492	0.202662195535841
-1.83039434521114	0.739673075735054
-0.632563406792844	0.152610991116788
-0.413194033026847	0.172063670363972
1.01961500222098	0.379984696878922
-2.48758309886186	1.37513582638675
-0.350128602099817	0.100573869045266
-1.04056236968378	0.409373067940558
2.3415744993868	1.14854547995181
-1.14193838802885	0.344646219015582
-0.632563406792844	0.152610991116788
0.154465593370314	0.0289479903375428
-0.628867026021838	0.151670609188118
-0.73955895107728	0.252503873418029
-1.04021595924619	0.409215240728406
-3.45945095257726	1.22747869975084
1.02592340208434	0.382810966482796
1.95786695174359	0.441149378722158
-4.01558169607127	1.72750624811894
0.155067569950451	0.0290355764553768
-0.739003822726622	0.252222384495429
0.157370411029726	0.0293708256249034
1.02846670438308	0.383574973231276
-0.35569023027487	0.10209347470967
-0.631994988626399	0.152498044571477
-0.741848602831151	0.253311922462979
-3.76194534162119	1.48181566309851
-3.08216231491203	0.947551973079846
-3.08216231491203	0.947551973079846
0.159992352718576	0.0400538861334557
0.511535984561553	0.180463547184556
-3.46345495606107	1.22933734600421
-1.04278630064219	0.410314973185565
-0.74269218165825	0.253631177667885
-0.329579284453302	0.152316872109509
-1.03952339178586	0.408722843420212
-1.79840965860499	0.382877827643389
-0.628299579656606	0.151558046801791
-1.29998431494646	0.580573219981784
-0.541404043902354	0.20353687445987
-1.18710482416143	0.663070166632177
-1.85655852065691	1.1647324350929
-3.08542618523242	0.949198094742557
-0.735795036496609	0.251087692088149
-0.628599509856641	0.151612619227975
-2.08588206375572	0.941486520759418
-0.783834570396785	0.339480063811582
0.147553001449138	0.0782154903792
-0.800975633423461	0.532999991647183
-0.169535026305362	0.0607169294511869
-1.69561892919804	0.955560948596812
-0.66823649884077	0.399887699161994
1.11376211053956	1.00008267150736
-0.25342363704007	0.127960853759803
0.140023273435885	0.041219830052157
-0.628164901903538	0.15157555358925
-1.83537736671358	0.742411015726266
-0.625058451397486	0.299570273058526
-0.113885349209877	0.0453302765915032
-0.237212899766669	0.0763212805777045
0.154509067766894	0.0289541162362231
2.72319941107893	1.63365829742686
-0.257552272704516	0.130199890359051
-1.18054210061732	0.657967863762949
-0.35569023027487	0.10209347470967
-0.237559934502149	0.0764246711906185
-1.10061025393524	1.06706976293322
-1.0465244135449	0.412299764954399
-2.57968420714322	0.659073447553718
-0.795285334717478	0.688460194755978
-0.273741352803086	0.172560286918056
-0.00670160178560003	0.00344113732436268
-0.628164901903538	0.15157555358925
-1.79840965860499	0.382877827643389
-0.407664076564627	0.23245804822151
-1.52304226528151	0.540703452519057
-0.737745529684395	0.251848226779474
-0.68329492611581	0.483481103711608
-0.147797425288749	0.0841542690962891
-1.14088544605048	0.344426431780091
2.33527403839181	1.14369090689666
-0.337795087306803	0.241399954186958
-1.83564160885514	0.742645090374466
0.344810876823588	0.172151862394131
-0.695906858318837	0.5570011463387
-0.418091104471186	0.239248925062763
-0.542900106811953	0.204176406519794
-1.1413415008172	0.344450233445194
-0.63185471444008	0.152466960619287
-0.995910409239556	0.491111273422175
1.94047594094659	1.18918482582648
0.154509067766894	0.0289541162362231
-1.69600921303297	0.955708147145032
-0.628733247343677	0.151688343674084
-0.738414128880846	0.252090639638632
-0.241325335112873	0.0776212717213414
-1.83496954182052	0.74201254055013
-3.08203048704882	0.947509650360219
-3.08912772662777	0.951015235110598
-0.537820479884978	0.201951327851571
-0.352915395102444	0.101358152963712
-0.536892625271128	0.201634766838871
-0.628733247343677	0.151688343674084
-0.240627572806769	0.0774207528438286
-0.35666348042052	0.102404483392645
0.428631067442515	0.169230176789531
-1.50897634643426	0.759381379959404
-0.73955895107728	0.252503873418029
-1.00102800522207	0.494605341939198
-0.738414128880846	0.252090639638632
-1.83504104592481	0.742292078332567
-1.80123754984197	0.383647112861273
-1.1413415008172	0.344450233445194
1.81264504950119	0.702404900566408
-2.57660997484294	0.657538252319339
-0.165306041400927	0.0592208118770727
0.140023273435885	0.041219830052157
0.139542963985349	0.0669682425041542
1.95786695174359	0.441149378722158
-2.5766529574574	0.657773148602288
-1.14914601884225	0.347138431595007
-1.52304226528151	0.540703452519057
-1.14559783756009	0.346052129596875
-1.52866955783943	0.543083867430977
-1.73176636339737	1.46261502365138
-1.18650676324905	0.662687745285691
-0.162300795954345	0.0581731243217536
-0.793871327710497	0.344598346953249
-0.237783836658627	0.0764730781037413
3.92389000551089	1.70054361221532
-1.83530553524322	0.742418988109019
-0.737745529684395	0.251848226779474
-0.0726851760862269	0.0320344981783424
0.94820175004088	0.248479682375772
-0.737489374761453	0.251678150254292
-1.14171114622793	0.344693702322242
0.658741078701816	0.207014004441108
-2.57669595250488	0.657559862268914
-3.08912772662777	0.951015235110598
-0.738079783119958	0.251987608125061
-0.628867026021838	0.151670609188118
-2.57968420714322	0.659073447553718
-1.79839614394125	0.382877807711208
0.155111385030128	0.0290417527313876
0.155067569950451	0.0290355764553768
0.160813493636874	0.0402291855562724
-0.356656967234746	0.102398272590581
-0.626075023442282	0.151167646950723
0.16045117802105	0.0401558290866076
-2.57660997484294	0.657538252319339
-0.63185471444008	0.152466960619287
0.154465593370314	0.0289479903375428
1.81515619836297	0.703574555319196
0.15144823932183	0.0285426379557898
1.02329749324129	0.381582146499257
0.131682648363566	0.0437604593152334
-0.411995312167042	0.171599355711984
0.510839396613925	0.180141996770445
2.54257405726722	1.37573596793611
-3.08556356757563	0.949512459473102
-0.625937070321993	0.151091209012893
2.33750365888202	1.14533306687431
-0.735795036496609	0.251087692088149
0.15144823932183	0.0285426379557898
-2.57660997484294	0.657538252319339
-2.0861697947568	0.941936992542813
-0.628164901903538	0.15157555358925
0.154509067766894	0.0289541162362231
0.157370411029726	0.0293708256249034
-3.08189869996978	0.9470994296719
-0.735458723618684	0.250947808327744
-1.79839614394125	0.382877807711208
-0.628867026021838	0.151670609188118
-1.79839614394125	0.382877807711208
-1.52246182960607	0.540465661800635
0.162357836679133	0.0405597098553547
0.160221796316651	0.0401166927693931
-1.1406575104342	0.344234513147494
-0.353939368265063	0.101586834148653
1.31530203855702	0.564526657282562
0.803055311396109	0.330423388744012
-1.79840965860499	0.382877827643389
0.155067569950451	0.0290355764553768
1.02651128578825	0.383050193875148
0.658741078701816	0.207014004441108
-2.57963910438406	0.659061212358043
-1.1447666380351	0.34569313996721
-0.628733247343677	0.151688343674084
-1.14171114622793	0.344693702322242
-2.57660997484294	0.657538252319339
0.146670376003709	0.0430346600388633
0.154465593370314	0.0289479903375428
-1.52275201069355	0.540627902821117
-1.79840965860499	0.382877827643389
0.154465593370314	0.0289479903375428
-0.628867026021838	0.151670609188118
-1.14523333483643	0.345843348749308
-0.240410025521882	0.0773316206983627
-1.14536534536015	0.34589005605433
2.75520320904554	0.763197913000704
-3.45967591146264	1.22746502283364
-3.46702762063817	1.23112270337757
0.16045117802105	0.0401558290866076
0.144138136643148	0.0423508720464565
-3.45922605387697	1.22727228815634
0.51386494250992	0.181311218287051
0.155067569950451	0.0290355764553768
0.160221796316651	0.0401166927693931
0.658448437247608	0.206865271021461
0.154465593370314	0.0289479903375428
-1.14171114622793	0.344693702322242
-1.14088544605048	0.344426431780091
-3.76108876538849	1.48211039032061
-1.79839614394125	0.382877807711208
-0.628164901903538	0.15157555358925
0.154509067766894	0.0289541162362231
-0.737824274342293	0.251781339210884
1.44862736407577	0.477555630338169
0.16045117802105	0.0401558290866076
-0.353939368265063	0.101586834148653
-1.04664817491529	0.41219337703347
-0.628164901903538	0.15157555358925
-0.628733247343677	0.151688343674084
2.09936716295541	0.923201539626781
0.159036592116599	0.0397877345506797
-3.08203048704882	0.947509650360219
-1.79839614394125	0.382877807711208
-3.08189869996978	0.9470994296719
-1.79840965860499	0.382877827643389
-1.83099487872884	0.740025429797688
-1.52955481711501	0.543641482939636
-0.237559934502149	0.0764246711906185
-0.789083391693148	0.34215026874497
-1.1414839653338	0.344622990730584
-4.01193246433531	1.72463037714346
-2.5766529574574	0.657773148602288
-2.5766529574574	0.657773148602288
-1.79839614394125	0.382877807711208
-1.79840965860499	0.382877827643389
-1.79839614394125	0.382877807711208
-1.1412568453231	0.344431220445032
-3.45945095257726	1.22747869975084
1.81205656672306	0.701877636994275
-2.5766529574574	0.657773148602288
-2.57669595250488	0.657559862268914
-3.45945095257726	1.22747869975084
-3.08189869996978	0.9470994296719
-2.57669595250488	0.657559862268914
-1.79840965860499	0.382877827643389
-1.79839614394125	0.382877807711208
0.15144823932183	0.0285426379557898
3.26345542626113	1.10199860979414
-0.739003822726622	0.252222384495429
-0.743029498323094	0.253754321369633
-0.538391637447097	0.202241097472968
-0.626075023442282	0.151167646950723
-1.80123754984197	0.383647112861273
-0.635712548659237	0.153374459528297
-0.236989724567202	0.0762485047293907
0.15144823932183	0.0285426379557898
-0.53807249671511	0.202201826922908
0.159036592116599	0.0397877345506797
0.155111385030128	0.0290417527313876
-3.45967591146264	1.22746502283364
-1.05085567955959	0.414282430800086
-1.79839614394125	0.382877807711208
-3.4599009305559	1.22709220959572
-1.79840965860499	0.382877827643389
-1.79840965860499	0.382877827643389
-2.57968420714322	0.659073447553718
2.76097686654259	0.765783986906631
-0.355104953248248	0.101967480674674
-1.79840965860499	0.382877827643389
1.55472173238364	0.754945653890023
1.81264504950119	0.702404900566408
0.142892234362748	0.0419793224062305
-3.08203048704882	0.947509650360219
-2.57669595250488	0.657559862268914
-3.08203048704882	0.947509650360219
-0.628733247343677	0.151688343674084
-1.79839614394125	0.382877807711208
-1.14171114622793	0.344693702322242
-0.355104953248248	0.101967480674674
0.154465593370314	0.0289479903375428
-1.79840965860499	0.382877827643389
0.948768757521975	0.248549269795159
0.15963091503218	0.0399802605532864
0.950858461556905	0.2491584305819
-0.359141638818634	0.103112871302961
-0.632424041671007	0.152580102364835
-1.79839614394125	0.382877807711208
-1.83039434521114	0.739673075735054
-0.3523322595973	0.101168276473444
0.131463990676715	0.0437015090033304
-2.08224011884719	0.939282107374303
-1.52984634403446	0.54376252749597
-0.628599509856641	0.151612619227975
-3.46345495606107	1.22933734600421
-2.5766529574574	0.657773148602288
-1.80123754984197	0.383647112861273
-2.5766529574574	0.657773148602288
-2.5766529574574	0.657773148602288
-1.79839614394125	0.382877807711208
0.160583229502904	0.0401661733691417
-1.1414839653338	0.344622990730584
-1.79839614394125	0.382877807711208
-1.79840965860499	0.382877827643389
1.95731570776637	0.441000340195791
1.31600243356677	0.564924856678145
-1.79840965860499	0.382877827643389
0.15963091503218	0.0399802605532864
3.26284822825054	1.10169382604423
-0.625937070321993	0.151091209012893
-1.1414839653338	0.344622990730584
-2.57669595250488	0.657559862268914
-0.632563406792844	0.152610991116788
-1.79839614394125	0.382877807711208
-1.79840965860499	0.382877827643389
-1.14559783756009	0.346052129596875
-1.1413415008172	0.344450233445194
-1.79839614394125	0.382877807711208
-2.57660997484294	0.657538252319339
-2.5766529574574	0.657773148602288
-1.79839614394125	0.382877807711208
-1.79840965860499	0.382877827643389
-0.63185471444008	0.152466960619287
0.160221796316651	0.0401166927693931
-0.356367399040958	0.102345848061694
-0.738079783119958	0.251987608125061
-0.358848207258787	0.103009197892419
-0.234659925712008	0.0755339906287207
1.45114635521655	0.478471348903038
-3.76137421922742	1.48226291907169
2.10080345028195	0.924400736993524
-0.628599509856641	0.151612619227975
-0.742101285286405	0.253499136601578
-1.79840965860499	0.382877827643389
0.154465593370314	0.0289479903375428
-1.79840965860499	0.382877827643389
0.154465593370314	0.0289479903375428
-1.79839614394125	0.382877807711208
-1.14088544605048	0.344426431780091
-0.628030265547787	0.151499678636842
-0.628164901903538	0.15157555358925
-0.236767517349992	0.0761374057811359
-1.1414839653338	0.344622990730584
-1.80123754984197	0.383647112861273
-2.5766529574574	0.657773148602288
-2.57963910438406	0.659061212358043
-1.79839614394125	0.382877807711208
-1.79839614394125	0.382877807711208
-0.738670030097319	0.252119567169358
-0.236642536873473	0.0761450888689269
-0.234659925712008	0.0755339906287207
3.92630081042927	1.70195316826628
-1.1406575104342	0.344234513147494
0.154465593370314	0.0289479903375428
1.81235300959058	0.702242876396542
-0.737745529684395	0.251848226779474
-1.52497036065527	0.541612586959632
-0.358557998384515	0.10292132426425
-1.80123754984197	0.383647112861273
-0.632424041671007	0.152580102364835
2.75641316563256	0.763778311858285
0.155067569950451	0.0290355764553768
-1.14171114622793	0.344693702322242
2.75868832531345	0.765017792149168
1.95731570776637	0.441000340195791
-1.83139270651508	0.740181168650308
-0.35666348042052	0.102404483392645
-0.628867026021838	0.151670609188118
-0.0794370717150708	0.034966043729757
-0.628733247343677	0.151688343674084
-1.1412568453231	0.344431220445032
-2.57968420714322	0.659073447553718
-1.79839614394125	0.382877807711208
-0.794215822472199	0.344737473235044
-1.04466088820441	0.411216535698196
-0.628164901903538	0.15157555358925
0.158441687834525	0.0396618099099809
-0.544264065926487	0.204797597144567
-0.738079783119958	0.251987608125061
0.950287720870208	0.248999740475732
2.10139563641952	0.924609016057742
-2.08484842220823	0.940993818731239
1.02592340208434	0.382810966482796
1.44862736407577	0.477555630338169
1.95731570776637	0.441000340195791
-0.628733247343677	0.151688343674084
-0.628733247343677	0.151688343674084
-0.632424041671007	0.152580102364835
0.654121684946124	0.205433467520013
1.95786695174359	0.441149378722158
-0.793085451058619	0.344330406086191
-0.625058451397486	0.299570273058526
-0.791544464764474	0.343414356633311
-2.5766529574574	0.657773148602288
-3.08912772662777	0.951015235110598
-2.57968420714322	0.659073447553718
-3.46299441124492	1.22953362528533
-1.2957297752472	0.577552208373856
-0.354519585455166	0.101776151388844
0.123890289984819	0.0467338918733295
-1.1414839653338	0.344622990730584
0.155067569950451	0.0290355764553768
-0.412927940206854	0.171983979559785
0.160813493636874	0.0402291855562724
-0.359432307228107	0.103134774665835
1.95786695174359	0.441149378722158
2.75580772001712	0.763760469153332
0.147259813410519	0.0432007445014279
0.657283842665822	0.20642210460759
-1.13872731243543	0.343741383764358
-1.04664817491529	0.41219337703347
-1.69600921303297	0.955708147145032
-0.327014345939738	0.150800233005045
-0.355104953248248	0.101967480674674
-0.73833632952493	0.25198039611565
-1.52525862148376	0.541687313963439
-1.79840965860499	0.382877827643389
-1.52525862148376	0.541687313963439
-0.964638904482144	0.594657448343047
-3.45922605387697	1.22727228815634
-1.69600921303297	0.955708147145032
-1.04290235412753	0.410559570501728
0.132382889280095	0.0439989008298304
-0.3523322595973	0.101168276473444
-1.83571376784154	0.742355297253328
-0.540233723322025	0.202917482560003
-1.04244076044317	0.410025002253574
3.26569824690609	1.10327543173781
-0.236642536873473	0.0761450888689269
-0.631994988626399	0.152498044571477
-1.14284398403614	0.345169869447138
-0.232326150568762	0.0747848072087388
-0.735538279411364	0.250976055861043
-0.687110882044151	0.548061591904596
-0.39935228639844	0.277710690762598
-0.738414128880846	0.252090639638632
-3.08216231491203	0.947551973079846
-0.628599509856641	0.151612619227975
-0.736131442714986	0.251191396874175
-0.540233723322025	0.202917482560003
-0.625108743744779	0.299624457542705
-0.50689219409173	0.267964942582022
-1.35754892906589	1.13261741615468
-0.355104953248248	0.101967480674674
0.128003827528337	0.0482344496818407
0.157325350109871	0.02936446462458
-0.74269218165825	0.253631177667885
-0.621957831947703	0.297616053571787
-0.40968014375195	0.170509321280909
-0.168318442800183	0.0602514969158982
-0.237212899766669	0.0763212805777045
0.159402290839324	0.0399177124259514
-0.96970585960642	0.598427102452101
1.09145086043078	0.826890023411568
-0.172107354750232	0.0616237994837963
1.25506772843681	0.679536332250155
0.138692748947246	0.0459791022798751
0.037864268368892	0.0220458434788966
0.882340622877635	0.46802385654245
-1.79839614394125	0.382877807711208
-1.52527766014307	0.541726073904961
-0.487742584590612	0.418687990989285
2.10080345028195	0.924400736993524
-0.62509689781615	0.299186252053425
-0.537590863359465	0.201894959579
-1.1414839653338	0.344622990730584
-1.04290235412753	0.410559570501728
-0.0318377304614079	0.0152979758269504
-0.60630259364238	0.497296963734797
-0.356656967234746	0.102398272590581
-0.54346877962796	0.204399150899749
-0.241892151565733	0.0777967682855961
-0.934676991846181	0.68878888707463
-0.507146815715724	0.268090757020662
0.0516519082636397	0.0318697686853561
0.0187879431387588	0.0101876599249449
-0.12535550795052	0.0498206301612433
0.536281317914201	0.309790247436843
-0.399718703067749	0.278046202754356
-0.582797278772571	0.428026096056393
0.586425972892557	0.303219472931863
-1.04687191417195	0.412486748895758
-2.492223966474	1.37994790676841
-3.08542618523242	0.949198094742557
-0.628599509856641	0.151612619227975
-1.04347763338354	0.410675434748757
-1.85533705916259	1.16142956080421
-0.735795036496609	0.251087692088149
-0.352328640216398	0.101201570764145
-0.540269772022685	0.203101413077247
-1.0001037668499	0.493752779623566
1.44862736407577	0.477555630338169
-0.628599509856641	0.151612619227975
-3.45967591146264	1.22746502283364
-2.30065661297022	1.14788322958659
-2.57669595250488	0.657559862268914
0.162357836679133	0.0405597098553547
-1.52955481711501	0.543641482939636
0.948337549654709	0.248516516252871
-1.29202801510717	0.575756748795778
-1.1413415008172	0.344450233445194
-0.415183675733752	0.172968540362155
-0.234659925712008	0.0755339906287207
-1.51290986521447	0.762657707695192
-0.416119418774553	0.17334263980881
-0.354815349846941	0.101888689175609
-2.57669595250488	0.657559862268914
1.02592340208434	0.382810966482796
-0.628030265547787	0.151499678636842
0.144054213480702	0.0423469198905259
-3.08216231491203	0.947551973079846
-3.08216231491203	0.947551973079846
-0.168098950998947	0.060182556134742
0.154465593370314	0.0289479903375428
-1.79839614394125	0.382877807711208
-1.79839614394125	0.382877807711208
-1.79839614394125	0.382877807711208
-1.79839614394125	0.382877807711208
-1.79840965860499	0.382877827643389
2.75641316563256	0.763778311858285
-1.79840965860499	0.382877827643389
-1.79839614394125	0.382877807711208
1.44899109330448	0.477667123734845
-2.57669595250488	0.657559862268914
-1.79840965860499	0.382877827643389
-1.79839614394125	0.382877807711208
0.15963091503218	0.0399802605532864
-2.5766529574574	0.657773148602288
0.154465593370314	0.0289479903375428
-0.628733247343677	0.151688343674084
-1.79839614394125	0.382877807711208
-1.79839614394125	0.382877807711208
-0.628599509856641	0.151612619227975
0.154509067766894	0.0289541162362231
-1.79840965860499	0.382877827643389
-1.79839614394125	0.382877807711208
-2.57669595250488	0.657559862268914
-1.79840965860499	0.382877827643389
0.155067569950451	0.0290355764553768
1.95731570776637	0.441000340195791
0.154465593370314	0.0289479903375428
-1.52585303078124	0.541962051097293
-1.14171114622793	0.344693702322242
-1.04290235412753	0.410559570501728
0.426188529242061	0.168158662567646
-0.355104953248248	0.101967480674674
-0.236642536873473	0.0761450888689269
-0.628164901903538	0.15157555358925
0.154465593370314	0.0289479903375428
-2.5766529574574	0.657773148602288
-2.57669595250488	0.657559862268914
-2.5766529574574	0.657773148602288
-1.79839614394125	0.382877807711208
0.157325350109871	0.02936446462458
-1.79839614394125	0.382877807711208
-0.6242291915052	0.298754858474491
-0.353207074434312	0.101406886597049
0.653826927429073	0.205337088996143
-3.46276423195498	1.22902448571158
0.160221796316651	0.0401166927693931
0.155111385030128	0.0290417527313876
0.653245802516738	0.205089848433872
-1.79839614394125	0.382877807711208
-2.5766529574574	0.657773148602288
-1.79840965860499	0.382877827643389
-1.80123754984197	0.383647112861273
-1.79839614394125	0.382877807711208
-2.58269164924118	0.660244336228982
0.15144823932183	0.0285426379557898
-0.233742966580479	0.0752394538943447
-1.79839614394125	0.382877807711208
-3.08203048704882	0.947509650360219
-1.79840965860499	0.382877827643389
0.154509067766894	0.0289541162362231
-0.354167691312265	0.101716688748636
1.95786695174359	0.441149378722158
0.132951093876262	0.0441757525557606
-1.14523333483643	0.345843348749308
-0.234881985943443	0.0755878057926229
-1.13872731243543	0.343741383764358
-2.57660997484294	0.657538252319339
-1.14499995487719	0.345855392571373
-1.14559783756009	0.346052129596875
-3.45922605387697	1.22727228815634
-0.358852053011674	0.102979336804101
-0.738414128880846	0.252090639638632
-0.539089600210505	0.202542124367007
-3.46299441124492	1.22953362528533
-0.63185471444008	0.152466960619287
-1.52896155531942	0.543366808154917
-1.80123754984197	0.383647112861273
-1.79840965860499	0.382877827643389
-2.5766529574574	0.657773148602288
-2.5766529574574	0.657773148602288
-1.04595278088894	0.411874241216211
0.657866689740957	0.206670742493303
-1.52955481711501	0.543641482939636
-2.30418064567315	1.15110792862376
0.154509067766894	0.0289541162362231
-0.355401168227563	0.102014834884787
-1.84370691112489	0.746259696739909
-1.79840965860499	0.382877827643389
0.157370411029726	0.0293708256249034
-1.79839614394125	0.382877807711208
-3.08556356757563	0.949512459473102
-1.80123754984197	0.383647112861273
0.154509067766894	0.0289541162362231
0.157370411029726	0.0293708256249034
-2.57660997484294	0.657538252319339
0.155067569950451	0.0290355764553768
3.63565166019344	1.42132833477826
0.94820175004088	0.248479682375772
-0.628733247343677	0.151688343674084
-1.79839614394125	0.382877807711208
-1.79840965860499	0.382877827643389
0.948337549654709	0.248516516252871
-0.737411368529038	0.251647475713659
-0.358852053011674	0.102979336804101
0.160221796316651	0.0401166927693931
0.373180610877933	0.165574351861478
-3.46322465260564	1.22963503158779
-2.5766529574574	0.657773148602288
-0.74243876954869	0.25362235352836
-1.79839614394125	0.382877807711208
-1.79839614394125	0.382877807711208
-1.79840965860499	0.382877827643389
-1.79840965860499	0.382877827643389
-1.79840965860499	0.382877827643389
-2.5766529574574	0.657773148602288
0.155067569950451	0.0290355764553768
-1.80123754984197	0.383647112861273
-1.14193838802885	0.344646219015582
-1.79840965860499	0.382877827643389
-2.57963910438406	0.659061212358043
-1.79839614394125	0.382877807711208
1.95786695174359	0.441149378722158
-1.79840965860499	0.382877827643389
-1.79840965860499	0.382877827643389
-1.79840965860499	0.382877827643389
-1.79840965860499	0.382877827643389
-1.79839614394125	0.382877807711208
-0.628733247343677	0.151688343674084
-1.79839614394125	0.382877807711208
-3.08542618523242	0.949198094742557
0.15144823932183	0.0285426379557898
-1.79839614394125	0.382877807711208
-1.79839614394125	0.382877807711208
-1.79840965860499	0.382877827643389
-1.79839614394125	0.382877807711208
-1.79839614394125	0.382877807711208
0.155111385030128	0.0290417527313876
0.155111385030128	0.0290417527313876
-1.79839614394125	0.382877807711208
0.155111385030128	0.0290417527313876
-2.5766529574574	0.657773148602288
-0.628733247343677	0.151688343674084
0.154509067766894	0.0289541162362231
-1.29445710557565	0.57719309643802
0.950858461556905	0.2491584305819
0.160221796316651	0.0401166927693931
0.154509067766894	0.0289541162362231
-2.5766529574574	0.657773148602288
-0.353939368265063	0.101586834148653
0.160813493636874	0.0402291855562724
2.75580772001712	0.763760469153332
0.155111385030128	0.0290417527313876
2.75580772001712	0.763760469153332
0.154509067766894	0.0289541162362231
0.154509067766894	0.0289541162362231
-1.79840965860499	0.382877827643389
-2.57660997484294	0.657538252319339
-1.79839614394125	0.382877807711208
2.75520320904554	0.763197913000704
0.155111385030128	0.0290417527313876
-1.79840965860499	0.382877827643389
0.155111385030128	0.0290417527313876
-0.628299579656606	0.151558046801791
-1.14583039258107	0.346039770541419
-1.79840965860499	0.382877827643389
-2.57968420714322	0.659073447553718
-1.80123754984197	0.383647112861273
-2.5766529574574	0.657773148602288
-3.46322465260564	1.22963503158779
-1.13895833229548	0.343813220888229
0.800363745835414	0.329006937540612
-0.349834437422478	0.100494066761987
0.154465593370314	0.0289479903375428
0.155067569950451	0.0290355764553768
0.155067569950451	0.0290355764553768
1.95786695174359	0.441149378722158
-1.79839614394125	0.382877807711208
1.44839669376933	0.477459847846965
-2.57963910438406	0.659061212358043
-0.628030265547787	0.151499678636842
-3.76137421922742	1.48226291907169
-0.242082010652962	0.0778899387380049
-1.13895833229548	0.343813220888229
-1.14171114622793	0.344693702322242
0.162952579336367	0.0406858836130456
-0.628299579656606	0.151558046801791
-3.76080338308098	1.48176245886347
-1.29468583724064	0.577050898837199
-2.57660997484294	0.657538252319339
-0.354525819937872	0.101778275735803
0.12766278679512	0.0481491979841494
0.162125356869158	0.0404960611383205
-1.30275695942311	0.58217036734031
0.133827547304626	0.0504034048186407
-1.79839614394125	0.382877807711208
0.659324643575319	0.207123110468657
1.81515619836297	0.703574555319196
-0.355979365614545	0.102141358762928
0.159402290839324	0.0399177124259514
0.511535984561553	0.180463547184556
-0.536892625271128	0.201634766838871
0.94820175004088	0.248479682375772
-0.628733247343677	0.151688343674084
-1.79840965860499	0.382877827643389
-2.57669595250488	0.657559862268914
0.155067569950451	0.0290355764553768
-0.632424041671007	0.152580102364835
0.159992352718576	0.0400538861334557
-1.79840965860499	0.382877827643389
-1.80123754984197	0.383647112861273
-0.628867026021838	0.151670609188118
0.16045117802105	0.0401558290866076
0.157325350109871	0.02936446462458
-2.57669595250488	0.657559862268914
-2.57660997484294	0.657538252319339
0.148186394591661	0.0434281534721658
0.144640697621443	0.0425017414545061
-0.628299579656606	0.151558046801791
-0.628733247343677	0.151688343674084
0.155111385030128	0.0290417527313876
-0.628867026021838	0.151670609188118
-3.08229418357021	0.947231644170671
-0.628164901903538	0.15157555358925
-3.08229418357021	0.947231644170671
-1.52926336424741	0.543358625626883
-1.17864307160213	0.656290499865929
-1.3471399958112	1.11881080342128
-0.96999048333885	0.598826501142263
0.138596329222035	0.0664869251573853
-2.0851928861798	0.941244883307777
-0.743029498323094	0.253754321369633
0.156304884454214	0.0392194704826931
-0.628867026021838	0.151670609188118
-1.79840965860499	0.382877827643389
-1.79840965860499	0.382877827643389
-1.52499008340819	0.541418114624462
-2.57963910438406	0.659061212358043
-0.631994988626399	0.152498044571477
-1.83132702405761	0.74028277145384
-0.358848207258787	0.103009197892419
-0.355394630173918	0.102015543768339
-2.57660997484294	0.657538252319339
-1.50897634643426	0.759381379959404
2.5427894591106	1.37603904067737
-0.237437039825944	0.0763599123457812
0.588405870825793	0.304001827564856
-0.803526656317821	0.43879762459516
-0.742101285286405	0.253499136601578
0.535632017557195	0.309305567376328
-1.10852717104292	0.763334208785295
0.124119776927141	0.0530102151350504
0.773533317815072	0.459189589105413
-0.789083391693148	0.34215026874497
-0.969387244041332	0.598345544931514
-1.1840119631349	0.66014918760717
-1.61928809799758	1.25465591942389
0.673999351445334	0.31030474964942
-0.167973568861706	0.0601248969281319
-0.109218490679266	0.0435157608135444
0.135580186525053	0.0449978908716727
4.7164358765108	2.81181402419507
0.803055311396109	0.330423388744012
0.802489056255948	0.330144551890374
0.777767612019192	0.462658321246098
0.137536650513881	0.0659495032275318
0.776176172734416	0.461295568453299
-0.167409271163493	0.059935085601386
-0.790637113549688	0.343172490347042
0.343068448104388	0.171439068373362
0.510967914253512	0.180245566763838
-1.00493220059121	0.497135765646208
-1.83470480543889	0.742065970342523
-3.08542618523242	0.949198094742557
0.162952579336367	0.0406858836130456
0.948905461162112	0.248586345985544
1.95786695174359	0.441149378722158
0.154465593370314	0.0289479903375428
-1.80123754984197	0.383647112861273
0.155111385030128	0.0290417527313876
0.658157600688591	0.206837664845118
-0.739897287341956	0.252561528714207
-0.35569023027487	0.10209347470967
-1.29318528584883	0.57616602568844
-2.57968420714322	0.659073447553718
-1.83165926032039	0.740451579277532
0.50952600895777	0.179673416398791
0.160583229502904	0.0401661733691417
-0.737489374761453	0.251678150254292
-2.30348519403534	1.15039517348929
-0.360018151462565	0.103295990712749
-1.52556530925699	0.541887546993991
-0.791832805004252	0.343622226885232
0.130586200312459	0.0492036069928143
0.135013832711232	0.0448286361779132
-0.114531033021198	0.0455888758023028
-0.162989326959396	0.0584083699345145
-2.0888812011404	0.943710245621911
0.373753217777433	0.165661732219598
-0.238130718624198	0.0765764115230572
1.45054889854294	0.478121061898946
-0.536101171148354	0.201337796547223
-2.30138530277244	1.14911512497571
-0.39213771908526	0.271869982601419
-0.395933584675013	0.27503751530384
-0.556414754509207	0.356137927852867
0.610838778611566	0.463968909539057
-0.159241077676922	0.10978358087986
0.145859531467379	0.0773347629636465
-1.00493220059121	0.497135765646208
-0.414916504285137	0.173010164636834
-0.338099459565026	0.205078329820498
0.801220040350497	0.32937098969222
0.695577463228225	0.455607002351505
0.130920287619515	0.0493322328761646
0.143640988906238	0.0761367379192228
1.60615129469491	1.11213450583419
-0.148232189708199	0.0844199634775682
-2.48486203510736	1.37307151296162
2.02061459779243	1.91300997558665
1.23575918126675	0.850130887814421
0.528951685575853	0.304722029920716
-1.4586740770052	1.31644273616334
1.88825132450134	1.62258372856985
0.672707654269192	0.309785204478421
0.585811213568047	0.302214531395461
-0.170856035041343	0.0611834573692003
-0.510720793242878	0.270086020562963
0.126351051756043	0.0476335883957021
-1.1447666380351	0.34569313996721
0.145227337337459	0.0426443607563146
0.511406581218177	0.180333732150807
-0.237212899766669	0.0763212805777045
1.02304894811125	0.381607715308403
-0.539312347732804	0.202625351504848
-0.540486497816113	0.203240784979243
0.340106151270341	0.16969401000777
0.673999351445334	0.31030474964942
0.46590156689953	0.316853128435008
-0.398412409102563	0.276959690819487
0.422718739766455	0.320929211124667
-0.807814741150974	0.538472154484091
-0.506139918661916	0.267518246229609
-0.0763127549371531	0.0335886930934556
-0.342877597174236	0.245545870706504
-1.85341614633532	1.1616831511099
-0.329458323063792	0.152151823606521
0.344131441332208	0.171748814080647
1.04746072672504	0.497700711342051
-0.937619871551289	0.692753249394717
1.05212275536938	0.5000927931034
-2.08460819785075	0.94084287548003
-0.413428194320737	0.236236427726743
-0.539089600210505	0.202542124367007
0.65757421006213	0.206588655278929
0.130586200312459	0.0492036069928143
0.511755072041239	0.180523302881905
1.38073409760973	1.06445459286603
0.341466140633817	0.170494371879831
-0.467327689315855	0.31340009660214
-0.974736071916462	0.60312003678405
-1.83199158756097	0.740532814070127
-4.41182236634418	2.21034035519034
-0.506131689749394	0.267611896570957
-0.413194033026847	0.172063670363972
-0.0353304910987063	0.0169407740569569
0.132899691411348	0.0500449841132133
0.802432270015275	0.330171616269446
0.58780342875841	0.303484945228552
-1.11428489513762	0.76975329051886
0.425973045957768	0.168010824921803
-0.808308464399482	0.441827894478673
-0.788618958882262	0.341859317766317
1.37785978078457	1.06080412265492
1.04323019345025	0.495337606424751
0.130847633086116	0.0558190648233276
-0.544038098124227	0.204549461860792
-1.29445710557565	0.57719309643802
0.531517297622752	0.306320740836884
0.142892234362748	0.0419793224062305
-1.50582537229307	0.757248272046165
-2.65199009148174	1.6157608196678
-0.536892625271128	0.201634766838871
-1.03964164372292	0.408955449510983
-0.790637113549688	0.343172490347042
-2.64843731256358	1.61266315054594
-0.237212899766669	0.0763212805777045
0.947086470209903	0.641230018268387
0.303242836822023	0.208602872013813
0.0527499024110426	0.0325493500306917
-1.29851896240019	1.61841854508501
-1.4566005027314	1.31369860763967
-0.401830231170546	0.279891296276927
-1.65697247840852	1.71692368591386
-1.11023048427274	1.08064724888463
0.0175857521681982	0.00954671049509448
-0.583594099723896	0.428789966036506
-0.0799447453943364	0.0490146104071474
-0.341581063583226	0.244483378907188
0.585954730694897	0.302744685250839
0.0328044544633498	0.0191436111650325
0.421616261221355	0.166276240508206
1.4775150432784	1.48955364204593
-0.684667954786984	0.484687707106009
-0.0750159616572572	0.0330387346979731
-0.0601180375736319	0.0379727552905544
-0.412193448344764	0.171596426506329
1.06450420640697	0.645116612404454
1.25016529401374	0.67594617648207
-1.00164594491588	0.494396817586234
-1.83165926032039	0.740451579277532
-0.735201728577998	0.25087231236032
0.152718005702027	0.0383738683664069
-3.08556356757563	0.949512459473102
0.658157600688591	0.206837664845118
-0.537372411986456	0.201853613639291
0.159992352718576	0.0400538861334557
0.163185820804974	0.0407257646525502
-0.737745529684395	0.251848226779474
-0.35569023027487	0.10209347470967
0.802273091671679	0.329882237321236
0.648512111658872	0.462643157585785
-0.392428995294526	0.272002569771096
0.134446827346684	0.044648821058174
-2.49062038066175	1.37863753906601
0.161043695584893	0.0402684742968713
0.15963091503218	0.0399802605532864
0.133827547304626	0.0504034048186407
-1.00388955818397	0.496069737089694
-0.159393764609355	0.109907317233874
-1.04221071709325	0.410198911511082
0.0222925066006119	0.0121114682878616
-0.48020813058405	0.410615716295461
-0.510167305705701	0.269902869147838
-0.69136604705896	0.552710936818447
-0.789321203296077	0.681138218422548
-2.11947350474687	2.36778899398633
-0.114094008424327	0.0676841140242033
-0.967394509290605	0.596017220489417
-0.623583634287472	0.298378288783754
1.23643644628378	0.850899919374076
-0.391039374996476	0.270988957918398
-0.676891705467507	0.478081659449301
-1.1414839653338	0.344622990730584
-1.04056236968378	0.409373067940558
-0.252836382341941	0.127612860946569
-0.584001109027105	0.429021074333738
-0.627598197564051	0.300860032383781
-0.236642536873473	0.0761450888689269
-1.49527789459425	1.04867341106474
-1.29318528584883	0.57616602568844
-0.109029776073422	0.0646090086878997
-0.582106079524069	0.427158977105902
0.985596220724592	0.805827054747832
0.660054375205789	0.207294450910716
-0.967355051791812	0.59704764423184
0.672707654269192	0.309785204478421
0.139436459089769	0.0410524321785509
-0.792617263209445	0.34408015271057
-0.966776141874087	0.595634558804664
-0.544038098124227	0.204549461860792
-0.792052634019788	0.343809589207604
-0.323473644280604	0.149131328598253
-1.06296145646275	1.12263305033452
-0.680538942845212	0.481290106220185
0.331955790379218	0.184536567649095
-1.14010493314184	1.27431504053506
-0.31067184025021	0.255771396679193
-0.341708186167499	0.24456658643699
-1.62119568776171	1.2558357786594
-1.6201641883094	1.25528932380879
-1.97778377027296	2.54776479123153
-0.417498560054849	0.174105987349017
-0.70684167127644	0.626687972560776
-1.50587548463276	1.93568090868529
-0.937063006916373	0.691946344989887
-1.06040493635857	1.11845894598932
0.0194527230897418	0.0105694925377096
-0.586426161020782	0.431350609807396
-0.716158331640084	0.691723109459149
-0.326358934733255	0.150735288469046
-0.683159333647817	0.483248711370795
0.529517606521035	0.304829208941964
-0.171201121492568	0.0613083374431992
-0.63159924778929	0.303148971324203
-0.815732312970996	0.447017016910779
-0.552953811927297	0.353331595867983
-0.0441379136816043	0.0210394977579556
-0.80337863126898	0.438359650062652
0.0383734571914838	0.022349516940391
1.45078261646269	0.478218161496633
-0.11602138731707	0.0461854401682624
1.55174017229736	0.752717131207676
1.44862736407577	0.477555630338169
2.09995861282333	0.923872580873855
-1.14111344283696	0.344497381350969
0.65757421006213	0.206588655278929
-2.57669595250488	0.657559862268914
2.75580772001712	0.763760469153332
2.10404963108371	0.926287358542244
1.44862736407577	0.477555630338169
0.157370411029726	0.0293708256249034
0.134376181846919	0.0573539486747908
-1.00042671384016	0.494424006740095
-0.342590250954514	0.208107405513895
0.430725361241667	0.170091715039123
-0.172669104556229	0.0618131682393964
-0.737489374761453	0.251678150254292
0.657866689740957	0.206670742493303
0.517113632980752	0.182385971564448
0.51245179464898	0.180728048354012
0.309057440162593	0.200463947649035
-0.506131689749394	0.267611896570957
-0.473506844025013	0.403378815300622
-1.23789691067271	0.940749815423217
0.880085834837522	0.465830263044958
-0.114531033021198	0.0455888758023028
-1.49183614616713	1.04526896364508
0.494376421588136	0.312654852380543
-0.250111948564357	0.126180675841749
-0.74269218165825	0.253631177667885
0.139837292962633	0.0671168666103984
0.316877097602965	0.191950805223137
-0.337980316805622	0.241476781595105
-0.143179681741525	0.0813879044246219
-0.0451155268572106	0.0214842178355566
1.0472501359547	0.497556503187299
-2.08911637827436	0.943898849288905
-1.00037438735711	0.493892565592627
0.14212982812245	0.0682493066749557
-0.554792118280615	0.354653186400212
-0.602966300721408	0.493966253326603
0.130554304374381	0.0557920950686344
-1.18428170644037	0.661290645702344
0.94820175004088	0.248479682375772
-0.538867626524031	0.202372193079411
-0.236420091117799	0.0760498926963215
0.127783326041219	0.0545604617647498
-0.807064432054841	0.440921933853983
-0.164744037178764	0.059028259963585
-0.583183143290062	0.428428324877852
-0.96108351554007	0.591681188835784
-0.50418926152619	0.38208078267131
-0.16490400145332	0.11398557057585
0.672707654269192	0.309785204478421
-0.110248068214152	0.0653428695533309
-0.307386321445145	0.252667844251444
-0.793016870405712	0.813788588775591
-0.394081566891704	0.313537842395209
-0.192252220407086	0.129388993163951
0.49057758049981	0.309556095461033
0.983796509160067	1.08095528090842
-1.52491078026369	1.73218659960976
-0.294162631285212	0.215656714629456
-0.517442415056663	0.48232458736546
-1.65149507570213	1.70840187661094
-2.71672850744253	3.19819601318263
-0.980333801020655	0.974547033049045
-0.146624672046994	0.0834350726321889
-0.393662018743009	0.273046497072403
-0.58156248678164	0.426914814390456
-1.1595553306824	1.0147021418204
-0.250611770909288	0.187112912071529
0.78321387912658	0.618646762224268
-0.809413343176979	0.540407210201768
0.684036953827185	0.596953613982814
-0.934228736220661	0.68914517164832
-0.110200696664913	0.0653177691723849
-0.0653144911078941	0.0412889701623121
-1.62470874211625	1.26092823042722
-0.336999650893499	0.204292319219355
0.32667363865687	0.181189492005752
-0.241325335112873	0.0776212717213414
-1.0030160119447	0.495866412258457
-0.235378324610146	0.0757036698862798
-0.631994988626399	0.152498044571477
-0.74269218165825	0.253631177667885
0.159992352718576	0.0400538861334557
0.144389940892798	0.0424393237157952
2.75580772001712	0.763760469153332
-1.1447666380351	0.34569313996721
-0.746129763239495	0.254909548180685
0.428153640589647	0.1689678534764
0.660932155782147	0.207694635746326
0.671166583876549	0.308670070263109
0.312619935896197	0.188939201242317
-0.227813757867561	0.148785082286567
0.128919301055159	0.0428813133463191
0.128744720496134	0.0484930569078401
0.658448437247608	0.206865271021461
-0.339638004431897	0.2058407314039
-2.08651667798306	0.942148962041558
1.31275235192293	0.563405500186811
0.168908802915251	0.10407144931525
0.129622250132735	0.0554081426114926
0.282012052492434	0.221406234331273
-2.45642847746348	2.42105982431892
1.04058549229476	0.493412698340227
-0.665776434601873	0.397665499713618
-1.19238962794639	1.23396735386302
-0.704528583398119	0.62399310251966
-0.859214977479053	0.928848303872973
-1.06318798116784	1.12303986208156
-1.18656156067377	1.22491683237284
-0.19351038807588	0.104665821431364
-0.0351511357518938	0.0227714662929454
-0.232051243307674	0.151856505451461
0.138268969280216	0.0664163020380255
-0.967682828735145	0.596245216453205
-0.469489495724616	0.315045617768494
-0.346112496115019	0.279994885035774
-0.0829603910748781	0.0620883305925586
-0.739810651859165	0.252595067527066
-0.542900106811953	0.204176406519794
-0.546156558129354	0.205464884972569
-0.665041322947784	0.397726262402903
-1.04652451812801	1.40042284154497
-0.797069393330302	0.615405136916057
-0.113885349209877	0.0453302765915032
-0.25363970634632	0.189772216972663
-0.411139535988665	0.420850772646428
-0.264574985632552	0.199057864431512
0.00505181017807633	0.00355787718314732
-1.15081656768846	1.66773008328437
-0.726637272295174	0.853353273883684
0.0650016658119973	0.042168335460966
0.735671988287065	0.615405755088409
-1.19050618348565	0.66583259298289
-1.79840965860499	0.382877827643389
0.179840165157795	0.123520137261104
-1.56324889636429	1.51939571310686
0.085272308488475	0.0603868236407942
-0.630048257756009	0.56872592141549
0.0758428736892419	0.0515008757748718
-1.16814011410876	1.46477626481179
-0.361660380572018	0.324992207670874
1.07258163196308	1.25859781204737
-0.630035707937052	0.568440078743338
-0.199819887829858	0.10820699032755
-0.469865266992401	0.315424178149718
1.11367164487852	1.00088487199672
0.132242154123943	0.063480758243712
1.23429024953843	1.36068163029128
1.31366843634341	0.563614405395139
0.135147068183463	0.0448731525122335
0.155111385030128	0.0290417527313876
0.159402290839324	0.0399177124259514
0.143467885183021	0.0421790290070851
-2.5766529574574	0.657773148602288
-0.359141638818634	0.103112871302961
0.154509067766894	0.0289541162362231
0.659032459281836	0.207041754611057
0.160221796316651	0.0401166927693931
-1.79839614394125	0.382877807711208
1.95786695174359	0.441149378722158
-1.52468217246603	0.541450953371581
-0.240627572806769	0.0774207528438286
0.415085748753473	0.330830498483683
1.02558467001725	0.382518749728777
-1.52527766014307	0.541726073904961
-1.79839614394125	0.382877807711208
0.659324643575319	0.207123110468657
1.45114635521655	0.478471348903038
0.948337549654709	0.248516516252871
0.304222350855223	0.196680669208903
1.76101611268726	0.964908126415187
0.186488374221375	0.139566542672613
-0.0833551757471627	0.0511092229138466
-0.0804316460134185	0.0493100239594105
-1.16012664169161	1.01591907398757
-0.210914622740157	0.196852759988976
0.466717370478355	0.317740667979623
-1.35498838260613	1.36575013112406
-0.783099152151239	0.738288042593668
-0.0801700662712842	0.0598939425066202
-0.876251786154687	0.885426140866273
-0.854146107796408	0.987450181119706
0.327495814612727	0.181429209624318
0.374944396111701	0.16646799579139
0.134446827346684	0.044648821058174
-0.276711193312231	0.174667643779171
0.995132263307593	1.18837247933546
1.44383136565524	2.2156069805483
-0.3297724371318	0.152247279206787
-2.57963910438406	0.659061212358043
-3.45945095257726	1.22747869975084
0.131160713568611	0.0559458435691786
0.143231568712453	0.0420634101782781
-1.05128129891813	0.850200522841081
-1.61531322176023	1.24879637844826
-0.168443906364487	0.0602979483615774
-0.278042126359475	0.33480109859977
-0.222514585426348	0.169792367156373
0.17688686064915	0.126701025010454
-0.291453349091929	0.285447123869619
-1.01168960442325	1.49027359639841
-0.226508997328035	0.173229136530436
-0.509799820639049	0.26958161629009
-1.00241858504235	0.905137823856315
-0.56433968413445	0.606019304764285
-1.79839614394125	0.382877807711208
-1.08049912538118	1.37500282109752
-0.323708809288881	0.293502685271034
-0.336382364667385	0.354036929093588
0.49478841561047	0.545036337076379
-0.0735140004403667	0.0613692044975255
0.343864777202297	0.330293828015244
-0.722928521200528	0.751787005706518
-0.791044741914156	0.748596533584819
-0.247320359611841	0.209392682141024
2.01284005192849	1.89858643849328
-0.797269313108753	0.616273158354464
-0.797530143352387	0.346515824779404
-2.25213166409649	1.90210489567305
1.52352730969208	1.30516882830506
-0.356367399040958	0.102345848061694
0.155111385030128	0.0290417527313876
1.95786695174359	0.441149378722158
-2.5766529574574	0.657773148602288
-1.79839614394125	0.382877807711208
0.948337549654709	0.248516516252871
2.75580772001712	0.763760469153332
-2.57968420714322	0.659073447553718
0.154509067766894	0.0289541162362231
1.11351687020652	1.00088875504262
0.176662068344987	0.126512269053032
2.54087505722291	1.37493958559138
1.95731570776637	0.441000340195791
0.155111385030128	0.0290417527313876
1.44665759513172	0.476601664632304
0.140023273435885	0.041219830052157
-0.628733247343677	0.151688343674084
0.84804533643621	0.774759383046983
4.55083507312551	2.49285246216076
-1.05250615788968	1.4125666306432
-0.326365329491847	0.319528949457734
0.173798798627671	0.129200900005444
-0.670141508838271	0.401424211281051
-0.0608688759363886	0.0384420743148307
-0.228555469260153	0.174990279256801
0.440759741809092	0.534116929514235
-0.0371902708787638	0.0240989751032741
-0.040863561884155	0.0313209567307965
-0.669867780388934	0.749992570888961
0.179698207182688	0.143673163601462
-0.0821821651042526	0.0503958896100655
-1.13872731243543	0.343741383764358
0.14371839260098	0.0422424410228484
-0.509998911492824	0.473804750232168
-0.793268452850805	0.928445554810365
-0.316777355375461	0.28594490126742
0.138890879231432	0.0666409138953449
-0.539438704416492	0.202662195535841
-1.83597776269255	0.742763952258261
-0.403229189404262	0.493877756214199
-0.440779824737006	0.342345430103971
-0.508548644811568	0.472043581886316
0.0934399300063977	0.0710010305636044
-1.1677334229339	1.46463648254928
0.535043296962194	0.308897396539437
-1.18738108149194	0.662909084634087
-0.418365309512863	0.174458184135551
-0.875802020061219	0.884685206468357
-0.447318634096337	0.454539788725463
-0.580904240417135	0.426079399173702
-0.700821785292058	0.619602653499455
0.703542741464389	0.461998741018656
0.200702660094918	0.167609865895284
-0.468105502429221	0.44166589706158
0.380644068697482	0.325415135590232
0.281626525061453	0.221036238496648
0.290614822927365	0.246930915518148
-0.414248785891065	0.172553623155678
1.09114509701741	0.827053144510794
0.586427268401856	0.30259705207657
0.127436205712794	0.0424074206930577
-1.11129564461106	0.767381187405306
-0.54346877962796	0.204399150899749
-2.57660997484294	0.657538252319339
1.81856249292271	0.704712372795119
0.155111385030128	0.0290417527313876
-2.5766529574574	0.657773148602288
-0.352036490485324	0.101122204058746
-0.628733247343677	0.151688343674084
0.123500121799985	0.0527530669588321
0.342903733430487	0.171036604477131
0.42217472484669	0.16651690753331
1.44899109330448	0.477667123734845
0.144138136643148	0.0423508720464565
-0.165650631391215	0.0593414877038015
0.658449623497539	0.206846818911275
0.147510896476738	0.0432547789402825
0.476807452154454	0.325893015730099
1.07075230082482	0.650311109491724
-0.0873472019622081	0.0638968600831281
0.0868361919098923	0.0615198650492226
-0.938592683553679	0.693623154549079
0.766422805972739	0.454129068214838
-0.498142378803461	0.262387545481795
0.564394637961317	0.449373941509309
-1.00440558021243	1.2125893722321
0.847399789561329	0.773911219177696
-0.200354407094357	0.2041638151279
0.114396069489496	0.0931977689876962
-0.0578971704677957	0.036552584935294
0.189992826951873	0.131012110682924
0.154465593370314	0.0289479903375428
-0.677945935587231	0.478330781090976
0.316327831278844	0.191612386864598
-0.881001893123079	0.815184788887749
-1.00136036488049	0.494828521671196
-1.52525862148376	0.541687313963439
0.0841088492564609	0.0809322029156911
-1.36528926046192	1.78376284216375
-0.196718159190895	0.152958243473567
-0.353438490913531	0.501259174290237
-0.724535496908569	0.803478194215087
0.412817599592262	0.328501907867303
-0.258433340418958	0.130602255171683
-0.588126658036949	0.704319340850019
-0.271536909669594	0.226153170095672
-0.642718419546746	0.807710246188136
0.565964503541922	0.565873175617526
0.325127253285379	0.343269795338782
0.826900163875563	0.977537205410769
0.0539094774903019	0.0332575150963132
0.2945417163616	0.232608907392034
-0.440147964316305	0.479514593358154
-1.29882542782854	0.579669605589987
-0.50649312058637	0.267734582838957
0.323151520312153	0.196077747202848
-0.0791359746782926	0.0348357281589068
-0.326229482656395	0.150637495104887
-2.57963910438406	0.659061212358043
-1.79840965860499	0.382877827643389
-1.79839614394125	0.382877807711208
-3.08203048704882	0.947509650360219
-1.79840965860499	0.382877827643389
-1.79839614394125	0.382877807711208
-1.79839614394125	0.382877807711208
-0.628599509856641	0.151612619227975
-2.57660997484294	0.657538252319339
1.95786695174359	0.441149378722158
-3.08556356757563	0.949512459473102
0.159859477622278	0.0400192334307773
0.330844249643872	0.183625885392349
-0.0390829643302894	0.0186886811459424
0.157325350109871	0.02936446462458
-0.628599509856641	0.151612619227975
0.155111385030128	0.0290417527313876
0.158441687834525	0.0396618099099809
0.948768757521975	0.248549269795159
-1.79839614394125	0.382877807711208
1.32071710608763	1.55188128297484
-0.854856001332054	1.0513068715112
-0.8918928200695	1.32249778762648
-0.195826606099338	0.105979358768315
1.68368547509766	1.95968028901329
0.17293231380368	0.112811170749134
0.827998636783673	0.869108861493223
-0.184525390547077	0.192239377409556
0.191080212639636	0.176568461947177
-0.524427695582511	0.661656341097451
-0.301173745372442	0.221561129012544
0.19439800108825	0.180130785382463
-0.198829972781574	0.134189465204685
-0.507041801352142	0.384519713262588
0.373219229625642	0.317637695367646
-0.628599509856641	0.151612619227975
-0.467833105672722	0.313734094937356
-1.26142707702507	2.49831342589333
-0.504508825365145	0.382493388554653
-0.16585284193421	0.159268450819004
-0.793071455922517	0.81381191956302
-0.447688186703677	0.348983483395707
-1.04244076044317	0.410025002253574
-2.5766529574574	0.657773148602288
-0.632495990322482	0.755078716168467
-0.223909066500571	0.170968539124122
0.406388728359791	0.450414365396861
-0.0331598863543656	0.0214965019097557
0.545851604409521	0.560939156289485
0.0943495505187059	0.0670578738777123
-0.444677111253614	0.345923791068417
-0.310338661334574	0.255563644333396
-0.466849293922555	0.440129317243176
0.374077768613044	0.165818583952208
-0.627920734859053	0.301050564774921
-0.738079783119958	0.251987608125061
0.586431565648903	0.303140375615459
-0.662000386800076	0.395494698910387
-1.79839614394125	0.382877807711208
-1.79840965860499	0.382877827643389
-1.14088544605048	0.344426431780091
0.158441687834525	0.0396618099099809
-2.5766529574574	0.657773148602288
-1.79839614394125	0.382877807711208
-0.628599509856641	0.151612619227975
-3.08203048704882	0.947509650360219
1.95731570776637	0.441000340195791
-0.788051638764763	0.341587882696307
0.320773740973001	0.17745718328996
0.139097983949456	0.0409512881184992
0.160221796316651	0.0401166927693931
0.155713854733082	0.0390835596706886
0.154509067766894	0.0289541162362231
0.947635845528227	0.248244973505163
1.02880620938241	0.38386800333252
-0.967682828735145	0.596245216453205
-0.240846100521927	0.0774684702165293
-0.642272387062334	0.806960180667491
0.433889107839017	0.437137831279144
0.374356834493824	0.166186882736063
1.22726604828036	1.03215536544124
0.529601807574133	0.538891886102963
1.36087327167811	1.26221594483565
-0.73151397486068	0.861859405780749
-0.160718813793846	0.126005086171955
-0.0703440120487611	0.0523008200846136
-1.05332924641155	1.4148624273058
0.0306611144572094	0.0229879019250244
-0.604656516654541	0.495868354308894
-0.539123953623869	0.452487733828037
-0.692452024498216	0.553635067672429
-0.584547456333225	0.429581539487876
-0.875156804881722	0.883676522439284
-0.809127725486799	0.540197481059284
-0.537349641973344	0.450854474717743
-0.143719942320629	0.0817247235877993
-1.11651841105106	0.772390455071394
0.311904486094143	0.202358284122811
1.88056397644468	1.61055801762955
-0.253570136723795	0.128096224242839
-0.809107908956338	0.441554694322896
-0.74243876954869	0.25362235352836
-1.79840965860499	0.382877827643389
-1.79840965860499	0.382877827643389
-2.5766529574574	0.657773148602288
0.947770742439721	0.248281535275256
0.160813493636874	0.0402291855562724
3.63331351050508	1.42008896661082
-1.52497036065527	0.541612586959632
0.950858461556905	0.2491584305819
0.948905461162112	0.248586345985544
-0.629906869562113	0.152090136193736
3.26284822825054	1.10169382604423
-2.08818862480767	0.943180111661063
2.25239561598909	1.72042605556034
0.532402864315728	0.306980714211007
3.26224218729945	1.1009233569627
2.1037096154536	0.926051884063359
-0.544388043857763	0.20467834687827
-0.355104953248248	0.101967480674674
0.144725574883443	0.0425191258680454
0.882089708051717	0.46714340933373
1.38429544223904	1.06820136115257
0.130323873520588	0.0491059528446299
0.140788883318631	0.0676503511141929
0.132899691411348	0.0500449841132133
0.442817403632861	0.319656421754496
-1.18682862000913	0.662873620688872
1.60421193721686	1.10918527200458
0.132456214575046	0.0635534992602486
-0.891581555766627	0.829124142213348
-0.0781478862737317	0.034379821201121
-0.2809857271838	0.177520144721717
-0.259500572573262	0.131251778546968
-0.910327991175895	0.764752376813758
-1.04488326260696	0.411431568917432
-1.05497027084333	0.415862429331503
-0.459187497157074	0.430677113782484
-0.629156828603355	0.567729105776778
-0.510118494734152	0.473911581122426
-1.19050618348565	0.66583259298289
-0.203107507278442	0.137320700272461
-1.18742686080635	0.663256194109459
-0.222138036767397	0.169425350648958
0.0533489868917572	0.0328855724477029
0.295616213788991	0.213640859091058
-0.608493339682744	0.646519867623972
-1.05388679753236	0.852930568896083
0.170307558824768	0.110914069312752
-0.935972117051167	0.690815600475657
-0.329770647368486	0.152300665435464
-0.319947018843486	0.147387096422039
0.147007749076803	0.0431148554966707
0.157806791628713	0.0839274380420612
0.131737353911737	0.0562604271768426
-0.786064001710535	0.340634932199196
-1.18650676324905	0.662687745285691
-2.57963910438406	0.659061212358043
1.02304894811125	0.381607715308403
0.154509067766894	0.0289541162362231
0.948905461162112	0.248586345985544
-0.734865258526109	0.250732421647056
-3.08203048704882	0.947509650360219
0.948905461162112	0.248586345985544
0.154509067766894	0.0289541162362231
0.879827542304998	0.466312125509254
0.169318714040303	0.104269526146195
-0.355112179440658	0.101904546481095
0.511755072041239	0.180523302881905
3.92694117717927	1.70243676685084
0.510967914253512	0.180245566763838
-0.358557998384515	0.10292132426425
-0.168546965623966	0.0603841425337226
0.790304716397733	0.749687938177962
0.134796989185734	0.044763826715822
0.197671176410117	0.154263239598314
0.382016038740507	0.326890259156303
0.325821884090728	0.180470016282083
-1.0496565202412	0.848207791644826
-0.53408121207541	0.44709903031664
-0.333733678384484	0.201949778246458
-0.461308715476474	0.308475861818618
-1.61037553616496	1.9354675301508
-0.466662165842749	0.312918732952136
-0.837693663844717	1.13516011780771
-1.18458527098576	1.22161792602328
-0.808161779852685	0.539394243891341
-1.00070780910999	0.494095781511885
-0.932982199726469	0.688169337050166
0.59129172719439	0.305808683850984
1.23026977934752	1.03487439648826
0.69884969635935	0.458513053639668
-0.796501263794575	0.756453215749734
-0.192974169774461	0.129939009662732
0.152523856784154	0.0810445575705565
0.5941776779609	0.307615330004489
0.590678248489277	0.305402658436623
0.775126494768611	0.460513030595508
-0.113295212515481	0.0451009606371697
0.12945735569768	0.0552860207636022
-0.628733247343677	0.151688343674084
1.31565227991103	0.564944763794614
-1.13872731243543	0.343741383764358
3.26224218729945	1.1009233569627
0.947770742439721	0.248281535275256
-0.355401168227563	0.102014834884787
-1.80123754984197	0.383647112861273
0.94820175004088	0.248479682375772
1.02617238539361	0.38275777208832
1.81767719681703	0.704324972687456
-0.242110936050434	0.0778562762427623
-0.812917151761028	0.311261115026794
0.144976980831471	0.0425943260188831
0.533702291448323	0.307943246436499
1.44899109330448	0.477667123734845
1.31296915771995	0.563217318478537
0.133518654529654	0.0443432692760018
-0.737411368529038	0.251647475713659
-0.170511025587425	0.0610469624466437
-1.34806733709956	0.847755002954817
-0.664308021662937	0.397231285642313
-0.468470289813899	0.314431217172903
-0.231972776894139	0.151695699528925
-1.16071046272655	1.01633094665557
-0.953672364056467	1.0219977372205
-0.715058508998265	0.690076385299413
-1.06282392200335	1.122577299028
-0.802479748401002	0.621431795625185
-0.462506603787345	0.309388096943129
-0.582267177366976	0.427060984742292
-0.680062422348878	0.481064406348861
-0.28558517600764	0.180902961616972
-0.802218814853752	0.53392290397035
0.431627491838122	0.170469918195788
-0.789650928512862	0.342421974551524
-0.194478304027392	0.105139931881688
0.613799078511841	0.466587993615226
0.511755072041239	0.180523302881905
-1.49461779851968	1.04866872117589
-1.14111344283696	0.344497381350969
2.75641316563256	0.763778311858285
0.162357836679133	0.0405597098553547
0.160221796316651	0.0401166927693931
0.658157600688591	0.206837664845118
-0.738079783119958	0.251987608125061
0.948337549654709	0.248516516252871
4.55717706137385	2.5000021491674
-1.79839614394125	0.382877807711208
0.426534137158906	0.168253126180802
-0.0767788065927494	0.0338194227138831
-1.83105982818556	0.740099638711398
-1.52527766014307	0.541726073904961
0.132732885510209	0.0441080605497273
-1.2941091808211	0.576975974922849
-1.04993814955527	0.413594224461696
-1.29468583724064	0.577050898837199
0.589020566551014	0.304394414206738
0.88099839576048	0.466529066729843
0.310390829624468	0.20134278733228
-0.555828829650557	0.355336913042569
-0.799475626669678	0.618680297006425
-0.19189545993883	0.1487743480358
-0.277889616925056	0.175411482738618
-1.09656381474612	1.06187441745478
-0.880119169522619	0.890845379496397
-0.664271796396664	0.699960596481913
-1.24017795522393	0.944073698027834
-0.977840765140622	0.970921671401402
-1.93693992329312	1.91212652056547
-0.231666286626522	0.151612256811198
-0.326080905120294	0.150357677981339
0.13702524312717	0.0657941189156485
0.145459656659596	0.077107841235458
-0.0366791775354625	0.0175669259548155
-0.555999747658918	0.355814188477111
0.130070615556567	0.0555691726612021
-0.588930709422452	0.433795861092467
-0.197132546888198	0.106742948057111
0.446580907203337	0.323152193748043
-0.114798840995251	0.0456854313144561
-0.537241703354832	0.201774932174822
-2.57660997484294	0.657538252319339
0.144054213480702	0.0423469198905259
0.16045117802105	0.0401558290866076
-0.737745529684395	0.251848226779474
-1.79840965860499	0.382877827643389
3.26631056571709	1.10328266544307
1.44862736407577	0.477555630338169
1.44862736407577	0.477555630338169
0.142645543006535	0.0418989273349654
0.162590253502546	0.0405994312489443
-1.6985770042302	0.957841534708207
0.491421763302699	0.310149304082343
0.144640697621443	0.0425017414545061
0.136984680359439	0.0515651205178124
1.45078261646269	0.478218161496633
0.585195102475556	0.30181034100534
2.54635513717823	1.37966478584737
-1.04595278088894	0.411874241216211
-0.25594460406778	0.129401564925789
-0.537590863359465	0.201894959579
-0.663103164655776	0.395982367731761
0.324420076571648	0.179497011757384
-0.0736351119408894	0.0324295068543245
-0.11840663056007	0.0703267822117571
0.126399327283004	0.0476622497261913
-1.51523980983737	0.763932889081701
-0.810487047473868	0.54097951773185
-0.282760976236756	0.178862439658319
-1.10913345661437	1.55309035642805
-0.342072323822855	0.244987354179589
-1.56090594908293	1.51549696347796
-1.69694783625764	0.956763598468156
-1.18054210061732	0.657967863762949
-1.82673946499952	2.13189038937268
-0.812050377013055	0.542797150485804
-0.32852376495645	0.1516940327181
-0.166340041873494	0.059561497531101
-0.68191298825001	0.482422863042075
-0.690840344039432	0.552168867470362
2.33356949482934	1.142348547644
-2.08818862480767	0.943180111661063
-0.149034269772024	0.0848798373580308
-0.00700527855891465	0.00361081836285269
0.143467885183021	0.0421790290070851
-0.241892151565733	0.0777967682855961
0.132032810243933	0.0438841642048134
-0.0109644415763	0.00554679485097706
-0.354815349846941	0.101888689175609
0.653540010885453	0.205185988936824
-0.360018151462565	0.103295990712749
1.02304894811125	0.381607715308403
1.30785910565979	0.560597035734697
1.31253456967921	0.563091330038175
-1.50840477299905	0.758701742248802
0.14380305748793	0.042271222114559
-0.237212899766669	0.0763212805777045
0.376227673488516	0.166887584006595
-0.244765062325972	0.0786979182955015
-0.340379407352389	0.206686966361463
-0.178743537785879	0.0639937727884508
-0.165088554277847	0.0591488725692337
0.31555804415287	0.191152328618256
2.34371732683554	1.14959868175071
-0.738670030097319	0.252119567169358
-1.04709662477092	0.412413821088329
-2.30487641913941	1.151393355645
-0.666990457633463	0.3989981189067
-0.326852412185488	0.150920926769383
-1.69276902569465	0.952359245821965
-1.48799978515012	1.04024579546187
-1.24337124304727	0.948507801067035
0.181882300296359	0.135797793643631
0.601989086465485	0.455389461379319
0.00650493974700145	0.00454513360337912
-0.0201621368665476	0.013370824068168
0.0780203042208572	0.0530000145749626
-0.888112732682767	0.824617658763036
-0.380306351367763	0.300137493424223
-0.466294803864077	0.312255822069505
-0.91073780116041	0.765233118907363
-0.256023718353225	0.129302917301584
0.157852582747995	0.0907942428132126
-0.279092988820058	0.17638228373617
-1.18882885373425	1.2290865832371
-0.343084741244447	0.245669095357264
-1.00109114438115	0.494830108494711
-0.410146015851093	0.234090970415888
-0.553727420987582	0.353420597118297
-0.410493537158243	0.234148163287438
2.25952653049371	1.7296195786089
-2.80031119796629	1.87911253396372
-0.112437641613907	0.0666932274129945
-0.796405468804135	0.346111740260538
-3.08556356757563	0.949512459473102
-3.08229418357021	0.947231644170671
1.95731570776637	0.441000340195791
-0.413006714488208	0.172123506485429
-1.79839614394125	0.382877807711208
1.45331304696192	0.47899741335022
0.155067569950451	0.0290355764553768
-0.628243335554657	0.30121752247215
-1.49038010839145	1.04489167086826
0.129533805278503	0.0487911076948258
-0.237437039825944	0.0763599123457812
0.672096455682138	0.309127443711553
-2.31264877208111	1.15732327094614
0.65757421006213	0.206588655278929
0.586113466784762	0.30236762510167
0.278208613018423	0.217861951946131
-0.788395480319902	0.341804995882944
-0.464799421052186	0.311491146341695
-0.00933116226226975	0.00476034129185653
-3.0543456332882	2.47109442846869
0.944517880019936	0.639505640328673
0.37156503848093	0.164732367180838
-0.407664076564627	0.23245804822151
-0.00670160178560003	0.00344113732436268
-1.35363619733228	1.93694488847512
-0.632365656249978	0.571513450573958
0.281209537491938	0.237770468052988
-1.46058817641611	1.31902340339325
-0.0504086717440738	0.0317982077471082
-0.736180455527335	0.869787559523058
-0.285367032034482	0.259953261134688
-0.935048236499456	0.690521450820907
-0.109962755060222	0.0790962819857377
-0.154313552821104	0.106060089372767
-0.388261247821834	0.342332792181783
-0.61032673791254	0.50173982058956
-0.0249644912789033	0.0165188933760258
-1.27763843655329	1.40475826475264
0.167626987087079	0.103253330504067
-0.977134337463613	0.96992203153731
-0.537449011104672	0.538106979248195
-0.12353220224924	0.049163726314749
0.645982025282728	0.459594354710785
0.730344048331764	0.609824505089214
0.301468892382556	0.207230353875118
-0.194310437947238	0.105119003354845
-0.239216268709345	0.0769712564401174
-1.05028745982723	0.413857331598975
0.163185820804974	0.0407257646525502
-1.80123754984197	0.383647112861273
-3.08556356757563	0.949512459473102
-1.79839614394125	0.382877807711208
-0.356952421866901	0.102502236157484
0.154465593370314	0.0289479903375428
1.95731570776637	0.441000340195791
-0.355104953248248	0.101967480674674
0.578461721346957	0.297921456933422
0.171742012739197	0.105872370981473
-1.53326666156506	0.545110963407603
2.24726861689315	1.7117183552028
-0.242303145848854	0.0779596714788979
2.75641316563256	0.763778311858285
-0.536101171148354	0.201337796547223
0.126543144272307	0.0540223218243271
-0.681662464740862	0.48161671942085
0.15144823932183	0.0285426379557898
0.000744123467723412	0.00062697798862538
-0.105617704116722	0.0758040389500396
-0.119462097267652	0.0475186916937923
0.650348939570351	0.46374938451817
-0.271440394951214	0.170853118009978
0.178917486122914	0.147454028971863
-0.226222726002005	0.172998751249685
-0.197002571624559	0.106663932911857
-0.888230971024306	0.825089310781821
-0.227099225811313	0.148277530029648
-0.69045899119232	0.551743589926985
0.138200386524352	0.0663685845763942
-0.335930071813685	0.20344991662185
0.0139782046599987	0.00969527246607647
-0.342394857979972	0.24524763474055
-0.157768890238367	0.0900849082147311
-1.23428293360358	0.938549845653034
0.444836878287951	0.32158670301876
-0.442505907105664	0.343946452805937
-0.337495093251828	0.20463064665491
-0.700120836717023	0.618534336284003
-0.542900106811953	0.204176406519794
-0.327162257518513	0.15107114930378
-0.119521314129107	0.0475310840819249
-0.171978560989748	0.0615700655036388
-0.150404854839382	0.0856706697455898
-1.79839614394125	0.382877807711208
0.947770742439721	0.248281535275256
0.950287720870208	0.248999740475732
-1.79839614394125	0.382877807711208
-0.241543381848446	0.0777055848228126
1.02617238539361	0.38275777208832
1.95731570776637	0.441000340195791
0.657283842665822	0.20642210460759
0.126016999697019	0.0475222354259138
-1.30218715697095	0.581632419012511
-0.234659925712008	0.0755339906287207
-1.04744397176015	0.412600703300656
-0.354525819937872	0.101778275735803
-0.628733247343677	0.151688343674084
1.55450950666522	0.755013474046303
0.937717653360221	0.63198880434338
0.774784803839899	0.460245905655184
-1.16299799297548	1.01940247766129
-0.417832083070999	0.174255353735987
-0.075924671192178	0.0334301365415326
0.88261256714855	0.467807154334079
-0.507146815715724	0.268090757020662
0.698093054573767	0.457516125032128
0.171406277920697	0.105725330425619
-0.156094531768176	0.0890786263659279
-0.340936519421742	0.206999829330752
-0.336677518320475	0.240327825028402
-0.39290146481853	0.272545680189149
-0.394396299805209	0.273707459336522
-0.194310437947238	0.105119003354845
-0.679789500831845	0.480790834405129
-0.350304917141069	0.28394453573179
-0.229074586258063	0.149736514467003
1.35516098763435	1.25488521296973
-1.79839614394125	0.382877807711208
-0.23808408660897	0.0766242401144763
0.171378676655054	0.11171753898307
-0.935972117051167	0.690815600475657
-0.80999483345436	0.541104453832732
0.14063540724271	0.0675595842026619
-0.553265489630287	0.353554087165746
-0.116235198904395	0.0689943971219109
0.127964153160366	0.05469530498489
-0.414318748551147	0.172706108602275
-0.0707855599573343	0.0312211169724344
-1.35408631286703	1.12789072277065
-0.465996002228754	0.31240031757934
-0.628516579961297	0.301604419639263
0.159859477622278	0.0400192334307773
0.159402290839324	0.0399177124259514
0.376551488393798	0.167096677243062
3.93243983265972	1.70365948076754
3.26345542626113	1.10199860979414
1.0190295579627	0.379719734867384
-0.354229439997714	0.101697261087168
-0.355401168227563	0.102014834884787
0.160813493636874	0.0402291855562724
-0.168443906364487	0.0602979483615774
-0.0771293174447869	0.0339692317993143
0.134796989185734	0.044763826715822
0.5126703877852	0.180806312829072
1.55265783773452	0.753699130068357
-0.735458723618684	0.250947808327744
0.8804110252599	0.466091387895369
0.136946792119869	0.065657089482379
0.417807091569096	0.164649795305134
-0.407379730627814	0.232267029034216
0.379984439988887	0.168800324229436
-0.789840069006487	0.681907093983812
0.989963009481171	0.811712803232807
-0.114853970799127	0.0457131921372416
-0.0784585117723019	0.0345081942560214
1.26006980449789	0.683201341324362
-0.33702023978	0.204191853414514
-0.334937848433328	0.202926449785331
-0.414849585401539	0.172825872337049
-1.34520966272569	0.843480796814617
0.133134712517645	0.0568317747059139
-0.736819853337875	0.251337978101795
-0.383568843939998	0.448240335461483
-0.697689337311363	0.615728030074665
-0.0971804737749443	0.088726916747475
-0.927957412306318	1.13340849445915
-0.109205855819515	0.0784552732218998
-0.652568767363589	0.64037369429356
0.197995649338929	0.196609607408696
-0.682488372442914	0.81161680933019
-0.356343318298667	0.416789106962594
-0.317951981400368	0.287124265440404
-0.174119280006994	0.152169629407262
-0.200216747288848	0.189470344240751
0.278251306534678	0.226585302795605
0.389430800425189	0.334378437849226
-0.0472024868918623	0.0362605850929858
-0.801699877258944	0.534023377198487
-0.628164901903538	0.15157555358925
-0.63185471444008	0.152466960619287
-3.08216231491203	0.947551973079846
-0.628599509856641	0.151612619227975
1.95786695174359	0.441149378722158
-1.52955481711501	0.543641482939636
2.75520320904554	0.763197913000704
-0.419634107069603	0.174973866431689
0.020253235279303	0.0109952787124502
-3.08229418357021	0.947231644170671
-1.14536534536015	0.34589005605433
1.95731570776637	0.441000340195791
0.140023273435885	0.041219830052157
0.134579360214552	0.0446820626093357
-1.35038093007094	0.849081821695546
-0.109936769202384	0.0651618372631088
-1.29917429595245	0.579864221629977
0.183291959898302	0.146811878384261
-0.320088493957014	0.289588964544451
-0.0808421897201785	0.0495723319464779
0.129611115232073	0.0552814638410688
0.685005709042818	0.598624208259007
-0.60270899437464	0.493666504128441
-0.0375898314167831	0.0287747007251678
0.0394192124182443	0.0229498866565912
-0.471615091919753	0.445841850357118
-0.355401168227563	0.102014834884787
-0.738079783119958	0.251987608125061
-0.235725494787964	0.0758333105755394
-0.536101171148354	0.201337796547223
-1.1414839653338	0.344622990730584
-1.29515319796898	0.577477426894068
-0.51102336697958	0.270250808762861
-0.159713176316914	0.110137788772093
-0.227415429647255	0.195590664804865
-0.489564832208862	0.493615419281917
-0.197452860012423	0.10688458692112
-0.0542857580767921	0.0409954501142279
-1.23796063879958	0.941872787221626
-1.1631318899265	1.0198382997855
-0.579640207239759	0.659847605720828
-0.263139700049454	0.242532172952338
-0.0204406518752533	0.0135486709602543
0.744651506980319	0.824356444211525
-1.42934214153679	1.74745704840928
0.518447904636368	0.543070771925123
0.518134984914614	0.450001390435426
-0.607185226009771	0.644674373072696
1.31060100635318	1.68402058928877
-0.110891669436125	0.0797885231173166
-0.701459005406373	0.620375589882691
-0.247530653372243	0.209393804889868
0.651872678456328	0.465643271797971
-0.0800563214281728	0.035217469653157
-0.807373932590619	0.441430069717292
-2.57669595250488	0.657559862268914
0.154509067766894	0.0289541162362231
-1.14559783756009	0.346052129596875
0.154509067766894	0.0289541162362231
0.152050960400409	0.028630259939513
-1.80123754984197	0.383647112861273
0.657866689740957	0.206670742493303
1.43633551372502	0.880259488778094
1.43851699196181	0.882630139942178
0.519100510452626	0.183053579050841
1.31451987093813	0.564351638075811
-1.04744397176015	0.412600703300656
-2.57968420714322	0.659073447553718
1.44922258720914	0.477763268309402
-1.79839614394125	0.382877807711208
-0.908843527128788	0.762977687904496
-1.18272283997941	0.660008261029906
-1.44151495570999	1.54662136842388
-0.697108256821034	0.615051581537382
0.29203274487767	0.220830268948751
0.611121039000793	0.463986993999093
0.159745178266577	0.091855154213516
1.23467900355791	1.21043094497419
-0.541789173084044	0.45555481204174
0.51342508377428	0.444703117086017
-0.556735914051404	0.50761209913637
-0.254874438035079	0.190804576132857
-2.30406669154021	1.15080704675766
-0.628299579656606	0.151558046801791
1.0282187103729	0.383542758401815
0.51663050829484	0.182162712770504
-0.628299579656606	0.151558046801791
1.5511739686832	0.752209397016322
-0.355394630173918	0.102015543768339
0.175023849343495	0.114284011417632
-0.335758617803156	0.353035883325438
-0.735066978613479	0.914548617930888
0.561441204552999	0.559867916900872
-0.671319063478751	0.792669666057781
-0.0200334932598329	0.0132782490047276
-1.34764669147499	0.846576745156122
-0.329267261580061	0.152184360471162
1.04238456343257	1.45712995387859
-0.571944051180079	0.753853216247843
-0.296511302968284	0.217527065545711
-3.08203048704882	0.947509650360219
0.279074947506146	0.227375886882818
-1.03433835848555	1.17518040191177
0.123573230729085	0.10655097515356
-0.191035975875922	0.148042073206976
0.412805616050896	0.512280988073198
-0.14703727182381	0.117514741774619
-0.490611897176066	0.495415579648906
-0.0647257150833413	0.0480144502990325
-0.107678136072507	0.0881619852895804
-0.419424537328239	0.175049193880038
-0.199236662748052	0.107830774415673
-0.906163922807895	0.759528097452957
-1.49365746044456	1.04782438004563
-0.692434204853996	0.553724061608805
-1.14111344283696	0.344497381350969
-0.351744415353914	0.1010114930848
0.162952579336367	0.0406858836130456
-1.79839614394125	0.382877807711208
-1.82908274045033	0.738883204958362
1.4480329582247	0.477161868008032
-2.57669595250488	0.657559862268914
0.139479819991711	0.0669336164321642
-0.470120425126435	0.315347139722096
2.75580772001712	0.763760469153332
-0.358848207258787	0.103009197892419
0.144389940892798	0.0424393237157952
1.9442189987784	1.1936715042042
-0.16945056323585	0.0606971786368304
0.133827547304626	0.0504034048186407
-1.00416132660763	0.907188681241969
1.02685010343664	0.383062880383657
0.0093367067256283	0.00684996079994429
-0.190031080107523	0.182298536053569
0.0551305518519139	0.0340080903141967
-1.35546765220618	1.12947209717742
0.283098407005999	0.231122230334503
0.832057990209536	0.87589909518765
0.534638300757325	0.633187350958083
-0.666663108664789	0.703280460960366
-0.0065687916154763	0.00443764110976421
-0.391048165154062	0.376897600034807
0.126471027587366	0.0476885354284832
0.140609521820489	0.0413743325045252
-0.562889593907174	0.515314163648558
-0.628299579656606	0.151558046801791
-1.2941091808211	0.576975974922849
0.950426851449918	0.249037516760643
1.44780311038183	0.477066495630919
-1.00328617466883	0.495938980978668
0.580889770883775	0.299280688862088
-0.739897287341956	0.252561528714207
-0.121730210126732	0.0483931682097506
0.280745841642802	0.220233417335843
-0.998222784168343	1.53373884543106
0.183531572338823	0.147070965156311
0.791044072941252	0.857551726978296
0.320812860144996	0.329498623148094
-0.550440997161121	0.351213597228456
-0.639950719813829	0.623754427172142
-0.336338216957841	0.203739896798862
-0.802836642773837	0.535057719523005
0.827183027902729	0.977964700899986
-0.154267592177094	0.136018599306499
-0.431200018332681	0.412336177933734
1.95988292961267	0.441702177751728
-0.348713470714443	0.337070325173697
0.445367776450225	0.32205574732953
0.0201646248050996	0.0146040304035048
-0.88419497366562	0.819630153708551
-0.795445155097088	0.932547642436471
-0.246877841221434	0.230840820981999
-0.581312508343595	0.42661992008194
-0.0423595040841887	0.0274491384468557
-0.321772277012113	0.314011155736506
-0.806232841826446	0.537965079342107
-0.268481653651175	0.168774788341472
-0.507188305421916	0.267753560501838
-0.807375352568193	0.44120201050936
-2.57963910438406	0.659061212358043
1.95786695174359	0.441149378722158
-2.57963910438406	0.659061212358043
2.0991329538262	0.923165538283533
0.160221796316651	0.0401166927693931
0.698767835423198	0.458127529315628
0.34451089226938	0.172048781987642
0.146584487246171	0.0430023159110844
1.55174017229736	0.752717131207676
1.45078261646269	0.478218161496633
0.510619816865865	0.180113549991954
0.51386494250992	0.181311218287051
-2.30041902135912	1.14771664793519
0.300238929246226	0.217576272495322
-0.621986985476955	0.297851815151627
-0.350323228195991	0.312564755872122
-0.607239690720466	0.644867818069178
-0.0833110273361914	0.051099591989589
-0.105470912119668	0.062417957561067
-0.151486187546682	0.0863118613130361
-0.0615391663632744	0.0388824641301255
-0.424302311778194	0.404171374447469
-0.39166425348899	0.346059347679624
0.0487483312973649	0.0300622690792277
-0.636427986578352	0.576160819510886
-0.784372772516354	0.674872375862198
-1.29538171494723	0.577437227146469
-0.541053988501391	0.203408052094411
-2.13432276018299	1.64390383927901
-1.73560796551348	1.47069764380846
-0.929876483701582	0.685161327908687
-0.967055648938233	0.596855415283512
-0.997176624877224	0.492104865568636
-1.01293189777063	0.918972398202475
-0.793305877820496	0.344462091426673
0.579394843356813	0.298618840642394
1.60328850097904	1.10868107744973
0.803620921341924	0.330666152724973
0.774103158510896	0.459358649825401
0.801855724958264	0.329978129287869
-0.165433148159335	0.0592640318232164
-0.810296532660589	0.442938238043532
-0.0777327385177198	0.0342298345396652
0.343714746331795	0.171923574704839
-0.343747471844666	0.246363719162834
-0.148905120800319	0.0848122209145365
-0.631003887082057	0.302869251450465
0.589020566551014	0.304394414206738
-1.51347413888638	0.762985163792994
-0.439952210552867	0.341256077777385
0.128919301055159	0.0428813133463191
-0.412261031351047	0.171714138801548
-1.18774896028366	0.663382321488493
-0.35262379016767	0.101278913820777
-0.62732563122962	0.300719543149506
-3.08216231491203	0.947551973079846
-0.118846882261354	0.0472241520722413
0.143368676391493	0.0688682170934253
1.25658555936341	0.68088288459711
-1.0438234260038	0.410788519057193
-1.1414839653338	0.344622990730584
0.143730155378939	0.0691141500494547
-0.507198734153596	0.267672223370419
-0.681300794304352	0.482081617406712
0.34036454744854	0.169747431561559
-0.338511057890613	0.205335228120549
-1.84101619905934	1.68909366056303
-2.30487641913941	1.151393355645
-2.30041902135912	1.14771664793519
1.95731570776637	0.441000340195791
0.51386494250992	0.181311218287051
-1.14284398403614	0.345169869447138
-2.30100347000821	1.14813064628252
0.12913352992743	0.0429550272454785
0.370975087241502	0.16442838158748
-0.412261031351047	0.171714138801548
-0.236642536873473	0.0761450888689269
-1.85911239386277	1.1670296521338
-0.355104953248248	0.101967480674674
-0.171416957929972	0.0613808082861972
-1.29353315609389	0.576437929846008
-0.899390196380457	0.751456619651216
0.696237553820279	0.455249833532676
-1.18618496921206	0.662452990855805
1.54885026895287	0.751200888851459
-0.237437039825944	0.0763599123457812
0.377459472010341	0.167702025214651
-0.199758844571798	0.108231664241709
-1.1412568453231	0.344431220445032
0.510399267871221	0.17998283956174
0.516197868156601	0.182070276152868
1.31543636736156	0.564668618767136
1.01582077599916	0.378097174810862
-0.804622730453418	0.439153910758235
0.135241061119631	0.0577862886226179
-1.53013794503811	0.543725951296145
-1.52246182960607	0.540465661800635
-0.680335389578404	0.481307379747108
-0.564211323896624	0.36197944537379
-1.35377619148556	1.1261678566334
-0.628837956023553	0.30169556886817
-0.0800966314259405	0.0352428263549873
0.379661560927024	0.168625146631667
0.157309943719623	0.0904411262983827
-0.666871565933971	0.398767009599179
-1.4661385189421	1.32918204148199
0.698193004415053	0.457706003902076
-0.508107866806817	0.26824808787015
-0.235007751863996	0.0756217011010752
-1.242680315607	0.947691116404128
-0.510706979861295	0.270071279539596
2.34665265988966	1.15102302356896
-1.00685489053344	0.498279597615627
-0.0389350327646222	0.0185942542813716
-1.34795753446272	0.846815348724729
-0.320427661001512	0.147747767969711
-0.664090003482114	0.397048312158458
-0.32852376495645	0.1516940327181
-0.586036994165728	0.43103283928388
-1.79840965860499	0.382877827643389
0.654703443030561	0.205608890273211
-0.789650928512862	0.342421974551524
-2.655232083328	1.62127102438249
-0.628030265547787	0.151499678636842
0.6628368429258	0.20810242430301
-0.555138867410117	0.354751316628737
-0.735795036496609	0.251087692088149
-0.254011101623841	0.128275715441553
1.38108768038119	1.06539878636827
0.510399267871221	0.17998283956174
-0.997509204027781	0.492307329534456
-2.30100347000821	1.14813064628252
-0.536671114051193	0.201606330220057
-1.14193838802885	0.344646219015582
-1.14523333483643	0.345843348749308
0.144640697621443	0.0425017414545061
3.26345542626113	1.10199860979414
2.10484529049321	0.926120631345201
-0.53874057789979	0.202401825815006
0.146922191196889	0.0431076767472804
-0.253570136723795	0.128096224242839
-2.0888812011404	0.943710245621911
2.54165206483058	1.37461336959916
-0.410730552636856	0.170999171077753
-1.14111344283696	0.344497381350969
0.852364983239447	0.629110307929728
0.797222770504436	0.32771812929003
0.129758591124513	0.0554306708744218
0.856322593450831	0.633286475952213
0.808654354333683	0.333023384885456
0.130658069144789	0.0492298941542097
-0.786629190605387	0.340991155673526
-0.786629190605387	0.340991155673526
0.585963612037222	0.302734251511687
1.31763888527422	0.565583561080284
-0.53874057789979	0.202401825815006
0.658741078701816	0.207014004441108
0.139097983949456	0.0409512881184992
-1.29180126592501	0.575635440327952
-2.80155587627134	1.88022705352703
-0.236989724567202	0.0762485047293907
-0.623583634287472	0.298378288783754
-1.52525862148376	0.541687313963439
-0.238130718624198	0.0765764115230572
-1.18586323787425	0.662169281444744
-1.48921030867297	1.04301295002891
-1.07321059055316	1.36289490747281
-1.00301680066447	0.906088679969058
-0.232051243307674	0.151856505451461
-0.62940100286291	0.567705526068565
-0.91343963174121	0.768779704759488
-2.0438391835766	2.74627529521881
-0.907491646795545	0.761895453101891
-0.0357833036269843	0.0231878987437952
-0.803466483529051	0.535110609031917
-0.689357444978626	0.550514472878876
-1.35311184513374	1.36332417552994
-1.0376447434116	0.407850748994669
0.588104525479538	0.303776671058552
-0.506789053913728	0.26799019901409
0.160568688004601	0.0924510879323801
-1.35081382388454	1.56494305361568
-1.25600008046167	1.18118495929857
0.125916993909445	0.0537508905746059
-0.162597576796338	0.11229953277125
1.01985986214015	0.380041869937102
1.81264504950119	0.702404900566408
1.94923473472408	1.19838522220507
-0.255873258765065	0.129358246982077
0.130544423159807	0.0433854954695409
0.772377606568874	0.459140221515169
-0.629382343761895	0.301963311964533
-0.50222083801228	0.265144815005824
-0.969065529100847	0.59873497422276
0.146954407342605	0.0706264621584208
-1.18405842063322	0.660048754473972
-0.254821210273873	0.19076342235082
-0.934551001479246	0.688769118872916
-0.803688756226162	0.438487002570186
-1.04221071709325	0.410198911511082
-0.411891466102952	0.235240042516653
-1.18770323490463	0.663144069216596
-0.165650631391215	0.0593414877038015
-0.327471840558748	0.15117161290868
-0.789530930804051	0.342214789279307
0.130241690767924	0.0556750391030632
-1.30033385882776	0.580731840018579
-0.416822955539083	0.238338947640871
0.606703763300042	0.459570310442198
0.284943462689429	0.224023098260149
-0.253717343087099	0.128121952033653
-0.118577481929284	0.0471349831073602
-0.415847728365783	0.173416198873373
0.920229712470969	0.802411949839089
-0.234705025190606	0.153837452575279
0.471423392950072	0.321561708236847
-0.112966160764701	0.0670094602477892
1.09073784304578	0.825281343687069
0.587477639043838	0.30335432802977
-1.34489823388258	0.843163844366104
2.10055021952577	0.924312412659368
-0.116097328603942	0.0461593753503451
0.324178358886011	0.179521899568101
0.144976980831471	0.0425943260188831
-0.627970534432838	0.301026304064578
-0.412594451513588	0.171856355506214
-1.04744397176015	0.412600703300656
-0.512128290070204	0.271107062793508
0.31426267756481	0.190082953734303
-1.26138003344642	1.18840761306147
-1.04978802373936	0.848318617871624
0.0548114862196409	0.0337868111380752
-1.18710482416143	0.663070166632177
-0.413251500654497	0.236137805707598
-0.424901868682805	0.177479894055701
-0.809986788684743	0.442997398307845
0.14556417703739	0.0427370982099398
-0.542900106811953	0.204176406519794
0.178533212400652	0.137910256362088
-0.683433427980546	0.483567778402764
-1.65374217790522	2.63527640303417
-0.332911471894463	0.201407935647176
0.162477215220033	0.0998334781493332
-1.2558605893301	1.17933249757936
-1.14163632905249	1.27695372150926
-0.797576370168198	0.81968802977764
-0.788189327075541	0.679615592646033
-0.31932949959622	0.147094884859729
-1.35611747826127	1.36786749490023
1.04323019345025	0.495337606424751
-3.76529646610535	1.48477662035046
2.75580772001712	0.763760469153332
2.75580772001712	0.763760469153332
-0.739003822726622	0.252222384495429
-0.120167455299042	0.0478010740088029
-0.904777012994677	0.758685831626633
-0.327019267943499	0.150820521853975
-1.83564160885514	0.742645090374466
-0.74269218165825	0.253631177667885
-0.628867026021838	0.151670609188118
1.02914563133488	0.3838807966434
-1.82841297073294	0.73863065228361
0.658448437247608	0.206865271021461
-3.45922605387697	1.22727228815634
0.654121684946124	0.205433467520013
0.511187733730715	0.180331422147582
-1.69337605577332	0.953224222592698
-1.52246182960607	0.540465661800635
0.512103476504473	0.180655514559587
-0.11706780556092	0.0465584081549706
-0.510102152140281	0.26976530926474
-1.0419816315643	0.409976007162161
-0.701525850170883	0.620459461568897
-1.83165926032039	0.740451579277532
-0.00781636392615781	0.00401277848807121
-0.792617263209445	0.34408015271057
-0.624178537751399	0.298708339466037
-1.00785299147423	0.498892647730563
-1.49061201469606	1.04406275291503
-0.234312185154952	0.0754304879292539
-0.537137657009595	0.201827173809651
-0.410987384874928	0.234482992214215
-1.23853010569471	0.942476958504694
-1.5088621709036	0.759006136042553
0.135580779791487	0.064964713623247
-0.805245672948244	0.439448078139344
-0.33061289200328	0.235248037812009
-0.0419212885876107	0.0200018076106731
-0.551797867431092	0.351678144022341
-0.20200075337109	0.10953248063016
0.4187085493114	0.16504840979534
-0.792521279547384	0.343934576327854
-1.25854779114793	1.18476861706777
-0.628164901903538	0.15157555358925
-2.57660997484294	0.657538252319339
0.658157600688591	0.206837664845118
-0.735795036496609	0.251087692088149
-3.08216231491203	0.947551973079846
2.75868832531345	0.765017792149168
0.659032459281836	0.207041754611057
-0.73955895107728	0.252503873418029
-0.540486497816113	0.203240784979243
-0.738079783119958	0.251987608125061
0.160221796316651	0.0401166927693931
-1.52497036065527	0.541612586959632
-1.34645789832517	0.844007063342191
-0.0451155268572106	0.0214842178355566
-1.18423551103852	0.661019234134657
-0.108631982482886	0.0432847228520672
-1.14499995487719	0.345855392571373
0.135147068183463	0.0448731525122335
-0.738079783119958	0.251987608125061
-3.45967591146264	1.22746502283364
1.51957863305524	1.29856217475002
-0.66583038947847	0.398361940685659
-0.790074655877468	0.342816462594085
1.02214625298213	0.381008988602194
-0.417406938796753	0.238798218266447
-0.226766638430843	0.148092917975757
-0.227547767078747	0.148639681980799
-0.336745557553407	0.203999899787588
-0.538963433786103	0.202464572078945
-0.0445531884828026	0.0212173049905631
-0.512429536551672	0.271254271950244
-0.224662709189503	0.146558143003953
0.0571724989006446	0.0352789149897445
0.500059051223702	0.317104813889893
0.319296162818148	0.207954336410733
-0.042599635214127	0.0203208339641058
0.0151622227051175	0.00825191209292124
0.159451764016878	0.0917707419120373
0.702131891817544	0.461152625906932
-0.00354917837716766	0.00188806392042755
0.568931481327257	0.454126696436437
-0.791142498958577	0.609576033769181
0.774784803839899	0.460245905655184
0.944169964888401	0.638576883835461
0.127740324846529	0.0481396538224244
-0.555202400328128	0.35495820058511
-0.800083268389872	0.61830380271154
0.424938607131154	0.323084861742246
-0.0661067569365358	0.0291916423027836
0.536930941594384	0.310248338473953
-0.0822570366774726	0.0504557554250463
-1.82807822419763	0.738372454891922
0.585811213568047	0.302214531395461
0.697577711003236	0.456456381353303
-0.505619646265169	0.383447431736405
-2.65137931424877	1.6152324063143
-0.662075630096678	0.395581468876211
0.143467885183021	0.0421790290070851
-0.330937904921865	0.152931374943538
-2.0888812011404	0.943710245621911
-1.83139270651508	0.740181168650308
-0.237951175012543	0.0765779483617726
0.802138012530807	0.329972517070534
-2.57660997484294	0.657538252319339
-2.30441435077628	1.15122076767449
0.0361837218839902	0.0210937493254645
1.07132968964006	1.25665730324048
-1.00164594491588	0.494396817586234
0.14380305748793	0.042271222114559
-2.30100347000821	1.14813064628252
-0.256612428717039	0.129618950888943
0.526264525566889	0.30319109319878
-1.7401511506685	1.47657074226987
0.309319729112543	0.200548899690647
-1.29860074136172	0.5797920330012
0.411324796485958	0.327176794247875
0.444652822259235	0.321510836175375
0.427940197825985	0.168935073750412
0.773439130536572	0.459599857928558
-0.165995298204196	0.0594566920073821
-0.46614015263495	0.312523989311675
-0.0408226938537778	0.0264547091353626
-0.663318374490344	0.396278913851076
0.322435253438749	0.1784353253351
-0.934914590098347	0.690523389380278
0.606575993694552	0.459454758864782
-0.552575273401569	0.352983742706684
-0.415517834935378	0.173096521773236
0.8804110252599	0.466091387895369
-0.62509689781615	0.299186252053425
-0.414262187965267	0.236479682501667
-1.05036292712194	0.847831198978583
-1.61792498243766	1.25128630873951
0.804199982861606	0.330881993772713
-0.0767291578349766	0.0337897194279491
-2.13432276018299	1.64390383927901
-1.19372767421697	1.23621538122017
-2.00047355040337	1.39228997732744
-0.99784185095149	0.492475193471146
0.136861270958273	0.0453939461531857
0.129602692162006	0.0552849677106642
-1.48831103802676	1.04232641136688
-0.787160832639447	0.341300612837268
0.325379568319005	0.180107279455191
-0.168318442800183	0.0602514969158982
-0.50709512987148	0.268080796616478
-1.16151604550475	1.01764013781212
-0.727941461869756	0.808853761201915
0.163539191456098	0.100540587676482
-0.337537243476297	0.241181695152918
-0.465852465825879	0.312249204038732
-0.0785377086832033	0.0345523661965348
0.15033505644189	0.0796775697291421
0.147906141627754	0.0782953215794183
-0.113672982500486	0.0452450156337797
-0.46698521393027	0.312837436069423
0.0158206129162149	0.00865040152255338
0.323503626442258	0.179326677294403
-0.414248785891065	0.172553623155678
-0.34017495700453	0.20623542562523
0.144604765265321	0.0766671954974588
0.510967914253512	0.180245566763838
-0.90411376013411	0.757341847059097
-0.0758211975979191	0.0333972704721711
-1.2333668880348	0.936577369354975
-1.48858515026874	1.04011915202964
-0.107104929736628	0.0634171561043189
0.309357116152718	0.200683905503625
-0.177658053348437	0.0635954233691779
-0.418759251876403	0.174750441313612
-0.540407744266708	0.453889062643377
-1.00502581681943	0.908449713639955
-0.973559402423474	0.964213857850365
1.64807648505061	1.55208401021596
-1.83165926032039	0.740451579277532
0.803055311396109	0.330423388744012
-0.63185471444008	0.152466960619287
-0.628164901903538	0.15157555358925
-0.538867626524031	0.202372193079411
-0.790637113549688	0.343172490347042
0.506420516253432	0.178441254862104
-1.1414839653338	0.344622990730584
0.344507335808554	0.172008714040102
0.165884358959236	0.102074160372623
-0.0071120578139718	0.00364409562026605
0.14750506619492	0.078073669295374
1.2311606709164	0.844646314739002
-0.234312185154952	0.0754304879292539
0.802704240998476	0.33025128123342
-0.999500154963618	0.493213675971716
0.135413489226664	0.0578132039573497
-0.440519912834371	0.341966023959124
0.134357593366572	0.0644555511050823
1.11768423633849	1.006810170169
1.88568671118805	1.61768342493461
-1.0507717111472	0.848096375311904
-0.110641197382606	0.0655771171807924
-1.94106461231212	1.9209770610725
0.533506663989873	0.308169423280572
-1.84474017995484	1.69779522182809
-0.631052840203432	0.302865321261427
0.127783326041219	0.0545604617647498
-0.679869015746647	0.480188776108039
-0.255007408259113	0.190767350241546
-0.0372939086446844	0.017845486739534
-0.347067884621855	0.21104844697956
-1.35005534072426	0.848748836431792
1.45415285694275	0.479329377268875
-1.11457723967518	0.769998190775616
-0.806750548747773	0.441050132698012
-0.0457981518903285	0.0218049353009841
-0.625702212359178	0.299926625299963
-1.51762323972466	1.71894994637246
-0.553788674255223	0.354009694417692
-0.504970058248991	0.266411388602402
-0.621957831947703	0.297616053571787
-0.789949074347787	0.342860425674977
-0.415785083697339	0.173214573475784
-0.463466545826576	0.310201190044543
-2.03378917105406	2.14564082003696
0.426617670606455	0.168281160290742
-3.2585799369948	3.07984082761385
-0.035044623654783	0.0168090931410427
-1.23960782343958	0.943582843928137
0.329942512406319	0.183266162288243
-2.3045284921599	1.15130739007319
0.771138698658618	0.457826149912316
-1.34441015810263	0.844052635442434
-0.931879518775953	0.687186327118958
0.536342900819768	0.30984015748341
0.589032264568651	0.304349472385491
0.378697642183921	0.16814680793788
0.132164012775708	0.0439252834614193
0.120680603014957	0.0402439652696722
-1.29722953953896	0.578817562317687
0.58779111249192	0.303584027000727
-0.168760743646406	0.0604728682433177
-0.419032999305864	0.174774111736774
-1.35134397801125	1.12341982086227
0.885454295355372	0.469782072585527
-1.46809399097588	1.3320581496701
-0.41816567462896	0.17438817779225
-0.0441379136816043	0.0210394977579556
-0.240976410898063	0.0775300306973211
0.126542495326753	0.0476742327585843
-0.263779032036294	0.133580040313751
-0.112087303477388	0.0664267886839146
0.149773884210635	0.0793688304330638
-0.624178537751399	0.298708339466037
-1.6985770042302	0.957841534708207
-0.167754072609883	0.0600616127897958
-1.1406575104342	0.344234513147494
-0.413914940317443	0.172398209586204
-0.234090861009704	0.0753429614422092
0.425497080140127	0.167863861612803
-0.414916504285137	0.173010164636834
0.124559536168029	0.0469661659539754
1.02329749324129	0.381582146499257
0.148086329499439	0.078507515715521
-0.417109250503297	0.238517829045498
0.319723141172934	0.193755454751728
0.132732885510209	0.0441080605497273
1.74670465556328	1.34931137646258
1.94610298262177	1.1955161521804
-0.66467498420205	0.397526639107899
-0.256601815000838	0.129736279045066
0.414022171499549	0.329655028038029
0.341768759934436	0.170660839612809
-0.192152865189982	0.129317468722361
-1.34889537146582	0.847465590380456
-0.793085451058619	0.344330406086191
-0.117349469703993	0.0467302018010708
2.10252540036319	0.925396731648863
-4.23342222999968	1.97051039748635
-1.85939202676445	1.16664799450657
1.45114635521655	0.478471348903038
0.803055311396109	0.330423388744012
-0.417043973025162	0.238063386054176
0.155107385076422	0.0891520687179587
-0.801087473074586	0.436813686175563
0.147597353924913	0.0432809812564028
0.133482803937954	0.0640661872555165
-0.54346877962796	0.204399150899749
-1.29860074136172	0.5797920330012
-2.7959416327144	1.87107456527688
-0.536450384536547	0.201457821544375
-1.24308708872777	0.948240609587257
-0.415785083697339	0.173214573475784
-0.119139194474369	0.0473965511519242
-3.1601627649319	2.77571483807344
-4.41639175512262	2.21581279585334
-0.41930005004658	0.174824179102143
-1.48921030867297	1.04301295002891
-1.69434867447774	0.954654761304368
-0.334526886021764	0.238635663060735
-0.19865959212515	0.107599374035108
-1.25869594791132	1.18513609335878
-0.506321940520192	0.383685786065211
-0.630730827830367	0.302716568383239
0.156896734628332	0.0393320207188234
1.31742436471332	0.565703873185492
0.154509067766894	0.0289541162362231
-0.236295434458238	0.0760318807121589
-0.538169446885037	0.20211193569765
0.658741078701816	0.207014004441108
-0.326230938145877	0.15061410678155
-1.00082207645956	0.494488887559995
0.42682030423095	0.168391760294474
0.152050960400409	0.028630259939513
-2.57963910438406	0.659061212358043
1.44780311038183	0.477066495630919
0.94820175004088	0.248479682375772
-3.08216231491203	0.947551973079846
1.01868988091969	0.379571940690884
-3.46322465260564	1.22963503158779
0.947770742439721	0.248281535275256
0.94820175004088	0.248479682375772
0.950858461556905	0.2491584305819
-3.08556356757563	0.949512459473102
-0.320737488761818	0.147894638716196
-0.354519585455166	0.101776151388844
-0.236642536873473	0.0761450888689269
0.127778316131119	0.0545514766775015
-0.326085578213453	0.150379879538711
-0.967060298539882	0.59678584231477
-0.0794270341666096	0.0486943832928221
1.59858311147743	1.1013687509737
-0.463314940943924	0.310075004146503
-0.417832083070999	0.174255353735987
-0.396345004033564	0.275277896179203
-0.325152368345626	0.149912584088137
-1.0001037668499	0.493752779623566
-0.510102152140281	0.26976530926474
-0.964226706435294	0.59389974150219
-0.415785083697339	0.173214573475784
-0.588605097730714	0.433272833456842
-0.624787013389174	0.299458156224005
-1.00637084834423	0.910292571671707
-0.0793386378746503	0.0349052682296969
0.587477639043838	0.30335432802977
-0.631994988626399	0.152498044571477
0.332004445425448	0.184359000225502
0.494087860087709	0.312569758724104
-0.809363746339261	0.442546835487161
-2.13048289221701	1.63653710177583
0.120647931593836	0.0455461781043806
-0.167880062254655	0.0601000389710004
-0.537020300726747	0.201726380349835
-1.05028745982723	0.413857331598975
-1.04232764455762	0.41013375079511
-0.628164901903538	0.15157555358925
1.7594787819258	0.963664569613647
-1.79840965860499	0.382877827643389
-1.79840965860499	0.382877827643389
-0.354525819937872	0.101778275735803
-0.352036490485324	0.101122204058746
0.139684630056245	0.0411185419267414
-0.628164901903538	0.15157555358925
-2.492223966474	1.37994790676841
-0.251377638668334	0.126911745265238
-0.412594451513588	0.171856355506214
-1.29652555966614	0.578489199680992
-0.26015811689919	0.131583039783151
1.55507391974261	0.755498369683247
-0.629906869562113	0.152090136193736
-3.76080338308098	1.48176245886347
-1.83039434521114	0.739673075735054
-0.245541128473275	0.0789739237518624
-3.45945095257726	1.22747869975084
-1.79840965860499	0.382877827643389
1.44922258720914	0.477763268309402
1.95988292961267	0.441702177751728
1.95731570776637	0.441000340195791
0.510967914253512	0.180245566763838
-0.738079783119958	0.251987608125061
1.30729482478471	0.560238424285418
-3.08189869996978	0.9470994296719
0.154509067766894	0.0289541162362231
0.143231568712453	0.0420634101782781
-1.79839614394125	0.382877807711208
-1.79839614394125	0.382877807711208
1.95786695174359	0.441149378722158
-3.08189869996978	0.9470994296719
2.75580772001712	0.763760469153332
0.157325350109871	0.02936446462458
0.156070095129669	0.0391676647119387
-0.626075023442282	0.151167646950723
-1.52955481711501	0.543641482939636
-1.79839614394125	0.382877807711208
-1.1447666380351	0.34569313996721
0.657866689740957	0.206670742493303
-0.0803989917489781	0.0353723876391366
0.65266434811818	0.594440071746278
-0.798185838795267	0.43469224887021
-0.933671694056822	0.688518315640411
1.01907391612166	0.962133900061037
-0.417395595798843	0.238680841344381
-0.971742649823321	0.600526917185055
-1.56843117479079	2.10669496948538
0.588719097872329	0.304194471760505
-1.48454232212101	1.036916981347
0.149773884210635	0.0793688304330638
-0.537241703354832	0.201774932174822
-0.510404538541269	0.269929966760556
-0.416119418774553	0.17334263980881
3.92936359942063	1.70302424744953
-1.04128985839135	0.40948342982649
-0.354229439997714	0.101697261087168
1.02592340208434	0.382810966482796
-0.240278820798337	0.0772929353381372
0.88099839576048	0.466529066729843
0.131814043124596	0.0438161720723548
0.167428905371562	0.103089180154103
1.44922258720914	0.477763268309402
-1.03964164372292	0.408955449510983
-0.544038098124227	0.204549461860792
-1.79839614394125	0.382877807711208
-1.14088544605048	0.344426431780091
-3.08216231491203	0.947551973079846
0.155111385030128	0.0290417527313876
-1.79840965860499	0.382877827643389
-1.14559783756009	0.346052129596875
0.146332921310034	0.0429416898033695
-0.241892151565733	0.0777967682855961
-0.628030265547787	0.151499678636842
-1.5292536270854	0.543488048058857
0.160813493636874	0.0402291855562724
-3.46276423195498	1.22902448571158
-1.14171114622793	0.344693702322242
-1.80123754984197	0.383647112861273
-0.628599509856641	0.151612619227975
-4.01558169607127	1.72750624811894
0.162357836679133	0.0405597098553547
-0.538391637447097	0.202241097472968
2.75580772001712	0.763760469153332
-2.57669595250488	0.657559862268914
0.155111385030128	0.0290417527313876
0.155067569950451	0.0290355764553768
3.26345542626113	1.10199860979414
0.157325350109871	0.02936446462458
0.94820175004088	0.248479682375772
-1.52525862148376	0.541687313963439
-0.35262379016767	0.101278913820777
1.95786695174359	0.441149378722158
0.511406581218177	0.180333732150807
-0.628299579656606	0.151558046801791
-0.237212899766669	0.0763212805777045
-1.79839614394125	0.382877807711208
-2.0894625554263	0.944110632073379
2.33842592547281	1.14619164851825
0.346452006387823	0.173144938194172
0.328197636278862	0.182092935468902
-1.23979491224842	0.943886163939743
-0.576582705459495	0.42196990076878
-0.341830148996078	0.244625963184675
-0.394429786315747	0.273670617969395
-1.11353949290861	0.769017238494428
-1.43579632827923	1.53638949496982
-0.801329831993386	0.620071849603009
-0.397791116788778	0.276585832493472
-1.00426610586128	0.907114769179891
-0.480442200834262	0.4108166029872
0.695212716038234	0.454872450493791
-1.35449902693297	1.12842900553368
0.506355099525666	0.178349767527002
-0.538391637447097	0.202241097472968
0.653540010885453	0.205185988936824
0.58779111249192	0.303584027000727
-1.8569460398843	1.16289052029071
0.145227337337459	0.0426443607563146
-1.2411439007813	0.944402848058933
1.04424975463849	0.495554192271584
-4.22875232252	1.96600926858348
-1.04255649350425	0.410401789740815
-0.543818752032067	0.204528065886448
0.163185820804974	0.0407257646525502
0.155067569950451	0.0290355764553768
-3.45967591146264	1.22746502283364
-0.628299579656606	0.151558046801791
-1.69661550867139	0.956574938709399
-1.52525862148376	0.541687313963439
-0.628299579656606	0.151558046801791
-1.79840965860499	0.382877827643389
-1.79839614394125	0.382877807711208
2.75520320904554	0.763197913000704
-1.52439405688463	0.541142934209623
1.81826867111223	0.704762090721195
0.155067569950451	0.0290355764553768
1.95786695174359	0.441149378722158
1.95731570776637	0.441000340195791
3.26345542626113	1.10199860979414
1.95786695174359	0.441149378722158
0.155111385030128	0.0290417527313876
-1.79839614394125	0.382877807711208
0.154311934860129	0.0289593414864238
-1.79840965860499	0.382877827643389
0.154465593370314	0.0289479903375428
-0.631994988626399	0.152498044571477
-0.175564770680714	0.0628506785144863
-0.237437039825944	0.0763599123457812
-2.08460819785075	0.94084287548003
1.95731570776637	0.441000340195791
-0.628599509856641	0.151612619227975
-0.627598197564051	0.300860032383781
0.125420086757105	0.0473043623728007
0.429189841643481	0.169462047821113
-0.417395595798843	0.238680841344381
0.371528756270786	0.164869470545502
0.781671893013052	0.6167294892745
-1.10745336758722	0.762320560966243
-0.0116489901277023	0.00588600383390641
-0.198273600809145	0.107285353481299
-0.0775407294713637	0.0341157452619414
0.374667869915192	0.166123158223375
-1.61385391233045	1.24751529923871
-0.117715111446697	0.0468041560106054
-0.0826239180207307	0.050688936828892
0.515341554369983	0.446809863499671
1.5524442422019	0.753203287410312
-0.743841985718424	0.25400518718571
2.75868832531345	0.765017792149168
-0.115445012575853	0.0459374479837746
0.124391130548139	0.0414392550449754
-0.411951333526812	0.234936118549859
0.142306377840433	0.0418148962103769
-0.538169446885037	0.20211193569765
-0.737745529684395	0.251848226779474
-1.1413415008172	0.344450233445194
0.147259813410519	0.0432007445014279
-1.14111344283696	0.344497381350969
2.75580772001712	0.763760469153332
3.26406378444313	1.10187162962723
-1.79839614394125	0.382877807711208
-1.83165926032039	0.740451579277532
-0.628733247343677	0.151688343674084
-1.79840965860499	0.382877827643389
-2.5766529574574	0.657773148602288
0.943937640725668	0.24736392993685
0.948768757521975	0.248549269795159
0.14027070998759	0.0412729382935957
0.156070095129669	0.0391676647119387
-1.79840965860499	0.382877827643389
1.95786695174359	0.441149378722158
1.95731570776637	0.441000340195791
0.948337549654709	0.248516516252871
-1.79840965860499	0.382877827643389
1.95731570776637	0.441000340195791
-1.79839614394125	0.382877807711208
-0.354809804669678	0.101824397658975
1.95731570776637	0.441000340195791
-0.628164901903538	0.15157555358925
0.160813493636874	0.0402291855562724
-0.628164901903538	0.15157555358925
-3.08203048704882	0.947509650360219
0.661517102334111	0.207824976675168
-0.355394630173918	0.102015543768339
-2.2990319684191	1.14602308550445
0.129342454562793	0.0487162440964397
-0.193949317206484	0.104857324298457
-2.48758309886186	1.37513582638675
-0.342636971303843	0.207691965210404
-0.888768345006765	0.825325039920213
-0.693349382616017	0.554538974101443
-0.226877725917745	0.148108680017891
1.02622097318311	0.971777487465321
-0.464123679519178	0.310618372358995
0.133406927065206	0.0639803101619169
-0.976938918433041	0.968615723870946
-1.93816601366667	1.91634169342753
-0.685216697256461	0.485121180207318
0.136946792119869	0.065657089482379
-0.323790233074692	0.149308363719974
-1.52954577316989	0.543451783402332
-0.237437039825944	0.0763599123457812
-0.114798840995251	0.0456854313144561
-0.355401168227563	0.102014834884787
-0.790219131055702	0.342560224844598
1.554331556689	0.754901612413363
-0.791832805004252	0.343622226885232
-0.359141638818634	0.103112871302961
1.81235300959058	0.702242876396542
-0.354809804669678	0.101824397658975
3.26345542626113	1.10199860979414
-1.79839614394125	0.382877807711208
-1.80123754984197	0.383647112861273
-1.79839614394125	0.382877807711208
-1.14171114622793	0.344693702322242
-1.79839614394125	0.382877807711208
-2.30510991052137	1.15171940932676
0.653540010885453	0.205185988936824
1.95988292961267	0.441702177751728
-3.08216231491203	0.947551973079846
2.75520320904554	0.763197913000704
1.95988292961267	0.441702177751728
0.154509067766894	0.0289541162362231
1.95786695174359	0.441149378722158
-2.5766529574574	0.657773148602288
1.95988292961267	0.441702177751728
1.95988292961267	0.441702177751728
-0.628164901903538	0.15157555358925
1.5558485462913	0.755659230691169
0.14556417703739	0.0427370982099398
0.94820175004088	0.248479682375772
0.94820175004088	0.248479682375772
-0.628733247343677	0.151688343674084
-3.45945095257726	1.22747869975084
-0.628838972377586	0.301497189830301
-0.935267831798069	0.689991254167425
-1.5073757032447	0.758018136888993
-0.969369801371616	0.59831665495763
-0.794546798132748	0.687100163470551
1.51995566399165	1.29902870606788
-1.6179191347235	1.25281989335719
-0.970611196463213	0.599211251720684
0.150615569862954	0.0798245367337306
-0.808100872086717	0.538669778277477
-1.25748913316567	1.18359854113806
-0.996907415288135	0.49182997996147
0.160432055045959	0.0922835450094687
0.784606126182353	0.619603047620823
-0.254875404181665	0.128844930240539
0.147510896476738	0.0432547789402825
-2.57669595250488	0.657559862268914
-0.737745529684395	0.251848226779474
1.81176507224111	0.701716027060748
-0.415450817577452	0.173071801779126
1.02363521199244	0.381873400117373
-1.18276931336496	0.659298465281137
0.132600988210423	0.0440609588064188
1.02338601426445	0.38161996773056
2.75641316563256	0.763778311858285
0.950998501270056	0.249196467275389
0.162719274583833	0.0406219991153643
-3.08216231491203	0.947551973079846
-2.5766529574574	0.657773148602288
-0.628164901903538	0.15157555358925
2.75520320904554	0.763197913000704
0.511003196816671	0.180124792682429
0.154509067766894	0.0289541162362231
2.75580772001712	0.763760469153332
0.947770742439721	0.248281535275256
0.948337549654709	0.248516516252871
-1.79840965860499	0.382877827643389
-1.79840965860499	0.382877827643389
1.95786695174359	0.441149378722158
0.945072510336007	0.247668267417156
-1.79840965860499	0.382877827643389
-2.5766529574574	0.657773148602288
-0.743029498323094	0.253754321369633
1.55620078746038	0.756212440653057
0.162125356869158	0.0404960611383205
0.144054213480702	0.0423469198905259
0.514431860453614	0.181517099423547
-0.543250105928331	0.204305308908878
-1.00488919428814	0.496747626192119
-0.57834477437956	0.423819657286598
0.772174795113499	0.457923849616105
0.307292883806221	0.198973003697132
-0.161356915600107	0.111365402832313
-0.151367866484868	0.0863084014317414
-0.808950691885612	0.539838368102078
-0.34399949918467	0.277863387654056
0.589032264568651	0.304349472385491
0.987656725302876	0.808783722569955
0.15989019031701	0.0919598502398825
0.129605375797865	0.048824572939505
-0.0110981352155802	0.0056145277539703
1.23296716732686	1.0389584197106
-0.0430675819876917	0.0205325490388844
-1.29468583724064	0.577050898837199
-0.735795036496609	0.251087692088149
2.72578399363787	1.63627178086611
-1.18958665206113	0.665242995853303
-0.175432015465782	0.0628166126562356
0.425151238885793	0.167665451674877
1.55415734614874	0.754461189942461
-0.736819853337875	0.251337978101795
1.44862736407577	0.477555630338169
-1.2957297752472	0.577552208373856
-0.626075023442282	0.151167646950723
-1.79840965860499	0.382877827643389
-0.237212899766669	0.0763212805777045
-2.5766529574574	0.657773148602288
-1.79839614394125	0.382877807711208
0.950287720870208	0.248999740475732
-0.359141638818634	0.103112871302961
1.02190239796348	0.380920127363489
-3.08203048704882	0.947509650360219
1.44785372417853	0.477041110592846
-2.5766529574574	0.657773148602288
0.94820175004088	0.248479682375772
3.26508709738097	1.10261522135605
0.950287720870208	0.248999740475732
-1.14536534536015	0.34589005605433
1.95786695174359	0.441149378722158
-0.355104953248248	0.101967480674674
1.95786695174359	0.441149378722158
3.26508709738097	1.10261522135605
-0.354815349846941	0.101888689175609
1.44839669376933	0.477459847846965
0.154465593370314	0.0289479903375428
-0.358557998384515	0.10292132426425
-0.628733247343677	0.151688343674084
-0.121406733891097	0.0482789131009229
-1.00064515503921	0.493786893688021
-0.506179768468727	0.267070731972727
-0.692959243158253	0.554210382140053
-0.681936863696832	0.481885452772041
-0.472057417752944	0.31715624403904
-0.811633100942467	0.54263267862481
-1.84258874187685	1.69304455859352
0.466654057695165	0.317465544850564
-0.0109658507300087	0.00556697872175154
0.780055786584882	0.61450548644899
-0.201220659289137	0.109026060283038
-0.33864820174246	0.205440647850932
-1.46425436464417	1.32593257403945
0.342463825045112	0.171087501961943
0.16030703417754	0.0922134588653651
-0.544168806771776	0.204616248813117
-1.14111344283696	0.344497381350969
-0.354815349846941	0.101888689175609
0.698767835423198	0.458127529315628
-0.252928380011279	0.127573982535661
0.123224110359297	0.0464969818497656
0.375581739818815	0.166553161927003
0.160583229502904	0.0401661733691417
-0.628299579656606	0.151558046801791
-0.789530930804051	0.342214789279307
0.666049945860015	0.305932560612635
-1.14088544605048	0.344426431780091
-1.79839614394125	0.382877807711208
-2.5766529574574	0.657773148602288
-3.08189869996978	0.9470994296719
1.81604086904786	0.704001590638153
-1.52554695498285	0.541620681553635
-2.5766529574574	0.657773148602288
3.26345542626113	1.10199860979414
-2.57660997484294	0.657538252319339
-1.79840965860499	0.382877827643389
0.158797898832415	0.0397350165406265
0.160813493636874	0.0402291855562724
-1.79840965860499	0.382877827643389
-1.79840965860499	0.382877827643389
0.658448437247608	0.206865271021461
-1.79840965860499	0.382877827643389
1.81411735765381	0.702765282094499
0.160221796316651	0.0401166927693931
0.657866689740957	0.206670742493303
-0.076126295516662	0.03353476597524
-1.73986769881473	1.47620809752324
-0.326539072018651	0.15076312383533
-1.3448961810751	0.843277223151557
1.09131514478944	0.825776325277173
-0.551322886796607	0.351716256464709
-1.05195733488019	0.850442738956981
-1.1564997586677	1.01034707047998
0.168646426552956	0.10382603924018
0.693265940345971	0.453343472176266
0.0160904403564737	0.00874508692268964
-0.58279557692423	0.428010573902828
-0.708250169981448	0.628318154404777
-0.504937008991445	0.266635293433782
-1.16187250766221	1.01771902097099
0.374033731308239	0.16601974607059
-1.29837683044387	0.579387492116583
1.44981862951738	0.477799018830262
-0.804000972345036	0.438775541584656
0.129270930562912	0.0487053692648074
-0.120490621868934	0.0479276905170135
1.60554342607263	1.11137339749534
0.127141626540389	0.0479115733238652
-3.08203048704882	0.947509650360219
-1.14111344283696	0.344497381350969
0.159992352718576	0.0400538861334557
-3.08542618523242	0.949198094742557
-3.08216231491203	0.947551973079846
-3.08216231491203	0.947551973079846
-2.5766529574574	0.657773148602288
0.154509067766894	0.0289541162362231
-1.79839614394125	0.382877807711208
1.95731570776637	0.441000340195791
-0.628867026021838	0.151670609188118
3.63500627246108	1.42050433165602
2.75580772001712	0.763760469153332
-1.79840965860499	0.382877827643389
1.95731570776637	0.441000340195791
2.75520320904554	0.763197913000704
-1.79840965860499	0.382877827643389
1.95786695174359	0.441149378722158
-0.628164901903538	0.15157555358925
1.95786695174359	0.441149378722158
0.155111385030128	0.0290417527313876
2.75520320904554	0.763197913000704
-0.625937070321993	0.151091209012893
1.02709860167831	0.383182847467804
0.16045117802105	0.0401558290866076
0.155111385030128	0.0290417527313876
-1.14914601884225	0.347138431595007
-1.04709662477092	0.412413821088329
-0.80368977255507	0.438581105146134
-0.970024614032777	0.599403727245964
-0.504874877930222	0.266794237236359
-0.256166439039596	0.12949626897422
0.321585502351369	0.1781424883022
-0.0785382532820336	0.0481193076364666
0.010565547721407	0.00587667169811583
-0.479592398799625	0.409786488446835
0.645304795890525	0.459451362321269
-1.23711327216184	0.93971028372419
0.950762682478466	0.939274655582254
0.771869910442035	0.457603950108276
-0.20231270309481	0.109668417065921
-2.54635468058371	2.68059534595603
-1.11006427098455	0.764440262808625
2.33956836114453	1.14697515944292
-0.628030265547787	0.151499678636842
2.34135533413392	1.14844291387782
-1.1124484584154	0.767263761475804
-1.52585303078124	0.541962051097293
-0.165422360008911	0.0592921948028611
0.586113466784762	0.30236762510167
-0.355401168227563	0.102014834884787
3.26284822825054	1.10169382604423
-0.74269218165825	0.253631177667885
0.950998501270056	0.249196467275389
-1.79840965860499	0.382877827643389
-1.79840965860499	0.382877827643389
-2.5766529574574	0.657773148602288
-1.80123754984197	0.383647112861273
2.75641316563256	0.763778311858285
0.947635845528227	0.248244973505163
-1.29790303333427	0.579341243572057
1.31366843634341	0.563614405395139
-3.08898467402977	0.950960285645612
2.75868832531345	0.765017792149168
1.95988292961267	0.441702177751728
2.75868832531345	0.765017792149168
-1.80123754984197	0.383647112861273
-1.79839614394125	0.382877807711208
1.95731570776637	0.441000340195791
-1.80123754984197	0.383647112861273
-2.57669595250488	0.657559862268914
0.155111385030128	0.0290417527313876
0.659324643575319	0.207123110468657
1.31075302529266	0.562166881695306
-2.5766529574574	0.657773148602288
0.159992352718576	0.0400538861334557
0.15963091503218	0.0399802605532864
-0.234312185154952	0.0754304879292539
0.137241747959079	0.0658054864748649
-0.63159924778929	0.303148971324203
0.138547637202608	0.0664398358346356
0.156315885990913	0.089899442557757
-1.82129373976172	2.12146901637883
-0.16034030816762	0.11059414110985
-1.18995229231431	1.23126437406548
0.402411159323581	0.333706492612329
0.139837292962633	0.0671168666103984
-0.412234107755548	0.235267241962341
-2.03491113915478	2.14807680078494
0.904012840674777	0.782654136773126
-0.202966198789904	0.110057819921261
-0.44244073621136	0.343798842640091
0.943875170267631	0.638209465346552
0.132032810243933	0.0438841642048134
0.139436459089769	0.0410524321785509
0.128568405154016	0.0427795258685336
0.127651677266186	0.0424864772644231
-0.623634285606963	0.29834353419319
-0.0797916892333918	0.0351191648752677
-0.662809970734528	0.395769923166975
-1.83537736671358	0.742411015726266
0.154465593370314	0.0289479903375428
0.427726139064257	0.168841338822495
-3.46322465260564	1.22963503158779
-1.79840965860499	0.382877827643389
-2.36416729168826	2.1682444233968
-3.08229418357021	0.947231644170671
-1.79840965860499	0.382877827643389
0.154509067766894	0.0289541162362231
-0.628867026021838	0.151670609188118
-1.79840965860499	0.382877827643389
-1.04290235412753	0.410559570501728
-0.631994988626399	0.152498044571477
-0.628599509856641	0.151612619227975
-4.01160255769466	1.72433692110226
0.155067569950451	0.0290355764553768
3.63565166019344	1.42132833477826
0.157325350109871	0.02936446462458
-2.57968420714322	0.659073447553718
3.26345542626113	1.10199860979414
1.95786695174359	0.441149378722158
0.144389940892798	0.0424393237157952
1.95731570776637	0.441000340195791
0.420922997231393	0.165999285991639
2.75580772001712	0.763760469153332
0.5106524152497	0.18003586586147
-0.168975142967507	0.0605402988532689
-0.236295434458238	0.0760318807121589
-1.50794706066394	0.75869717656901
-0.119252371347729	0.0474370837541008
-0.417692552979192	0.23898432181714
-0.0830445159045955	0.0509572434451896
-1.10839713020627	0.764320494820436
-0.275885445239347	0.174040947712424
0.173141043432801	0.112988882438137
0.545755118162145	0.456424138119865
-0.393541801790998	0.312840824457474
-0.336677518320475	0.240327825028402
0.158395036317272	0.0911227695932468
-0.337825158253146	0.204879714791169
-0.465655263451988	0.311880358892925
0.149334343540883	0.0792112728522592
0.16891255829301	0.109963206873727
1.09570158903582	0.830911710872369
1.09427841857796	0.828687938478391
0.950287720870208	0.248999740475732
0.768788342379241	0.455754428053418
0.937419599599551	0.632553958102166
-0.414248785891065	0.172553623155678
-0.507552532756617	0.268119289002272
-2.08495289661111	0.941010945670462
-1.14111344283696	0.344497381350969
-1.83165926032039	0.740451579277532
-0.966759908380468	0.596526867242596
-0.924019919221096	0.678514023741049
-2.93507050999878	2.16991887162996
-2.57660997484294	0.657538252319339
-1.14088544605048	0.344426431780091
0.511187733730715	0.180331422147582
-0.24589156237082	0.079070854077361
0.948337549654709	0.248516516252871
0.950426851449918	0.249037516760643
-1.79840965860499	0.382877827643389
0.155067569950451	0.0290355764553768
-0.628867026021838	0.151670609188118
0.156304884454214	0.0392194704826931
3.26795444532845	1.10381433627613
-0.628164901903538	0.15157555358925
0.154465593370314	0.0289479903375428
0.157325350109871	0.02936446462458
0.161043695584893	0.0402684742968713
3.63500627246108	1.42050433165602
1.95786695174359	0.441149378722158
-0.354519585455166	0.101776151388844
-0.233742966580479	0.0752394538943447
0.948768757521975	0.248549269795159
1.02685010343664	0.383062880383657
0.58385057588191	0.301498172429801
-1.00268322210563	0.49559648528799
-0.50435518614772	0.266152831092033
-0.00673006493848704	0.00347636316197161
-0.78958295080983	0.808408391940805
0.788935415140514	0.747877459345533
-0.112211213405132	0.0665211363127098
-1.35546765220618	1.12947209717742
0.639022689353042	0.57781175800674
0.153559007655951	0.0814813593433888
0.68122520934306	0.593900005588577
0.94739321099324	0.933891032432578
0.514992710484924	0.446028383990407
-0.320573501223728	0.147727643654079
-0.983926704551798	0.979380627457311
-0.802479748401002	0.621431795625185
-3.76108876538849	1.48211039032061
-1.79839614394125	0.382877807711208
0.13125430574639	0.0494561793802337
0.531838606360208	0.306924190237762
-0.96484399640477	0.594338839866037
-0.808180385474135	0.539837959250755
-0.505036850137185	0.266368341092654
-4.98318052456384	3.4856758002913
-0.540010421209968	0.202885751343567
-0.738079783119958	0.251987608125061
-1.79840965860499	0.382877827643389
0.143817020419273	0.042209488638599
-0.738079783119958	0.251987608125061
0.159402290839324	0.0399177124259514
0.657866689740957	0.206670742493303
0.947770742439721	0.248281535275256
0.944504519928106	0.247598335656165
0.157370411029726	0.0293708256249034
1.95988292961267	0.441702177751728
-2.5766529574574	0.657773148602288
0.948905461162112	0.248586345985544
-1.79840965860499	0.382877827643389
2.75520320904554	0.763197913000704
0.143467885183021	0.0421790290070851
-1.82874780946892	0.738800580746292
-0.628164901903538	0.15157555358925
0.948905461162112	0.248586345985544
0.146332921310034	0.0429416898033695
1.59824524737302	1.10349115493725
-1.1046771546134	0.759895342207655
-0.624178537751399	0.298708339466037
-0.92791799732425	0.682599246451719
-0.505880190063171	0.38366199733986
-0.538380248744179	0.451756801727244
-0.553042302665826	0.352845575098226
-0.194443985279552	0.15097790726515
-0.685866915571959	0.546662935080253
-1.26059053549398	1.18718863144282
0.526401731815547	0.303046723967852
1.38394110971199	1.87492173711799
0.13216217259877	0.0634167867267976
-0.0781405164773084	0.0343722722954072
-0.223663168617701	0.170755015470849
1.25684059841494	0.681084009430529
0.510619816865865	0.180113549991954
-1.83105982818556	0.740099638711398
-0.237212899766669	0.0763212805777045
0.342603572142307	0.170909913666102
-0.627598197564051	0.300860032383781
-1.83039434521114	0.739673075735054
-0.499524210503407	0.377523491058577
-0.198743831190235	0.107526812660971
-0.807378194034065	0.539199551110443
-2.79839219023944	1.8773973399124
-0.789083391693148	0.34215026874497
-1.29847664104935	0.579413585561218
-0.352620864579995	0.101250485836996
1.95786695174359	0.441149378722158
-3.08229418357021	0.947231644170671
-0.628867026021838	0.151670609188118
1.02363521199244	0.381873400117373
0.144054213480702	0.0423469198905259
0.94820175004088	0.248479682375772
0.16045117802105	0.0401558290866076
-1.79839614394125	0.382877807711208
2.75520320904554	0.763197913000704
-0.628867026021838	0.151670609188118
-1.14193838802885	0.344646219015582
1.95731570776637	0.441000340195791
-2.57669595250488	0.657559862268914
-0.628599509856641	0.151612619227975
2.75580772001712	0.763760469153332
-0.628733247343677	0.151688343674084
-1.80123754984197	0.383647112861273
0.660638687988492	0.207526442563452
-0.737154567775087	0.251538686589487
0.944504519928106	0.247598335656165
0.947635845528227	0.248244973505163
0.140609521820489	0.0413743325045252
-1.51159018346237	0.76153698752495
1.94329479733482	1.19324583814217
-0.0807014082915	0.0354990875683461
-0.930910201009186	0.685902100755443
-1.56475229752965	1.51999264128953
-1.06364830846063	1.12340305581963
-0.336311624600892	0.203750538785618
-0.938592683553679	0.693623154549079
-1.23688443673145	0.941116483003227
4.37239383638064	2.22299546952047
-1.5231266142352	1.72874595196154
-0.625948180030691	0.563797461320693
-0.58185574936741	0.427092977411652
-0.115560845443773	0.068586010290297
0.571409664069557	0.45675286200308
0.165125856231796	0.0951419314697741
0.511406581218177	0.180333732150807
-3.08556356757563	0.949512459473102
-0.627920734859053	0.301050564774921
-0.15449626504734	0.0881587363738138
0.147510896476738	0.0432547789402825
0.13313018379573	0.0569141106008001
-0.507188305421916	0.267753560501838
-2.0842635823597	0.940591792243383
0.137911757795523	0.0457182124863016
0.125609750837894	0.0536135320946115
-1.29802782774478	0.579253782835915
-1.52246182960607	0.540465661800635
-0.628164901903538	0.15157555358925
-2.5766529574574	0.657773148602288
-1.79839614394125	0.382877807711208
-0.738414128880846	0.252090639638632
-0.169228505263572	0.0605484402011059
0.164866646813102	0.0410606750914948
0.94820175004088	0.248479682375772
1.95786695174359	0.441149378722158
1.95786695174359	0.441149378722158
0.15820382838182	0.0396092897578142
3.26406378444313	1.10187162962723
-0.628867026021838	0.151670609188118
-1.79840965860499	0.382877827643389
-3.08898467402977	0.950960285645612
1.95988292961267	0.441702177751728
0.947635845528227	0.248244973505163
-0.738079783119958	0.251987608125061
1.31416993955936	0.56393406368061
1.44862736407577	0.477555630338169
0.140856221308987	0.0414153093198016
2.75868832531345	0.765017792149168
-1.83139270651508	0.740181168650308
-1.34520754504088	0.843493285339084
0.427726139064257	0.168841338822495
0.326438010823941	0.180803320737222
0.0491607748885076	0.0303334515480892
-1.56583295925402	1.52297832865589
0.172364565731796	0.112310254651772
-0.272653835420066	0.171817961656558
0.700165798251825	0.458932541598477
0.783830431825555	0.740673282393548
-0.508796475361068	0.269222894648153
0.0836085723032721	0.0591565265319723
0.697484316878015	0.456350990994005
0.312624724574464	0.189189622041979
-0.109176942892223	0.0646764366870661
0.526334165342797	0.302839041859775
3.26345542626113	1.10199860979414
0.423653018296377	0.167125210215394
0.705992159927659	0.464019835016359
1.11654252860503	1.00542812005786
0.139774852128096	0.0411362731979931
-0.41166196962038	0.234883494611697
0.128827217425554	0.0550128455216317
-1.29547862804629	0.577905227000786
-1.23461359119966	0.937804688267667
-0.78873939795176	0.341991104298643
-0.353939368265063	0.101586834148653
-1.0042227021913	0.496339890369506
-1.14171114622793	0.344693702322242
-2.57669595250488	0.657559862268914
-2.57963910438406	0.659061212358043
-0.236295434458238	0.0760318807121589
-0.355104953248248	0.101967480674674
-1.79840965860499	0.382877827643389
0.948768757521975	0.248549269795159
1.95786695174359	0.441149378722158
-1.79839614394125	0.382877807711208
-0.632424041671007	0.152580102364835
-2.5766529574574	0.657773148602288
0.155067569950451	0.0290355764553768
-3.45945095257726	1.22747869975084
1.95786695174359	0.441149378722158
-0.628733247343677	0.151688343674084
2.75580772001712	0.763760469153332
-3.08216231491203	0.947551973079846
-1.52733164921203	0.542467335870669
1.31166744621023	0.562613064395961
-0.170640807744489	0.0610979709501241
3.26345542626113	1.10199860979414
-1.79840965860499	0.382877827643389
-0.323323584812695	0.149201151288762
0.138562558046617	0.0665573985218262
1.235455787809	0.849918868533774
-0.25595795616293	0.129265356172398
-0.152306595207479	0.0868664664677757
-0.115465488970839	0.0685215437487076
0.57020778271187	0.455131032503338
-0.152153225497073	0.0867016094189471
-0.407221160597559	0.231970509696308
0.32768486549834	0.181645102440163
0.0367248741190553	0.0214114050013919
-0.00756363902845997	0.00388620140106539
-0.119462097267652	0.0475186916937923
0.162793439598268	0.100002709923078
0.849146671178533	0.624868979841507
-0.0800483973605086	0.0352154945047399
1.95731570776637	0.441000340195791
0.325476431943849	0.180159445964211
-0.236295434458238	0.0760318807121589
0.137831499803166	0.0660890894484678
-0.167535179530461	0.0599846998526839
-0.172651053911463	0.0618415442674928
-0.40875056742842	0.170136564452218
-0.668529917063695	0.400060503312479
-3.08556356757563	0.949512459473102
-0.352036490485324	0.101122204058746
-2.57660997484294	0.657538252319339
-2.57660997484294	0.657538252319339
2.75580772001712	0.763760469153332
-0.632563406792844	0.152610991116788
-2.57660997484294	0.657538252319339
-0.628599509856641	0.151612619227975
0.948337549654709	0.248516516252871
-0.632424041671007	0.152580102364835
-1.79839614394125	0.382877807711208
-0.736131442714986	0.251191396874175
-1.14171114622793	0.344693702322242
0.424373787314051	0.167361463682442
-0.355104953248248	0.101967480674674
-0.63185471444008	0.152466960619287
-2.30545781110164	1.15180533782607
-0.908547170168154	0.763174868817332
-0.0558419384491476	0.035247085846587
-2.03581441050348	2.14911664063926
0.0205441210766484	0.0111282142831102
-2.19971962527283	2.59622660346885
-0.869618394666947	0.875504229629837
-0.194868597001124	0.105449226558745
-0.113983374206383	0.0676391554596403
0.0497985331115923	0.0307287566018293
0.0187879431387588	0.0101876599249449
-1.6531226810913	1.71203305383875
0.145683624079725	0.0771527137966606
1.38425748960577	1.06817056229498
-0.504908208936938	0.382404421579106
0.315500832300129	0.190998646553499
-0.354229439997714	0.101697261087168
-0.628867026021838	0.151670609188118
0.794727020971648	0.326458891409859
0.374343498860092	0.165966304255998
0.151139360662176	0.0801257503611441
-0.465996002228754	0.31240031757934
-0.352036490485324	0.101122204058746
-0.539884754000364	0.202777184376746
-0.50435518614772	0.266152831092033
-1.23347487598194	0.936494669586413
-2.08495289661111	0.941010945670462
-0.679324869063681	0.479795438441087
-0.508411021552542	0.268406408234683
-0.621957831947703	0.297616053571787
-0.117366577096693	0.0467267891566294
-1.52556530925699	0.541887546993991
0.154465593370314	0.0289479903375428
0.660932155782147	0.207694635746326
1.95731570776637	0.441000340195791
2.75580772001712	0.763760469153332
-0.35262379016767	0.101278913820777
-0.737745529684395	0.251848226779474
0.950858461556905	0.2491584305819
0.15144823932183	0.0285426379557898
-0.358264019190404	0.102817613458252
-0.35262379016767	0.101278913820777
1.02514752788745	0.382203792201025
0.659032459281836	0.207041754611057
-0.546936263888774	0.205787157109813
-1.04721949984211	0.412618976511128
-0.234659925712008	0.0755339906287207
-1.16079673210519	1.01676993925343
0.492798540580565	0.310910336140571
0.0261775422448819	0.0141746733280178
-1.18678285032494	0.662835235719457
-0.796683608920704	0.615193088139709
-0.191681963168691	0.103571074204458
-0.111469913569518	0.0443864251884771
-1.18309149572464	0.65955331260621
0.130746772941667	0.0627519300315173
-0.0136613971312332	0.006862153323664
-0.806750548747773	0.441050132698012
-1.73069517919016	1.46138200515565
-0.0758249480136603	0.0334035717381484
-0.586442481680864	0.431199958947324
0.309350125608898	0.200442542769724
-2.45414810077032	2.41698132882677
0.530301251250836	0.30572061769274
-0.354815349846941	0.101888689175609
-0.418759251876403	0.174750441313612
-0.967999280417248	0.596462650440873
-0.121083321791546	0.0481564628616814
-1.2948051112795	0.577362423726676
-1.52984634403446	0.54376252749597
-0.804249165053268	0.535790756660548
-0.692018576584173	0.553368217745101
-0.246204057145435	0.208266496798684
-0.578343382308213	0.423678633542128
-1.2961765010462	0.578355472409881
-0.625420064790819	0.299364667533995
0.152718005702027	0.0383738683664069
2.76097686654259	0.765783986906631
-1.83072704109891	0.739930594937107
0.154509067766894	0.0289541162362231
0.947770742439721	0.248281535275256
0.146332921310034	0.0429416898033695
1.95786695174359	0.441149378722158
-1.83139270651508	0.740181168650308
-0.74243876954869	0.25362235352836
-4.22513159005981	1.96306276053114
-0.789874992835508	0.342400986685966
-1.14111344283696	0.344497381350969
0.583057246951312	0.300779301083878
-0.236989724567202	0.0762485047293907
0.133287657488568	0.0442491358131497
0.676975295534548	0.311811002916679
0.135058107587182	0.0647852298860474
0.492681719244326	0.310885698791291
0.180120067512238	0.129166014835135
0.133827547304626	0.0504034048186407
1.2562500926633	0.680630080040547
0.643307767793316	0.583185902187156
0.305102829985421	0.210219006527125
0.0346238547519375	0.0201954371104625
0.144302294213653	0.0764402613250182
-0.325772973836945	0.150225747425239
-0.340450226949445	0.20641786902835
0.314279371360282	0.190120266531733
-0.807682894172923	0.441416126789259
-1.11465663902501	0.769647548317739
-0.00509094793719075	0.00266964786645362
-0.153244908258953	0.0874127285108503
0.692690424390515	0.452863883634064
-1.0465244135449	0.412299764954399
-0.691493799270536	0.552826913982685
-0.743029498323094	0.253754321369633
-1.18497961019542	0.660417834822285
-1.49181578463389	1.04511936944097
-2.0888812011404	0.943710245621911
-1.79840965860499	0.382877827643389
-1.51661453662032	0.765093518873786
-2.30476209042479	1.1515199403139
0.58582326390311	0.302158236366012
-1.0544335942129	0.853538944655681
-1.3503734605696	0.84935907827322
-1.56255462010507	1.5185449219328
-1.79839614394125	0.382877807711208
1.95988292961267	0.441702177751728
0.155111385030128	0.0290417527313876
-1.80123754984197	0.383647112861273
0.154509067766894	0.0289541162362231
0.654121684946124	0.205433467520013
2.75520320904554	0.763197913000704
-1.1413415008172	0.344450233445194
0.157370411029726	0.0293708256249034
-2.58269164924118	0.660244336228982
0.159992352718576	0.0400538861334557
1.04299616753743	0.494514424164666
0.88099839576048	0.466529066729843
-0.628299579656606	0.151558046801791
-2.29762000702574	1.14577423775709
-2.09643006225352	0.947731666091827
-0.236072750277141	0.0759464812223969
-0.587113683022752	0.431782702300944
0.49680309648333	0.31416932466116
0.295198215265559	0.213411735258558
-0.258203235222012	0.19364228148983
0.300373865188633	0.217633270751174
1.89080633366896	1.6267700229046
0.175801777099367	0.114824867925223
0.054680290604391	0.0337365211317884
0.790991072854909	0.750186509386871
-0.393079270818649	0.272535724332665
-0.147778537809295	0.0841558718384929
0.170034247464843	0.121230426464545
0.571112162912055	0.456052256906718
-0.936104505451993	0.691003639943321
-0.741848602831151	0.253311922462979
-0.625937070321993	0.151091209012893
-1.99998921259685	1.39422208455162
-1.52525862148376	0.541687313963439
-1.79840965860499	0.382877827643389
-2.57660997484294	0.657538252319339
-0.741510950758259	0.253188727186893
-1.00015786784563	0.494168908292225
-0.415796262128571	0.237430348417504
-0.625058451397486	0.299570273058526
-0.539438704416492	0.202662195535841
-1.79839614394125	0.382877807711208
0.162719274583833	0.0406219991153643
3.92566058026872	1.70098421412171
0.157370411029726	0.0293708256249034
0.160813493636874	0.0402291855562724
2.75641316563256	0.763778311858285
-2.5766529574574	0.657773148602288
-1.14499995487719	0.345855392571373
-1.79840965860499	0.382877827643389
2.75868832531345	0.765017792149168
0.15963091503218	0.0399802605532864
-0.789083391693148	0.34215026874497
-0.628299579656606	0.151558046801791
0.943937640725668	0.24736392993685
1.45078261646269	0.478218161496633
1.55174017229736	0.752717131207676
-1.11072181103367	0.76492911006534
-0.0787623034247887	0.0346393153486749
-0.00766149450249552	0.00391316390862304
1.2562500926633	0.680630080040547
-1.10880789452869	0.764730707724989
-0.534102564761197	0.447254027549009
-0.07378549474269	0.0325146021847303
-0.28195502624511	0.178246951774959
-0.121083321791546	0.0481564628616814
-0.326393633173898	0.150521800029804
0.299990321537838	0.206054862431316
0.175562756646492	0.120344946076299
-1.35293991598849	1.1254405550869
0.433111927140734	0.330519030226645
-0.148174579007423	0.0843988428580296
-0.237559934502149	0.0764246711906185
-0.628599509856641	0.151612619227975
-1.14499995487719	0.345855392571373
-1.79840965860499	0.382877827643389
-1.79840965860499	0.382877827643389
-1.52896155531942	0.543366808154917
-0.628733247343677	0.151688343674084
-2.57968420714322	0.659073447553718
-0.741763882242001	0.253307934106881
-0.789427461577023	0.342278786572665
-1.0419816315643	0.409976007162161
-1.04687191417195	0.412486748895758
-2.0888812011404	0.943710245621911
0.134088264553694	0.0505027155625481
-0.661861879922842	0.395113171797799
-1.10851587979335	0.764459801570303
-2.57669595250488	0.657559862268914
-0.355104953248248	0.101967480674674
-1.79839614394125	0.382877807711208
1.95731570776637	0.441000340195791
2.75641316563256	0.763778311858285
1.95786695174359	0.441149378722158
-1.79840965860499	0.382877827643389
0.154509067766894	0.0289541162362231
0.154509067766894	0.0289541162362231
-1.79839614394125	0.382877807711208
1.95731570776637	0.441000340195791
-3.08203048704882	0.947509650360219
0.657866689740957	0.206670742493303
-0.414181611233199	0.172499925294108
-1.53013794503811	0.543725951296145
0.15144823932183	0.0285426379557898
-1.86062665264527	1.16828327735288
0.937775656379818	0.632936759565382
-0.680965645949649	0.481111853062662
-0.0103531133510121	0.0052202458131666
0.542291909246185	0.452660506325416
-0.885443897680697	0.820918762603585
-0.340167482351582	0.206377503331685
0.0511802062145794	0.0315613911844007
-0.678366822820607	0.478910572451524
-0.258761576400244	0.19407621078958
-1.23450543495993	0.93745626599633
-0.683168159590635	0.482919791725219
-1.49883208233363	1.92313829568657
0.676898432022728	0.311902187791794
0.172494866370279	0.112392993561066
-0.117929588660045	0.0468818487534914
-1.69237831617164	0.952348956265162
-3.45922605387697	1.22727228815634
-2.5766529574574	0.657773148602288
-1.79839614394125	0.382877807711208
2.75868832531345	0.765017792149168
-1.79840965860499	0.382877827643389
-3.08203048704882	0.947509650360219
-1.52556530925699	0.541887546993991
0.131516255673475	0.0495525805236666
-0.234659925712008	0.0755339906287207
-1.14088544605048	0.344426431780091
-1.34489823388258	0.843163844366104
-1.00016650180889	0.493507674581424
-2.0888812011404	0.943710245621911
-0.539089600210505	0.202542124367007
-0.41848882815883	0.239471986735721
1.04413088328048	0.495761798173922
-0.554383783342751	0.354478278177899
0.986568437614479	0.808416162021576
-0.667157619067108	0.399470889154624
-0.967682828735145	0.596245216453205
-0.258548809094942	0.130748653622353
-0.35262379016767	0.101278913820777
-0.80967523819527	0.442788201768594
-3.45945095257726	1.22747869975084
-0.628030265547787	0.151499678636842
-1.14171114622793	0.344693702322242
-1.79839614394125	0.382877807711208
-1.79839614394125	0.382877807711208
-2.57660997484294	0.657538252319339
-0.359435145573547	0.103170722743079
-1.80123754984197	0.383647112861273
-1.79839614394125	0.382877807711208
-2.5766529574574	0.657773148602288
0.949267656081897	0.24875007792958
0.657283842665822	0.20642210460759
0.162590253502546	0.0405994312489443
-3.08216231491203	0.947551973079846
-0.355394630173918	0.102015543768339
1.02558467001725	0.382518749728777
-2.5766529574574	0.657773148602288
0.947635845528227	0.248244973505163
-0.234312185154952	0.0754304879292539
-0.236989724567202	0.0762485047293907
0.93973213379477	0.634792692627711
0.32475259415288	0.179876900209166
0.643388630612269	0.457404266835711
0.31824504907235	0.192955854117236
-0.398646948261853	0.277271375374697
-0.413096014345945	0.235705365909474
-0.403958512171769	0.281521793206499
-0.677125522340892	0.477778774884948
-0.960697467380735	0.590980492803834
0.465144823149606	0.316002176822691
0.303808016613606	0.209206578454377
-1.23885869857629	0.94112373058969
-0.628164901903538	0.15157555358925
-1.79839614394125	0.382877807711208
-1.14088544605048	0.344426431780091
-0.628733247343677	0.151688343674084
-1.0403348553758	0.409226758738803
-1.1413415008172	0.344450233445194
0.15963091503218	0.0399802605532864
-2.08911637827436	0.943898849288905
-2.30418064567315	1.15110792862376
-0.010413819178102	0.00527567254232201
-0.259206525287071	0.131093379870512
-0.792741102489134	0.344191342632362
-0.510418274488785	0.269902179155575
-0.795839388678565	0.61435606600724
-1.19341670349537	1.23565394438029
-0.977002588086221	0.969396584284954
0.669811035629085	0.308141068883526
-2.00047355040337	1.39228997732744
0.164254540064899	0.0946308755252088
-0.510805403369068	0.388162188946333
-2.03171944192197	2.14241919761643
-0.397106798138565	0.275757118305771
0.0955640112854931	0.0727043455758919
-1.70090056926239	2.49016156165004
-0.00478077104407712	0.00249645112125192
-0.809699010660331	0.540579528744168
0.537489608169658	0.447366620541549
-0.736131442714986	0.251191396874175
-0.355394630173918	0.102015543768339
-0.667820706558319	0.399899331804232
-1.52926336424741	0.543358625626883
-0.628733247343677	0.151688343674084
-0.355104953248248	0.101967480674674
-1.52585303078124	0.541962051097293
1.44862736407577	0.477555630338169
-1.79839614394125	0.382877807711208
0.160583229502904	0.0401661733691417
1.03989141335332	0.492998127324037
1.95731570776637	0.441000340195791
0.161043695584893	0.0402684742968713
-0.359725191866461	0.103238313016327
0.155067569950451	0.0290355764553768
2.10404963108371	0.926287358542244
1.55095914928554	0.75209059448413
-0.74269218165825	0.253631177667885
-0.804886878083445	0.537025331212217
-0.322858807251386	0.148859538682056
-0.685853964122066	0.485862681362769
-0.342408464262748	0.244975736936966
-0.274007350781594	0.172759335111965
-0.343747977543161	0.277577210900386
-0.391503006736434	0.271276914156889
-0.265980746898008	0.134750867863426
0.126230099066501	0.0538891423818029
-1.55815936061263	1.5102419568722
-0.935212573141828	0.690693582911608
0.0181207587518047	0.00983128531486531
-0.668814364103019	0.400434600443787
-0.550182766841908	0.351143522724609
0.31177443438172	0.202209592906472
-1.73312530507081	1.46435378636013
-0.888721539723579	0.825635968838959
-0.680335389578404	0.481307379747108
0.792034958815943	0.628064433336525
-0.904534553218827	0.758224835722323
0.148972461975345	0.0788979486166892
0.179804115222715	0.123420678118478
-1.34900599847343	1.12083104805203
0.287230467169504	0.22606829847283
0.534061282265863	0.308490616020998
-0.682047685735137	0.482581367140773
-0.14388706935201	0.081787128099658
0.315256893882778	0.20474259663464
-0.265018475490152	0.134204299517405
-0.416831719536345	0.173741892138878
-0.341264231646493	0.207139203238744
-1.43004157899167	1.74932917883191
0.782890536527131	0.617827845796894
0.182096939554412	0.140914642842065
-0.493075359500724	0.498493069946199
0.177496231553082	0.121745851358865
-0.561090391295808	0.601342358870212
-1.8241806552354	2.12613462339589
-0.937203465751302	0.692403472570381
-0.289551250381898	0.211679491826158
-0.158312033300172	0.109074867041634
0.0751061040626585	0.0509482134728653
-0.582267177366976	0.427060984742292
-0.789005772274693	0.746528579272292
-0.0365772887890658	0.0175152391401519
-1.00717136127066	0.910187544987839
-0.584400291322805	0.577756945135686
-1.00680461727703	0.911260731762749
-0.388535892736855	0.308183517865966
-0.542387290296397	0.344706654388316
-1.04843188902808	0.845982655404193
-0.936383490787614	0.69125703600912
-0.685491137943529	0.485290750022863
-0.478114714338808	0.408451291608039
-0.0405695133872019	0.0193770894494994
-0.603575335625783	0.494863441798289
-0.541982138529851	0.203732865607725
0.852476843444384	0.629365594052045
0.171985304027939	0.106128773938035
1.22708978412326	1.19687272822459
-0.538963433786103	0.202464572078945
-0.560482888973934	0.512395216467397
-0.0738264848309772	0.0325273192751293
0.158787479797115	0.0913684440878188
-0.813422406315094	0.445736281797462
-0.797054555109912	0.690526949064802
-0.184655301249177	0.123815370469845
0.310136910832523	0.20126678905582
-0.401830231170546	0.279891296276927
-0.41895584942078	0.397718905317107
-0.382552899340854	0.336130885204528
-1.85971343879028	1.16690175135345
-1.04290235412753	0.410559570501728
-0.167973568861706	0.0601248969281319
0.130977595936442	0.0435409758262869
-0.790346118667006	0.809618569333243
-0.540700863360356	0.542618318652694
-0.954512948081183	1.02315173016787
-0.791458960416954	0.869655061801125
-0.334181180790509	0.238197728946211
0.272757981736153	0.221374595383138
-0.452476132998738	0.461089905777207
-0.310298491818791	0.255407960506395
0.301829864069586	0.207572349128971
-0.109788758834565	0.0789567364154541
0.295498157029574	0.213690788611943
-0.257890752097657	0.130392292626134
0.143060916189822	0.075745657382289
1.08846800686904	0.823483146336799
0.394077910153982	0.325312327943265
-1.16939876661312	1.46822850142818
0.146370442088716	0.0775321911401577
-0.660320166322308	0.694224120673283
-0.0802339374158296	0.0491912580234417
-1.19499366833076	1.23815585403098
-1.25573534575236	1.18082442691516
-0.789840069006487	0.681907093983812
0.262440007380784	0.240774788948982
0.469958933378816	0.434242115246076
0.0639120243284187	0.0414430318656108
-0.606744276016362	0.497873675231036
-0.666744742898182	0.745243311683547
-0.117753629930809	0.114654238283486
0.164137386647753	0.100893895099472
-1.24475130556719	0.949278734411589
0.375257613631461	0.166414569843084
-0.976747965434335	0.969110339037013
-0.694027214320118	0.555256505060855
0.788607323640239	0.951619625876318
-0.110843265548133	0.0657069403654963
0.0643754500036361	0.0417581678602413
0.566834766517967	0.451777310249288
0.282503367012544	0.221823957926721
-0.35038271133689	0.312793749507863
-0.225692486908137	0.172481623606634
-0.223163443511605	0.170339479696536
0.0803448391154553	0.0546442948863606
-0.79565098761237	0.876309793742401
0.176344989237593	0.140685567553588
0.288304398531076	0.217676963916817
0.180059127854344	0.13923336070371
-0.730722508314005	0.762491943522267
-0.588018023873687	0.582352529030319
0.537355057948303	0.310826895942302
-0.794265500775144	0.753368878544537
-0.340247178172785	0.206563769612453
-0.906242085653971	0.76044656541931
-0.281420751277754	0.177935772540037
-0.165058840245879	0.114098687848543
-0.624362280614758	0.561478418197195
-0.61170590223364	0.503421587218432
0.0205571093641673	0.0148829385421333
-0.795017398163207	0.875575891287556
-0.683168159590635	0.482919791725219
-1.59750921127749	1.90834852593824
0.169896930064592	0.110711352436071
-0.168917574298805	0.116942990317454
-0.233964530152622	0.0753172914260115
0.133301116726748	0.0442849463266127
-0.118870679253281	0.0473038498999803
-1.00307874278111	0.495733112038325
-0.386412196254692	0.371363082715372
-0.355609101373069	0.345258066095243
-0.799954000405063	0.882767606689367
-1.10636355715143	1.32424154088367
-0.217947254209854	0.165785388109928
1.23609752451314	0.850640877409603
0.670479674423801	0.308592907557702
1.23966562400517	0.854264915089846
-0.462801074752519	0.30957512836672
-0.789650928512862	0.342421974551524
0.819382231898399	1.06476744784644
-0.119844352727479	0.0476701922308841
0.0108735174744305	0.00755814473839135
0.18844588779785	0.151398396550405
-0.00979985451274551	0.00658739772442468
-1.65432669180324	1.71485104521731
-0.439168308170901	0.478074909725554
-0.516359983371765	0.481374060535512
-1.70333383733308	2.80549348141524
-1.35225145998863	0.850341371038748
0.744666352693773	0.730634981810114
-0.796875706048734	0.818788480696629
-0.789011861417616	0.921650188814193
-0.557083695022363	0.595659722345237
-0.205825843862352	0.11168598563051
1.60870914842799	1.11497072785569
0.588546779306869	0.304364903506276
-0.0768276907549928	0.0338349978969705
1.02246283803588	0.381238371277329
0.135641883851123	0.065005431672688
-0.785720368096092	0.340476144248071
-0.628243335554657	0.30121752247215
-0.906814741452839	0.761109847886128
-0.104974060778263	0.0753146088738785
-0.27455346041645	0.329513475877712
-0.6604625961493	0.734885647203974
-0.176183204227399	0.154172268136871
-0.498656092710252	0.632907346998162
0.022420655039115	0.0162329998274619
-0.381385889255986	0.419763490269022
0.581306863411438	0.562085210931071
-0.556797697572101	0.356094683459081
-0.91196923809836	1.17372963962833
-0.0511058221117884	0.0479007038433997
0.0810916083157752	0.055152040749043
-1.79840965860499	0.382877827643389
0.374977945267825	0.426609106986374
-0.911446992676763	1.17315374594655
0.100564069262145	0.0767171867147882
0.187675640189932	0.155478824023124
0.331435811071514	0.325212151678387
0.36575607997148	0.322280126094976
-0.341471381407296	0.275390762661613
-0.95317660983104	1.02132811063424
-0.33321961573445	0.327696873263445
-0.508113081422206	0.385625067268804
-0.118774868338221	0.085788317654259
-0.548204128346919	0.2062674559642
-0.429217761832861	0.37268018003252
0.160583229502904	0.0401661733691417
0.14380305748793	0.042271222114559
-1.52554695498285	0.541620681553635
-0.135436165700084	0.0955932028353572
0.682335131756428	0.314643919794753
-2.00690596014243	1.40139506670406
-0.120221326145877	0.0478165432547273
-0.1164859189435	0.0691557451053515
0.515195454608228	0.446741651362078
0.168006886420736	0.103510258806626
-0.114531033021198	0.0455888758023028
-0.682047685735137	0.482581367140773
0.338862723364065	0.324402414591246
-0.0661998773876303	0.0491504547091615
0.0484580997499736	0.0298976671115851
-0.693406846460105	0.554922965485365
1.41542524495532	2.77368555034567
-0.721057763921367	0.749342486577675
0.590333382500149	0.659054431915747
0.449416105791272	0.325465679931918
-1.65866371022318	1.72335073945907
-0.0344420088259629	0.022323035175901
-1.2878226962731	1.59876221250323
-0.557033826615963	0.595610814372789
-1.35404465024289	1.36470240207361
0.70169984552205	0.460157061188851
-0.121999969070935	0.0485029648375706
0.429554667652292	0.327149231639042
-1.04744397176015	0.412600703300656
-0.682211308993068	0.482129514219057
0.496026156013548	0.31356918638661
-0.442826185435616	0.344323696785475
-0.554923254736855	0.354765059715116
-0.0711386996043325	0.0529495817456996
-0.868070822741164	0.872901072780635
0.268518326936022	0.247390424463774
0.272469500819384	0.22922430140651
0.408333439570874	0.429963480399025
0.318732033871471	0.207555360493168
-0.263256392605933	0.242882977181382
0.890771990016852	0.911181805591963
-1.15734367018712	1.01109467414834
0.584681307596948	0.566522851606194
-0.0303115872311418	0.0200607616860992
-0.565858976447721	0.518862821682628
-0.803288502494364	0.622194780613497
-0.170059520229197	0.117765056209678
-0.581630412238539	0.574039255554094
1.003008313835	1.2031961942501
-0.0694907163891316	0.0516674315542602
-0.0941593696879372	0.0691077354786137
-0.0779575567112533	0.0477698431393083
-0.342224008355477	0.207775757172291
-0.108170472365002	0.0777391826955549
-0.691756166748964	0.553111166542693
0.540918809918706	0.45126330493157
0.169970612182638	0.104751781865685
-0.885114627827101	0.82068174537225
-0.429365896619349	0.372659075785388
-0.996907415288135	0.49182997996147
0.506286345412427	0.178440504115667
0.155713854733082	0.0390835596706886
-0.803287714686696	0.535033035802774
-0.799543854102994	0.617758690883658
-0.534380292064698	0.447540938283923
0.409701477822395	0.32545973323566
-0.134710563206166	0.0950651926156707
1.02405247229901	0.968708568129091
-0.410597999582018	0.234250839874387
-0.97121502631654	0.59951391610708
0.298583892206964	0.204961923442771
0.691466393310065	0.451913029788841
-0.907900017010794	0.761670809848017
1.08981440875319	0.825101062047482
0.747268755781619	0.73457291594399
-0.503178354672175	0.265729305654055
-0.900997404011026	0.753759527317553
-0.583202702840282	0.427992360674252
-0.695152992687258	0.556535244385501
-0.262877848215597	0.197649139599801
-0.130565145033776	0.105995847861012
0.487793620871325	0.436479237423562
-0.274581633501556	0.229120905771485
-0.390181658270819	0.309648327719673
1.35570699572415	1.25447275707181
-0.537921609528551	0.450965009011474
0.386494734292085	0.331460943222113
0.571643334684435	0.456911778827933
-0.231852925987516	0.151637174115197
-0.222894765129147	0.170011075776591
0.053714425556354	0.033131356295453
0.614066136236613	0.57710951193137
-0.0122832647921802	0.0061774491144628
-0.396344940461399	0.351087741285107
-0.190906579381963	0.147893241924069
-1.90083969259175	2.33068723666174
-0.345735794685001	0.307568733324786
-0.467987033683633	0.313790388250767
-0.509789644372056	0.386897019037461
-1.18836999854857	1.22695743361298
-1.35436645688044	1.57226469153124
0.307591396763006	0.212166548098492
-0.728751151479126	0.810004926560318
-1.34802688026424	1.35483774302184
0.64713710756539	0.461242863277022
-0.50079190865057	0.264052685345391
0.499472600178944	0.316768995589857
-1.10650148794274	1.07608852938739
0.681598997061711	0.594607097249767
0.129916076947615	0.0554206976348945
0.13702524312717	0.0657941189156485
-1.84073807231414	1.68861392522303
-1.10010684102337	1.06697915490002
-0.255580130691612	0.129209497249265
0.0182405188986787	0.00991718216344796
-0.395348406062912	0.27460043570152
-0.0104901780196762	0.00529109522086859
0.950604654293355	0.938321065567567
-0.548479371101362	0.349758402530597
-0.418376863958239	0.239435223304062
-0.50709512987148	0.268080796616478
-0.00330621061294235	0.00179244693990646
-0.9997077483258	0.49337363041305
0.135109608302976	0.0576761112443644
-1.52866955783943	0.543083867430977
-0.415785083697339	0.173214573475784
-0.256166439039596	0.12949626897422
-0.634716554369999	0.304974222879428
-0.241194698180716	0.0775963201393135
-0.690634929143415	0.490368656984938
-0.536887159731265	0.450131436221944
-0.583551295318697	0.428748333673058
-1.35097979417388	1.36076046731967
-0.167973568861706	0.0601248969281319
-1.51627074165718	0.764944689823934
0.124414451363141	0.0469555832619546
-0.689882741482277	0.551055404566821
0.681521424489961	0.594535889831526
-1.23654285911129	0.939381804401373
0.176921859653791	0.115566563685762
-0.00673006493848704	0.00347636316197161
0.0532745471488409	0.0328618325493209
-0.15069894558523	0.0859021326598943
-0.0800966314259405	0.0352428263549873
0.805467397708516	0.331643487494376
0.330270908136939	0.183283187006164
-0.528715272914903	0.441292819377715
0.304470574889217	0.196966894142555
-0.25631804715075	0.129464639348789
-0.0396046122916574	0.0189259466401999
0.404273864317273	0.320155282778041
-0.726072155350914	0.852259678016305
0.454282553516737	0.432343404515673
0.172759434104763	0.112627456832405
-0.501017278752364	0.379044877722833
-0.277365463827784	0.175176190025145
0.829422011304749	0.981659797450128
-0.161557837001429	0.111521640097705
-0.629770897717696	0.567946413013921
-0.230567081035023	0.150814133253479
0.0262624552261872	0.0190103807033986
0.499275207077828	0.534118992901742
-0.0090460480651044	0.00609143168160175
0.676820862767156	0.878609857775189
0.743629366312481	0.728857943865758
-0.790226232913148	0.682267197815113
-2.48758309886186	1.37513582638675
0.32409525663747	0.196844896682304
0.345765847216362	0.172959863797128
0.512628840708013	0.18066862430138
-2.35874130372566	2.15815515600727
-0.342358050410421	0.207814979869392
-0.190634353932904	0.147691955504545
0.36591691035056	0.322495234489691
-0.933817400623586	0.689048460381486
-2.35885390082217	2.15714516248893
-0.792741102489134	0.344191342632362
0.331903320509225	0.184323318246039
-0.807198081801166	0.538538694512531
0.588104525479538	0.303776671058552
0.316052212465719	0.191423565515776
-0.411662068870429	0.171457253105263
0.706352491406656	0.46459587889075
-1.00075889534507	0.494647107908871
-0.172651053911463	0.0618415442674928
-2.93232459193397	2.16507483940959
0.139547530219148	0.0670403799191857
-0.410995787493564	0.171132757340513
0.169814609287815	0.104659539207556
-0.0833659929723496	0.0366445696909325
-0.317675867325163	0.146281159029607
-0.0781517449814186	0.0478904052107782
-0.162645023142981	0.0582934318085609
-0.789650928512862	0.342421974551524
-0.806809447353411	0.538715226889016
-0.663396410578162	0.396171924168727
-2.5766529574574	0.657773148602288
0.132951093876262	0.0441757525557606
-1.0075202234291	0.4987397956021
0.133301116726748	0.0442849463266127
-0.66695245176955	0.398469981727064
-1.29894971744328	0.579925756370133
-0.624824451696218	0.299085257385298
0.795624222065016	0.963448605919699
-0.508140057000058	0.471517012760544
-1.56160164094971	1.51634969124304
-0.95501867971833	1.02399056813562
-0.628516191143665	0.301330111365903
-0.788962872631865	0.342076545446221
-1.00820960795104	0.912051672463874
0.120911069576874	0.0456495127528085
-1.68161076724588	2.12012048616692
-1.68169898873542	2.1199309583349
-0.191697540619695	0.128995637365296
-1.19372767421697	1.23621538122017
1.23082188150032	0.844432406333074
0.942540749928446	0.636885009636398
0.990663474630577	0.812449174574267
-0.503729208353481	0.265814801521343
-1.34503027832017	0.844701684217595
-0.414248785891065	0.172553623155678
-0.193910820758056	0.104901678955042
0.169960892383653	0.116114970098942
0.349009966799283	0.174780990811571
-0.114853970799127	0.0457131921372416
-0.966705164520966	0.596532570600126
-1.31431940245959	2.14122327083037
-0.382050069198783	0.366107118658775
-0.322262272547666	0.314595274722859
-1.43722544749821	1.53909916270777
-0.672302606953012	0.403048641734871
0.157505065773935	0.0905965865054285
0.793196685314222	0.960095611280568
0.00698385753720581	0.00487433920003196
-0.18841050504082	0.145684467958121
-0.275273687279719	0.229693176480728
-0.150084712545625	0.12022352803252
-0.793011218505497	1.03425250836957
0.0316156753572935	0.023701915619131
-1.19285576123657	1.65495416529502
-0.156700503729534	0.0894466501207565
-0.350128602099817	0.100573869045266
-0.58400204015312	0.428689623105922
1.60615129469491	1.11213450583419
-0.41909186058351	0.174909956657311
1.3150863687139	0.564688556451063
-0.406936114744742	0.231799465854626
-0.222354812328668	0.169602462552097
-0.457842881424802	0.468319615111692
-1.50920533808673	0.759234123562016
-0.256573612916053	0.129627426079027
-0.352915395102444	0.101358152963712
-0.362912584859585	0.104115139070542
0.13216217259877	0.0634167867267976
-0.325464789243747	0.150066551001885
-1.52984634403446	0.54376252749597
0.801084517559327	0.329506929263352
-0.738079783119958	0.251987608125061
-2.93293530376621	2.16540854625916
-0.623822200100698	0.298779256334722
-0.506258043429932	0.267186046318846
-0.907634305379065	0.76142911022685
-0.0810515161299132	0.03565307121072
-0.326540917975258	0.150785695879736
-0.145813614247906	0.0829749686235204
-1.16036175005487	1.01561685977817
-0.501820366585667	0.379772577539525
-0.411396616732374	0.171295832500664
-0.502539796590357	0.380368601269607
0.146670376003709	0.0430346600388633
-0.119898277285489	0.0476942988243081
-0.738670030097319	0.252119567169358
-0.628867026021838	0.151670609188118
0.511755072041239	0.180523302881905
2.75868832531345	0.765017792149168
-0.171416957929972	0.0613808082861972
-0.663103164655776	0.395982367731761
1.08777846577895	0.821422552048752
0.177603504387059	0.127234970529883
-0.667576802372445	0.399424574078647
-0.809362084979269	0.442571037659562
-1.23472531832658	0.936912388937966
-1.13862672598832	1.27171570035698
-0.792741102489134	0.344191342632362
-0.197412011414715	0.106905377355674
-0.416430065095431	0.238094148826115
-0.188176272899692	0.126363599555649
-0.415785083697339	0.173214573475784
-1.46319168093812	1.3234797854547
-0.279388412475999	0.176541835116627
0.160174953284781	0.0922117726493572
-0.00690479387558475	0.00351606472656386
-0.0421083682951026	0.0200782965049795
0.0498387312912336	0.0307235395594156
-0.260374629595072	0.131754725314246
-0.551602078831358	0.351878876413543
-0.34162564930429	0.207426201471119
0.145859531467379	0.0773347629636465
-1.00936918055154	0.914635396088779
1.09341427975451	0.828273866913226
-0.229366663343807	0.149901554830759
-0.198273600809145	0.107285353481299
-0.395817873134598	0.274922660068228
0.795116307283563	0.755490371348853
-0.578881807187546	0.424324057561603
-0.907756937964804	0.76219668139241
-0.443580296848289	0.34502843731214
0.282915668629195	0.222193122267785
0.42614043926928	0.324271744754124
0.056729909813733	0.0349929713454065
-0.0360339460553986	0.0233475406274325
0.153112420316432	0.081303424696042
-0.515895674720675	0.393046827647993
-0.331267890761445	0.200244344264667
1.00024559429795	1.19823196544473
0.0212129487320567	0.0114862358029308
0.902809351498319	0.78087976458595
0.427302224915091	0.325266261311037
-1.25600008046167	1.18118495929857
0.792623607417451	0.752791303964192
-0.681773837951523	0.482379530026311
0.0550588794006408	0.0339731270358124
-0.406414821907753	0.231629544147089
-0.251419028429597	0.12687154549782
0.846942955913176	0.622403499473064
0.178850733947176	0.12816512363105
-0.355202635236739	0.344836474525892
-0.111968535639533	0.0663701943300406
-0.491533003159396	0.422741512344995
-0.810680601515489	0.541753210017109
0.672290847331709	0.309504901007378
-1.18363942775431	0.660871262590694
0.318491094301666	0.192919819509614
0.348108522874215	0.174098522108694
-2.00897026080729	1.40439000443832
-0.326085578213453	0.150379879538711
0.0689741769888945	0.0447720091400788
-0.0422535120116957	0.0201658288099811
-0.967661243199541	0.597182682918816
-0.25623784972197	0.129559211249805
-1.69271082861525	0.952704551969826
-0.63499035867892	0.305093328587336
-1.00339911433149	0.496272756392628
-1.56627832670915	1.52426011218052
-1.79839614394125	0.382877807711208
-0.354525819937872	0.101778275735803
-0.631994988626399	0.152498044571477
-0.332186820273298	0.153460004597569
0.316452461203145	0.19147518575901
0.129007902031019	0.0486060931750835
0.853654303163103	0.629909796235604
0.429738318406094	0.327590236509646
0.169218883398466	0.104312284726247
-1.05586637903765	1.41962737747092
-0.294825476331431	0.216102125864911
-0.786322810661521	0.970217367472589
0.294655901274562	0.223144840148289
-0.683236370078214	0.483892907992641
-0.596916892898955	0.594085008430255
0.190262334988203	0.162640051375381
0.175096582900641	0.125289336933011
-0.389096682119805	0.308667020059777
-0.353691488428314	0.367669381079302
0.144500036686641	0.0765617887941385
0.443828891557875	0.320340523711161
-0.508400295900062	0.268310358271031
1.23146833526359	0.846319023451666
1.2335063316156	1.2077354164622
0.148691611613207	0.0787460175858861
0.47229876581789	0.322029452941195
-0.337958860992013	0.24145318229239
0.274329850845686	0.222871363142748
0.0613227540706594	0.0378431052373064
0.381245259334715	0.325887515228101
-0.665334007891297	0.397951841287221
0.179529485108003	0.152334727769561
-0.0319357698282265	0.0207028656103963
0.0820353183015428	0.0580173163867772
0.838365926175257	0.884726348619677
-0.710160800713788	0.683858225850517
-0.388712225935308	0.308359216594245
-1.13971320357218	1.27330065056253
0.196284365922757	0.163448501986065
-0.0819922128331419	0.0502936189191971
-1.46440046966166	1.32617593778471
1.02716570171406	0.973163572873979
0.87730549327442	0.464338198778869
-0.280773399382451	0.177483019175846
0.669552643528324	0.308070987336909
-1.04393530101649	0.840584562287868
-0.00587823489917816	0.00303276803364523
1.60246614723384	1.10872454423193
0.276912654922843	0.233582772002014
-1.12876762746972	1.4954990054635
-0.637747509682278	0.798684999235175
0.383431397600862	0.328353303731845
-0.56981722368068	0.523297190953825
0.793934975188831	0.754101163906892
0.274991436722474	0.239519213723825
-0.146301412530307	0.0832902148907592
-1.00762820105247	0.911700739424812
0.333630209192659	0.336966203612052
-0.665847663050247	0.702148175475148
0.441519993876458	0.318681431566884
-0.786191698376685	0.86156733145394
-0.605895324370196	0.49722050220579
-1.27373945405669	1.39895076398809
0.425445431194108	0.323582864618752
0.393435742531855	0.32473918575157
-0.3175476677962	0.286785561082882
-0.274326870563632	0.228899268666618
-0.5892066740332	0.584206377081115
-0.42859309907685	0.371937310296833
-1.44116941324594	1.54710759648521
-0.144880360858699	0.0824233217600713
-0.338722942601197	0.205525740345107
-0.628733247343677	0.151688343674084
0.162952579336367	0.0406858836130456
-1.52556530925699	0.541887546993991
-0.742776335066151	0.253679551734855
0.142645543006535	0.0418989273349654
-1.14536534536015	0.34589005605433
-0.538422662627564	0.202330546592592
0.695311376375113	0.454923330244256
-1.18764027810234	0.663811179338224
0.129313692308087	0.0552707048715134
-0.661206606736585	0.394622763499144
0.306831798491292	0.222934584030215
-0.962054389060565	1.36226375991678
0.0195816954375532	0.0106360025156183
-0.217463692919429	0.185873543735166
-0.78739126387412	0.863318080446872
-0.0471511439367766	0.0305647068442241
0.00696125181873081	0.0051814058482673
-0.41870497998284	0.397307189473473
-0.507947890792767	0.471219255752576
0.940596822297131	0.635040639902186
-0.0408226938537778	0.0264547091353626
-1.7343323640447	1.46739633418589
-0.411559239911514	0.234866411182336
1.25334390367997	0.677845490978149
0.590817877794368	0.305518357759495
-0.117836271224228	0.0699811213963807
0.977082410226518	1.37573513479331
1.06754794737987	0.647180303121479
0.0800351022380843	0.0565499492240111
0.587758303468754	0.570434755986099
-0.902499907622715	0.755866473625415
1.67769975731366	1.94915550461452
-0.954025679985891	1.02272417288151
-0.673279544864142	0.755482400734804
-1.10756369416481	0.763568556575797
0.111878458527449	0.0884572692114469
0.158245114811499	0.0910284022193991
-0.438667492993345	0.340360067990954
0.126537481835482	0.0540219075248714
-0.656574850862248	0.688927898721189
-0.858558557154824	0.994931720572115
0.918385009257784	1.23209588799784
0.941539967669654	0.635876946879287
-0.194989416429833	0.10549329523348
0.150770376401648	0.0800139751989825
-1.18590905355777	0.662017355328606
0.672218847369899	0.309280367688701
1.7558818285849	1.36120775302982
0.0143329720396244	0.00785916895225924
0.425167304475746	0.167813808376943
0.087842678731224	0.0644837410465423
0.27111910210963	0.227735159791298
-0.0721561735979115	0.0536939204746308
0.0718157566880986	0.0487037977702979
0.586705075401672	0.653567747398272
0.184217509731386	0.152337685412305
0.273346803292165	0.221936585925957
0.389189921772035	0.320540380529496
-1.09625427112999	1.06148132514737
-0.794872439245982	0.753936735044725
-0.464610293449888	0.437246397702974
-0.18721660593401	0.125691363607609
-0.153159254897224	0.122914624085163
-0.866660052398043	0.94158344455279
-0.225173985487711	0.193391578425654
0.906296659483129	0.785783721961208
0.122627597318309	0.108175698188538
0.0438596969954489	0.0349418671751483
-1.7389108080175	1.47429767666121
-0.791832805004252	0.343622226885232
-0.414248785891065	0.172553623155678
-2.08460819785075	0.94084287548003
0.51386494250992	0.181311218287051
-1.83597776269255	0.742763952258261
-0.253934946206375	0.128298317732537
0.0217469311755944	0.0117717243776804
0.0368699070903982	0.0214436297369371
-0.467134569045245	0.313009304993271
-0.58725625875657	0.432059597507043
-0.202033040497087	0.109515951594739
-0.257031067944544	0.192548192807975
-0.340653569671807	0.206853548311983
-1.80123754984197	0.383647112861273
-0.664090003482114	0.397048312158458
-0.417896968616571	0.174347771030036
0.649796962796746	0.463283197188781
0.778016241014806	0.46333615557252
-0.789083391693148	0.34215026874497
0.53016786637845	0.305307054273554
-1.09905431481405	1.06433533527738
-2.14187404692013	1.65469865057769
0.531585744689032	0.306890414561507
0.687408004652799	0.600972618555798
-0.0406752796833559	0.0194262322248172
0.686632623591647	0.600187021816681
-1.18022059491462	0.657713722320658
-2.49143622433257	3.52920731999824
-0.257304969125467	0.192900580533198
0.663734071862524	0.30487378494478
-1.29802782774478	0.579253782835915
-1.18368954027495	0.659935496261333
0.527283346081774	0.303542933831935
-1.461269308647	1.32124897286182
-0.119575292361138	0.0475678129859071
-0.807859674665281	0.441062645155464
0.302233433240258	0.207925324903257
-0.975804666160709	1.31802993627049
-1.06461572975608	1.12408582378201
-0.478620970221351	0.408962517076057
-0.258343475412952	0.193800477533321
0.603586507681272	0.456894622846069
0.0555725048043688	0.0342882695538956
-0.113026534360346	0.0813954235050278
-0.0412976764078378	0.0267542111120358
0.346793844101507	0.333840775911286
-0.121102462182384	0.0976985928503243
0.363848014215586	0.320181115747612
-0.189026141320809	0.146266810055214
1.00982077328081	1.21540410002
-0.702224988664405	0.6212269076079
-0.475454290622449	0.40540262861795
-1.0492677809152	0.846243999712872
0.539716886041288	0.450156957979785
0.880997905592868	0.467188151958334
-1.86222958534171	1.16974785350003
-0.807061272286763	0.441226470695926
-0.803377548601545	0.438199089819617
0.572717396898222	0.654244529759202
0.645307296457448	0.690180232293611
-0.70254635307605	0.621588062786448
-1.2948051112795	0.577362423726676
-0.35569023027487	0.10209347470967
0.427726139064257	0.168841338822495
-0.938708053420731	0.693957250199106
-1.34826843547917	0.846993382955124
-0.807373932590619	0.441430069717292
0.512103476504473	0.180655514559587
-0.66564049845721	0.397608751521394
0.514780733836532	0.181589698987139
-0.241194698180716	0.0775963201393135
-0.997778677799232	0.492287479518007
-0.411169671403364	0.234607889908155
0.155994274796955	0.089719752328775
-0.195441103600072	0.105701457905392
0.314839048920659	0.204691208421572
-0.897623433457483	0.749208340541724
-0.978923746916759	0.972437933137417
-0.870532396109674	0.947949976493575
0.0969958509015455	0.0715165246325571
0.0507053436300874	0.0312747227304805
0.03252167832916	0.0189765618817026
0.439512523149662	0.316827266838008
-0.256671676581443	0.129697835238022
-0.251125896799344	0.126718414199702
-0.071479212028512	0.0315121289992788
-0.382535212681748	0.302350222156698
0.446381772110501	0.322920357685771
-0.698595886926315	0.56010660225129
0.325709939658946	0.180588141750945
-0.188592053180942	0.101798669601908
-0.701842927074804	0.62067955859784
-0.253140354831872	0.189350137711035
-0.217140531279908	0.165126033562923
-1.04899555988669	0.846199183134722
0.172759434104763	0.112627456832405
-0.564842355573654	0.517314100955682
0.177251160824814	0.121497053248221
0.43641455981641	0.425859905582903
-1.00348156767682	1.2103371107744
-0.599235546755259	0.633084460961763
0.276433224714439	0.216234039849112
-0.622807448146901	0.704126118996181
-0.0269117132016686	0.0208957078767027
0.713014601894466	0.809298176340059
0.341991383777001	0.170558622885727
-0.231541740518058	0.151527147616074
-0.396639915959381	0.27560711678265
-0.0799447453943364	0.0490146104071474
-0.0708191954801561	0.0526925249429739
0.826074690895379	0.976065474927146
-0.227941019439466	0.148943305437697
0.180921506619944	0.140004654630844
0.271701704279655	0.236164410768623
0.0860885685703253	0.0609736611966896
0.0562664195839027	0.0347294871271138
-1.82107154868294	2.12043401167417
-0.342394857979972	0.24524763474055
-0.254879967251765	0.190823894423962
-0.0347031208093331	0.022489244076986
-1.35215659600566	1.56738901570815
-0.909796694736781	0.764191828606122
0.409445459723728	0.325192982286479
-1.73494081169693	1.46662841242137
0.839954103181776	0.887846739742141
-0.503123510681681	0.3810827518366
-0.792068281732479	0.750332870565072
-1.82292569706006	2.12336160501761
-0.397592873812806	0.276412403080222
-1.11158723372132	0.767566937635042
-1.52556530925699	0.541887546993991
-0.501601905464365	0.379464348264337
-0.622924950141373	0.298084054436828
-0.0817991965639509	0.0501534623730829
-0.507411039723316	0.470705969297163
-1.23853010569471	0.942476958504694
-1.94052011884587	1.91981714164281
-0.979824310434018	0.973883185725897
-0.197281985448174	0.10681323984889
-0.951335497100424	1.01714108775303
0.16780513788604	0.10333667667587
0.845396590840817	0.770656226471734
-0.232151142901137	0.151983305840654
0.497676286238925	0.315246736966606
0.176470688906099	0.120997600793341
-0.443508807453751	0.344709021559806
-0.423195472283123	0.366005486819409
0.305708835991983	0.197949065694502
0.391708306278744	0.32307827565941
0.130839837148547	0.0558138396767043
0.163731453888076	0.100624846675936
0.611260781642709	0.463891480108561
-0.205630618300104	0.11155864363267
-0.0483112744901481	0.0313223670091986
0.446050333634105	0.322635639916515
-0.396615855344825	0.275625223020015
-0.502082984094219	0.380117992034557
0.709197545268243	0.718861877002871
-0.219968563624584	0.188309490455349
-0.622677352263354	0.70365934325328
0.911244613743716	0.792114593675883
-0.189706386265522	0.127505934667237
0.795945083071523	0.756673886376108
-0.389487989766758	0.309029708449194
-0.589252744064618	0.584096513263211
-0.294401590652406	0.215683805642454
0.0927052150806513	0.0703950485215628
-1.30524734281661	1.96298722989687
-0.798181811876738	0.616292720512635
-0.600658996580115	0.635382424301173
-0.508756195556882	0.471997502116451
-1.05136420070844	1.41055721220601
0.74807737642544	0.830086215035311
-0.508516987291214	0.386264310905898
-0.60381091510495	0.495187412350273
0.738995301423766	0.618892938654355
-0.796654543016447	0.689331567480551
-0.115768194406184	0.0460582108717829
-0.255522336602852	0.191388890088702
-0.194640229690405	0.168322155111395
-0.0108590921678259	0.00730944817182423
-0.701459005406373	0.620375589882691
-0.402282168846085	0.280128888845731
-0.119575292361138	0.0475678129859071
0.588405870825793	0.304001827564856
-0.966404885429049	0.596313197706014
-0.686271138570355	0.486319976739687
-0.220822445713544	0.168293010937086
-0.261623627530341	0.132408727912116
0.786038227372167	0.621847039285017
-1.79839614394125	0.382877807711208
-0.738414128880846	0.252090639638632
-1.2995232454581	0.579997913839283
-1.48855329603396	1.04206058407048
-1.50920533808673	0.759234123562016
0.782396571233676	0.617881390493471
-1.73737329346392	1.47222622371274
-0.119193463665483	0.0474178961600656
1.32194939034137	1.55479994633982
0.0854096038930076	0.0604909519179794
-1.61958007716916	1.25494973199996
-0.110314561831663	0.0793423278272924
0.341813486572325	0.170706291557934
0.133046177085143	0.0637920107410573
0.69911332374351	0.457950581723798
1.94447061010714	1.19445208639609
-1.50806167447291	0.75852900058031
-0.445179413041482	0.346428813538045
0.799097783580045	0.328494942133771
0.125420086757105	0.0473043623728007
2.10636939831221	0.927285990182235
-0.409083068223129	0.170290860377214
-0.186957724599708	0.164805014401628
-0.462061933490435	0.309211366545551
-0.941196115287931	1.0812894280432
-0.623832001990798	0.56103057979679
-0.509454329939831	0.269624758031799
0.183192930109113	0.146704668222082
-0.34625409353514	0.30827014788692
0.784303395774314	0.741154174883708
-1.02958773296939	1.44942116027486
-0.655562298819068	0.687145896584893
-0.470179718689886	0.543707150906586
-0.48015183400832	0.410630229003584
-0.346632367118791	0.280441797526825
0.0180407497927865	0.0130749066391079
-0.260407505421387	0.195505434720832
0.12972701511052	0.0488696838341898
-0.507480237480076	0.267868735036584
-1.29202801510717	0.575756748795778
-1.11428489513762	0.76975329051886
-0.235754205237999	0.0758930201795801
-0.968406147881973	0.598036049835659
-0.252039317969524	0.213878978797096
0.283073400784187	0.231044688364845
-0.792396830153744	0.344017820558448
-0.627648051161859	0.300886351315126
0.144138136643148	0.0423508720464565
0.653826927429073	0.205337088996143
0.512600050895113	0.18073388148523
-0.359725191866461	0.103238313016327
-0.346736426456219	0.248800331891067
-0.539452021513256	0.540871230652121
-0.736227344440814	0.86972230777261
-1.03535853795016	1.17701469564294
-1.46191223990202	1.32291340801638
-1.04878894326057	0.847062925189093
1.60039455537571	1.10473288262416
0.70635236317329	0.715299231182192
0.646803055705804	0.587494826442216
-0.294725213451899	0.216115092150219
0.545356631594552	0.455987698617842
0.259279588404582	0.237375394079345
0.73963336898169	0.724072424890669
0.173042398371804	0.118407808066484
0.570586076905308	0.45553939238993
0.0664435748415837	0.0431066554841947
0.58809258340558	0.303772057806143
-0.512753105665715	0.47693844437007
-0.694289955577012	0.555514183434513
0.0514374721374391	0.031719290575103
-0.691346642340273	0.552377208739857
-0.853177844825842	0.985539897254179
-0.0281735823775947	0.0218916634239985
-0.837855431289936	1.24290823037267
-0.125887477112142	0.101872033846724
-0.110549778174622	0.0794925519829671
0.501413530597427	0.451954819327761
-0.421886630099303	0.40122893081393
0.363119542546049	0.331150423272634
0.53020069200308	0.626068934758018
-0.84971049236434	1.10235540917326
-0.356517324954809	0.319473860896567
0.266903402853457	0.245548365116499
-1.01046018096885	1.48634663775054
-0.193252824650819	0.166954117051034
0.269137218295319	0.240872944682976
0.104561500486049	0.0823598550230494
0.155255383875776	0.0891741250736081
-0.536722092364927	0.450101246766553
-0.877931698016527	0.887387430565519
-0.618240292613215	0.295544983613671
-0.608325935643343	0.500032514256253
-0.79177889214739	0.812029190569983
0.335338869573687	0.329926016734584
-0.853207331711563	0.985130469481602
-0.0803799380397558	0.0492789469591762
-1.25396337075532	1.17794182097177
-0.117660477054644	0.0467865531553836
-0.0457981518903285	0.0218049353009841
-1.04817240827966	0.412831503757969
-0.622280141343316	0.297793777237155
-0.395611590565006	0.27480702228251
-0.916483870513491	0.771808950794331
-0.68765144819887	0.487415390133229
-0.282705590560549	0.257000449485773
-2.17942869703182	3.18556367762133
-0.81302425153498	0.445211936996355
0.423627425424673	0.321753312488763
-0.793305877820496	0.344462091426673
1.60297393512535	1.10834112951941
-0.0821969694716184	0.0504107810076239
0.397841552468617	0.329147840831896
-0.117741329847599	0.0849994462589268
-0.0406860983288549	0.0263654989457334
-0.388519307581082	0.342446135938691
-0.785289744598342	0.675792625527614
-2.00333829338247	1.39872135941372
0.427940197825985	0.168935073750412
0.881648218382847	0.466747321637601
0.133301116726748	0.0442849463266127
-0.274391280677283	0.172964588432614
0.670906859207156	0.308500067147838
1.23171655273049	0.846742909927019
-0.0392111553828247	0.0187388371086151
-0.567127177670011	0.640846588153586
-0.92211812652394	1.19248437763773
-0.55625649506092	0.594534643883068
-0.283846739976755	0.179672219578162
0.650164472768499	0.464135607514835
-0.48199171898446	0.412681804168825
-0.638003370203139	0.799176486551259
-0.602503199549115	0.638081885865034
-0.363693832656142	0.427425124077554
-0.923250940697385	1.47134588656963
0.146536696448711	0.145635192599751
0.200438740854468	0.195181303320613
-0.179109414430646	0.157074725010486
-1.75042659763275	2.3115551591248
-0.259343922269644	0.194563963556748
-0.236642536873473	0.0761450888689269
0.470469868143323	0.320613773799222
1.01961500222098	0.379984696878922
1.80835489274816	0.70010856168417
-0.167409271163493	0.059935085601386
0.136085452798595	0.06537999035601
0.101890300392123	0.0752884100786291
-1.07016336819418	1.35697954025651
0.938820642688771	0.6343033137833
-0.418098622830114	0.174378553054991
1.95786695174359	0.441149378722158
1.31473628244331	0.564270657565622
-0.628299579656606	0.151558046801791
-0.557077239674068	0.356288266321122
-0.38990796215052	0.343802496397681
-0.715369742831431	0.740674320211909
-1.223081118607	1.44752388860166
-0.720861033844588	0.748961352537757
-1.34702017038397	0.845703230917462
-2.30383287964351	1.15080880271623
-0.625470620273971	0.299376399156227
0.375965197195902	0.166938700129267
0.374667869915192	0.166123158223375
-0.806923087833804	0.440393107879136
-1.52525862148376	0.541687313963439
0.670235846552931	0.308134565191259
-0.171416957929972	0.0613808082861972
-0.938176923606274	0.693345566192273
0.94030110420352	0.634768327915088
-0.196001043641754	0.106037317974827
-0.296259136341843	0.217371869445927
-0.0448100594557904	0.029028143559282
0.127070379735415	0.047874175161852
-0.118727922261649	0.0705304124917453
-1.3533741674147	0.851711152310656
0.127996404975649	0.0482698701963598
-0.51148010230847	0.270912729950617
1.03767407383944	0.491804749361136
1.04480901675325	0.495932284777841
0.132951093876262	0.0441757525557606
0.682345630879845	0.594569598731294
-0.573469568364486	0.729553041452468
-0.462043979560977	0.4342019893125
-0.911678379864254	1.17355397424658
-2.03459083079339	2.14613910737881
-0.339828238438428	0.24311745350841
-0.504025365020319	0.466263245254792
-1.10013413301488	1.53401798425516
0.118781623505507	0.0996204250390561
-0.276477072748585	0.230903851587311
-1.13787528406576	1.51493147245662
-0.599558445738266	0.754808245051191
-0.165664607581539	0.130284548893635
-0.176708032702845	0.139948790273507
0.176214259794775	0.126148825116698
-0.684119397424782	0.484142853764199
0.127470654257305	0.0544272791926686
-0.580639137322361	0.426057539972585
0.127866363638053	0.0425460435773885
0.144389940892798	0.0424393237157952
-0.118038860839801	0.0469174982814646
-1.24036350531076	0.944292464103452
0.0838825342963649	0.0593612894178147
0.0840179628616634	0.0594561127657804
-1.61862613803265	1.25325642565463
0.127590912541698	0.0481072358138252
0.155111385030128	0.0290417527313876
0.124391130548139	0.0414392550449754
-0.328645560075684	0.151861533894441
-0.1905319389925	0.147581731740217
-0.229716108631383	0.150191966711939
-0.184781298813823	0.12390365673165
-1.2676138356982	1.38722790573263
1.23402430130156	1.04015815504163
-0.41775794540937	0.396210206471013
-0.197346612678003	0.133120633041957
0.150574303159614	0.0798812430750937
1.60328850097904	1.10868107744973
0.447147103983024	0.323356520976807
-0.294924286221604	0.216250519784982
0.299990321537838	0.206054862431316
-0.80431134713055	0.438959309026121
-0.956005643826619	1.02517139619987
0.744921213375709	0.730963805457001
-1.48892144564036	1.0411120755181
-0.46946642311837	0.31507347502021
-0.0353836959478685	0.0169503978034395
-0.872948432326458	0.880338621847177
-0.622665242157796	0.559730934110527
-0.358077685431906	0.348330047896991
-0.353069349450001	0.34213132834931
-0.225045009043594	0.193354560460448
-0.784107308220034	0.85799020714685
-0.427603971399838	0.407968963426256
-0.84566767650105	1.20683325667518
-0.150211316437916	0.134867615335197
-0.0343014983129603	0.022229865400036
-0.783991961068626	0.912818859462394
-0.346918800128963	0.280741648769569
-0.321110835374701	0.290561642147965
0.186786928660249	0.149902741355958
0.344119931673451	0.340482163643602
0.560164838348747	0.558451814462202
-1.27066898318175	1.3921913944883
-0.00996598654897357	0.0066932099694055
0.183822603864077	0.132081331962089
-0.111626435012881	0.0803519052663231
-0.854836379445055	0.987924271851956
0.16958290329672	0.104435692878304
-0.148753480892945	0.0847399048892256
0.27982243885448	0.219399051055188
-1.29706412227129	1.61497517884131
-0.134565856194497	0.0949423870181529
-0.785026534703625	0.801719992424926
-0.481683047666778	0.412079187022184
-0.251125896799344	0.126718414199702
0.979693504802022	1.07411153291978
-1.11494910137753	0.769946910267321
-0.167754072609883	0.0600616127897958
-0.41930005004658	0.174824179102143
-0.789306862497791	0.342262742988917
-1.81639674063738	2.50574002623147
-2.12259343918367	2.3764206097539
-1.83564160885514	0.742645090374466
-1.30205730155638	0.581777820807544
-0.167535179530461	0.0599846998526839
1.31451987093813	0.564351638075811
-1.7027930071103	0.961407253760233
-0.415178337434302	0.237275158986416
0.64542769733462	0.458823576295528
-0.553252857501659	0.353085572211249
1.43948848425835	1.63622684040454
-0.0430675819876917	0.0205325490388844
-0.554381004460701	0.354267739406936
-0.259631331116129	0.194823871824291
1.09332076344998	0.828106042617281
-0.109921563797906	0.0651332312966299
-0.199222219179351	0.107950741292615
0.130847633086116	0.0558190648233276
1.25126890195209	0.67673873796275
-1.34427362797871	0.842694118565477
-0.185874305964378	0.124661715480686
-0.16320537150404	0.0584738074539776
0.344131441332208	0.171748814080647
-0.684942302875899	0.484918690589541
-0.197876549072226	0.15391080935422
-0.30026612907411	0.296290402752306
-0.469219516887942	0.314822137638124
-0.494388548395699	0.500412326632793
-0.343983443059318	0.331212246523282
0.183655523554853	0.160572294557888
-1.21379919093154	1.83932391419945
0.721901093664391	0.823099362272786
-0.513249254849361	0.619321892992726
-1.10978597027004	1.76255778287554
0.582142340946409	0.563265967998516
-0.977825616121196	0.970101453319078
-0.536263363929091	0.449698906554259
-0.789427461577023	0.342278786572665
-1.61954135248873	1.25551134958059
-0.160204710564581	0.0574231452738663
-0.171762117804328	0.0615057733921786
-0.739003822726622	0.252222384495429
-0.254797579173742	0.128798674034054
-1.07052163681004	1.35731969683239
-0.307553318733611	0.252655463823123
-0.407821868853272	0.169680195764422
0.371830898216795	0.164878125398627
-0.11706780556092	0.0465584081549706
-1.1412568453231	0.344431220445032
-0.632424041671007	0.152580102364835
-0.930469221054339	0.685199012724865
-0.443068191100733	0.344560938465753
-0.536128694480084	0.449171791161883
-0.313213494000457	0.281891293753967
-0.793506721682802	0.686105681063542
-0.388732757553935	0.308369660680418
-0.792502593826199	0.75098481337161
-1.83066282429031	0.739596942279786
0.125420086757105	0.0473043623728007
-0.417395595798843	0.238680841344381
-3.45945095257726	1.22747869975084
0.424589856092066	0.167423262672112
-0.168098950998947	0.060182556134742
0.377137252638376	0.16753482985518
-0.666916765445482	0.398904601320689
-0.791428029132383	0.811394556791258
-0.98097491233946	0.97543786665476
-0.186186618965395	0.124910353829351
-0.0185263818482433	0.0122977593617323
0.451003406214452	0.326834504573238
-0.624516683811281	0.562031620256404
0.135421538619285	0.0578076914541403
0.130920287619515	0.0493322328761646
-0.330202232558929	0.152566504208065
1.04100401918575	0.493707174905356
0.148576279776124	0.071431175225734
-1.29869220259106	0.579679423164169
-0.499540687951398	0.263210609557522
-0.39882546631834	0.277294967216505
-0.110945243235027	0.0910062820866363
-1.73959631888701	1.47421183646925
-0.275675301538321	0.230114288491811
-0.66364370431142	0.916187699814598
0.347432241913732	0.334568337231726
-0.784320105978644	1.29537624883812
-1.40991967169389	2.45744232650858
-0.520636927629962	0.63159192091906
-0.212978855286307	0.199009002704257
0.254627121137398	0.25114783423088
-0.551834975133834	0.588001151896898
0.0396632506782239	0.0298178089667115
-1.29422913938657	0.576824155878015
-0.115445012575853	0.0459374479837746
-1.18558743954395	0.661782892081725
0.160221796316651	0.0401166927693931
-0.0408557190834746	0.0195089339622262
0.156169437133407	0.0830076920893024
0.874184452220145	1.29517422863734
-0.536748587270449	0.537414063441371
0.500290925012805	0.316920780744609
-1.18558743954395	0.661782892081725
-1.50925080405163	0.760072338394048
-1.83139270651508	0.740181168650308
-2.08922761541921	0.943816452673973
-0.442433179350982	0.34398696526495
-0.00713594132997973	0.00367746055461426
-0.73833632952493	0.25198039611565
0.350350100940236	0.175311691152206
-1.16272735418054	1.01921428790618
-1.15843392850097	1.01348522958103
-0.326360415612411	0.15073868587809
-0.555936108113988	0.355063925259579
-0.254011101623841	0.128275715441553
-0.401330189326113	0.279444493310149
-0.435048948993249	0.37887577008111
-0.153543712526277	0.0875737824547743
0.0316540551301164	0.0184902439396326
0.17033620482812	0.110985290513259
-0.88419497366562	0.819630153708551
-1.35182940890742	1.56693454992337
-0.325608383044716	0.150330941023521
-0.60439897012982	0.495589032101279
-0.80967523819527	0.442788201768594
-0.932570329241234	0.687914827354859
-0.34079550633867	0.206965735038794
-1.99892515323261	1.39212480875814
-1.15917523711677	1.01529425828013
-0.191185006669196	0.12862781112985
-0.474092534946025	0.513296390429587
-0.385069375931127	0.369805540123179
-0.514143576471551	0.478605262255175
-0.145594994874641	0.140168493391747
-0.316215851085026	0.285093090035867
0.194477226532884	0.175787710398092
-0.937240081792855	1.4424146165819
-1.21910956060318	1.44040038070409
0.176679240655753	0.126429027119693
-0.257473762635704	0.130247423855213
-2.0319466159556	2.14036175810835
-0.413390795154418	0.236313083289181
0.346409706658078	0.173128687108114
-0.805990438410634	0.439740371093052
0.538806156912219	0.449238119883422
0.0481741320574984	0.0384769028379328
-0.267554640813742	0.247458559614759
-0.556667022376098	0.355914515756489
-0.236642536873473	0.0761450888689269
-0.503740359428344	0.265822350710775
-0.3523322595973	0.101168276473444
-0.121083321791546	0.0481564628616814
-0.417501424625703	0.238735091137122
-0.793871327710497	0.344598346953249
-1.23788009754653	1.63124788345604
-0.257304969125467	0.192900580533198
-0.856383208195336	1.05428976825516
-0.229699486942809	0.150180370505706
-0.304868511439087	0.250226436501229
-0.502878223308209	0.265528847572476
0.0904716668349507	0.0664866120480214
0.301468892382556	0.207230353875118
0.119179338280661	0.0999686500877303
-0.571163475641162	0.647119504019625
-0.786522413746034	0.970510171539431
-0.697687805327529	0.615595636672069
-0.201753425700073	0.109355928913808
-0.39257845103537	0.272112482895518
0.727225485773774	0.606135393878088
0.373162580695551	0.165341999479447
0.529168292808313	0.305259993900084
0.639441429389699	0.681851623878045
-0.406077817984595	0.443604034026516
-0.0777406016195237	0.0650627191802594
-0.312090363610901	0.257142805574604
0.273730213036458	0.253071676756094
0.180854796309954	0.169596363448467
-0.375428511569624	0.411494105831751
-0.433358660348507	0.376904880390911
-0.0069010605992286	0.00466301071265817
0.0234992171649549	0.0204317687463318
-0.0625028687901748	0.0536813914932891
0.443159463566957	0.319737044830288
0.0119444981305573	0.00871012853867321
-1.34969471289314	1.92864490189142
0.195496873452579	0.172367296139625
-0.706378468752217	0.62603547630801
0.485824397728268	0.531943083833347
-0.430199277664263	0.373472130601057
-0.199903723449664	0.10833542853593
-0.421532458496978	0.400784679564857
-0.147858041632745	0.11825386942721
-0.318511268876888	0.357760596453923
-0.662053979836872	0.696794389736386
-0.135743174506654	0.0958280476682241
-0.789083391693148	0.34215026874497
0.104779995633023	0.0800882126141653
1.36981711207901	2.72645403132142
-0.225197201673519	0.193421754975801
-0.551120924131541	0.351834578790717
-0.24508777355536	0.207101544200144
-3.76894933168033	1.48672161607666
-0.539661343528338	0.202765677037844
-0.197412011414715	0.106905377355674
-0.173898627793226	0.0622737835466209
0.312015441388958	0.202521314960857
-0.0312736630835482	0.0271769384519864
0.41004132761744	0.419561146633779
0.330896085329401	0.333458149190416
0.547691264001822	0.634841050183797
-0.315674680960871	0.284766701523285
0.471416373305113	0.526770920186744
-0.69045899119232	0.551743589926985
-0.555375942806767	0.354672374482197
0.576420075120858	0.9445042980797
-0.188127587664942	0.180205940410562
-0.0868267055726386	0.0634511365894006
-0.0994243140772362	0.0827497343850691
-0.626476438932901	0.709569628020511
0.412467362717	0.435405258206929
-0.540868954236359	0.454568662617242
-0.310770014420809	0.32833242455288
-0.558361767758993	0.675877377399896
-0.398760158325234	0.353662676649418
-0.154297359326737	0.123940083789917
-0.85559810611507	1.0525726224885
-0.151894296454179	0.0865911951224821
-1.46597543336975	1.32885197991312
1.02363521199244	0.381873400117373
-0.337550903439126	0.204668099354701
0.763521285659382	0.944572104871887
-0.388519357604609	0.308069068274343
-0.348401422086506	0.310670713656562
-0.800521173000947	0.88392520417664
-0.803858221264198	0.535516800668525
-0.0486809164762737	0.0231389365246095
-0.507804767338244	0.268072565537459
-0.435483196249717	0.379457037553425
-0.430717956992212	0.374282997050432
-0.804001481145834	0.438542833641627
-0.0415287190075637	0.0198155422972074
0.428499118546633	0.169166907815334
-0.19997224673188	0.108325722879865
-0.0229879692502178	0.0152283083762917
-0.013018209025887	0.00873759085063287
0.0149938470288424	0.0104122024993628
0.866969423734873	0.999698347166868
0.178730351839334	0.133225559164064
-0.442689149525962	0.34422800586479
-0.335275686047378	0.203113356721728
-0.386143089559843	0.305873878641923
-0.234051377234455	0.216971462382495
-1.48094520204177	2.10214686350437
0.168379747275089	0.103728746361814
0.372331872334228	0.329403888534062
-0.148757136661157	0.0847193232749161
-0.900474928002227	1.2176972717675
-0.318283727280899	0.28752665140862
-0.150923240612325	0.0859885821648008
-0.510706979861295	0.270071279539596
0.849318685758853	0.77585106369903
1.25460848783248	0.679060492763701
-0.191419022874671	0.148338762701849
-0.190161994470057	0.127834104233197
-0.335039854226058	0.329925679086884
0.352685242385931	0.319397558244445
-0.683917297254704	0.813894113245851
1.22513789256322	1.02897453321427
0.163200451968966	0.0939909398448106
1.65203602897078	1.55726113847109
-0.718582747241752	0.694699966803045
-0.220914965445109	0.189302975852343
-0.419700963977491	0.175008681759222
-0.390721858796214	0.310237936792959
-0.753908889310137	1.12651686281384
-0.676397186317145	1.01247431165181
-0.205701355629734	0.179208200489279
0.931478439910366	1.26007740201788
-0.150823059947323	0.0859681573037223
-0.0419255693641329	0.0200085132177763
-0.728568880782208	0.856829076803781
-0.383421957003367	0.422720186902042
-0.382897881125988	0.395557016267724
-0.429276522568967	0.52480237465978
-0.889570764162109	0.82631200187593
-0.35569023027487	0.10209347470967
-0.0807014082915	0.0354990875683461
-0.257396721472352	0.130195382175635
0.669975753795622	0.30798845763185
-1.00488919428814	0.496747626192119
0.118363136995989	0.0992495336622873
-0.2364652187743	0.155035555588294
-0.269382280119597	0.266205391794782
-0.349695805530607	0.435655417734656
-0.262843300314517	0.24243129392827
-0.363635737967548	0.380564795904438
1.38652590805011	1.07128701131908
-1.18363942775431	0.660871262590694
-0.659196921663532	0.393167514046661
0.606810147094676	0.460103255722261
0.259176790007731	0.230486457334026
-0.968166263564858	0.597866549814672
-2.0818949561759	0.939030968916842
-1.14171114622793	0.344693702322242
-0.807236543147843	0.440721837794854
-0.158947903237676	0.109564206384527
-1.26303930980522	1.98473357530595
-0.0261980281972552	0.0173411968865081
-0.156976909325736	0.141478961228369
-0.49132858921839	0.49605254311245
-0.442633233211203	0.344168474175339
0.0209254106478425	0.0113544250133706
-0.512539502823345	0.271248114510885
-0.655475948428759	0.865837952565071
-0.516512040696069	0.557263250654686
-0.996283763673016	1.2803040989205
-1.80123754984197	0.383647112861273
-0.628733247343677	0.151688343674084
-1.52499008340819	0.541418114624462
-1.14499995487719	0.345855392571373
-0.807684842330406	0.441606560695234
-0.536590024655793	0.450114953198851
-1.52275201069355	0.540627902821117
-0.537837024130729	0.202108813939673
-0.241762406615348	0.0777470617850766
-1.72984359463568	1.46018297400549
-1.11274143305519	0.76753578054029
0.143477516670026	0.0421253750116672
-0.737824274342293	0.251781339210884
-0.73833632952493	0.25198039611565
-0.663430980090765	0.396554000510877
0.133594424214724	0.0570630011989487
-0.323323584812695	0.149201151288762
-0.255536366713302	0.129186932400049
-0.354465810309962	0.101775937839284
-2.49130517577134	1.3793138866032
-2.5766529574574	0.657773148602288
-1.79839614394125	0.382877807711208
-2.57660997484294	0.657538252319339
-1.14193838802885	0.344646219015582
-3.08229418357021	0.947231644170671
0.157370411029726	0.0293708256249034
-1.79839614394125	0.382877807711208
-1.79839614394125	0.382877807711208
-3.08189869996978	0.9470994296719
-2.57660997484294	0.657538252319339
-2.5766529574574	0.657773148602288
-3.0857009920368	0.949295045119167
-3.08542618523242	0.949198094742557
2.75807933893485	0.764710363024488
0.155111385030128	0.0290417527313876
-1.79839614394125	0.382877807711208
-2.57963910438406	0.659061212358043
-0.697748761321125	0.615736473075862
-1.65324236143785	1.71279432208509
-0.567982497444974	0.521193600457334
0.176938639352197	0.131698639112525
-0.232151142901137	0.151983305840654
0.533468446437987	0.307729926896515
-0.166282692383721	0.0595271440925365
-0.666002721121228	0.397903920588439
0.131182346173996	0.0494239428300676
-0.628195266656509	0.301456110896782
-0.659841366031745	0.693586035747719
0.0974243582503009	0.0741881488596925
0.00658234034979919	0.00459863407053268
-0.51348486064552	0.39089957397999
-0.676304949908377	0.477126860173655
-0.581562894877595	0.426651525958276
-0.195473209332159	0.105720777137169
-1.85939202676445	1.16664799450657
-0.808308464399482	0.441827894478673
-0.35262379016767	0.101278913820777
-0.543675331725235	0.204518784198745
-4.72265766414678	2.78850864339152
-0.662878198170555	0.395576772606988
-0.791832805004252	0.343622226885232
0.587477639043838	0.30335432802977
0.37719892423885	0.167428598365971
-0.146837366794166	0.0835792586976861
-0.236295434458238	0.0760318807121589
0.133755033052303	0.0503739983594371
-1.52527766014307	0.541726073904961
-1.2941091808211	0.576975974922849
-0.804412799910519	0.623478377501485
-0.394672601095739	0.273651610978989
-4.58683487070455	2.50491865469565
-0.789083391693148	0.34215026874497
-1.14088544605048	0.344426431780091
-0.0763127549371531	0.0335886930934556
-0.536322009305803	0.201466150653051
-0.121691038056157	0.0484206412069633
-1.51227685112488	0.76213256545427
-0.50649312058637	0.267734582838957
-2.30065661297022	1.14788322958659
-2.00658606677083	1.4019698108696
0.528925917972488	0.304359426798533
-1.73657783639525	1.4710577606583
-0.168318442800183	0.0602514969158982
-1.52525862148376	0.541687313963439
-2.13683722612019	1.64818805758601
3.92452877652187	1.70087632208659
-1.00070780910999	0.494095781511885
-1.69398351198074	0.953209725297627
-0.119844352727479	0.0476701922308841
0.13622607304895	0.0401388785529382
-0.625420064790819	0.299364667533995
1.25973527090773	0.683240231968848
2.33807558295589	1.14590125490883
0.770449866539013	0.457100792053714
-0.662075630096678	0.395581468876211
-0.399511456207747	0.277968314003422
-1.00399942765767	0.496751743591319
-0.806232841826446	0.537965079342107
-0.259419132435635	0.131219127407415
-0.117634611193586	0.0468309314969464
-1.52525862148376	0.541687313963439
-1.35100173575693	0.84983223204426
0.128591433736742	0.0484895075702699
-0.0807489895784552	0.0355233891539603
-0.0813771757937801	0.035789700940242
-1.83868845155664	0.743833089652786
-0.07500874924485	0.0330421732017199
-0.543688234679481	0.204395614503949
-0.626075023442282	0.151167646950723
-0.789650928512862	0.342421974551524
-1.69661550867139	0.956574938709399
-0.701140608777004	0.620044750750869
-0.50911147149629	0.269146400624583
-0.539089600210505	0.202542124367007
0.133879172838789	0.0444578970345513
-2.13653781757529	1.64794122369155
-1.00399942765767	0.496751743591319
-2.30545781110164	1.15180533782607
-0.165306041400927	0.0592208118770727
-0.0797943273019492	0.0351107855199681
0.734086909111323	0.61359923807695
-0.169535026305362	0.0607169294511869
-0.0744033715227707	0.0327794845530911
0.131594500900707	0.0437325371818593
-0.249886916369337	0.126053611235155
-0.662740963057452	0.395749960094668
-1.79840965860499	0.382877827643389
0.131326252699372	0.0494590375812649
-0.742101285286405	0.253499136601578
-1.51262029806075	0.762329863284607
-0.411594396506958	0.171389354957964
-1.29802782774478	0.579253782835915
-0.237559934502149	0.0764246711906185
-4.01591566480886	1.72772177589649
-1.14111344283696	0.344497381350969
-1.14499995487719	0.345855392571373
-1.50806167447291	0.75852900058031
-0.547988878512522	0.206215499936994
1.55563768080424	0.755897558752995
-1.53326666156506	0.545110963407603
-0.113885349209877	0.0453302765915032
-0.332186318365693	0.153547014020797
0.513733853850566	0.181194231451746
0.510967914253512	0.180245566763838
-1.00428527958743	0.496616726867449
-0.793650299520997	0.344601205700018
-0.622331129436248	0.297782145325328
-1.85531893227199	1.16373376386757
-0.0411901153892199	0.0196595028354033
-0.239216268709345	0.0769712564401174
-1.51205147000913	0.761649961850138
-0.0113735390758551	0.0057503962747531
-0.41909186058351	0.174909956657311
0.771441758104588	0.45809325066597
0.147597353924913	0.0432809812564028
-1.34503504426063	0.844198810266817
-0.121046858968259	0.0481817759385421
-0.972760565146734	0.601248269763313
0.129989608626953	0.0489773561473865
-1.50616818126519	0.75747583185463
-0.417109250503297	0.238517829045498
-0.414794033895136	0.237220876211828
-1.00241331464069	0.495326299521873
0.428631067442515	0.169230176789531
0.801294435982005	0.329722340410091
0.506985941033904	0.178701728610087
0.127329099679244	0.0480229321825531
-0.737824274342293	0.251781339210884
0.144138136643148	0.0423508720464565
-1.70011990336923	0.959086428460823
-0.543600187389582	0.204393526545073
-0.666786096164298	0.399154413844994
-0.157624776754645	0.0899643469310838
0.131594500900707	0.0437325371818593
-0.582386462452386	0.427739796634287
1.32054367497259	0.566710774982165
-1.34588250790289	1.35190684897428
2.10835314409231	0.927825395770054
-1.35100173575693	0.84983223204426
0.125085786448965	0.0471836584371826
-0.795844159225066	0.345716129333001
-1.15939801795896	1.01467343893731
-0.4123286239061	0.171726887264068
-0.537590863359465	0.201894959579
-0.511469977762164	0.270689661984711
1.61217334133748	1.11873311168193
0.659032643407672	0.20695576224899
-0.738079783119958	0.251987608125061
-1.35281076461774	1.1250609216638
0.425842843580689	0.168023318876402
-0.0110396497987389	0.00556010721294536
0.602671358362322	0.455465377885085
2.10252540036319	0.925396731648863
0.320695897400265	0.194391683376091
-0.331562092018327	0.153247973402218
-0.150652509129488	0.0858300797527298
0.308322915757106	0.212545557084648
-0.806439883449804	0.440841789370894
-1.0502029969574	0.84876667822084
-0.514611994234587	0.391805409792156
-1.79840965860499	0.382877827643389
-0.556153685459365	0.355779489993592
4.71331186808695	2.80793125466839
0.146332921310034	0.0429416898033695
-0.505538353425505	0.267134589183353
-1.69634136387629	0.955896600132044
-0.355394630173918	0.102015543768339
-2.0894625554263	0.944110632073379
-1.84029937428055	0.744713906655544
-3.46276423195498	1.22902448571158
-2.65783412819737	1.6235105351142
-0.164961528199622	0.0590946327024874
-0.328261478026647	0.1513430551558
0.150615569862954	0.0798245367337306
-0.0780345329416728	0.0343561683319498
0.142677568219317	0.0755927249195056
1.4480329582247	0.477161868008032
0.160813493636874	0.0402291855562724
-1.29767890644575	0.579059217742002
0.135013832711232	0.0448286361779132
-0.166282692383721	0.0595271440925365
0.512103476504473	0.180655514559587
-1.52585303078124	0.541962051097293
-0.628599509856641	0.151612619227975
-1.83105982818556	0.740099638711398
1.44922258720914	0.477763268309402
-0.628164901903538	0.15157555358925
-0.359435145573547	0.103170722743079
-0.236295434458238	0.0760318807121589
-0.667356556389093	0.399206800053001
-0.804365357675229	0.536392920694939
-0.55774727490685	0.3568225526332
-0.796063117264125	0.614919997581884
0.471790141860063	0.321761476751375
-0.676135905300152	0.477214795491251
-0.326229482656395	0.150637495104887
1.8166310232947	0.704051562387115
-0.00532940944746785	0.00276479926071839
-1.65416815988801	1.71427261218854
-0.273995218364959	0.172701326030432
1.35950539664236	1.26042739642338
-2.30138530277244	1.14911512497571
-0.125085318236903	0.0497306661584265
1.06633247925178	0.647003104205826
0.658157600688591	0.206837664845118
2.76097686654259	0.765783986906631
-0.737154567775087	0.251538686589487
1.95731570776637	0.441000340195791
-0.421729238260191	0.176111527714637
-1.83504104592481	0.742292078332567
-4.22944054003563	1.96755402133536
-1.04290235412753	0.410559570501728
-0.274261616057252	0.172895130698259
-1.34299618416271	1.3462743152955
-0.661861879922842	0.395113171797799
-2.57968420714322	0.659073447553718
-0.628733247343677	0.151688343674084
-1.50863317586361	0.759208525222823
0.658157600688591	0.206837664845118
-0.511590252318011	0.389157813725819
-0.535752039699562	0.201197678787455
-1.1414839653338	0.344622990730584
-0.352328640216398	0.101201570764145
0.155111385030128	0.0290417527313876
-0.354815349846941	0.101888689175609
-0.0807708116355571	0.0355216913668977
-0.55941254069508	0.358080807810275
-0.129210058171513	0.0909204722855858
0.66937968290993	0.307605615084939
-0.39352817064848	0.273021462584083
-0.231409214332045	0.0745090449257407
-1.79839614394125	0.382877807711208
-0.273728864853917	0.172499065671523
-1.3574095198853	1.13246892646418
-0.276152130673597	0.174227332318796
-0.462191441964267	0.309323647467926
0.153279132821243	0.0813292288133733
3.26631056571709	1.10328266544307
-3.76108876538849	1.48211039032061
-2.57660997484294	0.657538252319339
0.144976980831471	0.0425943260188831
-0.537020300726747	0.201726380349835
-0.359725191866461	0.103238313016327
-0.628164901903538	0.15157555358925
-1.23375948103611	0.936900935374688
-0.540010421209968	0.202885751343567
-1.83537736671358	0.742411015726266
1.40894954366959	1.75989861418084
-0.00426319943879386	0.00226176238443481
0.150210653501253	0.079700112109212
0.424054549100668	0.167331926668015
-0.165524140224107	0.0592721353648851
-0.788618958882262	0.341859317766317
-0.196723205518021	0.106507926775822
-0.337481011843496	0.204689732012711
-1.52614082474697	0.541895090059418
-1.29917429595245	0.579864221629977
-3.08203048704882	0.947509650360219
-0.354519585455166	0.101776151388844
-3.08216231491203	0.947551973079846
-0.265392275625205	0.220070378881565
-0.468372645895452	0.31416339514362
-0.668521909462382	0.400190961595835
0.76879780364778	0.456348029292708
0.506286345412427	0.178440504115667
-0.978029306468693	0.971263875844991
-1.29461866467791	1.77893004520427
-1.34733590649515	0.846281637718503
-0.00536588334689979	0.00280388457203627
-0.117312200329271	0.046700587944202
1.25008564906397	0.675939360519104
-2.13593916163132	1.6471123398041
-1.1414839653338	0.344622990730584
-1.80123754984197	0.383647112861273
-0.999770520176459	0.493549718270557
-1.83132702405761	0.74028277145384
0.155111385030128	0.0290417527313876
0.0139232550840041	0.00761829570775989
-0.62732563122962	0.300719543149506
-1.00075889534507	0.494647107908871
-0.317055269221984	0.145967301107071
0.341687154600012	0.170367587593052
0.13132857528406	0.043642788977823
0.659616568882323	0.207151031447049
-0.738414128880846	0.252090639638632
-1.18705899094899	0.662625155371146
-1.34583269547314	0.843963640420916
-1.49183614616713	1.04526896364508
-1.3503734605696	0.84935907827322
-0.585515079818176	0.43008884407856
-1.00142186989416	0.49499142053766
-0.973773011792964	0.602305581144535
-0.3385899828098	0.205436079519457
-0.628788624747717	0.30175864377401
-0.411063550521414	0.171153883302837
-1.29560475057299	0.578066307323286
-0.168098950998947	0.060182556134742
-0.351744415353914	0.1010114930848
-1.24463031983345	0.949377299194962
-0.975398831188404	0.603540391259241
-0.627874016085045	0.301277734749088
-0.355979365614545	0.102141358762928
-0.414787942631691	0.237075922560868
-1.05505862812146	0.854142139337315
-1.69696407221564	0.95680523136699
2.10636939831221	0.927285990182235
1.31451987093813	0.564351638075811
0.527388985770545	0.303885948094351
-0.544614450051074	0.204939615726028
-1.25614497432782	1.18121428642015
-0.970913084182283	0.599389744276947
-3.45945095257726	1.22747869975084
-2.00627633055614	1.40159378328996
-1.1605278995077	1.01637776374791
-0.628733247343677	0.151688343674084
-2.08460819785075	0.94084287548003
-0.540486497816113	0.203240784979243
-0.54070401543365	0.203254410003037
-0.234312185154952	0.0754304879292539
1.02617238539361	0.38275777208832
-0.807373932590619	0.441430069717292
-0.258135238458387	0.13059968483712
0.144389940892798	0.0424393237157952
-0.811347302739965	0.4440149306551
1.44137686922547	0.884217397523827
0.428071608230174	0.168976723678548
0.775036125067527	0.460952431243976
-1.00339911433149	0.496272756392628
0.802138012530807	0.329972517070534
1.55415734614874	0.754461189942461
0.377463332864578	0.167570032868996
0.131892201556397	0.0562860360466152
-0.510102152140281	0.26976530926474
0.160221796316651	0.0401166927693931
-0.543818752032067	0.204528065886448
-0.23522957281847	0.0756912588669357
-1.52984634403446	0.54376252749597
-1.34551896731325	0.843653005520569
-1.18640293204007	0.663074269060665
-0.359435145573547	0.103170722743079
-1.14088544605048	0.344426431780091
-0.622229051549432	0.29762349689836
0.807879873143069	0.332714052130745
-0.738414128880846	0.252090639638632
-1.70045193992328	0.959389000268318
0.144304320671072	0.0423970373819599
-0.0769191689128509	0.0338521771220351
-2.48993588367825	1.37731240363281
-0.330390783464335	0.152515610010994
1.31240282325545	0.562988742832529
0.377786837575273	0.167726927816864
0.132032810243933	0.0438841642048134
-1.51570467695767	0.764264898503056
-1.8525453063729	1.15993163355199
-0.238130718624198	0.0765764115230572
-0.628299579656606	0.151558046801791
-1.14583039258107	0.346039770541419
-1.52497036065527	0.541612586959632
-0.355104953248248	0.101967480674674
-1.14193838802885	0.344646219015582
-1.04466088820441	0.411216535698196
-0.354229439997714	0.101697261087168
-1.83763115636936	1.686038159032
-1.52984634403446	0.54376252749597
-3.08203048704882	0.947509650360219
0.155410768709602	0.0824978092505837
-0.331562092018327	0.153247973402218
0.672218847369899	0.309280367688701
0.137545017702438	0.0660397906217819
-1.52556530925699	0.541887546993991
0.172150731779833	0.117745812040626
-0.79453802315435	0.613339380898638
0.797173267306509	0.758365261085465
-1.51262029806075	0.762329863284607
-0.330080848232235	0.152431597005069
-1.51262029806075	0.762329863284607
-0.168098950998947	0.060182556134742
0.0205355757829823	0.0111690164193296
-0.171331064664604	0.0613224232521491
0.132600988210423	0.0440609588064188
-0.740486905445706	0.252775901531668
-1.04313192494267	0.410517747694466
-1.55615648417473	1.50820557311371
-1.19470118145354	1.23808770897775
-1.23756592268878	0.941366862964594
-0.539089600210505	0.202542124367007
-1.11171300612844	0.767074684666425
2.1031177894695	0.925795147014246
-0.971801006089989	0.600543593760837
-1.04221071709325	0.410198911511082
-0.253570136723795	0.128096224242839
-0.664827573143137	0.397002639492615
0.886101721273405	0.469998042708207
-0.45835022517757	0.30609825553152
-1.50491293043414	0.756635000563442
-0.418365309512863	0.174458184135551
-1.14171114622793	0.344693702322242
1.23316024468512	0.847347946626701
0.602706887914047	0.456110003513607
0.797760401782817	0.327916718359797
0.373753217777433	0.165661732219598
-2.08224011884719	0.939282107374303
-0.737824274342293	0.251781339210884
-1.34795753446272	0.846815348724729
-4.23012908950087	1.96806967376347
-0.41132889398855	0.171302358575038
-1.04278630064219	0.410314973185565
0.157728913268309	0.090606366647051
1.44780311038183	0.477066495630919
-0.320569272954834	0.147724208515519
-0.607491242532517	0.499132529745606
-0.14234175752712	0.080856004114911
0.153482555701557	0.0814956300192844
-0.251778784110575	0.127025456600833
-1.52550476837535	1.73434021410503
-0.396113377082282	0.275148431294452
-1.10504666558399	1.07390476515023
-1.29825184667106	0.579597355540298
-0.352036490485324	0.101122204058746
-0.415183675733752	0.172968540362155
-1.11017434983909	0.765593385837461
-1.5088621709036	0.759006136042553
-0.539661343528338	0.202765677037844
-1.48771179514312	1.04152311431734
-1.29388110726104	0.576654901330229
-0.628733247343677	0.151688343674084
1.05065958271836	0.499233992285843
-0.422605454395167	0.17640725326086
0.431493827089577	0.170378647120809
-0.0363358472191629	0.0235402367591131
1.07136286650501	0.650851961894903
-0.146042943245922	0.0831230873485098
-0.536543629071067	0.201474262127947
-0.392519991580671	0.272229723632645
-0.0468749067181693	0.0223062250385374
-0.146968103506265	0.0836904449816644
-1.52955481711501	0.543641482939636
-1.1413415008172	0.344450233445194
-0.16684564485734	0.0597373941238438
-0.0438510272292785	0.0209070802229925
-0.586950533041316	0.431997610285086
-2.49062038066175	1.37863753906601
-0.292362588358001	0.214111461020208
-0.449934597183945	0.350958024971917
-1.2735512224508	1.39748959752208
-1.83564160885514	0.742645090374466
0.127651677266186	0.0424864772644231
-0.162773904851633	0.0583118006958389
-0.684942302875899	0.484918690589541
-0.961349319562284	0.591602100828196
-1.10690313658118	0.762688453941224
0.143010764582895	0.0686818565623084
4.99466338292499	3.52115362220563
-0.559131163906655	0.357955773472664
1.35135359150295	1.24857351830979
0.0248494151327971	0.0134342206028466
-0.50709512987148	0.268080796616478
0.661225548064972	0.20772290984652
0.661225548064972	0.20772290984652
1.23430593503963	1.04051714865959
-0.909119975465577	0.763014196565659
-1.00037438735711	0.493892565592627
-1.5292536270854	0.543488048058857
-0.460319508953249	0.307671338316115
-0.415571759759463	0.237512664203769
-1.13895833229548	0.343813220888229
-0.241194698180716	0.0775963201393135
-2.57660997484294	0.657538252319339
0.160813493636874	0.0402291855562724
0.135364021327178	0.0449437078279942
0.94820175004088	0.248479682375772
-0.35569023027487	0.10209347470967
0.777123188708003	0.462143896688881
-1.52525862148376	0.541687313963439
0.514481081391015	0.181268451010121
0.155713854733082	0.0390835596706886
0.144976980831471	0.0425943260188831
-1.04630043534404	0.412061137796638
-0.936104505451993	0.691003639943321
-0.735201728577998	0.25087231236032
-1.83996143837479	0.744733446648564
-0.240627572806769	0.0774207528438286
-1.04221071709325	0.410198911511082
-1.14088544605048	0.344426431780091
-2.08460819785075	0.94084287548003
-1.0046184504941	0.49675456385791
-0.53874057789979	0.202401825815006
-0.789874992835508	0.342400986685966
-0.238867027256143	0.076861982184789
-0.792741102489134	0.344191342632362
-0.354815349846941	0.101888689175609
0.141967130194531	0.0417132288760272
-1.52896155531942	0.543366808154917
0.322823995360597	0.178684852675944
-0.538169446885037	0.20211193569765
-1.0438234260038	0.410788519057193
-2.00416513793158	1.39844968872293
0.805467397708516	0.331643487494376
-1.50594114050579	0.757317613930428
-1.83099487872884	0.740025429797688
-1.18455679987255	0.661253401831801
-0.806463030557378	0.537446444024282
-0.811901003541278	0.542872244289489
0.127141626540389	0.0479115733238652
-0.317675867325163	0.146281159029607
-0.628599509856641	0.151612619227975
1.81515619836297	0.703574555319196
-0.74243876954869	0.25362235352836
-3.08216231491203	0.947551973079846
-1.04290235412753	0.410559570501728
-1.5270374870482	0.542502468800959
-0.535402990152881	0.201037267314672
-0.16320537150404	0.0584738074539776
-0.789874992835508	0.342400986685966
-2.57660997484294	0.657538252319339
0.883522598319616	0.46852696737076
-1.04324829900211	0.41067273876345
-0.737154567775087	0.251538686589487
-0.35262379016767	0.101278913820777
0.947770742439721	0.248281535275256
0.0100217133238794	0.00556934426921905
-0.146301412530307	0.0832902148907592
-0.171201121492568	0.0613083374431992
-0.07500874924485	0.0330421732017199
1.23380302357541	0.847974758507903
-0.734865258526109	0.250732421647056
-0.554234070092779	0.354290941824182
-0.73955895107728	0.252503873418029
-0.936855370068527	0.691868698813166
-1.34565062926755	0.845116957584633
-1.34702017038397	0.845703230917462
1.04627192358655	0.496574206795781
-0.352328640216398	0.101201570764145
0.510967914253512	0.180245566763838
0.516547144535097	0.182142928581128
0.157370411029726	0.0293708256249034
-0.628030265547787	0.151499678636842
-1.1414839653338	0.344622990730584
-0.742101285286405	0.253499136601578
-0.418161763577722	0.174493277433451
-0.738670030097319	0.252119567169358
0.661811042100157	0.2078534144171
0.421616261221355	0.166276240508206
-0.233742966580479	0.0752394538943447
-1.14171114622793	0.344693702322242
0.952960668065698	0.249631740841768
-0.628733247343677	0.151688343674084
-1.14088544605048	0.344426431780091
-3.76137421922742	1.48226291907169
-0.27871619291156	0.175950715324314
0.144054213480702	0.0423469198905259
-1.04756717059493	0.412661948904752
-1.14559783756009	0.346052129596875
-3.46322465260564	1.22963503158779
0.433717103386986	0.171306483537627
-0.797312161678037	0.346534853807119
-0.804820053038182	0.536215143714145
-1.17864307160213	0.656290499865929
-1.35511250636166	1.1299733227504
-0.326163569155701	0.150641135179387
0.876717909154008	0.463866575605238
1.2549443845612	0.679024318006008
1.94061715528457	1.19116475198616
-1.83132702405761	0.74028277145384
-1.14088544605048	0.344426431780091
2.33899743092669	1.14663661123896
1.95731570776637	0.441000340195791
-1.1414839653338	0.344622990730584
0.160813493636874	0.0402291855562724
-2.00048312009654	1.39174841402399
-0.507188305421916	0.267753560501838
0.156304884454214	0.0392194704826931
0.144976980831471	0.0425943260188831
0.14380305748793	0.042271222114559
-3.08189869996978	0.9470994296719
-1.79840965860499	0.382877827643389
-0.742776335066151	0.253679551734855
-0.118526093569951	0.0471935654315832
0.144389940892798	0.0424393237157952
-0.176123121958993	0.0630477339015756
-0.539438704416492	0.202662195535841
1.0444623770314	0.495719164594595
-0.938523873440385	0.694347305291131
1.55620078746038	0.756212440653057
1.31763888527422	0.565583561080284
-0.352915395102444	0.101358152963712
0.315920072515999	0.191302687386844
-1.52497036065527	0.541612586959632
-0.239712126266584	0.0770946293272292
-1.83564160885514	0.742645090374466
1.95786695174359	0.441149378722158
0.155111385030128	0.0290417527313876
-0.356367399040958	0.102345848061694
-1.79840965860499	0.382877827643389
-1.14499995487719	0.345855392571373
-0.236865950236819	0.0762080730306188
-0.628599509856641	0.151612619227975
-0.238300485260816	0.0767056206772632
-1.0036817951782	0.496273719320379
-1.6904410732661	0.950884310209639
-1.14171114622793	0.344693702322242
-0.353939368265063	0.101586834148653
-1.1413415008172	0.344450233445194
-2.5766529574574	0.657773148602288
-1.14171114622793	0.344693702322242
-0.240759104425561	0.0774229005659888
-0.628299579656606	0.151558046801791
-0.236642536873473	0.0761450888689269
-2.48837314254242	1.37541005050241
-4.01127274087298	1.72385346831695
-1.83105982818556	0.740099638711398
1.25368012065866	0.678376263809774
0.13571412709247	0.0450530753488282
-0.168098950998947	0.060182556134742
-0.540010421209968	0.202885751343567
-0.794523906500362	0.345121969413896
0.347359056531357	0.173621731831502
-0.165766787157628	0.0594163094679699
-0.966097906479983	0.596319682562756
-3.45922605387697	1.22727228815634
-0.737745529684395	0.251848226779474
0.160221796316651	0.0401166927693931
1.81604086904786	0.704001590638153
0.157370411029726	0.0293708256249034
0.155067569950451	0.0290355764553768
-0.628733247343677	0.151688343674084
-0.632563406792844	0.152610991116788
-3.4599009305559	1.22709220959572
0.374019062828365	0.165791509559394
-0.789083391693148	0.34215026874497
-0.628733247343677	0.151688343674084
-0.356367399040958	0.102345848061694
1.54793474376751	0.750539790868506
0.131814043124596	0.0438161720723548
-0.968765719468322	0.598495613379859
-1.52468217246603	0.541450953371581
0.802840016253824	0.330197869326294
-0.118901525235319	0.0472561684211653
-0.980569780599248	0.607772268103402
1.60554342607263	1.11137339749534
-0.628516191143665	0.301330111365903
1.75824597538546	0.96327545614859
-1.85666645757448	1.16305581123732
-0.325919631192563	0.150478994963884
-1.14171114622793	0.344693702322242
-2.5766529574574	0.657773148602288
-2.5766529574574	0.657773148602288
-1.5292536270854	0.543488048058857
-1.83564160885514	0.742645090374466
-1.79839614394125	0.382877807711208
-2.5766529574574	0.657773148602288
0.160813493636874	0.0402291855562724
-0.234534484549801	0.0754746413023498
-0.737745529684395	0.251848226779474
0.154465593370314	0.0289479903375428
0.14371839260098	0.0422424410228484
-0.628164901903538	0.15157555358925
0.156070095129669	0.0391676647119387
-0.4091824118403	0.170371875601388
1.04599966087592	0.496530182996476
0.94820175004088	0.248479682375772
0.661811042100157	0.2078534144171
-1.51318979569184	0.762352086460052
-0.241892151565733	0.0777967682855961
-1.05470706105612	0.85376223665309
0.142023765550694	0.0681738133475776
0.142892234362748	0.0419793224062305
-1.04324829900211	0.41067273876345
-1.10977097667302	0.764355516787777
-0.788395480319902	0.341804995882944
-0.237559934502149	0.0764246711906185
-0.241543381848446	0.0777055848228126
-0.359141638818634	0.103112871302961
0.133301116726748	0.0442849463266127
-1.79839614394125	0.382877807711208
-1.79839614394125	0.382877807711208
-1.79839614394125	0.382877807711208
-1.48799978515012	1.04024579546187
-1.29825184667106	0.579597355540298
-0.359141638818634	0.103112871302961
-0.234534484549801	0.0754746413023498
-0.354815349846941	0.101888689175609
0.371241121847868	0.164587159709047
-0.168415949181166	0.0603482965151677
-0.150505124429062	0.085728354251114
-0.783271168461203	0.339225590175745
-0.789949074347787	0.342860425674977
-1.00037438735711	0.493892565592627
-2.08495289661111	0.941010945670462
-1.04744397176015	0.412600703300656
-0.746717249463686	0.255040079048345
-1.53356266427775	0.545121163894634
0.144725574883443	0.0425191258680454
0.144976980831471	0.0425943260188831
0.422040479715549	0.166403584249267
0.160221796316651	0.0401166927693931
-3.76500715654354	1.48473725010782
-2.57968420714322	0.659073447553718
-0.536322009305803	0.201466150653051
-0.411662068870429	0.171457253105263
-0.354815349846941	0.101888689175609
-1.14193838802885	0.344646219015582
1.04467439086358	0.495654476038041
-0.801708543085986	0.437172294338983
-0.353939368265063	0.101586834148653
-0.63185471444008	0.152466960619287
0.131814043124596	0.0438161720723548
-1.1413415008172	0.344450233445194
0.801922158295548	0.329828855715043
-0.997509204027781	0.492307329534456
-0.670434356152933	0.40163781241793
-1.34503504426063	0.844198810266817
-0.628867026021838	0.151670609188118
0.510051323737923	0.179850968444512
0.155111385030128	0.0290417527313876
-1.50582537229307	0.757248272046165
-0.803216882510309	0.438590305819577
2.75641316563256	0.763778311858285
0.51408290047205	0.181384498788784
-1.14088544605048	0.344426431780091
-0.415116620386652	0.172916119993669
-0.625027601916104	0.299661779686145
-1.05085567955959	0.414282430800086
-1.83132702405761	0.74028277145384
-1.83039434521114	0.739673075735054
-0.163838348578899	0.058695787626698
-1.18590905355777	0.662017355328606
-2.65199009148174	1.6157608196678
-0.78973067173135	0.342677677503607
-1.83132702405761	0.74028277145384
-1.69755473648934	0.956746002461676
-0.416693095622326	0.238475182037057
-0.416822955539083	0.238338947640871
-0.535972986453295	0.201305640312495
-0.788962872631865	0.342076545446221
-2.5766529574574	0.657773148602288
-0.54233208208366	0.203886592916296
-0.354809804669678	0.101824397658975
-0.746468959039539	0.255084183402722
-0.742101285286405	0.253499136601578
-0.330083030983558	0.152436412473373
-0.236989724567202	0.0762485047293907
-0.939542744372059	0.694857724976873
-1.35686030224168	1.13039767342366
-1.18618496921206	0.662452990855805
-1.52955481711501	0.543641482939636
-0.632563406792844	0.152610991116788
-1.79839614394125	0.382877807711208
-0.425234812417783	0.177630121302664
-0.165088554277847	0.0591488725692337
-4.01226246083748	1.72475882924761
-2.57669595250488	0.657559862268914
-0.806129276371208	0.440601402672594
-0.121959868123294	0.0485306914005998
-0.806752288066886	0.440980957982495
-0.811479682124363	0.542310159319961
-0.498742497869816	0.262716241634925
-0.237559934502149	0.0764246711906185
-2.3045284921599	1.15130739007319
-2.00386209834963	1.39727611452813
1.04480901675325	0.495932284777841
0.13630183966332	0.065429136011701
-1.61748493970484	1.25019074663512
-0.234312185154952	0.0754304879292539
-0.0385961460084644	0.018463699436174
-0.624552065460917	0.298912713773585
-0.415514705996988	0.173267191179231
-0.010689106803507	0.00541135416774983
-0.680265348963648	0.481004810395536
-1.61754914872215	1.25279764386997
-1.24337124304727	0.948507801067035
-0.411210584802484	0.234722276370054
-0.41614391306606	0.237915426336524
-1.50920533808673	0.759234123562016
-0.411169671403364	0.234607889908155
-1.85726802343137	1.16293235461764
0.329505422110843	0.182674432655694
-0.583328449107688	0.428559921536865
-0.483217552909449	0.413664307206083
-0.111154594634472	0.0659054825833838
-0.995586257152263	0.490841111469805
-1.10984158995657	0.764484192379418
0.700453630090616	0.459198923115108
-0.415450817577452	0.173071801779126
-0.336426971042957	0.240188892570074
-1.73512507947057	1.46839193166221
-0.624465346012822	0.299268395966845
-0.322854497726682	0.148847586385378
-0.809673508940478	0.442747934748592
-1.23591810077835	0.940218938908362
-0.338892902077878	0.242200879058512
-4.01160255769466	1.72433692110226
