x	y
-1.79839614394125	0.382877807711208
0.154509067766894	0.0289541162362231
-0.628164901903538	0.15157555358925
-1.79840965860499	0.382877827643389
-1.80123754984197	0.383647112861273
-1.79839614394125	0.382877807711208
-1.80123754984197	0.383647112861273
0.155067569950451	0.0290355764553768
-2.57660997484294	0.657538252319339
-2.57660997484294	0.657538252319339
-1.79839614394125	0.382877807711208
0.157325350109871	0.02936446462458
-1.79839614394125	0.382877807711208
-1.80123754984197	0.383647112861273
1.95786695174359	0.441149378722158
-2.57968420714322	0.659073447553718
-1.79839614394125	0.382877807711208
-2.57963910438406	0.659061212358043
0.154465593370314	0.0289479903375428
-3.08542618523242	0.949198094742557
-2.57660997484294	0.657538252319339
-1.79840965860499	0.382877827643389
0.155111385030128	0.0290417527313876
0.155111385030128	0.0290417527313876
-2.5766529574574	0.657773148602288
0.157370411029726	0.0293708256249034
0.154465593370314	0.0289479903375428
-1.79840965860499	0.382877827643389
-0.628164901903538	0.15157555358925
-2.5766529574574	0.657773148602288
-2.57968420714322	0.659073447553718
0.157370411029726	0.0293708256249034
0.15963091503218	0.0399802605532864
-1.79839614394125	0.382877807711208
-1.79840965860499	0.382877827643389
-1.79840965860499	0.382877827643389
-2.5766529574574	0.657773148602288
-1.80123754984197	0.383647112861273
-1.79840965860499	0.382877827643389
-0.628030265547787	0.151499678636842
-0.626075023442282	0.151167646950723
0.155067569950451	0.0290355764553768
0.154509067766894	0.0289541162362231
0.155067569950451	0.0290355764553768
0.659032459281836	0.207041754611057
-0.628164901903538	0.15157555358925
0.155111385030128	0.0290417527313876
2.75868832531345	0.765017792149168
0.155067569950451	0.0290355764553768
0.157325350109871	0.02936446462458
-0.234659925712008	0.0755339906287207
-1.79839614394125	0.382877807711208
0.160813493636874	0.0402291855562724
0.155111385030128	0.0290417527313876
-1.79839614394125	0.382877807711208
0.154509067766894	0.0289541162362231
-0.628164901903538	0.15157555358925
2.75641316563256	0.763778311858285
-0.628299579656606	0.151558046801791
0.154465593370314	0.0289479903375428
1.95988292961267	0.441702177751728
-0.628733247343677	0.151688343674084
-0.628299579656606	0.151558046801791
0.155067569950451	0.0290355764553768
1.95731570776637	0.441000340195791
-1.80123754984197	0.383647112861273
-1.79839614394125	0.382877807711208
0.154509067766894	0.0289541162362231
-0.628733247343677	0.151688343674084
0.155111385030128	0.0290417527313876
-2.57968420714322	0.659073447553718
-1.1406575104342	0.344234513147494
0.152050960400409	0.028630259939513
1.95786695174359	0.441149378722158
0.154465593370314	0.0289479903375428
0.154465593370314	0.0289479903375428
-0.628030265547787	0.151499678636842
0.155067569950451	0.0290355764553768
0.159992352718576	0.0400538861334557
0.155111385030128	0.0290417527313876
2.75641316563256	0.763778311858285
0.157370411029726	0.0293708256249034
2.10286507825917	0.92563188054431
-1.79839614394125	0.382877807711208
0.15547989361324	0.039031965106125
-2.57669595250488	0.657559862268914
0.155067569950451	0.0290355764553768
-1.79839614394125	0.382877807711208
-1.79839614394125	0.382877807711208
1.95786695174359	0.441149378722158
-1.79839614394125	0.382877807711208
-1.80123754984197	0.383647112861273
-0.628733247343677	0.151688343674084
-0.632563406792844	0.152610991116788
0.154509067766894	0.0289541162362231
-0.628164901903538	0.15157555358925
-1.79840965860499	0.382877827643389
-1.80123754984197	0.383647112861273
-1.1413415008172	0.344450233445194
0.94820175004088	0.248479682375772
0.155067569950451	0.0290355764553768
1.95731570776637	0.441000340195791
-0.628733247343677	0.151688343674084
-2.57660997484294	0.657538252319339
0.157325350109871	0.02936446462458
1.95731570776637	0.441000340195791
-3.45967591146264	1.22746502283364
-1.79840965860499	0.382877827643389
-1.79840965860499	0.382877827643389
-1.79839614394125	0.382877807711208
-2.57968420714322	0.659073447553718
-1.79839614394125	0.382877807711208
-1.79840965860499	0.382877827643389
2.75580772001712	0.763760469153332
-1.79839614394125	0.382877807711208
-1.79840965860499	0.382877827643389
-1.79839614394125	0.382877807711208
-1.79839614394125	0.382877807711208
1.95731570776637	0.441000340195791
0.157325350109871	0.02936446462458
-3.08216231491203	0.947551973079846
-1.79840965860499	0.382877827643389
0.154465593370314	0.0289479903375428
0.950426851449918	0.249037516760643
1.95988292961267	0.441702177751728
0.154509067766894	0.0289541162362231
0.94820175004088	0.248479682375772
-1.79839614394125	0.382877807711208
-0.628164901903538	0.15157555358925
-2.57669595250488	0.657559862268914
-1.79840965860499	0.382877827643389
-1.79840965860499	0.382877827643389
-1.79839614394125	0.382877807711208
-1.79840965860499	0.382877827643389
1.95988292961267	0.441702177751728
-1.79839614394125	0.382877807711208
0.155111385030128	0.0290417527313876
-2.5766529574574	0.657773148602288
-1.79840965860499	0.382877827643389
3.26569824690609	1.10327543173781
-1.79839614394125	0.382877807711208
-1.14171114622793	0.344693702322242
-1.79839614394125	0.382877807711208
1.95988292961267	0.441702177751728
-1.79840965860499	0.382877827643389
-0.628599509856641	0.151612619227975
-1.79839614394125	0.382877807711208
1.95731570776637	0.441000340195791
-1.79839614394125	0.382877807711208
-1.80123754984197	0.383647112861273
-2.57669595250488	0.657559862268914
-1.79840965860499	0.382877827643389
-2.5766529574574	0.657773148602288
-2.57968420714322	0.659073447553718
0.154311934860129	0.0289593414864238
0.154465593370314	0.0289479903375428
0.154465593370314	0.0289479903375428
-1.79840965860499	0.382877827643389
-1.79840965860499	0.382877827643389
-1.79840965860499	0.382877827643389
-1.79839614394125	0.382877807711208
1.95786695174359	0.441149378722158
-1.79839614394125	0.382877807711208
2.75580772001712	0.763760469153332
1.95731570776637	0.441000340195791
-1.79839614394125	0.382877807711208
-0.35569023027487	0.10209347470967
0.155111385030128	0.0290417527313876
-1.79839614394125	0.382877807711208
0.155111385030128	0.0290417527313876
1.95786695174359	0.441149378722158
1.95786695174359	0.441149378722158
-0.628599509856641	0.151612619227975
0.154509067766894	0.0289541162362231
-1.79839614394125	0.382877807711208
0.155067569950451	0.0290355764553768
0.948337549654709	0.248516516252871
-0.628164901903538	0.15157555358925
1.95786695174359	0.441149378722158
-1.79839614394125	0.382877807711208
-1.79840965860499	0.382877827643389
-1.79839614394125	0.382877807711208
1.95731570776637	0.441000340195791
-2.57968420714322	0.659073447553718
-2.57963910438406	0.659061212358043
0.154465593370314	0.0289479903375428
-2.57669595250488	0.657559862268914
-1.79839614394125	0.382877807711208
1.81456677210567	0.703082758766755
1.95786695174359	0.441149378722158
1.95731570776637	0.441000340195791
2.75807933893485	0.764710363024488
-1.79839614394125	0.382877807711208
0.950858461556905	0.2491584305819
-1.80123754984197	0.383647112861273
0.155111385030128	0.0290417527313876
0.948905461162112	0.248586345985544
-2.5766529574574	0.657773148602288
-2.5766529574574	0.657773148602288
-1.79840965860499	0.382877827643389
-2.5766529574574	0.657773148602288
-0.354815349846941	0.101888689175609
2.75807933893485	0.764710363024488
-1.1414839653338	0.344622990730584
-1.79839614394125	0.382877807711208
-3.08216231491203	0.947551973079846
-2.5766529574574	0.657773148602288
-1.79840965860499	0.382877827643389
-0.628299579656606	0.151558046801791
1.95786695174359	0.441149378722158
-1.79839614394125	0.382877807711208
2.75580772001712	0.763760469153332
0.154465593370314	0.0289479903375428
0.154465593370314	0.0289479903375428
-0.628299579656606	0.151558046801791
-0.63185471444008	0.152466960619287
0.155111385030128	0.0290417527313876
-3.08556356757563	0.949512459473102
-3.46276423195498	1.22902448571158
0.660347295989593	0.207462296247491
-3.45945095257726	1.22747869975084
-1.1412568453231	0.344431220445032
-1.79839614394125	0.382877807711208
0.157325350109871	0.02936446462458
0.154509067766894	0.0289541162362231
-1.79839614394125	0.382877807711208
-2.57669595250488	0.657559862268914
0.154509067766894	0.0289541162362231
-1.79840965860499	0.382877827643389
-1.79840965860499	0.382877827643389
-1.80123754984197	0.383647112861273
-2.57660997484294	0.657538252319339
-1.14088544605048	0.344426431780091
-0.628164901903538	0.15157555358925
0.514213661606994	0.181383794125596
0.947635845528227	0.248244973505163
-1.52556530925699	0.541887546993991
-1.79839614394125	0.382877807711208
-0.355112179440658	0.101904546481095
-0.354815349846941	0.101888689175609
0.155067569950451	0.0290355764553768
-1.1412568453231	0.344431220445032
0.947770742439721	0.248281535275256
0.154509067766894	0.0289541162362231
0.155111385030128	0.0290417527313876
-0.628599509856641	0.151612619227975
-2.57669595250488	0.657559862268914
-0.62621301873586	0.15115097520137
0.154509067766894	0.0289541162362231
-1.79840965860499	0.382877827643389
0.65757421006213	0.206588655278929
0.950998501270056	0.249196467275389
-1.79839614394125	0.382877807711208
-1.79839614394125	0.382877807711208
-2.5766529574574	0.657773148602288
-1.79840965860499	0.382877827643389
0.155067569950451	0.0290355764553768
0.154465593370314	0.0289479903375428
0.155067569950451	0.0290355764553768
-2.5766529574574	0.657773148602288
-0.626075023442282	0.151167646950723
-1.79839614394125	0.382877807711208
-0.628164901903538	0.15157555358925
-2.5766529574574	0.657773148602288
0.155111385030128	0.0290417527313876
0.948768757521975	0.248549269795159
2.75641316563256	0.763778311858285
-1.52497036065527	0.541612586959632
-0.628299579656606	0.151558046801791
-1.79839614394125	0.382877807711208
-1.79840965860499	0.382877827643389
-1.79839614394125	0.382877807711208
-2.5766529574574	0.657773148602288
0.163185820804974	0.0407257646525502
1.95786695174359	0.441149378722158
-1.14559783756009	0.346052129596875
0.154465593370314	0.0289479903375428
-1.79840965860499	0.382877827643389
-1.79840965860499	0.382877827643389
-1.79839614394125	0.382877807711208
-1.14559783756009	0.346052129596875
2.75520320904554	0.763197913000704
0.154465593370314	0.0289479903375428
-2.5766529574574	0.657773148602288
-0.628599509856641	0.151612619227975
-3.08216231491203	0.947551973079846
-3.76108876538849	1.48211039032061
-0.628733247343677	0.151688343674084
0.155111385030128	0.0290417527313876
0.157370411029726	0.0293708256249034
-1.52439405688463	0.541142934209623
-1.52955481711501	0.543641482939636
0.511535984561553	0.180463547184556
0.94820175004088	0.248479682375772
-1.79840965860499	0.382877827643389
-2.57660997484294	0.657538252319339
0.155067569950451	0.0290355764553768
-2.57963910438406	0.659061212358043
-1.79839614394125	0.382877807711208
-0.628164901903538	0.15157555358925
-1.79839614394125	0.382877807711208
0.154465593370314	0.0289479903375428
0.16045117802105	0.0401558290866076
0.152050960400409	0.028630259939513
0.154465593370314	0.0289479903375428
0.155111385030128	0.0290417527313876
1.02709860167831	0.383182847467804
1.95786695174359	0.441149378722158
-2.5766529574574	0.657773148602288
-1.79839614394125	0.382877807711208
-1.79839614394125	0.382877807711208
0.160221796316651	0.0401166927693931
1.95731570776637	0.441000340195791
-1.79839614394125	0.382877807711208
-1.79839614394125	0.382877807711208
-3.08216231491203	0.947551973079846
-0.626075023442282	0.151167646950723
0.154465593370314	0.0289479903375428
0.154465593370314	0.0289479903375428
-1.14088544605048	0.344426431780091
-2.57968420714322	0.659073447553718
0.16045117802105	0.0401558290866076
0.154465593370314	0.0289479903375428
-1.79840965860499	0.382877827643389
0.155067569950451	0.0290355764553768
-0.628733247343677	0.151688343674084
-1.79840965860499	0.382877827643389
-1.79839614394125	0.382877807711208
0.157370411029726	0.0293708256249034
-2.57660997484294	0.657538252319339
-1.79839614394125	0.382877807711208
3.26345542626113	1.10199860979414
1.95786695174359	0.441149378722158
1.95731570776637	0.441000340195791
0.657866689740957	0.206670742493303
-2.57660997484294	0.657538252319339
-1.1414839653338	0.344622990730584
-1.79839614394125	0.382877807711208
-1.79839614394125	0.382877807711208
-1.79840965860499	0.382877827643389
-1.79840965860499	0.382877827643389
0.154509067766894	0.0289541162362231
-0.628030265547787	0.151499678636842
-0.63185471444008	0.152466960619287
-2.5766529574574	0.657773148602288
-1.79840965860499	0.382877827643389
2.75580772001712	0.763760469153332
0.157370411029726	0.0293708256249034
-1.79840965860499	0.382877827643389
-1.79840965860499	0.382877827643389
-1.79840965860499	0.382877827643389
-2.5766529574574	0.657773148602288
0.154465593370314	0.0289479903375428
-1.79840965860499	0.382877827643389
-3.08556356757563	0.949512459473102
1.95731570776637	0.441000340195791
0.155111385030128	0.0290417527313876
0.15144823932183	0.0285426379557898
-1.79839614394125	0.382877807711208
-1.79840965860499	0.382877827643389
0.94820175004088	0.248479682375772
0.154311934860129	0.0289593414864238
-1.79839614394125	0.382877807711208
-3.46276423195498	1.22902448571158
-1.79840965860499	0.382877827643389
-1.79840965860499	0.382877827643389
1.95731570776637	0.441000340195791
-1.79839614394125	0.382877807711208
0.154509067766894	0.0289541162362231
-1.79840965860499	0.382877827643389
-0.628164901903538	0.15157555358925
-1.79840965860499	0.382877827643389
0.157370411029726	0.0293708256249034
-1.79839614394125	0.382877807711208
-1.79839614394125	0.382877807711208
-1.79839614394125	0.382877807711208
0.948337549654709	0.248516516252871
0.154509067766894	0.0289541162362231
-0.628733247343677	0.151688343674084
2.75641316563256	0.763778311858285
1.95786695174359	0.441149378722158
0.152050960400409	0.028630259939513
0.154509067766894	0.0289541162362231
-1.80123754984197	0.383647112861273
0.160221796316651	0.0401166927693931
0.154509067766894	0.0289541162362231
-1.79839614394125	0.382877807711208
0.94820175004088	0.248479682375772
0.154465593370314	0.0289479903375428
2.75641316563256	0.763778311858285
-2.5766529574574	0.657773148602288
-1.80123754984197	0.383647112861273
-1.79840965860499	0.382877827643389
-2.5766529574574	0.657773148602288
1.95731570776637	0.441000340195791
-3.0857009920368	0.949295045119167
-3.08203048704882	0.947509650360219
-2.5766529574574	0.657773148602288
-1.79839614394125	0.382877807711208
1.95988292961267	0.441702177751728
-2.57660997484294	0.657538252319339
-1.79839614394125	0.382877807711208
-1.79839614394125	0.382877807711208
-2.5766529574574	0.657773148602288
1.44665759513172	0.476601664632304
-1.79840965860499	0.382877827643389
1.95731570776637	0.441000340195791
3.26224218729945	1.1009233569627
-2.5766529574574	0.657773148602288
0.159992352718576	0.0400538861334557
-1.79839614394125	0.382877807711208
-1.79840965860499	0.382877827643389
-1.79840965860499	0.382877827643389
-1.79839614394125	0.382877807711208
0.157325350109871	0.02936446462458
-2.57968420714322	0.659073447553718
0.159992352718576	0.0400538861334557
0.155067569950451	0.0290355764553768
0.154465593370314	0.0289479903375428
-1.80123754984197	0.383647112861273
1.95786695174359	0.441149378722158
1.95786695174359	0.441149378722158
2.75641316563256	0.763778311858285
2.75641316563256	0.763778311858285
0.944504519928106	0.247598335656165
0.154465593370314	0.0289479903375428
-1.79839614394125	0.382877807711208
-1.79840965860499	0.382877827643389
-1.79839614394125	0.382877807711208
-1.83530553524322	0.742418988109019
0.658157600688591	0.206837664845118
-1.79840965860499	0.382877827643389
-1.79839614394125	0.382877807711208
-1.79840965860499	0.382877827643389
-1.79839614394125	0.382877807711208
1.95731570776637	0.441000340195791
0.159992352718576	0.0400538861334557
0.157370411029726	0.0293708256249034
1.95731570776637	0.441000340195791
-1.79840965860499	0.382877827643389
0.154509067766894	0.0289541162362231
-1.5292536270854	0.543488048058857
-1.52614082474697	0.541895090059418
-2.5766529574574	0.657773148602288
0.155111385030128	0.0290417527313876
-1.79839614394125	0.382877807711208
-2.57968420714322	0.659073447553718
-3.08203048704882	0.947509650360219
-2.5766529574574	0.657773148602288
-0.63185471444008	0.152466960619287
0.155067569950451	0.0290355764553768
-1.79839614394125	0.382877807711208
-2.5766529574574	0.657773148602288
-1.79840965860499	0.382877827643389
-2.57963910438406	0.659061212358043
0.154465593370314	0.0289479903375428
0.157325350109871	0.02936446462458
1.95786695174359	0.441149378722158
3.63331351050508	1.42008896661082
1.95731570776637	0.441000340195791
0.154509067766894	0.0289541162362231
0.157325350109871	0.02936446462458
1.95988292961267	0.441702177751728
-2.5766529574574	0.657773148602288
-1.79840965860499	0.382877827643389
0.155111385030128	0.0290417527313876
1.95731570776637	0.441000340195791
-1.79840965860499	0.382877827643389
0.15212683666691	0.0382614485850816
-1.79839614394125	0.382877807711208
-2.57968420714322	0.659073447553718
-1.79840965860499	0.382877827643389
0.157325350109871	0.02936446462458
-1.79839614394125	0.382877807711208
-1.14171114622793	0.344693702322242
-1.79839614394125	0.382877807711208
-2.5766529574574	0.657773148602288
1.95988292961267	0.441702177751728
-1.14559783756009	0.346052129596875
-1.79839614394125	0.382877807711208
-0.628164901903538	0.15157555358925
0.156304884454214	0.0392194704826931
-0.628867026021838	0.151670609188118
-0.628733247343677	0.151688343674084
0.154509067766894	0.0289541162362231
-1.14499995487719	0.345855392571373
1.95786695174359	0.441149378722158
-1.14171114622793	0.344693702322242
-1.79839614394125	0.382877807711208
-1.79840965860499	0.382877827643389
1.95731570776637	0.441000340195791
-2.58269164924118	0.660244336228982
0.157325350109871	0.02936446462458
-2.5766529574574	0.657773148602288
-2.5766529574574	0.657773148602288
-0.631994988626399	0.152498044571477
-1.14171114622793	0.344693702322242
-0.632424041671007	0.152580102364835
-1.79839614394125	0.382877807711208
-1.79840965860499	0.382877827643389
-2.57669595250488	0.657559862268914
-0.538518495752287	0.202252156786087
0.154509067766894	0.0289541162362231
1.95988292961267	0.441702177751728
1.95988292961267	0.441702177751728
-1.79840965860499	0.382877827643389
-0.628733247343677	0.151688343674084
-0.626075023442282	0.151167646950723
-3.76137421922742	1.48226291907169
-0.625937070321993	0.151091209012893
1.95786695174359	0.441149378722158
-1.53105076095787	0.544124626485143
-1.14536534536015	0.34589005605433
-0.234881985943443	0.0755878057926229
2.09682127519349	0.921775526445784
-1.14171114622793	0.344693702322242
0.160221796316651	0.0401166927693931
0.162952579336367	0.0406858836130456
1.45054889854294	0.478121061898946
-0.628164901903538	0.15157555358925
0.658741078701816	0.207014004441108
-1.79840965860499	0.382877827643389
-0.626075023442282	0.151167646950723
-1.79839614394125	0.382877807711208
-2.5766529574574	0.657773148602288
-0.743366896164806	0.253811440648201
-1.79839614394125	0.382877807711208
-1.79840965860499	0.382877827643389
-1.79839614394125	0.382877807711208
0.154509067766894	0.0289541162362231
1.95731570776637	0.441000340195791
-3.76500715654354	1.48473725010782
-0.628299579656606	0.151558046801791
-1.79839614394125	0.382877807711208
-0.3523322595973	0.101168276473444
-0.628299579656606	0.151558046801791
0.948768757521975	0.248549269795159
-1.80123754984197	0.383647112861273
0.161187797961992	0.0402267591628498
1.95988292961267	0.441702177751728
0.162952579336367	0.0406858836130456
0.144976980831471	0.0425943260188831
-1.79840965860499	0.382877827643389
0.15963091503218	0.0399802605532864
-2.57660997484294	0.657538252319339
0.155067569950451	0.0290355764553768
0.162125356869158	0.0404960611383205
0.156304884454214	0.0392194704826931
2.75807933893485	0.764710363024488
-1.79840965860499	0.382877827643389
-0.628733247343677	0.151688343674084
-3.76108876538849	1.48211039032061
0.157325350109871	0.02936446462458
0.154465593370314	0.0289479903375428
-1.79839614394125	0.382877807711208
-1.1414839653338	0.344622990730584
-1.79839614394125	0.382877807711208
-1.52896155531942	0.543366808154917
-1.79839614394125	0.382877807711208
-1.04021595924619	0.409215240728406
-1.79839614394125	0.382877807711208
-2.57669595250488	0.657559862268914
0.155067569950451	0.0290355764553768
-1.80123754984197	0.383647112861273
-1.79839614394125	0.382877807711208
-2.5766529574574	0.657773148602288
-2.57968420714322	0.659073447553718
-3.08542618523242	0.949198094742557
-3.08203048704882	0.947509650360219
-1.79840965860499	0.382877827643389
-0.63185471444008	0.152466960619287
0.155111385030128	0.0290417527313876
-3.08203048704882	0.947509650360219
0.155067569950451	0.0290355764553768
-2.5766529574574	0.657773148602288
-0.628733247343677	0.151688343674084
-1.79840965860499	0.382877827643389
0.145764885985373	0.0427233550222621
1.44862736407577	0.477555630338169
0.156070095129669	0.0391676647119387
-3.08556356757563	0.949512459473102
-2.5766529574574	0.657773148602288
-1.52614082474697	0.541895090059418
-2.5766529574574	0.657773148602288
-1.79839614394125	0.382877807711208
0.14027070998759	0.0412729382935957
0.156070095129669	0.0391676647119387
-0.359141638818634	0.103112871302961
0.529541234269884	0.305090976846337
0.948768757521975	0.248549269795159
-4.72331972147719	2.78956391535228
0.162125356869158	0.0404960611383205
-1.29767890644575	0.579059217742002
-2.58269164924118	0.660244336228982
0.154465593370314	0.0289479903375428
-0.354815349846941	0.101888689175609
-1.52556530925699	0.541887546993991
-3.76500715654354	1.48473725010782
0.162357836679133	0.0405597098553547
0.162952579336367	0.0406858836130456
-0.236642536873473	0.0761450888689269
-1.13872731243543	0.343741383764358
0.159859477622278	0.0400192334307773
-1.52556530925699	0.541887546993991
-1.52866955783943	0.543083867430977
-1.05520468300664	0.416206937149662
-0.53874057789979	0.202401825815006
-3.08542618523242	0.949198094742557
-0.236642536873473	0.0761450888689269
-1.79839614394125	0.382877807711208
2.75520320904554	0.763197913000704
-1.79839614394125	0.382877807711208
2.75868832531345	0.765017792149168
-2.57669595250488	0.657559862268914
-1.79840965860499	0.382877827643389
0.159992352718576	0.0400538861334557
-2.5766529574574	0.657773148602288
-1.79840965860499	0.382877827643389
-1.52896155531942	0.543366808154917
-1.13918941442725	0.343767291351689
-0.241194698180716	0.0775963201393135
-0.628299579656606	0.151558046801791
0.157325350109871	0.02936446462458
0.154509067766894	0.0289541162362231
-0.355401168227563	0.102014834884787
-1.14111344283696	0.344497381350969
-2.57660997484294	0.657538252319339
2.75520320904554	0.763197913000704
-1.79839614394125	0.382877807711208
-3.08189869996978	0.9470994296719
-0.632424041671007	0.152580102364835
0.948337549654709	0.248516516252871
-3.08542618523242	0.949198094742557
-1.79840965860499	0.382877827643389
-2.5766529574574	0.657773148602288
-2.5766529574574	0.657773148602288
1.95731570776637	0.441000340195791
-1.79840965860499	0.382877827643389
-0.734528869218703	0.25053149884483
-0.540582774520611	0.203037525917041
-0.628733247343677	0.151688343674084
-3.46345495606107	1.22933734600421
-3.45945095257726	1.22747869975084
0.155067569950451	0.0290355764553768
-0.355394630173918	0.102015543768339
-3.46345495606107	1.22933734600421
-1.14284398403614	0.345169869447138
-2.57968420714322	0.659073447553718
-1.79840965860499	0.382877827643389
1.81441103810189	0.702928228145098
-3.08203048704882	0.947509650360219
-1.52527766014307	0.541726073904961
-1.14111344283696	0.344497381350969
-1.79839614394125	0.382877807711208
-1.83099487872884	0.740025429797688
-2.57660997484294	0.657538252319339
-1.14111344283696	0.344497381350969
3.92936359942063	1.70302424744953
0.948337549654709	0.248516516252871
-2.57660997484294	0.657538252319339
1.95731570776637	0.441000340195791
1.95786695174359	0.441149378722158
-1.79840965860499	0.382877827643389
-1.79840965860499	0.382877827643389
-1.79840965860499	0.382877827643389
-1.79840965860499	0.382877827643389
-1.79839614394125	0.382877807711208
-1.80123754984197	0.383647112861273
-2.57669595250488	0.657559862268914
-3.76165974462818	1.48222195957514
-3.08542618523242	0.949198094742557
-0.628733247343677	0.151688343674084
-3.08216231491203	0.947551973079846
0.162952579336367	0.0406858836130456
-2.5766529574574	0.657773148602288
0.155111385030128	0.0290417527313876
-0.628299579656606	0.151558046801791
1.814860828926	0.70324597733131
-1.14559783756009	0.346052129596875
0.155067569950451	0.0290355764553768
-3.76442875693116	1.48378883589571
0.154509067766894	0.0289541162362231
-1.1406575104342	0.344234513147494
-2.57669595250488	0.657559862268914
-1.00395217666584	0.496433034650267
-1.79839614394125	0.382877807711208
-1.79839614394125	0.382877807711208
-1.51205147000913	0.761649961850138
-0.418766093941213	0.174660992041724
-0.628739170002546	0.301575882592353
-0.359141638818634	0.103112871302961
-3.08216231491203	0.947551973079846
-0.742186336237652	0.253369233953609
-0.354815349846941	0.101888689175609
-0.548204128346919	0.2062674559642
2.1016535237284	1.43810193422442
-4.23376817757738	1.97077097194121
-1.29318528584883	0.57616602568844
-2.5766529574574	0.657773148602288
-2.57660997484294	0.657538252319339
-3.08216231491203	0.947551973079846
3.92872162770781	1.70214081463924
-2.57669595250488	0.657559862268914
0.163185820804974	0.0407257646525502
-0.628164901903538	0.15157555358925
-1.79839614394125	0.382877807711208
-1.79839614394125	0.382877807711208
-1.79839614394125	0.382877807711208
-1.79840965860499	0.382877827643389
-1.79840965860499	0.382877827643389
0.42217472484669	0.16651690753331
-3.08556356757563	0.949512459473102
-1.29353315609389	0.576437929846008
-1.79839614394125	0.382877807711208
-1.83105982818556	0.740099638711398
0.160221796316651	0.0401166927693931
0.144389940892798	0.0424393237157952
-0.628733247343677	0.151688343674084
-1.30581611132357	0.583754906976786
-1.1414839653338	0.344622990730584
-1.79840965860499	0.382877827643389
1.95731570776637	0.441000340195791
-2.57669595250488	0.657559862268914
-2.57660997484294	0.657538252319339
0.162952579336367	0.0406858836130456
3.92452877652187	1.70087632208659
-0.237559934502149	0.0764246711906185
-2.5766529574574	0.657773148602288
0.510440135603011	0.179966436385068
-0.743029498323094	0.253754321369633
-0.355394630173918	0.102015543768339
-0.35569023027487	0.10209347470967
-1.14171114622793	0.344693702322242
-1.52984634403446	0.54376252749597
-0.35569023027487	0.10209347470967
-0.355394630173918	0.102015543768339
-2.57963910438406	0.659061212358043
0.13422930794267	0.0445728055584624
0.510271633266051	0.179924314863983
-0.172452668801544	0.0617304368190577
-1.79839614394125	0.382877807711208
-1.80123754984197	0.383647112861273
0.162125356869158	0.0404960611383205
-1.14171114622793	0.344693702322242
0.157325350109871	0.02936446462458
-1.80123754984197	0.383647112861273
-1.79840965860499	0.382877827643389
-1.79840965860499	0.382877827643389
-1.79839614394125	0.382877807711208
-1.79839614394125	0.382877807711208
-1.79839614394125	0.382877807711208
-1.79840965860499	0.382877827643389
-0.359435145573547	0.103170722743079
-0.0814595665405031	0.0358323108175206
-0.418098622830114	0.174378553054991
-1.51649369178407	0.764733640441668
-1.79839614394125	0.382877807711208
1.4480329582247	0.477161868008032
-0.417165105552592	0.173939978457542
1.94270621029333	1.19250166929759
-2.57669595250488	0.657559862268914
0.156070095129669	0.0391676647119387
0.15963091503218	0.0399802605532864
-2.5766529574574	0.657773148602288
0.659032459281836	0.207041754611057
0.159402290839324	0.0399177124259514
-1.29582752385193	0.578160974531549
-0.74269218165825	0.253631177667885
-0.355104953248248	0.101967480674674
1.81826867111223	0.704762090721195
-0.738159266562824	0.251825620637215
-0.629906869562113	0.152090136193736
-1.79839614394125	0.382877807711208
-0.628599509856641	0.151612619227975
0.155067569950451	0.0290355764553768
-1.79839614394125	0.382877807711208
-2.5766529574574	0.657773148602288
0.139684630056245	0.0411185419267414
-3.08216231491203	0.947551973079846
-0.741510950758259	0.253188727186893
-1.79839614394125	0.382877807711208
-3.45922605387697	1.22727228815634
-0.626075023442282	0.151167646950723
-1.79839614394125	0.382877807711208
-1.79839614394125	0.382877807711208
-1.79840965860499	0.382877827643389
-1.79839614394125	0.382877807711208
-1.79840965860499	0.382877827643389
-1.79839614394125	0.382877807711208
-0.738079783119958	0.251987608125061
2.75868832531345	0.765017792149168
-1.79839614394125	0.382877807711208
-2.57669595250488	0.657559862268914
-1.14171114622793	0.344693702322242
0.154509067766894	0.0289541162362231
-1.14111344283696	0.344497381350969
-0.667236342844292	0.399443129893276
-0.626075023442282	0.151167646950723
-1.79840965860499	0.382877827643389
-3.08216231491203	0.947551973079846
1.44922258720914	0.477763268309402
-0.114208159166471	0.0454613905002761
-0.239216268709345	0.0769712564401174
0.16045117802105	0.0401558290866076
0.950287720870208	0.248999740475732
-2.57660997484294	0.657538252319339
2.75580772001712	0.763760469153332
0.160221796316651	0.0401166927693931
-3.45967591146264	1.22746502283364
0.670571388016324	0.308341959138758
-0.628733247343677	0.151688343674084
-1.79839614394125	0.382877807711208
-1.80123754984197	0.383647112861273
0.429189841643481	0.169462047821113
0.152050960400409	0.028630259939513
-0.737489374761453	0.251678150254292
0.947635845528227	0.248244973505163
-1.79840965860499	0.382877827643389
0.160221796316651	0.0401166927693931
1.95786695174359	0.441149378722158
-3.0857009920368	0.949295045119167
-0.628733247343677	0.151688343674084
0.658157600688591	0.206837664845118
-1.52497036065527	0.541612586959632
-2.5766529574574	0.657773148602288
-0.537487301010156	0.201980308336473
-0.35666348042052	0.102404483392645
0.802138012530807	0.329972517070534
0.947770742439721	0.248281535275256
-0.74243876954869	0.25362235352836
-1.18554156921173	0.661825405236208
-1.30240708959037	0.582011421694818
-1.29882542782854	0.579669605589987
0.15212683666691	0.0382614485850816
-0.737154567775087	0.251538686589487
0.15963091503218	0.0399802605532864
-0.628599509856641	0.151612619227975
-1.79840965860499	0.382877827643389
-1.79839614394125	0.382877807711208
-0.738414128880846	0.252090639638632
-1.79840965860499	0.382877827643389
-2.5766529574574	0.657773148602288
-0.628867026021838	0.151670609188118
-1.79840965860499	0.382877827643389
-0.628299579656606	0.151558046801791
-3.76529646610535	1.48477662035046
-1.82874780946892	0.738800580746292
-1.79839614394125	0.382877807711208
-0.358852053011674	0.102979336804101
0.658157600688591	0.206837664845118
-1.14193838802885	0.344646219015582
-0.74269218165825	0.253631177667885
-1.79839614394125	0.382877807711208
-3.76471792016279	1.48446146627735
-0.358557998384515	0.10292132426425
-0.355104953248248	0.101967480674674
2.75868832531345	0.765017792149168
-0.632424041671007	0.152580102364835
-0.628733247343677	0.151688343674084
-1.1413415008172	0.344450233445194
-1.1824938027729	0.658885369129562
-0.741763882242001	0.253307934106881
-2.5766529574574	0.657773148602288
-1.79839614394125	0.382877807711208
-0.625937070321993	0.151091209012893
-2.5766529574574	0.657773148602288
-3.08216231491203	0.947551973079846
0.162125356869158	0.0404960611383205
-0.0784324197780788	0.0345177385183641
-1.29860074136172	0.5797920330012
-0.419424537328239	0.175049193880038
-1.14171114622793	0.344693702322242
-0.236295434458238	0.0760318807121589
-0.352328640216398	0.101201570764145
-0.738079783119958	0.251987608125061
-1.04290235412753	0.410559570501728
-1.79840965860499	0.382877827643389
-1.5292536270854	0.543488048058857
-1.85563924109955	1.16406443245283
-0.790293055908666	0.343033629214228
-0.63185471444008	0.152466960619287
-1.0081234533342	0.498869422238765
-3.08556356757563	0.949512459473102
-1.79839614394125	0.382877807711208
-1.79840965860499	0.382877827643389
-1.79839614394125	0.382877807711208
0.154465593370314	0.0289479903375428
0.947635845528227	0.248244973505163
-1.14111344283696	0.344497381350969
-1.79839614394125	0.382877807711208
-2.57968420714322	0.659073447553718
-2.57968420714322	0.659073447553718
-2.5766529574574	0.657773148602288
-0.62621301873586	0.15115097520137
-0.536322009305803	0.201466150653051
-2.5766529574574	0.657773148602288
-1.79839614394125	0.382877807711208
-1.79840965860499	0.382877827643389
0.658157600688591	0.206837664845118
0.510967914253512	0.180245566763838
1.81767719681703	0.704324972687456
0.950287720870208	0.248999740475732
1.95786695174359	0.441149378722158
0.15820382838182	0.0396092897578142
-3.08203048704882	0.947509650360219
-0.628299579656606	0.151558046801791
0.131814043124596	0.0438161720723548
0.656014281877058	0.205959668867586
-0.362614650451211	0.104032260636264
-1.79840965860499	0.382877827643389
-0.632563406792844	0.152610991116788
-1.83936441734733	0.744382146126046
0.160813493636874	0.0402291855562724
-0.353939368265063	0.101586834148653
0.157325350109871	0.02936446462458
-0.628733247343677	0.151688343674084
-1.04267374187429	0.410246962947944
0.159992352718576	0.0400538861334557
0.155067569950451	0.0290355764553768
0.162952579336367	0.0406858836130456
-1.13918941442725	0.343767291351689
0.155067569950451	0.0290355764553768
0.143137930281083	0.0420234902455121
0.140361834634309	0.0413037326992959
-0.358264019190404	0.102817613458252
-2.57669595250488	0.657559862268914
-0.628867026021838	0.151670609188118
-0.354809804669678	0.101824397658975
-1.13872731243543	0.343741383764358
-0.628299579656606	0.151558046801791
-0.628599509856641	0.151612619227975
0.15963091503218	0.0399802605532864
-1.79840965860499	0.382877827643389
-0.626075023442282	0.151167646950723
-2.5766529574574	0.657773148602288
-2.5766529574574	0.657773148602288
-1.79840965860499	0.382877827643389
-2.57669595250488	0.657559862268914
-2.57968420714322	0.659073447553718
0.159859477622278	0.0400192334307773
-0.62621301873586	0.15115097520137
-1.1414839653338	0.344622990730584
-3.08229418357021	0.947231644170671
-0.628733247343677	0.151688343674084
-1.52614082474697	0.541895090059418
-1.79839614394125	0.382877807711208
-0.351744415353914	0.1010114930848
-2.57968420714322	0.659073447553718
0.154465593370314	0.0289479903375428
-0.355394630173918	0.102015543768339
0.15212683666691	0.0382614485850816
-2.49096274093513	1.37902869839897
1.95731570776637	0.441000340195791
-1.52527766014307	0.541726073904961
0.154465593370314	0.0289479903375428
-0.628164901903538	0.15157555358925
-3.46322465260564	1.22963503158779
-1.14171114622793	0.344693702322242
-1.79839614394125	0.382877807711208
-1.79840965860499	0.382877827643389
-1.79839614394125	0.382877807711208
-1.14284398403614	0.345169869447138
0.156661115950913	0.0392800358899383
-1.83305889694033	0.741106639876373
-1.04887192660023	0.413255929441184
1.81633531763119	0.703887329894944
0.156304884454214	0.0392194704826931
-4.01160255769466	1.72433692110226
-0.168098950998947	0.060182556134742
0.128217426027829	0.0426676360228733
-0.236989724567202	0.0762485047293907
2.3415744993868	1.14854547995181
-1.83072704109891	0.739930594937107
-1.14308042190445	0.345158978274606
-0.541053988501391	0.203408052094411
0.160221796316651	0.0401166927693931
-1.14088544605048	0.344426431780091
0.160813493636874	0.0402291855562724
-0.628867026021838	0.151670609188118
-0.354809804669678	0.101824397658975
-0.352328640216398	0.101201570764145
-0.626075023442282	0.151167646950723
-1.79839614394125	0.382877807711208
-1.79839614394125	0.382877807711208
-1.79839614394125	0.382877807711208
-2.57669595250488	0.657559862268914
-1.79839614394125	0.382877807711208
0.16045117802105	0.0401558290866076
0.154509067766894	0.0289541162362231
-0.628030265547787	0.151499678636842
-1.1414839653338	0.344622990730584
-1.14284398403614	0.345169869447138
-1.1414839653338	0.344622990730584
3.26345542626113	1.10199860979414
0.950426851449918	0.249037516760643
0.943937640725668	0.24736392993685
-1.1414839653338	0.344622990730584
-1.79839614394125	0.382877807711208
2.75641316563256	0.763778311858285
1.4480329582247	0.477161868008032
-0.736819853337875	0.251337978101795
0.511187733730715	0.180331422147582
-1.05177357284393	0.414555736325111
-0.62621301873586	0.15115097520137
0.155067569950451	0.0290355764553768
0.155067569950451	0.0290355764553768
-1.79839614394125	0.382877807711208
-2.5766529574574	0.657773148602288
0.948905461162112	0.248586345985544
0.160221796316651	0.0401166927693931
0.157325350109871	0.02936446462458
-1.13895833229548	0.343813220888229
0.154465593370314	0.0289479903375428
-0.35569023027487	0.10209347470967
-0.746468959039539	0.255084183402722
-1.79839614394125	0.382877807711208
0.144054213480702	0.0423469198905259
1.44839669376933	0.477459847846965
-2.57963910438406	0.659061212358043
-1.13895833229548	0.343813220888229
0.948768757521975	0.248549269795159
0.663718669460888	0.208457802619674
-1.83496954182052	0.74201254055013
-0.628733247343677	0.151688343674084
-1.14171114622793	0.344693702322242
1.95786695174359	0.441149378722158
0.15820382838182	0.0396092897578142
-2.57669595250488	0.657559862268914
0.144725574883443	0.0425191258680454
-1.79840965860499	0.382877827643389
0.157370411029726	0.0293708256249034
0.160221796316651	0.0401166927693931
-0.740148737877288	0.252718341140933
-3.08203048704882	0.947509650360219
3.26795444532845	1.10381433627613
-1.83072704109891	0.739930594937107
3.26284822825054	1.10169382604423
2.75580772001712	0.763760469153332
1.01985986214015	0.380041869937102
0.15963091503218	0.0399802605532864
0.94820175004088	0.248479682375772
1.02156194483674	0.380771817220124
-2.5766529574574	0.657773148602288
0.660638687988492	0.207526442563452
0.947635845528227	0.248244973505163
-0.359141638818634	0.103112871302961
1.95731570776637	0.441000340195791
-2.5766529574574	0.657773148602288
-1.14088544605048	0.344426431780091
0.157325350109871	0.02936446462458
3.26857074944807	1.10417713664958
0.157370411029726	0.0293708256249034
0.155067569950451	0.0290355764553768
-2.57660997484294	0.657538252319339
0.140948251392809	0.041458274749763
0.848581912595674	0.624303687069748
-0.741848602831151	0.253311922462979
0.490849444040682	0.310115715352913
0.65497430637128	0.468078483675697
1.02271178737872	0.381316878019672
-4.22684467392822	1.96434041549701
-2.08922761541921	0.943816452673973
-1.14536534536015	0.34589005605433
-0.541982138529851	0.203732865607725
-1.18309149572464	0.65955331260621
-0.507446090858095	0.268288433172257
-0.623583634287472	0.298378288783754
0.324849405341451	0.180134989335203
-1.51193347960281	0.761871435562758
0.512103476504473	0.180655514559587
-0.806853225210099	0.537773647420436
0.156304884454214	0.0392194704826931
-1.79840965860499	0.382877827643389
-3.08898467402977	0.950960285645612
-1.79840965860499	0.382877827643389
1.95988292961267	0.441702177751728
0.154465593370314	0.0289479903375428
-1.79840965860499	0.382877827643389
-1.79840965860499	0.382877827643389
-1.79839614394125	0.382877807711208
-1.79840965860499	0.382877827643389
0.948337549654709	0.248516516252871
-2.5766529574574	0.657773148602288
0.155067569950451	0.0290355764553768
-1.29248311709606	0.576064314032627
1.95988292961267	0.441702177751728
-0.625380300345378	0.299760189641616
-0.628867026021838	0.151670609188118
-1.79839614394125	0.382877807711208
-0.354519585455166	0.101776151388844
-0.352036490485324	0.101122204058746
-0.811548312015934	0.443713279071194
0.127141626540389	0.0479115733238652
1.44509906384746	0.476148552116978
-2.57669595250488	0.657559862268914
3.92936359942063	1.70302424744953
-0.23733699757943	0.0763359683654099
1.8135291528185	0.702758164322864
-1.14111344283696	0.344497381350969
-0.237212899766669	0.0763212805777045
-1.14536534536015	0.34589005605433
-0.628733247343677	0.151688343674084
-1.79839614394125	0.382877807711208
-2.57660997484294	0.657538252319339
-0.540269772022685	0.203101413077247
-1.79839614394125	0.382877807711208
-4.01990702171036	1.73000299817318
-3.76108876538849	1.48211039032061
-3.08189869996978	0.9470994296719
-2.5766529574574	0.657773148602288
-3.08229418357021	0.947231644170671
-1.52554695498285	0.541620681553635
0.154509067766894	0.0289541162362231
3.63694507499105	1.42148992135626
-0.628299579656606	0.151558046801791
-0.737745529684395	0.251848226779474
0.948768757521975	0.248549269795159
0.157325350109871	0.02936446462458
-1.52304226528151	0.540703452519057
0.132382889280095	0.0439989008298304
-2.30076598465326	1.14787782347651
0.658449623497539	0.206846818911275
0.663427748733987	0.208300313291545
-0.418494190903507	0.174652651803506
-3.46322465260564	1.22963503158779
-1.50981787638691	0.760401413502174
-1.53297073485798	0.544868330378889
-1.83105982818556	0.740099638711398
-0.99784185095149	0.492475193471146
0.660638687988492	0.207526442563452
-1.79839614394125	0.382877807711208
-1.83671000980052	0.742902778346684
-0.628164901903538	0.15157555358925
-4.01226246083748	1.72475882924761
-2.57963910438406	0.659061212358043
0.154465593370314	0.0289479903375428
2.10193245054258	0.924755435038698
1.44569447046789	0.476184455710964
-1.52896155531942	0.543366808154917
-0.632563406792844	0.152610991116788
-0.625937070321993	0.151091209012893
-0.628733247343677	0.151688343674084
-1.79840965860499	0.382877827643389
0.157370411029726	0.0293708256249034
0.950426851449918	0.249037516760643
-1.79839614394125	0.382877807711208
-1.79840965860499	0.382877827643389
-1.79840965860499	0.382877827643389
-1.52497036065527	0.541612586959632
-0.628599509856641	0.151612619227975
1.95731570776637	0.441000340195791
-2.57660997484294	0.657538252319339
1.95731570776637	0.441000340195791
-1.05050652459443	0.414019102141552
2.75520320904554	0.763197913000704
-2.57660997484294	0.657538252319339
3.26795444532845	1.10381433627613
0.162125356869158	0.0404960611383205
0.154509067766894	0.0289541162362231
-0.738748567012076	0.252134640052989
-0.632563406792844	0.152610991116788
-1.79839614394125	0.382877807711208
-1.14914601884225	0.347138431595007
0.155713854733082	0.0390835596706886
-0.542900106811953	0.204176406519794
-1.83564160885514	0.742645090374466
0.154509067766894	0.0289541162362231
-3.46322465260564	1.22963503158779
-3.76165974462818	1.48222195957514
-0.628299579656606	0.151558046801791
-0.354519585455166	0.101776151388844
-2.5766529574574	0.657773148602288
-1.52556530925699	0.541887546993991
0.15820382838182	0.0396092897578142
-1.79839614394125	0.382877807711208
-1.79840965860499	0.382877827643389
-2.5766529574574	0.657773148602288
-0.354229439997714	0.101697261087168
-1.14559783756009	0.346052129596875
-1.79840965860499	0.382877827643389
-0.628867026021838	0.151670609188118
-1.79840965860499	0.382877827643389
-2.57669595250488	0.657559862268914
-3.08216231491203	0.947551973079846
-2.57669595250488	0.657559862268914
-3.08556356757563	0.949512459473102
-1.79840965860499	0.382877827643389
-3.08556356757563	0.949512459473102
-3.45945095257726	1.22747869975084
-2.5766529574574	0.657773148602288
-1.14088544605048	0.344426431780091
0.128431434764688	0.0427214136286789
0.659324643575319	0.207123110468657
-1.83199158756097	0.740532814070127
-1.13918941442725	0.343767291351689
0.14027070998759	0.0412729382935957
-3.76080338308098	1.48176245886347
-4.23047348880845	1.96803052545194
-0.628867026021838	0.151670609188118
0.657866689740957	0.206670742493303
2.75580772001712	0.763760469153332
-3.08229418357021	0.947231644170671
0.658449623497539	0.206846818911275
1.44899109330448	0.477667123734845
0.948337549654709	0.248516516252871
1.95786695174359	0.441149378722158
0.947635845528227	0.248244973505163
-0.736131442714986	0.251191396874175
-3.45945095257726	1.22747869975084
0.152050960400409	0.028630259939513
-1.14499995487719	0.345855392571373
-1.14260761039773	0.345006924269412
-1.52984634403446	0.54376252749597
-1.79840965860499	0.382877827643389
-1.79840965860499	0.382877827643389
0.155111385030128	0.0290417527313876
0.948768757521975	0.248549269795159
-0.628164901903538	0.15157555358925
0.950426851449918	0.249037516760643
-1.79839614394125	0.382877807711208
-1.52984634403446	0.54376252749597
0.155111385030128	0.0290417527313876
-0.351744415353914	0.1010114930848
0.155111385030128	0.0290417527313876
-1.79840965860499	0.382877827643389
-1.52674340008464	0.542380499879977
-1.79839614394125	0.382877807711208
-0.632424041671007	0.152580102364835
-1.79839614394125	0.382877807711208
-1.79839614394125	0.382877807711208
0.154465593370314	0.0289479903375428
1.95731570776637	0.441000340195791
0.154465593370314	0.0289479903375428
-1.79839614394125	0.382877807711208
-3.08203048704882	0.947509650360219
-3.08216231491203	0.947551973079846
-1.79839614394125	0.382877807711208
-1.79839614394125	0.382877807711208
-1.79840965860499	0.382877827643389
1.95786695174359	0.441149378722158
-1.79840965860499	0.382877827643389
2.75580772001712	0.763760469153332
-1.79839614394125	0.382877807711208
-3.08216231491203	0.947551973079846
-0.628299579656606	0.151558046801791
-1.14111344283696	0.344497381350969
-1.52525862148376	0.541687313963439
0.154465593370314	0.0289479903375428
-2.57669595250488	0.657559862268914
-1.14111344283696	0.344497381350969
-0.632424041671007	0.152580102364835
0.947635845528227	0.248244973505163
0.157325350109871	0.02936446462458
-1.79840965860499	0.382877827643389
0.15963091503218	0.0399802605532864
0.155067569950451	0.0290355764553768
0.155067569950451	0.0290355764553768
0.155111385030128	0.0290417527313876
-2.5766529574574	0.657773148602288
-0.628299579656606	0.151558046801791
1.95786695174359	0.441149378722158
0.157325350109871	0.02936446462458
0.947770742439721	0.248281535275256
-3.46299441124492	1.22953362528533
-2.5766529574574	0.657773148602288
0.155111385030128	0.0290417527313876
-0.628867026021838	0.151670609188118
-2.57669595250488	0.657559862268914
0.154465593370314	0.0289479903375428
1.44899109330448	0.477667123734845
-1.14111344283696	0.344497381350969
-1.79839614394125	0.382877807711208
-1.79839614394125	0.382877807711208
-1.14499995487719	0.345855392571373
-2.57660997484294	0.657538252319339
-1.53759774377647	0.546702349588852
0.677155264507323	0.311952193208593
-0.628867026021838	0.151670609188118
2.75641316563256	0.763778311858285
-1.79840965860499	0.382877827643389
1.25684059841494	0.681084009430529
0.659032459281836	0.207041754611057
-1.1413415008172	0.344450233445194
-0.628299579656606	0.151558046801791
-1.04056236968378	0.409373067940558
0.144640697621443	0.0425017414545061
-0.240627572806769	0.0774207528438286
0.50776496866365	0.179019570667438
2.10139563641952	0.924609016057742
-1.79840965860499	0.382877827643389
2.75520320904554	0.763197913000704
-1.79840965860499	0.382877827643389
-1.79839614394125	0.382877807711208
0.950426851449918	0.249037516760643
-0.628030265547787	0.151499678636842
-1.14111344283696	0.344497381350969
-3.08556356757563	0.949512459473102
-1.79839614394125	0.382877807711208
-1.1412568453231	0.344431220445032
-0.628867026021838	0.151670609188118
0.154465593370314	0.0289479903375428
-1.79839614394125	0.382877807711208
0.948905461162112	0.248586345985544
-1.79839614394125	0.382877807711208
0.155111385030128	0.0290417527313876
0.154465593370314	0.0289479903375428
-2.5766529574574	0.657773148602288
-1.79839614394125	0.382877807711208
0.155111385030128	0.0290417527313876
-1.79840965860499	0.382877827643389
-1.1414839653338	0.344622990730584
-1.14088544605048	0.344426431780091
-1.79840965860499	0.382877827643389
-1.79839614394125	0.382877807711208
-2.57669595250488	0.657559862268914
-1.14171114622793	0.344693702322242
0.161043695584893	0.0402684742968713
-3.08216231491203	0.947551973079846
-2.29972533491248	1.14713533709438
-1.79840965860499	0.382877827643389
1.04746072672504	0.497700711342051
-1.14284398403614	0.345169869447138
-0.237734534646551	0.0765149348263535
3.9275816800867	1.70263786398349
3.93000570763666	1.70337610095798
0.157370411029726	0.0293708256249034
0.94820175004088	0.248479682375772
1.95988292961267	0.441702177751728
-0.628164901903538	0.15157555358925
-1.14284398403614	0.345169869447138
-0.236642536873473	0.0761450888689269
-2.5766529574574	0.657773148602288
0.948768757521975	0.248549269795159
-1.14193838802885	0.344646219015582
-2.57968420714322	0.659073447553718
-1.14111344283696	0.344497381350969
-0.628299579656606	0.151558046801791
-1.14171114622793	0.344693702322242
1.95731570776637	0.441000340195791
-2.57669595250488	0.657559862268914
-4.01957111035614	1.72991145987686
-2.57669595250488	0.657559862268914
0.160813493636874	0.0402291855562724
-1.79839614394125	0.382877807711208
-1.14193838802885	0.344646219015582
-1.83072704109891	0.739930594937107
-1.79840965860499	0.382877827643389
0.160221796316651	0.0401166927693931
-0.355394630173918	0.102015543768339
0.948337549654709	0.248516516252871
-1.79840965860499	0.382877827643389
1.95731570776637	0.441000340195791
-3.08203048704882	0.947509650360219
0.154465593370314	0.0289479903375428
0.144640697621443	0.0425017414545061
0.160221796316651	0.0401166927693931
2.75580772001712	0.763760469153332
1.02363521199244	0.381873400117373
0.422732503974395	0.166740249700131
-1.04813892068855	0.412775744631749
2.75868832531345	0.765017792149168
0.659032643407672	0.20695576224899
-1.53013794503811	0.543725951296145
0.510619816865865	0.180113549991954
0.16045117802105	0.0401558290866076
0.159992352718576	0.0400538861334557
-0.628733247343677	0.151688343674084
-0.628164901903538	0.15157555358925
0.659032643407672	0.20695576224899
0.159992352718576	0.0400538861334557
1.95786695174359	0.441149378722158
0.948905461162112	0.248586345985544
-1.52556530925699	0.541887546993991
-1.14111344283696	0.344497381350969
-1.79839614394125	0.382877807711208
-1.79840965860499	0.382877827643389
-0.735795036496609	0.251087692088149
-1.79839614394125	0.382877807711208
-1.79840965860499	0.382877827643389
3.63395648950567	1.42026036401428
-3.08216231491203	0.947551973079846
0.15547989361324	0.039031965106125
-2.57660997484294	0.657538252319339
-1.79840965860499	0.382877827643389
0.948768757521975	0.248549269795159
0.154509067766894	0.0289541162362231
2.75580772001712	0.763760469153332
0.94820175004088	0.248479682375772
0.154509067766894	0.0289541162362231
-1.79839614394125	0.382877807711208
-1.80123754984197	0.383647112861273
1.95731570776637	0.441000340195791
-2.5766529574574	0.657773148602288
-3.4599009305559	1.22709220959572
0.160221796316651	0.0401166927693931
-0.629906869562113	0.152090136193736
0.155067569950451	0.0290355764553768
0.658449623497539	0.206846818911275
1.95786695174359	0.441149378722158
-2.5766529574574	0.657773148602288
-0.354519585455166	0.101776151388844
-0.236420091117799	0.0760498926963215
-2.5766529574574	0.657773148602288
0.948337549654709	0.248516516252871
0.144054213480702	0.0423469198905259
2.75580772001712	0.763760469153332
-1.80123754984197	0.383647112861273
1.95786695174359	0.441149378722158
1.95786695174359	0.441149378722158
0.162357836679133	0.0405597098553547
1.45114635521655	0.478471348903038
1.95731570776637	0.441000340195791
-0.628164901903538	0.15157555358925
0.154509067766894	0.0289541162362231
0.94820175004088	0.248479682375772
-0.236072750277141	0.0759464812223969
0.155111385030128	0.0290417527313876
-0.628867026021838	0.151670609188118
0.160583229502904	0.0401661733691417
-1.79839614394125	0.382877807711208
-1.52525862148376	0.541687313963439
-1.79839614394125	0.382877807711208
-2.5766529574574	0.657773148602288
-3.45945095257726	1.22747869975084
0.950426851449918	0.249037516760643
-1.79840965860499	0.382877827643389
1.45198001091205	0.478658944297305
0.154509067766894	0.0289541162362231
-1.14171114622793	0.344693702322242
1.95731570776637	0.441000340195791
1.81176507224111	0.701716027060748
1.95731570776637	0.441000340195791
1.44899109330448	0.477667123734845
3.26345542626113	1.10199860979414
0.155067569950451	0.0290355764553768
0.658449623497539	0.206846818911275
-0.162989326959396	0.0584083699345145
-0.628733247343677	0.151688343674084
-1.79839614394125	0.382877807711208
-0.636281951781153	0.153487716090317
-3.45967591146264	1.22746502283364
-0.355104953248248	0.101967480674674
-1.15092518212163	0.347639639511651
-2.5766529574574	0.657773148602288
-3.76924254390279	1.48645562373934
0.155067569950451	0.0290355764553768
-3.08203048704882	0.947509650360219
0.147259813410519	0.0432007445014279
3.26284822825054	1.10169382604423
3.26569824690609	1.10327543173781
0.948337549654709	0.248516516252871
-1.79840965860499	0.382877827643389
0.15144823932183	0.0285426379557898
0.154465593370314	0.0289479903375428
-1.79840965860499	0.382877827643389
-2.57669595250488	0.657559862268914
-1.79840965860499	0.382877827643389
-0.628030265547787	0.151499678636842
-1.79839614394125	0.382877807711208
-0.358848207258787	0.103009197892419
-0.359435145573547	0.103170722743079
-0.631994988626399	0.152498044571477
0.155067569950451	0.0290355764553768
0.159992352718576	0.0400538861334557
-0.359141638818634	0.103112871302961
0.155111385030128	0.0290417527313876
-0.628164901903538	0.15157555358925
1.95731570776637	0.441000340195791
0.94820175004088	0.248479682375772
0.15144823932183	0.0285426379557898
-2.57669595250488	0.657559862268914
0.147259813410519	0.0432007445014279
-0.628599509856641	0.151612619227975
0.159992352718576	0.0400538861334557
1.95786695174359	0.441149378722158
-1.79839614394125	0.382877807711208
-2.57968420714322	0.659073447553718
-0.628867026021838	0.151670609188118
-0.628164901903538	0.15157555358925
2.75580772001712	0.763760469153332
0.155067569950451	0.0290355764553768
-0.628867026021838	0.151670609188118
-2.57669595250488	0.657559862268914
0.162357836679133	0.0405597098553547
-0.628733247343677	0.151688343674084
-1.79840965860499	0.382877827643389
-2.57669595250488	0.657559862268914
0.155067569950451	0.0290355764553768
-1.79839614394125	0.382877807711208
-1.30240708959037	0.582011421694818
-1.79839614394125	0.382877807711208
-0.626075023442282	0.151167646950723
-1.52585303078124	0.541962051097293
0.15963091503218	0.0399802605532864
-0.197731890254553	0.107036228880686
-1.04290235412753	0.410559570501728
0.155067569950451	0.0290355764553768
-0.628599509856641	0.151612619227975
1.95786695174359	0.441149378722158
2.75868832531345	0.765017792149168
0.139774852128096	0.0411362731979931
0.950858461556905	0.2491584305819
1.02304894811125	0.381607715308403
-0.464005711427995	0.310643788003771
0.430167567859913	0.169808421907507
0.129139489369477	0.055161147731754
-0.660214113106223	0.393733305556925
-0.737745529684395	0.251848226779474
0.5106524152497	0.18003586586147
-1.14284398403614	0.345169869447138
-2.65071577726669	1.61450216392847
2.10650964584762	1.44342099112474
-0.807375352568193	0.44120201050936
1.55486158244648	0.754948133287252
-1.00042671384016	0.494424006740095
-1.79840965860499	0.382877827643389
0.15547989361324	0.039031965106125
-1.1414839653338	0.344622990730584
0.162590253502546	0.0405994312489443
2.75641316563256	0.763778311858285
0.154509067766894	0.0289541162362231
0.94820175004088	0.248479682375772
-1.80123754984197	0.383647112861273
-1.79840965860499	0.382877827643389
-1.79840965860499	0.382877827643389
-1.79839614394125	0.382877807711208
-2.57660997484294	0.657538252319339
-0.737154567775087	0.251538686589487
-1.79840965860499	0.382877827643389
-1.14111344283696	0.344497381350969
0.155067569950451	0.0290355764553768
-1.52896155531942	0.543366808154917
0.944504519928106	0.247598335656165
-1.04313192494267	0.410517747694466
0.513297440290374	0.181056085890725
-1.18461053520667	0.660225237113445
0.162952579336367	0.0406858836130456
-0.625937070321993	0.151091209012893
-0.236104406031449	0.0759847238951722
0.948337549654709	0.248516516252871
3.26284822825054	1.10169382604423
-0.359435145573547	0.103170722743079
-0.166282692383721	0.0595271440925365
1.95786695174359	0.441149378722158
-1.79839614394125	0.382877807711208
-0.628030265547787	0.151499678636842
-1.79839614394125	0.382877807711208
1.95786695174359	0.441149378722158
-1.79839614394125	0.382877807711208
0.950998501270056	0.249196467275389
0.947770742439721	0.248281535275256
-2.57968420714322	0.659073447553718
2.75580772001712	0.763760469153332
0.660640141500972	0.207490447031014
0.159402290839324	0.0399177124259514
-1.79840965860499	0.382877827643389
-1.04313192494267	0.410517747694466
1.02304894811125	0.381607715308403
0.145313170347528	0.042674261922763
-0.237907054483207	0.0765120695488488
-1.80123754984197	0.383647112861273
-1.52499008340819	0.541418114624462
-0.539569636046331	0.202819044138208
0.14027070998759	0.0412729382935957
-3.08203048704882	0.947509650360219
-1.79839614394125	0.382877807711208
3.26569824690609	1.10327543173781
0.154509067766894	0.0289541162362231
0.658449623497539	0.206846818911275
-1.14088544605048	0.344426431780091
0.948768757521975	0.248549269795159
0.658157600688591	0.206837664845118
0.15963091503218	0.0399802605532864
-0.628599509856641	0.151612619227975
1.95786695174359	0.441149378722158
1.95731570776637	0.441000340195791
-2.57669595250488	0.657559862268914
2.75868832531345	0.765017792149168
-2.5766529574574	0.657773148602288
-1.5292536270854	0.543488048058857
0.131402466769477	0.0436531994039914
-1.79839614394125	0.382877807711208
-0.536101171148354	0.201337796547223
0.948337549654709	0.248516516252871
-1.52556530925699	0.541887546993991
-0.738414128880846	0.252090639638632
-1.79839614394125	0.382877807711208
0.159859477622278	0.0400192334307773
-1.79840965860499	0.382877827643389
0.160221796316651	0.0401166927693931
-3.08229418357021	0.947231644170671
0.661225548064972	0.20772290984652
1.95786695174359	0.441149378722158
-1.79839614394125	0.382877807711208
0.155111385030128	0.0290417527313876
-1.79839614394125	0.382877807711208
3.26284822825054	1.10169382604423
0.155067569950451	0.0290355764553768
-1.79839614394125	0.382877807711208
-2.57660997484294	0.657538252319339
2.75641316563256	0.763778311858285
-1.79840965860499	0.382877827643389
-2.5766529574574	0.657773148602288
-3.08229418357021	0.947231644170671
-1.14499995487719	0.345855392571373
-1.14523333483643	0.345843348749308
3.26406378444313	1.10187162962723
-0.793871327710497	0.344598346953249
-2.57669595250488	0.657559862268914
-1.79839614394125	0.382877807711208
0.154509067766894	0.0289541162362231
2.75520320904554	0.763197913000704
-1.14499995487719	0.345855392571373
-1.14523333483643	0.345843348749308
1.95786695174359	0.441149378722158
2.75641316563256	0.763778311858285
1.44839669376933	0.477459847846965
0.94820175004088	0.248479682375772
-0.628599509856641	0.151612619227975
2.75641316563256	0.763778311858285
1.95988292961267	0.441702177751728
-1.79839614394125	0.382877807711208
1.95731570776637	0.441000340195791
0.144976980831471	0.0425943260188831
-0.628733247343677	0.151688343674084
-1.79839614394125	0.382877807711208
0.155111385030128	0.0290417527313876
-1.79839614394125	0.382877807711208
0.157370411029726	0.0293708256249034
1.02617238539361	0.38275777208832
0.155067569950451	0.0290355764553768
0.162952579336367	0.0406858836130456
0.950426851449918	0.249037516760643
-0.628867026021838	0.151670609188118
0.157370411029726	0.0293708256249034
-0.628733247343677	0.151688343674084
-0.739810651859165	0.252595067527066
-1.14088544605048	0.344426431780091
-0.738159266562824	0.251825620637215
-1.14171114622793	0.344693702322242
0.161043695584893	0.0402684742968713
3.9275816800867	1.70263786398349
0.155067569950451	0.0290355764553768
-1.0419816315643	0.409976007162161
-3.08189869996978	0.9470994296719
-0.628164901903538	0.15157555358925
0.658157600688591	0.206837664845118
-2.09247545291009	0.945761140891945
-0.167880062254655	0.0601000389710004
-0.359141638818634	0.103112871302961
2.10345763612533	0.92603048253316
0.157370411029726	0.0293708256249034
2.75641316563256	0.763778311858285
-1.00395217666584	0.496433034650267
0.162125356869158	0.0404960611383205
-0.234659925712008	0.0755339906287207
0.154509067766894	0.0289541162362231
1.95731570776637	0.441000340195791
-0.4123286239061	0.171726887264068
-1.13849635482287	0.34354887893789
-2.5766529574574	0.657773148602288
1.95786695174359	0.441149378722158
2.75520320904554	0.763197913000704
2.75868832531345	0.765017792149168
-0.628733247343677	0.151688343674084
1.95731570776637	0.441000340195791
0.14371839260098	0.0422424410228484
0.157325350109871	0.02936446462458
1.95731570776637	0.441000340195791
3.26284822825054	1.10169382604423
3.26569824690609	1.10327543173781
0.154465593370314	0.0289479903375428
-1.79839614394125	0.382877807711208
-2.57963910438406	0.659061212358043
-1.80123754984197	0.383647112861273
-1.79839614394125	0.382877807711208
-1.79839614394125	0.382877807711208
0.94820175004088	0.248479682375772
-1.79839614394125	0.382877807711208
-1.79839614394125	0.382877807711208
1.02846670438308	0.383574973231276
-0.628733247343677	0.151688343674084
-1.79839614394125	0.382877807711208
-3.76165974462818	1.48222195957514
-3.08216231491203	0.947551973079846
0.155111385030128	0.0290417527313876
-0.355104953248248	0.101967480674674
0.15820382838182	0.0396092897578142
0.657866689740957	0.206670742493303
3.26345542626113	1.10199860979414
2.10114269367742	0.924635433318668
2.75580772001712	0.763760469153332
-1.04255649350425	0.410401789740815
-0.628867026021838	0.151670609188118
2.75580772001712	0.763760469153332
2.75868832531345	0.765017792149168
0.155111385030128	0.0290417527313876
-0.628030265547787	0.151499678636842
-1.14559783756009	0.346052129596875
0.94820175004088	0.248479682375772
1.95731570776637	0.441000340195791
-0.629906869562113	0.152090136193736
-1.14583039258107	0.346039770541419
3.9232513707374	1.69997531930461
-3.08189869996978	0.9470994296719
0.94820175004088	0.248479682375772
1.95731570776637	0.441000340195791
-1.79840965860499	0.382877827643389
-0.628867026021838	0.151670609188118
0.160221796316651	0.0401166927693931
2.75520320904554	0.763197913000704
-2.5766529574574	0.657773148602288
0.154465593370314	0.0289479903375428
-0.628599509856641	0.151612619227975
-0.35569023027487	0.10209347470967
-1.1413415008172	0.344450233445194
-3.76165974462818	1.48222195957514
0.94820175004088	0.248479682375772
-1.1414839653338	0.344622990730584
1.95786695174359	0.441149378722158
-0.354815349846941	0.101888689175609
-2.5766529574574	0.657773148602288
0.159992352718576	0.0400538861334557
0.948337549654709	0.248516516252871
1.95988292961267	0.441702177751728
-1.52556530925699	0.541887546993991
0.94820175004088	0.248479682375772
-1.52497036065527	0.541612586959632
0.658449623497539	0.206846818911275
-0.628030265547787	0.151499678636842
0.806031822454127	0.331901204294119
-0.628733247343677	0.151688343674084
-0.632563406792844	0.152610991116788
0.15144823932183	0.0285426379557898
-3.76137421922742	1.48226291907169
-1.13895833229548	0.343813220888229
0.155713854733082	0.0390835596706886
-0.628733247343677	0.151688343674084
1.95786695174359	0.441149378722158
-0.628164901903538	0.15157555358925
-1.80123754984197	0.383647112861273
-0.628164901903538	0.15157555358925
0.950998501270056	0.249196467275389
-2.57968420714322	0.659073447553718
-1.14171114622793	0.344693702322242
-0.62621301873586	0.15115097520137
-2.58269164924118	0.660244336228982
0.950998501270056	0.249196467275389
-3.08203048704882	0.947509650360219
-1.79839614394125	0.382877807711208
-0.628733247343677	0.151688343674084
-2.5766529574574	0.657773148602288
-3.45900121533902	1.22669642729201
-2.5766529574574	0.657773148602288
-0.628733247343677	0.151688343674084
-1.13872731243543	0.343741383764358
-1.79840965860499	0.382877827643389
-2.57669595250488	0.657559862268914
-1.79840965860499	0.382877827643389
-0.362912584859585	0.104115139070542
0.154509067766894	0.0289541162362231
-1.52614082474697	0.541895090059418
-1.14171114622793	0.344693702322242
2.75868832531345	0.765017792149168
0.155111385030128	0.0290417527313876
0.948337549654709	0.248516516252871
1.95786695174359	0.441149378722158
-1.79839614394125	0.382877807711208
0.155067569950451	0.0290355764553768
1.95731570776637	0.441000340195791
-0.539438704416492	0.202662195535841
-1.13895833229548	0.343813220888229
1.44862736407577	0.477555630338169
-0.628164901903538	0.15157555358925
1.95786695174359	0.441149378722158
1.95786695174359	0.441149378722158
-0.74243876954869	0.25362235352836
1.95786695174359	0.441149378722158
0.154509067766894	0.0289541162362231
0.159992352718576	0.0400538861334557
3.26345542626113	1.10199860979414
-2.5766529574574	0.657773148602288
1.95786695174359	0.441149378722158
0.947770742439721	0.248281535275256
-1.79839614394125	0.382877807711208
0.15547989361324	0.039031965106125
0.160221796316651	0.0401166927693931
0.948768757521975	0.248549269795159
-2.5766529574574	0.657773148602288
-3.08203048704882	0.947509650360219
1.45114635521655	0.478471348903038
0.142306377840433	0.0418148962103769
0.15547989361324	0.039031965106125
0.155067569950451	0.0290355764553768
-1.83470480543889	0.742065970342523
0.797760401782817	0.327916718359797
-0.354815349846941	0.101888689175609
-0.62621301873586	0.15115097520137
-0.737745529684395	0.251848226779474
-2.57963910438406	0.659061212358043
-0.354815349846941	0.101888689175609
-1.1413415008172	0.344450233445194
0.94820175004088	0.248479682375772
-0.789650928512862	0.342421974551524
-0.245190781440017	0.0788498782296321
0.137561678367694	0.0456186047114583
0.661225548064972	0.20772290984652
-0.737489374761453	0.251678150254292
3.26508709738097	1.10261522135605
0.145180009462501	0.0425673704481714
-0.628299579656606	0.151558046801791
-1.13872731243543	0.343741383764358
-1.83305889694033	0.741106639876373
-0.628867026021838	0.151670609188118
0.657864503304789	0.206616146564203
1.45054889854294	0.478121061898946
0.154465593370314	0.0289479903375428
-0.628030265547787	0.151499678636842
0.15547989361324	0.039031965106125
-0.628733247343677	0.151688343674084
-1.79840965860499	0.382877827643389
-1.79839614394125	0.382877807711208
-1.79840965860499	0.382877827643389
-1.80123754984197	0.383647112861273
3.26284822825054	1.10169382604423
-1.79840965860499	0.382877827643389
-1.80123754984197	0.383647112861273
-1.52556530925699	0.541887546993991
-0.628733247343677	0.151688343674084
-3.0857009920368	0.949295045119167
-1.1406575104342	0.344234513147494
0.140856221308987	0.0414153093198016
-2.08911637827436	0.943898849288905
-1.00042671384016	0.494424006740095
-0.628733247343677	0.151688343674084
1.45114635521655	0.478471348903038
1.95786695174359	0.441149378722158
0.658449623497539	0.206846818911275
1.95786695174359	0.441149378722158
-0.358557998384515	0.10292132426425
0.134446827346684	0.044648821058174
3.26508709738097	1.10261522135605
1.45054889854294	0.478121061898946
-2.5766529574574	0.657773148602288
-1.80123754984197	0.383647112861273
-1.1414839653338	0.344622990730584
1.44725524543057	0.476951096350534
0.947635845528227	0.248244973505163
-3.08189869996978	0.9470994296719
-2.57669595250488	0.657559862268914
-1.79839614394125	0.382877807711208
1.95731570776637	0.441000340195791
1.44958631087756	0.477702557005987
-1.79839614394125	0.382877807711208
0.948768757521975	0.248549269795159
0.94820175004088	0.248479682375772
-3.08216231491203	0.947551973079846
-3.08216231491203	0.947551973079846
0.947770742439721	0.248281535275256
-1.80123754984197	0.383647112861273
-1.51318979569184	0.762352086460052
1.95731570776637	0.441000340195791
-3.08203048704882	0.947509650360219
-0.352036490485324	0.101122204058746
-0.631994988626399	0.152498044571477
-0.789874992835508	0.342400986685966
0.160221796316651	0.0401166927693931
0.154465593370314	0.0289479903375428
3.26631056571709	1.10328266544307
1.45174463580423	0.478561109172125
0.13656660731672	0.0402314592662008
0.144304320671072	0.0423970373819599
-3.08229418357021	0.947231644170671
1.95786695174359	0.441149378722158
-0.352036490485324	0.101122204058746
0.948768757521975	0.248549269795159
3.26284822825054	1.10169382604423
0.656014281877058	0.205959668867586
-2.57669595250488	0.657559862268914
2.75520320904554	0.763197913000704
0.658157600688591	0.206837664845118
-0.80967523819527	0.442788201768594
-0.741848602831151	0.253311922462979
-0.42325613216166	0.176724946273743
-0.321191762278605	0.14802047623676
0.159992352718576	0.0400538861334557
1.0192751562055	0.379836783778508
-0.735458723618684	0.250947808327744
-3.08556356757563	0.949512459473102
-1.29767890644575	0.579059217742002
-0.631806056906082	0.30352264211691
-0.793871327710497	0.344598346953249
0.51698026885657	0.182353676420312
-3.45945095257726	1.22747869975084
-1.0001037668499	0.493752779623566
-1.80123754984197	0.383647112861273
-1.14559783756009	0.346052129596875
0.159992352718576	0.0400538861334557
-1.79839614394125	0.382877807711208
-2.57669595250488	0.657559862268914
-1.79840965860499	0.382877827643389
-0.789530930804051	0.342214789279307
-1.14559783756009	0.346052129596875
-2.58269164924118	0.660244336228982
-1.04244076044317	0.410025002253574
1.31451987093813	0.564351638075811
-0.119139194474369	0.0473965511519242
-0.743029498323094	0.253754321369633
-0.628299579656606	0.151558046801791
-2.57968420714322	0.659073447553718
-1.14193838802885	0.344646219015582
0.800942292103537	0.329468782128631
-1.83504104592481	0.742292078332567
0.94820175004088	0.248479682375772
0.154509067766894	0.0289541162362231
-0.355394630173918	0.102015543768339
0.160946012629139	0.040173329737006
-0.355104953248248	0.101967480674674
0.158441687834525	0.0396618099099809
-1.14088544605048	0.344426431780091
-0.117984276991248	0.0469113915138907
0.154509067766894	0.0289541162362231
-0.631994988626399	0.152498044571477
-1.79840965860499	0.382877827643389
1.95731570776637	0.441000340195791
-2.5766529574574	0.657773148602288
0.155067569950451	0.0290355764553768
0.15963091503218	0.0399802605532864
-2.57963910438406	0.659061212358043
0.157325350109871	0.02936446462458
0.155067569950451	0.0290355764553768
1.44862736407577	0.477555630338169
0.94820175004088	0.248479682375772
0.657283842665822	0.20642210460759
-0.628299579656606	0.151558046801791
0.154509067766894	0.0289541162362231
-3.4599009305559	1.22709220959572
-0.738079783119958	0.251987608125061
-0.542682107954062	0.204015443104983
1.95731570776637	0.441000340195791
-0.353939368265063	0.101586834148653
-0.356367399040958	0.102345848061694
0.948768757521975	0.248549269795159
0.154465593370314	0.0289479903375428
0.16045117802105	0.0401558290866076
3.26284822825054	1.10169382604423
2.75580772001712	0.763760469153332
-0.355104953248248	0.101967480674674
0.946592090327999	0.248117976822064
-1.79840965860499	0.382877827643389
2.75580772001712	0.763760469153332
-0.628733247343677	0.151688343674084
-1.79839614394125	0.382877807711208
-0.112064576725856	0.0446456869887899
0.137906679784804	0.0662333832072442
-1.3503734605696	0.84935907827322
-0.626075023442282	0.151167646950723
-1.00631506120382	0.497855001489951
-1.52525862148376	0.541687313963439
-0.631994988626399	0.152498044571477
-0.789427461577023	0.342278786572665
-1.29894971744328	0.579925756370133
-4.22581657690928	1.96408199501772
-1.30616616113229	0.584090871913129
-1.53356229568948	0.545142396907194
1.30622443507131	0.559438993999821
-1.14583039258107	0.346039770541419
0.661225548064972	0.20772290984652
-2.5766529574574	0.657773148602288
-0.415450817577452	0.173071801779126
-1.52499008340819	0.541418114624462
-1.79839614394125	0.382877807711208
-1.79840965860499	0.382877827643389
-1.79839614394125	0.382877807711208
-1.79840965860499	0.382877827643389
-2.57963910438406	0.659061212358043
-3.45945095257726	1.22747869975084
-1.79840965860499	0.382877827643389
-1.79839614394125	0.382877807711208
-0.737411368529038	0.251647475713659
-0.35262379016767	0.101278913820777
-1.52674340008464	0.542380499879977
-1.29547862804629	0.577905227000786
1.07075230082482	0.650311109491724
1.0511434473863	0.499648112473628
1.44391071628385	0.475549251261387
-1.53385767192304	0.545384911398725
-2.57669595250488	0.657559862268914
-0.62621301873586	0.15115097520137
-1.53326666156506	0.545110963407603
-1.69271082861525	0.952704551969826
-0.632517457136912	0.30351821301019
0.155067569950451	0.0290355764553768
-1.79839614394125	0.382877807711208
0.144976980831471	0.0425943260188831
0.663718669460888	0.208457802619674
-0.628299579656606	0.151558046801791
0.658448437247608	0.206865271021461
-0.36130712484679	0.103695538861668
-0.236642536873473	0.0761450888689269
-1.79839614394125	0.382877807711208
0.155111385030128	0.0290417527313876
-1.79839614394125	0.382877807711208
1.95731570776637	0.441000340195791
0.950998501270056	0.249196467275389
0.13041301345043	0.0433517092562305
-1.53538416619284	0.5457166341497
1.81633531763119	0.703887329894944
0.162590253502546	0.0405994312489443
-0.418432324070287	0.17452805778287
2.34135533413392	1.14844291387782
-1.79839614394125	0.382877807711208
-1.79839614394125	0.382877807711208
-3.08229418357021	0.947231644170671
-1.14111344283696	0.344497381350969
-0.354229439997714	0.101697261087168
0.139042882230873	0.0460787131772564
-2.5766529574574	0.657773148602288
3.26406378444313	1.10187162962723
0.659324643575319	0.207123110468657
0.162357836679133	0.0405597098553547
1.44899109330448	0.477667123734845
0.155067569950451	0.0290355764553768
-0.628030265547787	0.151499678636842
-2.5766529574574	0.657773148602288
0.947770742439721	0.248281535275256
-1.83564160885514	0.742645090374466
-0.236420091117799	0.0760498926963215
-1.83537736671358	0.742411015726266
-1.29422913938657	0.576824155878015
1.04968809060783	0.498914343791501
1.01985986214015	0.380041869937102
-0.73955895107728	0.252503873418029
-0.540269772022685	0.203101413077247
-1.1406575104342	0.344234513147494
-0.355401168227563	0.102014834884787
2.75868832531345	0.765017792149168
-3.08216231491203	0.947551973079846
-0.354519585455166	0.101776151388844
0.155067569950451	0.0290355764553768
-0.628733247343677	0.151688343674084
-0.628164901903538	0.15157555358925
0.155067569950451	0.0290355764553768
-1.79840965860499	0.382877827643389
-1.79839614394125	0.382877807711208
-0.628599509856641	0.151612619227975
-1.52499008340819	0.541418114624462
0.948337549654709	0.248516516252871
-0.628164901903538	0.15157555358925
-3.45967591146264	1.22746502283364
0.139097983949456	0.0409512881184992
0.162952579336367	0.0406858836130456
-0.115176972525438	0.0458338726616066
-2.5766529574574	0.657773148602288
-3.0857009920368	0.949295045119167
-1.52556530925699	0.541887546993991
-1.52556530925699	0.541887546993991
-0.349834437422478	0.100494066761987
-0.5431188895219	0.204245277624117
1.81264504950119	0.702404900566408
-0.359435145573547	0.103170722743079
0.157370411029726	0.0293708256249034
-0.737745529684395	0.251848226779474
-1.14088544605048	0.344426431780091
-3.76558584887962	1.48443010453042
0.950858461556905	0.2491584305819
0.160813493636874	0.0402291855562724
-3.08203048704882	0.947509650360219
-0.628299579656606	0.151558046801791
-1.79839614394125	0.382877807711208
-0.628299579656606	0.151558046801791
0.160221796316651	0.0401166927693931
-1.83165926032039	0.740451579277532
-1.83902639389835	0.744207122858341
-1.1413415008172	0.344450233445194
1.95786695174359	0.441149378722158
-2.5766529574574	0.657773148602288
-0.628299579656606	0.151558046801791
0.165103009331824	0.0411253937349734
-0.628164901903538	0.15157555358925
-1.50989189857641	0.75951248333145
-1.83099487872884	0.740025429797688
-2.57963910438406	0.659061212358043
-3.0857009920368	0.949295045119167
2.54822169023008	1.38099385922808
0.14556417703739	0.0427370982099398
0.661517102334111	0.207824976675168
-0.788516523036361	0.341754565320538
1.31565227991103	0.564944763794614
0.94820175004088	0.248479682375772
-0.793650299520997	0.344601205700018
-1.04779140371951	0.412732841654536
0.155067569950451	0.0290355764553768
-0.354809804669678	0.101824397658975
-1.52954577316989	0.543451783402332
-1.14088544605048	0.344426431780091
-1.0403348553758	0.409226758738803
-0.352328640216398	0.101201570764145
-1.14171114622793	0.344693702322242
0.160221796316651	0.0401166927693931
-1.05063685601883	0.414018676297534
-1.29525574662277	0.577871829307603
-1.13849635482287	0.34354887893789
-3.08203048704882	0.947509650360219
-1.83199158756097	0.740532814070127
-0.738079783119958	0.251987608125061
-1.79839614394125	0.382877807711208
-0.354519585455166	0.101776151388844
-1.79840965860499	0.382877827643389
0.15144823932183	0.0285426379557898
-1.79840965860499	0.382877827643389
-1.79840965860499	0.382877827643389
0.658794699245427	0.20676579192552
0.157325350109871	0.02936446462458
-0.412594451513588	0.171856355506214
0.658157600688591	0.206837664845118
-1.14308042190445	0.345158978274606
-1.52556530925699	0.541887546993991
-1.14559783756009	0.346052129596875
-1.30297756911684	0.58208110971542
-1.13895833229548	0.343813220888229
-0.628867026021838	0.151670609188118
0.14380305748793	0.042271222114559
0.156661115950913	0.0392800358899383
1.45138090115721	0.478568850670936
-2.5766529574574	0.657773148602288
1.95731570776637	0.441000340195791
0.154509067766894	0.0289541162362231
0.142892234362748	0.0419793224062305
-1.79840965860499	0.382877827643389
-1.14088544605048	0.344426431780091
0.94820175004088	0.248479682375772
0.950426851449918	0.249037516760643
-1.8439607033897	0.74657258520402
-1.79839614394125	0.382877807711208
0.16045117802105	0.0401558290866076
-0.63185471444008	0.152466960619287
0.162952579336367	0.0406858836130456
0.152050960400409	0.028630259939513
-1.79839614394125	0.382877807711208
0.160813493636874	0.0402291855562724
0.162357836679133	0.0405597098553547
0.94820175004088	0.248479682375772
0.157325350109871	0.02936446462458
-3.46299441124492	1.22953362528533
-3.0857009920368	0.949295045119167
1.95786695174359	0.441149378722158
1.81294103662311	0.70256079058948
0.948905461162112	0.248586345985544
-1.82807822419763	0.738372454891922
0.144304320671072	0.0423970373819599
0.660054375205789	0.207294450910716
1.01868988091969	0.379571940690884
-0.628164901903538	0.15157555358925
-1.79839614394125	0.382877807711208
-3.08229418357021	0.947231644170671
-1.79839614394125	0.382877807711208
-1.14523333483643	0.345843348749308
-1.13872731243543	0.343741383764358
-1.80123754984197	0.383647112861273
0.124391130548139	0.0414392550449754
-0.17577753011317	0.0629386368387672
-0.628299579656606	0.151558046801791
-2.5766529574574	0.657773148602288
-3.08203048704882	0.947509650360219
-1.14499995487719	0.345855392571373
0.660054375205789	0.207294450910716
-0.234659925712008	0.0755339906287207
0.15144823932183	0.0285426379557898
-1.14111344283696	0.344497381350969
0.15820382838182	0.0396092897578142
-1.1406575104342	0.344234513147494
-0.628164901903538	0.15157555358925
-1.79840965860499	0.382877827643389
-4.01127274087298	1.72385346831695
0.511535984561553	0.180463547184556
-1.83165926032039	0.740451579277532
-0.352915395102444	0.101358152963712
0.155067569950451	0.0290355764553768
-1.79839614394125	0.382877807711208
-1.14559783756009	0.346052129596875
-0.746468959039539	0.255084183402722
-1.14088544605048	0.344426431780091
-1.03964164372292	0.408955449510983
-2.64777523161915	1.611727792506
-1.292724271206	0.576041031122052
-0.35569023027487	0.10209347470967
-1.1413415008172	0.344450233445194
0.161043695584893	0.0402684742968713
0.143467885183021	0.0421790290070851
1.95731570776637	0.441000340195791
-1.79839614394125	0.382877807711208
-2.57963910438406	0.659061212358043
-1.79840965860499	0.382877827643389
-1.79840965860499	0.382877827643389
-1.79840965860499	0.382877827643389
-3.08542618523242	0.949198094742557
-1.79839614394125	0.382877807711208
-1.14193838802885	0.344646219015582
-1.79839614394125	0.382877807711208
-1.79840965860499	0.382877827643389
-0.165650631391215	0.0593414877038015
-0.73955895107728	0.252503873418029
-1.83564160885514	0.742645090374466
-1.52468217246603	0.541450953371581
-0.416721433130721	0.173542959977968
-1.35495592313035	0.852966402550914
0.653540010885453	0.205185988936824
-1.83139270651508	0.740181168650308
-3.08542618523242	0.949198094742557
-0.171891525521684	0.0615329171015693
1.54970903963389	0.751678544211398
-2.57669595250488	0.657559862268914
2.75520320904554	0.763197913000704
-1.29503373562381	0.577267948395295
3.63865172808213	1.42228041522975
-0.625380300345378	0.299760189641616
0.140948251392809	0.041458274749763
1.44839669376933	0.477459847846965
0.155067569950451	0.0290355764553768
1.0238833519431	0.381787644807647
1.8135291528185	0.702758164322864
1.81797148254981	0.704596952092508
0.144725574883443	0.0425191258680454
-0.354519585455166	0.101776151388844
-1.79840965860499	0.382877827643389
-2.5766529574574	0.657773148602288
1.95786695174359	0.441149378722158
3.26406378444313	1.10187162962723
-2.57669595250488	0.657559862268914
-1.52525862148376	0.541687313963439
-2.57669595250488	0.657559862268914
2.75520320904554	0.763197913000704
1.81235300959058	0.702242876396542
0.154465593370314	0.0289479903375428
-3.08229418357021	0.947231644170671
0.155111385030128	0.0290417527313876
-0.628030265547787	0.151499678636842
0.155111385030128	0.0290417527313876
-0.789949074347787	0.342860425674977
-1.14111344283696	0.344497381350969
0.159992352718576	0.0400538861334557
-3.08216231491203	0.947551973079846
-2.57669595250488	0.657559862268914
-3.08556356757563	0.949512459473102
-3.08556356757563	0.949512459473102
-1.04709662477092	0.412413821088329
-0.539661343528338	0.202765677037844
-0.352328640216398	0.101201570764145
-0.354519585455166	0.101776151388844
-1.79840965860499	0.382877827643389
0.154509067766894	0.0289541162362231
-0.352328640216398	0.101201570764145
-0.326710965442548	0.150656477706423
-1.14308042190445	0.345158978274606
-2.57968420714322	0.659073447553718
-1.79839614394125	0.382877807711208
-1.1413415008172	0.344450233445194
-1.69567712933466	0.95544795283318
-2.5766529574574	0.657773148602288
-0.330080848232235	0.152431597005069
-0.997239885973177	0.49199767471028
-0.510068003800926	0.269701724777448
-0.247530546338895	0.124774845393103
-0.735201728577998	0.25087231236032
-1.49401769237218	1.04807002498526
-0.418365309512863	0.174458184135551
-0.74243876954869	0.25362235352836
-0.790637113549688	0.343172490347042
-0.735538279411364	0.250976055861043
0.145900922770069	0.0428171507649781
-0.628299579656606	0.151558046801791
-1.79840965860499	0.382877827643389
-1.79839614394125	0.382877807711208
-1.79840965860499	0.382877827643389
-1.79839614394125	0.382877807711208
-2.5766529574574	0.657773148602288
-1.79840965860499	0.382877827643389
2.75807933893485	0.764710363024488
0.154465593370314	0.0289479903375428
0.657283842665822	0.20642210460759
0.590678248489277	0.305402658436623
-0.74243876954869	0.25362235352836
-0.741763882242001	0.253307934106881
-1.51193347960281	0.761871435562758
-1.05177357284393	0.414555736325111
-1.30686649734754	0.58434962079756
-0.241325335112873	0.0776212717213414
0.125609750837894	0.0536135320946115
0.948337549654709	0.248516516252871
2.75580772001712	0.763760469153332
-0.628867026021838	0.151670609188118
0.143477516670026	0.0421253750116672
0.424935770305415	0.167621556044747
-0.623872603883684	0.298875495806647
-2.5766529574574	0.657773148602288
-0.355401168227563	0.102014834884787
-0.628164901903538	0.15157555358925
-0.538391637447097	0.202241097472968
1.45174463580423	0.478561109172125
-0.3523322595973	0.101168276473444
-0.738079783119958	0.251987608125061
-3.08216231491203	0.947551973079846
1.95988292961267	0.441702177751728
1.95786695174359	0.441149378722158
1.95786695174359	0.441149378722158
-1.79839614394125	0.382877807711208
-2.57660997484294	0.657538252319339
-1.79839614394125	0.382877807711208
-0.165995298204196	0.0594566920073821
-2.5766529574574	0.657773148602288
-1.14308042190445	0.345158978274606
2.75641316563256	0.763778311858285
-0.631994988626399	0.152498044571477
-2.30100347000821	1.14813064628252
-3.08556356757563	0.949512459473102
0.952960668065698	0.249631740841768
0.950287720870208	0.248999740475732
-3.08216231491203	0.947551973079846
-0.788516523036361	0.341754565320538
-3.08229418357021	0.947231644170671
-2.5766529574574	0.657773148602288
-2.57669595250488	0.657559862268914
-2.57968420714322	0.659073447553718
-0.738748567012076	0.252134640052989
-0.41644655319438	0.173623085124818
-1.04347763338354	0.410675434748757
-1.29963484966362	0.58034016669025
-1.04744397176015	0.412600703300656
-1.80123754984197	0.383647112861273
0.15963091503218	0.0399802605532864
0.130839257555829	0.0434851599132372
0.155111385030128	0.0290417527313876
0.950858461556905	0.2491584305819
-1.79840965860499	0.382877827643389
-0.62621301873586	0.15115097520137
-2.5766529574574	0.657773148602288
-1.34458487539477	0.843010836745783
-1.83537736671358	0.742411015726266
-0.628164901903538	0.15157555358925
-0.628299579656606	0.151558046801791
-0.74622166118815	0.254850990416054
-0.173898627793226	0.0622737835466209
-0.743029498323094	0.253754321369633
0.140678775209174	0.0676446597765181
-0.166558128693856	0.0596342870966476
-0.996844113472531	0.49186769829669
1.04288348301965	0.494991603589003
0.134446827346684	0.044648821058174
2.10055021952577	0.924312412659368
-1.18990804079261	0.665449925669789
-0.742101285286405	0.253499136601578
-0.622257179437365	0.298050216528205
-3.45967591146264	1.22746502283364
-1.79839614394125	0.382877807711208
0.947770742439721	0.248281535275256
-1.79839614394125	0.382877807711208
-1.79840965860499	0.382877827643389
0.155111385030128	0.0290417527313876
0.154465593370314	0.0289479903375428
-1.79840965860499	0.382877827643389
-3.08189869996978	0.9470994296719
-2.57660997484294	0.657538252319339
0.944504519928106	0.247598335656165
-1.79840965860499	0.382877827643389
-2.5766529574574	0.657773148602288
1.95731570776637	0.441000340195791
1.95988292961267	0.441702177751728
0.58995950831861	0.304823867391879
-0.352328640216398	0.101201570764145
-0.788395480319902	0.341804995882944
-1.83099487872884	0.740025429797688
-1.52497036065527	0.541612586959632
1.95786695174359	0.441149378722158
0.15963091503218	0.0399802605532864
-0.628164901903538	0.15157555358925
0.160813493636874	0.0402291855562724
0.534119483075722	0.308148821808037
-1.69010915746495	0.950594935338849
-0.628299579656606	0.151558046801791
0.94820175004088	0.248479682375772
-0.355104953248248	0.101967480674674
0.15820382838182	0.0396092897578142
1.4480329582247	0.477161868008032
0.658449623497539	0.206846818911275
0.160221796316651	0.0401166927693931
-2.4855458619903	1.3734529278699
3.26795444532845	1.10381433627613
0.154465593370314	0.0289479903375428
-1.79839614394125	0.382877807711208
-2.5766529574574	0.657773148602288
0.154465593370314	0.0289479903375428
0.157370411029726	0.0293708256249034
-0.629906869562113	0.152090136193736
0.155067569950451	0.0290355764553768
-2.08224011884719	0.939282107374303
-0.240627572806769	0.0774207528438286
-0.628867026021838	0.151670609188118
0.659324643575319	0.207123110468657
-0.628733247343677	0.151688343674084
-1.52497036065527	0.541612586959632
0.15963091503218	0.0399802605532864
0.15144823932183	0.0285426379557898
0.155111385030128	0.0290417527313876
-0.628299579656606	0.151558046801791
0.162952579336367	0.0406858836130456
-1.69398351198074	0.953209725297627
-0.788962872631865	0.342076545446221
-1.23432883862882	0.937554081560308
1.95988292961267	0.441702177751728
2.75580772001712	0.763760469153332
-3.45967591146264	1.22746502283364
-0.233012390614751	0.0750082865881465
-1.50685402476481	0.757753699005449
-2.57963910438406	0.659061212358043
-2.57660997484294	0.657538252319339
-1.79839614394125	0.382877807711208
-2.11824392568315	2.36566329989981
-1.2941091808211	0.576975974922849
-1.04232764455762	0.41013375079511
-1.61472934530266	1.2485061185484
-1.34503027832017	0.844701684217595
-0.350128602099817	0.100573869045266
-0.628599509856641	0.151612619227975
-1.79839614394125	0.382877807711208
-0.625058451397486	0.299570273058526
-0.966776141874087	0.595634558804664
-2.49584425949243	1.38334111481393
-0.176336496006155	0.0631273418046569
-2.48734643273085	1.37500772456017
-2.65783412819737	1.6235105351142
-1.85911239386277	1.1670296521338
-0.324102263183128	0.149440270324799
-1.1413415008172	0.344450233445194
0.158797898832415	0.0397350165406265
0.134096582628132	0.0445246807155045
-0.549071448815192	0.350168380856221
-1.00718752312453	0.498535526397277
-3.08216231491203	0.947551973079846
-0.738414128880846	0.252090639638632
-0.415328774552503	0.173195620640747
-1.79839614394125	0.382877807711208
-2.57660997484294	0.657538252319339
-1.79840965860499	0.382877827643389
-1.79839614394125	0.382877807711208
-1.79840965860499	0.382877827643389
1.95786695174359	0.441149378722158
0.947770742439721	0.248281535275256
-0.628599509856641	0.151612619227975
-0.62621301873586	0.15115097520137
-0.795212789484658	0.345359073184308
-0.788618958882262	0.341859317766317
-1.00109114438115	0.494830108494711
-1.50559832869084	0.757145119337891
-1.52585303078124	0.541962051097293
0.155067569950451	0.0290355764553768
0.94820175004088	0.248479682375772
0.157325350109871	0.02936446462458
0.143477516670026	0.0421253750116672
-2.4918813844023	1.37976840109359
-1.35698837397624	0.855076211245259
1.95786695174359	0.441149378722158
-0.357247952587094	0.102560703144377
-1.29387962852364	0.576666717933628
-0.628299579656606	0.151558046801791
1.55435072570787	0.754490491314653
-0.74269218165825	0.253631177667885
3.26224218729945	1.1009233569627
2.10252540036319	0.925396731648863
1.95786695174359	0.441149378722158
-2.57660997484294	0.657538252319339
-1.79840965860499	0.382877827643389
0.155111385030128	0.0290417527313876
0.154509067766894	0.0289541162362231
0.162719274583833	0.0406219991153643
2.75641316563256	0.763778311858285
2.75580772001712	0.763760469153332
-1.79839614394125	0.382877807711208
1.95731570776637	0.441000340195791
-0.543818752032067	0.204528065886448
-0.352328640216398	0.101201570764145
0.658449623497539	0.206846818911275
-0.628030265547787	0.151499678636842
-0.355401168227563	0.102014834884787
-3.46655637771013	1.23090093950973
0.155111385030128	0.0290417527313876
-1.79839614394125	0.382877807711208
-1.79839614394125	0.382877807711208
0.94820175004088	0.248479682375772
-1.79840965860499	0.382877827643389
-3.08203048704882	0.947509650360219
-0.537020300726747	0.201726380349835
-1.29445710557565	0.57719309643802
-0.738670030097319	0.252119567169358
-1.79840965860499	0.382877827643389
-2.5766529574574	0.657773148602288
-1.0419816315643	0.409976007162161
-0.996844113472531	0.49186769829669
-0.73833632952493	0.25198039611565
-1.14111344283696	0.344497381350969
-0.362912584859585	0.104115139070542
-0.628164901903538	0.15157555358925
-0.360018151462565	0.103295990712749
-1.29538171494723	0.577437227146469
-0.355104953248248	0.101967480674674
0.156070095129669	0.0391676647119387
-1.79839614394125	0.382877807711208
-2.5766529574574	0.657773148602288
-1.79839614394125	0.382877807711208
-0.738414128880846	0.252090639638632
1.02617238539361	0.38275777208832
-1.83470480543889	0.742065970342523
-1.52926336424741	0.543358625626883
0.131463990676715	0.0437015090033304
-1.79840965860499	0.382877827643389
0.160221796316651	0.0401166927693931
0.94820175004088	0.248479682375772
1.31473628244331	0.564270657565622
-1.52585303078124	0.541962051097293
-0.359725191866461	0.103238313016327
-1.14499995487719	0.345855392571373
-0.628299579656606	0.151558046801791
-2.57669595250488	0.657559862268914
0.162357836679133	0.0405597098553547
1.44391071628385	0.475549251261387
0.510967914253512	0.180245566763838
-0.750856039979157	0.256610424394885
-2.5766529574574	0.657773148602288
-2.57660997484294	0.657538252319339
-1.79839614394125	0.382877807711208
-1.79839614394125	0.382877807711208
-1.52556530925699	0.541887546993991
0.162357836679133	0.0405597098553547
-2.57963910438406	0.659061212358043
-1.79839614394125	0.382877807711208
-1.52866955783943	0.543083867430977
3.26345542626113	1.10199860979414
-1.14523333483643	0.345843348749308
0.514431860453614	0.181517099423547
-0.736586565970025	0.251242066595204
0.154465593370314	0.0289479903375428
-1.79839614394125	0.382877807711208
-1.79839614394125	0.382877807711208
1.95731570776637	0.441000340195791
1.95786695174359	0.441149378722158
-1.79840965860499	0.382877827643389
-0.626075023442282	0.151167646950723
1.95786695174359	0.441149378722158
-2.57669595250488	0.657559862268914
0.950426851449918	0.249037516760643
0.154509067766894	0.0289541162362231
0.155111385030128	0.0290417527313876
-1.1414839653338	0.344622990730584
-1.52556530925699	0.541887546993991
0.157370411029726	0.0293708256249034
0.154509067766894	0.0289541162362231
0.152050960400409	0.028630259939513
-1.79840965860499	0.382877827643389
0.658157600688591	0.206837664845118
-3.08203048704882	0.947509650360219
-1.80123754984197	0.383647112861273
-0.628030265547787	0.151499678636842
-2.5766529574574	0.657773148602288
-2.57669595250488	0.657559862268914
-1.79840965860499	0.382877827643389
-0.628733247343677	0.151688343674084
-1.79840965860499	0.382877827643389
-1.50616818126519	0.75747583185463
-0.354815349846941	0.101888689175609
-1.14193838802885	0.344646219015582
-0.628867026021838	0.151670609188118
0.5126703877852	0.180806312829072
0.132513899668301	0.0440249398537092
0.513297440290374	0.181056085890725
-2.492223966474	1.37994790676841
-1.14193838802885	0.344646219015582
-1.79840965860499	0.382877827643389
-2.57963910438406	0.659061212358043
-1.79839614394125	0.382877807711208
0.144976980831471	0.0425943260188831
-2.5766529574574	0.657773148602288
-2.5766529574574	0.657773148602288
-0.737154567775087	0.251538686589487
0.502286749661021	0.17690861219098
-2.5766529574574	0.657773148602288
-0.355104953248248	0.101967480674674
-1.52275201069355	0.540627902821117
1.31707371804938	0.565285221866794
1.24742766879339	0.674227534180049
-0.739810651859165	0.252595067527066
1.44899109330448	0.477667123734845
0.511003196816671	0.180124792682429
-1.13872731243543	0.343741383764358
2.72186630426766	1.63121525014432
-0.355104953248248	0.101967480674674
0.163185820804974	0.0407257646525502
-1.79839614394125	0.382877807711208
-0.737489374761453	0.251678150254292
0.947635845528227	0.248244973505163
-2.57660997484294	0.657538252319339
0.950858461556905	0.2491584305819
3.63865172808213	1.42228041522975
0.162719274583833	0.0406219991153643
0.154465593370314	0.0289479903375428
-1.79839614394125	0.382877807711208
1.95786695174359	0.441149378722158
-1.79840965860499	0.382877827643389
-1.79840965860499	0.382877827643389
-3.0857009920368	0.949295045119167
-0.632563406792844	0.152610991116788
0.154465593370314	0.0289479903375428
0.144389940892798	0.0424393237157952
0.155111385030128	0.0290417527313876
-0.737489374761453	0.251678150254292
0.510089510074648	0.179877546335957
0.661223086818105	0.207656588437818
0.158441687834525	0.0396618099099809
-1.14171114622793	0.344693702322242
0.659032459281836	0.207041754611057
0.655285284601054	0.205717641865354
1.8138222857108	0.70292085392477
1.02558467001725	0.382518749728777
-0.35569023027487	0.10209347470967
-0.628030265547787	0.151499678636842
0.155067569950451	0.0290355764553768
1.81574571371452	0.703837629137609
-1.79839614394125	0.382877807711208
1.95786695174359	0.441149378722158
2.75520320904554	0.763197913000704
0.155111385030128	0.0290417527313876
2.10543731746934	0.926718487222265
-1.79839614394125	0.382877807711208
2.75868832531345	0.765017792149168
-1.1414839653338	0.344622990730584
0.154311934860129	0.0289593414864238
-2.5766529574574	0.657773148602288
-3.08229418357021	0.947231644170671
-1.14171114622793	0.344693702322242
0.159992352718576	0.0400538861334557
1.44922258720914	0.477763268309402
-1.79840965860499	0.382877827643389
-1.79840965860499	0.382877827643389
-2.57669595250488	0.657559862268914
-0.628733247343677	0.151688343674084
-1.50863317586361	0.759208525222823
-1.14499995487719	0.345855392571373
-1.1413415008172	0.344450233445194
0.157370411029726	0.0293708256249034
-1.79840965860499	0.382877827643389
-0.628733247343677	0.151688343674084
1.44899109330448	0.477667123734845
0.162125356869158	0.0404960611383205
0.948905461162112	0.248586345985544
-1.79840965860499	0.382877827643389
0.154509067766894	0.0289541162362231
-2.57963910438406	0.659061212358043
-2.57669595250488	0.657559862268914
-0.628299579656606	0.151558046801791
0.155111385030128	0.0290417527313876
0.155067569950451	0.0290355764553768
0.155111385030128	0.0290417527313876
0.15963091503218	0.0399802605532864
-1.52585303078124	0.541962051097293
-0.628733247343677	0.151688343674084
2.75520320904554	0.763197913000704
-0.735538279411364	0.250976055861043
-3.76137421922742	1.48226291907169
3.63395648950567	1.42026036401428
-0.628164901903538	0.15157555358925
1.45138090115721	0.478568850670936
-1.79839614394125	0.382877807711208
-0.628733247343677	0.151688343674084
2.75580772001712	0.763760469153332
0.657866689740957	0.206670742493303
0.154509067766894	0.0289541162362231
-1.79839614394125	0.382877807711208
-2.58269164924118	0.660244336228982
-2.5766529574574	0.657773148602288
-1.79839614394125	0.382877807711208
-2.57963910438406	0.659061212358043
-1.79840965860499	0.382877827643389
-0.632424041671007	0.152580102364835
-2.5766529574574	0.657773148602288
-2.5766529574574	0.657773148602288
-2.5766529574574	0.657773148602288
0.155111385030128	0.0290417527313876
-2.5766529574574	0.657773148602288
-0.628164901903538	0.15157555358925
0.948768757521975	0.248549269795159
0.511755072041239	0.180523302881905
1.95988292961267	0.441702177751728
-1.79840965860499	0.382877827643389
-0.735795036496609	0.251087692088149
0.155111385030128	0.0290417527313876
-2.5766529574574	0.657773148602288
-2.57963910438406	0.659061212358043
1.02190239796348	0.380920127363489
-2.5766529574574	0.657773148602288
-1.79839614394125	0.382877807711208
1.45114635521655	0.478471348903038
0.154465593370314	0.0289479903375428
1.95988292961267	0.441702177751728
-2.5766529574574	0.657773148602288
-1.79839614394125	0.382877807711208
1.95786695174359	0.441149378722158
0.947635845528227	0.248244973505163
-1.79840965860499	0.382877827643389
0.155067569950451	0.0290355764553768
-2.57968420714322	0.659073447553718
0.155067569950451	0.0290355764553768
0.511187733730715	0.180331422147582
0.950858461556905	0.2491584305819
-0.628164901903538	0.15157555358925
-1.14559783756009	0.346052129596875
3.63331351050508	1.42008896661082
0.155111385030128	0.0290417527313876
0.950287720870208	0.248999740475732
-0.628299579656606	0.151558046801791
-1.79839614394125	0.382877807711208
-2.57669595250488	0.657559862268914
-2.5766529574574	0.657773148602288
-3.45967591146264	1.22746502283364
-0.631994988626399	0.152498044571477
-1.52497036065527	0.541612586959632
-1.79839614394125	0.382877807711208
-1.79840965860499	0.382877827643389
0.155111385030128	0.0290417527313876
-0.354519585455166	0.101776151388844
-1.83039434521114	0.739673075735054
-1.1412568453231	0.344431220445032
-0.355104953248248	0.101967480674674
-2.57669595250488	0.657559862268914
-0.355394630173918	0.102015543768339
-2.5766529574574	0.657773148602288
-0.236865950236819	0.0762080730306188
-1.79840965860499	0.382877827643389
-2.57669595250488	0.657559862268914
1.95731570776637	0.441000340195791
-1.14583039258107	0.346039770541419
-1.1412568453231	0.344431220445032
-0.632424041671007	0.152580102364835
-1.80123754984197	0.383647112861273
-2.5766529574574	0.657773148602288
-1.14559783756009	0.346052129596875
-1.79840965860499	0.382877827643389
-1.79839614394125	0.382877807711208
-0.631994988626399	0.152498044571477
0.16045117802105	0.0401558290866076
0.946592090327999	0.248117976822064
0.154465593370314	0.0289479903375428
0.157325350109871	0.02936446462458
-1.79840965860499	0.382877827643389
-1.79839614394125	0.382877807711208
-1.79839614394125	0.382877807711208
-1.79840965860499	0.382877827643389
-1.79839614394125	0.382877807711208
0.154509067766894	0.0289541162362231
0.94820175004088	0.248479682375772
-1.79839614394125	0.382877807711208
2.75641316563256	0.763778311858285
0.154509067766894	0.0289541162362231
0.155067569950451	0.0290355764553768
0.154465593370314	0.0289479903375428
3.26284822825054	1.10169382604423
-0.628733247343677	0.151688343674084
-1.14171114622793	0.344693702322242
-1.52556530925699	0.541887546993991
-0.360018151462565	0.103295990712749
-3.08216231491203	0.947551973079846
-1.14171114622793	0.344693702322242
-0.359141638818634	0.103112871302961
0.160221796316651	0.0401166927693931
-3.08542618523242	0.949198094742557
0.658157600688591	0.206837664845118
-2.5766529574574	0.657773148602288
0.948768757521975	0.248549269795159
-3.08556356757563	0.949512459473102
1.81574571371452	0.703837629137609
-0.628164901903538	0.15157555358925
1.95731570776637	0.441000340195791
0.94820175004088	0.248479682375772
-1.14523333483643	0.345843348749308
-3.08203048704882	0.947509650360219
-2.57968420714322	0.659073447553718
-1.79839614394125	0.382877807711208
-2.57968420714322	0.659073447553718
0.947635845528227	0.248244973505163
0.155067569950451	0.0290355764553768
1.95731570776637	0.441000340195791
-1.80123754984197	0.383647112861273
-1.79840965860499	0.382877827643389
-1.1413415008172	0.344450233445194
-1.80123754984197	0.383647112861273
0.156070095129669	0.0391676647119387
0.154465593370314	0.0289479903375428
-1.79840965860499	0.382877827643389
0.154509067766894	0.0289541162362231
-1.79839614394125	0.382877807711208
-1.80123754984197	0.383647112861273
-3.76529646610535	1.48477662035046
-1.52525862148376	0.541687313963439
-2.57660997484294	0.657538252319339
-1.14171114622793	0.344693702322242
0.159992352718576	0.0400538861334557
-0.354815349846941	0.101888689175609
-4.01624972536839	1.72772773472485
0.155067569950451	0.0290355764553768
-0.628030265547787	0.151499678636842
-1.52733164921203	0.542467335870669
1.95731570776637	0.441000340195791
-3.45922605387697	1.22727228815634
-2.5766529574574	0.657773148602288
-1.79840965860499	0.382877827643389
-0.628733247343677	0.151688343674084
0.155111385030128	0.0290417527313876
-1.79840965860499	0.382877827643389
-1.14171114622793	0.344693702322242
-0.628733247343677	0.151688343674084
0.155111385030128	0.0290417527313876
-2.57660997484294	0.657538252319339
-1.79840965860499	0.382877827643389
-1.79839614394125	0.382877807711208
-2.57669595250488	0.657559862268914
-1.80123754984197	0.383647112861273
-2.57669595250488	0.657559862268914
1.95731570776637	0.441000340195791
2.75520320904554	0.763197913000704
-2.57660997484294	0.657538252319339
-1.14171114622793	0.344693702322242
1.95786695174359	0.441149378722158
1.95786695174359	0.441149378722158
0.155067569950451	0.0290355764553768
0.947635845528227	0.248244973505163
-3.08216231491203	0.947551973079846
0.152050960400409	0.028630259939513
0.659032643407672	0.20695576224899
-0.355104953248248	0.101967480674674
-3.46299441124492	1.22953362528533
-2.57963910438406	0.659061212358043
-1.14523333483643	0.345843348749308
-1.1414839653338	0.344622990730584
-2.57660997484294	0.657538252319339
-2.5766529574574	0.657773148602288
-1.30183726033204	0.581473526972169
0.154465593370314	0.0289479903375428
-2.57669595250488	0.657559862268914
0.155067569950451	0.0290355764553768
0.155111385030128	0.0290417527313876
0.157325350109871	0.02936446462458
-1.79839614394125	0.382877807711208
1.95988292961267	0.441702177751728
1.95988292961267	0.441702177751728
0.155067569950451	0.0290355764553768
-1.80123754984197	0.383647112861273
1.95988292961267	0.441702177751728
-0.628733247343677	0.151688343674084
0.155111385030128	0.0290417527313876
1.95786695174359	0.441149378722158
-2.5766529574574	0.657773148602288
-0.628164901903538	0.15157555358925
0.160813493636874	0.0402291855562724
0.156070095129669	0.0391676647119387
-2.57660997484294	0.657538252319339
-1.79840965860499	0.382877827643389
1.95988292961267	0.441702177751728
-1.79839614394125	0.382877807711208
-1.79840965860499	0.382877827643389
-2.5766529574574	0.657773148602288
-1.52275201069355	0.540627902821117
-1.1414839653338	0.344622990730584
-1.1414839653338	0.344622990730584
-0.741510950758259	0.253188727186893
-1.79839614394125	0.382877807711208
-4.01259254724387	1.72469983017164
-1.52556530925699	0.541887546993991
1.44839669376933	0.477459847846965
-0.628030265547787	0.151499678636842
-1.13872731243543	0.343741383764358
-1.79840965860499	0.382877827643389
-3.45922605387697	1.22727228815634
-1.79840965860499	0.382877827643389
0.15144823932183	0.0285426379557898
-1.79840965860499	0.382877827643389
-1.14088544605048	0.344426431780091
-2.5766529574574	0.657773148602288
-1.79840965860499	0.382877827643389
-1.79840965860499	0.382877827643389
-1.79840965860499	0.382877827643389
-1.79839614394125	0.382877807711208
-1.79839614394125	0.382877807711208
-1.79839614394125	0.382877807711208
-1.79840965860499	0.382877827643389
-3.08216231491203	0.947551973079846
-0.62621301873586	0.15115097520137
-0.628733247343677	0.151688343674084
-1.79840965860499	0.382877827643389
-2.57660997484294	0.657538252319339
1.44862736407577	0.477555630338169
-2.57660997484294	0.657538252319339
-1.79839614394125	0.382877807711208
0.154509067766894	0.0289541162362231
0.162357836679133	0.0405597098553547
-1.79840965860499	0.382877827643389
0.154509067766894	0.0289541162362231
-2.57669595250488	0.657559862268914
-3.08216231491203	0.947551973079846
-2.5766529574574	0.657773148602288
-1.13872731243543	0.343741383764358
-2.5766529574574	0.657773148602288
0.144640697621443	0.0425017414545061
0.948337549654709	0.248516516252871
-1.5292536270854	0.543488048058857
-1.79839614394125	0.382877807711208
0.159402290839324	0.0399177124259514
-1.79840965860499	0.382877827643389
3.26631056571709	1.10328266544307
0.152050960400409	0.028630259939513
0.162125356869158	0.0404960611383205
1.95786695174359	0.441149378722158
0.154465593370314	0.0289479903375428
0.159992352718576	0.0400538861334557
0.154509067766894	0.0289541162362231
0.160221796316651	0.0401166927693931
1.95731570776637	0.441000340195791
-1.79839614394125	0.382877807711208
0.155067569950451	0.0290355764553768
-0.628299579656606	0.151558046801791
-0.356367399040958	0.102345848061694
-1.79840965860499	0.382877827643389
0.159992352718576	0.0400538861334557
0.157325350109871	0.02936446462458
0.157325350109871	0.02936446462458
-0.628599509856641	0.151612619227975
-1.79839614394125	0.382877807711208
-2.57669595250488	0.657559862268914
-3.45945095257726	1.22747869975084
-1.79839614394125	0.382877807711208
-1.79840965860499	0.382877827643389
-0.241543381848446	0.0777055848228126
-0.360018151462565	0.103295990712749
-2.57669595250488	0.657559862268914
-0.617919089430757	0.295348131349264
-0.352328640216398	0.101201570764145
1.95731570776637	0.441000340195791
1.95731570776637	0.441000340195791
0.343823263111423	0.171583983263262
-1.0412554441698	0.40951599523156
-1.14536534536015	0.34589005605433
-0.624501462907049	0.298906969740345
-1.83165926032039	0.740451579277532
-0.626075023442282	0.151167646950723
-1.80123754984197	0.383647112861273
-2.57660997484294	0.657538252319339
-0.628030265547787	0.151499678636842
-0.539786580283239	0.202891755226766
-0.625937070321993	0.151091209012893
2.75807933893485	0.764710363024488
1.95786695174359	0.441149378722158
1.95731570776637	0.441000340195791
-0.628733247343677	0.151688343674084
0.154509067766894	0.0289541162362231
0.134796989185734	0.044763826715822
-1.52926336424741	0.543358625626883
-0.171546284974738	0.0614263022767799
2.75520320904554	0.763197913000704
-0.628733247343677	0.151688343674084
-0.116132279245991	0.0462315479429783
0.127067130239612	0.0479237420102215
0.144389940892798	0.0424393237157952
0.519315414653597	0.183130763147606
0.135147068183463	0.0448731525122335
-0.234534484549801	0.0754746413023498
0.144054213480702	0.0423469198905259
-0.628299579656606	0.151558046801791
-1.79839614394125	0.382877807711208
-2.57660997484294	0.657538252319339
0.94820175004088	0.248479682375772
-0.628599509856641	0.151612619227975
0.514998191803244	0.181676716913907
-2.5766529574574	0.657773148602288
-1.14111344283696	0.344497381350969
-1.14536534536015	0.34589005605433
-3.08229418357021	0.947231644170671
-1.1414839653338	0.344622990730584
0.162357836679133	0.0405597098553547
0.141967130194531	0.0417132288760272
0.154509067766894	0.0289541162362231
-1.79840965860499	0.382877827643389
3.26345542626113	1.10199860979414
-0.626075023442282	0.151167646950723
-1.80123754984197	0.383647112861273
3.26345542626113	1.10199860979414
-1.79840965860499	0.382877827643389
0.163185820804974	0.0407257646525502
0.660932155782147	0.207694635746326
1.80894124091292	0.700425017401662
0.155111385030128	0.0290417527313876
-0.738414128880846	0.252090639638632
0.948768757521975	0.248549269795159
0.660054375205789	0.207294450910716
0.156070095129669	0.0391676647119387
0.155067569950451	0.0290355764553768
-1.79839614394125	0.382877807711208
-0.810279821714953	0.541288587194688
-1.14171114622793	0.344693702322242
-1.14583039258107	0.346039770541419
3.26569824690609	1.10327543173781
0.948337549654709	0.248516516252871
-0.358557998384515	0.10292132426425
-0.631861030914921	0.303524878686767
-0.539661343528338	0.202765677037844
0.144304320671072	0.0423970373819599
-0.355104953248248	0.101967480674674
-1.50863317586361	0.759208525222823
-1.29974037470389	0.580428514716839
-0.628164901903538	0.15157555358925
-1.53105076095787	0.544124626485143
-3.08216231491203	0.947551973079846
0.159402290839324	0.0399177124259514
-0.628867026021838	0.151670609188118
-0.626075023442282	0.151167646950723
-3.08203048704882	0.947509650360219
0.152050960400409	0.028630259939513
3.26284822825054	1.10169382604423
-1.79840965860499	0.382877827643389
-1.79840965860499	0.382877827643389
-1.79839614394125	0.382877807711208
-1.80123754984197	0.383647112861273
-2.5766529574574	0.657773148602288
0.15144823932183	0.0285426379557898
-0.628030265547787	0.151499678636842
0.154509067766894	0.0289541162362231
0.948905461162112	0.248586345985544
0.155713854733082	0.0390835596706886
1.56051623870882	0.75862804314416
-1.83238513754881	0.740761304659517
0.162357836679133	0.0405597098553547
0.13571412709247	0.0450530753488282
-0.539661343528338	0.202765677037844
0.135497064378108	0.0449728061554857
1.55230573373748	0.753147839021799
-0.790981247304199	0.34324629444054
1.02363521199244	0.381873400117373
-0.356656967234746	0.102398272590581
0.154465593370314	0.0289479903375428
2.75641316563256	0.763778311858285
-0.355104953248248	0.101967480674674
-0.237437039825944	0.0763599123457812
-0.236319399670092	0.0760645410533321
-2.57669595250488	0.657559862268914
-0.628733247343677	0.151688343674084
-0.356952421866901	0.102502236157484
0.143467885183021	0.0421790290070851
1.02973272600178	0.384045666652184
0.160221796316651	0.0401166927693931
-1.79839614394125	0.382877807711208
2.75807933893485	0.764710363024488
-0.632424041671007	0.152580102364835
1.95731570776637	0.441000340195791
0.657866689740957	0.206670742493303
-0.358557998384515	0.10292132426425
-0.355112179440658	0.101904546481095
-2.08495289661111	0.941010945670462
-1.79839614394125	0.382877807711208
-1.83165926032039	0.740451579277532
-2.57660997484294	0.657538252319339
0.155067569950451	0.0290355764553768
-1.04361600013496	0.410853585324869
-3.08229418357021	0.947231644170671
-2.5766529574574	0.657773148602288
-1.14111344283696	0.344497381350969
-0.352620864579995	0.101250485836996
2.75807933893485	0.764710363024488
-0.354519585455166	0.101776151388844
0.155067569950451	0.0290355764553768
-1.04630043534404	0.412061137796638
-1.1406575104342	0.344234513147494
-2.30135040709624	1.14829181495397
-1.14536534536015	0.34589005605433
0.154509067766894	0.0289541162362231
-1.52499008340819	0.541418114624462
-1.52896155531942	0.543366808154917
0.154465593370314	0.0289479903375428
-0.351744415353914	0.1010114930848
-1.80123754984197	0.383647112861273
0.154509067766894	0.0289541162362231
0.154465593370314	0.0289479903375428
1.95731570776637	0.441000340195791
0.154509067766894	0.0289541162362231
-2.57660997484294	0.657538252319339
2.75580772001712	0.763760469153332
-1.79839614394125	0.382877807711208
0.155111385030128	0.0290417527313876
-3.08203048704882	0.947509650360219
0.160813493636874	0.0402291855562724
-1.79840965860499	0.382877827643389
1.45114635521655	0.478471348903038
-0.242459551461214	0.077947382082456
-0.628733247343677	0.151688343674084
0.155067569950451	0.0290355764553768
1.4480329582247	0.477161868008032
1.81738056066142	0.704160226172228
3.26857074944807	1.10417713664958
-0.537020300726747	0.201726380349835
-0.241543381848446	0.0777055848228126
-1.1414839653338	0.344622990730584
-1.79840965860499	0.382877827643389
0.154509067766894	0.0289541162362231
-0.359141638818634	0.103112871302961
-1.79839614394125	0.382877807711208
-0.628164901903538	0.15157555358925
0.661225548064972	0.20772290984652
-0.544614450051074	0.204939615726028
-1.79840965860499	0.382877827643389
-1.14559783756009	0.346052129596875
-1.80123754984197	0.383647112861273
-2.57669595250488	0.657559862268914
-1.50863317586361	0.759208525222823
-1.14499995487719	0.345855392571373
-0.628164901903538	0.15157555358925
0.155067569950451	0.0290355764553768
-1.79839614394125	0.382877807711208
-3.08912772662777	0.951015235110598
1.95988292961267	0.441702177751728
1.95786695174359	0.441149378722158
1.95786695174359	0.441149378722158
-1.14111344283696	0.344497381350969
1.81545080408239	0.703738180326379
-2.5766529574574	0.657773148602288
-1.83139270651508	0.740181168650308
0.155111385030128	0.0290417527313876
-0.632563406792844	0.152610991116788
-1.79840965860499	0.382877827643389
-1.79840965860499	0.382877827643389
-2.57669595250488	0.657559862268914
-0.631994988626399	0.152498044571477
0.155067569950451	0.0290355764553768
-1.79840965860499	0.382877827643389
-3.08556356757563	0.949512459473102
-1.79839614394125	0.382877807711208
1.95786695174359	0.441149378722158
1.95786695174359	0.441149378722158
2.75641316563256	0.763778311858285
0.950858461556905	0.2491584305819
0.154465593370314	0.0289479903375428
-1.79839614394125	0.382877807711208
0.154465593370314	0.0289479903375428
-1.79840965860499	0.382877827643389
-1.79839614394125	0.382877807711208
1.95786695174359	0.441149378722158
0.950858461556905	0.2491584305819
-1.79839614394125	0.382877807711208
1.95731570776637	0.441000340195791
0.948337549654709	0.248516516252871
-1.79840965860499	0.382877827643389
-1.14171114622793	0.344693702322242
-1.79840965860499	0.382877827643389
-1.79840965860499	0.382877827643389
0.155067569950451	0.0290355764553768
0.948337549654709	0.248516516252871
0.950426851449918	0.249037516760643
-1.79840965860499	0.382877827643389
-1.79840965860499	0.382877827643389
0.154465593370314	0.0289479903375428
0.155111385030128	0.0290417527313876
2.75641316563256	0.763778311858285
-2.5766529574574	0.657773148602288
0.658741078701816	0.207014004441108
-1.79840965860499	0.382877827643389
0.160221796316651	0.0401166927693931
-1.79840965860499	0.382877827643389
0.155067569950451	0.0290355764553768
-3.08203048704882	0.947509650360219
-1.79839614394125	0.382877807711208
-1.79839614394125	0.382877807711208
-1.79840965860499	0.382877827643389
-1.79839614394125	0.382877807711208
0.948768757521975	0.248549269795159
-2.5766529574574	0.657773148602288
-2.57968420714322	0.659073447553718
-0.742186336237652	0.253369233953609
0.154509067766894	0.0289541162362231
1.95731570776637	0.441000340195791
1.95731570776637	0.441000340195791
0.947635845528227	0.248244973505163
1.95786695174359	0.441149378722158
-1.79840965860499	0.382877827643389
0.154509067766894	0.0289541162362231
-1.52275201069355	0.540627902821117
-1.14193838802885	0.344646219015582
-1.1413415008172	0.344450233445194
-1.79839614394125	0.382877807711208
-3.08229418357021	0.947231644170671
-0.628164901903538	0.15157555358925
-1.79840965860499	0.382877827643389
0.94820175004088	0.248479682375772
0.155067569950451	0.0290355764553768
-1.79839614394125	0.382877807711208
-2.57669595250488	0.657559862268914
2.75641316563256	0.763778311858285
-0.632563406792844	0.152610991116788
-1.80123754984197	0.383647112861273
-1.79839614394125	0.382877807711208
-1.79839614394125	0.382877807711208
0.157370411029726	0.0293708256249034
0.157370411029726	0.0293708256249034
-2.5766529574574	0.657773148602288
-1.79840965860499	0.382877827643389
0.948337549654709	0.248516516252871
-1.79840965860499	0.382877827643389
-1.79840965860499	0.382877827643389
0.155713854733082	0.0390835596706886
-1.79840965860499	0.382877827643389
1.95786695174359	0.441149378722158
-0.631994988626399	0.152498044571477
-1.79839614394125	0.382877807711208
-0.628030265547787	0.151499678636842
1.95988292961267	0.441702177751728
-1.80123754984197	0.383647112861273
1.95786695174359	0.441149378722158
2.75807933893485	0.764710363024488
0.160583229502904	0.0401661733691417
-3.08229418357021	0.947231644170671
-2.5766529574574	0.657773148602288
-1.79840965860499	0.382877827643389
-2.5766529574574	0.657773148602288
-2.57660997484294	0.657538252319339
-0.628599509856641	0.151612619227975
-0.628164901903538	0.15157555358925
-2.57669595250488	0.657559862268914
-1.79839614394125	0.382877807711208
-2.57669595250488	0.657559862268914
-1.79839614394125	0.382877807711208
1.95786695174359	0.441149378722158
-2.5766529574574	0.657773148602288
1.95731570776637	0.441000340195791
0.154509067766894	0.0289541162362231
0.948768757521975	0.248549269795159
0.157325350109871	0.02936446462458
0.948337549654709	0.248516516252871
-1.52556530925699	0.541887546993991
-1.79840965860499	0.382877827643389
-2.57660997484294	0.657538252319339
-3.08203048704882	0.947509650360219
-1.79839614394125	0.382877807711208
-1.79839614394125	0.382877807711208
0.157370411029726	0.0293708256249034
-2.57669595250488	0.657559862268914
-1.79840965860499	0.382877827643389
-1.14171114622793	0.344693702322242
-1.79839614394125	0.382877807711208
-1.79839614394125	0.382877807711208
1.95786695174359	0.441149378722158
1.4480329582247	0.477161868008032
-1.79839614394125	0.382877807711208
0.155111385030128	0.0290417527313876
-0.628733247343677	0.151688343674084
-0.3523322595973	0.101168276473444
-1.79840965860499	0.382877827643389
-2.57660997484294	0.657538252319339
-1.79839614394125	0.382877807711208
-1.79839614394125	0.382877807711208
-2.5766529574574	0.657773148602288
0.160221796316651	0.0401166927693931
0.94820175004088	0.248479682375772
1.95786695174359	0.441149378722158
2.75807933893485	0.764710363024488
1.95786695174359	0.441149378722158
-1.79840965860499	0.382877827643389
0.947635845528227	0.248244973505163
-0.628164901903538	0.15157555358925
1.95786695174359	0.441149378722158
-1.79840965860499	0.382877827643389
-0.628030265547787	0.151499678636842
1.95786695174359	0.441149378722158
-2.57669595250488	0.657559862268914
0.155067569950451	0.0290355764553768
-1.79840965860499	0.382877827643389
0.154509067766894	0.0289541162362231
-2.5766529574574	0.657773148602288
2.75807933893485	0.764710363024488
1.44922258720914	0.477763268309402
-2.57669595250488	0.657559862268914
-1.1406575104342	0.344234513147494
-1.79839614394125	0.382877807711208
-1.80123754984197	0.383647112861273
-1.79839614394125	0.382877807711208
-1.14111344283696	0.344497381350969
-1.79839614394125	0.382877807711208
-1.79839614394125	0.382877807711208
-1.79840965860499	0.382877827643389
-1.79839614394125	0.382877807711208
2.75520320904554	0.763197913000704
-1.80123754984197	0.383647112861273
-2.57660997484294	0.657538252319339
0.950858461556905	0.2491584305819
-1.79839614394125	0.382877807711208
-1.79839614394125	0.382877807711208
-2.57669595250488	0.657559862268914
-2.57669595250488	0.657559862268914
-1.79840965860499	0.382877827643389
-2.5766529574574	0.657773148602288
0.154465593370314	0.0289479903375428
-1.79840965860499	0.382877827643389
-1.79839614394125	0.382877807711208
-2.5766529574574	0.657773148602288
-0.62621301873586	0.15115097520137
0.158797898832415	0.0397350165406265
-1.79839614394125	0.382877807711208
0.154509067766894	0.0289541162362231
-0.628030265547787	0.151499678636842
-1.80123754984197	0.383647112861273
-1.80123754984197	0.383647112861273
-1.79840965860499	0.382877827643389
0.154465593370314	0.0289479903375428
-1.79840965860499	0.382877827643389
1.95731570776637	0.441000340195791
-1.79840965860499	0.382877827643389
1.95786695174359	0.441149378722158
2.75580772001712	0.763760469153332
1.95786695174359	0.441149378722158
-2.57963910438406	0.659061212358043
0.155067569950451	0.0290355764553768
-2.5766529574574	0.657773148602288
2.75580772001712	0.763760469153332
1.95731570776637	0.441000340195791
0.155067569950451	0.0290355764553768
0.948905461162112	0.248586345985544
-1.79839614394125	0.382877807711208
-0.628733247343677	0.151688343674084
2.75641316563256	0.763778311858285
2.75580772001712	0.763760469153332
-3.08203048704882	0.947509650360219
1.95786695174359	0.441149378722158
-0.628733247343677	0.151688343674084
2.75580772001712	0.763760469153332
1.95786695174359	0.441149378722158
-1.79839614394125	0.382877807711208
-0.628867026021838	0.151670609188118
0.155111385030128	0.0290417527313876
2.75641316563256	0.763778311858285
-3.08556356757563	0.949512459473102
-3.46322465260564	1.22963503158779
0.948768757521975	0.248549269795159
-1.79839614394125	0.382877807711208
-1.79839614394125	0.382877807711208
-3.08556356757563	0.949512459473102
-1.1414839653338	0.344622990730584
-2.57669595250488	0.657559862268914
2.75641316563256	0.763778311858285
-1.52585303078124	0.541962051097293
-2.5766529574574	0.657773148602288
1.95786695174359	0.441149378722158
-1.79839614394125	0.382877807711208
-2.57963910438406	0.659061212358043
0.155111385030128	0.0290417527313876
-3.45945095257726	1.22747869975084
-1.79839614394125	0.382877807711208
-1.79839614394125	0.382877807711208
-2.5766529574574	0.657773148602288
-1.79840965860499	0.382877827643389
0.155067569950451	0.0290355764553768
0.157325350109871	0.02936446462458
0.155111385030128	0.0290417527313876
-2.5766529574574	0.657773148602288
-2.5766529574574	0.657773148602288
-1.79840965860499	0.382877827643389
-1.79839614394125	0.382877807711208
-1.79839614394125	0.382877807711208
-2.57660997484294	0.657538252319339
-1.79839614394125	0.382877807711208
0.94820175004088	0.248479682375772
-0.628867026021838	0.151670609188118
0.155111385030128	0.0290417527313876
-1.79840965860499	0.382877827643389
1.95786695174359	0.441149378722158
0.154465593370314	0.0289479903375428
1.4480329582247	0.477161868008032
3.26284822825054	1.10169382604423
-0.628733247343677	0.151688343674084
0.152050960400409	0.028630259939513
-1.1406575104342	0.344234513147494
0.162952579336367	0.0406858836130456
0.154509067766894	0.0289541162362231
0.943937640725668	0.24736392993685
-2.5766529574574	0.657773148602288
1.95786695174359	0.441149378722158
-1.79839614394125	0.382877807711208
-3.08216231491203	0.947551973079846
-0.628164901903538	0.15157555358925
-1.79840965860499	0.382877827643389
-1.79840965860499	0.382877827643389
0.155067569950451	0.0290355764553768
-2.5766529574574	0.657773148602288
-1.79839614394125	0.382877807711208
-2.58269164924118	0.660244336228982
-1.79840965860499	0.382877827643389
-3.08556356757563	0.949512459473102
-1.79840965860499	0.382877827643389
-1.79840965860499	0.382877827643389
2.75580772001712	0.763760469153332
0.155111385030128	0.0290417527313876
1.44862736407577	0.477555630338169
1.95988292961267	0.441702177751728
0.154465593370314	0.0289479903375428
2.75580772001712	0.763760469153332
-3.08229418357021	0.947231644170671
-1.80123754984197	0.383647112861273
-0.628867026021838	0.151670609188118
-1.79839614394125	0.382877807711208
-1.79839614394125	0.382877807711208
-0.632424041671007	0.152580102364835
0.948337549654709	0.248516516252871
-1.79840965860499	0.382877827643389
-1.79839614394125	0.382877807711208
1.44899109330448	0.477667123734845
-2.5766529574574	0.657773148602288
-1.1406575104342	0.344234513147494
-2.5766529574574	0.657773148602288
-1.79839614394125	0.382877807711208
-1.79840965860499	0.382877827643389
-2.57660997484294	0.657538252319339
-1.79839614394125	0.382877807711208
1.44665759513172	0.476601664632304
0.155111385030128	0.0290417527313876
0.162590253502546	0.0405994312489443
2.75580772001712	0.763760469153332
0.658449623497539	0.206846818911275
0.948768757521975	0.248549269795159
-1.79839614394125	0.382877807711208
0.94820175004088	0.248479682375772
-1.80123754984197	0.383647112861273
-3.08216231491203	0.947551973079846
-1.79840965860499	0.382877827643389
1.95731570776637	0.441000340195791
2.75520320904554	0.763197913000704
2.75520320904554	0.763197913000704
-3.08203048704882	0.947509650360219
-2.57963910438406	0.659061212358043
-1.79840965860499	0.382877827643389
-2.57669595250488	0.657559862268914
-1.80123754984197	0.383647112861273
-1.79840965860499	0.382877827643389
1.95786695174359	0.441149378722158
-2.57669595250488	0.657559862268914
1.95731570776637	0.441000340195791
1.95988292961267	0.441702177751728
0.157325350109871	0.02936446462458
0.160221796316651	0.0401166927693931
-2.57669595250488	0.657559862268914
1.95731570776637	0.441000340195791
-1.79840965860499	0.382877827643389
-1.1414839653338	0.344622990730584
0.950858461556905	0.2491584305819
0.94820175004088	0.248479682375772
1.02455981174032	0.382091874796033
-1.14499995487719	0.345855392571373
-3.08542618523242	0.949198094742557
0.156661115950913	0.0392800358899383
-3.08216231491203	0.947551973079846
-0.541404043902354	0.20353687445987
-0.628299579656606	0.151558046801791
-0.628733247343677	0.151688343674084
-1.1406575104342	0.344234513147494
-1.80123754984197	0.383647112861273
-1.79840965860499	0.382877827643389
-1.79839614394125	0.382877807711208
-0.628164901903538	0.15157555358925
-0.628599509856641	0.151612619227975
-1.14111344283696	0.344497381350969
0.154465593370314	0.0289479903375428
-1.79840965860499	0.382877827643389
-0.63185471444008	0.152466960619287
3.26345542626113	1.10199860979414
-0.355112179440658	0.101904546481095
-3.08189869996978	0.9470994296719
0.159402290839324	0.0399177124259514
0.154509067766894	0.0289541162362231
-1.79839614394125	0.382877807711208
-1.79840965860499	0.382877827643389
2.75520320904554	0.763197913000704
-1.13872731243543	0.343741383764358
-0.628164901903538	0.15157555358925
-3.08203048704882	0.947509650360219
-3.08189869996978	0.9470994296719
-2.5766529574574	0.657773148602288
-0.628867026021838	0.151670609188118
-1.79840965860499	0.382877827643389
-1.79839614394125	0.382877807711208
0.154465593370314	0.0289479903375428
0.155067569950451	0.0290355764553768
-1.80123754984197	0.383647112861273
-0.632563406792844	0.152610991116788
1.95786695174359	0.441149378722158
0.948768757521975	0.248549269795159
-1.1406575104342	0.344234513147494
-0.628867026021838	0.151670609188118
-1.79840965860499	0.382877827643389
-0.628030265547787	0.151499678636842
0.154509067766894	0.0289541162362231
0.161043695584893	0.0402684742968713
0.948768757521975	0.248549269795159
-1.79840965860499	0.382877827643389
0.15144823932183	0.0285426379557898
-2.57669595250488	0.657559862268914
-2.57669595250488	0.657559862268914
0.512417982564511	0.180670773702822
-1.8327219769474	0.740987434117012
0.141967130194531	0.0417132288760272
0.943937640725668	0.24736392993685
-0.735458723618684	0.250947808327744
0.154465593370314	0.0289479903375428
0.37719892423885	0.167428598365971
-0.540486497816113	0.203240784979243
-1.14171114622793	0.344693702322242
-0.735458723618684	0.250947808327744
-0.739810651859165	0.252595067527066
-2.57660997484294	0.657538252319339
1.95731570776637	0.441000340195791
-1.79839614394125	0.382877807711208
0.155111385030128	0.0290417527313876
0.155111385030128	0.0290417527313876
0.144389940892798	0.0424393237157952
0.160221796316651	0.0401166927693931
0.658741078701816	0.207014004441108
-3.45945095257726	1.22747869975084
2.75580772001712	0.763760469153332
0.154509067766894	0.0289541162362231
-1.79840965860499	0.382877827643389
-1.83564160885514	0.742645090374466
-0.628164901903538	0.15157555358925
-0.357247952587094	0.102560703144377
-0.419357186063525	0.174956868056436
-0.164744037178764	0.059028259963585
-0.626075023442282	0.151167646950723
-2.57669595250488	0.657559862268914
-1.79839614394125	0.382877807711208
-2.57968420714322	0.659073447553718
0.155111385030128	0.0290417527313876
-0.241543381848446	0.0777055848228126
1.01407517539038	0.377265863560747
-2.5766529574574	0.657773148602288
0.15144823932183	0.0285426379557898
-0.744521675908842	0.254256650960469
0.16045117802105	0.0401558290866076
-1.13895833229548	0.343813220888229
0.157325350109871	0.02936446462458
-0.234534484549801	0.0754746413023498
-3.08203048704882	0.947509650360219
-1.79839614394125	0.382877807711208
-1.79839614394125	0.382877807711208
-3.76051807227417	1.48103739093911
-3.0857009920368	0.949295045119167
1.95786695174359	0.441149378722158
-0.358852053011674	0.102979336804101
0.154509067766894	0.0289541162362231
0.162125356869158	0.0404960611383205
0.15820382838182	0.0396092897578142
0.154509067766894	0.0289541162362231
-1.79839614394125	0.382877807711208
-0.635712548659237	0.153374459528297
-1.79839614394125	0.382877807711208
-0.63185471444008	0.152466960619287
0.947635845528227	0.248244973505163
3.26284822825054	1.10169382604423
-3.08556356757563	0.949512459473102
1.95731570776637	0.441000340195791
-1.79840965860499	0.382877827643389
-0.628733247343677	0.151688343674084
-0.629763239673253	0.152058330338803
-0.62621301873586	0.15115097520137
0.802704240998476	0.33025128123342
-1.5292536270854	0.543488048058857
-1.79839614394125	0.382877807711208
-0.810611538250955	0.443339445574606
0.159859477622278	0.0400192334307773
-0.35262379016767	0.101278913820777
-0.354229439997714	0.101697261087168
-1.29145315181805	0.575466227441089
-2.5766529574574	0.657773148602288
-1.79840965860499	0.382877827643389
2.75868832531345	0.765017792149168
-3.08216231491203	0.947551973079846
-2.57963910438406	0.659061212358043
-2.5766529574574	0.657773148602288
-3.08556356757563	0.949512459473102
-1.80123754984197	0.383647112861273
-0.628299579656606	0.151558046801791
0.155111385030128	0.0290417527313876
-1.79839614394125	0.382877807711208
1.95786695174359	0.441149378722158
1.95731570776637	0.441000340195791
1.81264504950119	0.702404900566408
3.63500627246108	1.42050433165602
-1.79839614394125	0.382877807711208
0.155067569950451	0.0290355764553768
-0.628164901903538	0.15157555358925
-0.628733247343677	0.151688343674084
-0.632424041671007	0.152580102364835
0.154509067766894	0.0289541162362231
-2.57669595250488	0.657559862268914
-2.57669595250488	0.657559862268914
-1.79840965860499	0.382877827643389
-2.57660997484294	0.657538252319339
-2.57669595250488	0.657559862268914
-1.79840965860499	0.382877827643389
-1.79840965860499	0.382877827643389
-2.57660997484294	0.657538252319339
-2.57669595250488	0.657559862268914
-0.636281951781153	0.153487716090317
-1.80123754984197	0.383647112861273
-2.57669595250488	0.657559862268914
-1.14193838802885	0.344646219015582
0.950287720870208	0.248999740475732
-3.0857009920368	0.949295045119167
-1.14088544605048	0.344426431780091
-3.08229418357021	0.947231644170671
-1.79840965860499	0.382877827643389
0.15144823932183	0.0285426379557898
0.154509067766894	0.0289541162362231
-1.79839614394125	0.382877807711208
-1.79839614394125	0.382877807711208
0.154509067766894	0.0289541162362231
0.15963091503218	0.0399802605532864
2.75520320904554	0.763197913000704
0.157370411029726	0.0293708256249034
1.95988292961267	0.441702177751728
-2.57669595250488	0.657559862268914
0.160221796316651	0.0401166927693931
0.154509067766894	0.0289541162362231
-1.79840965860499	0.382877827643389
-2.5766529574574	0.657773148602288
-2.57963910438406	0.659061212358043
-1.79840965860499	0.382877827643389
0.155067569950451	0.0290355764553768
0.948768757521975	0.248549269795159
-1.79840965860499	0.382877827643389
-3.08203048704882	0.947509650360219
-0.628733247343677	0.151688343674084
0.948905461162112	0.248586345985544
-1.79839614394125	0.382877807711208
0.157325350109871	0.02936446462458
-0.626075023442282	0.151167646950723
-1.79840965860499	0.382877827643389
-1.79839614394125	0.382877807711208
0.950287720870208	0.248999740475732
0.155067569950451	0.0290355764553768
-1.79839614394125	0.382877807711208
-1.80123754984197	0.383647112861273
-2.57963910438406	0.659061212358043
-1.79840965860499	0.382877827643389
-0.628299579656606	0.151558046801791
-1.14559783756009	0.346052129596875
-1.79840965860499	0.382877827643389
1.95786695174359	0.441149378722158
-1.79840965860499	0.382877827643389
-1.79840965860499	0.382877827643389
-2.5766529574574	0.657773148602288
-2.5766529574574	0.657773148602288
-1.79840965860499	0.382877827643389
-1.79839614394125	0.382877807711208
-1.79839614394125	0.382877807711208
-1.79840965860499	0.382877827643389
-1.80123754984197	0.383647112861273
-2.57660997484294	0.657538252319339
-1.79839614394125	0.382877807711208
0.950998501270056	0.249196467275389
0.154509067766894	0.0289541162362231
0.154509067766894	0.0289541162362231
-2.5766529574574	0.657773148602288
-1.79840965860499	0.382877827643389
-1.80123754984197	0.383647112861273
-2.57968420714322	0.659073447553718
-1.79840965860499	0.382877827643389
0.162125356869158	0.0404960611383205
-1.79840965860499	0.382877827643389
-2.57968420714322	0.659073447553718
