x	y
-0.628299579656606	0.151558046801791
-2.57968420714322	0.659073447553718
-1.14974325164212	0.347335128550777
0.155111385030128	0.0290417527313876
-1.79840965860499	0.382877827643389
-1.79840965860499	0.382877827643389
-1.79839614394125	0.382877807711208
0.155111385030128	0.0290417527313876
-1.79840965860499	0.382877827643389
0.155067569950451	0.0290355764553768
1.95786695174359	0.441149378722158
-2.5766529574574	0.657773148602288
-0.628867026021838	0.151670609188118
-0.628733247343677	0.151688343674084
0.154465593370314	0.0289479903375428
0.947635845528227	0.248244973505163
0.155111385030128	0.0290417527313876
-1.79840965860499	0.382877827643389
-2.57660997484294	0.657538252319339
-3.08556356757563	0.949512459473102
-1.79840965860499	0.382877827643389
-1.79840965860499	0.382877827643389
0.155067569950451	0.0290355764553768
-1.79839614394125	0.382877807711208
-1.79840965860499	0.382877827643389
2.75641316563256	0.763778311858285
-1.79839614394125	0.382877807711208
-1.79839614394125	0.382877807711208
-2.5766529574574	0.657773148602288
-1.79839614394125	0.382877807711208
-1.79840965860499	0.382877827643389
-1.79840965860499	0.382877827643389
-2.5766529574574	0.657773148602288
-1.79839614394125	0.382877807711208
-2.57669595250488	0.657559862268914
-1.79839614394125	0.382877807711208
-0.628733247343677	0.151688343674084
-2.58269164924118	0.660244336228982
-1.79839614394125	0.382877807711208
-1.79840965860499	0.382877827643389
-1.80123754984197	0.383647112861273
-1.79840965860499	0.382877827643389
-3.08216231491203	0.947551973079846
-1.79840965860499	0.382877827643389
-1.80123754984197	0.383647112861273
-1.79840965860499	0.382877827643389
-3.45900121533902	1.22669642729201
-1.79840965860499	0.382877827643389
-1.79839614394125	0.382877807711208
-1.79840965860499	0.382877827643389
0.154509067766894	0.0289541162362231
-1.79839614394125	0.382877807711208
-2.57660997484294	0.657538252319339
-3.08229418357021	0.947231644170671
-2.5766529574574	0.657773148602288
-1.80123754984197	0.383647112861273
-1.79840965860499	0.382877827643389
-1.79840965860499	0.382877827643389
-2.5766529574574	0.657773148602288
-1.79840965860499	0.382877827643389
-1.79839614394125	0.382877807711208
-1.79840965860499	0.382877827643389
-1.79839614394125	0.382877807711208
-1.79840965860499	0.382877827643389
-2.5766529574574	0.657773148602288
-2.57660997484294	0.657538252319339
-1.79840965860499	0.382877827643389
-1.79840965860499	0.382877827643389
1.95731570776637	0.441000340195791
1.95786695174359	0.441149378722158
-2.57669595250488	0.657559862268914
-1.79840965860499	0.382877827643389
1.95988292961267	0.441702177751728
-1.79840965860499	0.382877827643389
-1.79840965860499	0.382877827643389
-1.79840965860499	0.382877827643389
-1.79840965860499	0.382877827643389
-1.79839614394125	0.382877807711208
-1.79840965860499	0.382877827643389
-2.57963910438406	0.659061212358043
-1.79839614394125	0.382877807711208
-1.79839614394125	0.382877807711208
-2.57669595250488	0.657559862268914
-1.79840965860499	0.382877827643389
-1.80123754984197	0.383647112861273
-1.79840965860499	0.382877827643389
-1.79840965860499	0.382877827643389
0.155067569950451	0.0290355764553768
-1.79839614394125	0.382877807711208
-1.79840965860499	0.382877827643389
-2.57669595250488	0.657559862268914
-1.79840965860499	0.382877827643389
-1.79839614394125	0.382877807711208
-1.80123754984197	0.383647112861273
-1.79839614394125	0.382877807711208
-1.79839614394125	0.382877807711208
-1.79840965860499	0.382877827643389
-1.79839614394125	0.382877807711208
-1.79840965860499	0.382877827643389
-1.80123754984197	0.383647112861273
0.654703443030561	0.205608890273211
0.947635845528227	0.248244973505163
-1.79840965860499	0.382877827643389
-1.79840965860499	0.382877827643389
-1.79840965860499	0.382877827643389
-1.80123754984197	0.383647112861273
-1.79839614394125	0.382877807711208
-1.79840965860499	0.382877827643389
0.155067569950451	0.0290355764553768
-1.79839614394125	0.382877807711208
-1.79839614394125	0.382877807711208
-1.79839614394125	0.382877807711208
1.95731570776637	0.441000340195791
-0.628599509856641	0.151612619227975
0.947635845528227	0.248244973505163
0.947770742439721	0.248281535275256
-1.8343686452195	0.741659633265439
-0.628030265547787	0.151499678636842
-1.79839614394125	0.382877807711208
-1.79840965860499	0.382877827643389
-2.57968420714322	0.659073447553718
0.155067569950451	0.0290355764553768
-1.79839614394125	0.382877807711208
-2.57669595250488	0.657559862268914
-1.79839614394125	0.382877807711208
-1.80123754984197	0.383647112861273
-3.08203048704882	0.947509650360219
0.155111385030128	0.0290417527313876
0.158441687834525	0.0396618099099809
0.148186394591661	0.0434281534721658
-1.14088544605048	0.344426431780091
-2.57660997484294	0.657538252319339
-1.79840965860499	0.382877827643389
-1.79840965860499	0.382877827643389
-3.08216231491203	0.947551973079846
-1.79840965860499	0.382877827643389
-0.628599509856641	0.151612619227975
-3.76080338308098	1.48176245886347
-2.57669595250488	0.657559862268914
-1.79839614394125	0.382877807711208
0.154465593370314	0.0289479903375428
0.157370411029726	0.0293708256249034
-1.29353315609389	0.576437929846008
1.44922258720914	0.477763268309402
0.658741078701816	0.207014004441108
-1.79839614394125	0.382877807711208
-3.08189869996978	0.9470994296719
-1.79839614394125	0.382877807711208
-1.52556530925699	0.541887546993991
-1.79840965860499	0.382877827643389
-1.79840965860499	0.382877827643389
-2.5766529574574	0.657773148602288
-1.79839614394125	0.382877807711208
-1.79840965860499	0.382877827643389
0.155111385030128	0.0290417527313876
2.76097686654259	0.765783986906631
-3.08203048704882	0.947509650360219
-0.359141638818634	0.103112871302961
0.140609521820489	0.0413743325045252
-0.628299579656606	0.151558046801791
-2.57669595250488	0.657559862268914
1.95731570776637	0.441000340195791
-1.79840965860499	0.382877827643389
-1.79840965860499	0.382877827643389
-1.79840965860499	0.382877827643389
0.154465593370314	0.0289479903375428
-1.79840965860499	0.382877827643389
-1.79840965860499	0.382877827643389
0.948768757521975	0.248549269795159
1.95731570776637	0.441000340195791
3.26284822825054	1.10169382604423
-2.5766529574574	0.657773148602288
0.154465593370314	0.0289479903375428
-1.79840965860499	0.382877827643389
-1.80123754984197	0.383647112861273
-1.79840965860499	0.382877827643389
-2.5766529574574	0.657773148602288
-2.57660997484294	0.657538252319339
-2.5766529574574	0.657773148602288
-1.79839614394125	0.382877807711208
-1.79839614394125	0.382877807711208
-1.79840965860499	0.382877827643389
-1.80123754984197	0.383647112861273
-1.79839614394125	0.382877807711208
-1.79840965860499	0.382877827643389
-1.80123754984197	0.383647112861273
-1.79840965860499	0.382877827643389
0.157325350109871	0.02936446462458
0.154509067766894	0.0289541162362231
-1.79839614394125	0.382877807711208
-1.79840965860499	0.382877827643389
-1.79840965860499	0.382877827643389
-0.628733247343677	0.151688343674084
0.154465593370314	0.0289479903375428
-1.79839614394125	0.382877807711208
-1.79839614394125	0.382877807711208
-1.79839614394125	0.382877807711208
-1.79840965860499	0.382877827643389
-1.79840965860499	0.382877827643389
-1.79840965860499	0.382877827643389
-1.79839614394125	0.382877807711208
-1.79840965860499	0.382877827643389
-1.79840965860499	0.382877827643389
-1.79840965860499	0.382877827643389
-1.79839614394125	0.382877807711208
-1.79840965860499	0.382877827643389
-1.79840965860499	0.382877827643389
-1.80123754984197	0.383647112861273
-1.14171114622793	0.344693702322242
-1.79840965860499	0.382877827643389
1.95731570776637	0.441000340195791
1.95731570776637	0.441000340195791
-1.79840965860499	0.382877827643389
-1.79840965860499	0.382877827643389
1.95731570776637	0.441000340195791
-1.79840965860499	0.382877827643389
-1.79840965860499	0.382877827643389
-1.14171114622793	0.344693702322242
-2.5766529574574	0.657773148602288
-1.79840965860499	0.382877827643389
-1.79839614394125	0.382877807711208
-1.80123754984197	0.383647112861273
0.154509067766894	0.0289541162362231
-1.79840965860499	0.382877827643389
-1.79840965860499	0.382877827643389
-1.79840965860499	0.382877827643389
-3.08216231491203	0.947551973079846
-1.79840965860499	0.382877827643389
-1.79839614394125	0.382877807711208
-1.79839614394125	0.382877807711208
0.154465593370314	0.0289479903375428
-1.79840965860499	0.382877827643389
-1.79840965860499	0.382877827643389
-0.628733247343677	0.151688343674084
-2.5766529574574	0.657773148602288
-1.79840965860499	0.382877827643389
-1.79839614394125	0.382877807711208
-1.80123754984197	0.383647112861273
-1.79840965860499	0.382877827643389
-1.79839614394125	0.382877807711208
-1.79840965860499	0.382877827643389
2.75580772001712	0.763760469153332
-1.79839614394125	0.382877807711208
-1.80123754984197	0.383647112861273
-1.79840965860499	0.382877827643389
-1.52896155531942	0.543366808154917
-1.79839614394125	0.382877807711208
-1.79839614394125	0.382877807711208
-1.79839614394125	0.382877807711208
0.157325350109871	0.02936446462458
-1.79839614394125	0.382877807711208
-2.5766529574574	0.657773148602288
-1.79840965860499	0.382877827643389
0.151536491393852	0.0381262887020096
-1.79840965860499	0.382877827643389
-1.79840965860499	0.382877827643389
-2.57963910438406	0.659061212358043
-0.628164901903538	0.15157555358925
0.154509067766894	0.0289541162362231
-1.79839614394125	0.382877807711208
-1.79840965860499	0.382877827643389
-3.08203048704882	0.947509650360219
-1.79840965860499	0.382877827643389
-1.79839614394125	0.382877807711208
-1.79840965860499	0.382877827643389
-1.79840965860499	0.382877827643389
-1.79839614394125	0.382877807711208
-1.79840965860499	0.382877827643389
-1.1406575104342	0.344234513147494
1.95731570776637	0.441000340195791
-1.79840965860499	0.382877827643389
-1.79839614394125	0.382877807711208
-1.79840965860499	0.382877827643389
-1.79839614394125	0.382877807711208
-1.79840965860499	0.382877827643389
-1.79839614394125	0.382877807711208
-1.79839614394125	0.382877807711208
-1.79839614394125	0.382877807711208
-0.628299579656606	0.151558046801791
-1.79839614394125	0.382877807711208
-2.57660997484294	0.657538252319339
-1.79839614394125	0.382877807711208
-1.79840965860499	0.382877827643389
-2.57660997484294	0.657538252319339
-1.79839614394125	0.382877807711208
-1.79840965860499	0.382877827643389
-1.79840965860499	0.382877827643389
-1.79840965860499	0.382877827643389
-1.79840965860499	0.382877827643389
1.95786695174359	0.441149378722158
-2.5766529574574	0.657773148602288
0.154509067766894	0.0289541162362231
-1.79840965860499	0.382877827643389
-1.79839614394125	0.382877807711208
-1.79839614394125	0.382877807711208
-1.79840965860499	0.382877827643389
0.155067569950451	0.0290355764553768
-1.79839614394125	0.382877807711208
-1.79840965860499	0.382877827643389
-1.79839614394125	0.382877807711208
-1.79839614394125	0.382877807711208
-1.79839614394125	0.382877807711208
-1.1447666380351	0.34569313996721
-1.80123754984197	0.383647112861273
-1.79840965860499	0.382877827643389
-1.79840965860499	0.382877827643389
-1.80123754984197	0.383647112861273
0.152050960400409	0.028630259939513
-3.08556356757563	0.949512459473102
-2.57963910438406	0.659061212358043
0.94820175004088	0.248479682375772
0.154465593370314	0.0289479903375428
2.75520320904554	0.763197913000704
-1.79840965860499	0.382877827643389
0.154465593370314	0.0289479903375428
-1.79839614394125	0.382877807711208
-1.79840965860499	0.382877827643389
-1.79839614394125	0.382877807711208
-1.79840965860499	0.382877827643389
0.154465593370314	0.0289479903375428
-1.79840965860499	0.382877827643389
0.154465593370314	0.0289479903375428
-1.79839614394125	0.382877807711208
-1.79839614394125	0.382877807711208
0.426188529242061	0.168158662567646
0.155067569950451	0.0290355764553768
0.154509067766894	0.0289541162362231
1.95988292961267	0.441702177751728
1.95988292961267	0.441702177751728
3.26569824690609	1.10327543173781
-1.52556530925699	0.541887546993991
-0.628867026021838	0.151670609188118
-0.628164901903538	0.15157555358925
-1.79839614394125	0.382877807711208
1.95786695174359	0.441149378722158
-2.5766529574574	0.657773148602288
-1.79840965860499	0.382877827643389
-1.79840965860499	0.382877827643389
-1.79839614394125	0.382877807711208
-2.57660997484294	0.657538252319339
0.160221796316651	0.0401166927693931
1.95731570776637	0.441000340195791
0.154465593370314	0.0289479903375428
2.75868832531345	0.765017792149168
-1.80123754984197	0.383647112861273
-1.79840965860499	0.382877827643389
-1.79840965860499	0.382877827643389
-1.79840965860499	0.382877827643389
0.157370411029726	0.0293708256249034
-2.5766529574574	0.657773148602288
-1.79839614394125	0.382877807711208
0.947635845528227	0.248244973505163
-1.79840965860499	0.382877827643389
-0.628599509856641	0.151612619227975
0.155111385030128	0.0290417527313876
1.95731570776637	0.441000340195791
0.950998501270056	0.249196467275389
-2.5766529574574	0.657773148602288
-3.08216231491203	0.947551973079846
-1.79840965860499	0.382877827643389
0.154509067766894	0.0289541162362231
1.95988292961267	0.441702177751728
0.155111385030128	0.0290417527313876
1.95786695174359	0.441149378722158
-1.79839614394125	0.382877807711208
-1.79839614394125	0.382877807711208
-2.57968420714322	0.659073447553718
-1.79840965860499	0.382877827643389
0.156896734628332	0.0393320207188234
-1.79839614394125	0.382877807711208
-2.57669595250488	0.657559862268914
-1.80123754984197	0.383647112861273
-1.79839614394125	0.382877807711208
-1.80123754984197	0.383647112861273
-0.628164901903538	0.15157555358925
1.95988292961267	0.441702177751728
-1.80123754984197	0.383647112861273
-0.628733247343677	0.151688343674084
-1.79839614394125	0.382877807711208
1.0238833519431	0.381787644807647
0.948768757521975	0.248549269795159
-1.1414839653338	0.344622990730584
-0.628733247343677	0.151688343674084
-1.79840965860499	0.382877827643389
-1.79839614394125	0.382877807711208
-3.08203048704882	0.947509650360219
0.155111385030128	0.0290417527313876
1.95731570776637	0.441000340195791
-1.79840965860499	0.382877827643389
-0.628867026021838	0.151670609188118
-2.57968420714322	0.659073447553718
0.154509067766894	0.0289541162362231
-2.57669595250488	0.657559862268914
-1.79839614394125	0.382877807711208
-1.79840965860499	0.382877827643389
-1.79840965860499	0.382877827643389
-1.79839614394125	0.382877807711208
-1.79840965860499	0.382877827643389
1.95786695174359	0.441149378722158
-0.628299579656606	0.151558046801791
0.155111385030128	0.0290417527313876
1.95731570776637	0.441000340195791
-2.5766529574574	0.657773148602288
0.15144823932183	0.0285426379557898
0.15144823932183	0.0285426379557898
-1.79840965860499	0.382877827643389
-3.08229418357021	0.947231644170671
-1.80123754984197	0.383647112861273
-1.79840965860499	0.382877827643389
1.95731570776637	0.441000340195791
2.75641316563256	0.763778311858285
1.95731570776637	0.441000340195791
1.95731570776637	0.441000340195791
1.95731570776637	0.441000340195791
-1.79839614394125	0.382877807711208
-1.79839614394125	0.382877807711208
-2.57669595250488	0.657559862268914
-1.79840965860499	0.382877827643389
-1.79840965860499	0.382877827643389
-1.79840965860499	0.382877827643389
0.154509067766894	0.0289541162362231
0.157325350109871	0.02936446462458
0.154465593370314	0.0289479903375428
0.154465593370314	0.0289479903375428
-2.57660997484294	0.657538252319339
0.155111385030128	0.0290417527313876
0.155111385030128	0.0290417527313876
2.75520320904554	0.763197913000704
-1.79840965860499	0.382877827643389
-1.79839614394125	0.382877807711208
-1.80123754984197	0.383647112861273
-1.79839614394125	0.382877807711208
-2.5766529574574	0.657773148602288
-2.5766529574574	0.657773148602288
-1.79840965860499	0.382877827643389
-1.79840965860499	0.382877827643389
1.95731570776637	0.441000340195791
1.95988292961267	0.441702177751728
-0.628867026021838	0.151670609188118
-1.79839614394125	0.382877807711208
-1.79840965860499	0.382877827643389
0.157370411029726	0.0293708256249034
-2.5766529574574	0.657773148602288
-1.79839614394125	0.382877807711208
1.44725524543057	0.476951096350534
-1.79839614394125	0.382877807711208
1.95786695174359	0.441149378722158
0.154465593370314	0.0289479903375428
-1.79839614394125	0.382877807711208
-1.79840965860499	0.382877827643389
-1.79840965860499	0.382877827643389
-1.79840965860499	0.382877827643389
-1.79839614394125	0.382877807711208
0.154465593370314	0.0289479903375428
0.155111385030128	0.0290417527313876
-3.0857009920368	0.949295045119167
-0.628299579656606	0.151558046801791
1.95786695174359	0.441149378722158
-1.80123754984197	0.383647112861273
0.155111385030128	0.0290417527313876
-1.79840965860499	0.382877827643389
-0.628733247343677	0.151688343674084
-2.57963910438406	0.659061212358043
-2.57660997484294	0.657538252319339
-0.628164901903538	0.15157555358925
-0.631994988626399	0.152498044571477
0.947770742439721	0.248281535275256
0.154465593370314	0.0289479903375428
-1.1406575104342	0.344234513147494
0.157370411029726	0.0293708256249034
-1.79840965860499	0.382877827643389
-1.80123754984197	0.383647112861273
2.75641316563256	0.763778311858285
-3.08216231491203	0.947551973079846
0.155067569950451	0.0290355764553768
-1.79840965860499	0.382877827643389
2.75520320904554	0.763197913000704
-1.79840965860499	0.382877827643389
-1.79839614394125	0.382877807711208
-2.5766529574574	0.657773148602288
-2.57660997484294	0.657538252319339
-1.79840965860499	0.382877827643389
1.95786695174359	0.441149378722158
-1.79840965860499	0.382877827643389
-1.14111344283696	0.344497381350969
0.154509067766894	0.0289541162362231
-1.79840965860499	0.382877827643389
0.94820175004088	0.248479682375772
0.154509067766894	0.0289541162362231
-1.79840965860499	0.382877827643389
-1.83564160885514	0.742645090374466
2.75807933893485	0.764710363024488
-2.57963910438406	0.659061212358043
-1.79840965860499	0.382877827643389
2.75580772001712	0.763760469153332
-2.5766529574574	0.657773148602288
-1.79840965860499	0.382877827643389
-1.79840965860499	0.382877827643389
1.95786695174359	0.441149378722158
-1.79839614394125	0.382877807711208
-2.57669595250488	0.657559862268914
-2.5766529574574	0.657773148602288
-1.79839614394125	0.382877807711208
-1.79840965860499	0.382877827643389
-1.79839614394125	0.382877807711208
-1.79840965860499	0.382877827643389
0.155111385030128	0.0290417527313876
-1.79840965860499	0.382877827643389
-0.359432307228107	0.103134774665835
1.95786695174359	0.441149378722158
0.948905461162112	0.248586345985544
1.95786695174359	0.441149378722158
0.154465593370314	0.0289479903375428
-1.79840965860499	0.382877827643389
0.154311934860129	0.0289593414864238
0.159992352718576	0.0400538861334557
-3.08216231491203	0.947551973079846
-1.79840965860499	0.382877827643389
-1.80123754984197	0.383647112861273
-1.79839614394125	0.382877807711208
-2.57660997484294	0.657538252319339
-3.08216231491203	0.947551973079846
-2.5766529574574	0.657773148602288
-1.79840965860499	0.382877827643389
-1.80123754984197	0.383647112861273
-1.79840965860499	0.382877827643389
-1.79839614394125	0.382877807711208
-3.08556356757563	0.949512459473102
-1.79840965860499	0.382877827643389
0.94820175004088	0.248479682375772
1.95786695174359	0.441149378722158
-1.79839614394125	0.382877807711208
-1.79840965860499	0.382877827643389
-1.79839614394125	0.382877807711208
-2.5766529574574	0.657773148602288
-1.79839614394125	0.382877807711208
-1.79839614394125	0.382877807711208
-2.57968420714322	0.659073447553718
-3.08203048704882	0.947509650360219
-1.79839614394125	0.382877807711208
-1.79840965860499	0.382877827643389
-1.79840965860499	0.382877827643389
-2.5766529574574	0.657773148602288
-1.79839614394125	0.382877807711208
-1.79840965860499	0.382877827643389
-0.628599509856641	0.151612619227975
0.154465593370314	0.0289479903375428
-1.79839614394125	0.382877807711208
-1.79839614394125	0.382877807711208
-1.14193838802885	0.344646219015582
1.95786695174359	0.441149378722158
0.155067569950451	0.0290355764553768
0.15144823932183	0.0285426379557898
3.26284822825054	1.10169382604423
0.15144823932183	0.0285426379557898
-1.79840965860499	0.382877827643389
-2.57963910438406	0.659061212358043
-1.80123754984197	0.383647112861273
-1.79839614394125	0.382877807711208
-0.628599509856641	0.151612619227975
-1.79840965860499	0.382877827643389
-1.79840965860499	0.382877827643389
-1.79840965860499	0.382877827643389
-0.628299579656606	0.151558046801791
-1.79840965860499	0.382877827643389
-2.57660997484294	0.657538252319339
-1.79839614394125	0.382877807711208
-1.79839614394125	0.382877807711208
-1.80123754984197	0.383647112861273
-2.57669595250488	0.657559862268914
-1.79839614394125	0.382877807711208
-1.79839614394125	0.382877807711208
0.154465593370314	0.0289479903375428
-1.79839614394125	0.382877807711208
-1.80123754984197	0.383647112861273
-1.79840965860499	0.382877827643389
-1.79840965860499	0.382877827643389
1.95731570776637	0.441000340195791
-1.79840965860499	0.382877827643389
-2.57963910438406	0.659061212358043
-1.79840965860499	0.382877827643389
-1.79840965860499	0.382877827643389
0.154509067766894	0.0289541162362231
-1.79840965860499	0.382877827643389
1.95786695174359	0.441149378722158
-2.57968420714322	0.659073447553718
-1.79840965860499	0.382877827643389
-0.628733247343677	0.151688343674084
-1.80123754984197	0.383647112861273
-1.80123754984197	0.383647112861273
-1.80123754984197	0.383647112861273
-1.80123754984197	0.383647112861273
-3.45922605387697	1.22727228815634
-0.354815349846941	0.101888689175609
-1.80123754984197	0.383647112861273
0.155067569950451	0.0290355764553768
-1.79839614394125	0.382877807711208
-1.79840965860499	0.382877827643389
-1.79839614394125	0.382877807711208
-3.08216231491203	0.947551973079846
-2.57669595250488	0.657559862268914
-1.79840965860499	0.382877827643389
-1.80123754984197	0.383647112861273
-1.79839614394125	0.382877807711208
-2.5766529574574	0.657773148602288
-3.45967591146264	1.22746502283364
-2.57669595250488	0.657559862268914
-2.5766529574574	0.657773148602288
-1.79840965860499	0.382877827643389
-1.80123754984197	0.383647112861273
-1.79840965860499	0.382877827643389
-2.57968420714322	0.659073447553718
-3.45945095257726	1.22747869975084
-1.79840965860499	0.382877827643389
-1.79840965860499	0.382877827643389
1.95786695174359	0.441149378722158
-2.57660997484294	0.657538252319339
-1.80123754984197	0.383647112861273
-2.57660997484294	0.657538252319339
0.154465593370314	0.0289479903375428
0.154465593370314	0.0289479903375428
-1.79839614394125	0.382877807711208
-1.79839614394125	0.382877807711208
-2.57669595250488	0.657559862268914
-1.79839614394125	0.382877807711208
0.15144823932183	0.0285426379557898
-1.79840965860499	0.382877827643389
0.154509067766894	0.0289541162362231
-1.79839614394125	0.382877807711208
-1.79840965860499	0.382877827643389
-1.79839614394125	0.382877807711208
-1.79839614394125	0.382877807711208
-2.57669595250488	0.657559862268914
-1.79840965860499	0.382877827643389
-1.79839614394125	0.382877807711208
-1.79840965860499	0.382877827643389
-3.08203048704882	0.947509650360219
3.26284822825054	1.10169382604423
0.655285284601054	0.205717641865354
-2.57669595250488	0.657559862268914
0.157370411029726	0.0293708256249034
-1.79840965860499	0.382877827643389
-1.79840965860499	0.382877827643389
0.155111385030128	0.0290417527313876
-0.626075023442282	0.151167646950723
-0.354519585455166	0.101776151388844
-1.79840965860499	0.382877827643389
-1.79840965860499	0.382877827643389
-1.79839614394125	0.382877807711208
-1.79839614394125	0.382877807711208
-1.79840965860499	0.382877827643389
-0.628164901903538	0.15157555358925
-1.79839614394125	0.382877807711208
-0.626075023442282	0.151167646950723
-1.79839614394125	0.382877807711208
-1.79840965860499	0.382877827643389
-3.45945095257726	1.22747869975084
-1.79840965860499	0.382877827643389
1.95731570776637	0.441000340195791
-0.628164901903538	0.15157555358925
-1.79839614394125	0.382877807711208
-1.79840965860499	0.382877827643389
0.157370411029726	0.0293708256249034
-2.5766529574574	0.657773148602288
-1.80123754984197	0.383647112861273
-2.57660997484294	0.657538252319339
-1.79840965860499	0.382877827643389
-1.80123754984197	0.383647112861273
-1.79839614394125	0.382877807711208
0.160813493636874	0.0402291855562724
1.95786695174359	0.441149378722158
-1.79840965860499	0.382877827643389
-1.79840965860499	0.382877827643389
-1.79840965860499	0.382877827643389
-0.628030265547787	0.151499678636842
-0.628299579656606	0.151558046801791
0.154465593370314	0.0289479903375428
-1.79839614394125	0.382877807711208
0.155067569950451	0.0290355764553768
-2.57968420714322	0.659073447553718
-1.79840965860499	0.382877827643389
-1.79840965860499	0.382877827643389
-1.79840965860499	0.382877827643389
-1.79840965860499	0.382877827643389
-2.57660997484294	0.657538252319339
-1.79840965860499	0.382877827643389
-1.79839614394125	0.382877807711208
-1.79840965860499	0.382877827643389
-2.5766529574574	0.657773148602288
-2.57660997484294	0.657538252319339
-1.79840965860499	0.382877827643389
-1.80123754984197	0.383647112861273
-0.632563406792844	0.152610991116788
0.948905461162112	0.248586345985544
-1.79839614394125	0.382877807711208
-2.5766529574574	0.657773148602288
1.95786695174359	0.441149378722158
-1.79840965860499	0.382877827643389
-0.625937070321993	0.151091209012893
-2.5766529574574	0.657773148602288
-1.79840965860499	0.382877827643389
1.95988292961267	0.441702177751728
-1.79839614394125	0.382877807711208
-1.79839614394125	0.382877807711208
-1.79840965860499	0.382877827643389
-1.79839614394125	0.382877807711208
1.95786695174359	0.441149378722158
-1.79839614394125	0.382877807711208
-0.628733247343677	0.151688343674084
-0.628733247343677	0.151688343674084
-1.79840965860499	0.382877827643389
-1.79839614394125	0.382877807711208
-1.79840965860499	0.382877827643389
-1.79839614394125	0.382877807711208
-1.79840965860499	0.382877827643389
-1.79840965860499	0.382877827643389
-2.5766529574574	0.657773148602288
-2.5766529574574	0.657773148602288
-1.79840965860499	0.382877827643389
-3.08912772662777	0.951015235110598
-0.632424041671007	0.152580102364835
-1.79839614394125	0.382877807711208
-1.79840965860499	0.382877827643389
-0.628164901903538	0.15157555358925
-1.79840965860499	0.382877827643389
0.944504519928106	0.247598335656165
0.155111385030128	0.0290417527313876
-2.57968420714322	0.659073447553718
1.44899109330448	0.477667123734845
0.155111385030128	0.0290417527313876
0.152050960400409	0.028630259939513
-2.57660997484294	0.657538252319339
-1.79840965860499	0.382877827643389
-1.79839614394125	0.382877807711208
-1.79840965860499	0.382877827643389
-1.80123754984197	0.383647112861273
-3.08216231491203	0.947551973079846
-1.80123754984197	0.383647112861273
-1.79840965860499	0.382877827643389
-1.79840965860499	0.382877827643389
-0.743255470515655	0.253791738964193
-2.5766529574574	0.657773148602288
-1.79840965860499	0.382877827643389
-1.79840965860499	0.382877827643389
-1.79839614394125	0.382877807711208
-1.80123754984197	0.383647112861273
-1.79840965860499	0.382877827643389
0.154465593370314	0.0289479903375428
-1.1414839653338	0.344622990730584
1.45138090115721	0.478568850670936
2.75520320904554	0.763197913000704
1.95988292961267	0.441702177751728
-1.14088544605048	0.344426431780091
-2.57660997484294	0.657538252319339
0.157370411029726	0.0293708256249034
-1.79840965860499	0.382877827643389
-1.79839614394125	0.382877807711208
-1.52674340008464	0.542380499879977
-1.79839614394125	0.382877807711208
-3.08189869996978	0.9470994296719
-1.79840965860499	0.382877827643389
-2.5766529574574	0.657773148602288
-2.57968420714322	0.659073447553718
-1.79840965860499	0.382877827643389
-2.57963910438406	0.659061212358043
-1.79840965860499	0.382877827643389
-1.79839614394125	0.382877807711208
-1.79840965860499	0.382877827643389
1.95731570776637	0.441000340195791
0.15144823932183	0.0285426379557898
0.155111385030128	0.0290417527313876
1.95786695174359	0.441149378722158
0.154509067766894	0.0289541162362231
-2.57660997484294	0.657538252319339
0.161043695584893	0.0402684742968713
0.160221796316651	0.0401166927693931
0.146670376003709	0.0430346600388633
1.95731570776637	0.441000340195791
3.26857074944807	1.10417713664958
-2.5766529574574	0.657773148602288
-2.5766529574574	0.657773148602288
-0.36349392970535	0.104306676026293
-1.79840965860499	0.382877827643389
-1.79839614394125	0.382877807711208
-0.628733247343677	0.151688343674084
-1.14559783756009	0.346052129596875
-1.79840965860499	0.382877827643389
-1.13895833229548	0.343813220888229
0.950858461556905	0.2491584305819
-1.79840965860499	0.382877827643389
-1.80123754984197	0.383647112861273
-1.79839614394125	0.382877807711208
-2.5766529574574	0.657773148602288
-2.5766529574574	0.657773148602288
-1.79840965860499	0.382877827643389
-1.79839614394125	0.382877807711208
-1.79839614394125	0.382877807711208
-0.358557998384515	0.10292132426425
0.152050960400409	0.028630259939513
3.26569824690609	1.10327543173781
2.75580772001712	0.763760469153332
-2.57968420714322	0.659073447553718
-2.57660997484294	0.657538252319339
1.95988292961267	0.441702177751728
-1.14523333483643	0.345843348749308
0.154509067766894	0.0289541162362231
-1.52525862148376	0.541687313963439
-2.5766529574574	0.657773148602288
-2.5766529574574	0.657773148602288
-1.79840965860499	0.382877827643389
-1.79840965860499	0.382877827643389
-2.57669595250488	0.657559862268914
-1.79840965860499	0.382877827643389
-1.79839614394125	0.382877807711208
-1.79840965860499	0.382877827643389
-1.79839614394125	0.382877807711208
0.154509067766894	0.0289541162362231
-1.79839614394125	0.382877807711208
-1.79839614394125	0.382877807711208
-1.79839614394125	0.382877807711208
-2.57669595250488	0.657559862268914
-1.79839614394125	0.382877807711208
-1.79840965860499	0.382877827643389
-2.57660997484294	0.657538252319339
-3.08216231491203	0.947551973079846
-1.79839614394125	0.382877807711208
-0.628164901903538	0.15157555358925
-0.628164901903538	0.15157555358925
0.162952579336367	0.0406858836130456
1.95731570776637	0.441000340195791
-1.79840965860499	0.382877827643389
-0.628164901903538	0.15157555358925
-2.5766529574574	0.657773148602288
-0.737745529684395	0.251848226779474
-0.236865950236819	0.0762080730306188
-0.628733247343677	0.151688343674084
-1.79839614394125	0.382877807711208
-3.08229418357021	0.947231644170671
-1.79839614394125	0.382877807711208
-3.08203048704882	0.947509650360219
-1.79839614394125	0.382877807711208
-1.79840965860499	0.382877827643389
-2.5766529574574	0.657773148602288
-1.79839614394125	0.382877807711208
-1.79840965860499	0.382877827643389
-1.79840965860499	0.382877827643389
0.154465593370314	0.0289479903375428
0.154465593370314	0.0289479903375428
-1.79840965860499	0.382877827643389
-2.5766529574574	0.657773148602288
-1.80123754984197	0.383647112861273
-1.80123754984197	0.383647112861273
-1.79839614394125	0.382877807711208
1.95786695174359	0.441149378722158
0.947635845528227	0.248244973505163
-2.57660997484294	0.657538252319339
1.95786695174359	0.441149378722158
-2.57669595250488	0.657559862268914
2.75807933893485	0.764710363024488
-0.628299579656606	0.151558046801791
-1.79840965860499	0.382877827643389
-0.628299579656606	0.151558046801791
-1.79840965860499	0.382877827643389
-1.79840965860499	0.382877827643389
-2.5766529574574	0.657773148602288
-3.08216231491203	0.947551973079846
-1.79839614394125	0.382877807711208
-1.79839614394125	0.382877807711208
1.95786695174359	0.441149378722158
1.95731570776637	0.441000340195791
2.75580772001712	0.763760469153332
-1.79840965860499	0.382877827643389
0.155111385030128	0.0290417527313876
-1.79840965860499	0.382877827643389
-1.79840965860499	0.382877827643389
-1.79840965860499	0.382877827643389
-1.79839614394125	0.382877807711208
-1.79840965860499	0.382877827643389
0.155111385030128	0.0290417527313876
-1.79840965860499	0.382877827643389
-1.79840965860499	0.382877827643389
-1.79839614394125	0.382877807711208
-1.79840965860499	0.382877827643389
-1.80123754984197	0.383647112861273
-1.79840965860499	0.382877827643389
-1.79839614394125	0.382877807711208
0.947635845528227	0.248244973505163
2.75641316563256	0.763778311858285
-1.79839614394125	0.382877807711208
0.155111385030128	0.0290417527313876
-1.79840965860499	0.382877827643389
3.26284822825054	1.10169382604423
-1.04721949984211	0.412618976511128
-3.45967591146264	1.22746502283364
-2.57660997484294	0.657538252319339
-0.628867026021838	0.151670609188118
-1.79839614394125	0.382877807711208
-0.628164901903538	0.15157555358925
-1.79839614394125	0.382877807711208
-1.79840965860499	0.382877827643389
-2.57968420714322	0.659073447553718
-1.79840965860499	0.382877827643389
-1.79839614394125	0.382877807711208
-1.79840965860499	0.382877827643389
-1.79840965860499	0.382877827643389
-2.5766529574574	0.657773148602288
-1.79839614394125	0.382877807711208
-1.79840965860499	0.382877827643389
0.155111385030128	0.0290417527313876
-1.79839614394125	0.382877807711208
-1.79839614394125	0.382877807711208
-2.57669595250488	0.657559862268914
-1.14193838802885	0.344646219015582
-1.79839614394125	0.382877807711208
-1.79840965860499	0.382877827643389
-0.628164901903538	0.15157555358925
-1.79840965860499	0.382877827643389
1.95731570776637	0.441000340195791
-3.08556356757563	0.949512459473102
2.75641316563256	0.763778311858285
-2.57968420714322	0.659073447553718
0.152050960400409	0.028630259939513
-1.1414839653338	0.344622990730584
-0.632563406792844	0.152610991116788
0.144054213480702	0.0423469198905259
-1.79840965860499	0.382877827643389
-2.5766529574574	0.657773148602288
-1.79840965860499	0.382877827643389
-0.628599509856641	0.151612619227975
-1.79840965860499	0.382877827643389
1.95786695174359	0.441149378722158
-3.08216231491203	0.947551973079846
-1.79840965860499	0.382877827643389
-1.79839614394125	0.382877807711208
-1.79839614394125	0.382877807711208
-2.5766529574574	0.657773148602288
-1.79839614394125	0.382877807711208
-1.79839614394125	0.382877807711208
-1.79840965860499	0.382877827643389
-1.79840965860499	0.382877827643389
-1.79840965860499	0.382877827643389
-2.57660997484294	0.657538252319339
-1.79840965860499	0.382877827643389
-1.79839614394125	0.382877807711208
-1.79840965860499	0.382877827643389
-1.79840965860499	0.382877827643389
-0.628164901903538	0.15157555358925
-2.57669595250488	0.657559862268914
0.948337549654709	0.248516516252871
0.154465593370314	0.0289479903375428
2.75520320904554	0.763197913000704
-0.351744415353914	0.1010114930848
-0.628867026021838	0.151670609188118
-1.52955481711501	0.543641482939636
-2.5766529574574	0.657773148602288
1.95988292961267	0.441702177751728
-1.79839614394125	0.382877807711208
0.154465593370314	0.0289479903375428
-1.79839614394125	0.382877807711208
-0.628030265547787	0.151499678636842
0.155111385030128	0.0290417527313876
0.154465593370314	0.0289479903375428
-1.79840965860499	0.382877827643389
0.154465593370314	0.0289479903375428
-1.80123754984197	0.383647112861273
0.155111385030128	0.0290417527313876
-1.80123754984197	0.383647112861273
-1.79840965860499	0.382877827643389
0.154465593370314	0.0289479903375428
-1.79839614394125	0.382877807711208
-1.79840965860499	0.382877827643389
-1.79839614394125	0.382877807711208
0.947635845528227	0.248244973505163
-0.628299579656606	0.151558046801791
-1.79840965860499	0.382877827643389
-1.79840965860499	0.382877827643389
-1.79839614394125	0.382877807711208
-2.57963910438406	0.659061212358043
-2.57660997484294	0.657538252319339
-2.57660997484294	0.657538252319339
-1.80123754984197	0.383647112861273
-1.79840965860499	0.382877827643389
-1.69276902569465	0.952359245821965
-0.0810038810739925	0.0356198322807576
-2.57669595250488	0.657559862268914
-1.79840965860499	0.382877827643389
-3.08189869996978	0.9470994296719
-0.628164901903538	0.15157555358925
-0.628733247343677	0.151688343674084
-2.57660997484294	0.657538252319339
0.152050960400409	0.028630259939513
0.94820175004088	0.248479682375772
-2.5766529574574	0.657773148602288
-1.79840965860499	0.382877827643389
-1.79839614394125	0.382877807711208
2.75580772001712	0.763760469153332
-1.79840965860499	0.382877827643389
0.154509067766894	0.0289541162362231
-1.79840965860499	0.382877827643389
-1.80123754984197	0.383647112861273
-2.5766529574574	0.657773148602288
-2.5766529574574	0.657773148602288
-1.80123754984197	0.383647112861273
-2.57669595250488	0.657559862268914
-1.79839614394125	0.382877807711208
-1.79839614394125	0.382877807711208
-1.79840965860499	0.382877827643389
-1.79839614394125	0.382877807711208
-1.80123754984197	0.383647112861273
-1.79839614394125	0.382877807711208
1.95786695174359	0.441149378722158
-0.537020300726747	0.201726380349835
-2.3083013950996	1.15422789630039
-1.52614082474697	0.541895090059418
-0.74622166118815	0.254850990416054
-1.14499995487719	0.345855392571373
-2.57660997484294	0.657538252319339
-1.79840965860499	0.382877827643389
-1.79840965860499	0.382877827643389
-1.1414839653338	0.344622990730584
-1.79839614394125	0.382877807711208
-3.08203048704882	0.947509650360219
-1.79840965860499	0.382877827643389
-1.1414839653338	0.344622990730584
-1.79840965860499	0.382877827643389
3.26284822825054	1.10169382604423
-1.79840965860499	0.382877827643389
0.155111385030128	0.0290417527313876
0.157370411029726	0.0293708256249034
-1.79839614394125	0.382877807711208
-1.80123754984197	0.383647112861273
-1.79839614394125	0.382877807711208
-1.80123754984197	0.383647112861273
-1.14171114622793	0.344693702322242
-1.79840965860499	0.382877827643389
-1.80123754984197	0.383647112861273
-1.79839614394125	0.382877807711208
-1.79839614394125	0.382877807711208
-1.79840965860499	0.382877827643389
-1.80123754984197	0.383647112861273
0.155111385030128	0.0290417527313876
-1.79840965860499	0.382877827643389
-1.79839614394125	0.382877807711208
-2.5766529574574	0.657773148602288
-1.79840965860499	0.382877827643389
-1.79839614394125	0.382877807711208
-1.14088544605048	0.344426431780091
-1.79840965860499	0.382877827643389
0.156070095129669	0.0391676647119387
-1.79840965860499	0.382877827643389
-1.14583039258107	0.346039770541419
-3.0857009920368	0.949295045119167
0.156896734628332	0.0393320207188234
1.95786695174359	0.441149378722158
-1.52955481711501	0.543641482939636
-1.80123754984197	0.383647112861273
-0.628164901903538	0.15157555358925
-0.632563406792844	0.152610991116788
-2.5766529574574	0.657773148602288
-3.76165974462818	1.48222195957514
-1.79840965860499	0.382877827643389
-2.57968420714322	0.659073447553718
-1.79839614394125	0.382877807711208
1.95786695174359	0.441149378722158
-1.79840965860499	0.382877827643389
-1.79840965860499	0.382877827643389
-1.79839614394125	0.382877807711208
-3.76080338308098	1.48176245886347
-1.79840965860499	0.382877827643389
-0.626075023442282	0.151167646950723
0.155111385030128	0.0290417527313876
-2.57669595250488	0.657559862268914
-1.79840965860499	0.382877827643389
-1.79839614394125	0.382877807711208
-1.79840965860499	0.382877827643389
-2.57963910438406	0.659061212358043
-1.79839614394125	0.382877807711208
-1.79839614394125	0.382877807711208
-1.79839614394125	0.382877807711208
-1.79839614394125	0.382877807711208
1.95786695174359	0.441149378722158
-2.57963910438406	0.659061212358043
1.95731570776637	0.441000340195791
1.95786695174359	0.441149378722158
-2.5766529574574	0.657773148602288
-1.79839614394125	0.382877807711208
-1.52468217246603	0.541450953371581
0.943937640725668	0.24736392993685
1.95731570776637	0.441000340195791
-0.628164901903538	0.15157555358925
-1.79840965860499	0.382877827643389
-1.79839614394125	0.382877807711208
-2.09434536458798	0.94657069294734
-0.628164901903538	0.15157555358925
-1.79839614394125	0.382877807711208
1.95731570776637	0.441000340195791
-1.80123754984197	0.383647112861273
-0.625937070321993	0.151091209012893
-1.79840965860499	0.382877827643389
-1.79839614394125	0.382877807711208
-3.08203048704882	0.947509650360219
-2.5766529574574	0.657773148602288
-1.80123754984197	0.383647112861273
-1.80123754984197	0.383647112861273
-1.79840965860499	0.382877827643389
-1.79840965860499	0.382877827643389
-1.79840965860499	0.382877827643389
0.154509067766894	0.0289541162362231
0.155067569950451	0.0290355764553768
0.154465593370314	0.0289479903375428
-2.5766529574574	0.657773148602288
-2.57669595250488	0.657559862268914
-0.783614513074188	0.33938406300617
-3.45945095257726	1.22747869975084
-1.34489823388258	0.843163844366104
-1.05098633817029	0.414080638297085
-0.628299579656606	0.151558046801791
-0.628164901903538	0.15157555358925
-1.79840965860499	0.382877827643389
2.75807933893485	0.764710363024488
-1.79839614394125	0.382877807711208
-2.5766529574574	0.657773148602288
-1.79839614394125	0.382877807711208
-2.5766529574574	0.657773148602288
-1.79839614394125	0.382877807711208
-2.57669595250488	0.657559862268914
-0.63185471444008	0.152466960619287
-2.57963910438406	0.659061212358043
-1.79840965860499	0.382877827643389
-0.358848207258787	0.103009197892419
-1.79840965860499	0.382877827643389
-1.79839614394125	0.382877807711208
0.155111385030128	0.0290417527313876
-1.79839614394125	0.382877807711208
-1.79840965860499	0.382877827643389
-1.79839614394125	0.382877807711208
-1.79839614394125	0.382877807711208
0.157325350109871	0.02936446462458
-1.79840965860499	0.382877827643389
-1.80123754984197	0.383647112861273
-1.79839614394125	0.382877807711208
-1.79840965860499	0.382877827643389
-1.79839614394125	0.382877807711208
0.154509067766894	0.0289541162362231
0.155111385030128	0.0290417527313876
0.155111385030128	0.0290417527313876
0.160221796316651	0.0401166927693931
-1.1412568453231	0.344431220445032
-0.628030265547787	0.151499678636842
-1.79840965860499	0.382877827643389
-0.786167701693003	0.677327046791648
-1.83530553524322	0.742418988109019
0.131113855393916	0.043577918433868
1.44899109330448	0.477667123734845
-0.62621301873586	0.15115097520137
-0.352620864579995	0.101250485836996
1.95988292961267	0.441702177751728
-0.628733247343677	0.151688343674084
-1.79839614394125	0.382877807711208
-1.79840965860499	0.382877827643389
-1.79839614394125	0.382877807711208
-2.57963910438406	0.659061212358043
-1.79839614394125	0.382877807711208
-2.57963910438406	0.659061212358043
-1.79840965860499	0.382877827643389
-1.79840965860499	0.382877827643389
-1.79840965860499	0.382877827643389
0.15144823932183	0.0285426379557898
-1.79839614394125	0.382877807711208
-1.79839614394125	0.382877807711208
-1.79839614394125	0.382877807711208
-2.57968420714322	0.659073447553718
-1.79840965860499	0.382877827643389
-2.57660997484294	0.657538252319339
-1.79839614394125	0.382877807711208
-1.14111344283696	0.344497381350969
-2.57968420714322	0.659073447553718
-2.5766529574574	0.657773148602288
-1.79840965860499	0.382877827643389
-1.79840965860499	0.382877827643389
0.155111385030128	0.0290417527313876
0.155067569950451	0.0290355764553768
-1.79840965860499	0.382877827643389
-2.5766529574574	0.657773148602288
0.16045117802105	0.0401558290866076
-0.99624267694847	0.491390832135092
-0.809986788684743	0.442997398307845
-1.85650019723809	1.16515082578602
-2.25078359352817	1.90018620826066
-1.29825184667106	0.579597355540298
-0.539089600210505	0.202542124367007
3.26284822825054	1.10169382604423
-0.632563406792844	0.152610991116788
1.95988292961267	0.441702177751728
-1.79839614394125	0.382877807711208
0.155067569950451	0.0290355764553768
-1.80123754984197	0.383647112861273
-1.79840965860499	0.382877827643389
-1.79840965860499	0.382877827643389
-1.79839614394125	0.382877807711208
-1.79840965860499	0.382877827643389
-1.79840965860499	0.382877827643389
-3.08189869996978	0.9470994296719
-1.79840965860499	0.382877827643389
-1.79839614394125	0.382877807711208
-1.79840965860499	0.382877827643389
-1.79839614394125	0.382877807711208
-2.57669595250488	0.657559862268914
-1.79840965860499	0.382877827643389
-2.5766529574574	0.657773148602288
-0.628867026021838	0.151670609188118
-0.628164901903538	0.15157555358925
-1.79840965860499	0.382877827643389
3.26284822825054	1.10169382604423
0.154509067766894	0.0289541162362231
-1.79840965860499	0.382877827643389
-2.57660997484294	0.657538252319339
-1.79839614394125	0.382877807711208
0.155067569950451	0.0290355764553768
-1.79840965860499	0.382877827643389
-1.79840965860499	0.382877827643389
-1.79840965860499	0.382877827643389
-1.79840965860499	0.382877827643389
0.155067569950451	0.0290355764553768
-1.79840965860499	0.382877827643389
-1.52614082474697	0.541895090059418
-0.414248785891065	0.172553623155678
1.02363521199244	0.381873400117373
-1.04232764455762	0.41013375079511
-1.79839614394125	0.382877807711208
-0.358848207258787	0.103009197892419
0.15144823932183	0.0285426379557898
-0.238130718624198	0.0765764115230572
0.162125356869158	0.0404960611383205
-1.14523333483643	0.345843348749308
-1.79840965860499	0.382877827643389
-3.45922605387697	1.22727228815634
-1.79840965860499	0.382877827643389
-1.79839614394125	0.382877807711208
-1.79839614394125	0.382877807711208
-2.57660997484294	0.657538252319339
-1.79839614394125	0.382877807711208
-0.628030265547787	0.151499678636842
-1.79839614394125	0.382877807711208
-1.79840965860499	0.382877827643389
-1.79840965860499	0.382877827643389
-1.79839614394125	0.382877807711208
1.95988292961267	0.441702177751728
-1.79839614394125	0.382877807711208
-1.79839614394125	0.382877807711208
2.75868832531345	0.765017792149168
-1.79840965860499	0.382877827643389
0.155067569950451	0.0290355764553768
-0.628733247343677	0.151688343674084
0.154509067766894	0.0289541162362231
-1.79840965860499	0.382877827643389
-1.79839614394125	0.382877807711208
-1.79840965860499	0.382877827643389
-1.79840965860499	0.382877827643389
-1.79840965860499	0.382877827643389
-1.79840965860499	0.382877827643389
-1.79839614394125	0.382877807711208
-1.79840965860499	0.382877827643389
0.154509067766894	0.0289541162362231
-1.79840965860499	0.382877827643389
-0.739810651859165	0.252595067527066
-0.738670030097319	0.252119567169358
0.155067569950451	0.0290355764553768
-0.540486497816113	0.203240784979243
1.44839669376933	0.477459847846965
-1.14171114622793	0.344693702322242
0.154465593370314	0.0289479903375428
-1.04756717059493	0.412661948904752
0.948905461162112	0.248586345985544
-3.08556356757563	0.949512459473102
0.160221796316651	0.0401166927693931
-0.63185471444008	0.152466960619287
-4.01558169607127	1.72750624811894
-1.79839614394125	0.382877807711208
-1.79839614394125	0.382877807711208
-1.79840965860499	0.382877827643389
-1.79839614394125	0.382877807711208
-1.80123754984197	0.383647112861273
-1.79840965860499	0.382877827643389
-1.79840965860499	0.382877827643389
0.157325350109871	0.02936446462458
-1.79840965860499	0.382877827643389
-2.57963910438406	0.659061212358043
-1.79840965860499	0.382877827643389
-1.80123754984197	0.383647112861273
-2.57669595250488	0.657559862268914
-2.57669595250488	0.657559862268914
-1.79840965860499	0.382877827643389
-1.79840965860499	0.382877827643389
-2.57660997484294	0.657538252319339
-1.79839614394125	0.382877807711208
-1.79840965860499	0.382877827643389
0.155111385030128	0.0290417527313876
-1.79840965860499	0.382877827643389
-1.79839614394125	0.382877807711208
0.154509067766894	0.0289541162362231
0.947770742439721	0.248281535275256
-1.79839614394125	0.382877807711208
-3.46322465260564	1.22963503158779
-1.79839614394125	0.382877807711208
-1.1406575104342	0.344234513147494
-0.414849585401539	0.172825872337049
3.26345542626113	1.10199860979414
-2.5766529574574	0.657773148602288
-1.14088544605048	0.344426431780091
-0.735458723618684	0.250947808327744
-0.354519585455166	0.101776151388844
-0.628599509856641	0.151612619227975
-2.57660997484294	0.657538252319339
0.154465593370314	0.0289479903375428
-1.14499995487719	0.345855392571373
0.159992352718576	0.0400538861334557
-0.359725191866461	0.103238313016327
0.144640697621443	0.0425017414545061
-1.79839614394125	0.382877807711208
3.26284822825054	1.10169382604423
-3.76165974462818	1.48222195957514
-1.79839614394125	0.382877807711208
-1.79839614394125	0.382877807711208
-1.79839614394125	0.382877807711208
-1.14171114622793	0.344693702322242
-2.57669595250488	0.657559862268914
-1.79839614394125	0.382877807711208
-0.632424041671007	0.152580102364835
-2.5766529574574	0.657773148602288
-1.79840965860499	0.382877827643389
-3.0857009920368	0.949295045119167
-1.79840965860499	0.382877827643389
-1.80123754984197	0.383647112861273
-1.79840965860499	0.382877827643389
2.75580772001712	0.763760469153332
-2.5766529574574	0.657773148602288
-1.79840965860499	0.382877827643389
-0.63185471444008	0.152466960619287
0.154509067766894	0.0289541162362231
-1.79840965860499	0.382877827643389
-1.79840965860499	0.382877827643389
-1.79839614394125	0.382877807711208
-0.354815349846941	0.101888689175609
0.144389940892798	0.0424393237157952
-2.57669595250488	0.657559862268914
-1.52556530925699	0.541887546993991
2.75868832531345	0.765017792149168
0.952960668065698	0.249631740841768
-2.57660997484294	0.657538252319339
-3.46299441124492	1.22953362528533
0.144304320671072	0.0423970373819599
-1.79839614394125	0.382877807711208
-2.57669595250488	0.657559862268914
-1.80123754984197	0.383647112861273
-1.79840965860499	0.382877827643389
-1.79839614394125	0.382877807711208
-1.79839614394125	0.382877807711208
-1.79840965860499	0.382877827643389
-2.57660997484294	0.657538252319339
0.661225548064972	0.20772290984652
-1.79839614394125	0.382877807711208
-1.79839614394125	0.382877807711208
-1.79839614394125	0.382877807711208
-1.79840965860499	0.382877827643389
-1.79839614394125	0.382877807711208
-1.80123754984197	0.383647112861273
-1.79839614394125	0.382877807711208
-1.79840965860499	0.382877827643389
-1.79839614394125	0.382877807711208
-1.79839614394125	0.382877807711208
-1.79840965860499	0.382877827643389
-1.79840965860499	0.382877827643389
2.75868832531345	0.765017792149168
-1.79839614394125	0.382877807711208
-1.79839614394125	0.382877807711208
-1.79840965860499	0.382877827643389
-1.79839614394125	0.382877807711208
-1.79840965860499	0.382877827643389
-1.79839614394125	0.382877807711208
-0.257602162507504	0.130315790828037
-0.510720793242878	0.270086020562963
-0.628599509856641	0.151612619227975
-0.63185471444008	0.152466960619287
-0.62621301873586	0.15115097520137
-1.79839614394125	0.382877807711208
-2.57660997484294	0.657538252319339
-0.236865950236819	0.0762080730306188
-2.5766529574574	0.657773148602288
-0.628164901903538	0.15157555358925
-1.79840965860499	0.382877827643389
-2.5766529574574	0.657773148602288
-0.352915395102444	0.101358152963712
1.95988292961267	0.441702177751728
-1.79840965860499	0.382877827643389
-3.46322465260564	1.22963503158779
-0.636281951781153	0.153487716090317
-1.79839614394125	0.382877807711208
-0.631994988626399	0.152498044571477
-1.79839614394125	0.382877807711208
-1.79839614394125	0.382877807711208
-1.79839614394125	0.382877807711208
-2.57660997484294	0.657538252319339
-1.80123754984197	0.383647112861273
-0.35666348042052	0.102404483392645
-0.788395480319902	0.341804995882944
-0.628733247343677	0.151688343674084
-3.76529646610535	1.48477662035046
1.0239728358881	0.381885834911352
-0.746717249463686	0.255040079048345
-1.9442068256326	1.92571706822362
-0.628030265547787	0.151499678636842
-0.354519585455166	0.101776151388844
0.506850875189508	0.178656463900139
-2.08922761541921	0.943816452673973
-1.79840965860499	0.382877827643389
-1.79840965860499	0.382877827643389
-1.79840965860499	0.382877827643389
-0.63185471444008	0.152466960619287
-1.1406575104342	0.344234513147494
-1.79839614394125	0.382877807711208
0.15144823932183	0.0285426379557898
0.947635845528227	0.248244973505163
-1.79840965860499	0.382877827643389
-0.629906869562113	0.152090136193736
-1.79839614394125	0.382877807711208
-1.79840965860499	0.382877827643389
-1.79839614394125	0.382877807711208
-1.79839614394125	0.382877807711208
-2.5766529574574	0.657773148602288
-1.79839614394125	0.382877807711208
0.154509067766894	0.0289541162362231
-1.79839614394125	0.382877807711208
0.155111385030128	0.0290417527313876
-1.79839614394125	0.382877807711208
-1.79840965860499	0.382877827643389
-2.57669595250488	0.657559862268914
-3.08229418357021	0.947231644170671
-1.79839614394125	0.382877807711208
-1.79839614394125	0.382877807711208
0.152050960400409	0.028630259939513
-2.5766529574574	0.657773148602288
-1.80123754984197	0.383647112861273
-1.79839614394125	0.382877807711208
-3.08556356757563	0.949512459473102
-0.631994988626399	0.152498044571477
-1.14171114622793	0.344693702322242
-1.11020484409917	0.764423749086507
-0.353207074434312	0.101406886597049
-1.18118529993227	0.658349505066691
-0.354525819937872	0.101778275735803
-0.997778677799232	0.492287479518007
0.15144823932183	0.0285426379557898
-0.11706780556092	0.0465584081549706
-0.237907054483207	0.0765120695488488
-0.73833632952493	0.25198039611565
-0.0323824695556592	0.0155280087314472
-1.79839614394125	0.382877807711208
-1.79840965860499	0.382877827643389
-1.80123754984197	0.383647112861273
-1.79840965860499	0.382877827643389
-1.79840965860499	0.382877827643389
-1.14260761039773	0.345006924269412
-0.358848207258787	0.103009197892419
-0.628164901903538	0.15157555358925
-1.79840965860499	0.382877827643389
-0.628164901903538	0.15157555358925
-1.79840965860499	0.382877827643389
-2.5766529574574	0.657773148602288
-1.79839614394125	0.382877807711208
-1.79840965860499	0.382877827643389
-2.57660997484294	0.657538252319339
-1.79839614394125	0.382877807711208
-1.79839614394125	0.382877807711208
-1.79839614394125	0.382877807711208
0.154509067766894	0.0289541162362231
-1.79840965860499	0.382877827643389
-1.79840965860499	0.382877827643389
-0.628733247343677	0.151688343674084
0.158441687834525	0.0396618099099809
-1.79839614394125	0.382877807711208
-1.79839614394125	0.382877807711208
0.155111385030128	0.0290417527313876
-1.79839614394125	0.382877807711208
-1.79840965860499	0.382877827643389
-1.79840965860499	0.382877827643389
-0.628599509856641	0.151612619227975
-1.79839614394125	0.382877807711208
-2.5766529574574	0.657773148602288
-1.79840965860499	0.382877827643389
-1.79840965860499	0.382877827643389
-1.80123754984197	0.383647112861273
0.155111385030128	0.0290417527313876
-1.14523333483643	0.345843348749308
-0.628867026021838	0.151670609188118
-1.14308042190445	0.345158978274606
0.160813493636874	0.0402291855562724
-2.0887702850993	0.943580524590739
-1.14559783756009	0.346052129596875
-0.507800194411862	0.268374022541258
-2.30887978412089	1.15463778413662
-0.628867026021838	0.151670609188118
-1.52525862148376	0.541687313963439
-1.52468217246603	0.541450953371581
-1.52955481711501	0.543641482939636
-1.83597776269255	0.742763952258261
-0.73833632952493	0.25198039611565
-1.50874794684266	0.758807160508027
-2.5766529574574	0.657773148602288
-2.57669595250488	0.657559862268914
-1.82774356981833	0.737943607903738
-0.737489374761453	0.251678150254292
-0.63185471444008	0.152466960619287
1.95786695174359	0.441149378722158
-1.79839614394125	0.382877807711208
-1.79839614394125	0.382877807711208
-1.79839614394125	0.382877807711208
-1.79839614394125	0.382877807711208
0.155067569950451	0.0290355764553768
1.95786695174359	0.441149378722158
-1.79840965860499	0.382877827643389
-1.79839614394125	0.382877807711208
1.95731570776637	0.441000340195791
2.75520320904554	0.763197913000704
-1.79839614394125	0.382877807711208
-1.79840965860499	0.382877827643389
-1.1413415008172	0.344450233445194
-1.80123754984197	0.383647112861273
0.154465593370314	0.0289479903375428
-2.57968420714322	0.659073447553718
-1.79840965860499	0.382877827643389
-3.45922605387697	1.22727228815634
-1.14583039258107	0.346039770541419
-0.628299579656606	0.151558046801791
-1.83165926032039	0.740451579277532
-1.1406575104342	0.344234513147494
-2.5766529574574	0.657773148602288
-2.57968420714322	0.659073447553718
-1.79840965860499	0.382877827643389
-1.52585303078124	0.541962051097293
-1.83039434521114	0.739673075735054
-2.5766529574574	0.657773148602288
0.155111385030128	0.0290417527313876
-2.57660997484294	0.657538252319339
-1.79839614394125	0.382877807711208
1.95731570776637	0.441000340195791
-1.79840965860499	0.382877827643389
-1.79839614394125	0.382877807711208
0.154311934860129	0.0289593414864238
-1.79840965860499	0.382877827643389
-1.79840965860499	0.382877827643389
0.157370411029726	0.0293708256249034
-1.80123754984197	0.383647112861273
-1.79840965860499	0.382877827643389
-1.79840965860499	0.382877827643389
0.15144823932183	0.0285426379557898
-0.628733247343677	0.151688343674084
-1.79839614394125	0.382877807711208
0.157325350109871	0.02936446462458
-1.79840965860499	0.382877827643389
-1.79840965860499	0.382877827643389
-1.79840965860499	0.382877827643389
-2.5766529574574	0.657773148602288
1.95786695174359	0.441149378722158
-1.80123754984197	0.383647112861273
-1.79839614394125	0.382877807711208
0.155067569950451	0.0290355764553768
0.948337549654709	0.248516516252871
-1.80123754984197	0.383647112861273
0.155111385030128	0.0290417527313876
-1.79839614394125	0.382877807711208
-1.79839614394125	0.382877807711208
-1.79840965860499	0.382877827643389
-1.79839614394125	0.382877807711208
-1.79839614394125	0.382877807711208
-1.79839614394125	0.382877807711208
-0.628299579656606	0.151558046801791
-1.79840965860499	0.382877827643389
-1.79839614394125	0.382877807711208
-1.79839614394125	0.382877807711208
-1.79840965860499	0.382877827643389
-2.5766529574574	0.657773148602288
-1.79840965860499	0.382877827643389
-0.628164901903538	0.15157555358925
-1.79839614394125	0.382877807711208
0.154465593370314	0.0289479903375428
0.155111385030128	0.0290417527313876
-0.628599509856641	0.151612619227975
1.95731570776637	0.441000340195791
-1.79840965860499	0.382877827643389
-1.79839614394125	0.382877807711208
0.155111385030128	0.0290417527313876
-1.79839614394125	0.382877807711208
-1.79839614394125	0.382877807711208
-2.5766529574574	0.657773148602288
-1.79840965860499	0.382877827643389
-1.79839614394125	0.382877807711208
-1.79839614394125	0.382877807711208
-1.79840965860499	0.382877827643389
-3.0857009920368	0.949295045119167
0.155067569950451	0.0290355764553768
-0.626075023442282	0.151167646950723
0.155111385030128	0.0290417527313876
0.16045117802105	0.0401558290866076
0.162590253502546	0.0405994312489443
-1.79839614394125	0.382877807711208
-2.5766529574574	0.657773148602288
-1.79840965860499	0.382877827643389
1.95731570776637	0.441000340195791
-1.79839614394125	0.382877807711208
0.154465593370314	0.0289479903375428
-1.79840965860499	0.382877827643389
-1.79840965860499	0.382877827643389
-1.80123754984197	0.383647112861273
-1.79840965860499	0.382877827643389
-3.08189869996978	0.9470994296719
-1.79839614394125	0.382877807711208
-1.79839614394125	0.382877807711208
0.157325350109871	0.02936446462458
-3.08216231491203	0.947551973079846
-1.79840965860499	0.382877827643389
-0.628733247343677	0.151688343674084
-1.52554695498285	0.541620681553635
0.155111385030128	0.0290417527313876
0.154465593370314	0.0289479903375428
1.95988292961267	0.441702177751728
0.155067569950451	0.0290355764553768
-2.5766529574574	0.657773148602288
-2.5766529574574	0.657773148602288
0.157370411029726	0.0293708256249034
0.154509067766894	0.0289541162362231
-1.79840965860499	0.382877827643389
-3.46299441124492	1.22953362528533
-1.79839614394125	0.382877807711208
-1.14171114622793	0.344693702322242
-1.79839614394125	0.382877807711208
0.155111385030128	0.0290417527313876
-0.628733247343677	0.151688343674084
-1.79840965860499	0.382877827643389
-3.08556356757563	0.949512459473102
-1.79840965860499	0.382877827643389
-1.79840965860499	0.382877827643389
-1.79839614394125	0.382877807711208
-2.57963910438406	0.659061212358043
-1.79839614394125	0.382877807711208
-1.79840965860499	0.382877827643389
-1.79840965860499	0.382877827643389
-2.5766529574574	0.657773148602288
1.45114635521655	0.478471348903038
-2.5766529574574	0.657773148602288
0.94820175004088	0.248479682375772
0.154509067766894	0.0289541162362231
-1.79839614394125	0.382877807711208
-1.79840965860499	0.382877827643389
-1.79840965860499	0.382877827643389
-1.79839614394125	0.382877807711208
-1.79839614394125	0.382877807711208
-2.57660997484294	0.657538252319339
0.152050960400409	0.028630259939513
-3.08216231491203	0.947551973079846
-1.79839614394125	0.382877807711208
-1.79840965860499	0.382877827643389
-2.57660997484294	0.657538252319339
-2.57669595250488	0.657559862268914
-2.57660997484294	0.657538252319339
-3.08216231491203	0.947551973079846
-0.628030265547787	0.151499678636842
-2.57963910438406	0.659061212358043
-1.80123754984197	0.383647112861273
0.154509067766894	0.0289541162362231
-3.08203048704882	0.947509650360219
-3.08556356757563	0.949512459473102
0.160813493636874	0.0402291855562724
-1.79840965860499	0.382877827643389
-1.79839614394125	0.382877807711208
-1.80123754984197	0.383647112861273
-1.79839614394125	0.382877807711208
0.154509067766894	0.0289541162362231
-2.57660997484294	0.657538252319339
-1.79840965860499	0.382877827643389
-1.79839614394125	0.382877807711208
0.155067569950451	0.0290355764553768
-1.79839614394125	0.382877807711208
0.157325350109871	0.02936446462458
-1.79839614394125	0.382877807711208
-3.08203048704882	0.947509650360219
-1.79839614394125	0.382877807711208
-1.79839614394125	0.382877807711208
-0.628733247343677	0.151688343674084
-2.57660997484294	0.657538252319339
-1.79839614394125	0.382877807711208
-0.628867026021838	0.151670609188118
-2.5766529574574	0.657773148602288
-2.5766529574574	0.657773148602288
0.154509067766894	0.0289541162362231
-1.79840965860499	0.382877827643389
-3.76137421922742	1.48226291907169
-3.08203048704882	0.947509650360219
0.154509067766894	0.0289541162362231
-1.79839614394125	0.382877807711208
0.15963091503218	0.0399802605532864
0.155713854733082	0.0390835596706886
-2.5766529574574	0.657773148602288
-0.628599509856641	0.151612619227975
1.95731570776637	0.441000340195791
0.160221796316651	0.0401166927693931
-1.14171114622793	0.344693702322242
0.947635845528227	0.248244973505163
-1.79839614394125	0.382877807711208
-1.79839614394125	0.382877807711208
-1.79840965860499	0.382877827643389
-1.80123754984197	0.383647112861273
-2.5766529574574	0.657773148602288
-2.5766529574574	0.657773148602288
-2.57660997484294	0.657538252319339
-1.79840965860499	0.382877827643389
-1.79840965860499	0.382877827643389
-0.628164901903538	0.15157555358925
-2.57669595250488	0.657559862268914
-1.79840965860499	0.382877827643389
-1.79839614394125	0.382877807711208
-1.79840965860499	0.382877827643389
-1.79840965860499	0.382877827643389
0.159402290839324	0.0399177124259514
-2.57660997484294	0.657538252319339
-0.628867026021838	0.151670609188118
-1.14088544605048	0.344426431780091
-1.79839614394125	0.382877807711208
-1.79839614394125	0.382877807711208
1.95988292961267	0.441702177751728
0.154465593370314	0.0289479903375428
-2.5766529574574	0.657773148602288
0.948337549654709	0.248516516252871
-3.08203048704882	0.947509650360219
0.140023273435885	0.041219830052157
-1.79839614394125	0.382877807711208
-0.631994988626399	0.152498044571477
-1.79839614394125	0.382877807711208
-1.79840965860499	0.382877827643389
1.95786695174359	0.441149378722158
-0.628164901903538	0.15157555358925
-1.79840965860499	0.382877827643389
-2.57963910438406	0.659061212358043
-2.5766529574574	0.657773148602288
1.95731570776637	0.441000340195791
1.95731570776637	0.441000340195791
1.95786695174359	0.441149378722158
0.94820175004088	0.248479682375772
0.155111385030128	0.0290417527313876
-1.79839614394125	0.382877807711208
0.154509067766894	0.0289541162362231
0.154509067766894	0.0289541162362231
-1.79839614394125	0.382877807711208
-0.628164901903538	0.15157555358925
-0.628733247343677	0.151688343674084
-0.628733247343677	0.151688343674084
-0.628733247343677	0.151688343674084
-3.08203048704882	0.947509650360219
0.155111385030128	0.0290417527313876
-1.52896155531942	0.543366808154917
-2.57669595250488	0.657559862268914
-1.79839614394125	0.382877807711208
-1.79839614394125	0.382877807711208
-1.79840965860499	0.382877827643389
-1.79840965860499	0.382877827643389
-1.79840965860499	0.382877827643389
-1.79840965860499	0.382877827643389
-1.79840965860499	0.382877827643389
0.154465593370314	0.0289479903375428
-0.235948417281415	0.0759021467201397
0.948337549654709	0.248516516252871
0.154465593370314	0.0289479903375428
-0.355979365614545	0.102141358762928
0.154509067766894	0.0289541162362231
0.15144823932183	0.0285426379557898
-1.79840965860499	0.382877827643389
-1.79839614394125	0.382877807711208
-1.79840965860499	0.382877827643389
-1.79840965860499	0.382877827643389
0.15144823932183	0.0285426379557898
-1.79839614394125	0.382877807711208
-0.628164901903538	0.15157555358925
-1.79839614394125	0.382877807711208
-1.79840965860499	0.382877827643389
-2.57660997484294	0.657538252319339
-1.79839614394125	0.382877807711208
2.75868832531345	0.765017792149168
-1.79840965860499	0.382877827643389
-2.5766529574574	0.657773148602288
1.95786695174359	0.441149378722158
0.155067569950451	0.0290355764553768
-1.79840965860499	0.382877827643389
-0.628733247343677	0.151688343674084
1.95786695174359	0.441149378722158
0.154465593370314	0.0289479903375428
-3.08216231491203	0.947551973079846
-1.79840965860499	0.382877827643389
-0.628599509856641	0.151612619227975
-1.14088544605048	0.344426431780091
0.94820175004088	0.248479682375772
-1.79839614394125	0.382877807711208
0.154509067766894	0.0289541162362231
0.155111385030128	0.0290417527313876
0.155067569950451	0.0290355764553768
1.95731570776637	0.441000340195791
-1.79840965860499	0.382877827643389
-1.80123754984197	0.383647112861273
-3.08216231491203	0.947551973079846
-1.79840965860499	0.382877827643389
-1.79840965860499	0.382877827643389
-1.14088544605048	0.344426431780091
-1.79840965860499	0.382877827643389
-1.79840965860499	0.382877827643389
-0.628599509856641	0.151612619227975
-1.79840965860499	0.382877827643389
-1.79840965860499	0.382877827643389
-1.79840965860499	0.382877827643389
-1.80123754984197	0.383647112861273
-1.79840965860499	0.382877827643389
-1.79840965860499	0.382877827643389
-1.14583039258107	0.346039770541419
2.10114269367742	0.924635433318668
-0.628867026021838	0.151670609188118
0.155067569950451	0.0290355764553768
0.952960668065698	0.249631740841768
-2.5766529574574	0.657773148602288
-0.628867026021838	0.151670609188118
-1.79839614394125	0.382877807711208
-3.08203048704882	0.947509650360219
-1.79840965860499	0.382877827643389
-2.5766529574574	0.657773148602288
-1.79840965860499	0.382877827643389
-3.08216231491203	0.947551973079846
-1.79840965860499	0.382877827643389
-2.5766529574574	0.657773148602288
1.95786695174359	0.441149378722158
1.95786695174359	0.441149378722158
-1.79840965860499	0.382877827643389
-2.5766529574574	0.657773148602288
-1.79839614394125	0.382877807711208
2.75520320904554	0.763197913000704
0.154465593370314	0.0289479903375428
-1.79840965860499	0.382877827643389
-1.1414839653338	0.344622990730584
-1.79840965860499	0.382877827643389
0.155111385030128	0.0290417527313876
0.154465593370314	0.0289479903375428
-0.628030265547787	0.151499678636842
-1.79839614394125	0.382877807711208
-1.79840965860499	0.382877827643389
-2.5766529574574	0.657773148602288
-0.628867026021838	0.151670609188118
1.95786695174359	0.441149378722158
-1.14171114622793	0.344693702322242
-0.626075023442282	0.151167646950723
1.95786695174359	0.441149378722158
-2.08922761541921	0.943816452673973
0.154509067766894	0.0289541162362231
-1.79840965860499	0.382877827643389
-1.79840965860499	0.382877827643389
0.155111385030128	0.0290417527313876
-1.79839614394125	0.382877807711208
-0.628299579656606	0.151558046801791
0.155111385030128	0.0290417527313876
-1.79839614394125	0.382877807711208
-1.79839614394125	0.382877807711208
-2.57669595250488	0.657559862268914
0.157370411029726	0.0293708256249034
-1.79839614394125	0.382877807711208
-1.79840965860499	0.382877827643389
-1.80123754984197	0.383647112861273
-0.628164901903538	0.15157555358925
1.95786695174359	0.441149378722158
2.75580772001712	0.763760469153332
-2.57660997484294	0.657538252319339
-1.79840965860499	0.382877827643389
-0.628599509856641	0.151612619227975
0.159992352718576	0.0400538861334557
3.63460034321621	1.42001047409594
0.157370411029726	0.0293708256249034
-1.79839614394125	0.382877807711208
-1.79840965860499	0.382877827643389
-1.79839614394125	0.382877807711208
-2.5766529574574	0.657773148602288
-0.628030265547787	0.151499678636842
0.155111385030128	0.0290417527313876
-2.5766529574574	0.657773148602288
1.95786695174359	0.441149378722158
0.948337549654709	0.248516516252871
-0.628599509856641	0.151612619227975
-0.628299579656606	0.151558046801791
-0.626075023442282	0.151167646950723
0.154465593370314	0.0289479903375428
-1.79839614394125	0.382877807711208
0.155067569950451	0.0290355764553768
0.948905461162112	0.248586345985544
-1.79839614394125	0.382877807711208
-1.79839614394125	0.382877807711208
-1.79839614394125	0.382877807711208
-2.5766529574574	0.657773148602288
0.155067569950451	0.0290355764553768
0.948337549654709	0.248516516252871
0.154465593370314	0.0289479903375428
-1.79840965860499	0.382877827643389
-1.79839614394125	0.382877807711208
-2.5766529574574	0.657773148602288
-1.80123754984197	0.383647112861273
-2.57963910438406	0.659061212358043
0.154509067766894	0.0289541162362231
-1.79839614394125	0.382877807711208
-1.79840965860499	0.382877827643389
-1.79840965860499	0.382877827643389
-1.80123754984197	0.383647112861273
0.15144823932183	0.0285426379557898
0.160583229502904	0.0401661733691417
-0.738414128880846	0.252090639638632
-1.79839614394125	0.382877807711208
-1.1414839653338	0.344622990730584
0.947770742439721	0.248281535275256
0.155111385030128	0.0290417527313876
-1.79839614394125	0.382877807711208
-2.57669595250488	0.657559862268914
-1.79840965860499	0.382877827643389
-1.79839614394125	0.382877807711208
-1.79840965860499	0.382877827643389
-1.79840965860499	0.382877827643389
-1.79840965860499	0.382877827643389
0.155067569950451	0.0290355764553768
-1.79839614394125	0.382877807711208
-1.79839614394125	0.382877807711208
-2.57669595250488	0.657559862268914
1.44839669376933	0.477459847846965
0.15144823932183	0.0285426379557898
0.15144823932183	0.0285426379557898
0.161043695584893	0.0402684742968713
-1.79840965860499	0.382877827643389
-1.79839614394125	0.382877807711208
3.26406378444313	1.10187162962723
0.947635845528227	0.248244973505163
-1.79840965860499	0.382877827643389
-0.628733247343677	0.151688343674084
-2.5766529574574	0.657773148602288
0.154509067766894	0.0289541162362231
-1.79839614394125	0.382877807711208
-1.79839614394125	0.382877807711208
-3.46299441124492	1.22953362528533
-0.628164901903538	0.15157555358925
-1.79839614394125	0.382877807711208
-1.79839614394125	0.382877807711208
-1.79840965860499	0.382877827643389
-3.08203048704882	0.947509650360219
1.95786695174359	0.441149378722158
0.154465593370314	0.0289479903375428
-2.57968420714322	0.659073447553718
-1.79840965860499	0.382877827643389
-1.79840965860499	0.382877827643389
-1.80123754984197	0.383647112861273
0.155111385030128	0.0290417527313876
-1.80123754984197	0.383647112861273
-2.57669595250488	0.657559862268914
-1.80123754984197	0.383647112861273
-2.57660997484294	0.657538252319339
-1.79839614394125	0.382877807711208
-2.57660997484294	0.657538252319339
-1.14111344283696	0.344497381350969
0.154465593370314	0.0289479903375428
-1.79840965860499	0.382877827643389
1.44922258720914	0.477763268309402
1.95786695174359	0.441149378722158
-2.5766529574574	0.657773148602288
2.75807933893485	0.764710363024488
0.653826927429073	0.205337088996143
0.94820175004088	0.248479682375772
-2.57669595250488	0.657559862268914
-1.79840965860499	0.382877827643389
-1.79839614394125	0.382877807711208
-1.13849635482287	0.34354887893789
-3.45900121533902	1.22669642729201
-1.79840965860499	0.382877827643389
-1.79840965860499	0.382877827643389
-2.57660997484294	0.657538252319339
-1.79839614394125	0.382877807711208
-1.79839614394125	0.382877807711208
-1.79840965860499	0.382877827643389
-1.79839614394125	0.382877807711208
1.95731570776637	0.441000340195791
-1.79839614394125	0.382877807711208
-1.79839614394125	0.382877807711208
-1.79840965860499	0.382877827643389
-1.79840965860499	0.382877827643389
-1.79840965860499	0.382877827643389
1.95731570776637	0.441000340195791
-3.08203048704882	0.947509650360219
-1.14111344283696	0.344497381350969
-1.79839614394125	0.382877807711208
0.157370411029726	0.0293708256249034
-1.52556530925699	0.541887546993991
-2.5766529574574	0.657773148602288
-2.57669595250488	0.657559862268914
-1.80123754984197	0.383647112861273
-2.57660997484294	0.657538252319339
-0.628733247343677	0.151688343674084
-1.79839614394125	0.382877807711208
-2.57968420714322	0.659073447553718
-1.80123754984197	0.383647112861273
-1.79839614394125	0.382877807711208
-1.79839614394125	0.382877807711208
0.154465593370314	0.0289479903375428
-2.57660997484294	0.657538252319339
0.154509067766894	0.0289541162362231
-2.57968420714322	0.659073447553718
-1.79839614394125	0.382877807711208
-1.79839614394125	0.382877807711208
-1.79839614394125	0.382877807711208
0.154509067766894	0.0289541162362231
-1.79840965860499	0.382877827643389
0.154509067766894	0.0289541162362231
2.75868832531345	0.765017792149168
2.75580772001712	0.763760469153332
2.75520320904554	0.763197913000704
0.154465593370314	0.0289479903375428
0.15144823932183	0.0285426379557898
0.154509067766894	0.0289541162362231
-1.79840965860499	0.382877827643389
0.154509067766894	0.0289541162362231
-1.1413415008172	0.344450233445194
-0.626075023442282	0.151167646950723
-1.52926336424741	0.543358625626883
-3.08216231491203	0.947551973079846
1.95988292961267	0.441702177751728
-1.79840965860499	0.382877827643389
-1.79840965860499	0.382877827643389
0.947635845528227	0.248244973505163
-1.79840965860499	0.382877827643389
1.95731570776637	0.441000340195791
-2.57660997484294	0.657538252319339
-1.79839614394125	0.382877807711208
-0.625937070321993	0.151091209012893
-0.628164901903538	0.15157555358925
-1.79839614394125	0.382877807711208
-0.628733247343677	0.151688343674084
-1.79839614394125	0.382877807711208
-3.46322465260564	1.22963503158779
-3.45922605387697	1.22727228815634
-0.632563406792844	0.152610991116788
-1.79840965860499	0.382877827643389
0.155111385030128	0.0290417527313876
-0.629906869562113	0.152090136193736
-0.628733247343677	0.151688343674084
-1.79840965860499	0.382877827643389
-2.57660997484294	0.657538252319339
-2.57669595250488	0.657559862268914
0.154509067766894	0.0289541162362231
-0.628733247343677	0.151688343674084
-1.52955481711501	0.543641482939636
0.947770742439721	0.248281535275256
1.95786695174359	0.441149378722158
0.155111385030128	0.0290417527313876
1.45415285694275	0.479329377268875
-0.628299579656606	0.151558046801791
0.947163829875457	0.248276694926132
2.75520320904554	0.763197913000704
0.15144823932183	0.0285426379557898
-1.79840965860499	0.382877827643389
-1.1414839653338	0.344622990730584
-1.79839614394125	0.382877807711208
-1.80123754984197	0.383647112861273
2.75580772001712	0.763760469153332
0.154465593370314	0.0289479903375428
-1.79840965860499	0.382877827643389
0.155111385030128	0.0290417527313876
-0.628164901903538	0.15157555358925
-2.57660997484294	0.657538252319339
1.95731570776637	0.441000340195791
-1.79840965860499	0.382877827643389
-1.79840965860499	0.382877827643389
-2.57660997484294	0.657538252319339
-1.79840965860499	0.382877827643389
-1.79840965860499	0.382877827643389
-1.79839614394125	0.382877807711208
-2.57669595250488	0.657559862268914
-1.79840965860499	0.382877827643389
-2.57963910438406	0.659061212358043
2.75520320904554	0.763197913000704
0.155067569950451	0.0290355764553768
1.95731570776637	0.441000340195791
0.155067569950451	0.0290355764553768
-1.79839614394125	0.382877807711208
-3.08216231491203	0.947551973079846
-1.79839614394125	0.382877807711208
0.154509067766894	0.0289541162362231
-1.79839614394125	0.382877807711208
-3.08216231491203	0.947551973079846
-1.79840965860499	0.382877827643389
-3.08229418357021	0.947231644170671
0.154509067766894	0.0289541162362231
1.95731570776637	0.441000340195791
1.02304894811125	0.381607715308403
0.94820175004088	0.248479682375772
-1.79840965860499	0.382877827643389
1.95786695174359	0.441149378722158
-1.79840965860499	0.382877827643389
0.155067569950451	0.0290355764553768
-0.628867026021838	0.151670609188118
-1.79840965860499	0.382877827643389
-1.79840965860499	0.382877827643389
-1.79840965860499	0.382877827643389
-2.5766529574574	0.657773148602288
-3.46345495606107	1.22933734600421
-1.79839614394125	0.382877807711208
1.95786695174359	0.441149378722158
0.155067569950451	0.0290355764553768
1.95988292961267	0.441702177751728
-1.79839614394125	0.382877807711208
0.155067569950451	0.0290355764553768
0.154465593370314	0.0289479903375428
-1.79840965860499	0.382877827643389
-2.57669595250488	0.657559862268914
-1.79840965860499	0.382877827643389
-1.79839614394125	0.382877807711208
-2.5766529574574	0.657773148602288
-3.08229418357021	0.947231644170671
-2.5766529574574	0.657773148602288
-1.79839614394125	0.382877807711208
-1.80123754984197	0.383647112861273
-1.79839614394125	0.382877807711208
1.95988292961267	0.441702177751728
-1.79840965860499	0.382877827643389
-0.628867026021838	0.151670609188118
-1.79840965860499	0.382877827643389
0.155111385030128	0.0290417527313876
-1.79839614394125	0.382877807711208
-0.628164901903538	0.15157555358925
-0.628733247343677	0.151688343674084
-0.628867026021838	0.151670609188118
0.159992352718576	0.0400538861334557
-0.628733247343677	0.151688343674084
0.658741078701816	0.207014004441108
0.144389940892798	0.0424393237157952
0.155067569950451	0.0290355764553768
-1.80123754984197	0.383647112861273
0.154465593370314	0.0289479903375428
0.948337549654709	0.248516516252871
-1.1414839653338	0.344622990730584
0.660054375205789	0.207294450910716
0.948905461162112	0.248586345985544
-2.5766529574574	0.657773148602288
-2.57669595250488	0.657559862268914
-0.62621301873586	0.15115097520137
-0.628299579656606	0.151558046801791
0.144976980831471	0.0425943260188831
-1.79840965860499	0.382877827643389
-1.80123754984197	0.383647112861273
-3.45945095257726	1.22747869975084
-1.79839614394125	0.382877807711208
-1.79840965860499	0.382877827643389
-1.79840965860499	0.382877827643389
-0.628030265547787	0.151499678636842
-2.57669595250488	0.657559862268914
2.75580772001712	0.763760469153332
0.947770742439721	0.248281535275256
0.15144823932183	0.0285426379557898
0.154509067766894	0.0289541162362231
0.154509067766894	0.0289541162362231
0.947635845528227	0.248244973505163
-0.737489374761453	0.251678150254292
-0.628599509856641	0.151612619227975
0.155111385030128	0.0290417527313876
-1.79839614394125	0.382877807711208
-1.80123754984197	0.383647112861273
-1.79840965860499	0.382877827643389
-1.79839614394125	0.382877807711208
-0.632563406792844	0.152610991116788
-1.79839614394125	0.382877807711208
-0.631994988626399	0.152498044571477
-0.628599509856641	0.151612619227975
-1.79840965860499	0.382877827643389
-0.628030265547787	0.151499678636842
-1.79839614394125	0.382877807711208
-1.80123754984197	0.383647112861273
-1.80123754984197	0.383647112861273
-1.52644938828825	0.542097216238236
-1.79840965860499	0.382877827643389
0.161043695584893	0.0402684742968713
-3.08203048704882	0.947509650360219
0.159402290839324	0.0399177124259514
0.155111385030128	0.0290417527313876
-2.57968420714322	0.659073447553718
-0.352036490485324	0.101122204058746
-1.79839614394125	0.382877807711208
0.15144823932183	0.0285426379557898
-1.79840965860499	0.382877827643389
0.154465593370314	0.0289479903375428
-1.79839614394125	0.382877807711208
-1.79839614394125	0.382877807711208
-1.79839614394125	0.382877807711208
-2.5766529574574	0.657773148602288
-2.5766529574574	0.657773148602288
-1.79839614394125	0.382877807711208
-1.79839614394125	0.382877807711208
0.948768757521975	0.248549269795159
0.947770742439721	0.248281535275256
0.948337549654709	0.248516516252871
-1.79840965860499	0.382877827643389
-2.57968420714322	0.659073447553718
1.95731570776637	0.441000340195791
0.659032459281836	0.207041754611057
-1.79840965860499	0.382877827643389
-1.14111344283696	0.344497381350969
-2.5766529574574	0.657773148602288
-2.57963910438406	0.659061212358043
-1.79839614394125	0.382877807711208
-0.628299579656606	0.151558046801791
-1.79840965860499	0.382877827643389
-2.5766529574574	0.657773148602288
-1.79839614394125	0.382877807711208
-1.79840965860499	0.382877827643389
-1.79840965860499	0.382877827643389
0.159992352718576	0.0400538861334557
-2.57963910438406	0.659061212358043
-1.79839614394125	0.382877807711208
0.160221796316651	0.0401166927693931
0.155067569950451	0.0290355764553768
-1.79839614394125	0.382877807711208
-1.80123754984197	0.383647112861273
-1.79839614394125	0.382877807711208
-1.80123754984197	0.383647112861273
-2.57963910438406	0.659061212358043
-1.79839614394125	0.382877807711208
-1.80123754984197	0.383647112861273
-0.628867026021838	0.151670609188118
0.511315925469962	0.180318053690652
-0.628164901903538	0.15157555358925
2.10404963108371	0.926287358542244
-0.628599509856641	0.151612619227975
-0.628164901903538	0.15157555358925
-1.79839614394125	0.382877807711208
-2.5766529574574	0.657773148602288
-1.79840965860499	0.382877827643389
-1.79840965860499	0.382877827643389
-3.0857009920368	0.949295045119167
-1.79840965860499	0.382877827643389
-2.5766529574574	0.657773148602288
-1.79840965860499	0.382877827643389
-1.79840965860499	0.382877827643389
-1.79840965860499	0.382877827643389
-2.5766529574574	0.657773148602288
-3.08203048704882	0.947509650360219
-0.628733247343677	0.151688343674084
0.155111385030128	0.0290417527313876
-1.79839614394125	0.382877807711208
0.154465593370314	0.0289479903375428
1.95731570776637	0.441000340195791
-1.79840965860499	0.382877827643389
-2.5766529574574	0.657773148602288
-1.79840965860499	0.382877827643389
-1.79839614394125	0.382877807711208
-1.14111344283696	0.344497381350969
0.157370411029726	0.0293708256249034
-1.79840965860499	0.382877827643389
-1.52554695498285	0.541620681553635
-0.628733247343677	0.151688343674084
-1.79839614394125	0.382877807711208
-0.632424041671007	0.152580102364835
-2.57660997484294	0.657538252319339
-1.79839614394125	0.382877807711208
-1.83530553524322	0.742418988109019
0.156070095129669	0.0391676647119387
-0.628164901903538	0.15157555358925
-1.79840965860499	0.382877827643389
-1.79839614394125	0.382877807711208
-0.63185471444008	0.152466960619287
-1.79840965860499	0.382877827643389
-1.79839614394125	0.382877807711208
0.155111385030128	0.0290417527313876
-1.79839614394125	0.382877807711208
-1.79840965860499	0.382877827643389
0.155067569950451	0.0290355764553768
-3.08216231491203	0.947551973079846
-0.628164901903538	0.15157555358925
-1.80123754984197	0.383647112861273
1.81515619836297	0.703574555319196
-1.79839614394125	0.382877807711208
0.154509067766894	0.0289541162362231
-2.5766529574574	0.657773148602288
-1.79840965860499	0.382877827643389
-1.80123754984197	0.383647112861273
-1.79840965860499	0.382877827643389
-2.57660997484294	0.657538252319339
-1.79840965860499	0.382877827643389
-2.5766529574574	0.657773148602288
-3.08216231491203	0.947551973079846
-1.79840965860499	0.382877827643389
-1.79840965860499	0.382877827643389
1.95988292961267	0.441702177751728
-1.79840965860499	0.382877827643389
-1.79840965860499	0.382877827643389
0.948337549654709	0.248516516252871
0.950287720870208	0.248999740475732
0.155067569950451	0.0290355764553768
0.154509067766894	0.0289541162362231
0.162952579336367	0.0406858836130456
0.947770742439721	0.248281535275256
0.156070095129669	0.0391676647119387
-0.628164901903538	0.15157555358925
-1.79840965860499	0.382877827643389
-1.79840965860499	0.382877827643389
0.154509067766894	0.0289541162362231
1.95786695174359	0.441149378722158
-1.80123754984197	0.383647112861273
-2.57669595250488	0.657559862268914
-2.57669595250488	0.657559862268914
-1.79839614394125	0.382877807711208
-1.79839614394125	0.382877807711208
0.948905461162112	0.248586345985544
-1.79839614394125	0.382877807711208
-1.14193838802885	0.344646219015582
-0.628733247343677	0.151688343674084
-1.79840965860499	0.382877827643389
-0.628164901903538	0.15157555358925
-1.14088544605048	0.344426431780091
1.95731570776637	0.441000340195791
1.95731570776637	0.441000340195791
2.75580772001712	0.763760469153332
0.154465593370314	0.0289479903375428
-0.628867026021838	0.151670609188118
-0.628599509856641	0.151612619227975
-1.79839614394125	0.382877807711208
-1.80123754984197	0.383647112861273
-3.08189869996978	0.9470994296719
-0.628867026021838	0.151670609188118
-1.79839614394125	0.382877807711208
-2.57660997484294	0.657538252319339
0.947770742439721	0.248281535275256
-2.57669595250488	0.657559862268914
2.75580772001712	0.763760469153332
-1.79840965860499	0.382877827643389
-1.80123754984197	0.383647112861273
1.95731570776637	0.441000340195791
-1.79840965860499	0.382877827643389
-2.57669595250488	0.657559862268914
-1.80123754984197	0.383647112861273
-1.79839614394125	0.382877807711208
-1.14088544605048	0.344426431780091
-0.628164901903538	0.15157555358925
-4.22650189263991	1.96443457300709
-1.14193838802885	0.344646219015582
-1.79839614394125	0.382877807711208
-1.79839614394125	0.382877807711208
0.154465593370314	0.0289479903375428
-0.354519585455166	0.101776151388844
-1.80123754984197	0.383647112861273
0.154465593370314	0.0289479903375428
-0.626075023442282	0.151167646950723
-1.79840965860499	0.382877827643389
-3.08189869996978	0.9470994296719
-2.57660997484294	0.657538252319339
-2.57963910438406	0.659061212358043
-2.57660997484294	0.657538252319339
-1.79839614394125	0.382877807711208
-1.79839614394125	0.382877807711208
-1.79840965860499	0.382877827643389
-1.79840965860499	0.382877827643389
-1.79839614394125	0.382877807711208
-1.79839614394125	0.382877807711208
-1.80123754984197	0.383647112861273
0.155067569950451	0.0290355764553768
-1.13849635482287	0.34354887893789
-1.79840965860499	0.382877827643389
0.154509067766894	0.0289541162362231
-2.5766529574574	0.657773148602288
1.95786695174359	0.441149378722158
-1.79840965860499	0.382877827643389
1.95731570776637	0.441000340195791
-2.5766529574574	0.657773148602288
-2.5766529574574	0.657773148602288
-1.79840965860499	0.382877827643389
-1.79840965860499	0.382877827643389
-1.80123754984197	0.383647112861273
-1.79840965860499	0.382877827643389
-0.628299579656606	0.151558046801791
-2.57660997484294	0.657538252319339
-2.5766529574574	0.657773148602288
-1.79839614394125	0.382877807711208
-2.57660997484294	0.657538252319339
0.152050960400409	0.028630259939513
-1.80123754984197	0.383647112861273
-1.79839614394125	0.382877807711208
-1.79840965860499	0.382877827643389
-1.79840965860499	0.382877827643389
-1.79839614394125	0.382877807711208
-0.628599509856641	0.151612619227975
0.160813493636874	0.0402291855562724
1.95731570776637	0.441000340195791
-1.79839614394125	0.382877807711208
-1.79839614394125	0.382877807711208
0.156661115950913	0.0392800358899383
-2.57669595250488	0.657559862268914
-1.79839614394125	0.382877807711208
-2.57968420714322	0.659073447553718
-1.79839614394125	0.382877807711208
-0.358264019190404	0.102817613458252
0.155713854733082	0.0390835596706886
-0.628164901903538	0.15157555358925
-0.628599509856641	0.151612619227975
-1.80123754984197	0.383647112861273
0.15144823932183	0.0285426379557898
-1.79839614394125	0.382877807711208
-1.79839614394125	0.382877807711208
-2.5766529574574	0.657773148602288
-1.79839614394125	0.382877807711208
-1.79840965860499	0.382877827643389
-1.79840965860499	0.382877827643389
-1.79840965860499	0.382877827643389
-2.57660997484294	0.657538252319339
-1.79839614394125	0.382877807711208
-0.628733247343677	0.151688343674084
-2.57660997484294	0.657538252319339
-1.79840965860499	0.382877827643389
0.944504519928106	0.247598335656165
-1.79839614394125	0.382877807711208
-1.79839614394125	0.382877807711208
2.75641316563256	0.763778311858285
1.95731570776637	0.441000340195791
-1.79840965860499	0.382877827643389
-0.628733247343677	0.151688343674084
-0.628299579656606	0.151558046801791
-1.80123754984197	0.383647112861273
-1.79840965860499	0.382877827643389
-1.79840965860499	0.382877827643389
2.75807933893485	0.764710363024488
-1.80123754984197	0.383647112861273
-1.79840965860499	0.382877827643389
2.75520320904554	0.763197913000704
0.154465593370314	0.0289479903375428
0.947635845528227	0.248244973505163
0.152050960400409	0.028630259939513
-1.80123754984197	0.383647112861273
2.75580772001712	0.763760469153332
-1.79840965860499	0.382877827643389
0.152050960400409	0.028630259939513
-1.79839614394125	0.382877807711208
-1.79839614394125	0.382877807711208
0.157325350109871	0.02936446462458
1.95731570776637	0.441000340195791
-0.628164901903538	0.15157555358925
-2.57669595250488	0.657559862268914
0.154465593370314	0.0289479903375428
0.155067569950451	0.0290355764553768
0.155111385030128	0.0290417527313876
-3.08216231491203	0.947551973079846
-1.79839614394125	0.382877807711208
-0.628867026021838	0.151670609188118
-1.79839614394125	0.382877807711208
-1.79839614394125	0.382877807711208
-1.79839614394125	0.382877807711208
-1.79840965860499	0.382877827643389
0.154465593370314	0.0289479903375428
-2.57669595250488	0.657559862268914
-1.79839614394125	0.382877807711208
-2.57968420714322	0.659073447553718
-1.79839614394125	0.382877807711208
-1.79840965860499	0.382877827643389
0.154509067766894	0.0289541162362231
0.155067569950451	0.0290355764553768
0.948905461162112	0.248586345985544
0.154465593370314	0.0289479903375428
-2.57669595250488	0.657559862268914
-2.57660997484294	0.657538252319339
-1.79839614394125	0.382877807711208
-0.628599509856641	0.151612619227975
2.75580772001712	0.763760469153332
-1.79840965860499	0.382877827643389
-1.79839614394125	0.382877807711208
0.155111385030128	0.0290417527313876
-1.1414839653338	0.344622990730584
0.154509067766894	0.0289541162362231
2.75580772001712	0.763760469153332
-0.628599509856641	0.151612619227975
0.160813493636874	0.0402291855562724
-2.57968420714322	0.659073447553718
-0.63185471444008	0.152466960619287
-0.358557998384515	0.10292132426425
0.155111385030128	0.0290417527313876
-1.79840965860499	0.382877827643389
0.160221796316651	0.0401166927693931
-0.628867026021838	0.151670609188118
0.155111385030128	0.0290417527313876
0.154509067766894	0.0289541162362231
-1.79839614394125	0.382877807711208
-2.5766529574574	0.657773148602288
-1.14171114622793	0.344693702322242
-1.79840965860499	0.382877827643389
-1.79840965860499	0.382877827643389
-1.79840965860499	0.382877827643389
-1.79840965860499	0.382877827643389
2.75520320904554	0.763197913000704
0.943937640725668	0.24736392993685
0.155111385030128	0.0290417527313876
0.152050960400409	0.028630259939513
-2.5766529574574	0.657773148602288
0.157370411029726	0.0293708256249034
-1.79840965860499	0.382877827643389
1.95786695174359	0.441149378722158
1.95786695174359	0.441149378722158
1.95731570776637	0.441000340195791
-1.79840965860499	0.382877827643389
0.154465593370314	0.0289479903375428
-1.79840965860499	0.382877827643389
0.154509067766894	0.0289541162362231
0.94820175004088	0.248479682375772
-1.1412568453231	0.344431220445032
-1.52866955783943	0.543083867430977
-1.79839614394125	0.382877807711208
-1.79840965860499	0.382877827643389
0.152050960400409	0.028630259939513
-1.79839614394125	0.382877807711208
-3.08912772662777	0.951015235110598
0.15144823932183	0.0285426379557898
-0.628867026021838	0.151670609188118
-1.79839614394125	0.382877807711208
0.154509067766894	0.0289541162362231
-1.79840965860499	0.382877827643389
-1.79840965860499	0.382877827643389
-1.79839614394125	0.382877807711208
-1.79840965860499	0.382877827643389
-0.355401168227563	0.102014834884787
0.157325350109871	0.02936446462458
0.157370411029726	0.0293708256249034
-1.1414839653338	0.344622990730584
-1.79840965860499	0.382877827643389
-3.08203048704882	0.947509650360219
-0.628867026021838	0.151670609188118
1.95786695174359	0.441149378722158
-1.79840965860499	0.382877827643389
-1.79839614394125	0.382877807711208
-1.79839614394125	0.382877807711208
-1.80123754984197	0.383647112861273
1.95786695174359	0.441149378722158
-1.79840965860499	0.382877827643389
-1.79840965860499	0.382877827643389
-0.354229439997714	0.101697261087168
1.44899109330448	0.477667123734845
-1.80123754984197	0.383647112861273
3.26284822825054	1.10169382604423
-1.79840965860499	0.382877827643389
0.16045117802105	0.0401558290866076
-1.79840965860499	0.382877827643389
-1.79839614394125	0.382877807711208
0.159992352718576	0.0400538861334557
0.947635845528227	0.248244973505163
-1.79839614394125	0.382877807711208
-2.57660997484294	0.657538252319339
-1.79839614394125	0.382877807711208
-1.79840965860499	0.382877827643389
-1.79840965860499	0.382877827643389
1.95786695174359	0.441149378722158
-0.632424041671007	0.152580102364835
0.157370411029726	0.0293708256249034
3.26284822825054	1.10169382604423
-0.628299579656606	0.151558046801791
0.159402290839324	0.0399177124259514
-0.628299579656606	0.151558046801791
-1.79839614394125	0.382877807711208
-1.79840965860499	0.382877827643389
-1.79839614394125	0.382877807711208
2.75520320904554	0.763197913000704
1.95786695174359	0.441149378722158
-1.79840965860499	0.382877827643389
0.155111385030128	0.0290417527313876
0.950287720870208	0.248999740475732
0.947635845528227	0.248244973505163
-2.57968420714322	0.659073447553718
-1.80123754984197	0.383647112861273
0.155067569950451	0.0290355764553768
-1.14111344283696	0.344497381350969
-1.79839614394125	0.382877807711208
-1.79840965860499	0.382877827643389
-1.79840965860499	0.382877827643389
-1.79840965860499	0.382877827643389
-2.57660997484294	0.657538252319339
-1.79840965860499	0.382877827643389
-1.79839614394125	0.382877807711208
-1.79839614394125	0.382877807711208
-1.79840965860499	0.382877827643389
0.157325350109871	0.02936446462458
-1.79840965860499	0.382877827643389
-1.79839614394125	0.382877807711208
-1.80123754984197	0.383647112861273
-3.46702762063817	1.23112270337757
0.154509067766894	0.0289541162362231
-1.14111344283696	0.344497381350969
-1.79839614394125	0.382877807711208
-1.80123754984197	0.383647112861273
-2.5766529574574	0.657773148602288
-1.79840965860499	0.382877827643389
-2.57669595250488	0.657559862268914
0.155067569950451	0.0290355764553768
0.154465593370314	0.0289479903375428
-3.08216231491203	0.947551973079846
-2.57669595250488	0.657559862268914
-0.355104953248248	0.101967480674674
1.95786695174359	0.441149378722158
-1.14171114622793	0.344693702322242
1.02363521199244	0.381873400117373
-1.79840965860499	0.382877827643389
-0.632563406792844	0.152610991116788
-1.79840965860499	0.382877827643389
-2.57669595250488	0.657559862268914
-1.79840965860499	0.382877827643389
1.95731570776637	0.441000340195791
1.45114635521655	0.478471348903038
-0.628299579656606	0.151558046801791
0.155067569950451	0.0290355764553768
2.75641316563256	0.763778311858285
0.154509067766894	0.0289541162362231
-1.79840965860499	0.382877827643389
-1.79839614394125	0.382877807711208
2.75641316563256	0.763778311858285
0.155067569950451	0.0290355764553768
-1.79840965860499	0.382877827643389
2.75520320904554	0.763197913000704
-1.79839614394125	0.382877807711208
-1.14559783756009	0.346052129596875
2.75580772001712	0.763760469153332
-2.5766529574574	0.657773148602288
-1.79839614394125	0.382877807711208
0.160813493636874	0.0402291855562724
0.154465593370314	0.0289479903375428
-0.628733247343677	0.151688343674084
-1.79840965860499	0.382877827643389
-1.79839614394125	0.382877807711208
-1.79839614394125	0.382877807711208
-1.79839614394125	0.382877807711208
-1.79839614394125	0.382877807711208
-1.79839614394125	0.382877807711208
0.155111385030128	0.0290417527313876
3.26284822825054	1.10169382604423
-2.5766529574574	0.657773148602288
-1.80123754984197	0.383647112861273
-2.57968420714322	0.659073447553718
-2.57968420714322	0.659073447553718
-0.628867026021838	0.151670609188118
-0.632424041671007	0.152580102364835
-0.628867026021838	0.151670609188118
-1.79840965860499	0.382877827643389
1.95731570776637	0.441000340195791
-1.79840965860499	0.382877827643389
-1.79840965860499	0.382877827643389
-1.79840965860499	0.382877827643389
1.95731570776637	0.441000340195791
1.95786695174359	0.441149378722158
-0.628164901903538	0.15157555358925
-2.5766529574574	0.657773148602288
-1.79839614394125	0.382877807711208
-1.79839614394125	0.382877807711208
-1.14171114622793	0.344693702322242
-2.5766529574574	0.657773148602288
-1.79839614394125	0.382877807711208
-1.79839614394125	0.382877807711208
1.95731570776637	0.441000340195791
1.95731570776637	0.441000340195791
-1.79839614394125	0.382877807711208
-1.79839614394125	0.382877807711208
0.154509067766894	0.0289541162362231
1.95731570776637	0.441000340195791
1.95731570776637	0.441000340195791
0.152050960400409	0.028630259939513
-1.80123754984197	0.383647112861273
-1.79840965860499	0.382877827643389
-0.354815349846941	0.101888689175609
-3.08203048704882	0.947509650360219
-2.57660997484294	0.657538252319339
0.952960668065698	0.249631740841768
0.155111385030128	0.0290417527313876
-1.79840965860499	0.382877827643389
-1.79839614394125	0.382877807711208
-1.79840965860499	0.382877827643389
-0.35569023027487	0.10209347470967
-2.5766529574574	0.657773148602288
-1.79839614394125	0.382877807711208
-2.5766529574574	0.657773148602288
-2.57968420714322	0.659073447553718
-1.79839614394125	0.382877807711208
-1.79839614394125	0.382877807711208
-1.79840965860499	0.382877827643389
-3.08542618523242	0.949198094742557
-1.79839614394125	0.382877807711208
-2.5766529574574	0.657773148602288
0.155067569950451	0.0290355764553768
-1.79839614394125	0.382877807711208
0.154465593370314	0.0289479903375428
1.95786695174359	0.441149378722158
-1.79839614394125	0.382877807711208
-1.80123754984197	0.383647112861273
-2.57669595250488	0.657559862268914
-1.79839614394125	0.382877807711208
-1.79839614394125	0.382877807711208
0.154509067766894	0.0289541162362231
-1.80123754984197	0.383647112861273
-2.57963910438406	0.659061212358043
-2.57963910438406	0.659061212358043
-2.57963910438406	0.659061212358043
-1.79840965860499	0.382877827643389
-2.57669595250488	0.657559862268914
-0.631994988626399	0.152498044571477
0.152050960400409	0.028630259939513
0.154509067766894	0.0289541162362231
-1.79840965860499	0.382877827643389
-2.57963910438406	0.659061212358043
-2.58269164924118	0.660244336228982
-1.52585303078124	0.541962051097293
-1.79840965860499	0.382877827643389
-1.79839614394125	0.382877807711208
-1.79840965860499	0.382877827643389
-3.45967591146264	1.22746502283364
-2.57660997484294	0.657538252319339
-2.5766529574574	0.657773148602288
0.154465593370314	0.0289479903375428
-1.14111344283696	0.344497381350969
-2.5766529574574	0.657773148602288
-2.57669595250488	0.657559862268914
-2.5766529574574	0.657773148602288
-0.628164901903538	0.15157555358925
-1.79839614394125	0.382877807711208
2.75868832531345	0.765017792149168
1.95988292961267	0.441702177751728
0.155111385030128	0.0290417527313876
-2.57660997484294	0.657538252319339
0.155067569950451	0.0290355764553768
-1.79839614394125	0.382877807711208
0.658157600688591	0.206837664845118
0.947770742439721	0.248281535275256
2.75580772001712	0.763760469153332
0.155111385030128	0.0290417527313876
2.75868832531345	0.765017792149168
0.154465593370314	0.0289479903375428
-0.628733247343677	0.151688343674084
-0.628030265547787	0.151499678636842
1.95731570776637	0.441000340195791
-1.79840965860499	0.382877827643389
-0.628599509856641	0.151612619227975
-1.79839614394125	0.382877807711208
0.157325350109871	0.02936446462458
-1.79840965860499	0.382877827643389
0.155111385030128	0.0290417527313876
-2.5766529574574	0.657773148602288
-2.57968420714322	0.659073447553718
-2.5766529574574	0.657773148602288
-1.79840965860499	0.382877827643389
-1.80123754984197	0.383647112861273
-1.14088544605048	0.344426431780091
-1.79839614394125	0.382877807711208
-1.80123754984197	0.383647112861273
-3.08216231491203	0.947551973079846
0.159402290839324	0.0399177124259514
-1.79840965860499	0.382877827643389
1.95786695174359	0.441149378722158
-1.79839614394125	0.382877807711208
-2.5766529574574	0.657773148602288
-1.79839614394125	0.382877807711208
0.161043695584893	0.0402684742968713
-1.79839614394125	0.382877807711208
-1.80123754984197	0.383647112861273
-2.5766529574574	0.657773148602288
0.157325350109871	0.02936446462458
1.95786695174359	0.441149378722158
2.75580772001712	0.763760469153332
-3.76137421922742	1.48226291907169
-0.628733247343677	0.151688343674084
-1.79840965860499	0.382877827643389
-1.79839614394125	0.382877807711208
1.95731570776637	0.441000340195791
-1.79839614394125	0.382877807711208
0.155111385030128	0.0290417527313876
0.154509067766894	0.0289541162362231
1.95731570776637	0.441000340195791
-1.79840965860499	0.382877827643389
0.162952579336367	0.0406858836130456
-0.351744415353914	0.1010114930848
-1.79840965860499	0.382877827643389
-2.57660997484294	0.657538252319339
-1.79839614394125	0.382877807711208
1.95786695174359	0.441149378722158
0.155111385030128	0.0290417527313876
-1.79840965860499	0.382877827643389
-0.738882523398138	0.252189660649256
0.152050960400409	0.028630259939513
0.155111385030128	0.0290417527313876
-3.08216231491203	0.947551973079846
0.157325350109871	0.02936446462458
-0.628733247343677	0.151688343674084
0.154509067766894	0.0289541162362231
-1.80123754984197	0.383647112861273
-0.628867026021838	0.151670609188118
0.160813493636874	0.0402291855562724
-1.79840965860499	0.382877827643389
-2.5766529574574	0.657773148602288
2.75641316563256	0.763778311858285
-1.79839614394125	0.382877807711208
0.155067569950451	0.0290355764553768
0.154465593370314	0.0289479903375428
-1.79839614394125	0.382877807711208
-1.79839614394125	0.382877807711208
-1.79839614394125	0.382877807711208
-1.80123754984197	0.383647112861273
3.63629792702422	1.42164529184574
-1.79839614394125	0.382877807711208
0.155111385030128	0.0290417527313876
0.154509067766894	0.0289541162362231
2.75641316563256	0.763778311858285
-1.79840965860499	0.382877827643389
0.155067569950451	0.0290355764553768
0.154465593370314	0.0289479903375428
-0.628030265547787	0.151499678636842
0.154509067766894	0.0289541162362231
0.157370411029726	0.0293708256249034
-1.79839614394125	0.382877807711208
-1.79839614394125	0.382877807711208
-1.79840965860499	0.382877827643389
-1.79839614394125	0.382877807711208
0.155111385030128	0.0290417527313876
3.26406378444313	1.10187162962723
-0.628030265547787	0.151499678636842
-1.79839614394125	0.382877807711208
-1.1414839653338	0.344622990730584
-3.08189869996978	0.9470994296719
-1.80123754984197	0.383647112861273
-1.79839614394125	0.382877807711208
-2.57660997484294	0.657538252319339
-1.80123754984197	0.383647112861273
-2.5766529574574	0.657773148602288
-1.79839614394125	0.382877807711208
0.154509067766894	0.0289541162362231
2.75580772001712	0.763760469153332
1.95731570776637	0.441000340195791
0.154509067766894	0.0289541162362231
-0.632424041671007	0.152580102364835
-2.5766529574574	0.657773148602288
-1.52585303078124	0.541962051097293
0.948337549654709	0.248516516252871
0.155111385030128	0.0290417527313876
0.950858461556905	0.2491584305819
1.95786695174359	0.441149378722158
0.154509067766894	0.0289541162362231
-2.30887978412089	1.15463778413662
-2.5766529574574	0.657773148602288
0.659032643407672	0.20695576224899
-0.626075023442282	0.151167646950723
-0.35569023027487	0.10209347470967
-2.3092285724153	1.15476180931506
0.431415494017588	0.170321055884966
-0.354815349846941	0.101888689175609
-1.52499008340819	0.541418114624462
-1.05541930160636	0.416079140893358
-1.1414839653338	0.344622990730584
-1.79839614394125	0.382877807711208
-1.83631399679176	0.742708043545115
-3.45945095257726	1.22747869975084
0.154465593370314	0.0289479903375428
-2.57968420714322	0.659073447553718
0.157370411029726	0.0293708256249034
-2.57669595250488	0.657559862268914
-1.79840965860499	0.382877827643389
0.154509067766894	0.0289541162362231
-2.57660997484294	0.657538252319339
0.154509067766894	0.0289541162362231
-0.168663393721381	0.0603724956040683
-0.632563406792844	0.152610991116788
-1.80123754984197	0.383647112861273
-1.79839614394125	0.382877807711208
-1.79840965860499	0.382877827643389
1.95786695174359	0.441149378722158
-1.79840965860499	0.382877827643389
-2.5766529574574	0.657773148602288
-0.628733247343677	0.151688343674084
-1.79840965860499	0.382877827643389
-3.08216231491203	0.947551973079846
-2.57963910438406	0.659061212358043
2.75580772001712	0.763760469153332
1.95731570776637	0.441000340195791
2.75580772001712	0.763760469153332
0.948768757521975	0.248549269795159
-1.79839614394125	0.382877807711208
0.154509067766894	0.0289541162362231
-3.08203048704882	0.947509650360219
1.95988292961267	0.441702177751728
1.95988292961267	0.441702177751728
1.95731570776637	0.441000340195791
2.75580772001712	0.763760469153332
2.75580772001712	0.763760469153332
1.95786695174359	0.441149378722158
-1.79840965860499	0.382877827643389
-1.79840965860499	0.382877827643389
-2.57660997484294	0.657538252319339
-1.79839614394125	0.382877807711208
-0.628599509856641	0.151612619227975
1.95731570776637	0.441000340195791
-1.52926336424741	0.543358625626883
-1.79840965860499	0.382877827643389
0.945072510336007	0.247668267417156
-2.57660997484294	0.657538252319339
-1.79839614394125	0.382877807711208
0.950858461556905	0.2491584305819
-0.628733247343677	0.151688343674084
1.95731570776637	0.441000340195791
-1.80123754984197	0.383647112861273
0.157370411029726	0.0293708256249034
-2.5766529574574	0.657773148602288
-1.79839614394125	0.382877807711208
-0.628733247343677	0.151688343674084
0.658157600688591	0.206837664845118
1.81264504950119	0.702404900566408
-3.08203048704882	0.947509650360219
-3.45945095257726	1.22747869975084
-1.79840965860499	0.382877827643389
-3.45945095257726	1.22747869975084
0.15144823932183	0.0285426379557898
0.134663561206417	0.0447043906173227
0.154465593370314	0.0289479903375428
0.16045117802105	0.0401558290866076
-1.14536534536015	0.34589005605433
1.02422162940792	0.382079227006262
0.15144823932183	0.0285426379557898
0.154509067766894	0.0289541162362231
-3.45945095257726	1.22747869975084
-0.628164901903538	0.15157555358925
-2.5766529574574	0.657773148602288
-1.79840965860499	0.382877827643389
0.41815349626362	0.164826694198742
-2.5766529574574	0.657773148602288
0.154465593370314	0.0289479903375428
0.947770742439721	0.248281535275256
0.154465593370314	0.0289479903375428
-1.79839614394125	0.382877807711208
0.15144823932183	0.0285426379557898
0.154465593370314	0.0289479903375428
-2.57968420714322	0.659073447553718
-3.08216231491203	0.947551973079846
-1.14559783756009	0.346052129596875
-1.79839614394125	0.382877807711208
-1.79840965860499	0.382877827643389
-1.79839614394125	0.382877807711208
-1.79840965860499	0.382877827643389
0.154465593370314	0.0289479903375428
0.950998501270056	0.249196467275389
0.947770742439721	0.248281535275256
1.95731570776637	0.441000340195791
0.155111385030128	0.0290417527313876
0.154509067766894	0.0289541162362231
1.95786695174359	0.441149378722158
-2.5766529574574	0.657773148602288
0.947770742439721	0.248281535275256
0.160583229502904	0.0401661733691417
0.155111385030128	0.0290417527313876
-3.08203048704882	0.947509650360219
1.95786695174359	0.441149378722158
0.157325350109871	0.02936446462458
0.155067569950451	0.0290355764553768
-2.57669595250488	0.657559862268914
2.75641316563256	0.763778311858285
1.95731570776637	0.441000340195791
1.95786695174359	0.441149378722158
2.75807933893485	0.764710363024488
-1.79839614394125	0.382877807711208
-3.08203048704882	0.947509650360219
2.75868832531345	0.765017792149168
-1.79840965860499	0.382877827643389
-1.79839614394125	0.382877807711208
-1.79840965860499	0.382877827643389
-2.57660997484294	0.657538252319339
-0.628599509856641	0.151612619227975
-0.628733247343677	0.151688343674084
-2.57660997484294	0.657538252319339
-1.79839614394125	0.382877807711208
-1.79840965860499	0.382877827643389
-1.79839614394125	0.382877807711208
-1.79839614394125	0.382877807711208
1.95786695174359	0.441149378722158
-1.79840965860499	0.382877827643389
0.152050960400409	0.028630259939513
-1.52527766014307	0.541726073904961
0.950858461556905	0.2491584305819
-0.35262379016767	0.101278913820777
-1.79839614394125	0.382877807711208
-1.79840965860499	0.382877827643389
-1.70017782760618	0.959628655801163
-0.629906869562113	0.152090136193736
0.160221796316651	0.0401166927693931
-2.30371911268095	1.15015610238149
0.656014281877058	0.205959668867586
-1.83165926032039	0.740451579277532
-1.52499008340819	0.541418114624462
-0.355112179440658	0.101904546481095
-2.5766529574574	0.657773148602288
-1.79839614394125	0.382877807711208
-1.14088544605048	0.344426431780091
-1.79840965860499	0.382877827643389
-2.57669595250488	0.657559862268914
0.159992352718576	0.0400538861334557
1.44862736407577	0.477555630338169
1.45355066214954	0.47909620382923
-1.79840965860499	0.382877827643389
-1.79839614394125	0.382877807711208
-2.57660997484294	0.657538252319339
-1.79839614394125	0.382877807711208
-1.79840965860499	0.382877827643389
-1.79839614394125	0.382877807711208
0.154509067766894	0.0289541162362231
-1.79840965860499	0.382877827643389
0.155111385030128	0.0290417527313876
0.94820175004088	0.248479682375772
-2.57669595250488	0.657559862268914
0.147259813410519	0.0432007445014279
0.154509067766894	0.0289541162362231
0.947770742439721	0.248281535275256
0.155067569950451	0.0290355764553768
0.947770742439721	0.248281535275256
0.152050960400409	0.028630259939513
-1.79840965860499	0.382877827643389
1.95731570776637	0.441000340195791
0.155111385030128	0.0290417527313876
-2.5766529574574	0.657773148602288
-1.79839614394125	0.382877807711208
-0.628599509856641	0.151612619227975
-3.0857009920368	0.949295045119167
1.95786695174359	0.441149378722158
0.157325350109871	0.02936446462458
-3.08203048704882	0.947509650360219
-1.79840965860499	0.382877827643389
-3.08229418357021	0.947231644170671
0.157325350109871	0.02936446462458
-1.79840965860499	0.382877827643389
-1.79839614394125	0.382877807711208
-2.5766529574574	0.657773148602288
-1.79840965860499	0.382877827643389
0.660932155782147	0.207694635746326
-1.79839614394125	0.382877807711208
-1.14088544605048	0.344426431780091
-1.79840965860499	0.382877827643389
-1.79840965860499	0.382877827643389
0.154465593370314	0.0289479903375428
1.95786695174359	0.441149378722158
-2.5766529574574	0.657773148602288
-0.628867026021838	0.151670609188118
0.154311934860129	0.0289593414864238
1.95731570776637	0.441000340195791
-1.79840965860499	0.382877827643389
-0.354815349846941	0.101888689175609
-0.626075023442282	0.151167646950723
-2.5766529574574	0.657773148602288
0.947635845528227	0.248244973505163
-1.50491293043414	0.756635000563442
0.948337549654709	0.248516516252871
-3.08912772662777	0.951015235110598
-2.5766529574574	0.657773148602288
-1.1413415008172	0.344450233445194
-1.79840965860499	0.382877827643389
-0.509799820639049	0.26958161629009
-1.80123754984197	0.383647112861273
-1.52644938828825	0.542097216238236
-1.79839614394125	0.382877807711208
-1.79840965860499	0.382877827643389
-1.79840965860499	0.382877827643389
-2.08484842220823	0.940993818731239
-1.79840965860499	0.382877827643389
0.948337549654709	0.248516516252871
0.661811042100157	0.2078534144171
-0.628733247343677	0.151688343674084
0.159859477622278	0.0400192334307773
-2.5766529574574	0.657773148602288
0.947635845528227	0.248244973505163
0.157370411029726	0.0293708256249034
0.155067569950451	0.0290355764553768
1.95731570776637	0.441000340195791
-1.79839614394125	0.382877807711208
0.155067569950451	0.0290355764553768
0.154509067766894	0.0289541162362231
-1.79839614394125	0.382877807711208
-1.79839614394125	0.382877807711208
-0.628164901903538	0.15157555358925
1.95731570776637	0.441000340195791
-3.08216231491203	0.947551973079846
-0.628867026021838	0.151670609188118
-2.5766529574574	0.657773148602288
-1.79840965860499	0.382877827643389
-1.14193838802885	0.344646219015582
-3.08203048704882	0.947509650360219
0.155067569950451	0.0290355764553768
-2.5766529574574	0.657773148602288
0.154465593370314	0.0289479903375428
-1.79840965860499	0.382877827643389
-1.79840965860499	0.382877827643389
0.154509067766894	0.0289541162362231
-1.79840965860499	0.382877827643389
-1.79839614394125	0.382877807711208
0.155067569950451	0.0290355764553768
-0.739003822726622	0.252222384495429
-2.57660997484294	0.657538252319339
-0.542550190002901	0.204022574863377
-1.79840965860499	0.382877827643389
-0.632563406792844	0.152610991116788
0.160221796316651	0.0401166927693931
-1.1414839653338	0.344622990730584
-1.79840965860499	0.382877827643389
-1.79840965860499	0.382877827643389
-1.79840965860499	0.382877827643389
-1.79839614394125	0.382877807711208
0.155111385030128	0.0290417527313876
0.154465593370314	0.0289479903375428
1.95786695174359	0.441149378722158
0.155111385030128	0.0290417527313876
-1.14260761039773	0.345006924269412
0.16045117802105	0.0401558290866076
0.15144823932183	0.0285426379557898
-1.79839614394125	0.382877807711208
0.155111385030128	0.0290417527313876
1.95731570776637	0.441000340195791
1.95731570776637	0.441000340195791
-2.57968420714322	0.659073447553718
-2.57660997484294	0.657538252319339
1.95786695174359	0.441149378722158
-1.79840965860499	0.382877827643389
-0.632563406792844	0.152610991116788
-1.79840965860499	0.382877827643389
-1.79840965860499	0.382877827643389
-1.14171114622793	0.344693702322242
-1.79840965860499	0.382877827643389
0.658449623497539	0.206846818911275
-1.83504104592481	0.742292078332567
-1.80123754984197	0.383647112861273
1.95731570776637	0.441000340195791
-2.57669595250488	0.657559862268914
-1.79840965860499	0.382877827643389
-1.79839614394125	0.382877807711208
0.65757421006213	0.206588655278929
-1.79840965860499	0.382877827643389
-0.63185471444008	0.152466960619287
-0.628299579656606	0.151558046801791
0.159859477622278	0.0400192334307773
-3.45945095257726	1.22747869975084
-0.628733247343677	0.151688343674084
0.154509067766894	0.0289541162362231
-1.79840965860499	0.382877827643389
-0.628733247343677	0.151688343674084
-0.628733247343677	0.151688343674084
-3.08216231491203	0.947551973079846
-1.79839614394125	0.382877807711208
-2.5766529574574	0.657773148602288
-2.57669595250488	0.657559862268914
2.75520320904554	0.763197913000704
-1.79840965860499	0.382877827643389
0.154465593370314	0.0289479903375428
-1.79839614394125	0.382877807711208
-2.57660997484294	0.657538252319339
-0.628867026021838	0.151670609188118
-1.80123754984197	0.383647112861273
-1.79840965860499	0.382877827643389
-1.80123754984197	0.383647112861273
0.157370411029726	0.0293708256249034
-0.631994988626399	0.152498044571477
0.154465593370314	0.0289479903375428
-1.79840965860499	0.382877827643389
0.155111385030128	0.0290417527313876
-1.79840965860499	0.382877827643389
-0.628164901903538	0.15157555358925
-0.631994988626399	0.152498044571477
-0.628733247343677	0.151688343674084
0.154509067766894	0.0289541162362231
-1.79840965860499	0.382877827643389
-1.79840965860499	0.382877827643389
-1.80123754984197	0.383647112861273
-2.57669595250488	0.657559862268914
-1.79840965860499	0.382877827643389
1.95786695174359	0.441149378722158
-0.628164901903538	0.15157555358925
-0.357247952587094	0.102560703144377
1.44450447975593	0.475941549703467
0.144389940892798	0.0424393237157952
-2.57669595250488	0.657559862268914
-1.79840965860499	0.382877827643389
-0.62621301873586	0.15115097520137
0.950287720870208	0.248999740475732
0.659032643407672	0.20695576224899
0.658741078701816	0.207014004441108
-0.62621301873586	0.15115097520137
-1.79839614394125	0.382877807711208
0.154509067766894	0.0289541162362231
-1.79840965860499	0.382877827643389
-1.79840965860499	0.382877827643389
-3.46322465260564	1.22963503158779
-1.79840965860499	0.382877827643389
0.15963091503218	0.0399802605532864
-0.628867026021838	0.151670609188118
3.26224218729945	1.1009233569627
-1.79839614394125	0.382877807711208
0.159859477622278	0.0400192334307773
-0.355401168227563	0.102014834884787
0.155067569950451	0.0290355764553768
-0.35262379016767	0.101278913820777
-3.08203048704882	0.947509650360219
-2.5766529574574	0.657773148602288
-1.14088544605048	0.344426431780091
-0.628164901903538	0.15157555358925
0.157370411029726	0.0293708256249034
0.154465593370314	0.0289479903375428
0.154509067766894	0.0289541162362231
-1.79840965860499	0.382877827643389
-1.79839614394125	0.382877807711208
0.154509067766894	0.0289541162362231
-1.79840965860499	0.382877827643389
-1.79839614394125	0.382877807711208
0.155067569950451	0.0290355764553768
-1.80123754984197	0.383647112861273
1.95786695174359	0.441149378722158
-2.57669595250488	0.657559862268914
0.160813493636874	0.0402291855562724
-0.628599509856641	0.151612619227975
0.157325350109871	0.02936446462458
-1.1414839653338	0.344622990730584
0.155111385030128	0.0290417527313876
-1.80123754984197	0.383647112861273
-1.79840965860499	0.382877827643389
-1.79839614394125	0.382877807711208
-1.79839614394125	0.382877807711208
0.154509067766894	0.0289541162362231
-1.79840965860499	0.382877827643389
-1.79839614394125	0.382877807711208
-1.79840965860499	0.382877827643389
-1.79840965860499	0.382877827643389
-1.80123754984197	0.383647112861273
-1.79840965860499	0.382877827643389
0.155111385030128	0.0290417527313876
0.155111385030128	0.0290417527313876
0.155111385030128	0.0290417527313876
-1.52525862148376	0.541687313963439
-0.358264019190404	0.102817613458252
0.154465593370314	0.0289479903375428
0.155111385030128	0.0290417527313876
0.948905461162112	0.248586345985544
-1.79839614394125	0.382877807711208
-0.628164901903538	0.15157555358925
-1.79839614394125	0.382877807711208
-1.79840965860499	0.382877827643389
-0.628867026021838	0.151670609188118
-1.79840965860499	0.382877827643389
0.157325350109871	0.02936446462458
0.950858461556905	0.2491584305819
1.95988292961267	0.441702177751728
-1.79840965860499	0.382877827643389
0.154509067766894	0.0289541162362231
0.154465593370314	0.0289479903375428
-1.79839614394125	0.382877807711208
-2.5766529574574	0.657773148602288
0.159402290839324	0.0399177124259514
0.155111385030128	0.0290417527313876
2.75641316563256	0.763778311858285
2.75580772001712	0.763760469153332
-1.79840965860499	0.382877827643389
-2.5766529574574	0.657773148602288
1.95731570776637	0.441000340195791
0.157370411029726	0.0293708256249034
-1.79839614394125	0.382877807711208
-1.79840965860499	0.382877827643389
-1.79840965860499	0.382877827643389
0.154509067766894	0.0289541162362231
-1.79839614394125	0.382877807711208
-1.79840965860499	0.382877827643389
-1.79840965860499	0.382877827643389
-1.79840965860499	0.382877827643389
-1.79840965860499	0.382877827643389
-2.5766529574574	0.657773148602288
-1.79840965860499	0.382877827643389
-1.79840965860499	0.382877827643389
-2.57963910438406	0.659061212358043
-1.79840965860499	0.382877827643389
-1.80123754984197	0.383647112861273
0.155067569950451	0.0290355764553768
-1.79839614394125	0.382877807711208
0.154509067766894	0.0289541162362231
0.154509067766894	0.0289541162362231
0.947635845528227	0.248244973505163
1.95786695174359	0.441149378722158
0.154465593370314	0.0289479903375428
0.154465593370314	0.0289479903375428
-1.79839614394125	0.382877807711208
-0.628299579656606	0.151558046801791
-1.79839614394125	0.382877807711208
0.154509067766894	0.0289541162362231
-3.08203048704882	0.947509650360219
-1.79840965860499	0.382877827643389
-2.5766529574574	0.657773148602288
-1.79840965860499	0.382877827643389
2.75580772001712	0.763760469153332
-1.79840965860499	0.382877827643389
0.155067569950451	0.0290355764553768
-1.79839614394125	0.382877807711208
-1.79839614394125	0.382877807711208
2.75807933893485	0.764710363024488
0.154509067766894	0.0289541162362231
-0.735458723618684	0.250947808327744
0.94820175004088	0.248479682375772
0.154311934860129	0.0289593414864238
-1.79839614394125	0.382877807711208
-1.79840965860499	0.382877827643389
-1.79840965860499	0.382877827643389
-0.628030265547787	0.151499678636842
-3.08189869996978	0.9470994296719
-1.79839614394125	0.382877807711208
-2.57660997484294	0.657538252319339
-1.80123754984197	0.383647112861273
-0.628164901903538	0.15157555358925
-1.79840965860499	0.382877827643389
-0.628733247343677	0.151688343674084
-1.79839614394125	0.382877807711208
-0.628733247343677	0.151688343674084
-1.79839614394125	0.382877807711208
0.154465593370314	0.0289479903375428
1.95786695174359	0.441149378722158
-3.45945095257726	1.22747869975084
0.157325350109871	0.02936446462458
0.161043695584893	0.0402684742968713
-0.628030265547787	0.151499678636842
-1.79839614394125	0.382877807711208
-1.79840965860499	0.382877827643389
0.155111385030128	0.0290417527313876
-0.352915395102444	0.101358152963712
-2.5766529574574	0.657773148602288
-1.79840965860499	0.382877827643389
-1.79840965860499	0.382877827643389
-1.79839614394125	0.382877807711208
-1.79839614394125	0.382877807711208
-1.80123754984197	0.383647112861273
0.154465593370314	0.0289479903375428
0.155067569950451	0.0290355764553768
0.948337549654709	0.248516516252871
0.154509067766894	0.0289541162362231
-0.626075023442282	0.151167646950723
1.95988292961267	0.441702177751728
-1.79840965860499	0.382877827643389
0.154465593370314	0.0289479903375428
0.154465593370314	0.0289479903375428
-0.632424041671007	0.152580102364835
0.157370411029726	0.0293708256249034
1.95731570776637	0.441000340195791
-0.628733247343677	0.151688343674084
-2.5766529574574	0.657773148602288
-1.79840965860499	0.382877827643389
-1.79839614394125	0.382877807711208
-2.57660997484294	0.657538252319339
-1.79839614394125	0.382877807711208
-1.79840965860499	0.382877827643389
-1.79839614394125	0.382877807711208
-1.79839614394125	0.382877807711208
-1.1414839653338	0.344622990730584
-1.79839614394125	0.382877807711208
-1.79840965860499	0.382877827643389
-1.79840965860499	0.382877827643389
-1.79840965860499	0.382877827643389
-3.08229418357021	0.947231644170671
0.155067569950451	0.0290355764553768
0.154509067766894	0.0289541162362231
-1.79839614394125	0.382877807711208
0.155111385030128	0.0290417527313876
-1.79840965860499	0.382877827643389
-0.35569023027487	0.10209347470967
-0.629906869562113	0.152090136193736
-1.79839614394125	0.382877807711208
0.154465593370314	0.0289479903375428
0.155111385030128	0.0290417527313876
0.154509067766894	0.0289541162362231
-1.79839614394125	0.382877807711208
-1.79840965860499	0.382877827643389
-1.79839614394125	0.382877807711208
-1.79839614394125	0.382877807711208
-1.80123754984197	0.383647112861273
-1.79840965860499	0.382877827643389
-0.628733247343677	0.151688343674084
-0.355394630173918	0.102015543768339
-0.625937070321993	0.151091209012893
-1.79840965860499	0.382877827643389
-1.79840965860499	0.382877827643389
-1.79840965860499	0.382877827643389
-1.79840965860499	0.382877827643389
0.155067569950451	0.0290355764553768
-1.79840965860499	0.382877827643389
-2.57669595250488	0.657559862268914
0.154509067766894	0.0289541162362231
-1.79840965860499	0.382877827643389
1.95731570776637	0.441000340195791
0.950287720870208	0.248999740475732
0.155111385030128	0.0290417527313876
-2.5766529574574	0.657773148602288
-0.62621301873586	0.15115097520137
0.154509067766894	0.0289541162362231
-0.628599509856641	0.151612619227975
-0.628164901903538	0.15157555358925
-1.79840965860499	0.382877827643389
0.154509067766894	0.0289541162362231
-1.79840965860499	0.382877827643389
-1.79840965860499	0.382877827643389
-0.742101285286405	0.253499136601578
1.95988292961267	0.441702177751728
-1.79839614394125	0.382877807711208
-1.79840965860499	0.382877827643389
-1.79840965860499	0.382877827643389
-1.79840965860499	0.382877827643389
-1.79840965860499	0.382877827643389
-1.79840965860499	0.382877827643389
-1.14088544605048	0.344426431780091
1.95786695174359	0.441149378722158
2.75580772001712	0.763760469153332
-0.628164901903538	0.15157555358925
0.15144823932183	0.0285426379557898
0.152718005702027	0.0383738683664069
-1.79839614394125	0.382877807711208
0.154509067766894	0.0289541162362231
-1.80123754984197	0.383647112861273
-0.628599509856641	0.151612619227975
0.160221796316651	0.0401166927693931
0.660932155782147	0.207694635746326
-0.628164901903538	0.15157555358925
-1.79840965860499	0.382877827643389
0.155067569950451	0.0290355764553768
-0.628299579656606	0.151558046801791
0.157325350109871	0.02936446462458
-3.08556356757563	0.949512459473102
-1.80123754984197	0.383647112861273
-1.13849635482287	0.34354887893789
-0.628164901903538	0.15157555358925
2.75520320904554	0.763197913000704
0.155067569950451	0.0290355764553768
1.95786695174359	0.441149378722158
1.95988292961267	0.441702177751728
2.75580772001712	0.763760469153332
-1.80123754984197	0.383647112861273
-1.79839614394125	0.382877807711208
-3.08203048704882	0.947509650360219
-1.79840965860499	0.382877827643389
-1.79839614394125	0.382877807711208
-2.57669595250488	0.657559862268914
-1.79840965860499	0.382877827643389
-2.5766529574574	0.657773148602288
-0.632424041671007	0.152580102364835
0.152050960400409	0.028630259939513
1.95786695174359	0.441149378722158
-0.628867026021838	0.151670609188118
-3.08216231491203	0.947551973079846
-1.79839614394125	0.382877807711208
0.155067569950451	0.0290355764553768
-2.5766529574574	0.657773148602288
2.75520320904554	0.763197913000704
-1.79840965860499	0.382877827643389
0.154509067766894	0.0289541162362231
-2.57963910438406	0.659061212358043
1.95731570776637	0.441000340195791
0.155067569950451	0.0290355764553768
-1.79839614394125	0.382877807711208
-1.79839614394125	0.382877807711208
-0.628733247343677	0.151688343674084
-1.79839614394125	0.382877807711208
-0.628599509856641	0.151612619227975
-1.79840965860499	0.382877827643389
-2.57660997484294	0.657538252319339
-1.79840965860499	0.382877827643389
-2.57669595250488	0.657559862268914
-1.79840965860499	0.382877827643389
-1.52984634403446	0.54376252749597
-1.79840965860499	0.382877827643389
-1.79839614394125	0.382877807711208
-2.57669595250488	0.657559862268914
-1.79840965860499	0.382877827643389
-3.45945095257726	1.22747869975084
-0.628599509856641	0.151612619227975
-2.57660997484294	0.657538252319339
0.155067569950451	0.0290355764553768
-2.5766529574574	0.657773148602288
-0.628733247343677	0.151688343674084
-1.79839614394125	0.382877807711208
-2.5766529574574	0.657773148602288
0.152050960400409	0.028630259939513
0.15144823932183	0.0285426379557898
-1.79840965860499	0.382877827643389
-3.08189869996978	0.9470994296719
3.26345542626113	1.10199860979414
-2.5766529574574	0.657773148602288
-0.3523322595973	0.101168276473444
-3.08203048704882	0.947509650360219
-1.79839614394125	0.382877807711208
2.75520320904554	0.763197913000704
-1.79839614394125	0.382877807711208
2.75580772001712	0.763760469153332
-2.57660997484294	0.657538252319339
-1.79839614394125	0.382877807711208
-1.79840965860499	0.382877827643389
-1.79840965860499	0.382877827643389
-1.79840965860499	0.382877827643389
-1.79840965860499	0.382877827643389
-1.79839614394125	0.382877807711208
-1.79840965860499	0.382877827643389
-1.79839614394125	0.382877807711208
0.154465593370314	0.0289479903375428
-1.14193838802885	0.344646219015582
0.154509067766894	0.0289541162362231
-1.79839614394125	0.382877807711208
-1.79840965860499	0.382877827643389
-1.79839614394125	0.382877807711208
0.152050960400409	0.028630259939513
-1.79840965860499	0.382877827643389
1.95786695174359	0.441149378722158
1.95786695174359	0.441149378722158
-2.57963910438406	0.659061212358043
-2.57660997484294	0.657538252319339
1.95731570776637	0.441000340195791
-1.79840965860499	0.382877827643389
-3.08203048704882	0.947509650360219
-1.79839614394125	0.382877807711208
0.154465593370314	0.0289479903375428
-1.79840965860499	0.382877827643389
1.95988292961267	0.441702177751728
-1.79840965860499	0.382877827643389
-1.79840965860499	0.382877827643389
0.950287720870208	0.248999740475732
-2.57669595250488	0.657559862268914
0.154509067766894	0.0289541162362231
-1.79839614394125	0.382877807711208
0.948337549654709	0.248516516252871
0.154509067766894	0.0289541162362231
-1.79839614394125	0.382877807711208
-1.79840965860499	0.382877827643389
-0.628299579656606	0.151558046801791
-2.5766529574574	0.657773148602288
-1.79840965860499	0.382877827643389
0.157325350109871	0.02936446462458
-2.57660997484294	0.657538252319339
-1.79840965860499	0.382877827643389
-1.79840965860499	0.382877827643389
-1.80123754984197	0.383647112861273
-1.79840965860499	0.382877827643389
-1.80123754984197	0.383647112861273
-1.79839614394125	0.382877807711208
-2.57963910438406	0.659061212358043
-1.79840965860499	0.382877827643389
-2.57968420714322	0.659073447553718
-1.79839614394125	0.382877807711208
-1.14559783756009	0.346052129596875
-3.08556356757563	0.949512459473102
-1.80123754984197	0.383647112861273
-1.79839614394125	0.382877807711208
-1.79839614394125	0.382877807711208
-2.57963910438406	0.659061212358043
2.75580772001712	0.763760469153332
0.154465593370314	0.0289479903375428
0.948768757521975	0.248549269795159
0.155067569950451	0.0290355764553768
0.155111385030128	0.0290417527313876
-0.628733247343677	0.151688343674084
0.160221796316651	0.0401166927693931
1.81323362267005	0.702723165703649
-3.76442875693116	1.48378883589571
-1.52275201069355	0.540627902821117
1.95786695174359	0.441149378722158
-1.79839614394125	0.382877807711208
1.95988292961267	0.441702177751728
-2.57669595250488	0.657559862268914
-1.79840965860499	0.382877827643389
1.95731570776637	0.441000340195791
0.160221796316651	0.0401166927693931
-1.79839614394125	0.382877807711208
-1.79840965860499	0.382877827643389
-1.79839614394125	0.382877807711208
-1.79840965860499	0.382877827643389
-1.14583039258107	0.346039770541419
-2.5766529574574	0.657773148602288
-2.5766529574574	0.657773148602288
-0.628867026021838	0.151670609188118
0.154509067766894	0.0289541162362231
-1.79839614394125	0.382877807711208
0.154465593370314	0.0289479903375428
0.15144823932183	0.0285426379557898
-1.79839614394125	0.382877807711208
-1.79839614394125	0.382877807711208
3.26345542626113	1.10199860979414
1.95731570776637	0.441000340195791
1.95731570776637	0.441000340195791
-3.08216231491203	0.947551973079846
1.95731570776637	0.441000340195791
-1.79840965860499	0.382877827643389
0.155067569950451	0.0290355764553768
0.94820175004088	0.248479682375772
-1.79839614394125	0.382877807711208
-3.08229418357021	0.947231644170671
-1.79839614394125	0.382877807711208
-2.5766529574574	0.657773148602288
-0.628164901903538	0.15157555358925
-1.79839614394125	0.382877807711208
-1.79839614394125	0.382877807711208
-1.79839614394125	0.382877807711208
-1.79839614394125	0.382877807711208
-3.08203048704882	0.947509650360219
-2.5766529574574	0.657773148602288
-1.79840965860499	0.382877827643389
-1.79840965860499	0.382877827643389
-1.79840965860499	0.382877827643389
-1.79839614394125	0.382877807711208
-1.79840965860499	0.382877827643389
-1.79839614394125	0.382877807711208
-1.80123754984197	0.383647112861273
-1.80123754984197	0.383647112861273
-1.79840965860499	0.382877827643389
0.155067569950451	0.0290355764553768
0.657866689740957	0.206670742493303
-2.5766529574574	0.657773148602288
-1.79840965860499	0.382877827643389
0.159992352718576	0.0400538861334557
0.658157600688591	0.206837664845118
-1.52556530925699	0.541887546993991
-3.45922605387697	1.22727228815634
-1.79839614394125	0.382877807711208
-1.79839614394125	0.382877807711208
-1.79839614394125	0.382877807711208
-1.79839614394125	0.382877807711208
-2.57660997484294	0.657538252319339
-2.5766529574574	0.657773148602288
-1.79840965860499	0.382877827643389
-1.79839614394125	0.382877807711208
-1.80123754984197	0.383647112861273
-1.79839614394125	0.382877807711208
1.95786695174359	0.441149378722158
-0.628164901903538	0.15157555358925
-1.80123754984197	0.383647112861273
-1.79840965860499	0.382877827643389
-1.79840965860499	0.382877827643389
1.44899109330448	0.477667123734845
0.154509067766894	0.0289541162362231
0.94820175004088	0.248479682375772
2.75520320904554	0.763197913000704
0.157370411029726	0.0293708256249034
0.161043695584893	0.0402684742968713
-1.80123754984197	0.383647112861273
-1.52525862148376	0.541687313963439
-1.79839614394125	0.382877807711208
-1.80123754984197	0.383647112861273
-1.79840965860499	0.382877827643389
1.95731570776637	0.441000340195791
2.75580772001712	0.763760469153332
-1.79839614394125	0.382877807711208
-1.79839614394125	0.382877807711208
-2.57669595250488	0.657559862268914
-1.79840965860499	0.382877827643389
-1.79839614394125	0.382877807711208
-1.79839614394125	0.382877807711208
-1.79839614394125	0.382877807711208
1.95786695174359	0.441149378722158
-0.628164901903538	0.15157555358925
0.154509067766894	0.0289541162362231
0.658157600688591	0.206837664845118
0.154509067766894	0.0289541162362231
1.95786695174359	0.441149378722158
2.75580772001712	0.763760469153332
-1.79840965860499	0.382877827643389
-2.57669595250488	0.657559862268914
-2.5766529574574	0.657773148602288
-1.79840965860499	0.382877827643389
-2.5766529574574	0.657773148602288
-2.57963910438406	0.659061212358043
-3.08203048704882	0.947509650360219
-1.79840965860499	0.382877827643389
0.948337549654709	0.248516516252871
-1.79840965860499	0.382877827643389
0.947770742439721	0.248281535275256
-2.5766529574574	0.657773148602288
-1.79839614394125	0.382877807711208
-1.79839614394125	0.382877807711208
1.95786695174359	0.441149378722158
-1.79840965860499	0.382877827643389
1.95786695174359	0.441149378722158
-1.79840965860499	0.382877827643389
1.95988292961267	0.441702177751728
1.95731570776637	0.441000340195791
0.154509067766894	0.0289541162362231
-1.79840965860499	0.382877827643389
-1.79840965860499	0.382877827643389
0.157325350109871	0.02936446462458
0.155111385030128	0.0290417527313876
-0.628030265547787	0.151499678636842
-1.79840965860499	0.382877827643389
-1.79839614394125	0.382877807711208
-1.79840965860499	0.382877827643389
-2.57669595250488	0.657559862268914
-1.79839614394125	0.382877807711208
-1.79839614394125	0.382877807711208
-2.5766529574574	0.657773148602288
-1.79839614394125	0.382877807711208
-1.79840965860499	0.382877827643389
0.159992352718576	0.0400538861334557
-1.79840965860499	0.382877827643389
-1.79840965860499	0.382877827643389
-1.79840965860499	0.382877827643389
0.157325350109871	0.02936446462458
-1.80123754984197	0.383647112861273
-0.628164901903538	0.15157555358925
0.154465593370314	0.0289479903375428
-1.79840965860499	0.382877827643389
0.162125356869158	0.0404960611383205
-1.80123754984197	0.383647112861273
-0.355401168227563	0.102014834884787
-1.79839614394125	0.382877807711208
-1.79840965860499	0.382877827643389
-3.0857009920368	0.949295045119167
-2.57669595250488	0.657559862268914
-1.79839614394125	0.382877807711208
-2.5766529574574	0.657773148602288
-1.79839614394125	0.382877807711208
-0.628164901903538	0.15157555358925
0.154465593370314	0.0289479903375428
-1.79840965860499	0.382877827643389
-3.08556356757563	0.949512459473102
-1.79839614394125	0.382877807711208
-1.79839614394125	0.382877807711208
-1.79840965860499	0.382877827643389
-2.5766529574574	0.657773148602288
0.154509067766894	0.0289541162362231
-2.58269164924118	0.660244336228982
-1.80123754984197	0.383647112861273
-2.5766529574574	0.657773148602288
-0.628299579656606	0.151558046801791
0.948337549654709	0.248516516252871
0.152050960400409	0.028630259939513
1.95786695174359	0.441149378722158
-0.628299579656606	0.151558046801791
-1.79840965860499	0.382877827643389
-1.79840965860499	0.382877827643389
-3.08556356757563	0.949512459473102
-2.5766529574574	0.657773148602288
-1.79839614394125	0.382877807711208
-1.79840965860499	0.382877827643389
-1.79840965860499	0.382877827643389
-0.63185471444008	0.152466960619287
-1.79839614394125	0.382877807711208
0.154465593370314	0.0289479903375428
-3.08216231491203	0.947551973079846
-3.45967591146264	1.22746502283364
1.95786695174359	0.441149378722158
-1.79840965860499	0.382877827643389
-1.14536534536015	0.34589005605433
-1.79840965860499	0.382877827643389
-1.83496954182052	0.74201254055013
-0.354519585455166	0.101776151388844
-1.52556530925699	0.541887546993991
-0.626075023442282	0.151167646950723
-3.08203048704882	0.947509650360219
-2.5766529574574	0.657773148602288
-0.738670030097319	0.252119567169358
0.159402290839324	0.0399177124259514
-1.1412568453231	0.344431220445032
-3.08216231491203	0.947551973079846
-2.5766529574574	0.657773148602288
-1.79839614394125	0.382877807711208
-0.631994988626399	0.152498044571477
-1.79840965860499	0.382877827643389
0.155111385030128	0.0290417527313876
-1.79839614394125	0.382877807711208
0.155111385030128	0.0290417527313876
-1.79840965860499	0.382877827643389
-1.79839614394125	0.382877807711208
-1.80123754984197	0.383647112861273
-2.57963910438406	0.659061212358043
-1.79840965860499	0.382877827643389
-0.628599509856641	0.151612619227975
-1.79839614394125	0.382877807711208
3.26284822825054	1.10169382604423
-1.79839614394125	0.382877807711208
-2.57669595250488	0.657559862268914
-3.08912772662777	0.951015235110598
-1.79839614394125	0.382877807711208
-3.08203048704882	0.947509650360219
0.155111385030128	0.0290417527313876
-2.57968420714322	0.659073447553718
-0.235948417281415	0.0759021467201397
-1.79840965860499	0.382877827643389
-2.57963910438406	0.659061212358043
-1.79839614394125	0.382877807711208
0.154509067766894	0.0289541162362231
-1.79839614394125	0.382877807711208
-1.79839614394125	0.382877807711208
-1.79840965860499	0.382877827643389
-0.738670030097319	0.252119567169358
-1.79839614394125	0.382877807711208
-3.0857009920368	0.949295045119167
-2.57963910438406	0.659061212358043
-0.628867026021838	0.151670609188118
-1.80123754984197	0.383647112861273
-3.08216231491203	0.947551973079846
-2.57660997484294	0.657538252319339
-0.628599509856641	0.151612619227975
-2.57968420714322	0.659073447553718
-2.57660997484294	0.657538252319339
-1.79839614394125	0.382877807711208
0.154465593370314	0.0289479903375428
-1.79839614394125	0.382877807711208
0.154509067766894	0.0289541162362231
-2.5766529574574	0.657773148602288
-1.79839614394125	0.382877807711208
1.95731570776637	0.441000340195791
1.95786695174359	0.441149378722158
-1.79839614394125	0.382877807711208
-0.628733247343677	0.151688343674084
-1.79840965860499	0.382877827643389
-1.79840965860499	0.382877827643389
-1.79839614394125	0.382877807711208
-1.79840965860499	0.382877827643389
-1.79839614394125	0.382877807711208
-1.79840965860499	0.382877827643389
-2.5766529574574	0.657773148602288
-1.79840965860499	0.382877827643389
-1.79839614394125	0.382877807711208
-1.79840965860499	0.382877827643389
-1.79840965860499	0.382877827643389
-1.79839614394125	0.382877807711208
-1.79839614394125	0.382877807711208
-0.628599509856641	0.151612619227975
-2.57660997484294	0.657538252319339
-1.79839614394125	0.382877807711208
-1.79839614394125	0.382877807711208
0.154509067766894	0.0289541162362231
-1.79840965860499	0.382877827643389
-1.79839614394125	0.382877807711208
0.154465593370314	0.0289479903375428
0.154509067766894	0.0289541162362231
1.95786695174359	0.441149378722158
2.75641316563256	0.763778311858285
3.26345542626113	1.10199860979414
-3.08542618523242	0.949198094742557
-2.57963910438406	0.659061212358043
-1.79839614394125	0.382877807711208
-1.79840965860499	0.382877827643389
-3.08229418357021	0.947231644170671
0.154465593370314	0.0289479903375428
-1.14171114622793	0.344693702322242
-1.79840965860499	0.382877827643389
-0.63185471444008	0.152466960619287
-1.79840965860499	0.382877827643389
-0.628867026021838	0.151670609188118
-1.79839614394125	0.382877807711208
-1.79839614394125	0.382877807711208
-0.628599509856641	0.151612619227975
-2.57669595250488	0.657559862268914
-2.5766529574574	0.657773148602288
-0.628599509856641	0.151612619227975
-0.628599509856641	0.151612619227975
-1.79839614394125	0.382877807711208
0.155111385030128	0.0290417527313876
-1.80123754984197	0.383647112861273
-1.52585303078124	0.541962051097293
0.152050960400409	0.028630259939513
-1.79840965860499	0.382877827643389
0.950426851449918	0.249037516760643
0.154509067766894	0.0289541162362231
0.154465593370314	0.0289479903375428
-2.5766529574574	0.657773148602288
-1.79839614394125	0.382877807711208
-1.80123754984197	0.383647112861273
-1.79840965860499	0.382877827643389
-1.79840965860499	0.382877827643389
0.15144823932183	0.0285426379557898
-2.57669595250488	0.657559862268914
-1.80123754984197	0.383647112861273
-2.57669595250488	0.657559862268914
0.154509067766894	0.0289541162362231
-1.79840965860499	0.382877827643389
-1.79839614394125	0.382877807711208
-2.57963910438406	0.659061212358043
2.75868832531345	0.765017792149168
0.154509067766894	0.0289541162362231
0.94820175004088	0.248479682375772
0.155067569950451	0.0290355764553768
0.154509067766894	0.0289541162362231
0.152050960400409	0.028630259939513
1.95731570776637	0.441000340195791
-1.79840965860499	0.382877827643389
-1.79839614394125	0.382877807711208
0.154465593370314	0.0289479903375428
1.95731570776637	0.441000340195791
-1.52984634403446	0.54376252749597
-3.45900121533902	1.22669642729201
-1.79839614394125	0.382877807711208
-1.79840965860499	0.382877827643389
0.154509067766894	0.0289541162362231
-2.57660997484294	0.657538252319339
-1.14583039258107	0.346039770541419
-1.79839614394125	0.382877807711208
-1.52556530925699	0.541887546993991
-1.79840965860499	0.382877827643389
-0.628299579656606	0.151558046801791
-1.79839614394125	0.382877807711208
-1.79840965860499	0.382877827643389
-1.79840965860499	0.382877827643389
-1.79840965860499	0.382877827643389
0.154465593370314	0.0289479903375428
-1.79839614394125	0.382877807711208
-1.79840965860499	0.382877827643389
-1.79840965860499	0.382877827643389
2.75641316563256	0.763778311858285
0.154465593370314	0.0289479903375428
-1.79840965860499	0.382877827643389
-1.79839614394125	0.382877807711208
-1.79839614394125	0.382877807711208
2.75580772001712	0.763760469153332
0.948337549654709	0.248516516252871
-0.628599509856641	0.151612619227975
-2.5766529574574	0.657773148602288
1.95731570776637	0.441000340195791
-0.628867026021838	0.151670609188118
0.155111385030128	0.0290417527313876
-1.80123754984197	0.383647112861273
-0.355401168227563	0.102014834884787
-2.5766529574574	0.657773148602288
-1.79840965860499	0.382877827643389
-1.79840965860499	0.382877827643389
1.95988292961267	0.441702177751728
2.75520320904554	0.763197913000704
0.154465593370314	0.0289479903375428
-1.79840965860499	0.382877827643389
-3.08556356757563	0.949512459473102
-4.01193246433531	1.72463037714346
2.75520320904554	0.763197913000704
1.95731570776637	0.441000340195791
-1.14284398403614	0.345169869447138
-1.79839614394125	0.382877807711208
-1.14974325164212	0.347335128550777
-3.46322465260564	1.22963503158779
-2.5766529574574	0.657773148602288
-1.53356266427775	0.545121163894634
-2.57963910438406	0.659061212358043
-1.04255649350425	0.410401789740815
-1.79839614394125	0.382877807711208
-1.80123754984197	0.383647112861273
0.147597353924913	0.0432809812564028
-0.739220696441847	0.252380570526188
-0.628733247343677	0.151688343674084
-1.79840965860499	0.382877827643389
-0.628599509856641	0.151612619227975
-2.5766529574574	0.657773148602288
-2.5766529574574	0.657773148602288
0.661225548064972	0.20772290984652
-1.79840965860499	0.382877827643389
-3.08203048704882	0.947509650360219
-1.79839614394125	0.382877807711208
0.946592090327999	0.248117976822064
-2.5766529574574	0.657773148602288
-1.80123754984197	0.383647112861273
-2.5766529574574	0.657773148602288
0.155111385030128	0.0290417527313876
1.95731570776637	0.441000340195791
-1.79840965860499	0.382877827643389
-1.79840965860499	0.382877827643389
-0.628599509856641	0.151612619227975
-1.79839614394125	0.382877807711208
-1.79839614394125	0.382877807711208
-2.57660997484294	0.657538252319339
-1.79840965860499	0.382877827643389
0.948337549654709	0.248516516252871
-1.79840965860499	0.382877827643389
0.155111385030128	0.0290417527313876
-1.14536534536015	0.34589005605433
-2.29996313890297	1.14710866272123
-0.632424041671007	0.152580102364835
-1.5270374870482	0.542502468800959
-2.5766529574574	0.657773148602288
-2.5766529574574	0.657773148602288
-1.14111344283696	0.344497381350969
-2.57669595250488	0.657559862268914
-3.45922605387697	1.22727228815634
-1.79839614394125	0.382877807711208
-1.79840965860499	0.382877827643389
-1.79840965860499	0.382877827643389
-2.57669595250488	0.657559862268914
-1.79839614394125	0.382877807711208
-1.79839614394125	0.382877807711208
-1.79839614394125	0.382877807711208
-1.79840965860499	0.382877827643389
-0.3523322595973	0.101168276473444
-1.1414839653338	0.344622990730584
-1.79840965860499	0.382877827643389
-0.63185471444008	0.152466960619287
0.154509067766894	0.0289541162362231
0.156304884454214	0.0392194704826931
0.154465593370314	0.0289479903375428
-0.628164901903538	0.15157555358925
-2.57669595250488	0.657559862268914
-1.79839614394125	0.382877807711208
-1.79839614394125	0.382877807711208
-3.08229418357021	0.947231644170671
-0.628867026021838	0.151670609188118
-2.5766529574574	0.657773148602288
-0.628164901903538	0.15157555358925
0.159859477622278	0.0400192334307773
-1.79840965860499	0.382877827643389
-1.79840965860499	0.382877827643389
-2.57968420714322	0.659073447553718
1.95731570776637	0.441000340195791
-1.79839614394125	0.382877807711208
-1.80123754984197	0.383647112861273
-2.5766529574574	0.657773148602288
-2.5766529574574	0.657773148602288
-1.79840965860499	0.382877827643389
-2.57669595250488	0.657559862268914
-1.80123754984197	0.383647112861273
-1.79839614394125	0.382877807711208
-1.79840965860499	0.382877827643389
-1.79840965860499	0.382877827643389
-2.57660997484294	0.657538252319339
-2.5766529574574	0.657773148602288
0.155111385030128	0.0290417527313876
-1.79839614394125	0.382877807711208
-3.08229418357021	0.947231644170671
-1.79839614394125	0.382877807711208
-1.79839614394125	0.382877807711208
-1.79839614394125	0.382877807711208
-1.79840965860499	0.382877827643389
0.94820175004088	0.248479682375772
0.154465593370314	0.0289479903375428
-3.45945095257726	1.22747869975084
-1.79840965860499	0.382877827643389
-2.57660997484294	0.657538252319339
-1.52955481711501	0.543641482939636
-2.5766529574574	0.657773148602288
-2.57660997484294	0.657538252319339
-1.80123754984197	0.383647112861273
-0.63185471444008	0.152466960619287
-2.57660997484294	0.657538252319339
-1.79839614394125	0.382877807711208
-3.08216231491203	0.947551973079846
-1.80123754984197	0.383647112861273
-1.1412568453231	0.344431220445032
-1.80123754984197	0.383647112861273
-1.79839614394125	0.382877807711208
-1.79840965860499	0.382877827643389
-1.79839614394125	0.382877807711208
-1.79840965860499	0.382877827643389
-1.79839614394125	0.382877807711208
-2.57660997484294	0.657538252319339
-2.57669595250488	0.657559862268914
-0.63185471444008	0.152466960619287
0.154509067766894	0.0289541162362231
-1.79840965860499	0.382877827643389
0.154509067766894	0.0289541162362231
0.157370411029726	0.0293708256249034
-0.628733247343677	0.151688343674084
-1.79839614394125	0.382877807711208
-3.08216231491203	0.947551973079846
-1.79839614394125	0.382877807711208
-1.79839614394125	0.382877807711208
-1.79840965860499	0.382877827643389
-1.79839614394125	0.382877807711208
-1.79840965860499	0.382877827643389
-1.79840965860499	0.382877827643389
-2.57669595250488	0.657559862268914
-2.57963910438406	0.659061212358043
-1.79839614394125	0.382877807711208
-1.79839614394125	0.382877807711208
0.155067569950451	0.0290355764553768
-2.57963910438406	0.659061212358043
-1.79840965860499	0.382877827643389
-1.79840965860499	0.382877827643389
-1.79839614394125	0.382877807711208
1.95731570776637	0.441000340195791
-1.80123754984197	0.383647112861273
0.154465593370314	0.0289479903375428
-1.80123754984197	0.383647112861273
-2.5766529574574	0.657773148602288
-1.79839614394125	0.382877807711208
-1.79840965860499	0.382877827643389
0.156070095129669	0.0391676647119387
-1.79840965860499	0.382877827643389
0.155111385030128	0.0290417527313876
-1.79839614394125	0.382877807711208
0.155111385030128	0.0290417527313876
0.152050960400409	0.028630259939513
-0.628867026021838	0.151670609188118
0.15144823932183	0.0285426379557898
-1.79840965860499	0.382877827643389
-2.5766529574574	0.657773148602288
-3.08203048704882	0.947509650360219
-0.628164901903538	0.15157555358925
2.75641316563256	0.763778311858285
0.155067569950451	0.0290355764553768
-2.5766529574574	0.657773148602288
-2.57669595250488	0.657559862268914
-2.57963910438406	0.659061212358043
-1.79839614394125	0.382877807711208
-1.79840965860499	0.382877827643389
-2.5766529574574	0.657773148602288
-2.57660997484294	0.657538252319339
-1.79840965860499	0.382877827643389
-1.79840965860499	0.382877827643389
-2.57669595250488	0.657559862268914
0.160221796316651	0.0401166927693931
-2.57660997484294	0.657538252319339
-1.79839614394125	0.382877807711208
-1.80123754984197	0.383647112861273
-2.57660997484294	0.657538252319339
-2.57660997484294	0.657538252319339
-2.5766529574574	0.657773148602288
-1.79840965860499	0.382877827643389
-1.79839614394125	0.382877807711208
-1.79839614394125	0.382877807711208
-1.79839614394125	0.382877807711208
-1.79839614394125	0.382877807711208
-0.628299579656606	0.151558046801791
0.154465593370314	0.0289479903375428
-2.5766529574574	0.657773148602288
-3.08203048704882	0.947509650360219
-2.57660997484294	0.657538252319339
0.155067569950451	0.0290355764553768
0.945072510336007	0.247668267417156
0.157325350109871	0.02936446462458
-1.79839614394125	0.382877807711208
0.157325350109871	0.02936446462458
0.155067569950451	0.0290355764553768
-1.79840965860499	0.382877827643389
-2.57669595250488	0.657559862268914
-1.79840965860499	0.382877827643389
-1.79839614394125	0.382877807711208
-2.57963910438406	0.659061212358043
-1.79840965860499	0.382877827643389
-1.80123754984197	0.383647112861273
-1.79839614394125	0.382877807711208
-2.5766529574574	0.657773148602288
-3.08542618523242	0.949198094742557
-2.57660997484294	0.657538252319339
-1.79839614394125	0.382877807711208
-1.80123754984197	0.383647112861273
-1.79840965860499	0.382877827643389
-1.79840965860499	0.382877827643389
-1.79840965860499	0.382877827643389
-1.13895833229548	0.343813220888229
-1.79840965860499	0.382877827643389
-1.79839614394125	0.382877807711208
-1.79839614394125	0.382877807711208
-1.79840965860499	0.382877827643389
0.155111385030128	0.0290417527313876
0.155111385030128	0.0290417527313876
-1.80123754984197	0.383647112861273
-1.80123754984197	0.383647112861273
-2.57968420714322	0.659073447553718
0.948337549654709	0.248516516252871
-2.57660997484294	0.657538252319339
-2.57963910438406	0.659061212358043
-2.57669595250488	0.657559862268914
-1.80123754984197	0.383647112861273
-1.79839614394125	0.382877807711208
-0.628164901903538	0.15157555358925
0.154465593370314	0.0289479903375428
-0.628164901903538	0.15157555358925
-1.79839614394125	0.382877807711208
-1.79839614394125	0.382877807711208
-2.57669595250488	0.657559862268914
-1.79839614394125	0.382877807711208
-1.79839614394125	0.382877807711208
1.95731570776637	0.441000340195791
1.95786695174359	0.441149378722158
-1.79840965860499	0.382877827643389
-1.80123754984197	0.383647112861273
-0.628164901903538	0.15157555358925
-1.79839614394125	0.382877807711208
-1.80123754984197	0.383647112861273
-1.79840965860499	0.382877827643389
-3.45945095257726	1.22747869975084
-1.79840965860499	0.382877827643389
-1.79840965860499	0.382877827643389
-1.79839614394125	0.382877807711208
-1.79840965860499	0.382877827643389
-0.632424041671007	0.152580102364835
-2.57963910438406	0.659061212358043
-0.732903532938375	0.249925569855424
-0.628733247343677	0.151688343674084
-1.80123754984197	0.383647112861273
-2.57660997484294	0.657538252319339
-1.79839614394125	0.382877807711208
-2.57669595250488	0.657559862268914
-1.79840965860499	0.382877827643389
0.160221796316651	0.0401166927693931
-0.628733247343677	0.151688343674084
-1.79839614394125	0.382877807711208
-1.79840965860499	0.382877827643389
-2.57963910438406	0.659061212358043
-1.80123754984197	0.383647112861273
0.154509067766894	0.0289541162362231
-1.79840965860499	0.382877827643389
-0.628867026021838	0.151670609188118
-1.79840965860499	0.382877827643389
-0.628299579656606	0.151558046801791
0.15144823932183	0.0285426379557898
-1.79840965860499	0.382877827643389
-0.628733247343677	0.151688343674084
-1.79840965860499	0.382877827643389
-1.79840965860499	0.382877827643389
0.159992352718576	0.0400538861334557
-1.79840965860499	0.382877827643389
-1.80123754984197	0.383647112861273
0.154465593370314	0.0289479903375428
-1.79840965860499	0.382877827643389
-1.79840965860499	0.382877827643389
-1.79840965860499	0.382877827643389
-1.79839614394125	0.382877807711208
-2.57660997484294	0.657538252319339
-2.57660997484294	0.657538252319339
-1.80123754984197	0.383647112861273
1.95731570776637	0.441000340195791
0.155111385030128	0.0290417527313876
-1.79840965860499	0.382877827643389
-1.79840965860499	0.382877827643389
-1.79839614394125	0.382877807711208
0.154509067766894	0.0289541162362231
-1.79840965860499	0.382877827643389
-0.628030265547787	0.151499678636842
-1.79840965860499	0.382877827643389
-1.79840965860499	0.382877827643389
-2.5766529574574	0.657773148602288
-1.79839614394125	0.382877807711208
-1.79840965860499	0.382877827643389
-1.79839614394125	0.382877807711208
-2.5766529574574	0.657773148602288
-1.1412568453231	0.344431220445032
-1.79839614394125	0.382877807711208
-1.79839614394125	0.382877807711208
-1.79840965860499	0.382877827643389
-0.632563406792844	0.152610991116788
-0.628733247343677	0.151688343674084
-1.79840965860499	0.382877827643389
-0.628164901903538	0.15157555358925
-1.79839614394125	0.382877807711208
-1.14950531730286	0.347256013848679
0.155111385030128	0.0290417527313876
0.155067569950451	0.0290355764553768
-1.80123754984197	0.383647112861273
-1.79839614394125	0.382877807711208
0.155111385030128	0.0290417527313876
-1.79840965860499	0.382877827643389
-1.79840965860499	0.382877827643389
1.95988292961267	0.441702177751728
-1.79839614394125	0.382877807711208
-1.1414839653338	0.344622990730584
-1.79840965860499	0.382877827643389
-1.79839614394125	0.382877807711208
-1.79839614394125	0.382877807711208
-0.628599509856641	0.151612619227975
0.154509067766894	0.0289541162362231
0.162357836679133	0.0405597098553547
-1.79839614394125	0.382877807711208
-4.01094301382727	1.72297571527308
-0.628733247343677	0.151688343674084
-1.79839614394125	0.382877807711208
-2.57660997484294	0.657538252319339
-1.79840965860499	0.382877827643389
-1.79840965860499	0.382877827643389
-1.79840965860499	0.382877827643389
-3.08216231491203	0.947551973079846
-1.79839614394125	0.382877807711208
-2.5766529574574	0.657773148602288
0.154465593370314	0.0289479903375428
-1.79840965860499	0.382877827643389
-2.5766529574574	0.657773148602288
0.157370411029726	0.0293708256249034
-1.79840965860499	0.382877827643389
0.154465593370314	0.0289479903375428
-1.79840965860499	0.382877827643389
-2.5766529574574	0.657773148602288
-0.628164901903538	0.15157555358925
-1.79840965860499	0.382877827643389
-2.57660997484294	0.657538252319339
-1.79840965860499	0.382877827643389
-2.57660997484294	0.657538252319339
-2.57963910438406	0.659061212358043
0.948337549654709	0.248516516252871
0.950858461556905	0.2491584305819
0.157370411029726	0.0293708256249034
0.155067569950451	0.0290355764553768
-1.79840965860499	0.382877827643389
0.154509067766894	0.0289541162362231
-2.57968420714322	0.659073447553718
-0.628733247343677	0.151688343674084
-1.79839614394125	0.382877807711208
-1.80123754984197	0.383647112861273
-1.79839614394125	0.382877807711208
-1.79840965860499	0.382877827643389
-1.79839614394125	0.382877807711208
-1.79840965860499	0.382877827643389
0.154509067766894	0.0289541162362231
-1.80123754984197	0.383647112861273
-1.79839614394125	0.382877807711208
-1.79840965860499	0.382877827643389
0.152050960400409	0.028630259939513
-1.79840965860499	0.382877827643389
-0.632424041671007	0.152580102364835
-1.79840965860499	0.382877827643389
0.154509067766894	0.0289541162362231
-0.628030265547787	0.151499678636842
-1.79839614394125	0.382877807711208
-2.57669595250488	0.657559862268914
-1.79839614394125	0.382877807711208
-2.5766529574574	0.657773148602288
0.154509067766894	0.0289541162362231
0.154465593370314	0.0289479903375428
0.155111385030128	0.0290417527313876
-1.79840965860499	0.382877827643389
-2.57660997484294	0.657538252319339
-1.79839614394125	0.382877807711208
-2.57660997484294	0.657538252319339
-1.79840965860499	0.382877827643389
-1.79840965860499	0.382877827643389
-1.79839614394125	0.382877807711208
-1.79839614394125	0.382877807711208
-1.79840965860499	0.382877827643389
0.154465593370314	0.0289479903375428
-3.08229418357021	0.947231644170671
-2.57660997484294	0.657538252319339
-2.57660997484294	0.657538252319339
-1.79839614394125	0.382877807711208
-2.57669595250488	0.657559862268914
-1.79839614394125	0.382877807711208
-1.79840965860499	0.382877827643389
-3.08189869996978	0.9470994296719
-1.79840965860499	0.382877827643389
-0.626075023442282	0.151167646950723
-1.79840965860499	0.382877827643389
-1.79840965860499	0.382877827643389
-1.79839614394125	0.382877807711208
-2.5766529574574	0.657773148602288
-2.57669595250488	0.657559862268914
-2.57660997484294	0.657538252319339
-2.57963910438406	0.659061212358043
-0.628599509856641	0.151612619227975
-1.79839614394125	0.382877807711208
-1.79840965860499	0.382877827643389
-0.628164901903538	0.15157555358925
-1.79839614394125	0.382877807711208
0.945072510336007	0.247668267417156
0.155067569950451	0.0290355764553768
-0.628733247343677	0.151688343674084
-1.79839614394125	0.382877807711208
-1.79839614394125	0.382877807711208
1.95731570776637	0.441000340195791
-2.57669595250488	0.657559862268914
-1.79840965860499	0.382877827643389
-1.79839614394125	0.382877807711208
-1.79840965860499	0.382877827643389
-1.79840965860499	0.382877827643389
-1.79839614394125	0.382877807711208
2.75641316563256	0.763778311858285
-1.79840965860499	0.382877827643389
-0.628164901903538	0.15157555358925
0.154465593370314	0.0289479903375428
-1.14308042190445	0.345158978274606
-1.79839614394125	0.382877807711208
-1.79839614394125	0.382877807711208
-1.79840965860499	0.382877827643389
-1.80123754984197	0.383647112861273
0.154509067766894	0.0289541162362231
0.162952579336367	0.0406858836130456
-3.08189869996978	0.9470994296719
-1.79840965860499	0.382877827643389
-1.79840965860499	0.382877827643389
-1.79840965860499	0.382877827643389
-1.79839614394125	0.382877807711208
-1.79840965860499	0.382877827643389
-1.79839614394125	0.382877807711208
-1.79839614394125	0.382877807711208
-1.79839614394125	0.382877807711208
-1.79839614394125	0.382877807711208
-1.79840965860499	0.382877827643389
-1.79839614394125	0.382877807711208
-1.79839614394125	0.382877807711208
0.15144823932183	0.0285426379557898
-0.628867026021838	0.151670609188118
0.159859477622278	0.0400192334307773
-1.79840965860499	0.382877827643389
-1.79840965860499	0.382877827643389
-1.79840965860499	0.382877827643389
-1.79840965860499	0.382877827643389
0.154465593370314	0.0289479903375428
-2.5766529574574	0.657773148602288
-1.79840965860499	0.382877827643389
-2.57660997484294	0.657538252319339
0.948905461162112	0.248586345985544
0.155067569950451	0.0290355764553768
-1.1414839653338	0.344622990730584
-0.628164901903538	0.15157555358925
-1.79839614394125	0.382877807711208
-3.08542618523242	0.949198094742557
-0.628164901903538	0.15157555358925
0.155067569950451	0.0290355764553768
0.94820175004088	0.248479682375772
-1.80123754984197	0.383647112861273
-1.79839614394125	0.382877807711208
-3.46702762063817	1.23112270337757
-1.79839614394125	0.382877807711208
-1.79839614394125	0.382877807711208
-1.1447666380351	0.34569313996721
-1.79840965860499	0.382877827643389
-1.79839614394125	0.382877807711208
-1.79839614394125	0.382877807711208
-1.79840965860499	0.382877827643389
-3.08203048704882	0.947509650360219
-1.79839614394125	0.382877807711208
-1.79839614394125	0.382877807711208
0.154465593370314	0.0289479903375428
-1.79839614394125	0.382877807711208
-1.80123754984197	0.383647112861273
-1.79840965860499	0.382877827643389
-1.79839614394125	0.382877807711208
-1.79839614394125	0.382877807711208
-1.79839614394125	0.382877807711208
0.154465593370314	0.0289479903375428
-2.5766529574574	0.657773148602288
-2.57968420714322	0.659073447553718
0.155111385030128	0.0290417527313876
-1.79840965860499	0.382877827643389
-0.625937070321993	0.151091209012893
-1.79840965860499	0.382877827643389
0.155067569950451	0.0290355764553768
2.75641316563256	0.763778311858285
0.154465593370314	0.0289479903375428
-1.79840965860499	0.382877827643389
-1.79840965860499	0.382877827643389
0.157370411029726	0.0293708256249034
-1.79839614394125	0.382877807711208
0.154465593370314	0.0289479903375428
-1.79839614394125	0.382877807711208
-0.626075023442282	0.151167646950723
-1.79840965860499	0.382877827643389
-1.1412568453231	0.344431220445032
-1.79840965860499	0.382877827643389
-1.79839614394125	0.382877807711208
0.155111385030128	0.0290417527313876
-1.79839614394125	0.382877807711208
0.160221796316651	0.0401166927693931
1.44839669376933	0.477459847846965
0.94820175004088	0.248479682375772
-1.79839614394125	0.382877807711208
-1.14536534536015	0.34589005605433
-1.79839614394125	0.382877807711208
0.152050960400409	0.028630259939513
-3.08203048704882	0.947509650360219
-1.79839614394125	0.382877807711208
1.95786695174359	0.441149378722158
-1.80123754984197	0.383647112861273
0.154509067766894	0.0289541162362231
-0.628164901903538	0.15157555358925
-1.79840965860499	0.382877827643389
0.155111385030128	0.0290417527313876
-2.57660997484294	0.657538252319339
-1.79840965860499	0.382877827643389
-0.628599509856641	0.151612619227975
0.94820175004088	0.248479682375772
0.513516136888496	0.181178716343693
-1.1447666380351	0.34569313996721
-1.79839614394125	0.382877807711208
0.154465593370314	0.0289479903375428
0.948337549654709	0.248516516252871
-1.79839614394125	0.382877807711208
-0.628299579656606	0.151558046801791
-0.628733247343677	0.151688343674084
-1.79839614394125	0.382877807711208
1.95731570776637	0.441000340195791
-1.79840965860499	0.382877827643389
0.15963091503218	0.0399802605532864
-2.57963910438406	0.659061212358043
-1.79840965860499	0.382877827643389
-1.79839614394125	0.382877807711208
-1.79839614394125	0.382877807711208
-3.08216231491203	0.947551973079846
0.154509067766894	0.0289541162362231
-1.79839614394125	0.382877807711208
-0.628733247343677	0.151688343674084
-1.80123754984197	0.383647112861273
0.155067569950451	0.0290355764553768
-1.79839614394125	0.382877807711208
-1.79840965860499	0.382877827643389
-3.45922605387697	1.22727228815634
-1.79839614394125	0.382877807711208
-2.5766529574574	0.657773148602288
-1.79839614394125	0.382877807711208
0.155067569950451	0.0290355764553768
-1.79839614394125	0.382877807711208
-2.57963910438406	0.659061212358043
-2.57968420714322	0.659073447553718
-1.79839614394125	0.382877807711208
0.943937640725668	0.24736392993685
1.95731570776637	0.441000340195791
0.16045117802105	0.0401558290866076
-1.79839614394125	0.382877807711208
-1.79839614394125	0.382877807711208
0.154465593370314	0.0289479903375428
-1.80123754984197	0.383647112861273
-1.79839614394125	0.382877807711208
0.154509067766894	0.0289541162362231
-1.79840965860499	0.382877827643389
-2.57660997484294	0.657538252319339
-0.628030265547787	0.151499678636842
-1.79839614394125	0.382877807711208
-2.57660997484294	0.657538252319339
-3.45945095257726	1.22747869975084
-2.57669595250488	0.657559862268914
-1.79839614394125	0.382877807711208
-1.79840965860499	0.382877827643389
-2.5766529574574	0.657773148602288
-2.5766529574574	0.657773148602288
-1.79839614394125	0.382877807711208
0.15963091503218	0.0399802605532864
-1.79839614394125	0.382877807711208
-1.79840965860499	0.382877827643389
0.154509067766894	0.0289541162362231
-3.08203048704882	0.947509650360219
-1.79840965860499	0.382877827643389
-1.79840965860499	0.382877827643389
0.154509067766894	0.0289541162362231
-1.79839614394125	0.382877807711208
-1.79840965860499	0.382877827643389
-1.79840965860499	0.382877827643389
-1.79840965860499	0.382877827643389
0.155111385030128	0.0290417527313876
-1.14193838802885	0.344646219015582
-1.79840965860499	0.382877827643389
-1.1413415008172	0.344450233445194
1.95786695174359	0.441149378722158
1.95731570776637	0.441000340195791
0.152050960400409	0.028630259939513
-0.628164901903538	0.15157555358925
0.15547989361324	0.039031965106125
0.155067569950451	0.0290355764553768
-1.13895833229548	0.343813220888229
-2.57669595250488	0.657559862268914
-0.628299579656606	0.151558046801791
-2.57669595250488	0.657559862268914
-1.79840965860499	0.382877827643389
-1.1414839653338	0.344622990730584
-3.08216231491203	0.947551973079846
0.160221796316651	0.0401166927693931
-1.79840965860499	0.382877827643389
0.154509067766894	0.0289541162362231
-2.5766529574574	0.657773148602288
0.162125356869158	0.0404960611383205
-1.79840965860499	0.382877827643389
0.16045117802105	0.0401558290866076
-0.626075023442282	0.151167646950723
-3.08189869996978	0.9470994296719
-1.79840965860499	0.382877827643389
-1.79840965860499	0.382877827643389
-1.14111344283696	0.344497381350969
-1.79840965860499	0.382877827643389
-1.79840965860499	0.382877827643389
-1.79839614394125	0.382877807711208
-1.14559783756009	0.346052129596875
-1.80123754984197	0.383647112861273
-2.5766529574574	0.657773148602288
-0.628164901903538	0.15157555358925
0.154509067766894	0.0289541162362231
-1.79839614394125	0.382877807711208
0.15963091503218	0.0399802605532864
-1.79840965860499	0.382877827643389
0.154509067766894	0.0289541162362231
0.155067569950451	0.0290355764553768
-1.80123754984197	0.383647112861273
-1.79839614394125	0.382877807711208
0.94820175004088	0.248479682375772
-1.80123754984197	0.383647112861273
0.155067569950451	0.0290355764553768
0.155111385030128	0.0290417527313876
-2.57669595250488	0.657559862268914
-0.626075023442282	0.151167646950723
0.947770742439721	0.248281535275256
-1.79839614394125	0.382877807711208
0.950287720870208	0.248999740475732
0.94820175004088	0.248479682375772
0.94820175004088	0.248479682375772
-1.79840965860499	0.382877827643389
-2.5766529574574	0.657773148602288
-1.79839614394125	0.382877807711208
0.155111385030128	0.0290417527313876
-2.57669595250488	0.657559862268914
-1.79839614394125	0.382877807711208
-1.79839614394125	0.382877807711208
-1.79839614394125	0.382877807711208
0.157325350109871	0.02936446462458
0.160221796316651	0.0401166927693931
1.95731570776637	0.441000340195791
-1.52866955783943	0.543083867430977
0.155067569950451	0.0290355764553768
0.94820175004088	0.248479682375772
0.154509067766894	0.0289541162362231
-1.79840965860499	0.382877827643389
-2.5766529574574	0.657773148602288
-1.79840965860499	0.382877827643389
-1.79840965860499	0.382877827643389
0.162952579336367	0.0406858836130456
-1.1412568453231	0.344431220445032
-1.79839614394125	0.382877807711208
-2.5766529574574	0.657773148602288
-1.79839614394125	0.382877807711208
-1.79840965860499	0.382877827643389
0.154465593370314	0.0289479903375428
-1.79840965860499	0.382877827643389
-3.08216231491203	0.947551973079846
-1.79839614394125	0.382877807711208
-2.57660997484294	0.657538252319339
0.154465593370314	0.0289479903375428
0.651955941439467	0.204522552727668
-1.79840965860499	0.382877827643389
0.947770742439721	0.248281535275256
0.155111385030128	0.0290417527313876
-1.79839614394125	0.382877807711208
-1.79840965860499	0.382877827643389
-1.79840965860499	0.382877827643389
-1.79840965860499	0.382877827643389
-1.79840965860499	0.382877827643389
-2.57669595250488	0.657559862268914
-2.57669595250488	0.657559862268914
-1.52497036065527	0.541612586959632
-1.79839614394125	0.382877807711208
-0.628299579656606	0.151558046801791
-1.79840965860499	0.382877827643389
-1.79839614394125	0.382877807711208
-1.79839614394125	0.382877807711208
0.155111385030128	0.0290417527313876
-1.79840965860499	0.382877827643389
-1.79839614394125	0.382877807711208
0.158441687834525	0.0396618099099809
-1.79840965860499	0.382877827643389
-3.08203048704882	0.947509650360219
-1.79839614394125	0.382877807711208
0.15963091503218	0.0399802605532864
0.154465593370314	0.0289479903375428
-0.628030265547787	0.151499678636842
-3.08216231491203	0.947551973079846
-1.79839614394125	0.382877807711208
-1.14171114622793	0.344693702322242
-2.57669595250488	0.657559862268914
-1.79839614394125	0.382877807711208
0.154509067766894	0.0289541162362231
-1.80123754984197	0.383647112861273
0.157325350109871	0.02936446462458
-1.79839614394125	0.382877807711208
0.155111385030128	0.0290417527313876
-1.79840965860499	0.382877827643389
-1.14111344283696	0.344497381350969
-1.79839614394125	0.382877807711208
-1.79839614394125	0.382877807711208
-2.57660997484294	0.657538252319339
-1.79840965860499	0.382877827643389
-0.355104953248248	0.101967480674674
-1.79840965860499	0.382877827643389
-1.79839614394125	0.382877807711208
0.160221796316651	0.0401166927693931
-0.632424041671007	0.152580102364835
-1.79840965860499	0.382877827643389
-3.08216231491203	0.947551973079846
-1.79840965860499	0.382877827643389
-2.58269164924118	0.660244336228982
-0.632424041671007	0.152580102364835
0.155111385030128	0.0290417527313876
-1.79839614394125	0.382877807711208
0.154465593370314	0.0289479903375428
-1.79839614394125	0.382877807711208
-1.79839614394125	0.382877807711208
0.154465593370314	0.0289479903375428
-1.79840965860499	0.382877827643389
-2.57660997484294	0.657538252319339
-1.1414839653338	0.344622990730584
0.155067569950451	0.0290355764553768
0.155067569950451	0.0290355764553768
-1.79840965860499	0.382877827643389
0.947770742439721	0.248281535275256
-0.628299579656606	0.151558046801791
-1.79839614394125	0.382877807711208
0.155111385030128	0.0290417527313876
-1.79839614394125	0.382877807711208
-1.79839614394125	0.382877807711208
2.75520320904554	0.763197913000704
0.94820175004088	0.248479682375772
-1.79840965860499	0.382877827643389
-3.08556356757563	0.949512459473102
0.157370411029726	0.0293708256249034
-1.79840965860499	0.382877827643389
0.160583229502904	0.0401661733691417
-1.79839614394125	0.382877807711208
-1.79840965860499	0.382877827643389
-1.79840965860499	0.382877827643389
0.157370411029726	0.0293708256249034
-3.08203048704882	0.947509650360219
-1.79839614394125	0.382877807711208
-1.79839614394125	0.382877807711208
-1.79839614394125	0.382877807711208
-1.14499995487719	0.345855392571373
-1.79839614394125	0.382877807711208
2.75807933893485	0.764710363024488
2.75580772001712	0.763760469153332
1.95786695174359	0.441149378722158
0.947635845528227	0.248244973505163
-1.79840965860499	0.382877827643389
-1.79839614394125	0.382877807711208
-2.57963910438406	0.659061212358043
-1.79840965860499	0.382877827643389
-1.79840965860499	0.382877827643389
-2.58269164924118	0.660244336228982
-0.73833632952493	0.25198039611565
-1.79839614394125	0.382877807711208
-1.79839614394125	0.382877807711208
2.75580772001712	0.763760469153332
1.95731570776637	0.441000340195791
0.657283842665822	0.20642210460759
1.95988292961267	0.441702177751728
-0.628733247343677	0.151688343674084
1.95731570776637	0.441000340195791
-2.57669595250488	0.657559862268914
0.157325350109871	0.02936446462458
-0.632424041671007	0.152580102364835
-1.79839614394125	0.382877807711208
-1.79840965860499	0.382877827643389
-0.628164901903538	0.15157555358925
0.154509067766894	0.0289541162362231
-1.79840965860499	0.382877827643389
-1.80123754984197	0.383647112861273
-2.57968420714322	0.659073447553718
-2.57660997484294	0.657538252319339
2.75580772001712	0.763760469153332
-1.79840965860499	0.382877827643389
-1.79840965860499	0.382877827643389
0.155111385030128	0.0290417527313876
-2.57660997484294	0.657538252319339
0.157370411029726	0.0293708256249034
0.157370411029726	0.0293708256249034
0.154465593370314	0.0289479903375428
-1.80123754984197	0.383647112861273
-1.79839614394125	0.382877807711208
-1.79839614394125	0.382877807711208
-2.57669595250488	0.657559862268914
-1.04255649350425	0.410401789740815
-1.29353315609389	0.576437929846008
-0.74243876954869	0.25362235352836
-0.628733247343677	0.151688343674084
-1.79839614394125	0.382877807711208
-1.79839614394125	0.382877807711208
1.95731570776637	0.441000340195791
2.75520320904554	0.763197913000704
-1.79839614394125	0.382877807711208
1.4480329582247	0.477161868008032
-0.628299579656606	0.151558046801791
0.947770742439721	0.248281535275256
-1.79839614394125	0.382877807711208
2.75580772001712	0.763760469153332
-1.79840965860499	0.382877827643389
-1.80123754984197	0.383647112861273
-0.738079783119958	0.251987608125061
0.948337549654709	0.248516516252871
-1.79839614394125	0.382877807711208
-0.628867026021838	0.151670609188118
-0.635712548659237	0.153374459528297
-1.52556530925699	0.541887546993991
-1.79839614394125	0.382877807711208
-2.5766529574574	0.657773148602288
-2.5766529574574	0.657773148602288
-1.79840965860499	0.382877827643389
-1.79839614394125	0.382877807711208
1.44862736407577	0.477555630338169
0.154465593370314	0.0289479903375428
2.75580772001712	0.763760469153332
-1.79840965860499	0.382877827643389
-1.79840965860499	0.382877827643389
-1.79840965860499	0.382877827643389
-1.80123754984197	0.383647112861273
-0.737745529684395	0.251848226779474
-0.628599509856641	0.151612619227975
-1.79840965860499	0.382877827643389
-1.79839614394125	0.382877807711208
0.15144823932183	0.0285426379557898
0.154509067766894	0.0289541162362231
-1.79840965860499	0.382877827643389
-1.79840965860499	0.382877827643389
-0.352036490485324	0.101122204058746
-1.52468217246603	0.541450953371581
-0.354815349846941	0.101888689175609
0.947635845528227	0.248244973505163
-1.79839614394125	0.382877807711208
-1.79839614394125	0.382877807711208
0.154465593370314	0.0289479903375428
-1.80123754984197	0.383647112861273
-1.79840965860499	0.382877827643389
-1.79839614394125	0.382877807711208
-1.79839614394125	0.382877807711208
-1.79839614394125	0.382877807711208
-2.57660997484294	0.657538252319339
0.155067569950451	0.0290355764553768
-1.79840965860499	0.382877827643389
-1.79839614394125	0.382877807711208
-1.79839614394125	0.382877807711208
-1.79840965860499	0.382877827643389
-1.79839614394125	0.382877807711208
-1.79839614394125	0.382877807711208
-1.79840965860499	0.382877827643389
-1.13895833229548	0.343813220888229
-1.04347763338354	0.410675434748757
-0.628733247343677	0.151688343674084
-1.79840965860499	0.382877827643389
-1.79839614394125	0.382877807711208
-1.79839614394125	0.382877807711208
-1.79839614394125	0.382877807711208
0.155111385030128	0.0290417527313876
-0.628733247343677	0.151688343674084
-1.79840965860499	0.382877827643389
-1.79839614394125	0.382877807711208
-1.79840965860499	0.382877827643389
-1.79840965860499	0.382877827643389
-2.5766529574574	0.657773148602288
-1.52984634403446	0.54376252749597
-2.57669595250488	0.657559862268914
-1.14171114622793	0.344693702322242
-1.79840965860499	0.382877827643389
-1.79839614394125	0.382877807711208
-1.79840965860499	0.382877827643389
-1.79839614394125	0.382877807711208
-1.79839614394125	0.382877807711208
0.154509067766894	0.0289541162362231
-0.628733247343677	0.151688343674084
-0.625937070321993	0.151091209012893
-0.628733247343677	0.151688343674084
0.154509067766894	0.0289541162362231
-0.23808408660897	0.0766242401144763
-0.632563406792844	0.152610991116788
-2.57660997484294	0.657538252319339
-1.52497036065527	0.541612586959632
-2.57963910438406	0.659061212358043
-0.628164901903538	0.15157555358925
-1.79839614394125	0.382877807711208
0.155067569950451	0.0290355764553768
-1.79839614394125	0.382877807711208
-1.79840965860499	0.382877827643389
-3.08203048704882	0.947509650360219
-1.79839614394125	0.382877807711208
-0.628599509856641	0.151612619227975
-2.5766529574574	0.657773148602288
-1.79840965860499	0.382877827643389
-1.79839614394125	0.382877807711208
-1.79840965860499	0.382877827643389
-1.79839614394125	0.382877807711208
1.95988292961267	0.441702177751728
-1.79839614394125	0.382877807711208
-1.80123754984197	0.383647112861273
-2.57968420714322	0.659073447553718
-1.79839614394125	0.382877807711208
-1.79839614394125	0.382877807711208
1.95731570776637	0.441000340195791
-1.79840965860499	0.382877827643389
-1.79840965860499	0.382877827643389
-1.80123754984197	0.383647112861273
-2.5766529574574	0.657773148602288
-0.357247952587094	0.102560703144377
-0.628164901903538	0.15157555358925
-2.5766529574574	0.657773148602288
-0.628733247343677	0.151688343674084
-3.08203048704882	0.947509650360219
-1.79839614394125	0.382877807711208
-1.79839614394125	0.382877807711208
-1.79840965860499	0.382877827643389
-1.79839614394125	0.382877807711208
-1.79839614394125	0.382877807711208
-1.79839614394125	0.382877807711208
-1.79840965860499	0.382877827643389
0.154465593370314	0.0289479903375428
-1.79840965860499	0.382877827643389
-0.628599509856641	0.151612619227975
-1.79839614394125	0.382877807711208
-3.08189869996978	0.9470994296719
-1.79840965860499	0.382877827643389
0.154465593370314	0.0289479903375428
0.947635845528227	0.248244973505163
0.155111385030128	0.0290417527313876
-1.79840965860499	0.382877827643389
-1.79839614394125	0.382877807711208
-1.79839614394125	0.382877807711208
-1.79840965860499	0.382877827643389
-1.79840965860499	0.382877827643389
-1.79840965860499	0.382877827643389
-0.628733247343677	0.151688343674084
-2.5766529574574	0.657773148602288
-1.79839614394125	0.382877807711208
0.155111385030128	0.0290417527313876
-1.14559783756009	0.346052129596875
0.154465593370314	0.0289479903375428
-1.79839614394125	0.382877807711208
-2.5766529574574	0.657773148602288
-1.79840965860499	0.382877827643389
-1.79839614394125	0.382877807711208
0.154509067766894	0.0289541162362231
0.948337549654709	0.248516516252871
0.154509067766894	0.0289541162362231
2.75641316563256	0.763778311858285
-3.0857009920368	0.949295045119167
-1.79839614394125	0.382877807711208
-0.628030265547787	0.151499678636842
-1.79840965860499	0.382877827643389
-2.5766529574574	0.657773148602288
-0.628299579656606	0.151558046801791
-2.57963910438406	0.659061212358043
-0.628599509856641	0.151612619227975
3.26224218729945	1.1009233569627
-1.52246182960607	0.540465661800635
-2.57669595250488	0.657559862268914
-1.79840965860499	0.382877827643389
-1.79840965860499	0.382877827643389
-1.79839614394125	0.382877807711208
-1.79839614394125	0.382877807711208
-3.0857009920368	0.949295045119167
-2.57660997484294	0.657538252319339
-1.14583039258107	0.346039770541419
-1.79839614394125	0.382877807711208
0.948337549654709	0.248516516252871
1.95731570776637	0.441000340195791
-1.79839614394125	0.382877807711208
-1.79839614394125	0.382877807711208
0.160221796316651	0.0401166927693931
-1.79840965860499	0.382877827643389
-1.79840965860499	0.382877827643389
-2.57669595250488	0.657559862268914
-2.57963910438406	0.659061212358043
-1.79840965860499	0.382877827643389
-1.79839614394125	0.382877807711208
-1.79840965860499	0.382877827643389
-0.628164901903538	0.15157555358925
1.95731570776637	0.441000340195791
-1.14171114622793	0.344693702322242
-0.626075023442282	0.151167646950723
-1.79840965860499	0.382877827643389
0.154509067766894	0.0289541162362231
-2.5766529574574	0.657773148602288
-1.79840965860499	0.382877827643389
-0.628030265547787	0.151499678636842
0.154509067766894	0.0289541162362231
-1.79840965860499	0.382877827643389
-2.57660997484294	0.657538252319339
1.45054889854294	0.478121061898946
-1.79839614394125	0.382877807711208
-3.08216231491203	0.947551973079846
-1.79840965860499	0.382877827643389
-2.5766529574574	0.657773148602288
-0.628030265547787	0.151499678636842
1.95786695174359	0.441149378722158
0.155111385030128	0.0290417527313876
-1.79840965860499	0.382877827643389
-1.79840965860499	0.382877827643389
-1.79839614394125	0.382877807711208
-1.79839614394125	0.382877807711208
-0.628733247343677	0.151688343674084
1.95731570776637	0.441000340195791
-2.57669595250488	0.657559862268914
-1.79839614394125	0.382877807711208
-1.80123754984197	0.383647112861273
1.95731570776637	0.441000340195791
0.155067569950451	0.0290355764553768
0.154465593370314	0.0289479903375428
-1.79840965860499	0.382877827643389
-1.1406575104342	0.344234513147494
-3.45967591146264	1.22746502283364
0.154509067766894	0.0289541162362231
-2.5766529574574	0.657773148602288
0.950998501270056	0.249196467275389
-1.79840965860499	0.382877827643389
-1.79840965860499	0.382877827643389
-1.79839614394125	0.382877807711208
-1.79840965860499	0.382877827643389
0.155111385030128	0.0290417527313876
0.155111385030128	0.0290417527313876
-0.628299579656606	0.151558046801791
-1.79840965860499	0.382877827643389
-2.5766529574574	0.657773148602288
-2.57968420714322	0.659073447553718
-1.79839614394125	0.382877807711208
-1.79839614394125	0.382877807711208
-1.79840965860499	0.382877827643389
-1.79840965860499	0.382877827643389
-3.08556356757563	0.949512459473102
-2.5766529574574	0.657773148602288
-1.79840965860499	0.382877827643389
-1.79840965860499	0.382877827643389
-1.79840965860499	0.382877827643389
-1.79839614394125	0.382877807711208
0.950287720870208	0.248999740475732
1.81604086904786	0.704001590638153
-0.628299579656606	0.151558046801791
-1.14523333483643	0.345843348749308
0.154465593370314	0.0289479903375428
0.155067569950451	0.0290355764553768
-1.79839614394125	0.382877807711208
-1.79840965860499	0.382877827643389
-1.1406575104342	0.344234513147494
0.94820175004088	0.248479682375772
-0.628164901903538	0.15157555358925
0.157325350109871	0.02936446462458
-1.79839614394125	0.382877807711208
-1.79840965860499	0.382877827643389
-0.359432307228107	0.103134774665835
-3.08216231491203	0.947551973079846
0.945072510336007	0.247668267417156
0.658157600688591	0.206837664845118
-1.52439405688463	0.541142934209623
0.948337549654709	0.248516516252871
0.154509067766894	0.0289541162362231
0.154465593370314	0.0289479903375428
-2.5766529574574	0.657773148602288
-1.79839614394125	0.382877807711208
-1.03998820725116	0.409113309598422
-1.79840965860499	0.382877827643389
-3.0857009920368	0.949295045119167
-2.57963910438406	0.659061212358043
0.161043695584893	0.0402684742968713
-1.79840965860499	0.382877827643389
-1.80123754984197	0.383647112861273
-1.79839614394125	0.382877807711208
-2.5766529574574	0.657773148602288
-2.57669595250488	0.657559862268914
-0.628299579656606	0.151558046801791
1.95786695174359	0.441149378722158
-0.628599509856641	0.151612619227975
-1.79839614394125	0.382877807711208
0.154465593370314	0.0289479903375428
-1.79840965860499	0.382877827643389
1.95731570776637	0.441000340195791
-2.5766529574574	0.657773148602288
0.155067569950451	0.0290355764553768
-0.354809804669678	0.101824397658975
0.16045117802105	0.0401558290866076
-1.79839614394125	0.382877807711208
0.154465593370314	0.0289479903375428
-1.79839614394125	0.382877807711208
0.155067569950451	0.0290355764553768
0.154465593370314	0.0289479903375428
-1.79840965860499	0.382877827643389
0.15144823932183	0.0285426379557898
-1.79839614394125	0.382877807711208
-1.79840965860499	0.382877827643389
-2.5766529574574	0.657773148602288
-1.79839614394125	0.382877807711208
-1.14536534536015	0.34589005605433
-0.628867026021838	0.151670609188118
0.948905461162112	0.248586345985544
-1.79839614394125	0.382877807711208
0.154509067766894	0.0289541162362231
-0.628733247343677	0.151688343674084
-0.628299579656606	0.151558046801791
-2.5766529574574	0.657773148602288
-0.628299579656606	0.151558046801791
-2.57963910438406	0.659061212358043
-1.79839614394125	0.382877807711208
0.15963091503218	0.0399802605532864
0.160221796316651	0.0401166927693931
-1.79840965860499	0.382877827643389
-1.79839614394125	0.382877807711208
-3.08542618523242	0.949198094742557
0.154465593370314	0.0289479903375428
-2.57660997484294	0.657538252319339
-0.743029498323094	0.253754321369633
0.155111385030128	0.0290417527313876
1.02709860167831	0.383182847467804
-1.79839614394125	0.382877807711208
0.155067569950451	0.0290355764553768
-1.79840965860499	0.382877827643389
-2.57660997484294	0.657538252319339
0.155067569950451	0.0290355764553768
-0.63185471444008	0.152466960619287
0.506850875189508	0.178656463900139
0.15963091503218	0.0399802605532864
-1.14088544605048	0.344426431780091
-2.57669595250488	0.657559862268914
-0.628299579656606	0.151558046801791
-2.57660997484294	0.657538252319339
-0.62621301873586	0.15115097520137
-0.542682107954062	0.204015443104983
-2.57660997484294	0.657538252319339
-1.80123754984197	0.383647112861273
-1.79839614394125	0.382877807711208
-1.04221071709325	0.410198911511082
-0.631994988626399	0.152498044571477
0.15144823932183	0.0285426379557898
0.156304884454214	0.0392194704826931
1.44981862951738	0.477799018830262
0.94820175004088	0.248479682375772
2.75520320904554	0.763197913000704
0.154465593370314	0.0289479903375428
0.514780733836532	0.181589698987139
1.45054889854294	0.478121061898946
0.154465593370314	0.0289479903375428
1.44391071628385	0.475549251261387
0.162719274583833	0.0406219991153643
-3.08203048704882	0.947509650360219
0.154509067766894	0.0289541162362231
0.154509067766894	0.0289541162362231
-1.79839614394125	0.382877807711208
-0.35262379016767	0.101278913820777
-2.5766529574574	0.657773148602288
2.75520320904554	0.763197913000704
-1.79840965860499	0.382877827643389
0.154465593370314	0.0289479903375428
-2.57669595250488	0.657559862268914
-2.57669595250488	0.657559862268914
-0.62621301873586	0.15115097520137
-3.08229418357021	0.947231644170671
0.154465593370314	0.0289479903375428
-3.08203048704882	0.947509650360219
2.75580772001712	0.763760469153332
-1.79839614394125	0.382877807711208
-1.79840965860499	0.382877827643389
-1.79839614394125	0.382877807711208
1.95786695174359	0.441149378722158
-1.79839614394125	0.382877807711208
0.154465593370314	0.0289479903375428
-1.79839614394125	0.382877807711208
-1.80123754984197	0.383647112861273
1.95731570776637	0.441000340195791
-2.57669595250488	0.657559862268914
2.75641316563256	0.763778311858285
-0.628733247343677	0.151688343674084
-1.79839614394125	0.382877807711208
-1.52439405688463	0.541142934209623
-1.79840965860499	0.382877827643389
-2.5766529574574	0.657773148602288
-0.62621301873586	0.15115097520137
-2.57963910438406	0.659061212358043
-1.79840965860499	0.382877827643389
-1.79840965860499	0.382877827643389
-1.79840965860499	0.382877827643389
0.948768757521975	0.248549269795159
-1.79840965860499	0.382877827643389
-1.79840965860499	0.382877827643389
-1.79840965860499	0.382877827643389
-1.79840965860499	0.382877827643389
-0.632563406792844	0.152610991116788
-1.79840965860499	0.382877827643389
-1.80123754984197	0.383647112861273
-1.79839614394125	0.382877807711208
-0.628867026021838	0.151670609188118
0.155111385030128	0.0290417527313876
-2.57660997484294	0.657538252319339
-1.79839614394125	0.382877807711208
-1.79840965860499	0.382877827643389
-1.79840965860499	0.382877827643389
-2.57669595250488	0.657559862268914
-1.79839614394125	0.382877807711208
0.154509067766894	0.0289541162362231
-1.14171114622793	0.344693702322242
-2.57660997484294	0.657538252319339
0.154465593370314	0.0289479903375428
-2.57660997484294	0.657538252319339
-1.79839614394125	0.382877807711208
-2.5766529574574	0.657773148602288
-3.08203048704882	0.947509650360219
0.154465593370314	0.0289479903375428
-1.79839614394125	0.382877807711208
0.154509067766894	0.0289541162362231
-1.79840965860499	0.382877827643389
-1.79840965860499	0.382877827643389
-1.79840965860499	0.382877827643389
-1.79840965860499	0.382877827643389
-1.79840965860499	0.382877827643389
-1.79840965860499	0.382877827643389
0.160813493636874	0.0402291855562724
-1.79840965860499	0.382877827643389
0.154509067766894	0.0289541162362231
-1.79839614394125	0.382877807711208
-1.79840965860499	0.382877827643389
-1.79839614394125	0.382877807711208
-1.79839614394125	0.382877807711208
-1.79839614394125	0.382877807711208
-1.52527766014307	0.541726073904961
-2.57660997484294	0.657538252319339
-1.79839614394125	0.382877807711208
-1.14111344283696	0.344497381350969
-2.57669595250488	0.657559862268914
-1.79839614394125	0.382877807711208
1.44922258720914	0.477763268309402
-2.5766529574574	0.657773148602288
-1.79839614394125	0.382877807711208
0.155111385030128	0.0290417527313876
1.95731570776637	0.441000340195791
-2.57963910438406	0.659061212358043
-2.5766529574574	0.657773148602288
-1.79839614394125	0.382877807711208
-1.79840965860499	0.382877827643389
-1.79839614394125	0.382877807711208
-1.79840965860499	0.382877827643389
-1.79840965860499	0.382877827643389
-1.80123754984197	0.383647112861273
-1.79839614394125	0.382877807711208
-1.79840965860499	0.382877827643389
-1.79840965860499	0.382877827643389
-1.79839614394125	0.382877807711208
-2.57669595250488	0.657559862268914
0.154509067766894	0.0289541162362231
-2.57963910438406	0.659061212358043
-2.57669595250488	0.657559862268914
-1.79839614394125	0.382877807711208
-1.80123754984197	0.383647112861273
-1.79839614394125	0.382877807711208
0.154509067766894	0.0289541162362231
-1.79840965860499	0.382877827643389
-1.79839614394125	0.382877807711208
-1.79840965860499	0.382877827643389
-1.79840965860499	0.382877827643389
-1.79840965860499	0.382877827643389
-0.354525819937872	0.101778275735803
-1.79839614394125	0.382877807711208
-1.14088544605048	0.344426431780091
-1.79839614394125	0.382877807711208
-2.57669595250488	0.657559862268914
-1.79840965860499	0.382877827643389
-1.80123754984197	0.383647112861273
-1.79839614394125	0.382877807711208
-1.79839614394125	0.382877807711208
-2.5766529574574	0.657773148602288
-1.79839614394125	0.382877807711208
-1.79839614394125	0.382877807711208
-1.79840965860499	0.382877827643389
0.154465593370314	0.0289479903375428
-1.79840965860499	0.382877827643389
-1.80123754984197	0.383647112861273
-1.79840965860499	0.382877827643389
-1.79840965860499	0.382877827643389
-1.79840965860499	0.382877827643389
-1.79839614394125	0.382877807711208
-1.79840965860499	0.382877827643389
-2.57660997484294	0.657538252319339
-1.79840965860499	0.382877827643389
-1.80123754984197	0.383647112861273
1.95731570776637	0.441000340195791
0.154465593370314	0.0289479903375428
-1.79839614394125	0.382877807711208
-1.79839614394125	0.382877807711208
-1.79840965860499	0.382877827643389
-1.0403348553758	0.409226758738803
-1.79840965860499	0.382877827643389
-2.57669595250488	0.657559862268914
-1.79839614394125	0.382877807711208
-1.79839614394125	0.382877807711208
