x	y
1.5242424744225	2.27929179083108
0.49658828206412	0.314082933259729
0.755175729550201	0.840844263788316
0.589020566551014	0.304394414206738
0.434798132567833	0.438004145308006
4.85583474660967	3.13803628632031
0.762506016354099	0.942807876600052
0.374077768613044	0.165818583952208
0.134652159028374	0.0645965863242581
0.802138012530807	0.329972517070534
0.413881999805707	0.329537157146493
0.674410150483169	0.310435009145187
0.65757421006213	0.206588655278929
0.499967460569337	0.316659412501583
0.49154409815094	0.310320925996665
0.802489056255948	0.330144551890374
1.3085106127817	1.6800483600051
0.345501988639699	0.172603276401922
0.884521847607006	0.469345849814583
1.22917172773277	0.843743975243139
1.54962031180676	0.751616921680699
1.51603593831709	1.29515581519893
0.409173179942972	0.32508357486668
0.772479957142985	0.458149287010929
0.701910308659869	0.897969004616826
0.6703826360512	0.697124435994036
0.915259378490087	0.796679750638842
1.38074133693349	1.06339909449233
-0.167754072609883	0.0600616127897958
0.670479674423801	0.308592907557702
0.852317161882066	0.779655139345894
1.43860739687104	0.881045797732577
0.147553001449138	0.0782154903792
0.792057386315405	0.751933428267757
1.11867723261546	1.00717612023172
0.486545741897117	0.533189727945106
0.0790907055925382	0.0537676488206553
0.184718679086448	0.138089534197833
1.4712635473988	1.47916902508376
1.2960180902482	1.79626060889673
1.38271231950529	1.06749993125417
0.130658069144789	0.0492298941542097
1.44922258720914	0.477763268309402
1.35531087189375	1.25354755836906
0.540069314574021	0.449772994485589
2.06748128632959	2.60122416357244
1.25599478121855	0.680370001576288
0.277589973790103	0.225852063155159
0.075489008171305	0.0512651213075191
-0.5666391743076	0.519723927055502
0.456266258748469	0.434863225132833
0.270457026230896	0.234930157879938
0.0189107902635008	0.0102766648884504
0.324324942972748	0.179395673802605
0.70892287773343	0.718852272006582
1.02274908278428	0.967654642960268
0.4156827278603	0.331247994431018
0.714850839410218	0.812194039470078
1.02231720856839	1.32897383612687
0.0546804427386574	0.0438074763553527
-0.526539408496674	0.640847159793024
-0.294844159068495	0.33160519775149
0.258555797437919	0.267577517819579
0.398339602885204	0.427987616982183
0.30494922039076	0.403166867024682
0.222553982895617	0.287616834909665
0.37640022821431	0.573647398312617
0.586618786181686	0.950889960986077
0.322029187674966	0.425526121565376
0.302999253362189	0.430261673367379
0.289296508094489	0.218505424708342
0.423367107913428	0.321531480916935
0.840879495959857	0.765201147031071
0.83028716780467	0.873318284500794
0.027394545878153	0.0205363507060413
0.0683721671564976	0.0443875060035113
0.732498328606278	0.922790441990758
-0.333828519528635	0.51978596405684
0.452007434173535	0.675778470166043
0.532089775793137	0.70740180636569
0.22091680623542	0.288862336585982
0.103644769061152	0.14336779715302
0.197905102532625	0.254043317457905
0.177450633296823	0.225794897144687
0.444207829635608	0.659485356938288
1.23282184412205	0.847050726361095
-0.328645560075684	0.151861533894441
0.449789436477306	0.325793272649915
0.327064519773102	0.181438520731717
0.500736176237406	0.317625662501089
0.672193441506594	0.309267390421334
-0.574442749432413	0.419927385643933
-0.0570791636704538	0.0635086158718019
-0.902408637772555	1.2214107384549
0.291790125569043	0.220641906958638
0.520935556389496	0.702897722770313
0.27032377214381	0.418319552759744
0.152666908159182	0.256277565416186
0.34061098182285	0.551235100601193
0.218740208922067	0.307409210199642
0.255535155342801	0.406814327134888
0.410931334083526	0.577608219627197
0.593167407159934	0.882057203905689
0.374667869915192	0.166123158223375
0.853819959428913	0.630956633013583
-0.500190774393147	0.263657219570826
0.320880324991585	0.17756020480048
0.752595829893486	0.741365447346151
-0.221016857083242	0.168374789833935
0.285654971963877	0.378828476648783
0.504038509581062	0.541176532429339
1.68185019498507	1.95647606687366
0.899478691815424	1.41403809846432
1.55840517604601	0.757272939237287
1.25810079627233	0.681685805066219
0.220146569010708	0.283742816123451
0.269067468560426	0.341215222893013
0.281150062078083	0.508994618430019
0.125125148693179	0.19986412601017
0.431288588833888	0.722487333380233
0.190672411850016	0.278799942330792
-0.266967539210902	0.318493076085357
0.422469621419737	0.784748850986281
0.466442058212324	0.852826183239551
1.06340582127024	2.21119049093379
0.589296518279218	1.40606917482102
0.380513455515692	0.748313296191529
0.0484779716760255	0.0387132295059732
0.591747754439692	1.06875396977497
0.351371356230708	0.496610770334791
0.51995652597188	0.928538779902149
-0.0527053517948766	0.0583741427491584
1.81633531763119	0.703887329894944
2.88727492780753	1.91292118012785
1.65584361060689	1.56332249189459
1.04890792108437	0.498520048111831
0.345765847216362	0.172959863797128
1.0629489924537	0.643669889062516
-0.172107354750232	0.0616237994837963
1.12043793669869	1.00983337329998
-0.0172175444223601	0.0153868926711145
0.537913438025063	0.447767913284782
1.2557393069652	0.679752543170007
1.43626905160422	0.880299825867672
1.25646566585656	0.681030255429427
0.219533689551233	0.340579139885194
0.409538547487074	0.575303696939392
0.130942890126947	0.193774931465353
0.439580101973036	0.962971285169824
0.142104203546892	0.22152770330076
0.247910333944038	0.455932438424895
0.317624938755004	0.556475326849949
-0.478721437445522	0.82603354336412
0.448879803464586	0.829034577127411
-0.0101327237403175	0.011626090311771
0.149701016997053	0.199649256611627
-0.502882146410217	0.698683455569015
0.510711308714217	0.965710358091829
0.101242978196235	0.135964533214419
0.387908555078261	0.768990568759628
0.390939670190173	0.322341566075366
-0.420655632645937	0.705084082875576
0.553773634109265	1.04911188947596
0.188369708296429	0.214056059077093
0.152999685699465	0.166412348568428
0.787737675199873	1.58822292397834
1.04780700199927	0.497914055094941
0.948905461162112	0.248586345985544
0.658157600688591	0.206837664845118
1.02914563133488	0.3838807966434
0.512948788838409	0.180923723722652
-0.355401168227563	0.102014834884787
1.44003097220614	0.883198990520642
-0.417501424625703	0.238735091137122
0.63623386677694	0.450743770434603
0.648755739459362	1.06841373235072
1.36888631758783	1.99770472120013
0.660638687988492	0.207526442563452
0.24815472238134	0.497690894971158
0.171972435419112	0.283068501219634
-0.272246606199857	0.446401812104723
0.0158837147688257	0.0244547966741977
0.129190434472653	0.242089020708373
0.115252460799061	0.170013322423936
0.0818522215994299	0.124883456450646
0.301098230817933	0.586132934625179
0.509582997674388	1.35230644821906
0.195070848882252	0.343202405763871
0.338387787420043	0.622893106364995
0.617290374210277	1.37864697984347
0.160164221076825	0.264933685636579
0.180289789319441	0.293299015337914
0.0554700275196318	0.0621544995946133
0.382070296842906	0.677538786686962
0.596856433415558	1.57069751572807
0.0408192841855399	0.0578245046403173
0.249408170221	0.272603205161393
1.48575316412369	2.53090255565508
0.723077156984672	0.825418299410872
0.0522554391273323	0.0428705888587075
0.19346848890737	0.28948509778672
0.0611785796944582	0.0689528023325709
0.219081371721144	0.329247851995329
0.269485390636189	0.367527512084417
0.689550684843406	1.45648652804097
0.394153445347781	0.433399744639927
0.15212683666691	0.0382614485850816
0.463308840226781	0.314919484555574
1.31486971476921	0.564331716989034
0.939374543977336	0.634547732866949
-0.415514705996988	0.173267191179231
-0.414515563910564	0.172670310722692
0.380307254840881	0.168957183383726
0.449603035190274	0.325817128530964
-0.220715739260354	0.25462969627454
0.888192374978721	0.907688767482982
4.37683201246191	2.22760460346685
2.72732958338661	1.63752987643286
-0.173898627793226	0.0622737835466209
1.45078261646269	0.478218161496633
0.387603738541672	0.977794663055643
0.151807969163632	0.343381248609311
0.268280921143378	0.520797909454328
0.449525463821646	0.732803372597979
0.431525240597246	1.28527080789071
0.108965247984949	0.195922752504772
0.599594706441422	1.52603874193118
0.090301408873421	0.118883332722306
0.357825994594956	0.669217472090322
-0.225780423334293	0.443646130868064
0.140178795483427	0.207447122078323
0.372537765230699	0.692771296616775
0.333812675840949	0.549974476901167
0.169147392663719	0.278796778086113
0.294478809279809	0.510967655892416
0.524791099731935	1.19408542691088
0.520985555257157	1.19386038794851
0.0383191025923964	0.0355149005117197
0.582390571391354	0.563536433660552
0.891112922929857	1.22549743296072
0.580972731628082	0.740772145111095
-0.248369076179784	0.210434340862364
0.371997895940461	0.432369128135954
-0.158394950875485	0.224805806533086
-0.210554061996023	0.294439135004654
0.276083139352179	0.36291246801102
0.565677815665956	0.936300924079288
0.274822990828141	0.371314048822273
0.477254956809542	0.777707808734007
0.471041446959143	0.734027209474314
0.478355398469177	0.521363390296968
0.687040392793508	0.798165854439633
0.25333027131238	0.266737403425158
0.937285592599917	1.34281835561487
0.648596388673728	0.462513298187474
1.38523583676404	1.06962749811229
-0.121083321791546	0.0481564628616814
0.699496220971152	0.458034872398594
0.511535984561553	0.180463547184556
0.802840016253824	0.330197869326294
0.584578935507783	0.301384393607091
0.771565302365761	0.457133436898611
0.160221796316651	0.0401166927693931
0.146104998379499	0.0428076005853366
0.425842843580689	0.168023318876402
1.2540162666677	0.678629053894652
0.473282252107917	0.438195878462343
0.226946725339763	0.30632139495096
0.74902096465463	1.45858999466124
1.95786695174359	0.441149378722158
-1.05050652459443	0.414019102141552
0.159036592116599	0.0397877345506797
0.160221796316651	0.0401166927693931
0.807190061725387	0.332260777024919
0.312639135659067	0.833036197594136
0.382783007702718	1.10502962630977
0.307483513305949	0.7980603904857
0.538393842086898	1.81867942605085
0.191336496799231	0.352160209527767
-0.110921262490251	0.197014642659857
0.471309727007458	1.241454415957
0.174907825145099	0.271818974084508
0.127873536862772	0.153885297263787
0.218997825791669	0.311548007877063
0.449188367587358	0.709210167528105
0.408041834767568	0.50447682245878
0.581608871303499	1.09428134631228
-0.118114362957916	0.131754820689422
0.755179807645226	1.40923490523573
-0.543646882320096	0.848444218994214
1.1408669684069	2.26835020698096
0.577567094248946	0.885334362346884
0.464459153683587	0.807992831296678
0.24219324209977	0.296678160350681
0.0980399348658226	0.111900270582368
0.420310259921916	0.595473021393318
0.621031726157978	1.30835109012451
0.543920153593603	0.860840970313715
0.693426550850585	1.46984286085467
0.273695660279324	0.3539440227464
1.08210638243103	1.3781034594741
0.193794752603364	0.161163221418752
0.35025650172989	0.33789316100451
0.180701721895078	0.153494144575227
0.193917406756797	0.187889340116399
0.59642938787514	0.819196717941726
0.438253820686143	0.517782753627865
0.520581371729891	0.627946709015723
0.00663943358131805	0.00552210349676935
-0.0996709413086543	0.0911563576188697
0.438062083558107	0.51761103534809
0.144953269970516	0.151634117710371
0.877530496577078	1.30273892497477
0.49021076758327	0.439205674168082
0.176809112575018	0.126631095891253
0.102204229813568	0.0780252971293204
0.491243196764417	0.440372954340683
0.273759660955991	0.230458622077346
0.339114431834018	0.334288590073909
0.919384576209493	1.03497318254243
0.47072938960292	0.525620955705836
0.109299216081116	0.0863296516989003
0.0945135917243741	0.0695861566063951
0.0907385685705968	0.0666987100157656
-0.179823268788123	0.14266696321605
-0.0238304439428327	0.0157674396010027
0.132846793410148	0.123285882360809
0.717376120230952	1.22689002601498
0.437449368024198	0.583559048897968
0.403151799420787	0.434770021748381
0.942402205192841	1.35436242784759
1.95786695174359	0.441149378722158
0.954065302315267	0.943375982993044
0.175407977527213	0.120101683717603
-0.621635585855028	0.297418069232042
0.732015078367239	0.611186499930442
0.417115830237711	1.0304217089352
0.0804233877259833	0.104649191423966
0.288177355794566	0.586792396043159
0.626970761893591	1.63487401384283
0.115221749282003	0.149876166189727
-0.235934183838754	0.255052414464813
1.1232523499824	2.92767507247862
0.775999288842038	1.29167871527525
0.354515419880014	0.332350371155002
0.493481928129555	0.629604221447185
0.193614636856396	0.183483940059384
0.14335115360544	0.147268163143811
0.523831063857333	0.778634059107532
1.53090006901035	2.69921291743834
0.454282586538964	0.529194447118353
1.03987715265264	1.76001960640537
0.19701507745856	0.242859865471723
1.18282574735737	2.79705188608623
0.974685273584357	1.93462705809376
0.560021678404236	0.740870179614687
-0.199283697426189	0.10792414355411
-0.253194607057801	0.1893287631798
-0.289624284982885	0.211785839288522
0.606526134365038	0.567745966235703
-1.00609105657353	0.910088341589617
0.732074854659597	0.611145061647015
0.354029827779304	0.320735196006566
0.0309898254355481	0.0239557616048016
0.57023864446908	0.455465108989344
0.0189211052860078	0.0102591626558572
0.713874109993786	0.810610869517101
0.299870961634424	0.205984379098507
0.260934032634537	0.217821131919847
0.339627670413875	0.325276298578994
0.486740455238837	0.53363373899332
0.530844663081301	0.540509625264955
0.517376072291859	0.541435244976947
0.420231202256656	0.524450461777797
0.512108704197527	0.534549435962202
1.09807825910226	1.5098865711933
-0.680839550064726	0.808728820650701
0.343243780591326	0.339465933397562
-0.690409398985707	0.824621516289484
0.68534010382334	0.795582986062737
-0.389489853728042	0.431387713195214
0.730241736244144	0.918894770702449
0.757983433272097	1.01827566582897
0.51367929133607	0.445000828931745
0.432419600736253	0.435044592379249
0.495044901377622	0.444722017201487
1.02651128578825	0.383050193875148
1.02422162940792	0.382079227006262
0.17999475919052	0.134255134446522
-0.111027420479494	0.0798743251766506
0.447596308235984	0.324053067669263
1.27866791529857	2.14112868681907
0.343729842754222	0.33028270507746
0.468984260925076	0.433118419897499
0.176966052180663	0.310399595210304
0.287288774891132	0.48952693813097
0.106238446888046	0.166567444678107
0.0980054009884414	0.152344907077191
1.2065022372399	3.73370951532246
0.0588867664713365	0.0646662539675718
-0.446361674545193	0.743771019446401
1.40982700700687	2.89217939225969
0.0302938860955791	0.0233934328430143
0.874639178071262	1.29464620693515
-0.156116111861574	0.137764928525144
0.473225760961581	0.609019350944509
0.481481592326128	0.609176883836312
-0.0738057676730285	0.0549929232867626
-0.138103629529611	0.122888720567929
0.856656837241235	1.19754604215466
0.397273343560402	0.561750430995799
0.189953199533905	0.198655161794902
0.62078783422896	1.04224103323102
0.235578494644168	0.291208560199633
0.897743459432428	1.56903164256805
0.525354938420815	0.710547901383366
0.0881340750461374	0.0820998644983239
0.446074709638999	0.322489335785098
-0.536004470538202	0.449242393440046
-0.192948023052385	0.129842981120036
0.699783196724979	0.45859124837399
0.574305196401619	0.459546723765913
0.0584421993562097	0.0360686869776804
1.4375153679801	1.63233873258223
0.904255038084655	0.783081184595545
0.139248581987656	0.0668141785409158
0.785968465422713	0.743665283500098
1.06164967164854	1.23922856078811
0.0408107020537811	0.023739691502741
0.176940447844236	0.121278833117994
0.0185205511076691	0.0100454981851715
0.996385306934256	0.820038369972046
0.355793019372255	0.32293668182542
0.559403674409093	0.653598827071319
0.0952688790354256	0.0724701767003005
0.372755456984156	0.329825230491714
-0.0141686352834205	0.0111596576246328
0.189277386631449	0.197842306989444
-0.353326950539162	0.316038010439893
-0.289598058963247	0.324440437868791
-0.167572857861309	0.131997838977081
0.860025019412561	1.09991423253592
0.44393252462183	0.320747267426286
0.359736961988385	0.315686577534204
0.91422477676195	1.02613089453245
-0.228267913454171	0.149183852104761
0.185377519942029	0.143811483117002
1.28655109983567	2.03835799874698
0.648772765411001	0.589882072414152
0.630475635841976	0.759250715898125
0.130552242332164	0.0558109309954871
1.45138090115721	0.478568850670936
0.267198351565589	0.231592329693855
0.0684623689883923	0.044459858350461
-0.0568472361338998	0.0358695967538374
0.292220891705763	0.210860018038963
1.29537408652694	1.93043385873262
1.43259367612377	1.62241314133649
0.0217434738813894	0.0117961650683283
0.0632201931820782	0.0409992627398577
-0.0222743969850339	0.014750891587506
0.397399425234784	0.328681145408142
0.648607916070189	2.06560084127409
0.288994934064147	0.493155762719075
0.565410339114142	1.51047907521212
0.465854134261398	1.07906315359225
0.398467211890728	0.748606777120603
1.0007754359623	2.34652189497725
0.300362986379694	0.431563476839633
1.2136514980084	2.15574764520099
0.192072829990639	0.185870762139762
0.435165479322136	0.590311959653184
-0.424585314473209	0.404203242373565
0.890437889212442	1.49297415423916
0.263163462029244	0.234669504451548
-0.0796299632732406	0.0488061808319578
0.185030311028859	0.148413505881327
1.28823588981739	1.91327326938617
0.50103260372977	0.537218416179981
0.370229449042898	0.50671928803816
0.816164087574828	1.53716857239651
0.761462281859433	1.18178319232041
0.744354048297516	1.17196379789308
0.632949396702716	0.97840107730853
-0.274058382660081	0.293900083374538
-0.204739755683164	0.209384276177902
-0.397527930462905	0.276388272631669
-0.0322679883015157	0.0209210785637221
0.445294745733121	0.321631044883645
0.987226256085088	0.807913085036823
-0.145634080026676	0.0828819768039325
0.726915561066568	0.605427621104668
0.841119574572342	0.7653600212871
0.466783869957531	0.317919490268496
0.0174257810873633	0.00948521705460734
0.650319746479773	0.591385138701938
1.23883926644735	1.21541614590808
0.702388232304955	0.709598359669221
1.04902771366024	1.11531296471557
0.745430812022443	0.73146829263767
0.739928970448244	1.0896219627232
0.187662193746955	0.184864563717715
0.361302782882828	0.329114926993733
-0.358009875578858	0.321115740130751
0.188385463163067	0.17380758106286
0.755142654353993	0.840915556796726
0.188275773290257	0.20370456566317
-0.01993797690075	0.0156828677989519
0.0149925896080723	0.0127330663087429
0.519220132136697	0.544255647319008
1.38583097151904	1.87995525682871
0.64100882093065	0.580008431251887
-0.253019875921364	0.214934018332137
-0.379813135646134	0.417801889943782
0.632860569608884	0.672218512198004
0.759976512198795	0.938475147937471
0.51245179464898	0.180728048354012
3.26857074944807	1.10417713664958
-0.152036142607842	0.0867082546243023
0.911011893951308	1.14797358608424
0.273672248205772	0.230365623124433
1.02548615153912	0.970454763658051
0.465951317288656	0.446476144053417
0.962623596003435	0.955156936555338
0.786419838865782	0.621801819986515
0.615137770966157	0.467790775541076
0.415290206259566	0.314044610996908
0.409570652379553	0.595037631711606
0.175045466267164	0.257418394801599
0.678363488473386	1.03466544920498
0.258129251952901	0.249005408685354
-0.0778452419824699	0.0723532438375844
-0.467817876157802	0.504295719672026
1.22097916733345	2.28351286716907
0.923087480038285	1.69878972699494
0.341628956260069	0.327769916215295
0.0553411897692077	0.0454644182012203
0.785374327052546	1.20515487898824
0.463099744593498	0.5288475606968
0.291407950192908	0.371036961337601
0.211990105244593	0.275803202345787
-0.00954734022068407	0.0094071726367757
0.814662710761946	1.40617147877057
0.392060813175672	0.570500008006575
-0.0793030679886846	0.0864433298355543
0.340705625882984	0.411187851622287
-0.38763336912274	0.307234521683267
-0.415763703444604	0.237844647731621
0.880736150004461	0.466270264133384
0.322243888536446	0.178402197004645
-0.806407041819449	0.538082045301522
0.325667277127438	0.180271675977909
-0.259695061945643	0.1949236534603
-0.338405626123299	0.205031172433309
0.657866689740957	0.206670742493303
0.426057714386364	0.168088710052056
0.0553157127006794	0.0341314733714914
0.416250801393549	0.331800131980671
1.50114063362466	2.77780012801256
-0.580904792119804	0.426299215498016
0.49490228706408	0.444359363508747
0.53670148120228	0.310385370582239
0.815298069079596	1.15021759503658
0.309961821397898	0.331343145986785
0.124234330989062	0.109690684909128
0.260973307708023	0.239276473218452
0.473813340853422	0.438715638036812
0.562310051688698	0.561302891539659
0.948184433520525	1.16431141226969
0.911217219979833	1.33365582794965
0.0945792373679751	0.0696259169700958
0.0104314518005982	0.00863304917401733
1.23113045472448	1.74902704646742
0.994579737597489	1.41503478894874
1.13536688834467	1.28733205800754
1.11873519551206	1.00813815084085
0.538863591953939	0.449272210419697
0.437511869472987	0.516580054361763
-0.384378683500571	0.33811827534194
0.583413168096457	0.564864162246453
0.269268692975173	0.233533192671539
-0.666916765445482	0.398904601320689
1.95731570776637	0.441000340195791
-0.50299336880142	0.380979589055198
0.825244455370371	1.07619226614718
0.469970041740586	0.433997073657709
0.447526471151292	0.324032950822283
0.635820466219781	0.573594021020057
0.8947867849205	0.917446168905549
0.668837040277862	0.695133638847572
0.286954038069611	0.206510106172155
0.283810175050641	0.223016821153982
0.600764633229113	0.454161418181779
-0.625496408925249	0.563283019379943
0.465181940569443	0.316532071229889
0.612931617631092	0.669096292442328
0.436212983225656	0.89966850451518
0.142031387151028	0.135400189779093
0.537357398714096	1.25737780375702
0.373555959124422	0.424967033589019
0.568997892794888	0.648410091926611
-0.322036224810487	0.314348203150857
1.22342392648514	1.19235750650681
0.738796964808524	1.08725448645821
0.862925417959374	1.55116447755264
0.397166490358916	0.328563583106784
0.182442647619462	0.155122741785106
1.28331400851262	2.02707408824875
0.355283463185871	0.590773364960873
0.319007201030223	0.413542842456368
0.264234700334966	0.23575158597863
1.46818241795723	2.48171080204898
0.740641380554515	1.36719142135123
0.486777327772448	0.800623005118909
0.332317117189905	0.421116720231077
0.302994870399206	0.195825219714775
-0.735795036496609	0.251087692088149
-1.00009459983943	0.494154860168875
0.882351172371629	0.467564315220484
0.134106486547473	0.0643887772329693
-1.05028714627074	0.84938174181366
0.301326016879156	0.207215407507766
0.175523655841275	0.108355246029816
0.533049260866414	0.307578832568962
-1.05255225278892	0.850826842801535
-1.16961558137659	1.46768718036935
0.573706587484492	0.458764753591636
0.192730487097066	0.155261503736202
0.975553277168085	1.06708723462675
0.519446823621765	0.54468742979015
1.01159444590746	1.53200326155382
-0.0620304537989847	0.0470188549647105
0.846301125134462	0.771692544559919
1.23683743800422	1.21268705555697
0.622112419250108	0.848596306610285
0.312244111813398	0.334412632692738
0.10815666915589	0.0900669356370988
0.361692338513997	0.329493330675458
0.982604761435828	1.38848821424547
0.948219339708346	1.36688078263376
0.183122995282097	0.13157447340777
0.0753826711993809	0.0511679612138355
0.428009267595182	0.429632216276449
-0.389311379115321	0.308979981129377
-0.196382110526478	0.170017845283174
-0.00929894452962272	0.00741553539143863
0.173675986176989	0.124148100931192
0.928370883215149	1.25382754027284
-0.419060587192527	0.239862446597504
0.140609521820489	0.0413743325045252
-0.5353119537422	0.535419688889987
0.177875803680868	0.122047963575953
0.940137309218995	1.14877444513488
0.736507440969201	0.719650547639746
0.280342102973424	0.228582351065165
0.836525561882135	0.882640874988421
0.0268514667067883	0.0145110956485835
0.116081463899963	0.0920052668884312
1.29507077852865	1.79394294203131
0.359055615978249	0.326527296927184
0.467242272168436	0.737175888630396
0.828831180527035	2.43287676347415
1.2822935969298	2.15153137660946
0.511632852175289	0.533829770486307
0.3668367495937	0.335181377941145
0.274397914814821	0.231072047878686
-0.0948689924469008	0.0864809486621729
1.19325429202268	2.83894521737962
1.47594180207622	1.48571667714848
0.991714390778551	1.40842426370129
1.31312198000298	2.51320446031898
1.28578398335496	2.15811534979676
0.254367391438604	0.364918851455633
0.356163663228831	0.435264437710785
0.506703012218743	0.621582563088421
0.197985019602535	0.24091524090138
0.566833935964695	0.451400829245522
1.5554260223568	0.75543285370151
0.531184404262923	0.306474567087455
-0.803287714686696	0.535033035802774
0.429859964189334	0.327603219662367
0.61474966509377	0.577807002331407
0.535277489693417	0.308945586949705
0.586238066679516	0.568508844001447
-0.169320011151056	0.0606649453809961
1.04390304170334	0.495341115745227
0.181489600720726	0.135485580640462
0.158046915096696	0.0909453944002034
0.470586409455937	0.32070076153364
0.846415738092714	0.771898035027457
0.273033824974917	0.229752509002293
0.428644877453268	0.326600423087574
0.182549236284222	0.155261984178462
0.124989902530952	0.105162721643652
-0.676347030523229	0.477503774444628
0.323788177100042	0.179294289329595
1.37885530705844	1.06041281202935
1.34472377553879	2.2225978414399
0.294147139445502	0.363173999280947
0.0837787347907265	0.0806032996366136
0.724776508202289	0.909003414290184
0.264449686161146	0.242917440885362
0.519787295285325	0.451634539206558
0.64310460414275	0.582820690044006
0.615130642564489	0.672155520681451
-0.0828758255768186	0.0695712503539178
0.253116691827495	0.260967159013455
0.280745841642802	0.220233417335843
0.402702615860355	0.434170128192462
-0.415450817577452	0.173071801779126
0.133051344213603	0.0441764475660497
0.733331806466628	0.924291276357981
0.483214956300273	0.528498525468965
0.510687028244386	0.532506145481911
-0.0175044344300459	0.0116316799472124
0.480819651200394	0.524949007428007
0.410069644331794	0.419668872197664
0.678989787434222	0.785346631812613
0.0886384787081808	0.0650734003950723
0.774491785214158	1.13271777192179
-0.412806119458387	0.422963943066134
0.510665456803631	0.441718390603007
-0.247317547216296	0.209323994384174
0.253735201655575	0.244015972211431
1.29200904968092	1.92110811306017
0.914719514774631	3.68849913761036
1.10039227939964	2.73305474090364
0.858995295966664	3.03349790729184
0.853418711782479	1.52508977067883
0.36306213093128	0.331016936534882
-0.203386750152069	0.176873706923723
0.64248158313735	0.456968669940563
0.665043012853051	0.945010951871735
0.471302438723532	0.605608934782076
0.755946526861149	0.842375730932204
0.323598345098965	0.324455574512103
0.419958964785314	0.594948534838172
0.348406287609603	0.335650546150998
0.877203445184446	1.01710270027542
0.305464636817422	0.519784940063568
0.680063907511989	1.50284741872228
0.277322716605709	0.445330337265735
0.468244982995489	0.781949046339602
0.645241399846623	0.690460823210187
0.968127184079639	1.28057704475324
0.457832243516744	0.675696603603802
0.42218339564624	0.635445918187405
0.716407366035444	1.64062815957878
0.528488413541435	0.772693271845043
-0.388033143025919	0.307693137772607
0.133482803937954	0.0640661872555165
1.2519505456393	0.677909912628844
0.133759541419869	0.0570900875763627
-0.665919533048588	0.398323947233835
-0.683433427980546	0.483567778402764
1.48866589198832	1.96658207557004
-0.33968598396107	0.242911876615417
0.774443692273241	0.45988068813169
0.672888864603785	0.309645885119075
1.02338435257553	1.33118315011525
-0.109772558305714	0.0789313351342891
0.137251140592937	0.0659045626428235
0.411939261187912	0.327731331853339
-0.0343368835040281	0.026720021574637
0.589333607395911	0.304587039615023
0.731145274068531	0.610533335424293
0.438062083558107	0.51761103534809
0.264169753462861	0.242729554232529
0.645299547162414	0.585318422984244
1.15028061533751	1.31311688888532
-0.0903513095558349	0.0555160770430796
1.22436484414443	1.34398823797343
-0.336745557553407	0.203999899787588
-0.587113683022752	0.431782702300944
1.1180199886594	1.00625969569195
1.52281128694779	1.30345397979199
0.246996358254512	0.258786230537373
0.145657840356214	0.144659711656488
0.186099537550258	0.18681884765176
0.670199171744958	0.956281329368882
0.439534824437798	0.444172773954871
0.0245767003294043	0.018420537520269
-0.117114741095896	0.0965144373781425
0.634784524977803	0.766593467773226
0.387994764205575	0.424832593862036
0.380815361418793	0.414946997902526
-0.00703711065230539	0.0047522559549726
0.47253340455882	0.322643538030499
-0.307711340215127	0.252900996265735
0.328542151503616	0.32167584613475
-0.916154574932382	1.18238609130212
-0.099746615795446	0.0830484983864131
0.575486151313998	0.658329848691169
0.121046924446625	0.106569106164998
0.58565092474121	0.302565370854111
0.948768757521975	0.248549269795159
0.28934396979814	0.218567925679579
-0.167203201806065	0.115684445790372
0.18144161606504	0.130243368612456
0.842571708530666	0.76757353985142
0.295498157029574	0.213690788611943
0.64262207127202	0.686511086312381
0.463490647358261	0.443450849899497
-0.310515912637725	0.25565635565401
-0.71705958343915	0.74321792433323
1.63573033280161	3.10335553057217
-0.296865630132173	0.217930000127755
-0.222917962266996	0.17012967802009
-1.18831612425689	1.22848273468285
-0.316508912877947	0.285628171096762
0.359024277761466	0.314928985879875
1.77276091300429	2.19761367830967
0.947976511950627	0.934923399379371
0.920474698031466	6.56368668876008
0.894085314569245	3.95687373235128
0.762982193900807	5.03622795126682
0.642148383163611	3.33199253685796
0.979856558914496	2.64850978309378
0.941670936551666	3.86772796329888
0.663542102735286	1.10537972507027
1.45175317397877	3.07158397703062
-0.78629103498308	1.02122138149839
0.544570444517274	0.649001240391047
0.652911697088626	1.15433530556828
0.837020583885967	1.59910974777615
1.21994320836372	1.7239017106932
0.685894935925072	0.962857420196148
0.502937471963572	0.825439087909746
0.811894720100512	1.31587763407661
1.35905935401868	2.12057734462218
0.311390828203947	0.333237171579109
0.316369144327273	0.571166482352042
0.550484888198331	1.2905358653485
0.405959994434017	0.750770493408527
0.307719111743517	0.320586244914614
0.0602760937506832	0.0508160831013291
0.345220265135601	0.477354201021906
0.696135767778904	1.55803128785944
0.452909039911133	0.729119387446201
0.116638935239893	0.148436779244793
-0.109094553825453	0.0784272877037016
0.779390904998756	0.614478898531226
0.155379641471061	0.0892497712825907
0.783296490052697	0.618028277082164
0.787622756580548	0.622949538884873
0.148859214068122	0.0716137514796803
0.180540706383668	0.148835709128926
-0.171865576921501	0.135723123078195
0.860267679835999	0.6367232021142
-0.115377526450621	0.0459298576899465
1.40190825548632	2.41328053750776
1.2220415895332	1.84767268953557
1.77534111469738	2.8494875109252
0.00484318580212503	0.00341565731492677
-0.40917855503643	0.476608912952426
0.892934290949053	0.914259376623455
0.623767999717159	0.685055736419549
0.98807623729377	1.3993217266118
0.677985004573545	0.971939403093053
0.0926091133982611	0.068138510898377
0.411399314187974	0.327253887348324
-0.227619609593537	0.21490035771225
0.356644587131854	0.427317798975971
-0.149445996122407	0.0851243162798978
0.783435238281059	0.618472076936444
1.22833798902345	1.61844922401815
-0.882087529805288	0.893462118059031
0.162494057196677	0.093614007253408
-0.0206541071123096	0.0162529694625278
0.130334191368604	0.120718897408157
0.103464529486024	0.117047934556238
-0.321596893973249	0.380844933897304
0.26101149664469	0.239196437288023
-0.0218691963219548	0.0169873376010171
-1.02920178686789	1.44929246826419
0.452272805072663	0.526462150323939
0.4033499350763	0.423026889953557
-0.15883583969333	0.140508425250135
0.847566934834567	1.27575261817121
0.379917909969035	0.424164792549673
0.923466638809731	1.24363873860627
1.09729304772724	1.50802565852591
0.253561694007164	0.249856008592146
0.18270646123375	0.163818646736043
0.191098508554052	0.188717461508046
0.322914531060219	0.340353684430212
0.184645455126312	0.148033411952621
-0.0276046358704526	0.0182690387490366
-0.222366963002879	0.169655744895758
0.321734911545344	0.322146603296272
-0.917432827369658	1.51693108766242
-0.211625618424815	0.21341536067612
0.451814542759437	0.525592527987182
-0.215495466694306	0.201859883334661
0.129451701763363	0.0552996203439574
0.155067569950451	0.0290355764553768
0.182428622856509	0.141276522987767
0.355822070374228	0.333936384590147
-0.132035514205818	0.0930290034905988
0.545048484776222	0.559659700297399
0.88428486608016	0.902179698664014
0.178895433676211	0.122700767059499
0.513575349455832	0.536601949113157
-0.256562615500096	0.192240398055458
-0.134606226616644	0.0949776046676778
-0.223126440529536	0.191437683825063
-0.0119619673352836	0.00803527978177686
-0.353824755737902	0.287078846869202
0.291505423575305	0.220460073138358
0.176341791113844	0.12090088195377
1.14135013336218	1.29742307483537
0.440806405781591	0.431360375509257
0.312838648151596	0.203074269401704
0.53216735439377	0.306813278966836
1.12687562443164	1.15213612559657
0.323177962183437	0.196344650091383
0.531174056748171	0.305985288511311
0.552204359255082	2.39207807182789
0.755697081447303	4.50317435905995
0.983143106054248	4.25304202773096
0.872588003081998	5.8175111620872
0.759937517037374	3.84448672843086
0.647558885022492	2.28500447322603
1.20527407433951	3.27673520630917
0.660780650911448	2.02088755330052
1.08766406290128	2.60531224797433
0.43735759988551	0.426762583649961
0.558900394411347	0.720705898016607
0.180606162820024	0.139755085678984
0.346889145159115	0.502939606203938
0.241875566833589	0.327049604163613
-0.227601258728393	0.174083547317964
0.782752300094546	1.11700523656377
1.02490796070979	1.99547475910481
-0.36135684907999	0.352056843963909
1.06843540316414	1.69229688912647
0.518865150448825	0.543870190326545
0.778370617427039	1.90670300585924
0.330758621381344	0.342032110779066
-0.205790263121532	0.195619743099121
0.59409089594811	0.903247621987226
0.254509888617159	0.37416621012415
0.360058055037155	0.563708519398929
0.277534818406487	0.354693839771354
1.22842053867575	1.03267238778768
1.0192751562055	0.379836783778508
-0.413587829843939	0.236060310736047
-0.622602514066325	0.297951287862419
-0.42040620269018	0.17539442166673
-0.505272403379046	0.266602224671587
0.402119405872178	0.333396597486851
1.43944836001319	0.882592924139301
0.139122954581597	0.0667402027717289
-0.338812738872707	0.205328320249591
0.0203919609832166	0.0110709836271409
1.31759738699587	1.54434622200896
-0.110849342077721	0.079772706978275
0.176797076399923	0.131600221032803
0.388262502502714	0.31950988679152
-0.441039494816111	0.342567780684982
0.442542519733863	0.319589809282594
0.329953508698583	0.341143026224361
0.316772421578253	0.332410208275334
1.11614472891642	1.74439412417036
0.168775564189369	0.129626904681167
-0.222877242173325	0.170008078342643
0.350231791196482	0.327403780334111
0.491493197984347	0.440638974468016
0.0403273236132725	0.0235115313456881
-0.147294830489	0.0838330772369667
-0.805891478973771	0.536961305760892
-0.201753425700073	0.109355928913808
0.779467141858318	0.614796855243444
0.187854022924308	0.164693983479258
0.66985490605979	0.696651416561793
-0.418582111866439	0.507509074349827
0.267319250813227	0.239054693728556
0.530286259235041	0.539971068921361
0.187326722165397	0.15047482051422
0.440220150676311	0.430537508952352
-0.353318577473112	0.286891934308546
0.646093778723244	0.691306898721757
-0.786017490632766	0.742198959125249
0.700354116167493	0.706886836011439
0.49299578730914	0.442462691818697
0.590305014214647	0.659030040524756
0.616891450182438	0.674916744186289
0.40301292982313	0.434395226071711
0.879156526797546	1.01941675654413
-0.232929176610989	0.152551433469928
-0.159493093836824	0.109957705300612
0.18304799889804	0.151271041524479
-0.258521506088931	0.237676927279485
0.597213679466971	0.669271445043076
1.22718843761119	1.74059795067539
-0.352915395102444	0.101358152963712
-3.08556356757563	0.949512459473102
-1.05588319408742	0.855848686777652
-0.462858849634582	0.309856561410318
0.571004193404345	0.456089035461978
-0.034743021385783	0.0225148968490786
1.02486040115287	0.970703481700463
0.306247000832094	0.211006386027994
0.951894884109935	0.940180077856084
0.344767778795545	0.172375900803948
0.587477639043838	0.30335432802977
1.11102388119878	0.997246383744397
-0.795353184582983	0.688001657978121
-0.1164859189435	0.0691557451053515
-0.011454398862759	0.00576748653318491
-1.09801716591818	1.06356265211487
1.22309530351869	1.02608636829233
1.57511592646523	1.70286892579049
0.473332566247705	0.438102516081489
0.785529009928602	0.621222272633821
0.32021423304438	0.177229620378756
0.155378653320753	0.0893221696929683
0.303322077342261	0.23064814349646
-0.116420756707114	0.046298768256123
-0.0763127549371531	0.0335886930934556
1.03110624264334	0.384555133895448
0.42217472484669	0.16651690753331
0.667240028590948	0.306612269695255
0.880412908398583	0.466769991773935
0.547439523631141	2.84773899195132
0.891798700327086	7.44036657257999
1.44489289999162	11.5290232673905
0.677953761532665	3.9086105477637
1.01236741611927	7.28109997768644
0.219565207800629	0.492338474688654
0.736339865064572	2.08354214889134
1.46794300215817	9.26115670435425
1.07820860114308	2.76785679720283
0.351176867988989	0.488588499059846
0.0765258924293791	0.0680683189938349
0.949457475121744	1.73083136909682
0.864622376899458	2.00380654792381
0.905776331380458	2.37146584385631
0.473323713827601	0.529523076954125
0.712675047285821	0.989605957245903
1.34928668932434	3.77534440367021
0.555228037708978	0.794277106107809
0.640326926682773	0.683309505695101
0.784588997777861	1.35803099189402
0.86072928689639	2.12062638463492
0.497664784209499	1.01724591775809
0.640833405746432	1.40174567575085
0.501792303243782	0.985985353197633
0.459472923863238	0.80687798428167
-0.413459337435296	0.423780054928921
0.613426438968231	0.831908162919712
0.136251320083667	0.129353287993593
0.198500840390221	0.264725049062515
0.594096123458725	1.09403732021889
-0.172168631969035	0.201429286925296
-0.104074759544037	0.0615655162655196
-0.0083672052392423	0.00428236046684319
-1.51262029806075	0.762329863284607
-0.281154595135875	0.177725607138003
1.5348291249965	1.86113742474293
0.0322639996805199	0.0188604129345369
0.516637519956937	0.448332307225279
0.387119773911581	0.318367177905645
-0.325606788605036	0.150305368250002
0.774388741778621	0.460394863110581
1.03671006030969	1.44549601454533
0.430504866873738	0.432579123892786
1.14776462856024	1.42697236926934
-0.308322296648505	0.253549066298193
0.100313180543786	0.0788007119072882
-0.788448902590515	0.679899077901164
0.0825068235499871	0.0583063159187984
0.658912941095217	0.871921030658117
0.00298603778342932	0.00237953279355594
0.28809034171608	0.347558607916456
0.328856906308712	0.348132776931401
-0.69858363499854	0.616901488897968
0.0286429504304652	0.0249638131066152
0.519556894798311	0.544661202959535
0.300671177499007	0.194233673265055
0.038510711675864	0.0224241813748055
0.682652934089476	0.595822824799993
1.23506325771676	1.49987839534666
-0.792136788223761	0.750769093064765
0.256539392762938	0.253230115319366
0.18485623733671	0.170117526738861
0.295614492423959	0.346293240062212
0.183271166108576	0.151444190092242
-0.172640117236991	0.150712439238768
0.540613081256263	0.553802426997974
0.256983018364604	0.241443309435678
0.0475269745887701	0.0293077753246256
0.442922631342724	0.319823035346947
0.319593906415559	0.193691991508389
-0.729357912381219	0.760852968331649
0.263230584937975	0.241608828962358
0.158271553132288	0.0909192533691064
0.387764444067712	0.332731164713084
0.188924228671959	0.161317304321431
0.126998272637309	0.112371512542088
0.681563903932684	0.713011499436419
0.741688889716463	0.72703409755351
0.611472893902313	0.573972800520099
-0.027123576670467	0.0179483193063016
-0.0262331901172711	0.020368863679865
0.0643107631566741	0.0566862586433712
-0.320022561273274	0.359897027200573
0.519844273204518	0.545276083430401
0.427726139064257	0.168841338822495
0.657864503304789	0.206616146564203
0.174617004371366	0.107774306844964
0.728846255208751	0.607529180025642
-0.137239748376037	0.0969499959269339
-0.511906999581867	0.476107638365256
-0.796929290130227	0.690482490289917
0.173669682719385	0.113346437804072
0.852437060329291	0.77979683300059
0.29966753443159	0.217132521949653
0.42073763505606	0.319221372032672
0.468656804320692	0.31900506270522
0.83809653795689	0.761709026598713
0.781347977221074	0.616709733440093
-0.115005122111939	0.068260893427889
0.471623845019025	0.321822379804452
0.293934242190864	0.212357306906073
0.681961205840006	0.594282888314184
0.927577975885263	1.25232075126079
0.177177469526063	0.131969973275375
0.374667869915192	0.166123158223375
1.09650316649149	0.832412294341643
-0.229506921319742	0.150032467059076
0.166573676799528	0.0960512612782606
-0.603668058388532	0.494969587670117
-0.413930656084626	0.236542105705714
0.333097527988773	0.185156473215135
1.23637372125666	0.851519206606076
0.320260030295717	1.26437975990089
0.696597635430368	4.44922701871236
1.2859590043997	14.2500640011011
1.05434599075226	6.95271909320118
1.12472290291289	10.6820187536083
0.752628148659091	4.37999623173201
0.225817554610582	0.524165532873259
1.43144572791326	5.75372652487991
1.50352085292717	9.33787879028094
1.18692768997258	3.34565011401874
0.949810136898813	1.96233936244582
1.07086418220868	2.23958691333792
0.0739906831121357	0.06698165441883
0.601811385826199	1.25706648122035
0.659105211468332	1.40075504620572
1.16886179830178	1.9042055483023
0.541014046418884	0.723764723060818
0.791698911570744	1.81796149507627
0.679172303661637	1.03691586061842
0.401028357183215	0.431738818350715
0.925255174243139	1.6015208091546
0.760115085613737	2.01779311927012
0.249897404598752	0.395430818014281
0.839132981049884	2.10083216274451
0.7060186229598	1.48726918473966
0.603708423899413	1.10213933491656
-0.116112538373117	0.114725819542874
-0.0307082375262349	0.0270265482973836
0.232680803489108	0.264748350754541
0.652966904190876	1.15513307029409
0.655089480657268	1.33756905029939
1.24229566388372	2.78691831619177
0.0932257995629709	0.0685947800592914
-1.27309842110898	1.39782004125468
0.127311248921534	0.048008323829539
0.0124523160463027	0.00683656836903556
0.905342016233175	0.784363658895202
0.4023447778136	0.318396673725908
0.953817431119959	1.17461500583189
1.23238172593366	1.49642088716363
-0.809521962461381	0.540429005655508
0.0118985774404614	0.00656158673999013
0.78867180004804	0.952044649157193
0.838812815793722	0.886247967857387
1.00184237723771	1.43036414224607
0.295418759333947	0.213395391744098
-0.105999725373632	0.0760765153604641
-0.661379974362398	0.736371764115605
1.28052028009122	2.14588137561975
0.135905934637994	0.133942224627096
-0.847233195657592	1.15496616342288
0.643325640165242	0.924637551472822
0.185167777128314	0.157738587678928
0.180384271516717	0.134580574247244
-0.324387103751723	0.294199211979381
-0.325069644253968	0.318055675247414
0.392863312939629	0.324298706086586
1.06979681565189	1.2535587641483
0.913671822854756	0.794434451670899
0.92882119056493	1.05052463637698
-0.479154122898771	0.409600560163088
0.270174315218487	0.242010773332289
-0.205039940867504	0.209715453517351
0.309310722958471	0.337995159861148
1.04156051533898	1.45649071906002
-0.276181395487532	0.230637829955353
-0.129258944141793	0.104821696259889
0.54415319820558	0.454754606670292
-0.0334911360724598	0.0217113537699946
-0.0677028588434593	0.0428140107596098
-0.393282140104722	0.272820200484579
0.111579884709115	0.0882190562777513
0.0487288476597902	0.0300521055007705
0.0532745471488409	0.0328618325493209
1.11450951332224	1.00161919295366
0.172288923191495	0.112279602040245
0.441519993876458	0.318681431566884
-0.0422974896550091	0.0273939493375858
0.611616658181745	0.574280948174264
0.474207943958145	0.439173920280695
0.0188439308931419	0.0136490554922604
0.176886767933379	0.136569700044681
0.183547071668854	0.151708407243237
0.37114560243703	0.327985401381995
0.278783198127439	0.218401104120341
0.342561070894808	0.328666147134786
0.189666845068619	0.166592865602056
0.338452316526375	0.333540689683335
0.270688975692216	0.249727361423358
0.169815941740207	0.110590578848328
0.807879873143069	0.332714052130745
2.75807933893485	0.764710363024488
1.35896800059887	1.26072077976989
0.884107757926487	0.468945532977705
-0.120813852462324	0.0480500438896859
0.950324657163079	0.938482559131787
-0.110849342077721	0.079772706978275
0.29108495566932	0.210001813726547
-0.555750218352781	0.355562423240942
0.609961787031616	0.572149025592038
0.163591733434998	0.094231525383133
0.134421427308654	0.0506266348115601
-0.685799721395384	0.546493921115543
-0.584439251444432	0.429241271492833
-1.10389291193468	0.759831365802074
1.0736157347121	0.652691144842278
0.170573730182515	0.105108373067603
-1.10230997854116	1.31728354498037
-0.589147449839325	0.583845774139923
0.133996449912583	0.0642672858724856
-0.059034487007021	0.0372557810021018
0.699495221090948	0.458324940297203
0.308953335586663	0.200134689264881
0.43478025716152	0.331953456429392
0.33481874574283	0.186323931191658
0.548758408966535	3.1647107515037
0.915761908316031	7.96516101115509
1.2342532232542	12.8794851337008
1.03034492367275	6.6841933934825
1.26801852421274	11.4554902754873
1.00494820120364	6.71223105285407
0.917473398705169	4.71820348664868
1.08247191575588	4.15759335921497
1.17419301265943	6.61418329412298
0.587221274480862	1.22839346170225
0.699533787084166	1.73699548908674
1.14156833015597	3.41589779400426
1.20441272833834	3.08979471361296
1.44012772199925	4.47107060897897
0.845025179129966	2.21647195557694
0.346207775310968	0.427674376244762
0.0594593408209195	0.0668729842455902
1.37045088746392	3.64481746325811
1.31317315209541	3.22644525292811
0.492181607014806	0.678179885552085
-0.0381757370537969	0.036805898554683
0.512195472182316	0.969897109076109
0.104355642377349	0.134063517572818
0.273886590383487	0.403706971358742
0.648215403143514	1.36514034517337
0.0694015594390079	0.0833209289457322
0.729228167826765	1.1644248366764
0.89661056296904	1.40614547787725
0.551645498596618	0.787112301019906
0.638747153563867	1.18799832110211
0.239299113602214	0.269048787323256
0.12894623470871	0.12170446040997
0.0371844713447354	0.027934713751061
0.948327741746631	1.16449672919882
-0.194118371214731	0.15068853675862
1.49786127305583	1.98708198765915
0.178442353455734	0.133007795744588
0.282530884680226	0.230587673762465
0.456820916921732	0.43551608217311
-0.67751578773445	0.478474486497781
0.395235987472553	0.326444060317532
-0.0584659229578303	0.0369118891922032
0.544460895839393	0.648689511799057
0.883423426806495	1.20898578861438
0.537671778001101	0.638073983814738
0.788494987065438	0.853512667481105
0.376715254047943	0.419535596638833
-0.478055798126918	0.408199846735036
0.489918723456434	0.4388760068344
-0.383740760396634	0.42337007937644
-0.090548732296672	0.0749179081293128
-0.506257318721568	0.584426443123928
0.351526389534028	0.328930174361672
-0.0943129398001181	0.078253034826448
-0.277580432101189	0.276003383392985
-0.0949656377946736	0.0697241558512337
0.177485719107157	0.127148431487205
-0.73303763649128	0.955067613264091
0.274815648674943	0.223359357404803
0.88374405119732	0.901221236309348
-0.278552613795373	0.232991516044295
1.11000530096129	1.73029633986877
0.460571265452199	0.612763666870467
-0.285086211112866	0.259632590052735
-1.13398596198111	1.26250303067221
-0.395496061364806	0.274425054071621
0.313495199497496	0.203703696555008
-0.70548651993078	0.624957079828995
-0.794056678298057	0.686533674634877
-0.294857124437289	0.216213277304197
0.608423923542105	0.461671433934826
0.309114064052593	0.213277185616122
-0.108650260934348	0.0643528391969618
1.51957863305524	1.29856217475002
0.533049260866414	0.307578832568962
1.23336401050625	0.848256845495636
0.3157765461448	0.191220059340036
0.166259103868364	0.102325972705257
0.186631211002787	0.14983961555296
0.984173522256905	1.08151805876326
0.36461875744689	0.332812211706833
-0.674179346255612	0.756739382728138
1.02541228565548	0.971554315798386
0.270641679298389	0.256636284927057
1.45724778572896	2.60924555773044
0.1901238668791	0.171365349220074
-0.218451080409235	0.186799150286968
-0.292020502277204	0.267141160325928
-0.234357582586722	0.217230967845364
0.16387223242765	0.100714715936118
0.156896734628332	0.0393320207188234
0.157325350109871	0.02936446462458
-1.11083508235659	0.766259514228615
-0.117391426362144	0.0466831384071538
0.316383219661311	0.191745222307726
-0.0101582958564142	0.00516601867785148
-0.0422204636751992	0.0201332558354577
-0.117902708700115	0.0469250276685034
-0.808842157573192	0.539954373210235
-0.462262364226448	0.309195203128429
0.348150931119913	0.174106617578502
0.136589296650132	0.0654816461969539
1.23186467620502	1.20591769159058
0.447485967782315	0.323958760387506
0.532199161314761	0.307142642843069
-0.329768397676277	0.152271155223032
-0.622280141343316	0.297793777237155
-0.338537743994471	0.20513593023568
-0.803150297540011	0.622141394583663
0.143579339306872	0.0690718251495306
0.522255558624768	0.454479918706051
-0.0581516761447745	0.0367112827030941
-1.28987414219865	1.60215224848953
-0.511069463628254	0.388646031987638
0.050922898932116	0.031402178491101
0.305602832525443	0.21048347446879
0.652403732021342	4.86292688705721
1.16491748697973	11.5601690125413
1.40145189972941	15.4266515237945
0.769407837248477	4.47569163352815
1.11620294404797	7.72758741902434
1.19719289642339	6.51657947887947
0.972716146735073	5.20799511943199
0.806665521248104	3.14510666237485
0.988952610725188	4.09405981228742
0.701357384423988	1.99030553760875
0.596941070922909	1.43559487997354
0.228750192588176	0.400422393385432
1.05239059135205	2.89926456078385
1.02807887980277	3.27988592502271
0.9057110498839	2.70464483249361
0.99001971684527	2.41495233159077
0.240588388777339	0.360752859394811
0.746238716378163	1.47684196193481
1.22384526472014	3.26653756797023
-0.38520125792074	0.521499782772632
-0.423235422630414	0.720923018498586
0.499918896886161	0.75698975673986
0.119421303683771	0.139052734868191
0.589290402060281	0.825267641021988
-0.0147838626749161	0.0129784743983212
0.235687019318136	0.329155158086829
0.00553479476363137	0.00529227998577039
-0.458208089491675	0.559520071019183
0.951652530236344	1.56170753907245
0.699866666056836	1.05768517129041
0.105870857164553	0.0834550064187524
0.184347335705978	0.17731615454652
0.195223949570749	0.201200712148271
-0.0164525101820667	0.0129517640537442
-0.195835771793257	0.152118149277897
-0.315180301886623	0.284082984227629
0.375861237314193	0.320414047792365
1.23139546591548	1.3553697024225
0.0300369457956494	0.0225187234216315
0.242934166954992	0.237357586779342
-0.0362438869245426	0.0282270458971804
-0.0222891392022787	0.017536721432392
0.45226314024347	0.429427551966707
0.0876391048447853	0.0643246689093238
-0.133150585242268	0.118033888730442
0.265669778277167	0.270309933027779
0.173845804924304	0.119067155378773
-0.140237288359398	0.125029875174465
0.519306670563509	0.625881621023761
-0.342810434170189	0.276788042807519
0.576853738154489	0.66044470740425
0.976813730933964	1.0693153656036
0.534986025193263	0.546338034772131
0.252473259472836	0.242583449538996
0.278648749857177	0.226950309394023
-0.604991369047704	0.764402691380803
-0.240693284085225	0.224212370581899
0.785234021815846	1.12255278833994
-0.0882581490340719	0.0743442799087838
-0.928987633681075	1.13537697774123
0.309279445497355	0.330344699810758
0.0720440683844052	0.0651187585064849
-0.244884336011056	0.243091058626697
0.0539604999898434	0.0332931064358438
0.166616645821032	0.108373476970872
-1.04676289870004	0.844943476135607
0.60576374931811	0.458511367011405
0.591733204979009	0.306348645646478
0.854498092379111	0.630641097419561
0.13344715681091	0.0569633928380752
-0.41444726231294	0.236617733228822
-0.506268183438636	0.384026332794159
-0.801707680455701	0.437072709077624
0.31097227047734	0.201906092991479
-1.23302937865151	0.936970214923751
-0.807093796072415	0.538975995390956
0.160178631251383	0.0983233033108725
0.133895714035034	0.0572071672221465
0.424990026298365	0.323113633455412
1.47817572598933	1.49074536498425
0.133791145013573	0.124239873430065
0.108292363662761	0.0854897046628229
-0.347917151817969	0.281565368423284
0.619550213523922	0.584059164322045
0.562762104381976	0.561744372217836
0.0992070476525984	0.0949921583832292
-0.234207430599038	0.217151657153149
0.986981550595418	0.807824304364247
0.749778315607861	0.832790281371165
-0.417185837138126	0.488795560450492
-0.632454703577716	0.303729166097737
-2.5766529574574	0.657773148602288
0.154465593370314	0.0289479903375428
-0.167754072609883	0.0600616127897958
-1.03964164372292	0.408955449510983
-0.747395384530406	0.255291285535185
0.584721568959474	0.301932808374594
-0.808842157573192	0.539954373210235
-0.624501462907049	0.298906969740345
-0.11854795863833	0.0471817731309927
-0.507188305421916	0.267753560501838
-0.554691832582504	0.35417728294827
0.653826927429073	0.205337088996143
1.54849725422999	0.750967982437123
0.492681719244326	0.310885698791291
0.345765847216362	0.172959863797128
0.136783211883223	0.0584476890490708
1.04413088328048	0.495761798173922
0.531753637841179	0.306459777687393
0.153838834320537	0.0816283009217505
-1.69368543283268	0.954207038668379
-0.788395480319902	0.341804995882944
0.12930493023011	0.048733360779268
-1.00395217666584	0.496433034650267
0.16045117802105	0.0401558290866076
0.428285671446016	0.169094775343879
-0.149418482452694	0.0851366057617184
1.0192751562055	0.379836783778508
0.878655708863766	0.465209858663791
-1.11295543090623	0.768586580129456
-0.320961550545361	0.361049365273421
0.387031158097632	0.434201890679388
0.263205661991756	0.234689637142889
0.587244474086344	4.41689106781392
1.12680792068331	11.7565063096114
1.30533291981679	14.5069789263939
1.20596176624168	10.4058994149416
1.13791801622828	8.80670401830321
0.939973435066855	5.36636945100838
0.978939765654612	5.90810390264821
0.558556857334774	1.75241695321333
1.26409483176569	7.31609928346221
0.476113014176655	1.0717933881925
0.699946786967327	2.05881576091598
0.333054129186098	0.673526236609694
0.191476679637194	0.268538033410075
0.679816691396921	1.80597471188678
0.820134783818466	2.42153064221389
1.15554494178713	3.09202970770806
0.693412282379931	1.5812513675446
1.2359866420288	3.25443963910891
0.332664405246169	0.428997434746564
0.426477838585798	0.665104176083464
0.534668888205974	0.95922469332627
0.558386047258132	1.04632912182996
0.524011432514498	0.88202094683163
0.381240721088641	0.425970366402066
0.22895177754954	0.2684911130051
-0.264739424623006	0.320442232068398
-0.0634878186001744	0.0609004087679152
0.00344133409518444	0.00301266728179755
0.702605916931944	1.19000963113772
0.497636908413529	0.622137452732584
0.575168361723155	0.749791191861728
0.6800676799035	1.09736617814842
1.31574098132445	2.63939331227229
0.550833663579765	0.724004509402805
1.1062147172819	1.62549199381941
0.849463714266857	1.18276188151779
0.0000405861446621345	0.0000482624444939603
0.909410089161419	1.14506728054389
0.108214513374514	0.0853990759669077
-0.607262862508924	0.644765781520298
0.375721328902519	0.320140233984926
0.190398464819431	0.15314851084414
0.347705735350968	0.324588912770728
0.191831303863147	0.164122154332311
0.0691839390868271	0.0599110545173726
-0.265698700914335	0.245499306378357
-1.60027578232849	2.46075032407574
-0.538436655726206	0.616639775866118
1.05092767780749	1.56384312723771
-1.13769747169776	1.73773210607356
0.183083911999149	0.164222286227758
0.352724855789687	0.330320217458809
-0.281788157214967	0.236104609802735
0.00561745681741208	0.00394132235238713
-0.0169612190570872	0.0151642300321861
-0.515281055955698	0.555303894375025
0.431434404733309	0.50698486616513
0.263233191218016	0.234665473703043
0.517102595263852	0.54142853602652
0.616514769860046	0.837690401078441
0.112876091377486	0.0943166385391283
-0.409391222364692	0.476907829075647
-0.181311513326891	0.1884777939181
0.605494345643426	0.566344852072422
0.846716253303153	0.772785814066059
-0.554513070525121	0.354483927736834
-0.196853130104798	0.10657383469562
1.07167574056416	0.651048538426734
0.585963612037222	0.302734251511687
0.326369190285787	0.181100701446175
-0.390919208730412	0.270871962115511
1.43291085908757	0.876779804839377
0.138778574646663	0.0665428652091752
0.584156739920588	0.301756920568403
0.170156693794159	0.110887566672202
-0.416831719536345	0.173741892138878
-1.35293991598849	1.1254405550869
0.131587631973577	0.0561520158479122
-0.81302425153498	0.445211936996355
0.938070909668424	0.633264441519738
-0.000392046583848801	0.000355919615808443
0.847136681778548	0.773570156813792
-0.22017287497141	0.188540660453692
-1.27866519292089	1.40665202448635
-0.107301634109835	0.0969374476403338
-0.620318594840398	0.556689935216117
-1.10659733351928	1.5487674829298
-0.395008417536509	0.349658514616476
0.417216309755528	0.508324308702811
0.0172893922114915	0.00941064854355427
0.94820175004088	0.248479682375772
0.803269824230379	0.33049399469318
0.36847538061688	0.163264871053341
-0.117929588660045	0.0468818487534914
-0.165306041400927	0.0592208118770727
0.658157600688591	0.206837664845118
-0.81108055435304	0.542093594231607
0.425512906559786	0.167915922981524
0.696257169107199	0.456221972728744
0.783438118718423	0.619154563705517
-0.801708543085986	0.437172294338983
1.06434630024958	0.644020115372913
0.732727415700837	0.612477355944266
-0.558584299528079	0.357587026114598
0.993786944484025	0.816309008996739
1.31287315161109	0.562379483306917
0.130526761133968	0.0556734084382512
1.13399430942138	1.16319917794547
0.42217472484669	0.16651690753331
0.643853872108734	0.458294993443113
1.47019836617354	1.47572675952901
0.49154409815094	0.310320925996665
-0.0363881299996552	0.0174325120599006
1.60646496195218	1.11247426683013
-0.540136497897179	0.20308713328324
-0.413587829843939	0.236060310736047
-1.29248311709606	0.576064314032627
1.24982936095721	0.675907127726155
0.674333859734918	0.310512339568963
0.138093778788746	0.0663727726269376
-1.50954858063363	0.759406995999744
0.422943696836606	0.166784628626567
0.0189107902635008	0.0102766648884504
0.570014350933482	0.80639627934849
0.770704402157274	8.0871017236536
1.30469365233444	16.2327606248599
1.39030689456111	15.0443719836315
1.13774797028884	11.5334272152027
1.15739528767823	7.92728336823886
0.594389528256273	1.79850547358766
0.795009829287302	4.17347168569462
0.918443240858245	5.04540190810269
0.587942884467354	1.86807311835454
0.578524906769625	1.60783556961678
0.402875297484855	1.03054543402394
-0.0336460213126099	0.0493009215483827
0.79863548240196	2.45265973834374
0.397356031819208	0.779021850934194
0.931298089112506	2.64830843119708
0.352749122162609	0.662946110200973
0.347851414031266	0.588241146469033
1.23410349679225	3.3408625479202
0.4970828029309	0.850097063790402
0.569111357101373	1.31087096524557
0.162940243067154	0.229316491506695
0.0250332040761262	0.0246646349448389
0.0559599909258041	0.0470725026338657
0.469137226681859	0.523350530969504
0.0296288751686474	0.0263572869755117
0.659033062423814	1.27620344145225
0.48193371491642	0.744521252228768
0.681213166363163	1.18405373248712
-0.595215509017794	0.928624378148335
0.61978855807077	0.843880809081961
0.0158531225045372	0.0109985164797656
0.658682257544557	0.871626746665886
0.601350115303908	0.966844751843766
-0.067111445815022	0.0627874075665384
0.558848829587985	0.801774422666376
-0.0688846176095412	0.064544011103302
0.291505059440213	0.340355136720946
-0.363575082623124	0.404729291405465
-0.898954241144133	1.21456513720766
0.82777582149507	1.08080650730852
1.2108731391448	2.45206668174552
0.298547827676347	0.32334981581214
-0.33583424680654	0.374412897629882
-0.304619001984251	0.30151659705485
0.178421485068003	0.170839364887291
-0.53383306773072	0.609559496495798
0.357824439461017	0.325190935079032
-0.558018892651896	0.771582134845672
-0.518971555583191	0.62885663377609
-0.00946598899043604	0.00752441189114692
0.0534402284666656	0.0438635193859743
0.0899933216650349	0.0661342203156108
-0.199872539432924	0.189207937328898
-0.0696899565955589	0.065333641195089
-0.531883944972434	0.715760757065198
0.257685168105041	0.248557145908057
-0.696860016069538	1.16404147601645
-0.0426387210286171	0.0407619767162878
0.0701785826574201	0.0740857312995623
0.247446346161186	0.259273493430262
-0.327048526725553	0.362048310681836
-1.14624078932577	2.08019958343652
0.187770874720056	0.202921423916031
0.0643962623336846	0.0417331733357023
-1.35477727431496	1.12882697951147
0.585815008724928	0.302733247258187
1.0472501359547	0.497556503187299
0.534393980108308	0.308382235318699
2.25637728653486	1.72509742037279
0.146332921310034	0.0429416898033695
-0.808855699274527	0.442576787628786
-2.09374947900653	0.946588314074809
1.31565227991103	0.564944763794614
0.128338588542606	0.0483629401375905
-1.29503373562381	0.577267948395295
-1.04313192494267	0.410517747694466
-0.619474309834696	0.296241565456288
0.702746827846861	0.461211439775158
0.586737050126836	0.303409621416754
1.09236332801533	0.827203100696375
0.480684936593083	0.524731456977835
0.186703927549854	0.154634163327489
0.148965435995379	0.153744982467165
0.18251214629426	0.136346143680891
0.149206541018768	0.0791354148356374
-0.800096874422047	0.618883194847088
-0.348897116419775	0.434427345082149
0.124822735555812	0.0470818361400661
-0.359141638818634	0.103112871302961
-0.796622843370816	0.346185785919449
-2.30100347000821	1.14813064628252
0.129007902031019	0.0486060931750835
-0.113562603126315	0.0451916045301702
-0.237559934502149	0.0764246711906185
0.127405387111306	0.0480111839782604
1.04323019345025	0.495337606424751
0.531184404262923	0.306474567087455
1.07014166372592	0.649712177002069
0.676975295534548	0.311811002916679
0.67374098604665	0.310203332995967
0.88099839576048	0.466529066729843
0.128568405154016	0.0427795258685336
1.38592066289878	1.0714895998294
1.43382104616308	0.877407693240986
1.22588815129527	1.02886277236916
-1.00691742548076	0.49839680226495
0.848554457923284	0.625553836655348
-2.0887702850993	0.943580524590739
2.73074407417945	1.6407053140202
-1.29538171494723	0.577437227146469
0.801922158295548	0.329828855715043
-0.738414128880846	0.252090639638632
0.511003196816671	0.180124792682429
-0.663171453970689	0.395837819785371
-1.69274979461002	0.953479568674882
-0.242110936050434	0.0778562762427623
-1.29790303333427	0.579341243572057
0.511187733730715	0.180331422147582
0.663474597852439	0.304636332374253
0.735086079902808	7.65414041457251
1.38087356452061	17.7736265785035
1.29908596909173	12.7980540963082
1.31238694247137	13.0241069928043
1.02351810695687	6.02253729134013
0.617140719445352	2.01798681596839
0.370242051393411	1.21517103538765
0.791669021546526	3.53276551636535
1.02505883650509	4.56474966118317
0.757173325386363	2.68726051497703
0.596508540420627	1.85876200663993
0.758513154517477	2.52182905355571
0.933603673155027	3.00468893006992
1.05507134591903	4.07042994252539
0.222003243981337	0.320508712384269
0.815710906963634	2.18472321752533
0.0202443911677292	0.0216213560485128
-0.111611802214752	0.109879212188253
-0.0199678773657311	0.0213548131261387
0.590105048126776	1.26242050445783
0.878746062911497	2.24383744260742
0.201972371481855	0.22491260535333
0.970000763108343	1.67692565135493
0.0951457232341899	0.0700675046287794
-0.0404551597693846	0.0310026970298053
0.348008759290146	0.413886414953213
-0.213544675758575	0.230551659005572
0.438220190260698	0.596228359946865
0.345114252253787	0.331888229626831
0.584970415377516	0.566887458470046
0.256255590643683	0.253060613547599
-0.324655821074767	0.317550528882121
0.185093637515772	0.196228291804041
-0.13137529871189	0.127166832645562
0.596295451261751	0.746839316216461
0.294775873252277	0.331991989503248
0.316317842363472	0.339791629658134
0.0538789433438738	0.0431473939270788
-0.215647724121569	0.163790545437354
0.449392486102554	0.534931477014727
0.000841369866789467	0.000680496207053759
0.118762712689899	0.10674830694779
0.0714902344766818	0.0620610053810306
-0.626338838245954	0.709091739097515
0.42705489321027	0.524275271053644
-0.531737687548362	0.530758168416624
-0.468468008482062	0.314355643524444
0.343388055907089	0.339567885062053
0.11677152966104	0.0952815308783033
-0.792731652941124	0.87213826588928
0.650444552236308	0.855919834514241
0.0776662459964731	0.0527752268579676
0.00895793417992452	0.0062257619821813
-0.0189224752754108	0.0167575240739636
0.567971775922261	0.736883883191692
0.433284316087713	0.421903744422815
-0.0822584212813865	0.0755177303555046
-0.524005358097093	0.783483593497668
0.414937701888316	0.526541627081903
-0.157487991707216	0.13914796919123
0.395450492916859	0.514343181249984
-0.0477204195429842	0.0359534268480541
0.0747454652028078	0.0677108328159271
-0.114019980731506	0.0821543217364652
-1.06238637123387	1.12093898462062
0.510967914253512	0.180245566763838
-1.2948051112795	0.577362423726676
-0.809266247145237	0.442955891164613
-0.356952421866901	0.102502236157484
-1.18309149572464	0.65955331260621
-0.996844113472531	0.49186769829669
-0.236989724567202	0.0762485047293907
0.370384780177247	0.164109337229307
0.585338177362246	0.302351290065957
-2.79718618919907	1.87305507711623
-0.327948265002924	0.151198423357704
-0.967414840149627	0.596763683107506
-1.0001037668499	0.493752779623566
-0.203285663662798	0.110208882708995
0.186603868728096	0.149810537051866
0.658283494623331	0.779157818624286
0.295377237098428	0.213589293246552
-0.200220646001899	0.10849428123161
0.313448457055226	0.189504600203696
0.0734740853702903	0.0652135087386079
-1.73529544247767	1.46804504661573
-1.79840965860499	0.382877827643389
0.154509067766894	0.0289541162362231
0.144054213480702	0.0423469198905259
0.802704240998476	0.33025128123342
0.94820175004088	0.248479682375772
0.803620921341924	0.330666152724973
-0.539661343528338	0.202765677037844
-0.624178537751399	0.298708339466037
0.804902320215242	0.331341314716319
0.37719892423885	0.167428598365971
1.31275235192293	0.563405500186811
1.43944836001319	0.882592924139301
3.26224218729945	1.1009233569627
0.803269824230379	0.33049399469318
0.5106524152497	0.18003586586147
-0.670511586141742	0.401587305708006
-1.69631707825642	0.956606477293885
-0.117122437057426	0.0465713220789387
-0.0122832647921802	0.0061774491144628
-0.679186394017156	0.47966262966838
-0.167225745103217	0.0599142889263202
-1.52527766014307	0.541726073904961
-0.112002954998565	0.0446033733688569
0.654703443030561	0.205608890273211
-0.354525819937872	0.101778275735803
0.136861270958273	0.0453939461531857
0.134579360214552	0.0446820626093357
0.129484452637878	0.0430568172874428
0.427940197825985	0.168935073750412
0.805116244112889	0.331471066458395
0.132164012775708	0.0439252834614193
0.807315995064131	0.33234971731287
0.524449773146153	4.75745337664212
1.0226534034571	11.7779046620311
1.07851842670883	10.5317600668289
0.952444087913447	8.41201733983961
1.2348162331924	9.69021632072684
0.849466489354423	3.55043069619514
0.661270381281189	3.38164949708228
0.806754782140746	4.07557400836555
0.828127207742	3.46793494874403
0.687123729685199	2.21871223505931
0.806102108696157	3.23938399220178
1.31404658521241	7.46446622259343
1.07073496992033	4.30900859870449
0.504518744706043	1.35941170670061
1.04401637266892	2.99763267220566
0.549404060634641	1.22211235048125
0.91006770824396	2.63648062866192
1.20978150663408	3.02126907588511
0.529564325767453	0.909754961596404
0.391059640001896	0.761803891388084
0.337697555765004	0.585017750593178
-0.578181642761294	0.908890395596615
0.387820454294001	0.491792339660829
-0.682725361694589	0.85165883783057
-0.645925387001905	0.847940515727039
-0.0524137195121201	0.0538193331788407
0.404787768515061	0.509274811891025
0.879278929941651	1.79602784571656
0.925151881569342	1.24649226170351
0.525333577523827	0.618048584382427
-0.351477969851991	0.285170485320727
0.101489397523587	0.0797984490335441
-0.0683800045169423	0.0745405016459531
0.575067213687368	0.79714362788028
0.244798314344903	0.266393658559463
0.263790515581411	0.24905050945896
0.24264891578098	0.263622626480745
0.407465068666267	0.428682728413963
-0.040480093097852	0.0310220949569111
0.28466281016727	0.223747508050646
0.934113936487113	1.62521775142365
-0.18353160918833	0.187796290394006
0.280867711364763	0.237335695801844
0.504299612339382	0.617651831641138
0.498195088504957	0.622956516716181
0.428213076179298	0.514280477213816
-0.885415086770025	0.821273724695076
0.0709952230945823	0.0602427763314292
0.125262735854729	0.113135847477641
0.336450608963205	0.321670988139603
0.311942505188919	0.326243128860411
0.0205195884135501	0.0148510620819499
-0.297785614067526	0.293311137898353
0.1896640944804	0.187154176875344
0.151637964089394	0.164750746753188
0.0905118327999049	0.0875874185011666
0.602012115741484	0.901225826243479
0.603178921893935	1.05529010355198
0.183955695422618	0.201524798901767
0.89989157743675	1.24300018719465
0.691132422241808	1.12466314819067
-0.183790663369531	0.17535235247668
0.287420177038069	0.346542856339245
-0.339219048940744	0.205597895507079
-0.340442194708529	0.206553163388047
-0.999770520176459	0.493549718270557
-0.114263293640458	0.0454834777184629
-1.35266125099995	1.12507815723512
-0.417832083070999	0.174255353735987
0.128919301055159	0.0428813133463191
-0.737745529684395	0.251848226779474
0.128673280033835	0.0484868522338571
-0.115432391049226	0.045969859575827
-1.85786965168951	1.16541570856726
-1.51942175388094	1.72274238665893
0.428844518886435	0.169326646561233
-0.416928700341772	0.238331588069607
-0.63185471444008	0.152466960619287
0.374092127736531	0.166034201456291
0.130920287619515	0.0493322328761646
0.271587957790817	0.228322742321658
0.496588059993625	0.446377112150835
-0.505873696177002	0.383517152688378
0.131374451216301	0.126644822828885
-1.10715192363816	0.763341260153476
0.157370411029726	0.0293708256249034
4.37430480564245	2.2261542229152
-1.29503373562381	0.577267948395295
-0.171978560989748	0.0615700655036388
-1.29860074136172	0.5797920330012
-1.29318528584883	0.57616602568844
1.31777492346909	0.565684040805599
0.532426765597678	0.307182954440098
0.32499582988291	0.179839366729572
0.425497080140127	0.167863861612803
1.04746072672504	0.497700711342051
0.13375172371708	0.057095704691796
0.852001701633388	0.628539213322725
0.13492932969269	0.0447816956397829
-0.237212899766669	0.0763212805777045
-1.29767890644575	0.579059217742002
-0.793059911143665	0.34440505933513
1.81456677210567	0.703082758766755
-0.738670030097319	0.252119567169358
0.161043695584893	0.0402684742968713
0.128217426027829	0.0426676360228733
0.122104680100191	0.0460884542202436
-2.30138530277244	1.14911512497571
-0.167409271163493	0.059935085601386
1.04703892798642	0.497162533983788
-0.235054063894512	0.0756562770409618
-1.29825184667106	0.579597355540298
0.145180009462501	0.0425673704481714
-1.51752529767187	0.765107103324429
0.67381718361366	0.310093898628815
-2.30865020997923	1.15435194403296
-0.0711326750941348	0.0313698588392587
0.144304320671072	0.0423970373819599
0.579488631522901	6.31267383082474
0.868481647391731	9.68326844686387
1.25868635396475	13.959377497839
1.0396988555924	11.3650586024577
1.0714445837732	6.68030205062969
0.702501306304545	2.35973802638192
0.429313219577755	1.75045239296311
1.02081775905586	7.45733223496399
0.871254028544936	3.82055198140425
0.660311186102052	2.3109381910418
0.269636007884	0.61909014278391
0.327813223264686	0.889061629964644
0.495169363546024	1.47454460505058
0.141934269754127	0.255774004109004
0.706033290342408	1.8183398804607
0.933885384462295	3.67617690595094
0.301588751864608	0.577286729821814
1.12374670778256	2.69084878705251
0.320170324716591	0.472223502495188
0.1669436993319	0.286767144829728
0.112214613871179	0.151249217609991
-0.622069090281144	0.857306205265167
0.290412678563061	0.345153865419618
0.933219651058201	1.26371870337338
0.674661413785408	0.875239153339897
0.449053210262245	0.72041518035309
0.188157502212348	0.265753065590764
0.0597007238908112	0.0607628914930013
0.283156705797488	0.328319927506331
0.193261353104039	0.16547179666949
-0.117233855684835	0.0695854063136791
-0.3242974656425	0.35816223494854
-0.563926581964114	0.941413437744026
-0.0529342024195232	0.0580818574580082
-0.0219902600318158	0.0231571821637528
-0.639269609563418	0.92429428380195
0.0220972628363411	0.0213892484414115
0.462386407448467	0.527721060086861
0.354967103339877	0.424782742214463
0.0636504630822232	0.0525455484045389
0.377709518347743	0.559424953979435
-0.171347350801896	0.19292708781405
0.786841945832557	1.12603218689758
-0.46593276272096	0.438908997723087
0.893629735096578	1.50074485322384
0.193992189160452	0.179651288735577
0.343513912767439	0.319792972367572
-0.0454337730492833	0.0424137237822595
-1.15916803391217	2.22926447104796
-0.290575801706287	0.30925770945078
-0.631502185176295	0.753486585253353
1.07566136001814	1.26311538554114
0.991982772813505	1.4092926388387
0.15507353166911	0.171569058297232
0.42473048993693	0.425403691168599
-0.834435255042037	1.28737606816427
-0.625607150036061	1.2674729647492
-0.00432191192965675	0.00520741027394461
0.186225570054581	0.220744688583558
-0.796701048322874	1.14061404332728
-0.66858312369233	1.32614410605603
-0.25079905330329	0.25017104687468
0.467814803981067	0.67103050069506
0.946098946202409	1.16024066095013
-1.18641499837641	0.661806639221525
-1.3503734605696	0.84935907827322
-0.255729442306016	0.129133255847616
0.144640697621443	0.0425017414545061
2.09623186676469	0.921454672983403
0.137071870106305	0.0454406916585092
-0.793835328351337	0.344660926729357
-0.167754072609883	0.0600616127897958
-0.117366577096693	0.0467267891566294
-0.421338623418603	0.175861305360882
0.886944573431526	0.470889744115218
0.374679873395023	0.16633198853929
-0.237212899766669	0.0763212805777045
1.81233199914231	0.701747179885858
-1.61617028131263	1.24952820043348
0.343023179294231	0.171317295567653
0.174551863545676	0.107792516001508
0.352872236959365	0.330502581983189
-0.199412276298588	0.107992805725078
0.408393264968367	0.324268727806895
-0.499168741355911	0.691332010066737
0.374933422580566	0.16625772778587
0.154509067766894	0.0289541162362231
2.75641316563256	0.763778311858285
-1.50783312121527	0.757872286216056
-1.53385767192304	0.545384911398725
-1.29538171494723	0.577437227146469
3.9275816800867	1.70263786398349
2.33899743092669	1.14663661123896
0.162357836679133	0.0405597098553547
-0.354229439997714	0.101697261087168
0.149889211248264	0.0438710561595438
0.660640141500972	0.207490447031014
-1.04721949984211	0.412618976511128
0.429747928367236	0.169659342836792
1.02914563133488	0.3838807966434
-0.417899172545114	0.174174411567287
1.31451987093813	0.564351638075811
2.3386469338706	1.1463460110087
-2.08484842220823	0.940993818731239
0.885714305553056	0.470010838162637
-0.236865950236819	0.0762080730306188
-3.08556356757563	0.949512459473102
0.134088264553694	0.0505027155625481
-2.08553743334962	0.941412888325459
0.135147068183463	0.0448731525122335
0.130920287619515	0.0493322328761646
-0.415514705996988	0.173267191179231
0.427726139064257	0.168841338822495
0.506636186737087	0.178613076266429
0.125420086757105	0.0473043623728007
1.00079808139347	13.3959996343824
0.663853289580748	3.80516650063501
0.651281883346852	2.67968929719648
0.667043355355159	4.45407103813492
0.73887593255811	5.05971158905272
0.471620706365897	1.66237885007013
0.5682499147004	1.9922535174989
0.720604110502217	3.01381129779161
0.650149444472387	2.75869790115797
0.504483061086615	1.6205469271135
0.069467948546761	0.109105087941494
0.508702418315115	1.28450667817518
0.888674117833999	2.80796960689919
1.23196687957401	5.33351211098669
0.447697355844394	0.666776544329772
0.368459585922535	0.655609107585095
1.02267520207887	3.70163494979341
0.186598393424714	0.318423858877614
0.0227335406218661	0.0220226209115937
-0.178391069889564	0.184955640592806
0.645559321511994	0.690823716962077
-0.241351309884026	0.203563728761887
-0.0645214942742279	0.0760133900977978
0.510506586851326	0.965384368714743
0.347216586178208	0.529653592315145
-0.384465925530625	0.449767378316177
-0.433190237135638	0.501105104816976
0.833123897432156	0.987294569038608
0.318673260986698	0.334958823340524
0.417451365761807	0.600391824878965
0.344430205181221	0.491020927960433
0.348531763652502	0.491031211008445
-0.312768782669873	0.367384516150889
0.638253244708691	0.857138319637552
-1.0558154984644	1.41907535978574
0.497602619532249	0.621950961009964
0.888045260172942	1.63838929357298
0.762103840406616	1.49734889427259
0.786069856309046	1.43749354217199
0.617085598120738	0.760228255696567
0.90189955762102	1.13123502087008
-0.0969702564022108	0.0805702469234371
0.490283283617751	0.624263392383351
1.22306611795181	1.73096498563738
-0.0965212694138697	0.0801655806477322
0.0803668457794711	0.0716397412262105
-0.00606017434270581	0.00484461294600887
-0.447657990952646	0.454978267417922
0.542475944082628	0.453155577356964
-0.265994459335685	0.24588535718546
0.212848706971095	0.261276612175891
-0.902352915796374	1.2217565295999
-0.0518676050794739	0.0486579355353471
0.538110918779575	0.916850654351886
0.305271397339856	0.434546119089584
-0.0581053850059709	0.0592699022299138
-0.0170796802218535	0.0135714865665497
-0.458985446108525	0.671482800664436
-0.830511050363661	1.32792420953084
-0.145531517169227	0.153870695980678
0.165510401621552	0.101811034936082
-0.329579284453302	0.152316872109509
-1.04090886464526	0.409486451709067
1.25427252025537	0.678807753709709
0.377463332864578	0.167570032868996
0.124019470550802	0.0530242931091234
0.424719696521905	0.167520800855861
-0.543250105928331	0.204305308908878
-0.993327330810326	0.489514971241786
-1.83504104592481	0.742292078332567
-2.08853487094957	0.94349842004388
-1.00037438735711	0.493892565592627
0.660638687988492	0.207526442563452
-1.2941091808211	0.576975974922849
-1.61987210726749	1.25516491325826
0.373811976355772	0.165637544004128
-0.418074350397678	0.239077236847873
0.0571813447949252	0.0563785340329935
0.667055935180136	0.306473926098619
0.948337549654709	0.248516516252871
1.95786695174359	0.441149378722158
0.51386494250992	0.181311218287051
-0.245541128473275	0.0789739237518624
1.31486971476921	0.564331716989034
0.660347295989593	0.207462296247491
1.44391071628385	0.475549251261387
0.943937640725668	0.24736392993685
0.141195201809473	0.0415167743660916
0.947770742439721	0.248281535275256
-0.791708514054291	0.343534455185817
0.127811645941547	0.0481547579411935
-0.735122504035354	0.250746836229491
-0.421938432498096	0.176107268065683
-0.411927679691464	0.171559111174735
0.425627365203623	0.167916299468516
0.660638687988492	0.207526442563452
1.5520922495992	0.753268069075162
0.127996404975649	0.0482698701963598
1.45138090115721	0.478568850670936
0.661223086818105	0.207656588437818
-0.417832083070999	0.174255353735987
-0.418766093941213	0.174660992041724
0.809910453317107	0.333444313770409
1.4480329582247	0.477161868008032
0.657866689740957	0.206670742493303
-3.08229418357021	0.947231644170671
0.67031140224908	0.308146609796731
0.46781558897915	3.12758752020571
0.61428511232362	3.94965272073058
-0.00950290562472512	0.0244448290153573
0.534368882549349	3.50958297153385
0.573179330281015	2.08965488475708
0.362325325479838	1.03786141726144
0.741610117847702	2.71695489431371
0.3744114335245	0.958627951346842
0.588071481492382	1.65748295394693
0.281089249013159	0.504056884665504
0.435044998433291	1.07447068480035
-0.235222290586429	0.43869107600876
-0.114313800193436	0.152470863774642
-0.219087838234685	0.276011321858705
0.154390549775686	0.178361773887265
-0.149844964471126	0.180439086106376
-0.379464226795965	0.636956003023988
-0.0752433427574059	0.0960643427659958
-0.0109397474136897	0.011551410137956
-0.00470851952787228	0.00502178582585522
-0.132126088813738	0.130206816939385
0.82238319802782	1.25480627678016
0.362529273220032	0.418334427158167
-0.269829235029876	0.394040751942038
0.224474650394343	0.309903176506022
0.108476015957262	0.116949002814622
0.0221491603839638	0.0217738462964561
-0.559920509302445	0.81857553166294
-0.24512570918291	0.262080531119115
-0.308825714988157	0.325953725963775
0.541269877253297	0.706858295113583
0.0175482432065149	0.017222771030172
0.144776127097058	0.158575215510513
0.529807067551983	0.643090257548441
0.309613748612315	0.338424418634449
-0.472051940894921	0.666462394193952
0.148050677691494	0.162772038537458
-0.357392344229752	0.418308662081447
0.336644296574517	0.412691785321048
0.0139919646610069	0.0130303713214018
-0.574817567260534	0.857516752389715
0.405518722184008	0.500294549369676
-0.332685137637341	0.349181831339646
-0.384718923110942	0.44990412579669
-0.0244925448029677	0.0238985757288337
0.0207688731626503	0.0180495068595143
0.162195126422516	0.193904644194524
-0.186169004378328	0.241959964829089
0.0368092212254478	0.0391110430818685
0.199722440021503	0.232626944817841
0.194893865284121	0.184890553258416
-0.0460913520105297	0.0436264117422259
-0.329717643522336	0.345361000998398
-0.597614602547021	1.00612896788586
-1.05713788218451	0.857078026276159
-1.48608004810315	1.03831737170931
-1.23991296849981	0.944394064593891
1.25646566585656	0.681030255429427
0.427940197825985	0.168935073750412
-1.24059883690253	0.945204273765441
-0.54346877962796	0.204399150899749
-0.544388043857763	0.20467834687827
-0.415181751888503	0.173101618298361
-3.76894933168033	1.48672161607666
-0.168071231557483	0.0602122711084703
-0.93595158225269	0.690932887356997
-0.532985055301143	0.200054479171228
0.1303956915826	0.0491127804661128
-0.322854497726682	0.148847586385378
0.431972446017333	0.17056379636438
0.374080895930029	0.331228849477774
-0.15315426537167	0.08736057307703
-0.406893379632639	0.472867920773542
0.808794271319844	0.33304767361123
-1.80123754984197	0.383647112861273
1.44922258720914	0.477763268309402
0.661811042100157	0.2078534144171
0.51386494250992	0.181311218287051
2.75580772001712	0.763760469153332
-0.233395157779413	0.075126282890225
0.134485569272454	0.0573994714779513
1.02329749324129	0.381582146499257
0.511755072041239	0.180523302881905
-0.174873812827118	0.0626196616668006
-0.789995070710077	0.342550534501667
-0.796622843370816	0.346185785919449
-0.418432324070287	0.17452805778287
-1.00142346097541	0.494967406792553
-3.76500715654354	1.48473725010782
0.135725292726052	0.0579491154080408
-1.04721949984211	0.412618976511128
-0.172651053911463	0.0618415442674928
-1.05186568435635	0.850231359255925
0.518400264488983	0.18272902326628
-0.175432015465782	0.0628166126562356
1.31240282325545	0.562988742832529
-0.5431188895219	0.204245277624117
2.10484529049321	0.926120631345201
-2.09305375149111	0.946159640923577
-1.51627074165718	0.764944689823934
1.02363521199244	0.381873400117373
0.796407200680584	0.327187277391089
0.368265744705962	0.93917693005616
0.52717759180748	1.57333382711731
0.0285345478468129	0.0407939328592038
0.0321646673124781	0.0435339459671101
-0.368110452818479	0.700323095327961
-0.350190439525802	0.721622109419658
-0.359199683775697	0.693822599478995
-0.0153237198617429	0.0192642707669502
-0.195937208999661	0.309203538514582
-0.215998405862682	0.340868983029139
-0.118016811846727	0.164744224030617
-0.10914393288589	0.125074265992303
-0.774446242127192	1.50960625669104
0.315140433246739	0.446386242322987
-0.33583849830133	0.527038974983868
-0.0987745215410921	0.120552876141417
0.24939139868289	0.287683615517985
0.186636179793874	0.19103822891329
-0.321302773848251	0.313415150672317
-0.0526975780143318	0.0449913798547934
0.0568913124460632	0.0478805847933783
-0.531330807590892	0.738289799690997
0.814707171424983	1.45234749945439
0.823966748551328	1.16874688544234
0.995342763779238	1.41668865550907
0.535789832034911	0.634885788796427
-0.384179906825669	0.47361905175227
0.0195694574359445	0.0166198026654151
-0.213746418158692	0.230846312822252
-0.919308272156519	1.52192146326243
-0.286287512031039	0.303562131790302
0.309053491134485	0.337581908249315
-0.48677335903665	0.681958251367983
-0.032772554772765	0.0288797301072713
-0.0547003986635932	0.0607430540527253
-0.669273654515306	0.962588805266426
-0.567731049557158	0.885505267943122
0.246021225763478	0.273139687120359
-0.310829555858781	0.328543371372592
-0.443535299295334	0.624045956258544
-0.886884751721891	1.7639396704305
0.110692175479596	0.117906178373293
0.780920900977736	1.22604612493549
0.289515805095453	0.337422798328882
0.117912908147292	0.0988387869742039
0.136838030588217	0.139757077872105
0.132484591464421	0.125405786016025
0.596068608408136	0.667682652176457
-0.0578949746498885	0.036549598068467
0.790794673082028	0.856612995361705
-1.10669854305548	0.761132698690922
-0.472171398200774	0.317261609997395
-0.0505565586380225	0.0240010926795571
1.23330955595877	1.04044106120347
1.09169464432822	0.826426328204944
-0.809575059154177	0.443211283731996
-0.556518203003994	0.35587984056935
-0.259382184159581	0.13125278784399
0.496999532450459	0.314738482438217
-0.332468029970003	0.201215192329844
0.139774210780199	0.0670732346945976
1.2312012393145	0.844809523481345
1.68218025039863	1.95784184025309
0.288410398694401	0.217690136739534
0.108414239326535	0.0855562282962607
0.178875758987986	0.128226026847437
0.851842920858293	0.779310387957816
0.182686261291844	0.171715701813118
0.657017729316418	0.469937522530749
3.26224218729945	1.1009233569627
1.95731570776637	0.441000340195791
2.10114269367742	0.924635433318668
1.55528546656109	0.755344535013972
1.81604086904786	0.704001590638153
-1.69528687038027	0.954948252346255
0.132732885510209	0.0441080605497273
1.44163356900249	0.884661495569993
0.67597348422149	0.311372575495527
-1.04163570285521	0.409773247801858
0.589020566551014	0.304394414206738
1.07556338567586	0.654130872598262
-1.68917260304825	0.949843821970341
2.38868487519211	2.01884993019994
0.802138012530807	0.329972517070534
0.61070312364628	0.463837548263289
0.140609521820489	0.0413743325045252
0.132830269347538	0.0566941160717077
-0.802326035067861	0.53414407915456
0.673631406692519	0.310287728541001
-0.664465802510175	0.396805630761883
-1.83470480543889	0.742065970342523
0.671242260155002	0.308574717990314
0.146922191196889	0.0431076767472804
1.07617115527427	0.654749242883142
0.768776472443952	0.456240184055805
0.514896676803431	1.97724158054823
0.481364014821278	1.23448702246871
0.357154669111767	0.87759090489159
0.872417065532808	3.87953970084666
0.372886719354798	0.868358637816694
0.360047707988441	0.688863933127375
0.0176609734156206	0.0233060949126721
-0.227414839983858	0.525866092394374
-0.588358005435365	1.91049616652438
-0.383555998817049	0.938255692747553
-0.211874457124604	0.427142653909007
-0.079660776846021	0.127241036161142
-0.305479245621392	0.522222020784847
0.0968026327218197	0.124492631749839
-0.0294595602037473	0.0384238763618867
-0.0233432924912601	0.0304171729436751
0.394572911446305	0.754920952625198
-0.208092156606545	0.290278659482156
0.148784293610544	0.163690245297867
0.234417404058611	0.252912592156896
0.496126752077475	0.619366177118633
-0.250872870282818	0.25010569282717
0.629142282539137	0.839764102144532
0.328838175636383	0.339596472147563
-0.432347590962565	0.529803399090699
0.409459454851565	0.50682932359399
-0.855451733985861	1.11263452698821
0.12712083137073	0.109862396508725
0.022140424920262	0.0224145407604822
-0.0353666107190205	0.0340379548397261
-0.276517897115915	0.297143555433684
0.936828789808713	1.63362784320269
0.116570273975425	0.128462355055219
0.03232328794801	0.0287938998669722
-0.141362912785173	0.168829678585111
-0.454584220861452	0.735659291705493
-0.0202642195744299	0.0213168939792626
-0.313683971445187	0.448099828702684
0.0138315491513967	0.0126274254620689
-0.365367955544361	0.430073426617452
-0.418497192991337	0.661968809000236
0.0817802934253923	0.0872771953752576
0.587439103198866	0.821930238912358
-0.0416168874885185	0.0358487063872397
-0.115560717797373	0.0833392846961405
0.013118808138341	0.0108523676706836
0.912446626956412	1.44449759321988
1.04549196306511	1.46493477749572
-0.198603520222245	0.172092234038873
-0.32067548680592	0.360911479713109
-0.793407393574429	0.68569444871611
0.846679249329375	0.772207379065607
1.10973324250808	0.99546113226419
0.881761448763939	0.898166147410286
0.151017216852493	0.0800586005958577
-0.255580130691612	0.129209497249265
0.451908076263738	0.327667018340374
0.170293726186225	0.110846221347928
0.150294430770299	0.079732684624588
0.13216217259877	0.0634167867267976
0.132705203978043	0.1205581471426
0.175577977912442	0.120329111789953
-0.343604996602671	0.246242538920793
0.00506213007581407	0.00355597648644229
1.77821469151986	2.20886461780153
0.293733389575748	0.222259969376247
-0.563953966710085	0.516575500715226
0.196598680990521	0.178006871202084
-0.790724238951684	0.809982531721391
3.26345542626113	1.10199860979414
1.95786695174359	0.441149378722158
0.585509213576081	0.302002922696166
1.554331556689	0.754901612413363
0.588417878030214	0.303931742994203
0.123291888942056	0.0464976353750352
0.805467397708516	0.331643487494376
0.124414451363141	0.0469555832619546
-0.115377526450621	0.0459298576899465
-0.419357186063525	0.174956868056436
-2.0894625554263	0.944110632073379
-0.238300485260816	0.0767056206772632
0.704893455527087	0.463291580986445
0.133879172838789	0.0444578970345513
-1.7072132052305	0.96473595248058
-1.04359432816695	0.410701746871047
-0.324254281318601	0.149630189718299
-0.663034094642675	0.395913739717323
-0.260450098154075	0.131775248539375
-0.785254821237685	0.340149058162301
-0.416180819022606	0.173548740911163
0.88261256714855	0.467807154334079
1.93954790797232	1.18863154455072
1.01523948723683	0.377893831261949
0.885194207884209	0.469371176396475
0.880736150004461	0.466270264133384
0.938427476448923	0.633600201730415
0.93806978813195	0.632258605793538
1.23149392958548	1.03797834292943
0.394179755149089	2.10513143030843
0.272769528567464	1.12610989140134
0.391172743313833	1.8239620719614
0.373023612196775	1.72335893450944
0.30853909213077	1.12147038801351
0.523062899135814	2.61396154376319
0.799604159349037	4.68169853537345
0.617214625967109	2.31433563568387
0.453166531344837	1.51046678500174
-0.0459806898498578	0.0914173220112906
0.0650133607048379	0.123942637815478
0.293647389278913	0.718150403808325
0.136696213139547	0.25221580707518
0.227579170817196	0.379579536475383
-0.228659119762793	0.378082711241751
-0.22903225173508	0.477292490148315
-0.163454027869602	0.32424297041537
-0.0507055484851914	0.0768030067451248
0.372408006601599	0.684869339455013
0.134448854238614	0.181932771778484
-0.124151321539791	0.141074645050997
-0.338076021177753	0.594866144094668
-0.181556851835508	0.28884740458901
0.0427765679330936	0.0514218125363049
0.0887928647384202	0.114523548658878
0.219066232482018	0.300788351776063
-0.216845442427133	0.326000549088837
-0.32029723812596	0.43753336580833
-0.669201161387304	1.36012431828455
-0.562004977121893	0.937182965400599
0.363229355369895	0.538720935263567
-0.22247443597078	0.318421730393034
0.333360527831988	0.498147459504306
-0.499999823542845	0.762094913164379
0.036978141013435	0.0393057077410051
0.231572486692536	0.318074164704313
-0.472121919932137	0.635156087314687
-0.0421588762480163	0.0514783184568814
-0.035952125818229	0.0406868959359229
-0.00859169839689032	0.0092896953082859
-0.339463220370897	0.489537263572287
0.967851129211211	1.84790536197201
-0.155392788651471	0.191982033201313
0.333584491606159	0.536233790685056
-0.330579614443511	0.554910159185161
0.330554000508757	0.512898669852327
-0.106931166616711	0.150966721756965
0.0155545784404308	0.0185162118043159
-0.152623960238787	0.195926120918949
-0.66819530949918	1.14815412913022
0.316482509810993	0.429565063282594
0.138757492076339	0.141973464639944
0.0499211077183788	0.0543242884557599
-0.717603944093615	0.744171496003444
0.770955724134749	0.456917697319517
-1.00972304428046	0.914416694634373
0.132349525763439	0.0565460944899824
0.702363490972536	0.460846672847674
0.340711911760573	0.170008264346068
0.663132334033902	0.208271470068789
-1.61510860282672	1.24914508059331
0.138311809084913	0.0664732976344492
2.10650964584762	1.44342099112474
1.24957292115585	0.675413891825759
0.790320278139667	0.626002885092624
0.708628409064572	1.14127970883837
-1.04605927402907	1.39987089587732
0.147104805358365	0.0778433235277773
0.247775431887205	0.237102242457886
0.0472566104955344	0.0377156261626539
0.305145279229542	0.353487596165806
0.259998284126965	0.251201756884593
-0.190868893361549	0.128360083306117
0.615937893157813	0.579661631247644
0.266983618319537	0.358308289790881
-0.966776141874087	0.595634558804664
0.944504519928106	0.247598335656165
0.669294093430786	0.307879355796411
1.4480329582247	0.477161868008032
0.947635845528227	0.248244973505163
-0.788962872631865	0.342076545446221
-1.34796229008534	0.846753250447306
-0.628733247343677	0.151688343674084
1.5524442422019	0.753203287410312
0.135147068183463	0.0448731525122335
-0.735795036496609	0.251087692088149
-0.237907054483207	0.0765120695488488
-0.747056276000891	0.255214642839991
-1.1412568453231	0.344431220445032
0.324420076571648	0.179497011757384
0.658449623497539	0.206846818911275
0.802704240998476	0.33025128123342
-0.240278820798337	0.0772929353381372
-1.1605240928581	1.01699358453805
-0.162300795954345	0.0581731243217536
-1.18054210061732	0.657967863762949
0.512600050895113	0.18073388148523
-0.172651053911463	0.0618415442674928
1.02626205148491	0.382823634565729
1.0444623770314	0.495719164594595
0.469994480594686	2.95902204744682
0.506724603439189	2.53778352579028
0.469379405267017	1.94075350524297
0.483095365583734	2.70132204920683
0.130976711928928	0.407489526304397
0.957472753028176	4.75203339372584
0.310706756517953	0.9503057667085
0.903820132233441	5.33575948125611
0.607291922666039	2.57956306351565
0.424972526026704	1.05507606184514
0.568702058558733	1.69774103975767
0.241854357654293	0.70007507191129
0.184596033752553	0.505048070711791
0.347739454207171	1.05382342668275
-0.0830063424227958	0.166006287796976
0.235437746866472	0.602183511578614
0.260076898413603	0.457264784064322
-0.027172734300792	0.0360259199179009
0.121874993101117	0.191681992701829
0.405679686918106	1.16436321201652
-0.118332841906886	0.212445665096887
0.182615364589801	0.339837185294121
0.585565318209115	1.10501370197826
0.645690334671272	1.00792098880141
0.898387347564411	1.23967755222987
-0.0917465615468243	0.0914832644613635
-0.325263148282478	0.295162180164576
0.190903991977203	0.199869500128432
0.338128028979858	0.486370197922883
0.0895497369832089	0.0865852576038152
0.380396199671585	0.325130458813033
0.509580643100824	0.530831803032908
-0.283605572071626	0.391084653105323
0.187024538403591	0.231359469155069
0.30896546603522	0.409940727142871
0.0907265096478412	0.0935095128001114
-0.360898151431512	0.671102025574439
-0.163840006503883	0.157075005382988
-0.131349606897989	0.165537633219245
-0.557035838638571	1.14538716868603
0.0588866203325929	0.0761012647053181
-0.0985909981225155	0.148632581421187
-0.621878100317374	1.12885715882148
-0.0867263109364565	0.0873012078155026
-0.961318002188442	2.59064091082207
-0.227482390452817	0.325721517454487
0.79036397355405	1.29672301336154
0.0865856178090251	0.0806055004522997
0.247840194336701	0.248840435721151
-0.00673394675198194	0.00534422977178772
0.185717816150316	0.16263413629823
0.322914680694816	0.4201224407757
-0.0442043084494302	0.0423033541148564
0.503506194382545	0.540492353682442
0.177776281827204	0.127395121440358
0.89714446237219	0.920688191558092
1.04631401200029	1.11093500745685
-0.228790623253695	0.175130730233524
0.638765633860466	0.577428131388904
0.989766555537534	0.812336793434562
1.6011456082473	1.10567473295357
0.910440135600738	0.791187358495293
0.168305930469793	0.114893170570624
0.0536062457017313	0.0330471313459697
0.0396805442801865	0.0230965311781071
-0.149023826119559	0.0849096406363408
-0.195317711194049	0.1056543372478
0.694742222587558	0.698846341961223
0.475768060174509	0.440977037938826
0.289299830191902	0.218408485252775
-0.663104230731038	0.697752699576401
-1.1600730282995	1.69010673315314
0.826900163875563	0.977537205410769
1.23104436392678	2.09618375609534
-0.314996226787224	0.305791726587743
0.108381261857536	0.0879636274517888
-0.246966830446225	0.18394927864103
-0.305264906036771	0.321333618281819
0.0327778940260979	0.0245902776737638
-0.269658301591742	0.224268621251701
0.180577566809203	0.118151134552312
1.31707371804938	0.565285221866794
2.76097686654259	0.765783986906631
1.2613659144982	0.6841980720655
0.533112642065699	0.307535086851618
1.94819417189942	1.19769893599001
0.426699095186531	0.168429089865199
0.699783196724979	0.45859124837399
-0.508496083051061	0.269051215134342
-1.19018461257151	0.665625499116834
-0.124391606425952	0.0494838347088919
1.02422162940792	0.382079227006262
0.0235015563724045	0.0127590899229413
-0.41615139696359	0.23789310973655
0.175094277009588	0.114222317282916
1.23419959460212	1.03978657475777
-1.00104129905763	0.4942642803179
0.777425857794473	0.462374564731441
-0.193790140408642	0.104826368590615
-0.879849630880957	0.812925586788995
0.525602206025362	0.302714159025743
-0.41614391306606	0.237915426336524
0.34766940172955	0.173994799133233
-0.336864489962886	0.204193269988697
1.4406132118216	0.883736181001059
1.24923680785857	0.675374574455104
0.879247993031074	12.709684372697
0.249426056099472	1.66401576275912
0.515177701217524	2.86177834283009
0.687925432568174	3.74394848931853
0.808178049777626	4.28194608341799
0.650474344512453	4.28304179794897
0.433337746719447	2.28842029197779
0.908953420327078	3.60138543513893
0.934582435206247	4.56104595295552
0.758791829281654	4.08221620651018
0.857752639309914	3.67834261417584
0.380171414774556	0.900032545153111
1.00140245750682	3.37269383123348
0.133743382481833	0.312197127741129
-0.0467403301853883	0.088729373585004
0.0485226662694961	0.0876524558984744
-0.156629913425846	0.349844423983256
-0.25953270877563	0.62518754210612
0.263202395440977	0.451618955374235
-0.0885749790432878	0.115949729673173
0.0712010748601593	0.105667129492887
0.420891715657893	1.19739661535415
-0.459598295973006	1.35434595245447
-0.317876542951764	0.707006820976696
0.360412555802454	0.415251062705909
0.125438261186382	0.108290587831317
-0.130482583754011	0.0918772764337843
0.269781023645951	0.226583881998919
-0.390828123018868	0.310165888577792
0.547381315297143	0.634677701715395
0.0243351147826324	0.0243125803318572
-0.958467344640239	1.35501071129424
0.577847072983556	0.557610853934152
0.790048545876621	0.625769152496456
0.533240435603925	0.919510722277949
-0.502264904165291	0.839121866925099
0.0836832997519119	0.0777609382641126
-0.151794592053589	0.158944617464706
-0.358590805795243	0.604456781310266
-0.171567956194377	0.135461763655188
-0.0133443401700898	0.0129589904641733
-0.462308391204818	0.736362442878752
-0.396738540773221	0.752230438175404
0.261484872382422	0.382275338603068
-0.26196802459415	0.363379187659757
0.460906860123839	0.539508065183872
-0.462491395399813	0.753903292402269
-0.0207228549288812	0.0218071770581353
0.0427947892873915	0.0331930209847194
0.0368499652066702	0.0285162095594725
0.275013379496424	0.239456482949243
0.273928616508508	0.230447677436238
1.5689131410088	2.1896614181663
0.343343898757037	0.319499350087295
0.775250841252016	1.29007163098957
0.0408601857831063	0.0372752103590064
-0.111930589231042	0.0805358920786107
0.0995896289977574	0.0759187011486156
-0.0575223165940968	0.0363129780740006
1.02640192911331	0.972831904707876
0.150736799524298	0.0799065488242413
0.427741203819168	0.325413022875625
-1.46209915380411	1.32232218402144
-0.462144388834679	0.308942437052889
0.0478212589070185	0.029505908156623
-0.00673006493848704	0.00347636316197161
-0.224926522145072	0.1466961346606
0.433372286970197	0.171146451533336
0.177065988715597	0.121385001269752
0.057039750668006	0.03520646174114
0.667024939073714	0.692532636068531
-0.645049588626144	0.630493289672446
-0.159024566254341	0.140698298425031
1.31802328993913	1.54686914389032
0.864937029720883	0.99565265120613
-0.108033795814454	0.0776198258955883
0.370841031553452	0.327730781146383
0.828245760486653	1.0814384506192
0.405837242056892	0.32188739913755
-0.110231527239297	0.0653235801394218
0.301433518955411	0.207104525872668
-0.628733247343677	0.151688343674084
0.15144823932183	0.0285426379557898
0.513331621229635	0.180931780396043
0.157120439849519	0.0835513171289161
0.424611273738373	0.167583555175302
0.152876642373217	0.0810956883487109
-0.505966587917247	0.266999766123348
-0.397856327583094	0.276650056299559
0.879241808673471	0.465808533323085
0.141077698692681	0.0677231147430312
0.132213320602427	0.0564194580163191
0.679787884311133	0.313380757273694
-0.124169226866603	0.0493819983978037
0.591928224234595	0.306061230475779
-0.999770520176459	0.493549718270557
0.8804110252599	0.466091387895369
0.154645886548261	0.0820816068826162
-0.118279623925954	0.0470790840172665
-0.11854795863833	0.0471817731309927
0.147379945792357	0.0781640577958949
0.165575786206626	0.107616786776819
1.51891300877438	1.29745811497438
0.278961588365857	1.61475118018085
0.429960232961285	2.89120303258229
0.258623973976235	1.21115397049054
0.310956251078527	1.6471595028672
0.321477128078731	1.59312581629448
0.582334501038108	3.58179891817451
0.817856457249095	6.13242712964989
0.789010743043149	4.65596544517334
0.961966900477635	6.22012449852301
0.43327095050334	1.58409012553148
0.430883339350678	1.59343343462958
-0.015850209986166	0.0287409123260476
0.121949520968088	0.238424578309419
-0.0615046477743154	0.0922287738104724
-0.148369397754281	0.272535782194599
0.0605410627259671	0.102808878023826
0.422966611694928	1.04769803313754
-0.316649470760022	0.685703952101981
-0.0259740610107584	0.036266670145553
-0.023703033325961	0.0331702056312769
-0.0245899355066901	0.0289998896951279
0.124814555574587	0.192355275557128
0.339469803231955	0.625645884797389
-0.733969114673234	1.62375064830205
0.178314080859242	0.246457846385906
-0.0728450521373685	0.0848834688745428
0.0770010878658532	0.093233553943545
-0.0819991388050202	0.0924213507466209
-0.115350586415898	0.135673515101733
-0.127954394290918	0.158930670100455
-0.00951042250161483	0.0107167246148294
0.0505669910124061	0.0582536896827364
0.663890982873782	1.34336198410236
0.0846267809280466	0.0917668258616579
0.122743814022128	0.146936125765576
0.133150811150019	0.170715533494452
-0.277614280042973	0.380533212865687
0.0740323407815516	0.091993334293118
-0.0891977380316767	0.102490563908306
-0.00850111950324435	0.00974295351903803
-0.76727554971457	1.82762784307785
0.212003405292147	0.299360717042877
0.240621007736222	0.275632274309128
0.0868043033770829	0.106033657184442
0.0910366251875056	0.125355848730036
-0.22514906038111	0.285361766501229
0.418139027742308	0.754536233514538
0.24550457546346	0.370121743336471
-0.28904844467929	0.427982483939433
-0.652288309069617	0.983876322693245
0.485609030302657	0.766069121470658
0.132487518751555	0.132516007315386
0.0720610863658271	0.0762228699992366
-0.115990453736934	0.0836769568492763
0.844501101327879	0.769965544384772
-0.438473326775211	0.339920169050094
-0.505538353425505	0.267134589183353
0.162650317115367	0.0998892920705923
-0.073740258598921	0.0324941384795382
-0.12075997380286	0.0480297290129821
0.376875238635301	0.16727169805512
0.12972701511052	0.0488696838341898
0.674333859734918	0.310512339568963
-1.34744820206576	0.847155583894622
1.23146503550047	0.845038371561102
1.02685010343664	0.383062880383657
1.35708325273003	1.25613058028673
0.337392717477657	0.168251108732961
0.14223974057082	0.0752896774253937
0.14765975214695	0.078292530243999
0.0339075533396603	0.0197575354357311
-0.0871446542234383	0.0803223352323093
0.473184260709233	0.438075842198387
-1.27169409144882	1.39527036485738
-0.942034492686072	1.38713085199553
-0.0754790765354996	0.0562488727473005
0.368640312792946	0.417879290531478
1.04036703219748	1.76136564365483
0.18673501905578	0.139763776911081
-0.346708152873391	0.28035800455226
-0.249588766760309	0.267726912600925
0.850047283835064	0.626012031149802
-1.79840965860499	0.382877827643389
1.95988292961267	0.441702177751728
0.428285671446016	0.169094775343879
0.50952600895777	0.179673416398791
0.14380305748793	0.042271222114559
-0.54070401543365	0.203254410003037
1.06787756973317	0.647660386599083
0.146670376003709	0.0430346600388633
0.128744720496134	0.0484930569078401
0.129924563608428	0.0554083103264059
-0.999437341583464	0.493311859213278
1.05024320247209	0.499305652780174
0.668959447651159	0.307697909547482
0.509876478641146	0.179762262788489
-0.164744037178764	0.059028259963585
1.31451987093813	0.564351638075811
0.371241121847868	0.164587159709047
-1.85190383140304	1.15928003584734
-0.504042333144739	0.266012917728938
0.13041301345043	0.0433517092562305
0.147259813410519	0.0432007445014279
1.02338601426445	0.38161996773056
1.25273168634424	0.678165134341
0.141029564679777	0.702263606173993
0.294747923132361	2.00188704903172
0.283535661747852	1.57331772737369
0.706843143820021	7.02489357141181
0.475627595082716	2.90076977547452
0.764120385512123	4.91606870846865
0.685368020496942	4.29331214270288
0.362970513419054	1.6620385959297
0.632469568671093	3.54315277805092
0.71605014216073	2.89773200704878
0.435964400417825	1.09125900131089
0.359221194730079	0.618394127021432
0.260645552863579	0.40179077329074
0.265809104769581	0.555444347180121
-0.0312435436310344	0.0551742742961877
0.252382401301651	0.523817278329642
0.538005862505195	1.33354506748135
0.0383474582085314	0.0431422639818753
0.833815460730727	1.42205197946871
0.313922924979946	0.484896598887272
-0.11305730837963	0.188679133190645
0.102302522870823	0.153388246583194
-0.153341710882783	0.245190135892604
-0.0321486518187064	0.0406197528498829
0.0767438207618953	0.114780394382671
-0.571123044808768	1.15576569382605
-0.319738993709681	0.528055478559393
0.0483708374714606	0.0506437082059152
0.233185710874187	0.461892545239921
0.235548325363039	0.41750769062918
0.449033587719456	0.802207514570429
0.0581438075359447	0.0573998877361426
0.482166309517659	0.858314076122272
0.0358930834509827	0.0371701110579768
0.0415266028801675	0.0443184288306742
-0.0129159396396142	0.0175608048119961
-0.0222843339054756	0.0267980765401311
-0.0312544066402772	0.0342620064893498
-0.368521641952846	0.541623234501482
-0.0104307382232392	0.00828850942633903
-0.216595582062823	0.275665790110923
-0.246290591654341	0.388494433796186
-0.842094172270967	1.50566059705885
-0.152511928466586	0.190073615788099
-0.0546920512723629	0.0688626571968914
-0.190595452272319	0.326853053190402
-0.0899929618710185	0.110926856869044
0.272234289635605	0.372341948749854
0.287892607942424	0.446308107299323
0.186431119111114	0.17573270460722
0.35859875520194	0.493904779924166
0.284552449909362	0.223717912740805
-0.789949074347787	0.342860425674977
1.02651128578825	0.383050193875148
-0.354815349846941	0.101888689175609
-0.783491228667279	0.339294811947754
-0.164399596828408	0.0589021623891461
1.5507001335775	0.752512547286498
0.950287720870208	0.248999740475732
-3.76108876538849	1.48211039032061
1.31451987093813	0.564351638075811
1.81323362267005	0.702723165703649
0.146332921310034	0.0429416898033695
-0.237783836658627	0.0764730781037413
0.372896498702742	0.165147413219819
-4.01558169607127	1.72750624811894
0.131944361264887	0.0438321696149265
2.09682127519349	0.921775526445784
-0.34181407282346	0.207502948965256
1.02633890508339	1.33599135720945
-2.25605982618853	1.90917791306567
-0.334263215187311	0.154598251838687
0.654830956530272	0.773626062443377
0.11105752964488	0.0926656086083702
0.320099868379546	0.344705112727641
0.972548371557334	1.49414196816286
0.546055848909868	0.456943967948007
0.341379155886314	0.170195448745096
0.715811913929066	1.34952562333674
-0.117660477054644	0.0467865531553836
-0.632424041671007	0.152580102364835
2.75641316563256	0.763778311858285
1.81174408502965	0.701697875545868
0.94820175004088	0.248479682375772
3.26284822825054	1.10169382604423
0.944504519928106	0.247598335656165
0.802840016253824	0.330197869326294
0.50720087150347	0.178829201945322
0.94820175004088	0.248479682375772
0.154465593370314	0.0289479903375428
1.45355066214954	0.47909620382923
-1.83504104592481	0.742292078332567
2.75580772001712	0.763760469153332
0.425281606664403	0.167780963846818
-0.741763882242001	0.253307934106881
-0.628733247343677	0.151688343674084
0.79449950830523	0.32633906034312
0.947770742439721	0.248281535275256
-1.52926336424741	0.543358625626883
-3.08216231491203	0.947551973079846
0.51534721966292	0.181749344838292
0.660932155782147	0.207694635746326
0.161043695584893	0.0402684742968713
-2.30418064567315	1.15110792862376
1.45198001091205	0.478658944297305
1.81545080408239	0.703738180326379
1.75892184559066	0.963246001757108
-0.00651327439580842	0.0267040350811733
0.0479428200986493	0.211286192099815
-0.0667110109953554	0.275784162674314
0.51488935298953	3.44363104539647
0.331553235642912	1.63074185884694
0.69710925443671	6.0588091206342
0.605445161558155	3.79847359270043
0.260658705987922	0.760406609231041
0.319957350123095	1.01357617714018
0.775807883478875	4.92451275239522
0.548286457003935	2.50369722984384
0.338599854363837	0.899906831776804
0.659792352927108	2.64332417686734
0.52520588285813	2.01527459025789
0.112817481865776	0.200453018825241
0.261309496272864	0.480619147714728
-0.0395162430451851	0.0542434184257671
0.537802582157096	1.52503356351147
0.302218976903368	0.650576247188837
-0.0310990106542111	0.0451815533173537
0.538550470225477	1.2277515335124
0.715922215373609	1.67273647714359
0.420871422037207	0.663420172913134
-0.190482781342188	0.234720423598591
-0.136161073669706	0.165417781186103
0.0428226126962931	0.0504818313231996
0.00303795951955912	0.00313179332263427
-0.0562008984385255	0.0625126414915092
-0.098109503722055	0.0983530723209715
0.583280931814228	0.942859747432629
0.0651793906430479	0.0754562851398523
0.1371586163178	0.168674285269591
0.0709251219603874	0.0826054059068311
0.0828748627675599	0.0909135626955678
-0.161125123938482	0.244789263015309
0.112398152786772	0.121642578967203
0.317308922274908	0.504645991814484
0.0867838833230062	0.111642193107708
-0.0375412219587363	0.0433794416142078
-0.202421977268224	0.305574075514274
0.0526701369153192	0.0601738872124828
-0.429526185815338	0.675725720338822
-0.0860557719755593	0.109364518780304
-0.190338325808529	0.26914932534045
-0.703362105674492	1.21527431815775
-0.304543552098679	0.416192169404941
0.716260078803973	1.41120966613317
0.439651221863411	0.650462546524872
-0.475975715112933	0.608803146649778
0.683920273567018	1.04742175439735
0.553453419761343	0.728459499872152
0.662480621099888	0.786753119375532
-0.282639476817565	0.178833848384481
0.774044154547647	0.459853135784295
0.139044762375134	0.0736023869131749
0.471401259740477	0.321413273775965
0.140858203439662	0.06770160909807
1.02304894811125	0.381607715308403
0.850758654637785	0.62751803553566
-0.0753256187953431	0.0331564524830659
-0.164617091753635	0.0589578036604211
-0.115713119983189	0.0460276099716504
0.126856129549628	0.0541503443242822
-0.466054242779751	0.312053184510194
-0.241194698180716	0.0775963201393135
0.378110277761202	0.167865388599197
0.676050206195971	0.311376233221729
-0.167754072609883	0.0600616127897958
0.137536650513881	0.0659495032275318
-0.308784937138228	0.277118427354612
-0.194354096336305	0.105096752367293
1.52846905743639	1.84914049042229
0.541862682016775	0.555594869064513
0.542926865215604	0.453660822914251
0.0326564193462904	0.0245004290770923
0.0556088613476675	0.0360214412580019
0.409173179942972	0.32508357486668
0.306629833087689	0.198584966322315
-0.310138184201375	0.255346426169952
-0.258254982831289	0.130581581287473
2.09936716295541	0.923201539626781
1.25460848783248	0.679060492763701
1.55563768080424	0.755897558752995
0.148186394591661	0.0434281534721658
1.81235300959058	0.702242876396542
0.133301116726748	0.0442849463266127
-0.234312185154952	0.0754304879292539
2.1031177894695	0.925795147014246
0.155111385030128	0.0290417527313876
0.510967914253512	0.180245566763838
-0.164744037178764	0.059028259963585
0.803620921341924	0.330666152724973
0.94820175004088	0.248479682375772
0.510619816865865	0.180113549991954
-0.168663393721381	0.0603724956040683
-0.742101285286405	0.253499136601578
-0.540269772022685	0.203101413077247
0.653826927429073	0.205337088996143
0.130992195528203	0.0493490863110476
0.428071608230174	0.168976723678548
1.89051012318919	1.62633005569878
0.882873891927137	0.467869883524531
-0.017814222787324	0.0754628332058553
-0.1562287923598	1.0425427308806
0.369406112523493	2.57654336074048
0.422032601336368	2.62777675756935
0.516722743612588	3.06159615902654
0.387449828947439	1.59311660131708
0.609272672107812	3.09900057052132
0.36900971410753	1.33631714098315
0.603482500111932	2.72620833666722
0.311820120948262	0.76775467075864
0.554519163932279	1.52663851974504
0.335587300022313	0.662342001527029
-0.103553641964359	0.140770950229211
0.0225172060531273	0.0317562114609565
0.282716563784416	0.522254115348082
0.364077045820473	0.759474339474837
0.778000815170923	2.03874596773034
0.602642797316816	1.30285213968086
0.287102780270951	0.364205366707745
0.634198943837805	1.19540857084247
-0.0399087698058348	0.044524626374926
0.162081228129461	0.211311815814433
-0.0968985987317423	0.115530849972166
-0.341649600017053	0.529125449288531
-0.133952761192275	0.156818745923473
-0.0905295814772154	0.0961928306701284
0.286745713302804	0.380783199234095
0.378139195535124	0.56050953496585
0.568260994974544	0.999877568057494
-0.0549299473089217	0.0628439807295369
0.237525990551225	0.311459604169738
-0.0801758972746085	0.0802216577946938
0.145855862365015	0.176075562022654
0.0485925663069085	0.0515473987851857
0.2569713387718	0.265712645791472
-0.151295228319046	0.158283307444298
0.299384187980634	0.417904652571439
0.244394442736444	0.295162127865942
-0.0483651290452858	0.0500591199897003
0.127389842393029	0.117703903014202
0.388730349112061	0.573031913838035
-0.182266179004901	0.212306954371897
0.00406018931571778	0.00445886612169853
-0.0693550235794672	0.0705537896965093
0.22743404505466	0.318891021417529
0.105814377353746	0.133377183070109
0.31719440343072	0.417347471958293
-0.37582191951427	0.482258354070344
0.283689200769244	0.352853288818873
-0.129132474924164	0.104751090329327
0.44397567354692	0.513783317808985
0.781321537834836	0.737466138738302
0.325894321090174	0.180580016649282
1.45198001091205	0.478658944297305
0.137251140592937	0.0659045626428235
1.02422162940792	0.382079227006262
2.10114269367742	0.924635433318668
1.02363521199244	0.381873400117373
2.10080345028195	0.924400736993524
-0.327014345939738	0.150800233005045
1.44725524543057	0.476951096350534
1.31586720558699	0.564653945091699
0.425281606664403	0.167780963846818
-0.355104953248248	0.101967480674674
0.131516255673475	0.0495525805236666
0.670831219986141	0.308462665871979
3.26631056571709	1.10328266544307
0.160221796316651	0.0401166927693931
0.322435253438749	0.1784353253351
1.15100445264583	1.85554100527964
-0.808428164432515	0.441840295036187
1.25599478121855	0.680370001576288
0.612618609490302	0.575455462011803
0.286750517763825	0.21615498645538
0.769398096257283	1.20025091885177
0.565951016156774	0.5658949926959
-0.199637807699193	0.108034517287432
-0.0764772914224788	0.033688068526269
0.82461956596512	1.16999224924908
0.805116244112889	0.331471066458395
0.649768942896297	0.203901317319374
0.947770742439721	0.248281535275256
0.144054213480702	0.0423469198905259
-0.788618958882262	0.341859317766317
0.948337549654709	0.248516516252871
-0.237437039825944	0.0763599123457812
0.950998501270056	0.249196467275389
-3.45967591146264	1.22746502283364
-0.746717249463686	0.255040079048345
-0.547853283678273	0.206125055397661
2.10173504798347	0.924843834263361
-1.79840965860499	0.382877827643389
0.147597353924913	0.0432809812564028
-0.236295434458238	0.0760318807121589
-1.29168000855152	0.575539877969775
0.155111385030128	0.0290417527313876
0.511535984561553	0.180463547184556
-0.0799166420658855	0.445008460245268
-0.176909867828954	1.27118994150429
0.388988005362976	3.63778172570849
0.365713775869342	2.89821951039246
0.403661258703182	2.90326057505909
0.574501615518812	4.65110028202727
0.488709165755859	2.97810830522106
0.643444678876564	3.68852527060925
0.129153529702711	0.333257154722807
0.573653049359926	2.99911426528092
0.157069919878274	0.416253418040444
0.0176574031897397	0.0271203801870299
0.328794322914097	0.684252713031642
-0.0824882548544193	0.088096586720142
-0.185549241469888	0.238095471046591
0.15268242667894	0.227599832066216
-0.255416582321218	0.448199485895166
0.306135573310994	0.521190580781247
0.376930596390996	0.5749791400319
-0.238888777592159	0.332083719202936
0.643218697104234	1.00187191246264
0.808366033771631	1.46822550807089
0.308603139178881	0.59810373422074
0.24343909063347	0.413607111612425
0.338542848290157	0.590050289764364
0.131934550947515	0.198825750283015
-0.241854096590324	0.375650631770436
0.204535781795006	0.257327024822904
-0.125648074956845	0.151132095933679
0.424525562504653	0.70699197881431
0.742610764783079	1.93225675996607
0.629468674509675	1.63717774237805
0.361020064640928	0.542613560691817
0.432899434329514	0.521827862180341
0.16412843909283	0.214420693870169
-0.483780725715319	0.759577097060917
0.353378694331677	0.413671364940594
-0.228770389357706	0.318437706085085
-0.472462892599999	0.869004576910129
-0.456510659649791	0.636142503916961
-0.139989913262361	0.136476126942591
-0.179717666985065	0.171015040762891
-0.503575890966742	0.678937873131717
0.104650139116867	0.119998824795476
0.460103038800652	0.668369097498246
0.108100169418633	0.113165187328701
-0.0131971831615269	0.0146781459652653
0.272832911151849	0.435954150834595
0.292927389078413	0.411867767784411
-0.933205327102994	1.75043062256209
0.0981762405209203	0.0971591097701489
-0.14535504774527	0.11606296689675
-0.413956026495617	0.39156518838576
-0.194354096336305	0.105096752367293
-1.29433801976141	0.576778854624373
1.44922258720914	0.477763268309402
2.33706074348868	1.14515549915231
-0.352036490485324	0.101122204058746
1.02626205148491	0.382823634565729
1.02422162940792	0.382079227006262
-1.82841297073294	0.73863065228361
-0.789605168834435	0.342652630123742
-0.111947284480816	0.0445610732318203
1.44780311038183	0.477066495630919
2.33842592547281	1.14619164851825
1.31054152970832	0.562024590641149
-0.237437039825944	0.0763599123457812
1.81574571371452	0.703837629137609
0.798112323859371	0.328001407916524
2.10835314409231	0.927825395770054
1.09493732456797	0.830239985495174
0.188109344769889	0.192737154536399
0.73228101635362	0.611564858028873
-0.80487100386735	0.5368512476129
0.374402254410437	0.165957266705863
-0.516303598619032	0.481099357565631
-0.548094411605718	0.658683982231329
0.0674844859744686	0.0438057196006635
-0.075924671192178	0.0334301365415326
-0.506571882441745	0.267399394400547
0.891728829613614	1.22715157787401
-0.16684564485734	0.0597373941238438
0.948337549654709	0.248516516252871
0.162952579336367	0.0406858836130456
1.81574571371452	0.703837629137609
-1.29767890644575	0.579059217742002
-0.738882523398138	0.252189660649256
1.44899109330448	0.477667123734845
1.02626205148491	0.382823634565729
0.658448437247608	0.206865271021461
-0.35569023027487	0.10209347470967
1.95731570776637	0.441000340195791
0.510440135603011	0.179966436385068
-1.18731946379923	0.663548371437298
-0.241762406615348	0.0777470617850766
1.55394444395621	0.754362102160042
-0.233047434566175	0.0749968030904927
0.504320743367008	0.177589368191118
-2.57963910438406	0.659061212358043
1.45138090115721	0.478568850670936
1.02592340208434	0.382810966482796
0.223188750261387	2.0380481294376
0.328040954778498	3.5351373691503
-0.0821161815948738	0.39622865729009
-0.0320750815660518	0.117246692744935
0.448571185438952	4.09006060137223
0.349549639104083	2.16515798371339
0.224069665314598	0.909935002380273
0.240548445418214	0.949974215325798
0.189396356349056	0.704062347658533
0.381044216120312	1.77717054627223
0.33215251773117	0.886972258372038
-0.107590841321741	0.176067328408506
0.206500979517426	0.293162873403885
0.124444381660495	0.181253625476891
0.384304562377136	0.917264177601995
0.141475195265234	0.274870529437816
0.19282300177436	0.349430968730267
0.339743743446105	0.61980992305958
-0.445315837480842	0.779135130571957
0.698460288166003	1.34735678952797
0.394824952511402	0.70038155680806
0.162741325138826	0.302189373776342
0.267894310598635	0.567376821267497
0.540550968889407	1.30932455863062
0.446074720552223	1.06910279970563
0.118534289264872	0.178279272436605
0.24700538179659	0.421521655960565
0.301922761212913	0.489664596659144
0.570755884814676	1.04759839651368
0.298228113106613	0.578649741930852
0.493028745006744	1.18025590468945
-0.402354064433561	0.681441170343996
-0.0405292565906525	0.0386386069590856
-0.0429875179816998	0.0499511215247021
-0.0572339707723402	0.0649977990717182
-0.250076429850654	0.303584404604155
0.160715862197149	0.221001218518364
-0.45646512680083	0.901633522573927
-0.0894046210991181	0.0961113735360624
-0.56900071161755	0.954463846296013
-0.148148506854916	0.163171107505293
0.241412649942863	0.271980102960977
-0.4006539463363	0.783943245860268
-0.0843339926292601	0.0974344393769495
0.0971259186882713	0.120024635674307
-0.0782984960605883	0.106046946818736
0.677255669335811	1.74344257916442
0.590883449387642	1.3565300592689
-0.540354044316921	0.938238370685495
-0.115901022703068	0.148048357587134
0.328423042067909	0.330534844096749
0.0789085200471583	0.0729532211907203
-0.414849585401539	0.172825872337049
-0.165524140224107	0.0592721353648851
0.429189841643481	0.169462047821113
3.26224218729945	1.1009233569627
-1.18331838197568	0.660588319715065
-0.237212899766669	0.0763212805777045
0.65757421006213	0.206588655278929
-0.412010234321335	0.171678428312688
1.02626205148491	0.382823634565729
1.95786695174359	0.441149378722158
1.81264504950119	0.702404900566408
0.126864758084239	0.0422209393647781
-0.628599509856641	0.151612619227975
-1.00395217666584	0.496433034650267
0.143231568712453	0.0420634101782781
2.34314692663222	1.14883919940855
-1.29825184667106	0.579597355540298
1.34782554327404	1.24332717406425
-0.0158924105118917	0.0125116819328805
0.286582722212693	0.22541515859266
1.55126146787483	0.752994445894456
0.732361545261286	0.921864148264891
-0.315900491156815	0.285009529250743
0.247529335714851	0.26470041248032
1.0703725286756	1.25493891125419
-0.342500860818584	0.208156216912945
0.531753637841179	0.306459777687393
0.0469867273809941	0.0374941736983776
1.05045170776055	0.499417532634873
0.154465593370314	0.0289479903375428
1.95786695174359	0.441149378722158
1.8138222857108	0.70292085392477
0.658448437247608	0.206865271021461
0.15547989361324	0.039031965106125
0.660932155782147	0.207694635746326
0.658448437247608	0.206865271021461
0.12945735569768	0.0552860207636022
1.01961500222098	0.379984696878922
-0.628599509856641	0.151612619227975
0.51534721966292	0.181749344838292
-1.14171114622793	0.344693702322242
0.51386494250992	0.181311218287051
1.3150863687139	0.564688556451063
-1.14088544605048	0.344426431780091
0.659032459281836	0.207041754611057
1.04759640633222	0.497574511501099
0.948337549654709	0.248516516252871
-0.628733247343677	0.151688343674084
0.16045117802105	0.0401558290866076
1.04947833577178	0.498429166243306
-0.0876114157828758	0.506953082727215
-0.27008596493803	2.50673212341128
-0.0600314623869935	0.257163647578926
0.196103162070292	1.14086808154638
0.20820106361706	1.02748840911646
0.0828595227394542	0.262222472812502
-0.00615493972390761	0.0149305840330135
0.227158076982817	0.920963568307476
0.543909045387781	3.10972208631658
0.159955779131633	0.348247940444253
0.263284362894426	0.604817882117459
0.467156527577905	1.02631104642314
-0.227785052590191	0.335526396412375
-0.332738708324388	0.737223103983287
0.511536932730873	1.61380176669288
0.118581511006443	0.19735252282021
0.453559657910577	0.977652951113559
0.16482469036166	0.21793128982571
0.476700806798558	0.601042119982825
0.108909188645372	0.120778191328208
0.258544772643498	0.533512925875395
0.00510069801052654	0.00625789191973988
0.346356252543601	0.666208686789566
0.264620732536767	0.463416318235929
-0.119453230134915	0.174939236114271
0.469331847110526	0.872248750717699
-0.334690851620093	0.564217627070868
0.518696753246984	1.02177385104138
-0.0193848854293298	0.0256035546911947
0.351438413313483	0.679824450408149
0.32309136436782	0.516629250106367
0.153152440438421	0.181550063159445
-0.410546796277048	0.691232555041075
0.0182830038162524	0.0195002169072422
-0.119514560307029	0.116539975968806
-0.428764718032382	0.773156380548916
-0.121503138751753	0.157101214802902
0.192095637569975	0.232413644059483
-0.06596396933273	0.0607594714837397
-0.189457995865168	0.194864002596071
0.126337313061622	0.149994909502053
-0.590523648118081	1.05717406730734
0.189090130646678	0.228122227341603
-0.0807817362461226	0.0939780962000884
0.112845615194187	0.144429021147071
-0.0861518027904695	0.108484837553861
-0.873970394620315	2.02033898715147
0.0173599157755375	0.0164868787037822
-0.509364874207363	0.908788691483898
-0.360522715874662	0.351246220343518
1.22332308352118	2.29063426056143
-0.407823318920142	0.23233628421413
-0.411594396506958	0.171389354957964
3.63460034321621	1.42001047409594
-0.536322009305803	0.201466150653051
-0.628867026021838	0.151670609188118
2.3415744993868	1.14854547995181
-3.08229418357021	0.947231644170671
0.163185820804974	0.0407257646525502
-1.79840965860499	0.382877827643389
1.45138090115721	0.478568850670936
-0.078797095781775	0.0346748700542861
4.37369327971884	2.22600437542249
0.159859477622278	0.0400192334307773
0.661225548064972	0.20772290984652
-1.79839614394125	0.382877807711208
-1.14536534536015	0.34589005605433
-0.41227414034474	0.17169995991028
-0.809790685121301	0.443227585332495
-0.346528771443596	0.334313396107537
0.954794903883746	0.94443830282475
-1.14559783756009	0.346052129596875
-1.52870847455705	1.74010295208045
0.0940275861977356	0.0714762140542819
-0.223398290757618	0.191734795277982
-0.907478357071996	0.76017484836086
-0.277383391256391	0.175156572560267
0.139185376148384	0.0667894925858745
0.597119200356744	0.748190119594275
0.154509067766894	0.0289541162362231
0.658741078701816	0.207014004441108
0.950998501270056	0.249196467275389
-1.13849635482287	0.34354887893789
0.950858461556905	0.2491584305819
2.10696045512803	0.927365218292158
-1.1414839653338	0.344622990730584
-1.5292536270854	0.543488048058857
0.660640141500972	0.207490447031014
1.02131734487847	0.380569582022262
1.81235300959058	0.702242876396542
-1.14974325164212	0.347335128550777
-0.628733247343677	0.151688343674084
0.146670376003709	0.0430346600388633
1.05045170776055	0.499417532634873
0.157325350109871	0.02936446462458
0.154465593370314	0.0289479903375428
-4.01491403388669	1.72624539690177
-0.237951175012543	0.0765779483617726
-0.0785239840108692	0.441270177042679
-0.00697501366808783	0.0274985209225085
-0.0671758678958901	0.288449612738346
0.143471530567961	0.693146108283254
-0.0475690852182627	0.165713797058022
0.0946875611674351	0.33961567450039
0.272927157307898	1.39453795976316
0.234165730713787	0.932152142856377
0.354600098572799	1.46373493856316
0.34996481767676	1.2084930079002
0.314937405855064	0.856665271375198
0.610434937599771	2.30864381581358
0.0884357272315853	0.186213738120879
0.189413190166451	0.437992249892696
0.242582691166079	0.553302669396989
0.55439270526578	1.75158893027748
0.365072317666559	0.812686814117031
0.243053301313039	0.397313090488224
0.342277100647949	0.711724805130531
-0.0181003904843336	0.025264522473321
0.201220551105987	0.367336923133652
-0.0135400144676609	0.0177703006202165
0.357378372981023	0.816623663745904
-0.151293625597494	0.236344978337151
0.414235446802253	0.813152345785839
-0.14604811969388	0.229445403091451
0.31329886981349	0.56940095708824
-0.156983680112051	0.229924434588329
0.0305983796474438	0.0369350233374152
-0.379133157969069	0.703096478579123
0.88337654888336	2.27553813471328
0.167703640979078	0.23242494934169
0.415837939204729	0.767514459482484
0.448357048086695	0.859244419651404
-0.335360521449951	0.61954108269881
-0.25246996151309	0.417280440858941
-0.239269467880848	0.347010632827649
0.119377173358064	0.152372785199391
0.465772236293504	0.787607681246485
-0.172406569172526	0.223414121752792
0.099919221989162	0.128991366938252
-0.685479455175122	1.65176603956313
-0.212209443274542	0.297324812771139
0.130981580957143	0.163863148624604
-0.380018942443074	0.638048436127166
-0.146753858788906	0.193358453544418
-0.454926638060465	0.66346919368242
0.496112905516418	0.762509188087733
1.22504414240927	1.73606229680911
0.476442683504065	0.600794762466252
1.49586105321548	1.98357856754675
0.939653608185034	0.634061548939542
0.599156331081289	0.452019946121304
0.658449623497539	0.206846818911275
1.0413509498197	0.494052519302526
-0.326227567679558	0.150590383555099
2.88401010628994	1.91016117712152
3.26224218729945	1.1009233569627
-0.512894788703849	0.271250894035212
0.154509067766894	0.0289541162362231
-0.53874057789979	0.202401825815006
-0.41623244955667	0.173427585955129
0.59222873732055	0.306385915950256
0.797760401782817	0.327916718359797
-1.52955481711501	0.543641482939636
0.127476057735319	0.0544213820391125
-0.628164901903538	0.15157555358925
1.38873070425816	1.07382394494223
0.0919168232538053	0.0675893208547735
0.307077821935086	0.211790066825228
0.429805786963234	0.327651881892088
0.839428900759112	0.886649576014461
-0.196238661474198	0.132326253618352
-0.272481541487662	0.226978618501511
0.278074804322073	0.217706552319408
1.43740402691411	1.63236908447654
0.649946320897409	0.463248937780803
0.642202963292743	0.778986630997184
0.708558759402396	0.466168463601368
2.75641316563256	0.763778311858285
0.154311934860129	0.0289593414864238
1.02214625298213	0.381008988602194
1.02592340208434	0.382810966482796
0.124822735555812	0.0470818361400661
1.55322278137623	0.754063606155397
0.670831219986141	0.308462665871979
0.140609521820489	0.0413743325045252
0.947635845528227	0.248244973505163
1.5554260223568	0.75543285370151
0.948905461162112	0.248586345985544
1.0238833519431	0.381787644807647
0.144640697621443	0.0425017414545061
-2.30348519403534	1.15039517348929
0.51408290047205	0.181384498788784
1.02248687611089	0.381157405723936
0.510271633266051	0.179924314863983
0.132032810243933	0.0438841642048134
0.14371839260098	0.0422424410228484
-1.52468217246603	0.541450953371581
0.42674901755277	0.168383534172577
2.09682127519349	0.921775526445784
0.16045117802105	0.0401558290866076
1.44958631087756	0.477702557005987
0.88854414879259	0.471898412389757
0.658449623497539	0.206846818911275
0.155713854733082	0.0390835596706886
0.510967914253512	0.180245566763838
-0.241194698180716	0.0775963201393135
1.44862736407577	0.477555630338169
2.5437102301488	1.3769190112143
2.75580772001712	0.763760469153332
-0.0086977318683532	0.0360020272732008
-0.165107563096606	1.05774645711724
-0.0269597963053216	0.0969694484164601
-0.0682846485721555	0.273420020240868
-0.116488136837731	0.470534098970362
-0.0273532296336395	0.0776411269612942
0.161805792748281	0.581887376491376
0.319015490127389	1.53315508673681
-0.0552631612369075	0.128215158763864
0.00151285163191084	0.00278250725418684
0.459678485899808	1.79445349095295
-0.0966400601558553	0.220987189738977
0.173686574848492	0.43413993469641
-0.0527740276869989	0.0935131387177381
-0.124848294447226	0.227588827147035
0.00549084978628584	0.00866580660963616
0.294313215815149	0.642878535642646
0.368769084381326	0.95324875171445
-0.0224587843643251	0.0308723479426705
0.321574328857585	0.607257610483938
-0.357166720600164	0.590810396128974
-0.076547718891869	0.0979356628831522
0.615631093964253	1.29121866109127
-0.368218042205932	0.645613738007788
-0.44981490772296	1.09439664831602
0.151418242510186	0.235168122387998
0.0435905977764394	0.0523779826848743
-0.167531125171993	0.19231192891239
-0.0256304389047664	0.0313952616074439
-0.292180163211952	0.492101221615234
0.287100149941357	0.518753639128792
-0.53010750755042	1.09286109153166
-0.364760483402226	0.655601207177661
-0.0800706276711384	0.0966912399552258
0.216939728704979	0.335610075882126
-0.231684373548078	0.405513239113067
0.165267638308694	0.249141225181866
-0.0593615222111653	0.0733171166906517
-0.595730267808991	1.18946142645464
0.0152005377486254	0.0155378870915637
-0.15382673803733	0.23241726362432
0.170401491488471	0.249216024490168
-0.269889577029054	0.406601338684969
0.306330054301221	0.430379808849696
0.440520866839632	0.6633367308714
-0.0155169080338603	0.0153344452246217
-0.185808833067496	0.202606418967341
-0.241352917748474	0.224906705569967
0.31995997327379	0.34458901100646
0.176685138014921	0.121095777441825
1.60677856805086	1.11225543079521
-0.413824117867493	0.236550705785241
-0.233012390614751	0.0750082865881465
0.373546122545532	0.165389831147184
-0.539569636046331	0.202819044138208
-1.83470480543889	0.742065970342523
1.04023849222891	0.493343152511521
-1.1406575104342	0.344234513147494
-0.793182567097288	0.344216411224244
-1.14088544605048	0.344426431780091
1.5503470618422	0.752279378570894
-1.61858565207613	1.25494812814779
-0.245190781440017	0.0788498782296321
-1.52527766014307	0.541726073904961
-0.808732680804178	0.539846689613768
-0.170856035041343	0.0611834573692003
0.0491242357070799	0.0303000683350439
-0.350502978706895	0.3391044727065
-0.0829408904473645	0.0508782949027615
-1.35390453727453	1.12638354288778
0.895613704249345	0.918523322731787
0.645852069616873	0.586154655364222
0.485416286779268	0.531714838402928
-0.0334769104722506	0.0216873868497234
0.0425559195773451	0.0247776541581646
-0.257597094518172	0.130225421169494
-0.0765149071133893	0.0556557179590576
-0.509209827451722	0.269398670612143
-2.57669595250488	0.657559862268914
1.45198001091205	0.478658944297305
0.801646495621991	0.329806891015716
1.81545080408239	0.703738180326379
-0.738414128880846	0.252090639638632
0.509876478641146	0.179762262788489
1.25215742453943	0.676830136259227
2.54427735653569	1.37734833843962
1.31240282325545	0.562988742832529
-0.73833632952493	0.25198039611565
1.31161763457028	0.562749823451238
1.81545080408239	0.703738180326379
0.14255281745336	0.0418775195715754
0.128919301055159	0.0428813133463191
0.656894206098884	0.206287716765961
-0.788962872631865	0.342076545446221
0.511755072041239	0.180523302881905
1.25750613875471	0.681519793037032
0.59161582030464	0.305979921494214
-3.08556356757563	0.949512459473102
0.145313170347528	0.042674261922763
1.31196676791469	0.562729963486004
-0.961700641570405	0.591657346321493
1.02592340208434	0.382810966482796
-0.535402990152881	0.201037267314672
0.426534137158906	0.168253126180802
-1.52275201069355	0.540627902821117
0.426534137158906	0.168253126180802
0.159402290839324	0.0399177124259514
0.514431860453614	0.181517099423547
4.37117058796747	2.22329777919763
0.886880810796195	0.470838273661841
-0.0307695126995654	0.142156339004458
-0.18579972656357	1.37516187010448
-1.16218040746433	29.5168190633845
-0.352632117032417	2.95547122416384
-0.437613688518451	4.27149415639356
-0.0317214623733869	0.103016781125705
0.18831468056048	0.689762486673253
0.460124835664645	1.88048502562475
0.642478725160478	1.88744052205983
0.225618982899579	0.466121067798344
-0.00701626723950174	0.0133326969230002
0.160359411870585	0.433639338361165
0.546932992915111	1.99413859052664
0.312144270637429	0.68032991788358
0.119086396203581	0.176567998723888
0.596372636071189	1.16168051061222
0.804811905419284	2.26545775979441
0.0566727040113978	0.106408771524142
-0.0701994306787013	0.126947978274403
-0.110603197044076	0.20081563090443
0.0956074297288607	0.160155358217208
-0.0254943812287159	0.0402679120837583
-0.308634487438065	0.606627469807031
-0.0725089364579662	0.103177526372943
0.205128258787631	0.37494475531676
0.341563832420297	0.850377795645373
-0.00804066214801464	0.0108106984963403
-0.213342420453822	0.35141347873232
0.634007388650015	1.1258490471421
-0.264548418739691	0.396148111985731
0.302829867697451	0.543968004332495
0.697213208711769	1.20137331274437
-0.337395513696708	0.697077988122965
-0.172716092015459	0.244483050991987
0.143660820169398	0.172998299286394
-0.0858920475901178	0.104390289940467
0.192497852577724	0.209012903829575
0.3480674916611	0.53886641257342
-0.258216965912555	0.458644722573152
-0.103000824632633	0.115982873632209
0.189827296751301	0.232316697481926
-0.0199247052907151	0.0253274380754033
-0.0859303379024145	0.1303032696799
0.358643776485481	0.631752987570564
0.681462930175318	1.18414420519951
0.472129368509324	0.908629627861811
0.128755693912703	0.119102062726056
0.333822605876176	0.41579957443553
0.303387866019456	0.208649916284013
1.06281989717071	0.64263164584695
0.13422930794267	0.0445728055584624
0.514780733836532	0.181589698987139
0.144976980831471	0.0425943260188831
4.16730154885901	1.96585814036702
-1.14559783756009	0.346052129596875
-0.996844113472531	0.49186769829669
-0.176204899558927	0.0630439010995475
-0.36130712484679	0.103695538861668
3.6326714041979	1.41965046916025
0.804687608616084	0.331016518337293
-0.355401168227563	0.102014834884787
0.503760514975086	0.177440938805015
-2.57660997484294	0.657538252319339
-1.79840965860499	0.382877827643389
1.05824969202296	0.639743416249342
-1.69758307791312	0.95752255418445
0.174947412893914	0.143776397121465
1.02950345186962	0.976130956889218
1.06953095560218	0.64904653125742
-0.582545531320039	0.427568496466722
0.186017068163907	0.144325083932179
0.635970214098059	0.852653866624369
0.177050081013527	0.121357432090479
1.22389097508587	1.02679653439184
-1.86182709202009	1.16918199758654
-0.169581406725433	0.147584437462169
-0.421338623418603	0.175861305360882
1.44862736407577	0.477555630338169
0.157370411029726	0.0293708256249034
0.154509067766894	0.0289541162362231
0.514213661606994	0.181383794125596
1.31275235192293	0.563405500186811
2.75641316563256	0.763778311858285
0.658449623497539	0.206846818911275
0.948337549654709	0.248516516252871
1.31707371804938	0.565285221866794
0.154465593370314	0.0289479903375428
-1.52499008340819	0.541418114624462
-2.57660997484294	0.657538252319339
0.950998501270056	0.249196467275389
-0.165979088132795	0.0594930049113456
1.4480329582247	0.477161868008032
0.13656660731672	0.0402314592662008
0.658157600688591	0.206837664845118
1.95786695174359	0.441149378722158
0.159036592116599	0.0397877345506797
0.653540010885453	0.205185988936824
0.950998501270056	0.249196467275389
-0.628733247343677	0.151688343674084
0.159402290839324	0.0399177124259514
0.663427748733987	0.208300313291545
1.45078261646269	0.478218161496633
0.950998501270056	0.249196467275389
0.511315925469962	0.180318053690652
-1.14536534536015	0.34589005605433
-1.79839614394125	0.382877807711208
0.163185820804974	0.0407257646525502
0.155067569950451	0.0290355764553768
0.807315995064131	0.33234971731287
0.661225548064972	0.20772290984652
-0.168975142967507	0.0605402988532689
1.02097706153712	0.380421430230224
0.948337549654709	0.248516516252871
1.44785372417853	0.477041110592846
-0.21930506788229	1.96252604970828
-0.221190453091858	1.79902682376109
-0.0626202507811891	0.270073525473052
-0.166095209100868	0.964839651392849
0.357559331422987	2.8175661245496
0.482160427190481	3.93323924433588
0.423997249808806	2.44826656572896
0.505719582346272	2.42353462486891
0.275232889368806	0.876112100099203
0.2136965966577	0.749954550955046
0.333845497560343	1.26079824092418
0.412076551103932	1.52537069588613
0.616054855067823	2.59998427672415
0.630513771759192	2.43344303532713
0.544898590002067	1.56858247724731
0.967556563205373	4.34924057640523
0.102406378495148	0.210512381678448
0.279089269467501	0.674631726576914
0.256944025102064	0.566225324489815
0.0512863504256057	0.080293458032931
0.276280872155783	0.601790990741859
0.0672302724715063	0.101984950174401
0.400647190477117	0.985925740073358
-0.0970321437806813	0.135322932838889
-0.185335049002276	0.344780524041706
-0.282932394413029	0.567951617359187
0.754421119194508	2.01815667181002
0.427149769894526	0.849253715439979
0.273842909499567	0.45703113069287
0.194137276708933	0.303776789116754
0.459817063793353	0.869229597839459
0.194620644153063	0.29740748500662
0.159745872637754	0.245787510428504
0.0654358577480243	0.0874324217775754
-0.0199326190767103	0.0237553005463675
0.379465538293896	0.579976586177222
0.317590755112538	0.517365308866755
-0.603491770031911	1.2621805363112
0.217525658877798	0.33664032655409
0.129668309724742	0.165620737567836
-0.479053062480689	1.07527364561293
-0.123759461882521	0.182167292091914
-0.141280124997382	0.19555657312762
0.347110301134181	0.544067950280543
0.163383121620741	0.208280744591363
0.177779193520022	0.193714065727482
-0.0192276417171047	0.0185305507626977
0.448778354723433	0.324883473698207
1.43601090495908	0.88026702341135
-0.996511669786601	0.49158781401669
1.76136333181412	0.965618801346497
1.31218528243788	0.56311122145944
-1.04396421075156	0.411040526644558
0.424054549100668	0.167331926668015
0.135364021327178	0.0449437078279942
-0.628599509856641	0.151612619227975
-0.239216268709345	0.0769712564401174
2.34135533413392	1.14844291387782
0.145227337337459	0.0426443607563146
-0.632424041671007	0.152580102364835
1.2562500926633	0.680630080040547
0.513646005292164	0.181128642856017
-1.00004103377151	0.493654528880013
1.8135291528185	0.702758164322864
-0.0797943273019492	0.0351107855199681
-0.112389207610805	0.0809152519213222
0.0310883565356363	0.0181507510671329
0.427940197825985	0.168935073750412
0.535277489693417	0.308945586949705
-0.391684449727373	0.40696788678131
-0.356158437328073	0.346008045337421
0.0352098498246087	0.0205508068355053
-0.037687421496825	0.018029945288749
0.503230566110401	0.31953824247713
0.271277581835602	0.228038266889148
-1.04347763338354	0.410675434748757
-0.628733247343677	0.151688343674084
-1.79840965860499	0.382877827643389
0.796991421985705	0.327572809046966
2.0956418939305	0.921016207690412
-0.354525819937872	0.101778275735803
-0.236989724567202	0.0762485047293907
-2.57660997484294	0.657538252319339
1.55265783773452	0.753699130068357
0.163185820804974	0.0407257646525502
-0.35262379016767	0.101278913820777
0.144054213480702	0.0423469198905259
1.75836423143201	0.962753553234379
-1.83496954182052	0.74201254055013
-2.57660997484294	0.657538252319339
0.154465593370314	0.0289479903375428
2.54257405726722	1.37573596793611
1.81264504950119	0.702404900566408
-0.354815349846941	0.101888689175609
0.660932155782147	0.207694635746326
0.149551069550847	0.043790750343374
2.54314246294555	1.37638183456833
1.02248687611089	0.381157405723936
1.31126841403568	0.56233368703482
0.660638687988492	0.207526442563452
0.15144823932183	0.0285426379557898
1.30729482478471	0.560238424285418
-0.538963433786103	0.202464572078945
1.04599966087592	0.496530182996476
0.159402290839324	0.0399177124259514
1.04357682527213	0.495406585736145
-0.241194698180716	0.0775963201393135
0.94820175004088	0.248479682375772
1.81886023461405	0.704877804186235
1.3150863687139	0.564688556451063
0.144976980831471	0.0425943260188831
1.31104941060088	0.562257057470917
-0.151144020594283	1.07546500198491
-0.445125039133239	6.0102768086349
-0.774848700796233	14.9254424150099
0.11983123817447	0.587027703192051
0.1894855544196	1.09132475838661
0.25238055887318	1.37432651591135
0.55905337955953	4.05768790528761
0.394727591637944	2.15157710610902
0.0640535725203801	0.194810616042118
-0.0209736378558275	0.0465720424342316
0.590519291708879	2.69262532988935
0.716587259869144	3.98331578140819
0.679163391425185	3.74126031516359
0.743026200648051	3.58609983946684
0.573351072386487	2.22722197916304
0.358548218235795	0.842898225564037
0.336057732246362	0.757268302136425
-0.264691522864869	0.408130408520733
-0.0895206798993923	0.122022817456105
0.319201423923335	0.662369380102978
-0.314092694259208	0.577960812458125
0.230769716048808	0.413773227409749
0.810012004812458	2.37270107746679
-0.0566990834844059	0.0649755880694265
0.231745026006551	0.322350155513433
0.0176904698526702	0.0225299652077436
0.16602209079421	0.269064127322303
0.155968331399554	0.248726450027154
0.271563797947583	0.433360288377853
0.256661772979923	0.44944299345267
0.111865659458794	0.127630270898007
0.0845344651799759	0.11152170639073
0.783603857816459	1.85833910868569
0.180390954701309	0.281201217352939
0.102966115810726	0.145112145103693
0.0582408320037676	0.073259910418422
0.0872238954833297	0.102062178779854
0.0404269958183347	0.0507033597849836
0.109303608021166	0.158723054210779
0.338910856454882	0.494821426975277
0.0923928429409859	0.0925107140092844
0.104722884885452	0.0848023051130676
-0.302236304787025	0.341982089031099
0.30224503933531	0.342514236398085
-0.215495071957762	0.183924362510189
0.575139557787096	0.749526638540161
0.270420351384338	0.234882442363659
0.492364437897151	0.441240843263657
1.38301964407515	1.06671633935633
0.127216045626174	0.0423254599417483
-0.337002533244073	0.204171201209069
0.423151231158449	0.166897161573786
0.526988033731373	0.303339825390078
1.02279934713965	0.381250494154782
1.61217334133748	1.11873311168193
0.370917140498964	0.164420189737692
-1.00625245172633	0.497936953119527
0.516197868156601	0.182070276152868
-0.0771319647701705	0.0339624732029612
1.56016443207375	0.758073855893775
1.76171047161249	0.965486468454436
-0.504657345698144	0.266343563170319
-0.0857516921675239	0.037684581847028
-1.25775373341039	1.18399186557193
-0.254978552511921	0.190827317896945
1.05007484783971	1.11619288204951
0.544749124155365	0.455180459701568
0.295761716392385	0.202772920952705
-0.0194769053667543	0.0129107560177726
0.173852095686768	0.124320400097228
-0.586990066479335	0.431804008174148
0.302113083953646	0.207755375744057
-0.252035321781138	0.127296734168844
0.290999344013326	0.220013915506275
-0.114798840995251	0.0456854313144561
0.947770742439721	0.248281535275256
1.95731570776637	0.441000340195791
-1.51250283169498	0.761893695753477
1.7495814845369	0.955540018013696
-0.168443906364487	0.0602979483615774
1.55300985702291	0.753634208358815
0.127734657092946	0.0481556732712864
-0.352328640216398	0.101201570764145
0.50755078071475	0.178917899343599
0.156304884454214	0.0392194704826931
0.658448437247608	0.206865271021461
0.428285671446016	0.169094775343879
-0.421338623418603	0.175861305360882
0.661811042100157	0.2078534144171
1.75359171542842	0.958752831479486
-0.353939368265063	0.101586834148653
0.774443692273241	0.45988068813169
-1.04779140371951	0.412732841654536
-1.14499995487719	0.345855392571373
1.75836423143201	0.962753553234379
1.81826867111223	0.704762090721195
0.654121684946124	0.205433467520013
-0.35262379016767	0.101278913820777
0.805116244112889	0.331471066458395
1.814860828926	0.70324597733131
0.658157600688591	0.206837664845118
0.658157600688591	0.206837664845118
0.660932155782147	0.207694635746326
-0.628867026021838	0.151670609188118
0.947635845528227	0.248244973505163
0.661225548064972	0.20772290984652
0.797408395522862	0.327664211324392
2.33785384704991	1.14562321252435
2.54635513717823	1.37966478584737
0.948905461162112	0.248586345985544
0.660640141500972	0.207490447031014
1.64491908409105	1.54671347099151
-0.0509487719604028	0.254332356652014
-0.117643741262404	0.72371597447058
0.666304750795252	10.3613666576575
0.309853390370558	2.26373089801477
0.243264079944453	1.22698174063393
0.379574734990259	1.90151927963224
0.0302091065913819	0.0744101877145269
0.1678811497682	0.615951059535875
0.00253252759411172	0.00534425444077898
0.729347253383526	3.97718579209105
0.0125838497680588	0.0235220408597537
0.372150006208863	1.19036923586958
0.2087184824133	0.438265091815716
0.501795922026108	1.73984702970539
0.336362627621942	0.944987924915668
0.313811576907162	0.748852592622533
0.575126752842883	1.74190551814051
-0.330624917826277	0.643122699710549
0.250189936579229	0.542979962010885
0.46044848368318	1.21225822744238
0.519502651517036	1.42129304622323
0.135929164173115	0.219446734029279
-0.290287451957817	0.551698691687836
0.36001657092407	0.667856016779996
-0.0457818135218951	0.0652990705724219
0.248324694399079	0.383759611365142
0.14479687369546	0.208101887397991
-0.164960237578629	0.233665930720396
0.208006836519418	0.353275791682995
0.05121082225646	0.0678255650598475
-0.0990558344674363	0.138493235687524
0.397782314503742	0.788598330745823
-0.00805140475307405	0.00922402561124507
-0.0233332053808218	0.0263013698969013
-0.469888146442615	0.845545846510653
-0.0360218170970161	0.0460622804384123
-0.00071018504189481	0.000931756309351473
0.413174375319041	0.699852868055054
0.162898320793773	0.231607270117753
0.31057253871918	0.562620944577817
0.234392867639018	0.334959756012759
0.29088463345621	0.364227493677347
0.149934747970421	0.162530337171321
1.22983552298739	2.09268947726304
0.374640163739584	0.416353340300721
-0.391427089750991	0.310859169001313
1.09169464432822	0.826426328204944
0.377463332864578	0.167570032868996
-1.00399942765767	0.496751743591319
1.03933408515551	0.492573720159458
-0.539661343528338	0.202765677037844
-1.51980357837787	0.766701350070156
-1.05028745982723	0.413857331598975
-0.32088048820421	0.147877167020814
-0.748572391267963	0.255705802559136
2.3407843761875	1.14791185937458
1.04759640633222	0.497574511501099
-1.05085567955959	0.414282430800086
-1.5270374870482	0.542502468800959
-0.539661343528338	0.202765677037844
-0.168663393721381	0.0603724956040683
0.802207811651426	0.330062663722945
-0.901142117164112	0.753744519430333
0.338297623538867	0.333448960917482
0.785761827962266	0.621002552741095
0.4187085493114	0.16504840979534
0.572197569410615	0.457395766265073
-0.220757101398906	0.168264080150647
0.324851807580561	0.351013960885146
0.102280074607444	0.0826929228212158
0.309093819128852	0.200158497862559
1.06560505329062	0.645051970980612
0.558837432226046	0.556350313427304
0.506985941033904	0.178701728610087
2.75868832531345	0.765017792149168
-1.79840965860499	0.382877827643389
2.09682127519349	0.921775526445784
0.948768757521975	0.248549269795159
-0.628733247343677	0.151688343674084
-1.04255649350425	0.410401789740815
1.02626205148491	0.382823634565729
0.65757421006213	0.206588655278929
1.45198001091205	0.478658944297305
0.797408395522862	0.327664211324392
-0.241762406615348	0.0777470617850766
-1.52527766014307	0.541726073904961
0.802138012530807	0.329972517070534
1.31543636736156	0.564668618767136
0.508555713189783	0.179147038697078
-1.80123754984197	0.383647112861273
-0.624465346012822	0.299268395966845
1.44922258720914	0.477763268309402
0.656894206098884	0.206287716765961
1.31054152970832	0.562024590641149
-3.08556356757563	0.949512459473102
1.44450447975593	0.475941549703467
-1.52497036065527	0.541612586959632
-0.235969441731701	0.0759552403505453
-0.537241703354832	0.201774932174822
-0.74243876954869	0.25362235352836
-2.30441435077628	1.15122076767449
0.513297440290374	0.181056085890725
-0.547853283678273	0.206125055397661
2.09972141544835	0.923420014426389
-0.0784324197780788	0.0345177385183641
0.0482717277803453	0.242958584662524
0.156618484194116	1.09351972591175
-0.478216031290751	5.01864344998493
-0.268872531080538	1.38105808405241
-0.442713982081417	2.10166452195361
0.0640831217092099	0.142892379158537
-0.29707189305144	1.44294538251984
-0.149439009901911	0.501236316370366
0.134502858220607	0.373073055304611
0.238237944056277	0.654820938019971
0.178913511254699	0.377078690555431
-0.34897137586128	0.663049662442909
0.0122233689532424	0.018533039397307
0.254563953009547	0.78571296489181
0.266322583895736	0.752095731715489
0.365346969479055	1.19776079939091
0.119914978934064	0.254587089462493
0.19112036948751	0.468218195172277
0.50201334942835	1.46800679426648
0.174678193136738	0.350078048826751
0.468625038630199	1.26441270898925
0.264745160784099	0.618316584987738
0.348228731404092	0.896286867749674
0.300050877264394	0.558183878690303
0.0696621010065954	0.0878724823869977
0.401215053788123	0.899794976570597
-0.064574873485641	0.0925619156645047
0.305893838943862	0.503860813494085
-0.052083994421027	0.0794098036493566
0.082445929412976	0.115304080181347
0.265975805551799	0.457716681816599
0.203909525045942	0.31198643519483
0.350487539127931	0.42634172107104
-0.269072549133578	0.375761169719585
-0.504360982520553	1.22831240754843
-0.0874298331069107	0.12137583321202
-0.15049035586957	0.211722602773247
0.444977536370745	1.04690633353689
0.334871020315188	0.704784090906225
0.0315665302728757	0.0404412077094081
-0.201878880970598	0.263347697178445
0.129313769431741	0.173893475728089
0.836702439663678	1.33998682206728
0.0594560706446996	0.0604835152833252
0.137067298893387	0.0658585075973267
-0.16650099284086	0.0596001915892432
-0.624773794560314	0.298987479143815
-2.57963910438406	0.659061212358043
0.595100882887349	0.308195010506166
-0.120436689899838	0.0478987092728061
1.31543636736156	0.564668618767136
1.45415285694275	0.479329377268875
-0.259275628261514	0.131078763988436
3.63331351050508	1.42008896661082
-0.542900106811953	0.204176406519794
0.659032459281836	0.207041754611057
0.803055311396109	0.330423388744012
0.136064150045345	0.0451527296002601
-0.793748344573288	0.344753069034372
0.502638263241215	0.17703788215509
1.44922258720914	0.477763268309402
-0.624773794560314	0.298987479143815
0.501230422768358	0.537246982372525
-0.695797331364006	0.557217672523372
-0.330513491453011	0.152720818608878
-0.939014165896777	1.0782174008712
-0.0642428309236669	0.0406054132318116
0.0710849345362171	0.0642053438962752
0.484442165494706	0.530204438559944
0.466055343733915	0.317170748061109
-0.810395518035112	0.541528792807024
0.000258606210512505	0.000218553846893664
2.54800945944099	1.3806369230437
0.157370411029726	0.0293708256249034
2.54257405726722	1.37573596793611
0.158441687834525	0.0396618099099809
0.140361834634309	0.0413037326992959
2.10252540036319	0.925396731648863
-1.79840965860499	0.382877827643389
-2.0887702850993	0.943580524590739
0.162952579336367	0.0406858836130456
-1.1412568453231	0.344431220445032
0.587477639043838	0.30335432802977
-1.1414839653338	0.344622990730584
-1.79840965860499	0.382877827643389
-1.52497036065527	0.541612586959632
0.147510896476738	0.0432547789402825
2.10114269367742	0.924635433318668
0.511315925469962	0.180318053690652
0.157370411029726	0.0293708256249034
1.02617238539361	0.38275777208832
-3.08542618523242	0.949198094742557
1.81545080408239	0.703738180326379
3.26569824690609	1.10327543173781
-0.738002720964575	0.251779850607704
1.81323362267005	0.702723165703649
1.95731570776637	0.441000340195791
1.80894124091292	0.700425017401662
0.952960668065698	0.249631740841768
-0.626075023442282	0.151167646950723
0.948905461162112	0.248586345985544
1.81515619836297	0.703574555319196
0.127996404975649	0.0482698701963598
0.805116244112889	0.331471066458395
0.947770742439721	0.248281535275256
2.75868832531345	0.765017792149168
0.0169634950632358	0.0735717078988612
-0.274280673718556	2.31227411389863
-0.229727614196264	1.23730186407973
-0.0221558829076344	0.0526290841556589
0.0165180800413048	0.0388531329324372
-0.403671561470637	2.7486923332395
-0.0108094874270399	0.0275716868535952
0.263534467034645	1.04665026856672
0.321053878647636	1.10178326801738
0.0705010745428464	0.145617629604313
-0.0240458340271784	0.0394121104367821
0.395823773657667	1.24683831576574
0.243577072881501	0.827889260686549
0.249115044762146	0.667543312418999
0.15106846254083	0.327042084556164
0.0117502780204365	0.0206531452818456
-0.0275579411264467	0.0472293388636576
0.206664501289224	0.382812221621424
-0.139841060435052	0.264276449271112
0.0507564920626624	0.0774522831930678
-0.328568197915647	0.85676950207474
0.268017755017125	0.573315321185854
0.383010265280074	0.884259225638509
0.332256372954152	0.60753611931299
-0.0366877218792947	0.0511003537793959
0.012118046251102	0.0167667118357851
-0.0822719816152552	0.104085896027584
0.309370052379831	0.610877789029882
0.179822930267367	0.302865813042324
0.258610641180369	0.426024643138026
-0.383612631248517	0.65492546210492
0.413816425966132	0.63843763028818
-0.178381761506507	0.263099842141566
-0.769588785113039	2.10669922988865
0.0783621514001054	0.0960141577075603
0.387917870373503	0.811698890366155
-0.212975037543069	0.374604164233945
-0.100329553089479	0.144433551678616
0.297048366828872	0.550504257954005
0.00790676241524982	0.0086775300835928
-0.168774559984846	0.273814325652589
-0.517123760362592	0.625948006685213
-0.0338142387644564	0.0356223986184378
1.15087935129293	1.43240907775464
-0.900063184957189	0.752535995066297
-1.04779140371951	0.412732841654536
0.162719274583833	0.0406219991153643
0.374343498860092	0.165966304255998
0.771441758104588	0.45809325066597
0.947770742439721	0.248281535275256
0.134160819844205	0.050522457164755
3.26345542626113	1.10199860979414
1.55394444395621	0.754362102160042
-0.359432307228107	0.103134774665835
-0.164961528199622	0.0590946327024874
0.14556417703739	0.0427370982099398
-0.358848207258787	0.103009197892419
1.02533495299364	0.382457756692076
1.308210147198	0.560788489886055
-0.196001043641754	0.106037317974827
-0.117902708700115	0.0469250276685034
0.0115936801679173	0.00958057108687039
0.795598853925157	0.864732378585011
-0.463397752911097	0.310317850820815
0.457615877584766	0.436491257165901
-0.738281259648566	1.00837705986099
0.141953413873394	0.143092122650265
-1.17565409647303	1.47904908753832
-0.683509895104952	0.484136908805148
0.0551939599056668	0.0340481739735296
0.513699407431844	0.77175566676724
-0.666037830276725	0.398225131486755
-0.628733247343677	0.151688343674084
-0.788962872631865	0.342076545446221
-0.737745529684395	0.251848226779474
0.947635845528227	0.248244973505163
1.03968123804489	0.492918499809222
0.797972177742043	0.327977456331324
-0.362614650451211	0.104032260636264
2.33728119791914	1.14479654167807
-0.739003822726622	0.252222384495429
-0.356071393990223	0.102241794383879
0.661517102334111	0.207824976675168
0.656596864428374	0.206190386440451
1.31777492346909	0.565684040805599
0.139436459089769	0.0410524321785509
1.31310179325084	0.563385616536445
-1.51250283169498	0.761893695753477
-1.04221071709325	0.410198911511082
-1.79840965860499	0.382877827643389
1.45078261646269	0.478218161496633
0.658448437247608	0.206865271021461
0.140609521820489	0.0413743325045252
-0.744181789627878	0.254179651745662
0.15963091503218	0.0399802605532864
-1.04278630064219	0.410314973185565
-0.354525819937872	0.101778275735803
-2.5766529574574	0.657773148602288
0.158441687834525	0.0396618099099809
-1.52499008340819	0.541418114624462
1.43691796502797	0.880864882600073
1.31018992558857	0.561832639399483
2.75580772001712	0.763760469153332
-0.0705127563275887	0.378417665814086
-0.075190591017231	0.375578388270802
0.0353493982927824	0.135142640926651
-0.0968904762967457	0.437402780710806
-0.48533407298372	5.2895347836376
-0.0261099273609897	0.0746922737877411
0.238139174794129	1.01924620774769
0.606784736361925	4.78998383517276
0.337184344214865	1.9934450032751
0.35530439824556	1.9768718822633
0.549364877856939	3.95756381743502
0.189029258230446	0.514411475997965
-0.401164661472589	1.01879945691478
0.217688344194378	0.366514417836746
-0.199934950475925	0.361777318494789
0.392564709029559	0.856818166895119
-0.170512654632776	0.304909519127008
0.15431855405583	0.324270022698786
0.514188699630247	1.44028083715841
0.0483660443669244	0.0579310662732844
0.633224906708659	1.12391887918085
0.260703067081344	0.583016491405067
0.116931066653471	0.199432233475059
0.181991351510412	0.342279535784709
0.163056367250745	0.267474860654602
-0.2538688588189	0.548471401299785
-0.0208108277057888	0.0251732621065802
0.477847155463842	1.22121943607804
0.192111359077973	0.397971178469591
0.0562243851349778	0.100608475289831
0.25513406047865	0.633885075256642
-0.298332332253384	0.612944660961498
-0.545308243176673	1.1657828316247
0.129315910487782	0.223505274838093
0.213343965706671	0.348030602302673
-0.401116920702013	0.755144318332277
0.542202003533642	0.857426701781748
0.0330592751029063	0.0336964670478153
0.296346858187764	0.360283665536825
0.706538465485039	1.34740614449192
0.819261298070305	1.78013299339468
0.52932324595834	0.843663359792515
0.30238624756552	0.342709857309065
1.23200721891882	1.2061426681016
-0.490957613401699	0.495899526441171
-0.790832984475964	0.683102961953177
1.13588215406907	1.28877656347547
0.988887063510729	0.810335646736897
0.643388630612269	0.457404266835711
0.781422475159584	0.616078325432493
-0.557615452147862	0.356598489998362
-0.553955116968152	0.354076797469648
0.648167216357482	0.46153385342632
-1.73052114032331	1.46160268679863
-0.198106699061794	0.107304746807369
1.09522512069853	0.83041959780595
-0.0743893776856152	0.0327764828836103
0.31538924685817	0.204947043831872
-0.0235119200606571	0.0155728796329655
-1.00689955092579	0.910640470241087
0.584292751871067	0.565964826820002
0.553887698996324	0.550117941290361
-0.0298176960686287	0.0197317916509697
0.367280680738137	0.323851167374782
-0.127426290072269	0.0895879597790051
0.428480114165553	0.430243294098075
0.368869870032345	0.325636476561715
-0.313372710848571	0.282250230907913
-0.0431579194933866	0.0279529352146428
0.352241922182109	0.318968436004378
0.614865631708924	0.577993553259873
1.44839669376933	0.477459847846965
0.657866689740957	0.206670742493303
0.876407774550411	0.464196199084558
-2.49550140764429	1.38311564345024
0.697131165660236	0.456691539390516
0.341375923082367	0.1701522160674
-0.626953313077783	0.300368806878658
-0.166282692383721	0.0595271440925365
-0.553098897734606	0.353069397492105
1.07043917798941	0.649987477365162
3.63629792702422	1.42164529184574
0.774140291421258	0.459713179819956
-0.169879968136509	0.0608416154288642
-0.354519585455166	0.101776151388844
-0.411063550521414	0.171153883302837
0.587670317182848	0.30330063120133
0.58995950831861	0.304823867391879
0.672888864603785	0.309645885119075
0.132972093147608	0.0568179657905118
-0.167973568861706	0.0601248969281319
0.528340605757918	0.30456284759507
0.675716089867762	0.31121850434917
-0.256308452147283	0.129569719085921
-0.32833479716411	0.15166461269955
-1.83099487872884	0.740025429797688
1.54828773160562	0.75077259968661
1.54737158203618	0.750034770693234
0.883507158681791	0.46895223143047
1.44105230587437	0.883923063375872
0.431415494017588	0.170321055884966
0.496750418874594	0.314118344180268
-0.00359758519806559	0.0142770036746884
-0.142212026833111	0.850728792916544
-0.172157274181123	1.00517247674269
-0.276956386844797	1.99710543612089
0.0396072935412047	0.115154310868887
0.411871573330666	2.22375279557032
0.404312953684002	2.45254551593865
0.324856827817772	1.88668307936132
0.258918635519204	1.27177207339704
0.222559202629217	0.956212628446031
0.202507112232199	0.432394657534965
0.418378397311969	0.972676691189496
0.1986768659463	0.296163808600786
0.0985096442898319	0.15151320843463
-0.138359939596054	0.211105552242885
-0.0886894743885792	0.134588819266777
-0.0835983830494218	0.152291286025246
0.0879084098372366	0.139740509479314
-0.00862306946696718	0.00854646542709416
0.151359310717909	0.169448067780722
0.267269542657407	0.64047712025495
-0.129577874720388	0.237927470530789
-0.126063308570274	0.203631619312094
-0.405500745220553	0.910784268231527
-0.0965901029087278	0.181733503809799
0.753503602393128	1.76155444192132
0.0161741690444984	0.0206503279610427
-0.0239890953160645	0.0358893789363043
-0.10101972249946	0.183410611272471
-0.12760345569199	0.24513450788585
-0.279416519213032	0.533213653857485
-0.103845043805611	0.130934406250504
0.131034799264438	0.215651453851779
0.061625055385835	0.0847013148720539
-0.0706258730011226	0.0719516705499402
0.947256910730744	1.78596922682406
0.468883983249926	0.673358142733262
0.285452597091737	0.35573746013461
-0.22400589838624	0.211083168604336
0.6967297792244	1.19996001327048
-0.0521850247627628	0.0529563217527105
0.362874570393473	0.427713983838649
0.442046319355092	0.432583884360486
0.407036810274398	0.323060737995569
1.61589872049376	2.07556109789146
-0.0821888641923955	0.0503928854284831
-0.153280800086455	0.105354463392293
-1.45998262843237	1.32099376652406
-0.0594465168318718	0.0375310525361061
0.0662922527527983	0.0429818707951015
0.406761834072102	0.322509927422761
-0.231280543250287	0.151346640523631
-0.58023069313841	0.42567775075021
-1.23743119253942	0.939611981710891
0.0620963869195076	0.0383314833855579
-1.0094605421249	0.914160458383397
-0.110522553020018	0.0654932967020729
0.607963268623495	0.569426716904796
-0.62940100286291	0.567705526068565
0.331213990957227	0.315417895737386
0.103182679182429	0.0811759974890507
0.822741029674139	1.07141806597307
-0.432654305964528	0.376420672936371
-0.536263363929091	0.449698906554259
0.42383069509482	0.43752437986458
0.0670331918196625	0.0435168056879103
0.259763106231147	0.231058382023178
0.384063347877846	0.328810628002855
0.661970108323761	0.685102299793321
-1.45998262843237	1.32099376652406
-0.626075023442282	0.151167646950723
0.154509067766894	0.0289541162362231
0.425512906559786	0.167915922981524
-0.0774310000255217	0.0341007322353275
1.81826867111223	0.704762090721195
-0.07500874924485	0.0330421732017199
0.673482458034147	0.310019955946795
-0.257552272704516	0.130199890359051
1.3150863687139	0.564688556451063
-0.41575030500903	0.237646973619598
-0.808180385474135	0.539837959250755
-0.329890354053852	0.152471090629613
-1.18081668189854	0.657863228216405
-0.792961532394216	0.344288490733264
-0.412261031351047	0.171714138801548
0.340816602466325	0.170064607306991
-0.330513491453011	0.152720818608878
-1.18359312070861	0.660393195874088
1.04413088328048	0.495761798173922
1.94873632399867	1.19760500717044
0.374402254410437	0.165957266705863
0.132517639884099	0.0565624888818483
0.940892486240359	0.635217358760045
0.585034505000857	0.302146848118809
1.81738056066142	0.704160226172228
0.585509213576081	0.302002922696166
0.529223832101747	0.304983780394116
-0.168318442800183	0.0602514969158982
3.26508709738097	1.10261522135605
-0.0376124310837522	0.16781232209907
-0.159049034018999	0.992539930673157
-0.44527838042304	4.67199172465641
0.164660663535932	0.655833120566491
0.290776949577395	1.30255946873654
0.32814629430383	1.73169858846842
0.33939377217044	2.02906242604677
0.240572332571456	1.10479092564912
0.216169353087041	0.897040078747213
0.220304673541363	0.500816952412661
0.805114709078737	2.47527427786731
0.668246892577997	1.30394026798267
0.318798983563524	0.519892551175283
-0.0194025187481868	0.0227744012570355
-0.354574578740823	0.678721646273699
0.170306239173889	0.298212686700226
0.779853032288992	2.20787321410206
-0.142632332798972	0.136917811431508
0.0771128430258816	0.0685960807668011
0.106281962810349	0.197984792582201
0.379823552180545	0.908602131666813
0.502376536066873	1.10646173369671
-0.022879385367174	0.0269396041902248
-0.163223488212389	0.324688403273029
0.397807972904621	0.581844065721949
0.518404450472517	1.09437806344552
-0.0662992500773091	0.0952304412613493
-0.229279787819386	0.465951517818488
0.00824487418262244	0.0126930352649549
-0.33554352234558	0.588847128154047
0.435464400279752	0.6530722468176
-0.0855998233066703	0.116108387699362
0.322926093912601	0.569441466691719
-0.0561000710521824	0.0534935281623433
0.513597019608773	0.53655566115678
-0.39796295932554	0.317173283076291
-0.616150678690633	0.815765628319444
-0.0927411657420237	0.0680178470012141
0.497081487127874	0.687737322039576
0.136725611455274	0.141988565756296
0.39050647215086	0.417365069534086
0.588890586822662	0.571688794531579
0.81973131485514	1.24949964266867
-0.134608329586944	0.0949544918886458
-0.794063880005664	0.81524271550837
0.694153442624159	0.453781159459492
-1.11149547732305	0.766751489287297
-0.50567759446972	0.383122733005023
0.685030539117028	0.795317955926214
0.3241670436878	0.179713636494382
0.529163604537314	0.304520191767634
0.515401754428195	0.446729512198603
0.913256499953632	0.794589871124171
-0.414849585401539	0.172825872337049
0.0156978904058787	0.00853424944328525
0.949696674940586	0.937681124011587
-0.0527731110050675	0.0332975590374748
-0.253470758757647	0.189539425277437
0.292478991127222	0.211058186760572
0.361352391386586	0.329104354714975
-1.13590222035794	1.26612400673132
0.404516191833676	0.335859994716187
0.296270618782933	0.21429819463971
1.41011758384228	1.76332109178121
-0.313626937482594	0.258664278756272
0.822277185750649	0.969436552611843
0.758495129088665	0.846287688081121
-0.198228391297726	0.107338271291675
-0.611190158956161	0.502880031049055
-0.743029498323094	0.253754321369633
-3.08556356757563	0.949512459473102
0.138200386524352	0.0663685845763942
0.31891419173603	0.193149830099568
-0.252035321781138	0.127296734168844
-0.792052634019788	0.343809589207604
0.987934140497214	0.809157611694367
0.940892486240359	0.635217358760045
-0.418098622830114	0.174378553054991
-0.11602138731707	0.0461854401682624
-0.0821582847056604	0.0361303770030629
-0.417165105552592	0.173939978457542
-0.503740359428344	0.265822350710775
-0.0406752796833559	0.0194262322248172
0.580889770883775	0.299280688862088
0.670221504441968	0.308342042732951
-0.226095201287064	0.147559477043992
-3.08542618523242	0.949198094742557
0.124224947793226	0.0468546188464198
0.377463332864578	0.167570032868996
1.04780700199927	0.497914055094941
0.59222873732055	0.306385915950256
-0.465599008460355	0.312038490959857
0.125945519742663	0.0474846334557997
0.378110277761202	0.167865388599197
1.23955137800814	1.04726139395436
0.321759652566532	0.177989303103298
0.641749189962593	0.455889784988141
0.0419335926902134	0.191529318285887
-0.138135491040034	0.821921181809839
0.330386407233474	2.03900791865001
0.515651356584062	3.7554856245199
0.452529521959024	3.15427735151724
0.322318675999661	2.02780948599185
0.358958921332784	2.22738731049124
0.298890507460072	1.53878968627402
0.24407188338377	0.555249754370199
0.728333528458737	2.0365511422836
0.106267796213079	0.138192606733562
-0.268219104092582	0.469030059146544
0.428192073726791	0.980201417316186
0.375860470155902	0.805196434361615
0.158176993131634	0.326707720974907
0.506936452030591	1.1945619670485
0.95481372706288	1.63600912145603
0.50275993884543	0.698489257080748
0.430570228440534	1.27405885360566
0.00376764958655709	0.00532622587374145
0.236748184297346	0.398958476943045
0.190672736835515	0.29265048262042
-0.150638887248173	0.309262290393661
-0.0934980983160007	0.112309729779921
-0.0129025016132767	0.0158730918947374
0.500412139611753	1.2639384089242
-0.22292514687545	0.494132929922288
0.0990008034592584	0.174411154399968
0.0756474107581261	0.10831323296131
-0.0760442902952763	0.0835415501568522
0.193647827878704	0.325722114909923
0.333732134129956	0.569617205936569
-0.546566280546701	0.726128993299097
-0.574070995551684	0.73037622297141
-0.0682155258244702	0.0578111606492379
-0.304652518857178	0.320586181193761
1.66159586908473	2.72589346040843
0.350997351081838	0.418816708081342
0.123039540711655	0.110977157087277
0.18469941891856	0.199212866321762
-0.0704950530531212	0.0524548313067879
-0.792218715459617	0.871065083093867
-0.633268989105949	0.572384233634178
1.47159580243815	1.47973889124267
-0.507527312714148	0.385320213565757
-1.05602631840837	0.855264669179552
0.95435280799194	0.944126561834545
0.175414869755273	0.120124568257151
-0.554923254736855	0.354765059715116
-1.26153473155734	1.18876521639958
1.23146820311201	1.20552863702696
-0.198554129768127	0.107450861296122
0.795829173902998	0.756650239730772
-0.336174591667634	0.239913540715024
0.143367821046043	0.0689166435317579
-0.448894919284399	0.349985370798295
-0.084459048037577	0.0518364142327963
0.273909581825489	0.230470265899039
-0.353643320638916	0.342963525168337
-0.114393101759559	0.0941076717767123
-0.345239201037322	0.279088062042743
0.277854426387924	0.226198402703273
0.855682942705837	0.631961575446863
0.557466699708154	0.5548224351477
0.0417178954766366	0.0242664435718528
0.290039536258949	0.219062870335943
0.13659593975885	0.0655702128970061
0.0514766636540712	0.0317590331926582
-0.355401168227563	0.102014834884787
-1.04630043534404	0.412061137796638
1.22958237703192	0.843097115764037
0.124224947793226	0.0468546188464198
0.134472340969086	0.0645812853606695
-0.80139704827395	0.436851982626021
-1.5082900806176	0.75898051972622
2.72767733522358	1.63792686823289
0.342720840878322	0.171205584063641
-0.113885349209877	0.0453302765915032
1.75658038972998	1.36199191106374
0.131850096082115	0.0496765164754003
-0.547853283678273	0.206125055397661
-0.539187060838816	0.202416100648514
-0.114788896547144	0.0457144662400894
0.880412908398583	0.466769991773935
0.139547530219148	0.0670403799191857
0.667315577413551	0.306736150645152
0.940892486240359	0.635217358760045
0.427940197825985	0.168935073750412
0.770490756827295	0.457255954981489
1.02422162940792	0.382079227006262
-0.121637625546058	0.0484068306648454
-0.000719876292803464	0.00286071279868347
0.206436714010394	1.52576087294572
0.63478494243393	7.77282635536743
0.54790383219191	5.45555631865555
0.228873702807651	1.28584277490209
0.375371033311865	2.44110360737595
0.561206471959671	4.76781803176443
0.0786534258895623	0.208283446858544
0.234094516293865	0.68495293871248
0.164559942277423	0.383536261104186
0.116270091663585	0.250809269627154
0.329006020570185	1.01663186078581
0.715530197337746	3.05162051263369
0.0797030488455174	0.159601143855422
0.474132487510077	1.58267285862744
0.500814547989117	1.44175242564826
0.333460497343673	0.797975181959317
0.472994687796023	1.78200531152929
0.308962777693387	0.741350609779268
-0.192997372501241	0.399054991643902
0.094417890050789	0.15847107341639
0.162006897291452	0.341433921058731
-0.252684144252693	0.476449144979983
0.580521635184168	1.75330560160042
-0.0231122954675134	0.037802176891734
-0.227617835029005	0.526454650524291
0.0266903729089397	0.0445199700429396
-0.067878113650321	0.10614145755982
-0.244962136586567	0.431855095860124
-0.132529779787721	0.230351159432828
-0.570898993718049	1.35265764245905
-0.259493201882814	0.443174915120461
0.0374841927094677	0.0468621574380187
-0.0451790221127921	0.055817069896081
0.504698859780063	0.876317978625026
-0.0213968938927344	0.0244662797292459
0.141404989793052	0.182175903981323
0.407064537154774	0.70366052770156
0.191988205608344	0.189767466110399
-0.56103568112713	0.513012639773237
1.0675010866994	1.24944285817788
-0.0847910408387564	0.0520355406746491
0.160848758563997	0.0925472374132741
0.919162366878196	0.801098476464535
-0.515178158225084	0.272917305470283
-0.909230346544324	0.762935777939532
0.72831448068562	0.60671020386588
-0.393607367666765	0.273089829914766
-0.418774682612898	0.239675974046708
-0.172886148273605	0.0618700874958794
-0.805837104262222	0.537701378313286
0.501156087765464	0.318007236528818
-0.252836382341941	0.127612860946569
-0.0794880766267141	0.0487236027014533
0.31975514938932	0.194003025633398
0.363841052729217	0.320202267991228
-0.365100456274267	0.382292533432967
-0.65556831530592	0.830302957996424
1.22311596723649	1.34179734303619
-0.504903042891584	0.467410685564166
-0.479191164180164	0.520695236415961
-0.144501441177824	0.12917606509417
0.0176714314856876	0.0128013204850234
0.291300446313339	0.22977897842352
-0.109850060124153	0.0650870634099933
0.112870186225099	0.12045331889938
-0.80431134713055	0.438959309026121
-0.628733247343677	0.151688343674084
-1.79839614394125	0.382877807711208
-0.124439128467443	0.0494765452804166
1.04759640633222	0.497574511501099
0.807190061725387	0.332260777024919
0.427594646547955	0.168736117125312
-0.171978560989748	0.0615700655036388
0.12867908214612	0.0548743421463883
0.132732885510209	0.0441080605497273
-0.785720368096092	0.340476144248071
2.34214413722098	1.14880500240653
0.121107342250757	0.0517583995352479
-0.542200355463654	0.20382681574915
-0.628733247343677	0.151688343674084
0.676975295534548	0.311811002916679
0.424956949894045	0.16768572118921
-1.83165926032039	0.740451579277532
0.516414683304658	0.182180363838712
1.5520922495992	0.753268069075162
0.804687608616084	0.331016518337293
-0.0881318173143531	0.511111034621621
-0.0852873737139132	0.453375068566493
0.136607280222304	0.73459654328064
-0.365229699350958	3.24544643589429
-0.138178404510713	0.588623199257406
0.0917924472509744	0.349596460775659
-0.613693680611347	6.43193707586416
-0.259246448588601	1.14304673519017
-0.0964904816859191	0.280609848101508
-0.157655929307847	0.529912655845106
-0.13605374639827	0.455606090520482
0.0851097250645349	0.207404510602782
0.125744517008677	0.356471696623947
0.346256368688321	1.38811789120369
0.317405873131142	1.00438097333367
0.406633825490641	1.52409743286509
0.23469417242604	0.62697527274391
0.352338280162837	0.958248741752817
0.402441435983564	1.15368969946892
-0.0449641316881438	0.0795039371092609
-0.267944233820219	0.60971099236216
0.112842495129255	0.23100841718451
0.304333756935211	0.827281870165237
0.450370112626903	1.38493388388258
0.0646754917196681	0.105427854939142
-0.0140788149665883	0.0187869194017455
-0.150341691917758	0.261464057564384
-0.123340001132817	0.207072331384606
-0.60019057401044	1.66579642027077
0.182525104830127	0.340519278555145
-0.0392083711362522	0.0584642122413435
-0.0952393317109645	0.147307495401468
-0.320040530795446	0.593141362891636
-0.183942016785532	0.270455774036726
-0.53131394593624	1.3162474281849
-0.0269096314767742	0.0284528051219253
0.888843651478554	2.47306787472901
0.00210443243956269	0.00154868174259914
0.940596822297131	0.635040639902186
0.9524333372196	0.940925358493665
-0.149039102383663	0.0849198270851458
2.10227195989275	0.924990315433236
1.871244429664	2.0649830700668
0.147679086870612	0.0782903739646227
-0.329770647368486	0.152300665435464
1.60187389850634	1.1075523623186
1.94295847839385	1.19235782048187
-0.626066589995686	0.299656017411652
0.340711911760573	0.170008264346068
0.580014576178989	0.299024204071007
-1.86547654676599	1.17422305388033
0.946380512485495	0.640586124931404
-1.29790303333427	0.579341243572057
0.67381718361366	0.310093898628815
-0.79632207131168	0.614635856156978
-0.0269930505416056	0.026111314329351
0.498793726968915	0.533914183803345
0.49300664701134	0.311536260734076
-0.0100427150126715	0.00674987878992079
0.148989744042681	0.156402794548731
0.125297149919553	0.110724154715101
0.559176183013494	0.556994886284362
-0.539989951742205	0.453671612247971
-0.691493799270536	0.552826913982685
0.516580944484186	0.77759394689228
0.138421038660828	0.0663453027662835
0.94820175004088	0.248479682375772
-0.628733247343677	0.151688343674084
0.128338588542606	0.0483629401375905
0.130977595936442	0.0435409758262869
-0.783491228667279	0.339294811947754
-1.0456052115104	0.411595401174635
1.04968809060783	0.498914343791501
-0.114531033021198	0.0455888758023028
0.511884149147493	0.180536056250855
0.673482458034147	0.310019955946795
-4.01957111035614	1.72991145987686
0.804902320215242	0.331341314716319
1.02499638904051	0.382165912389253
-0.118253503079345	0.0470100497471401
0.510399267871221	0.17998283956174
-0.628030265547787	0.151499678636842
-0.62412777910622	0.298485428987802
0.157370411029726	0.0293708256249034
0.0235419271188838	0.10345906450287
-0.161007752463623	1.08071412022314
-0.705579577217167	11.8582142125855
-0.0117056527842558	0.0366022331090508
-0.21180933897882	1.19557996669236
-0.756491858624523	9.42711445323209
-0.167798627600259	0.607193478359171
-0.438244042194421	2.38422497083458
-0.347805843295106	1.68199191162229
-0.316238079646728	1.61600920653171
0.0389643554670926	0.0910455764905137
0.234610772723028	0.801338141128645
0.118041832100091	0.31209823037279
0.316706815098335	1.08166293367623
0.435103959195346	1.35924222538387
0.22953658249537	0.619983282107389
0.027194767838914	0.0432213617505009
-0.00494134631221639	0.008151177199562
0.165688951532397	0.333481034826081
-0.0542033023233784	0.0978720512220248
0.0735156853451211	0.136268221646873
0.253760946185721	0.570301968952326
0.166455086933104	0.329153021911918
-0.119284891821038	0.217951929828947
-0.12144854442985	0.200128744331414
0.188093506968735	0.332365307761687
-0.271616793093652	0.536410286907333
-0.16378708049676	0.259230518912644
0.00997772673599437	0.0141950312932249
-0.282930036836252	0.553300304986901
0.147588468409917	0.233604653703173
0.497241681080202	0.997862494054948
0.856075786657511	2.21618870905075
-0.224775982069415	0.305915271875679
0.404676087599027	0.638120767205364
0.490248050204826	0.878331557781945
-0.0499922133003468	0.0432790583525154
-0.14794623696232	0.0842456677499333
0.914061603830884	0.795436960468567
1.04403652580815	0.495146082383304
0.325996781890478	0.180757971243428
-1.23594004906711	0.940182190901368
0.591002833684449	0.305541349178263
0.702868244770139	0.461226799455113
-1.34489823388258	0.843163844366104
0.998561501649797	0.822114389108049
1.9442189987784	1.1936715042042
-0.738079783119958	0.251987608125061
1.74460945520515	1.34695548220265
0.766503846643947	0.453487608844722
0.670646980369692	0.308221435882369
0.529877017865922	0.305507036265907
-0.809915393566342	0.540459424046389
0.278712002557786	0.218320859644476
-0.262510968554081	0.264002651482064
0.723790019281708	0.826060952896492
0.516793546240627	0.448118401080512
0.355585472299798	0.333673052780334
-0.726353080680199	0.853150487863683
0.670940172939427	0.800060452317985
-0.419069705208402	0.397683795540522
0.188011866081116	0.146002445053519
-0.162604899742406	0.112235050765664
-0.237969605235913	0.274264823638866
0.125922982362637	0.0537466919251418
-1.52217172198706	0.540157381117801
0.94820175004088	0.248479682375772
1.44780311038183	0.477066495630919
-0.422271909209449	0.176267476336917
2.33956836114453	1.14697515944292
-0.416113351946796	0.173474000056601
0.801705526679166	0.329494691176548
-3.08189869996978	0.9470994296719
-0.235404091206056	0.075783701658557
1.31395278889093	0.563876697752499
-1.04221071709325	0.410198911511082
0.130920287619515	0.0493322328761646
-0.358848207258787	0.103009197892419
-3.45945095257726	1.22747869975084
0.138778574646663	0.0665428652091752
0.145900922770069	0.0428171507649781
1.25214121253476	0.67758572834977
-0.1400218426856	0.956154018007411
-0.177823466766	1.23163665366656
0.170583140610462	0.929463835057302
-0.106918062049908	0.47565750745211
-0.630053507717874	5.6579212866157
-0.0313074018218969	0.0735079127208809
0.332454274866406	1.13061324748717
-0.324858074221971	1.16968172101062
-0.272948444338777	1.0652808529416
0.23869057818758	0.776357839530392
0.0796141636836368	0.198468020721564
0.220849508505654	0.643626779125636
0.496007863451789	1.39444432077216
0.449918081371367	1.12555091867093
0.324337732124717	1.06830053948983
0.451957873223994	1.44964185382318
-0.050071405453509	0.0829472112773191
0.0493664464921402	0.0792189142940579
0.438279300886069	1.59132769022975
0.622961374260177	1.79862819167027
-0.00301824870334664	0.00460931744394731
0.0678513585171095	0.116829510838291
0.0225144372813934	0.0369811468573523
0.115644013587459	0.226845677173183
0.210603806025084	0.416811574914255
-0.143255255469913	0.203537692542134
0.247276003458812	0.456157473971993
-0.0224934750266765	0.0322826532306625
-0.0170846384307508	0.0212432164433847
0.115467208498227	0.128819388907665
0.156897197092262	0.19385428317321
0.0870698520412082	0.0970895182426406
0.546492703815829	0.850914763742842
0.805460289122326	1.7642403190909
0.713541526235651	1.28055351804159
-0.101109904971227	0.0842362476938192
0.548067245730203	0.654548665354385
0.790535462242727	0.750052578959118
-0.349276535438379	0.250770831725302
-0.198092076853712	0.133656108520237
-0.189946460943261	0.127653609886458
-0.0764767449860067	0.0336819347168771
0.607649654456511	0.460122300232708
0.729325575913512	0.608729716375578
-0.201598496617569	0.109114533560648
0.0187809126010759	0.0102104213225343
0.123557676459525	0.0466098942446819
0.672888864603785	0.309645885119075
0.987813999776498	0.808639076536953
-0.339077505989014	0.242447135023986
-0.60903108074035	0.500358620495585
0.472302960715232	0.436995746437882
-1.06950853050989	1.35567803684123
0.188802061787631	0.165745666856981
0.669608227727881	0.696252863409888
0.787569125900639	0.623519631904302
0.30470866236177	0.209885748362565
-0.389668308585713	0.343818065351505
0.11820283218396	0.0990759259859936
-0.557372047175429	0.595985384142613
1.40752604849412	1.75783635612664
-0.442249054428649	0.343792653721828
-0.151604629174103	0.121559079458629
0.442463756395842	0.319591520965366
-3.08203048704882	0.947509650360219
0.152050960400409	0.028630259939513
1.31543636736156	0.564668618767136
-0.326539072018651	0.15076312383533
0.667650657551582	0.306826361636502
0.587176291944614	0.303137191834926
0.805818467531733	0.331696510115434
0.598622081998204	0.451786421789389
-0.330703419300768	0.152676145818067
0.328874005745546	0.182550831303462
-0.418365309512863	0.174458184135551
0.128409991510058	0.0483828350789698
0.578155255568128	0.297738470350325
0.802138012530807	0.329972517070534
-0.240976410898063	0.0775300306973211
0.328931504462404	0.182416734134903
0.772555581931416	0.45830953912755
2.7224255703523	1.63192239093115
1.04703892798642	0.497162533983788
-0.0569827407989245	0.284133624064617
0.0408601337390656	0.175633841879388
-0.351203933017047	3.29064083636026
-1.24951563736302	22.6635138347146
-0.398920318356893	1.97274791027543
-0.465941925352412	2.22514162581854
-0.586134391654503	3.4633988053346
-0.810287691024826	7.43356748685924
-0.148782926812784	0.442831777690054
0.177351276298089	0.609764518187176
0.237798437938265	0.804363730079125
0.434591408047177	1.12928360032248
0.0961643832723781	0.142275545219646
0.405945537159327	1.62450161135205
0.178189353935555	0.441795146789493
0.244245303192311	0.589763041080925
0.240885838459503	0.546813759411557
-0.15469272680543	0.383028431983128
0.605421652928182	1.64776904526997
0.316365234741596	0.727798717531832
0.097963633697873	0.187233646208836
0.451388079845065	1.57918457192963
-0.0531025626654618	0.101137437277363
0.0645540997814559	0.109411043788326
0.247695724461695	0.386623475533807
0.0346008750244973	0.051389517696694
0.371906310065075	0.840994085772327
-0.380307182323987	0.53496246336176
0.450027647041581	0.671086013325649
-0.183601631691385	0.21100652906875
0.157164961793026	0.171562523354224
0.303315172406324	0.337002638074738
0.604916140986479	1.10535591682766
-0.235901100145363	0.302149399214727
0.43405062699178	0.58879040822803
0.633070702143093	0.847269683329688
0.53022222793927	0.62609670357898
-0.146483581821465	0.11707675530244
-0.15558179126403	0.125026145691828
0.0734023007195421	0.0498020096638329
0.340711911760573	0.170008264346068
-0.958827961274383	1.02939337403897
0.946152314636578	1.16028654573767
-0.0541337863447362	0.0341580372067907
0.531104735196788	0.305876940680931
1.3145731842898	1.6923898886205
0.440040797081335	0.430433947686893
-0.518690517379562	0.484090717836035
0.290276011923758	0.228840793896372
-0.0380075322947361	0.0246254732644599
-0.19778506710087	0.13335467787013
0.176494317064041	0.13140609531574
-0.172865970768053	0.150885047299652
0.180454503971627	0.134633841542374
-0.230533669554133	0.150688692753749
-0.729879293659873	0.859109898606093
-0.394201383229403	0.380703450007802
-0.217790726366604	0.165696093868181
0.286487482148239	0.216007941596078
-0.134576839337364	0.109521978016814
0.186644439996333	0.159160069607188
0.290015684316825	0.237635643623464
0.172754436196301	0.11255861635396
-1.14260761039773	0.345006924269412
0.947770742439721	0.248281535275256
0.698581305383364	0.457984580287106
0.669035386129205	0.307532948728178
0.513297440290374	0.181056085890725
0.377786837575273	0.167726927816864
-1.01037992475875	0.915009224190576
0.341375923082367	0.1701522160674
0.312349631142272	0.189001860646673
-0.932469551950438	0.686560806222731
0.953121875192439	0.646809647434635
2.23746803482174	2.48421615473408
0.669294093430786	0.307879355796411
-1.05085567955959	0.414282430800086
-0.970611196463213	0.599211251720684
0.771565739384199	0.457400007430261
0.801786885039242	0.329686341918844
-0.512128290070204	0.271107062793508
0.646535340392659	0.460060367473625
0.379721221237639	0.16864819385015
0.528867673894929	0.304330763489586
-0.0265239108976013	0.115508027311336
-0.264241014512719	2.22292111417091
-0.65420482603869	5.83071654050469
0.0842816474400458	0.209630553514253
0.139869233446069	0.327847629262976
-0.184620637145079	0.531318323412361
-0.0254440192353461	0.0554896266773412
0.141821215137883	0.362580226152218
0.213791698092988	0.75854098063232
-0.0205129203977011	0.0410360901225465
0.929193968780794	2.92944577138257
1.21715427929594	3.81287827656326
0.284602186512721	0.921189106600013
0.177422997391581	0.433567133426323
-0.1108487112917	0.198832048499699
0.499296091434403	1.48373451906038
0.149284000495901	0.378785670669979
0.19996764113936	0.304439101795144
-0.0271675840607657	0.040439964271358
-0.0322515028252868	0.0552730266007453
0.0954430823531442	0.205554204714939
-0.175470022714535	0.389978391719398
-0.122108802292417	0.204680611183776
0.516324946615655	1.01480592015069
0.201457467634658	0.352011521922419
0.0611262080877413	0.089604141819677
0.0472855468833842	0.0469565063277949
0.140626516943492	0.133924564880997
0.922626887256636	1.532573270502
0.793184718393648	1.22306815112601
0.763542065241976	1.02933160307757
-0.420781772077358	0.565300935238405
0.330576403040678	0.410886929869989
0.651868700675935	1.15150766514044
0.431035035478339	0.518582254305327
0.765568792599302	1.03352215019333
-0.132537087063769	0.0934284174130355
0.844756267866143	0.76982148435572
0.077238762366787	0.052451998473813
0.790535462242727	0.750052578959118
0.172771306933439	0.118184191915406
0.177714137171065	0.127257078994047
0.0947582118171843	0.0720600108633853
-0.222562983811394	0.144967861318664
0.907758290464292	0.787708583999058
0.425184255429053	0.340299487293322
0.951849981698388	1.17044288883577
0.849202190279871	0.775504793648905
0.282077312438121	0.221381085180296
0.830921023323258	0.873958989474477
0.180165073517418	0.12925191665478
0.183306611355483	0.142048685529659
0.00977368384354121	0.00680297264496181
-0.654367954462032	0.685698580263262
0.491493197984347	0.440638974468016
-0.608331249102768	0.499828922647523
0.276868871255287	0.225293815363761
0.791990632446059	0.751930290662456
0.436513126707688	0.42599598181776
-0.0181609433898677	0.0120529105487089
0.442994099021713	0.319993142062229
-0.2812898341626	0.177856501086935
0.425281606664403	0.167780963846818
0.660638687988492	0.207526442563452
-0.624501462907049	0.298906969740345
-0.624436869198018	0.299297210928357
-0.114263293640458	0.0454834777184629
0.126877716058048	0.0477981005119762
1.2529866440879	0.678639049872135
1.2537598567175	0.678111150213048
0.374679873395023	0.16633198853929
0.797972177742043	0.327977456331324
-0.253717343087099	0.128121952033653
0.127966269193328	0.0546791368153725
0.341375923082367	0.1701522160674
0.529582344156348	0.305303818112092
0.130061388011485	0.0489935931719159
0.699401391088522	0.458168968512739
0.134663561206417	0.0447043906173227
1.25554369395114	0.680510470134561
0.0849882179727656	0.468352044679812
-0.0232369908830632	0.0855020078578198
0.207281274471256	0.863570644238582
0.601439200829976	4.01280811818648
0.0255921330179917	0.0654305671920704
0.201452537721845	0.837594056263794
0.466993003657828	2.55659922413807
0.645263008816366	4.81558532909184
0.606287154781422	3.91001701930566
1.14312235989822	5.71976848609964
0.590081844361909	1.59792464866227
0.513613291552436	2.62428282807087
0.137554699150147	0.326149046780329
0.494738068719372	1.77529786771484
0.10227198945545	0.193714059118216
0.230583230973996	0.645589938399906
-0.2058793723036	0.402828823072503
0.244583954617988	0.542786306634904
0.319676397496266	0.918867318294653
-0.0888445150910381	0.174840341416012
-0.0369472561701887	0.0634601820120806
0.275319259897323	0.562449168964829
0.492752442824234	0.997240482243066
-0.238473350934242	0.433031625769819
0.310119317908728	0.623598280903298
0.401064960779965	0.689473438836773
0.762919303661548	1.50056917840933
0.338570304287574	0.423706090071374
0.749856438225812	1.3254942263158
0.439225302273684	0.586612839210111
0.552601237715996	1.03002854553205
0.347742444524361	0.489648100614743
0.0638700829543769	0.0661587064609663
0.794088983929383	0.961495319541456
0.61142118769402	0.666873768743306
0.172657364494226	0.112616314921345
-0.158925043092392	0.109563834978792
0.608270315273176	0.569834034154451
-0.339074346040104	0.205390625273536
1.64144256217298	1.54072400560982
-0.862661174809973	0.93499584465715
0.538517684197265	0.448974481111503
0.143075399351586	0.0687817274036526
-1.56623767115579	1.5229816487539
0.174325916646064	0.124690360401121
0.520254941306958	0.452274876693793
-1.10188745252509	1.06992728877757
0.0758149514950727	0.0514312442462525
-0.469589508692709	0.315357337294562
0.00325172904497169	0.00231704206434954
0.730210280965313	0.918769138727361
0.187210896540926	0.15511047606972
-0.859011818703556	0.995967500461541
0.573686862314189	0.552120086461185
0.284614789300148	0.214283372315824
-0.485596807269536	0.488411373285799
0.539235781319171	0.449697034185222
0.0975390713662712	0.0764883227915679
0.485757750531141	0.433765676797058
0.0733063677922404	0.0497200036278642
-0.146571420873471	0.0834497792792898
1.02338601426445	0.38161996773056
0.152050960400409	0.028630259939513
-1.50525559201099	0.756917643624113
0.883522598319616	0.46852696737076
0.149334343540883	0.0792112728522592
-1.73308308800291	1.46661908805246
-0.662447883420961	0.395560560190393
1.09039045077959	0.825724489544253
0.79663915668021	0.327407468554178
-0.168663393721381	0.0603724956040683
0.295767767206048	0.213845266082401
0.670479674423801	0.308592907557702
1.05357423004021	0.500950414310784
0.37661030923045	0.167250851837885
0.591916460544262	0.306231299697181
1.08837258594399	0.823210449405508
0.0705868615472824	0.383421833446295
0.304436415732313	3.10864700753427
0.169195766714238	1.09349851297603
-0.0281668554815903	0.108773088568257
-0.14170158943108	0.800108060251986
0.236538589277884	1.3779849640595
0.241461936029368	1.33196298016598
0.323450726451541	1.99187511241961
0.756539909710492	7.50503154082452
0.754102454336572	6.61446649750467
0.470181959269346	2.37497090247136
-0.253435084764797	0.641058025047936
-0.166104450287026	0.437434851193723
-0.126730662497197	0.291755679590901
-0.000651617406746814	0.000907481848486154
-0.0105788089042937	0.01840719667804
0.594909491133454	2.2981910067511
0.290120855597623	0.679439566287684
0.217008294721674	0.445587697812452
-0.103065545345244	0.143630431205887
0.0901747793122554	0.131343138779978
0.152441881078123	0.271081418338189
-0.260470644343624	0.434619890778653
0.725924166427086	2.02564408810509
0.0910534209615028	0.151503847789693
0.361776549839711	0.914810665767725
0.323653082626469	0.627305814931694
0.327139400778794	0.585344567077344
0.302614237744062	0.597756380404526
0.317636115563348	0.424953416125122
0.354787816380134	0.589433972866797
-0.297045890534347	0.217986997918968
0.131814043124596	0.0438161720723548
-0.792396830153744	0.344017820558448
-0.172540841763772	0.0617450223024159
1.31461575133811	0.563852606230941
-2.09305375149111	0.946159640923577
-2.65099436559703	1.61450637489721
-0.354815349846941	0.101888689175609
-4.01491403388669	1.72624539690177
-0.788395480319902	0.341804995882944
0.133142839040939	0.0568208455015268
0.583066584668089	0.300637050268669
-0.539661343528338	0.202765677037844
0.150139558066054	0.0439481510359518
-0.356656967234746	0.102398272590581
0.802840016253824	0.330197869326294
0.131814043124596	0.0438161720723548
0.39916466543973	0.330432791501322
-0.0873217997730055	0.0804488801360794
-0.714021568090686	0.688922868256895
0.140495817073427	0.0675152766850489
0.267327352415096	0.231634300455417
-0.0263930663710947	0.017461284453364
-0.3374300641426	0.376490879892325
0.193006787787928	0.165218697176939
0.851802721813993	0.62863729008111
0.316878926445086	0.191942232084619
-0.0060526540403537	0.00641958599099344
-2.57669595250488	0.657559862268914
-1.79840965860499	0.382877827643389
-0.240627572806769	0.0774207528438286
0.154465593370314	0.0289479903375428
0.663132334033902	0.208271470068789
-0.628030265547787	0.151499678636842
3.26345542626113	1.10199860979414
0.810650095862407	0.333730491430148
0.426188529242061	0.168158662567646
0.146670376003709	0.0430346600388633
1.95731570776637	0.441000340195791
0.655285284601054	0.205717641865354
-1.14559783756009	0.346052129596875
-3.08203048704882	0.947509650360219
1.45078261646269	0.478218161496633
0.16045117802105	0.0401558290866076
0.511003196816671	0.180124792682429
0.947635845528227	0.248244973505163
0.650348410925067	0.204075615297835
0.0739995336004221	0.416120611578935
-0.469048269940008	6.981963987239
-0.445875537734105	5.65739543485225
-0.45864806152566	5.73900437224101
-0.0172024681734726	0.0574061191763263
0.107406721490522	0.449115067692235
0.214771498270516	1.09452561072672
0.40959419983943	2.73959350865297
0.734579787480191	6.25393057268723
0.199555437167929	0.612145204619212
-0.119083948027968	0.230769954607961
-0.0369837197349619	0.0736002563950777
-0.063390354154745	0.124177256091884
0.444964788063981	1.27343744698459
0.331435935613676	0.994349603082489
0.283801929081109	0.723283601787216
0.411705882323809	1.05727344589244
0.0972786642719267	0.150413799414604
0.395611261535239	0.62766136953013
0.816263423676807	1.99679661696067
-0.0749140278687567	0.115416909787969
0.128465620207472	0.191213242896418
-0.290015426355621	0.492582979752165
-0.049603623660876	0.079520518577117
0.333170244442869	0.796381610945683
0.410021286009836	0.900044843389168
0.0712567005430999	0.0865420990006654
0.00634419307078559	0.0079563055286751
-0.424356693183196	0.545017778773437
-0.429650878543354	0.554210087330797
0.0155404429132429	0.00849900476135959
0.660347295989593	0.207462296247491
-0.117957085717499	0.0469570963557836
0.804551193439478	0.331168980919484
-0.785033328587639	0.340074092320892
-0.241413963115422	0.077619233966542
0.422520693979278	0.166619271733836
-0.234312185154952	0.0754304879292539
0.803055311396109	0.330423388744012
0.143817020419273	0.042209488638599
0.162719274583833	0.0406219991153643
-0.414181611233199	0.172499925294108
0.511884149147493	0.180536056250855
0.144054213480702	0.0423469198905259
1.3150863687139	0.564688556451063
-1.14171114622793	0.344693702322242
-0.238649881872283	0.0768149363688191
0.370384780177247	0.164109337229307
-0.358010091504238	0.348220821895674
0.298846642710513	0.205157005850345
0.702363490972536	0.460846672847674
-0.114542963125166	0.067951985547907
0.814457019796027	1.05494311792714
0.453854549850344	0.515097190533873
0.981005835695692	1.07480541269381
0.157313963255955	0.0903427795558484
0.588719097872329	0.304194471760505
0.45923373254036	0.597433743710534
0.340409059882159	0.169860397551539
1.95988292961267	0.441702177751728
0.950287720870208	0.248999740475732
0.130977595936442	0.0435409758262869
-1.1406575104342	0.344234513147494
4.16666305010686	1.96519958497957
0.657864503304789	0.206616146564203
0.660054375205789	0.207294450910716
0.154509067766894	0.0289541162362231
1.45114635521655	0.478471348903038
3.92389000551089	1.70054361221532
1.75435561378562	0.959697329695737
-0.358848207258787	0.103009197892419
-2.5766529574574	0.657773148602288
-0.628599509856641	0.151612619227975
1.31183590793173	0.562694726030807
-3.45922605387697	1.22727228815634
-0.628599509856641	0.151612619227975
1.02338601426445	0.38161996773056
-0.35262379016767	0.101278913820777
2.75580772001712	0.763760469153332
1.54737158203618	0.750034770693234
-0.0573509407838187	0.30109644258363
0.444536454219189	6.06798825900389
0.14627020728566	0.921751041587203
0.477449612512714	4.86402484716686
0.526265796583537	5.03349055841253
0.350739798829895	2.32954734553883
0.674031816713741	6.95874102905498
0.793834850771169	7.66109588676895
0.362287789463173	1.2547928045326
0.0723823360141407	0.11667845617106
-0.120710295372765	0.262210925192459
0.0721254260663875	0.132301169997792
0.0547945468059392	0.0847181418652862
-0.15421812555637	0.349617938096826
-0.443319897701346	1.13707375579849
0.346243980309774	0.759991084540731
0.300977745510522	0.520345778846282
0.113570289620758	0.122974723346497
0.101496277961823	0.131293675690952
0.215336694786468	0.412256437495639
0.698586300783961	1.67894581441614
0.161972240585588	0.23683620194731
-0.0338092187388149	0.0536800517051341
-0.213690088540916	0.425076807589627
0.178679121266201	0.288721764567083
0.0617452904865331	0.071971381940418
0.474539081350762	0.989186534971705
0.724703074112941	1.01333433872621
0.557124078418297	0.79800142238557
0.585195102475556	0.30181034100534
-0.783834570396785	0.339480063811582
0.15963091503218	0.0399802605532864
3.92452877652187	1.70087632208659
-1.00235050008212	0.495230938565041
-1.79840965860499	0.382877827643389
-0.628733247343677	0.151688343674084
-1.83504104592481	0.742292078332567
0.505173599482681	0.177964969298403
-1.5292536270854	0.543488048058857
0.511535984561553	0.180463547184556
0.657866689740957	0.206670742493303
0.144389940892798	0.0424393237157952
-1.53356266427775	0.545121163894634
-0.235619570438745	0.0758277903941252
0.512417982564511	0.180670773702822
0.802840016253824	0.330197869326294
-1.30205730155638	0.581777820807544
-0.130875520930063	0.0921801387198858
0.012720185728886	0.00697770983242337
1.04502103592787	0.496054824715763
0.470349775928617	0.434653428421113
0.555574557640644	0.552385541478511
-0.152786404683655	0.134512587827052
0.323688205575843	0.196569225390261
-1.28902465959391	0.573914882434123
-0.176550485343644	0.0631792496386275
-0.46238514507808	0.434449502529197
0.13492932969269	0.0447816956397829
1.44922258720914	0.477763268309402
0.950998501270056	0.249196467275389
0.658448437247608	0.206865271021461
1.95786695174359	0.441149378722158
3.63629792702422	1.42164529184574
-0.354815349846941	0.101888689175609
0.155067569950451	0.0290355764553768
0.948337549654709	0.248516516252871
2.75641316563256	0.763778311858285
0.159859477622278	0.0400192334307773
0.950426851449918	0.249037516760643
-3.46299441124492	1.22953362528533
0.950426851449918	0.249037516760643
0.0184296019582373	0.0812675391949456
-0.0791722715497051	0.426510605062354
0.18963288736255	1.18795902631264
0.22643495434589	1.3990651197593
0.227149795987983	1.29541077939058
0.78052463095148	8.92879789044181
0.499438083287363	3.4179735123085
-0.0885035220405324	0.219672916624507
-0.862804446359978	4.39833596320884
-0.343764137119551	1.18635277128478
-0.0785254786567069	0.159188325938421
-0.37678036818807	1.03227214645494
-0.0227882201818378	0.0412624596653464
-0.0433591417823318	0.0725040741419452
0.239052983070358	0.474029387253205
0.459479712286751	0.986203551686306
-0.70768070699336	1.29652105127482
-0.138594253733607	0.195893366042206
-0.149094457756006	0.264616774322176
-0.00185332535752193	0.00239765393429726
-0.331237681603297	0.651131711658089
-0.365290155398839	0.808435030676575
0.486819620354439	1.29266289299941
0.0904991286920415	0.127532384680184
-0.00553338197975108	0.00545259327828748
0.474418664313659	0.914890274847765
0.446047884126021	0.598950219999918
0.386620393746335	0.508882352664998
-0.279259309701915	0.176484702235211
1.9428325943082	1.1933610072112
0.335479744214579	0.167133836060811
0.16045117802105	0.0401558290866076
1.44780311038183	0.477066495630919
0.512103476504473	0.180655514559587
1.31253456967921	0.563091330038175
2.54857488786382	1.38133772150956
0.583988177163072	0.30133161798352
0.135147068183463	0.0448731525122335
0.805467397708516	0.331643487494376
0.143467885183021	0.0421790290070851
0.513297440290374	0.181056085890725
3.92630081042927	1.70195316826628
3.63629792702422	1.42164529184574
-0.36349392970535	0.104306676026293
-1.00042671384016	0.494424006740095
-0.975398831188404	0.603540391259241
0.0648160093203698	0.0560190598447585
0.324919459772483	0.197393492305215
1.06529045706672	0.645066381834495
-0.446919958293255	0.348201196064477
0.179821050273144	0.134119465421294
0.190100610756687	0.15779615495485
0.797352421663372	0.758733490958431
-0.413653624888943	0.172343864827535
0.586125139743896	0.30240710453499
0.10937794317499	0.0888419571606032
-1.13895833229548	0.343813220888229
1.95786695174359	0.441149378722158
0.15547989361324	0.039031965106125
0.94820175004088	0.248479682375772
0.948337549654709	0.248516516252871
0.155067569950451	0.0290355764553768
3.26857074944807	1.10417713664958
1.44922258720914	0.477763268309402
0.144640697621443	0.0425017414545061
-1.79840965860499	0.382877827643389
1.45138090115721	0.478568850670936
0.798324210831681	0.328230166540438
0.94820175004088	0.248479682375772
1.02567343435987	0.382470463826608
0.15963091503218	0.0399802605532864
2.75580772001712	0.763760469153332
-0.0325810543689577	0.152898066387889
0.0838109051156751	0.439411021919427
0.0891007097165258	0.427118770548804
0.142696513941996	0.75503510782254
0.404832761239705	3.48107126496656
0.367842043227892	2.55252362887854
0.101219549046803	0.298449403992007
-0.28416204148617	0.932041025654801
-0.254905966234881	0.820101581275279
-0.529771908884622	2.31816237255529
-0.0443108824955303	0.0744160957029541
0.285778726704067	0.984184201054883
0.267491511858234	0.685100735606701
0.0584641801998288	0.0940280833480706
0.0734843076454198	0.111035421184233
0.0340717219173797	0.0385719171631139
0.45291706450198	1.05022844148721
-0.191051651809652	0.419583795594451
0.245732778236558	0.433942295878771
0.623682387195528	1.63739953872744
0.171308731085939	0.317424861697493
0.387200000057229	1.08164565586499
0.258600746824991	0.428422141010141
0.428689216185466	0.771576995431446
0.196886158011409	0.252495527347866
-0.198956544157733	0.172558140202719
0.188481962066274	0.196781327825073
-0.00746433507746116	0.0037961628074778
0.7770846824153	0.461986686975141
-0.544264065926487	0.204797597144567
1.25948160330272	0.682717497587543
1.81456677210567	0.703082758766755
1.25554369395114	0.680510470134561
0.156304884454214	0.0392194704826931
-0.352915395102444	0.101358152963712
-0.236642536873473	0.0761450888689269
-0.786851278108693	0.341002012219478
0.944504519928106	0.247598335656165
0.12382847897004	0.0412596497824574
1.55187798528937	0.752695278647351
-0.162300795954345	0.0581731243217536
0.142645543006535	0.0418989273349654
-0.735122504035354	0.250746836229491
-0.539535866518366	0.202616428643095
-0.79712923441631	0.616037510642532
0.496813916467344	0.446687958057601
0.168765174244164	0.0973789285364932
0.768747607724841	0.4554621925007
0.586137862866512	0.568127080973702
0.890918497300357	1.22530670392609
-0.594610481765215	0.591052742538243
-0.260982796890586	0.196030452452963
-1.35131222529955	0.850099613037102
0.889125458082737	0.472369474383953
0.261772813690172	0.226009061844241
-1.52527766014307	0.541726073904961
0.152050960400409	0.028630259939513
2.75520320904554	0.763197913000704
0.950426851449918	0.249037516760643
1.95786695174359	0.441149378722158
1.95731570776637	0.441000340195791
2.75580772001712	0.763760469153332
-0.165306041400927	0.0592208118770727
0.950426851449918	0.249037516760643
1.44450447975593	0.475941549703467
0.156304884454214	0.0392194704826931
1.45078261646269	0.478218161496633
2.75520320904554	0.763197913000704
0.0518098500679139	0.25880773489422
-0.289811945423261	2.94811027952547
-0.297856661831259	2.77198522676706
0.236082460576364	1.56179739112926
0.159404878028904	0.742161519631814
-0.271681363948482	1.50383082819349
-0.585789496248973	3.99245019927697
-0.738969526746534	6.2606951531024
-0.207798052554271	0.707897759627765
-0.344138187786867	1.41743165005348
0.110734670261504	0.279047537833834
0.102309335015734	0.230199139611285
0.301610519886393	0.780983440710681
-0.0128023869098831	0.0199215952932532
-0.140673092664819	0.249691509120627
0.297245687538022	0.687481108740028
0.233787058505382	0.502086712949992
-0.0180140591018014	0.0248786805465909
-0.0530935576632731	0.0741047296917386
0.0570479416432291	0.0864884547838655
0.380085219382571	0.836041447995814
0.270956522242872	0.417725073209493
0.065395036964754	0.0748808670821148
0.730799854035272	1.39167695508965
0.635270949918621	0.851027569120388
-0.322767339141193	0.382543578490583
-0.25594460406778	0.129401564925789
0.60143448620042	0.454854029577482
0.778031025208143	0.462585474845572
0.327874875399954	0.181693471854103
-0.236865950236819	0.0762080730306188
-0.737154567775087	0.251538686589487
0.132164012775708	0.0439252834614193
-0.354229439997714	0.101697261087168
-1.04313192494267	0.410517747694466
-2.30065661297022	1.14788322958659
1.54793474376751	0.750539790868506
1.02651128578825	0.383050193875148
-1.83564160885514	0.742645090374466
0.801294435982005	0.329722340410091
1.25554369395114	0.680510470134561
0.141465809488617	0.0468319154976303
0.769091972515076	0.455945683096624
-1.04595278088894	0.411874241216211
-0.290268213515019	0.212315579605023
1.02549763008328	0.971637935924774
-0.667649818521345	0.399460839061927
-0.33631635226669	0.203697077993558
0.845570928800148	0.771479843176651
0.781766868079851	0.842812832650417
-0.438728172463956	0.340350253549458
0.575445309029191	0.460103439433324
0.138692748947246	0.0459791022798751
0.734198378300929	0.614183767712783
-1.0419816315643	0.409976007162161
0.658448437247608	0.206865271021461
1.95731570776637	0.441000340195791
1.44862736407577	0.477555630338169
1.44862736407577	0.477555630338169
1.02626205148491	0.382823634565729
0.16045117802105	0.0401558290866076
1.4480329582247	0.477161868008032
0.00083090022714783	0.00334094035491254
0.116238394231642	0.694277772948211
0.329897591994442	2.54654667304091
0.519698732708888	4.5235488871402
-0.109562004588172	0.432524285250063
-0.3536118743155	1.9388575229704
-0.473535773839683	3.12641515713319
-0.333366598841559	1.45438373113847
-0.332105657098074	1.58591303949088
-0.0795234238829257	0.200830848037198
0.0605681839741758	0.135866573148013
-0.198727692792101	0.516652097489353
0.123452979025358	0.267572090183856
0.131777901913866	0.271561793682409
0.0321626757366108	0.0532064623522676
0.200408168121658	0.395902249031696
0.201545191143729	0.418110753886438
0.122005141049299	0.236018771580529
-0.101862167714109	0.16878626231637
0.25019851029563	0.45401453966191
0.334579824228562	0.619540785825061
0.460375382928122	0.837083309778894
0.0847065626382336	0.0988546168958208
1.60619619565127	3.7992083756833
0.717230247647525	0.998928008049501
-2.3564762067209	3.07207446512736
0.147971427053405	0.0784986047257277
-0.390852727191142	0.270646296565792
-0.264231357279217	0.133790657670837
0.989710912217512	0.811144182093146
0.425411281391427	0.167750699925777
-1.14171114622793	0.344693702322242
1.0652598912625	0.646408475771018
-0.325147943448607	0.149885751509845
1.04357682527213	0.495406585736145
0.808231026632447	0.332766886176791
-0.119171039802988	0.0473491547422897
0.667055935180136	0.306473926098619
0.158441687834525	0.0396618099099809
-1.04817240827966	0.412831503757969
0.586125139743896	0.30240710453499
0.513516136888496	0.181178716343693
0.52881020910379	0.304151221545014
-0.200699045694523	0.156381142490798
0.29698006193371	0.203854628204669
0.166076073211803	0.102230414670891
-1.05616472362153	0.855806425662537
-0.533916134916495	0.533598839439183
0.00371253444242203	0.00236189856832112
0.0750976411681004	0.0509761513730585
0.784323163734807	0.62002734654655
-0.684530414316144	0.484333731361699
0.431668742066412	0.434136348363727
0.990993535675207	0.81358180732399
1.45138090115721	0.478568850670936
4.36933173882119	2.22182267378955
3.9226128726263	1.6989438994259
0.116886146513406	0.744843351240869
-0.0921682880383043	0.486861476159032
-0.28209593556308	2.1255013864851
-0.610248758706948	7.38359940899524
-0.792806213382575	8.50870760793387
-1.11669288828544	16.2418271563607
-0.533895036079189	3.75624930100309
-0.60342317238633	4.49686502154371
-0.259012854525294	1.03724841730771
-0.0967992381102271	0.243367727823533
0.205014885413806	0.574317520887657
0.243935083764311	0.591471640014537
-0.0250479681139463	0.0378724570397125
0.172913731406631	0.340838607652966
0.293085387897528	0.699495083216169
0.0086613336250702	0.0124590670139095
0.00948110133203526	0.0136543174322592
0.17305516236776	0.331356144158252
0.164350866829141	0.259330399407016
0.00280586076476867	0.00349439986551582
0.0133151415306361	0.0137862745105702
-0.225526269645905	0.345745421463513
1.12457178036547	1.95223905373633
-0.691745691176422	1.11708205232764
-0.469366475558941	0.443136950978183
-0.12075997380286	0.0480297290129821
0.340106151270341	0.16969401000777
0.798887367854718	0.328506973468232
-0.996907415288135	0.49182997996147
-0.414248785891065	0.172553623155678
0.421057115552697	0.166017922839267
-0.322235411713064	0.148542946725632
-0.409444866979471	0.170457450720125
1.25948160330272	0.682717497587543
-1.52246182960607	0.540465661800635
-1.29098423824616	0.574882525327808
-0.97000758419433	0.598729933527737
1.04515557784367	0.495950978123491
2.54314246294555	1.37638183456833
-0.417498560054849	0.174105987349017
-0.114798840995251	0.0456854313144561
-0.507396217503075	0.268221250259367
-0.156888624729286	0.126170873476301
-0.806611010157006	0.440104072892131
-3.35270058391116	3.39597985239509
0.788503830466445	0.624440686235098
-1.02659473497596	1.1612348573933
-0.316289296476834	0.285294749341807
-0.0808401620244063	0.049560763849823
-0.32529719368044	0.150171557885481
0.978872861874232	0.798432589470896
1.06917265077651	1.25321540321378
0.425411281391427	0.167750699925777
1.95731570776637	0.441000340195791
0.660347295989593	0.207462296247491
0.659032459281836	0.207041754611057
3.26224218729945	1.1009233569627
0.017634725895757	0.0778258450048353
0.0977853494052233	0.554377985881536
-0.630368056417633	8.51268372634491
-0.913633107353474	10.4698194729075
-1.38341743107236	26.4647507147383
-0.727061377183163	6.76775791053675
-0.465552422726154	2.2046404577667
-0.0148628428309938	0.0395406444977449
0.0406670950008336	0.0916431687871525
0.0408228262562413	0.0753109537781808
0.268982703789746	0.582135829054575
-0.0198038253081737	0.024842999202519
0.0348691388007791	0.0496599291113738
0.1960582678368	0.465811859428173
0.169642153437461	0.30148741858452
0.0461893294302861	0.0641478755140498
0.505911608299385	1.81883391027304
0.0391024132233824	0.0673423481386261
0.211220806058468	0.412891246737417
0.280319830459844	0.461365882533339
0.524029817448564	1.27521199156832
0.260528678215576	0.270095565406938
0.232152358131701	0.298625748819609
0.33189107920994	0.184200567866866
0.13363835988629	0.0443714034051703
0.659678688827779	0.207049146044387
0.948337549654709	0.248516516252871
0.658741078701816	0.207014004441108
0.657866689740957	0.206670742493303
1.5554260223568	0.75543285370151
-0.785033328587639	0.340074092320892
0.950426851449918	0.249037516760643
0.654121684946124	0.205433467520013
-1.79840965860499	0.382877827643389
1.55805296257806	0.757338935380643
-1.79839614394125	0.382877807711208
0.653826927429073	0.205337088996143
0.162125356869158	0.0404960611383205
0.511535984561553	0.180463547184556
2.75520320904554	0.763197913000704
0.139774852128096	0.0411362731979931
0.34303948348116	0.319247820568713
-0.552088560056445	0.352461400898344
-0.236295434458238	0.0760318807121589
-0.3368833877348	0.240562285495666
0.090151219290152	0.0662533886884814
0.889619215426726	1.2217938748903
0.605498688466537	0.566106818840499
0.146922191196889	0.0431076767472804
-0.965804491331794	0.595753424638932
-0.647389723753931	0.972549055423174
0.502638263241215	0.17703788215509
3.26224218729945	1.1009233569627
0.944504519928106	0.247598335656165
2.10518557386543	0.926356193545713
-0.00844707243045914	0.0354046517470471
-0.33151346911462	3.27712158427359
-0.630961810963598	5.71901986324234
-0.841386283066637	10.9623631992656
-0.310261022600119	1.73889680785946
0.0114330410028952	0.0241911334100599
0.0747693100824143	0.229241178166741
0.310377109331543	1.20886717535645
0.76372395583899	3.51517959824834
0.506401243189316	1.76955803590157
0.529303920436095	1.1686336332858
0.89079284835935	3.65337522780494
0.337742430974321	1.0156322222607
0.287076188890533	0.590694194968933
0.238004081741766	0.43763614411603
0.336321056369056	0.875396295687685
0.300941165512185	0.795852943501746
0.470670600453282	1.20304712704068
0.717289794040364	1.61866048085259
0.410761888431528	0.897803328450956
0.604024102938821	0.834701226376737
0.498431841677677	0.753879201325114
-1.18433444905884	0.660318604057607
-0.538391637447097	0.202241097472968
-0.535972986453295	0.201305640312495
3.02999043532749	2.20820797605125
-2.0812048812963	0.938139891027998
-0.35666348042052	0.102404483392645
2.10286507825917	0.92563188054431
-0.235404091206056	0.075783701658557
2.34249550448842	1.14909671976623
1.8138222857108	0.70292085392477
1.95786695174359	0.441149378722158
0.950426851449918	0.249037516760643
-0.537820479884978	0.201951327851571
1.02592340208434	0.382810966482796
-1.14193838802885	0.344646219015582
0.950426851449918	0.249037516760643
0.160583229502904	0.0401661733691417
-0.171416957929972	0.0613808082861972
-0.0991238256732138	0.0906828111227614
-1.10760848830408	1.07768637371489
-0.807375352568193	0.44120201050936
0.491182774302398	0.310218641415676
-0.939126803962023	1.07849357889826
-0.793201415046313	0.928544672429544
-0.70639225951244	0.678403902371737
1.64596280760246	1.547362599377
0.879565965464084	0.465873448145094
0.152016133831758	0.162485702160364
0.131892526322164	0.0438212297448978
1.95988292961267	0.441702177751728
1.95731570776637	0.441000340195791
2.10636939831221	0.927285990182235
3.26345542626113	1.10199860979414
0.145313170347528	0.042674261922763
1.44450447975593	0.475941549703467
0.944504519928106	0.247598335656165
1.44862736407577	0.477555630338169
1.95988292961267	0.441702177751728
-0.0373166708445935	0.173333410039734
-0.157885084199847	0.993840733494624
-0.573167961815047	7.66306229058494
-0.0117689822171295	0.038768041383528
0.129564863383149	0.625175820841191
0.339976676308171	2.1763610633889
0.70459598974616	7.0424683278085
0.586859855596767	4.76965523815472
0.678891898929433	5.26008057743019
0.454952525978671	2.44244133380533
0.687377016848171	4.41283597039521
0.272391320471435	0.742137276559407
0.537015437283863	2.33392432390096
0.334613138354891	1.06799747957902
0.984485181345037	5.25803925721528
0.876071631863246	3.5254678844893
0.67964552948265	2.21779956622284
0.948945789637554	3.14419276432135
1.16237398543993	4.11832857371096
0.831729671527243	1.71205035304321
1.53463549354367	4.77666782291109
0.595178451799641	0.744645521144915
0.571923188495777	0.456830863874199
0.72574705803866	0.60428361286307
0.586137253480046	0.30224138677196
-0.110579263550917	0.0655508891016905
1.06496009857035	0.644565683098527
0.611252724593073	0.464098469683512
-0.418365309512863	0.174458184135551
-0.0408069633508487	0.0194856018537675
2.55071650043184	1.3824885435846
1.04591688407727	0.496764913557561
-0.417382265705022	0.238916857183538
-0.55623875595421	0.355643766893984
-0.999104231043557	0.49303116684687
0.704893455527087	0.463291580986445
-0.550710619355246	0.351578313170658
0.314538617593389	0.190271544976155
0.0146129388456961	0.00798068570353358
0.437178875820337	0.426707768387688
0.471013142062981	0.321017738130792
1.87361165750622	2.0711845616124
1.43595358281758	1.62614963680428
-0.259519336627563	0.19472331532929
-0.00858404546063607	0.0068264248103516
0.503124283705505	0.540095037095921
0.52071013901199	0.546439306175416
0.313027936679772	0.18935953412512
0.583887665768655	0.64903833160972
0.140361834634309	0.0413037326992959
0.946592090327999	0.248117976822064
1.02533495299364	0.382457756692076
1.54772454303117	0.750267453926655
1.44922258720914	0.477763268309402
1.04721724117275	0.497540042389313
1.02533495299364	0.382457756692076
2.10780147273303	1.4459150053423
0.950998501270056	0.249196467275389
1.81767719681703	0.704324972687456
2.10518557386543	0.926356193545713
0.94820175004088	0.248479682375772
0.510619816865865	0.180113549991954
0.658157600688591	0.206837664845118
1.81176507224111	0.701716027060748
1.95731570776637	0.441000340195791
1.0444623770314	0.495719164594595
2.54314246294555	1.37638183456833
-0.100632535515079	0.567096429802648
-0.360298021408564	3.87055772715091
-0.0324010764808317	0.118149763597089
0.165162491819491	0.851752220513814
0.233342972841989	1.07379490841445
0.654688784736458	5.68245985936615
0.687387114671672	5.73335987063308
0.45084952279311	2.51574142648588
0.591110332444393	3.43208081663014
0.382499912270385	1.46572080012602
0.399489840922787	1.23871153344141
0.684723213852756	3.18488926166847
0.460103021187386	1.79705906002448
0.426333360801763	1.07663007603344
0.228482722369357	0.39179982427891
0.477794170838733	0.999092170784141
0.342937410217133	0.607868910103192
0.411645360961206	0.705591420908455
1.56121446607431	4.80588001558694
0.837580936572949	1.73157746542803
0.190159203167254	0.162498300255968
0.502868835085133	0.318967012038303
2.24073541355858	2.49155345872202
0.905130498417761	0.783332583526705
-1.10785548973103	0.76388756047468
0.878155215055491	0.464960389811805
1.04058549229476	0.493412698340227
1.55861485722101	0.757688140819901
0.156044755590078	0.0897355668360669
0.587489890613321	0.303329813943562
1.43007573592193	0.8745786843
-0.796967464341819	0.346381482438295
-0.329146058047281	0.151991518723621
0.374077768613044	0.165818583952208
0.935944251872092	0.631306758369189
0.511315925469962	0.180318053690652
0.37843365344838	0.167968121789855
0.770793985117418	0.45752296418316
-0.293908825850832	0.215439142472045
-0.33689216911061	0.240640249351804
-0.813685542225713	0.544334275672432
0.682501734189693	0.595604735076082
0.702548796561508	0.71010340526477
0.850672158651395	1.18475197474834
0.783981138036849	0.619453889267969
0.991071849398072	0.813990870806774
-0.0833799400770812	0.0366611112675002
0.268944932402228	0.233285161530784
0.341813486572325	0.170706291557934
-1.79839614394125	0.382877807711208
1.81604086904786	0.704001590638153
1.44922258720914	0.477763268309402
0.147259813410519	0.0432007445014279
0.657864503304789	0.206616146564203
0.94820175004088	0.248479682375772
0.132382889280095	0.0439989008298304
1.02514752788745	0.382203792201025
1.25705280000597	0.681438470667038
0.947770742439721	0.248281535275256
0.431070466345996	0.170227115144882
1.94120408005404	1.19171984264092
1.0239728358881	0.381885834911352
0.0575641482700552	0.288447995425967
0.0815105002551544	0.407442962357489
0.0867419732636528	0.360363155110123
0.379342014719826	2.67427474130071
0.352909673860551	2.17404943708863
0.528711779561338	3.73177368222669
0.511446019428085	3.15943162748665
0.409108756102356	1.81812185198042
0.50642509305393	2.36115703083495
0.689235629474614	3.3729482175861
0.406731632819247	1.41509097909477
0.719993101630436	3.48300492743839
0.269061276700791	0.68161174183874
0.178452325910753	0.374008749836797
0.483557842196844	1.27965533343326
0.796434229563043	2.52487109287433
1.57897330336811	7.62699364354469
0.895176957669964	2.09613419960547
0.231370194333265	0.293268256663779
0.246871874809804	0.247745361365299
0.290449818757364	0.209479274076136
1.68391810331785	1.96194040427057
-0.252476543309965	0.127445589033375
-0.620449742756312	0.296725230351096
0.910868640673915	0.790699268519722
-0.0429032288438214	0.0204525514923676
1.30877399614962	0.561080478424277
0.649118076731912	0.462622235932256
3.03460315346912	2.21936483380287
0.12734351598535	0.0544306878864236
-0.258720715938974	0.13091523211758
-0.661499416135427	0.394857633434629
0.424956949894045	0.16768572118921
1.25435234173728	0.678593174751698
0.840420956778645	0.764759199507341
0.527902769802374	0.639804331506872
0.18009518594216	0.129213001082479
0.178269974014059	0.116567879552369
0.0767870744396552	0.0521670845122013
0.976983415705287	1.57622043582678
0.660782088492466	1.01916498518146
0.924247413283786	1.04302262259185
0.985092041809732	1.0830079457201
0.430485884433954	0.328224448928336
0.671207956867505	0.86899234729621
0.127405387111306	0.0480111839782604
-1.79840965860499	0.382877827643389
0.154509067766894	0.0289541162362231
-0.50684572759238	0.267889095731562
1.44839669376933	0.477459847846965
-1.14536534536015	0.34589005605433
2.3407843761875	1.14791185937458
0.808443090829137	0.332994891311029
1.44862736407577	0.477555630338169
1.55486158244648	0.754948133287252
3.9226128726263	1.6989438994259
0.142306377840433	0.0418148962103769
-0.046503202004509	0.21820868045287
-0.228758427266061	1.77048631454579
-0.465502681276882	5.11788669203193
0.225439900073121	1.29586943942727
0.364082215331857	2.47767087409576
0.343747607867327	1.85674924757302
0.557434639227275	3.5916225858196
0.398863197868661	1.92601619055215
0.648013281660862	3.77195346150456
0.583033763223287	2.80904689002151
0.768217885081114	4.34742961515984
0.470597871800102	1.61930985844206
0.863111572717155	4.03568286416086
0.334925644126572	0.773107878606279
0.795670120241841	2.55912497781373
0.684123814705991	2.183150148305
0.682133067393095	1.56254214267355
0.58214398322011	1.25269589692638
0.261326991354455	0.232623676420294
0.135059185196406	0.0648610363599509
0.566192558837183	0.451111930964291
0.166180484656143	0.0958126143507016
0.504960699394822	0.177842284993928
-0.202231578259465	0.109598024809199
0.125157145381834	0.0471933280332995
0.585034505000857	0.302146848118809
0.67031140224908	0.308146609796731
-0.816042951589717	0.447274658152157
0.948337549654709	0.248516516252871
0.510619816865865	0.180113549991954
-0.809266247145237	0.442955891164613
1.81456677210567	0.703082758766755
0.411667642261006	0.499526979184152
0.051799273018604	0.0319429935059035
0.468314987507908	0.31904953945343
1.04552699612242	1.10960796154314
0.171239213748027	0.117078845531855
0.612629895390794	0.668561804333579
0.536805538497508	0.548830823133578
0.794614085054335	0.86287211491026
0.774478747762942	0.609059594975347
0.75132765147664	0.834857859135076
-0.80723346622223	0.440300299089492
1.95731570776637	0.441000340195791
1.95786695174359	0.441149378722158
-0.411594396506958	0.171389354957964
-0.412193448344764	0.171596426506329
0.94820175004088	0.248479682375772
1.81176507224111	0.701716027060748
1.95731570776637	0.441000340195791
-0.0995602420991427	0.583455356542316
0.287428344696335	2.58780335305123
0.340201326359923	2.92862961729363
0.399588238075588	3.5251578620067
0.275437780499231	1.69560486599056
0.0335406908309611	0.102977781995201
0.286970270229205	1.38908812093484
0.0673681049003134	0.156211042510401
0.21318988616877	0.757890805076392
0.491012636410608	2.52342081872137
0.373256480981236	1.17950928124265
1.01260512267597	4.54951504407707
0.755209181979471	2.7448701442582
0.789564357660004	2.80498046730425
0.581075293092874	1.50056473294098
1.0266432090887	2.39903649335066
0.4609196617924	0.849847676440999
0.649284280962594	0.936763713620345
0.188499181351082	0.151464361004343
1.31448010350061	1.69320333805541
0.541351754795456	0.451790326798785
0.647212793010335	0.460730904249416
-0.535437820033947	0.448775265469094
0.593877653725062	0.30738090489928
0.0371318673929483	0.021592780354051
0.174151485210166	0.119248248553632
0.344814357962911	0.172223529033892
0.491886968913176	0.310159659839307
1.75426928296584	1.35820807790538
1.25776575882309	0.681723722846692
0.804055496695114	1.07255140106004
0.575451250778793	0.658447754606831
1.38773503219346	1.88437196509831
1.00509218062834	1.20753721820677
0.368576477309239	0.337043882154291
0.736235900131546	0.616345176493369
1.23110282967396	1.49216567740756
-1.49635968518801	1.05076803691005
1.81545080408239	0.703738180326379
0.144725574883443	0.0425191258680454
0.948337549654709	0.248516516252871
1.80835489274816	0.70010856168417
1.75871173717241	0.962622777197235
0.888802710091378	0.472107823148892
0.678609860108498	0.312621969538109
0.776479066310609	0.461588906829984
1.0238833519431	0.381787644807647
1.74629976634659	1.34818924091922
2.10345763612533	0.92603048253316
-0.00636928012962277	0.0264064317985817
-0.414605725103249	5.36363269971388
0.0169615709379738	0.0618148371469471
-0.173552530374715	0.854639790062076
-0.164568431672042	0.653759657843751
-0.268365132962521	1.35765651720786
-0.221016215351133	1.03854722056599
0.199231590457523	0.698041357767895
0.608679611514792	3.51335104963341
0.598240303591585	3.72532071728471
0.67631551081029	4.16299785190828
0.899996971164901	5.27549178440107
0.962632319695461	4.23391282489754
0.966644670906054	4.91250001498606
0.558973141112152	1.13224849973913
0.811821194149322	2.54850483084227
1.46651510636541	2.10083035232721
-1.16025567845341	1.01662866049709
1.02301590948882	0.967970352022336
0.341813486572325	0.170706291557934
0.773468470217261	0.458755074764958
-1.29468583724064	0.577050898837199
0.377522545229957	0.167567105298898
0.538232969326244	0.311286295669955
1.23340345542789	0.848720928648531
0.344420437082123	0.172114538247702
1.37759066225697	1.06100473640083
0.5126703877852	0.180806312829072
1.04968809060783	0.498914343791501
1.223520509359	1.60841672022895
1.15535227423729	1.44105473618886
0.94118809605297	0.635209130412546
0.759292532476331	1.02083310480227
1.23052005495074	1.03693406156159
1.31126841403568	0.56233368703482
1.95731570776637	0.441000340195791
1.95988292961267	0.441702177751728
0.160813493636874	0.0402291855562724
0.163185820804974	0.0407257646525502
1.81264504950119	0.702404900566408
2.75580772001712	0.763760469153332
1.31253456967921	0.563091330038175
-0.0551505368581218	0.280975853932711
-0.03250595190949	0.13714827774236
-0.165316206404713	0.888380301476548
-0.206249680290983	1.08996382672789
-0.204317081472819	1.00042863000811
-0.198888465732247	0.879393918497349
0.18384286766149	0.730386701083526
0.459567500253803	2.73663817002437
0.281556042766769	1.13277523346742
0.377053683940844	1.49812906234021
0.555483880069468	2.46570311995383
0.588538003506308	2.27764361033917
0.614664565801163	2.52293519781161
1.07770543007265	3.86872358723505
0.225434782566373	0.401550983064024
0.84017955815682	1.35009254227205
0.835365148014459	0.881016960712514
-0.626720509700989	0.564684879455124
0.410122401273509	0.3260114844276
-0.534104839594187	0.447337006296404
0.490174538397635	0.309231078877933
0.165714643088133	0.101852653246657
-0.812306764577831	0.543282486699445
-0.462460780742858	0.30956269034661
-1.29040929530901	0.5745922099994
0.879241808673471	0.465808533323085
0.792586338502636	0.958860366926288
0.681755197442703	0.78964919759832
3.26284822825054	1.10169382604423
0.653540010885453	0.205185988936824
1.02338601426445	0.38161996773056
0.673223768225707	0.309720010174899
1.02592340208434	0.382810966482796
-0.0164089854188237	0.0694003869482238
-0.103308404598237	0.569387325426972
-0.206170024621114	1.25080292911797
-0.168840451488292	0.860725126024956
0.196954461075721	0.908381905276025
0.477851402717977	3.64786237968533
0.467165670615629	3.34893527905807
0.403819578166252	2.02506195687025
0.455530190522626	2.01547390655778
0.618069671257446	2.84125143381911
0.961142904099473	5.59595924194072
1.18877308072893	8.38614429269784
0.9357291479602	3.89743233123559
0.642260223881818	1.69768702474833
0.707010360608733	1.5479033004601
1.00215524917155	1.71385589874098
0.713093827270042	0.990489086556041
1.48040851078847	2.87294622998397
0.798070121315535	0.968268114843469
1.14364401223378	1.30126353489695
-0.0814087534438472	0.0499090549062516
0.398652560840861	0.329996102870445
1.14572529548261	1.30544861895168
-0.194868597001124	0.105449226558745
0.683912288096544	0.597098521114601
0.848906168593971	0.625530680634396
0.610715599073673	0.572959478017429
0.343729842754222	0.33028270507746
1.09522512069853	0.83041959780595
1.94072931588872	1.19009439688069
1.23237938186006	0.84784470306944
4.16980166935744	1.96660776661609
1.09123930298117	0.826070782483234
1.25973527090773	0.683240231968848
2.54165206483058	1.37461336959916
0.0171080242577709	0.072493363245202
-0.0649100772064976	0.308035222890005
-0.1881720703582	1.16571366669954
0.0836407804863561	0.322680744406031
0.358541303931546	2.66016863639953
0.622916303028471	6.22821047417751
0.568978316482226	3.75380085588559
0.858620220593124	6.32490581207995
1.00928565876484	7.354263561571
0.978118081546162	6.35255372085501
1.13357760951207	8.24491934982168
0.876350861269813	4.01059678015128
0.607087368027114	1.71626526734718
1.17871013773444	3.6493862198464
0.479975724515634	0.740896461544037
0.51983500694839	0.822043460764139
-0.0456444526536299	0.0350501373436575
0.708300069203955	0.909125040221909
-0.0472965568591539	0.0356218613533634
1.40748950888463	1.75616600865793
0.472162442577777	0.527610087877586
1.65206184289519	2.69740349095854
-0.215444714229714	0.18392125657187
0.253553173350241	0.243834605848331
-0.664211582141017	0.741005638618005
0.979611131492454	1.07389226675898
0.822424049905026	0.969679143005334
0.339145492121392	0.324696203194143
0.6376625306709	0.856005510497191
-0.0358148850162548	0.161987224898162
-0.42696689011422	5.13804478683554
-0.158840113105369	0.841185183339509
0.244094425998423	1.55859445682373
0.353435508910497	2.54054255601662
0.40223589766285	2.12060712197652
0.757571667076985	4.63461920769724
0.732834286438758	3.92102608215653
0.809007630297552	4.53249489766048
1.00247491461964	5.75505058996576
0.597537408642776	2.11470178586115
0.576064627162708	1.82218431007339
0.692394330377369	2.0771276463489
0.886530798976316	2.15164001887043
1.0063352159002	2.36944165086019
0.306024991996309	0.333417811152868
0.596275895316585	0.746827605602902
0.0477999996506907	0.0381643996011791
0.379484231280641	0.324195567384543
0.477183603137947	0.535037433373135
0.0454959802849032	0.0362946525706049
1.839665544165	3.39503506334289
0.278917669705394	0.227171110624909
0.407966513219409	0.42941096286151
0.948025980428912	1.16386131902507
0.78277871783357	0.844644487914665
0.989631666156619	1.08942335511715
0.864641602460614	1.37146953728694
1.0251457339979	2.25805526817391
0.963188816189956	1.47185940637776
0.476660573518019	0.442105714283436
0.0516861753122996	0.24740523495805
0.229132815444387	1.76877725081296
0.369735658201823	3.20507658619424
0.46313950146677	4.15199464687904
0.710336632031853	7.01066519762173
0.845376153462935	7.78994536327844
0.847879005867243	6.81400840175609
1.15145321938553	9.20475546078035
1.03101100073209	8.16889038790729
1.01248438659453	5.26475691210327
1.3465574475142	7.99335888528928
0.819679748007481	2.23243046245292
0.654480319252745	1.15818460621228
0.812141431942886	1.31689301854493
0.486116076366308	0.532712734780456
0.64730611819117	0.693119633838135
1.35842806813493	2.11788760192391
0.105831640540632	0.0834256667316772
0.181394091989981	0.124620019906561
0.360015379223509	0.327691076831329
0.0965108923577901	0.0734526486254865
0.910842825010391	0.791738380714329
0.310026012155509	0.200849336582676
0.728764912005749	0.607906361700498
0.500095881028798	0.535595901271528
1.23831624272759	1.21481802839788
-0.34355449509225	0.208758576424776
0.644893321511648	0.58508171638832
0.429330108758551	0.431276273658979
0.83081048624643	1.58082233680157
-0.256605486477761	0.257108413282999
0.610505387448253	0.572817724072542
0.167328992681479	0.996620331677617
0.305366746049089	2.39514829293634
0.412762143696308	3.63607121466439
0.737811303907913	8.31304001655981
0.809598659589681	7.97019639292858
0.887415302541583	10.7129878777461
0.757476599711127	3.75354370873806
1.78837183631724	4.28119773881129
0.759655657912714	0.937156285670191
0.929523676539771	1.25553044656291
0.578841852607304	0.558756068195987
0.515943506177035	0.447154597905089
1.22296011060369	1.47823560125417
-0.463045450641702	0.309861486451997
0.298428404634675	0.204986166405609
1.03018071931	0.977494605724909
1.64694913154748	1.54757236385154
0.285784948209538	0.215432842035911
-0.00960682614081959	0.00489574483601124
1.57594879215927	1.70577413487496
0.466513743399378	0.317619613238069
1.12704710195635	1.15238159698933
0.898244541680472	1.41137059169169
0.871520590944954	1.00713610329585
0.880155180201346	1.56196270233261
0.643794233662684	4.33038837973387
0.689784920146125	4.0129949535321
1.55206417796133	3.34917369835593
-0.299842668885124	0.33173525873632
0.52753553042559	0.786066274799164
0.656326043430962	0.776434632307925
-0.616621907010367	0.694411712074219
0.387416934345723	0.500500942234078
0.760006249414109	0.938240846722148
-0.983623233611478	1.49904741253356
0.875670750004683	1.2986889717678
-0.296879687366159	0.272428723199464
-0.406969274920718	0.415260270770081
0.0721852338190384	0.0613222622357016
0.3779267908708	0.322581285679421
0.888454703497852	1.22016696083441
0.429140151496249	0.579553973967266
0.348720570974681	0.431433596204715
0.719218379241626	1.14071353306176
0.559880723573118	3.50932384925639
0.797816331575403	5.35424718937023
1.06085107910632	2.05334117253658
0.144345061171072	0.150918406597291
0.240522280733074	0.284989421543422
0.670755334869364	0.957640968716951
1.21845870044499	2.27455837720666
0.259204493868323	0.237289569598379
0.573543938575185	0.655283750856326
-0.00331857662815107	0.00228425187728687
0.253497272559259	0.249726382191298
0.267107525628319	0.252712296566968
0.691742371912161	0.806218615915292
1.43127594047449	3.13575751238793
0.104677768548732	0.0847677756591561
0.84892061863652	1.18172300651001
0.391526862275901	0.322630131670676
-0.0749396726540096	0.0558613410320698
1.22438022208102	1.47918028365308
0.54326357367057	0.453822566289735
1.12961427612937	1.1558591357421
0.179431648042835	0.133817192402183
0.186488374221375	0.139566542672613
1.0071045395349	1.7993714657703
0.640968373119388	0.684037314528448
0.470549446761838	0.434534876488265
0.944035053778439	0.928906506594931
0.506822836362526	0.437279369758928
0.312817677343551	0.203184581074105
0.441941906446995	0.602811218217196
0.639447880234632	0.938694775375921
0.54050522262602	0.623381978555839
0.540936166782179	0.706404398227693
1.00369198033559	1.20494421303716
0.743794482315354	0.729710341535777
0.934971968441142	2.47540447009924
1.04446434777294	2.13016746554202
0.541951525202916	0.644574500107943
0.669787359572085	0.955462799374105
0.570631392304571	1.48865265278386
