x	y
-1.04290235412753	0.410559570501728
-1.14171114622793	0.344693702322242
-3.08216231491203	0.947551973079846
-0.539661343528338	0.202765677037844
-2.57660997484294	0.657538252319339
-1.79839614394125	0.382877807711208
-0.628599509856641	0.151612619227975
-0.355401168227563	0.102014834884787
-0.246105424367559	0.0791235158992065
-1.52585303078124	0.541962051097293
1.02567343435987	0.382470463826608
-1.79840965860499	0.382877827643389
-1.0419816315643	0.409976007162161
-0.0775335080082925	0.0341172758140013
-0.742101285286405	0.253499136601578
-0.176550485343644	0.0631792496386275
-1.29503373562381	0.577267948395295
-0.790219131055702	0.342560224844598
-0.543818752032067	0.204528065886448
-1.1447666380351	0.34569313996721
0.152050960400409	0.028630259939513
-1.79839614394125	0.382877807711208
-0.741848602831151	0.253311922462979
-0.541982138529851	0.203732865607725
-1.1406575104342	0.344234513147494
-0.737489374761453	0.251678150254292
-0.355104953248248	0.101967480674674
1.01523948723683	0.377893831261949
-0.788395480319902	0.341804995882944
-0.240627572806769	0.0774207528438286
-1.00361914170206	0.496209107630798
-0.628164901903538	0.15157555358925
-1.14523333483643	0.345843348749308
-1.14559783756009	0.346052129596875
-1.52468217246603	0.541450953371581
0.131594500900707	0.0437325371818593
-0.628299579656606	0.151558046801791
-1.1414839653338	0.344622990730584
0.144389940892798	0.0424393237157952
0.586439005232639	0.30256234304971
0.135364021327178	0.0449437078279942
-1.52556530925699	0.541887546993991
0.806964784735136	0.332177200552997
-0.355401168227563	0.102014834884787
-1.51227685112488	0.76213256545427
1.0190295579627	0.379719734867384
-0.420739250391455	0.175588441965966
-1.04488326260696	0.411431568917432
-2.57660997484294	0.657538252319339
-1.14088544605048	0.344426431780091
-0.628030265547787	0.151499678636842
-0.628733247343677	0.151688343674084
-0.355394630173918	0.102015543768339
-0.737489374761453	0.251678150254292
-0.737745529684395	0.251848226779474
-3.45922605387697	1.22727228815634
-2.57669595250488	0.657559862268914
-2.5766529574574	0.657773148602288
-1.52556530925699	0.541887546993991
-0.237559934502149	0.0764246711906185
0.516764201582912	0.182313298692041
1.45138090115721	0.478568850670936
1.4480329582247	0.477161868008032
2.54822169023008	1.38099385922808
0.947770742439721	0.248281535275256
-0.539089600210505	0.202542124367007
-0.354815349846941	0.101888689175609
-4.01591566480886	1.72772177589649
-1.50840477299905	0.758701742248802
-0.738414128880846	0.252090639638632
-1.52585303078124	0.541962051097293
-3.45922605387697	1.22727228815634
-0.787484987016101	0.341192703317524
-0.632563406792844	0.152610991116788
-0.628299579656606	0.151558046801791
0.660932155782147	0.207694635746326
-1.79840965860499	0.382877827643389
-0.628299579656606	0.151558046801791
0.161043695584893	0.0402684742968713
1.95786695174359	0.441149378722158
-0.628164901903538	0.15157555358925
-1.79840965860499	0.382877827643389
-0.628164901903538	0.15157555358925
-3.45922605387697	1.22727228815634
0.515848504972472	0.181937471471781
-1.14583039258107	0.346039770541419
0.132382889280095	0.0439989008298304
0.953104063529892	0.24967071820883
-1.52614082474697	0.541895090059418
-1.14171114622793	0.344693702322242
-2.57660997484294	0.657538252319339
-1.04779140371951	0.412732841654536
0.159402290839324	0.0399177124259514
2.54578920374591	1.37918799565204
1.44899109330448	0.477667123734845
0.94820175004088	0.248479682375772
1.03968123804489	0.492918499809222
-1.14193838802885	0.344646219015582
0.155111385030128	0.0290417527313876
-1.69304340847359	0.952994808261722
0.51245179464898	0.180728048354012
-0.628164901903538	0.15157555358925
0.131814043124596	0.0438161720723548
-0.789949074347787	0.342860425674977
-0.628733247343677	0.151688343674084
-0.628030265547787	0.151499678636842
-0.355104953248248	0.101967480674674
-0.412261031351047	0.171714138801548
-0.742354946133043	0.253440043281208
-0.120813852462324	0.0480500438896859
-0.358848207258787	0.103009197892419
-0.735201728577998	0.25087231236032
0.15963091503218	0.0399802605532864
-0.628599509856641	0.151612619227975
-0.628164901903538	0.15157555358925
-0.359141638818634	0.103112871302961
-0.241543381848446	0.0777055848228126
-1.52217172198706	0.540157381117801
0.162357836679133	0.0405597098553547
1.44922258720914	0.477763268309402
2.75580772001712	0.763760469153332
-3.46276423195498	1.22902448571158
1.01868988091969	0.379571940690884
0.13422930794267	0.0445728055584624
-0.354815349846941	0.101888689175609
0.154509067766894	0.0289541162362231
-1.04163570285521	0.409773247801858
0.127866363638053	0.0425460435773885
0.152050960400409	0.028630259939513
-3.45922605387697	1.22727228815634
0.94820175004088	0.248479682375772
4.36933173882119	2.22182267378955
1.94363104489489	1.19302199176286
0.128383211904783	0.0548507255418673
0.670906859207156	0.308500067147838
0.346712166130059	0.173271358216005
2.72466968012884	1.63483488457966
0.700071120544321	0.458809639720758
0.131594500900707	0.0437325371818593
-1.69010915746495	0.950594935338849
0.370650988532887	0.164283149019924
-0.742101285286405	0.253499136601578
-0.544388043857763	0.20467834687827
-0.737489374761453	0.251678150254292
-1.18586323787425	0.662169281444744
2.75580772001712	0.763760469153332
0.15144823932183	0.0285426379557898
-0.355979365614545	0.102141358762928
-3.45967591146264	1.22746502283364
-1.79840965860499	0.382877827643389
-2.57669595250488	0.657559862268914
-2.08553743334962	0.941412888325459
-0.415847728365783	0.173416198873373
-1.0412554441698	0.40951599523156
-0.735458723618684	0.250947808327744
-1.04221071709325	0.410198911511082
1.02592340208434	0.382810966482796
0.162952579336367	0.0406858836130456
0.15963091503218	0.0399802605532864
-2.30795266111393	1.15397688642035
1.31423449666468	0.56372177285117
1.02271178737872	0.381316878019672
-0.628599509856641	0.151612619227975
-1.14559783756009	0.346052129596875
-1.04595278088894	0.411874241216211
0.157325350109871	0.02936446462458
0.421270140467149	0.166129444830307
-2.57669595250488	0.657559862268914
0.15963091503218	0.0399802605532864
0.155111385030128	0.0290417527313876
0.144976980831471	0.0425943260188831
0.131244557787275	0.0436234987478517
-1.52468217246603	0.541450953371581
1.44862736407577	0.477555630338169
0.341379155886314	0.170195448745096
0.133827547304626	0.0504034048186407
0.582125831830818	0.300160545440486
1.8138222857108	0.70292085392477
0.154509067766894	0.0289541162362231
-0.997509204027781	0.492307329534456
-2.57669595250488	0.657559862268914
-1.80123754984197	0.383647112861273
0.163185820804974	0.0407257646525502
-2.5766529574574	0.657773148602288
-3.08542618523242	0.949198094742557
-1.18673696325179	0.662281071964009
-1.34242339837694	0.842141066716044
-0.809362084979269	0.442571037659562
-0.168098950998947	0.060182556134742
-3.46322465260564	1.22963503158779
-1.79840965860499	0.382877827643389
1.95786695174359	0.441149378722158
-0.628867026021838	0.151670609188118
0.342299529713346	0.170718821714023
0.589032264568651	0.304349472385491
0.132032810243933	0.0438841642048134
0.160221796316651	0.0401166927693931
0.136333537745958	0.0581939191146733
-2.08450404139696	0.940647115246043
-0.325029690873914	0.14984055001641
-1.80123754984197	0.383647112861273
-0.625937070321993	0.151091209012893
-0.631994988626399	0.152498044571477
3.63331351050508	1.42008896661082
-1.70014615684547	0.959546447080265
-0.419032999305864	0.174774111736774
0.803620921341924	0.330666152724973
0.429822311784688	0.169648663335487
0.144054213480702	0.0423469198905259
-0.0807014082915	0.0354990875683461
-0.628733247343677	0.151688343674084
-0.234312185154952	0.0754304879292539
-3.76137421922742	1.48226291907169
-4.01558169607127	1.72750624811894
-1.79839614394125	0.382877807711208
-1.2941091808211	0.576975974922849
-0.78873939795176	0.341991104298643
-2.5766529574574	0.657773148602288
-3.45967591146264	1.22746502283364
0.948337549654709	0.248516516252871
-0.628867026021838	0.151670609188118
-2.57968420714322	0.659073447553718
1.44839669376933	0.477459847846965
0.325184645699123	0.197557681099574
-0.249742665819239	0.126042445914295
-0.114200640524609	0.0454885817871116
-0.628164901903538	0.15157555358925
-0.358848207258787	0.103009197892419
-2.57669595250488	0.657559862268914
0.15144823932183	0.0285426379557898
-0.235007751863996	0.0756217011010752
-0.737824274342293	0.251781339210884
0.65757421006213	0.206588655278929
0.130275387420614	0.0433068776559506
-0.0392200869939151	0.0187273357011293
3.9232513707374	1.69997531930461
-0.354229439997714	0.101697261087168
0.144138136643148	0.0423508720464565
-2.5766529574574	0.657773148602288
1.95786695174359	0.441149378722158
0.513516136888496	0.181178716343693
-1.79840965860499	0.382877827643389
-0.355401168227563	0.102014834884787
0.144640697621443	0.0425017414545061
0.374343498860092	0.165966304255998
1.43912328472901	0.882298404206883
0.427165924201302	0.1685512930904
1.02363521199244	0.381873400117373
-1.52439405688463	0.541142934209623
0.511535984561553	0.180463547184556
-0.997577549395498	0.492570416679555
-3.08556356757563	0.949512459473102
-1.79839614394125	0.382877807711208
-2.57660997484294	0.657538252319339
-2.57660997484294	0.657538252319339
-1.14193838802885	0.344646219015582
-1.18646093927296	0.662551325409641
-3.08542618523242	0.949198094742557
-1.79840965860499	0.382877827643389
0.64918955476056	0.203655643010603
0.155111385030128	0.0290417527313876
2.75520320904554	0.763197913000704
0.155111385030128	0.0290417527313876
-0.254505809495095	0.128646930573403
-0.410987384874928	0.234482992214215
-0.790512071534418	0.343028422954392
-1.04630043534404	0.412061137796638
-3.45945095257726	1.22747869975084
0.160221796316651	0.0401166927693931
-3.08203048704882	0.947509650360219
-0.540010421209968	0.202885751343567
0.511535984561553	0.180463547184556
0.658157600688591	0.206837664845118
0.155111385030128	0.0290417527313876
0.154509067766894	0.0289541162362231
-0.354809804669678	0.101824397658975
-1.18423551103852	0.661019234134657
-1.04056236968378	0.409373067940558
0.14371839260098	0.0422424410228484
-1.29825184667106	0.579597355540298
0.950287720870208	0.248999740475732
-3.08216231491203	0.947551973079846
1.44780311038183	0.477066495630919
2.75641316563256	0.763778311858285
-0.543818752032067	0.204528065886448
0.139097983949456	0.0409512881184992
0.510839396613925	0.180141996770445
1.44862736407577	0.477555630338169
1.88538857917265	1.61759116462718
-0.628164901903538	0.15157555358925
1.94643843508127	1.19640601479646
0.808231026632447	0.332766886176791
0.128568405154016	0.0427795258685336
-0.353939368265063	0.101586834148653
-0.626075023442282	0.151167646950723
-0.628164901903538	0.15157555358925
-1.0001037668499	0.493752779623566
0.16045117802105	0.0401558290866076
0.650927958296355	0.204183865095431
1.95786695174359	0.441149378722158
0.154509067766894	0.0289541162362231
-1.80123754984197	0.383647112861273
-1.79840965860499	0.382877827643389
-3.08216231491203	0.947551973079846
0.149614225306626	0.0793652662289714
-1.49305779553807	1.0470715640705
-0.193789306164447	0.104821167402264
0.58657978760058	0.30312760472504
-0.789650928512862	0.342421974551524
-2.57669595250488	0.657559862268914
-0.628733247343677	0.151688343674084
0.51408290047205	0.181384498788784
-0.626075023442282	0.151167646950723
0.139097983949456	0.0409512881184992
-1.79840965860499	0.382877827643389
0.157325350109871	0.02936446462458
-1.14559783756009	0.346052129596875
0.156304884454214	0.0392194704826931
-0.358848207258787	0.103009197892419
0.159859477622278	0.0400192334307773
0.154509067766894	0.0289541162362231
-3.76865619432902	1.48655906351652
1.318554415922	0.566157010875911
0.129989608626953	0.0489773561473865
0.50755078071475	0.178917899343599
2.34135533413392	1.14844291387782
0.154509067766894	0.0289541162362231
0.948905461162112	0.248586345985544
0.666720675538898	0.306383563426964
2.34507290902112	1.15015016385441
0.425497080140127	0.167863861612803
-0.628838972377586	0.301497189830301
0.803055311396109	0.330423388744012
-1.83902639389835	0.744207122858341
-0.414583729189825	0.172844740940255
-0.536671114051193	0.201606330220057
1.44391071628385	0.475549251261387
-1.29376133697956	0.576703831793288
0.162357836679133	0.0405597098553547
-1.83105982818556	0.740099638711398
-1.83105982818556	0.740099638711398
-0.35569023027487	0.10209347470967
-3.76080338308098	1.48176245886347
-1.79839614394125	0.382877807711208
2.75641316563256	0.763778311858285
0.162125356869158	0.0404960611383205
0.14380305748793	0.042271222114559
-1.1414839653338	0.344622990730584
-1.14111344283696	0.344497381350969
-0.325772973836945	0.150225747425239
-0.117013070189122	0.046526646461327
-1.50806167447291	0.75852900058031
-2.25049219219994	1.89968482136129
-1.29550136568035	0.577481337553921
-1.04779140371951	0.412732841654536
-2.57660997484294	0.657538252319339
-2.57660997484294	0.657538252319339
-2.57669595250488	0.657559862268914
1.44391071628385	0.475549251261387
-0.628867026021838	0.151670609188118
2.75520320904554	0.763197913000704
2.09995861282333	0.923872580873855
-1.79839614394125	0.382877807711208
-0.330393358161736	0.152580557331573
-0.418098622830114	0.174378553054991
1.44862736407577	0.477555630338169
1.95731570776637	0.441000340195791
-1.79839614394125	0.382877807711208
-4.01591566480886	1.72772177589649
0.660638687988492	0.207526442563452
-0.236865950236819	0.0762080730306188
1.0444623770314	0.495719164594595
0.160221796316651	0.0401166927693931
-0.241194698180716	0.0775963201393135
0.657283842665822	0.20642210460759
0.81396484062838	0.335306557609023
-2.57963910438406	0.659061212358043
-0.632563406792844	0.152610991116788
1.44862736407577	0.477555630338169
-0.167409271163493	0.059935085601386
-0.738414128880846	0.252090639638632
0.15963091503218	0.0399802605532864
0.131182346173996	0.0494239428300676
0.132032810243933	0.0438841642048134
0.14255281745336	0.0418775195715754
0.654121684946124	0.205433467520013
1.3150863687139	0.564688556451063
-2.49062038066175	1.37863753906601
-0.236865950236819	0.0762080730306188
-0.240759104425561	0.0774229005659888
-1.80123754984197	0.383647112861273
-2.57660997484294	0.657538252319339
-1.29515319796898	0.577477426894068
-0.236072750277141	0.0759464812223969
-0.739472647353845	0.252404120102369
0.807528635845388	0.332541409655835
-3.45900121533902	1.22669642729201
1.02651128578825	0.383050193875148
0.154509067766894	0.0289541162362231
2.75520320904554	0.763197913000704
0.154311934860129	0.0289593414864238
-1.79840965860499	0.382877827643389
0.950426851449918	0.249037516760643
2.75641316563256	0.763778311858285
-0.805990438410634	0.439740371093052
0.133868704041977	0.0444524744567928
1.31275235192293	0.563405500186811
-0.236642536873473	0.0761450888689269
0.154509067766894	0.0289541162362231
3.63930219020844	1.42227110610744
-3.08203048704882	0.947509650360219
-0.631994988626399	0.152498044571477
2.33762776621531	1.14554660400218
0.15963091503218	0.0399802605532864
0.154509067766894	0.0289541162362231
-1.14171114622793	0.344693702322242
0.156661115950913	0.0392800358899383
-1.04290235412753	0.410559570501728
0.134796989185734	0.044763826715822
1.31075302529266	0.562166881695306
0.658157600688591	0.206837664845118
-3.08203048704882	0.947509650360219
0.155067569950451	0.0290355764553768
0.676050206195971	0.311376233221729
-1.83597776269255	0.742763952258261
-0.54346877962796	0.204399150899749
-0.786851278108693	0.341002012219478
-0.327327316509723	0.150954637070045
0.938132341497199	0.633084864220113
2.10114269367742	0.924635433318668
1.30842279896953	0.560888896280948
1.95731570776637	0.441000340195791
0.152050960400409	0.028630259939513
0.160221796316651	0.0401166927693931
-2.08391905009995	0.940245123426704
0.511884149147493	0.180536056250855
-1.04221071709325	0.410198911511082
1.31486971476921	0.564331716989034
-0.114843768201865	0.045743722193408
1.44958631087756	0.477702557005987
0.134796989185734	0.044763826715822
-0.73833632952493	0.25198039611565
-0.736131442714986	0.251191396874175
0.160221796316651	0.0401166927693931
-0.628164901903538	0.15157555358925
-3.76080338308098	1.48176245886347
0.159402290839324	0.0399177124259514
2.88643961145332	1.91167580829533
0.147259813410519	0.0432007445014279
-0.237212899766669	0.0763212805777045
-0.241194698180716	0.0775963201393135
-1.14499995487719	0.345855392571373
0.950998501270056	0.249196467275389
-0.628599509856641	0.151612619227975
-0.354229439997714	0.101697261087168
-1.79839614394125	0.382877807711208
-3.0857009920368	0.949295045119167
-0.628599509856641	0.151612619227975
-0.683707568517409	0.483854158898894
-0.538169446885037	0.20211193569765
0.131463990676715	0.0437015090033304
-0.967060298539882	0.59678584231477
-0.359141638818634	0.103112871302961
-0.738670030097319	0.252119567169358
0.155111385030128	0.0290417527313876
0.948337549654709	0.248516516252871
0.659324643575319	0.207123110468657
-0.352620864579995	0.101250485836996
0.156070095129669	0.0391676647119387
0.140361834634309	0.0413037326992959
-3.08556356757563	0.949512459473102
0.127141626540389	0.0479115733238652
0.666049945860015	0.305932560612635
-2.08911637827436	0.943898849288905
-1.52525862148376	0.541687313963439
-0.355104953248248	0.101967480674674
0.143137930281083	0.0420234902455121
1.31018992558857	0.561832639399483
0.421828677837084	0.166370084244426
-0.0811474412009062	0.0356903997730397
0.140361834634309	0.0413037326992959
-0.117715111446697	0.0468041560106054
-0.0766159341233539	0.0337214575869702
0.321230125417462	0.194857233604258
0.130920287619515	0.0493322328761646
0.661225548064972	0.20772290984652
0.155111385030128	0.0290417527313876
-0.355104953248248	0.101967480674674
0.128568405154016	0.0427795258685336
0.511884149147493	0.180536056250855
-0.241762406615348	0.0777470617850766
0.510839396613925	0.180141996770445
-0.543818752032067	0.204528065886448
1.81604086904786	0.704001590638153
0.128568405154016	0.0427795258685336
-0.328213411940456	0.151539178014274
-0.41384772734093	0.172298744979278
-1.79840965860499	0.382877827643389
-2.30138530277244	1.14911512497571
-2.57660997484294	0.657538252319339
1.25565913543189	0.680117182136848
-0.624552065460917	0.298912713773585
1.02304894811125	0.381607715308403
0.948337549654709	0.248516516252871
0.154465593370314	0.0289479903375428
-1.79839614394125	0.382877807711208
-3.0857009920368	0.949295045119167
-3.08898467402977	0.950960285645612
0.15144823932183	0.0285426379557898
1.95731570776637	0.441000340195791
2.75868832531345	0.765017792149168
-0.358557998384515	0.10292132426425
-0.171762117804328	0.0615057733921786
0.140609521820489	0.0413743325045252
-1.04232764455762	0.41013375079511
0.163185820804974	0.0407257646525502
0.128217426027829	0.0426676360228733
-0.737745529684395	0.251848226779474
-1.52468217246603	0.541450953371581
1.45114635521655	0.478471348903038
0.162952579336367	0.0406858836130456
-2.5766529574574	0.657773148602288
-1.79840965860499	0.382877827643389
1.81264504950119	0.702404900566408
0.51464907727053	0.181544056103037
1.02514752788745	0.382203792201025
-1.29582752385193	0.578160974531549
-1.14088544605048	0.344426431780091
-1.0465244135449	0.412299764954399
-2.5766529574574	0.657773148602288
-1.14111344283696	0.344497381350969
0.659616568882323	0.207151031447049
-2.0851928861798	0.941244883307777
-0.540136497897179	0.20308713328324
-2.57669595250488	0.657559862268914
0.145313170347528	0.042674261922763
-0.41227414034474	0.17169995991028
-0.166558128693856	0.0596342870966476
-3.08898467402977	0.950960285645612
0.660054375205789	0.207294450910716
-1.79839614394125	0.382877807711208
-0.73833632952493	0.25198039611565
1.81294103662311	0.70256079058948
0.948337549654709	0.248516516252871
-1.14536534536015	0.34589005605433
-0.738079783119958	0.251987608125061
-1.04687191417195	0.412486748895758
0.147510896476738	0.0432547789402825
0.658741078701816	0.207014004441108
-0.628030265547787	0.151499678636842
-1.29468583724064	0.577050898837199
-3.08189869996978	0.9470994296719
-1.5082900806176	0.75898051972622
-2.5766529574574	0.657773148602288
-0.354809804669678	0.101824397658975
-3.08189869996978	0.9470994296719
-1.14171114622793	0.344693702322242
0.51464907727053	0.181544056103037
0.510839396613925	0.180141996770445
-0.626075023442282	0.151167646950723
-0.543250105928331	0.204305308908878
0.152050960400409	0.028630259939513
-0.628164901903538	0.15157555358925
1.95786695174359	0.441149378722158
2.75580772001712	0.763760469153332
-0.625937070321993	0.151091209012893
1.81264504950119	0.702404900566408
-0.322547079957888	0.148706106595297
1.04323019345025	0.495337606424751
0.371206258092256	0.164674687561506
-0.539312347732804	0.202625351504848
1.02363521199244	0.381873400117373
3.26569824690609	1.10327543173781
1.95731570776637	0.441000340195791
0.950858461556905	0.2491584305819
-2.5766529574574	0.657773148602288
0.157325350109871	0.02936446462458
-2.57669595250488	0.657559862268914
1.95988292961267	0.441702177751728
0.155713854733082	0.0390835596706886
0.154465593370314	0.0289479903375428
1.45114635521655	0.478471348903038
-0.628733247343677	0.151688343674084
1.95786695174359	0.441149378722158
-2.57660997484294	0.657538252319339
2.75580772001712	0.763760469153332
0.510839396613925	0.180141996770445
-0.54346877962796	0.204399150899749
-2.30030983594691	1.14754924641394
0.425973045957768	0.168010824921803
0.141195201809473	0.0415167743660916
1.95731570776637	0.441000340195791
-0.352036490485324	0.101122204058746
0.144976980831471	0.0425943260188831
0.947770742439721	0.248281535275256
0.14027070998759	0.0412729382935957
-0.735538279411364	0.250976055861043
1.81235300959058	0.702242876396542
-0.236642536873473	0.0761450888689269
-0.746468959039539	0.255084183402722
0.529872216678282	0.305088562840973
1.45391440811699	0.479230213237448
0.428976385850053	0.169324382927391
-3.08203048704882	0.947509650360219
0.129270930562912	0.0487053692648074
-0.414248785891065	0.172553623155678
-1.34427362797871	0.842694118565477
-0.743029498323094	0.253754321369633
-1.1414839653338	0.344622990730584
-0.738002720964575	0.251779850607704
1.04836317982236	0.498217822369961
-0.413314751325113	0.172084386698698
-0.628164901903538	0.15157555358925
-1.52585303078124	0.541962051097293
-0.169320011151056	0.0606649453809961
-2.08460819785075	0.94084287548003
3.26284822825054	1.10169382604423
-0.740148737877288	0.252718341140933
4.17043948933667	1.96717286809947
-1.79840965860499	0.382877827643389
-0.628164901903538	0.15157555358925
0.154509067766894	0.0289541162362231
3.26284822825054	1.10169382604423
1.95731570776637	0.441000340195791
1.02338601426445	0.38161996773056
0.698536853902949	0.457284817892932
-0.171201121492568	0.0613083374431992
-0.117660477054644	0.0467865531553836
-1.04359432816695	0.410701746871047
0.676641427898326	0.311737908940663
-1.52439405688463	0.541142934209623
0.155067569950451	0.0290355764553768
1.01868988091969	0.379571940690884
-0.241762406615348	0.0777470617850766
-0.234659925712008	0.0755339906287207
-0.5431188895219	0.204245277624117
0.657864503304789	0.206616146564203
-1.00097868340154	0.494024971537194
0.802704240998476	0.33025128123342
1.45078261646269	0.478218161496633
-0.236642536873473	0.0761450888689269
0.948337549654709	0.248516516252871
-1.52527766014307	0.541726073904961
0.658741078701816	0.207014004441108
-1.0438234260038	0.410788519057193
-1.14523333483643	0.345843348749308
-2.57660997484294	0.657538252319339
-2.08460819785075	0.94084287548003
0.374679873395023	0.16633198853929
-0.663740443596082	0.396118788677052
-0.738079783119958	0.251987608125061
0.131814043124596	0.0438161720723548
1.95786695174359	0.441149378722158
0.162952579336367	0.0406858836130456
-0.628299579656606	0.151558046801791
-0.168883481879203	0.0604274159651903
-0.167973568861706	0.0601248969281319
1.06651687913928	0.646112574026269
0.134946671603529	0.0647318837638804
-0.11512189478062	0.0458130318128354
0.94820175004088	0.248479682375772
-0.627920734859053	0.301050564774921
-0.237212899766669	0.0763212805777045
0.14371839260098	0.0422424410228484
-2.08564254409193	0.940965641712792
0.130992195528203	0.0493490863110476
-0.74243876954869	0.25362235352836
-0.738079783119958	0.251987608125061
0.805680641996882	0.331728723334835
1.75780594186057	0.962186704227779
-1.51193347960281	0.761871435562758
-0.352328640216398	0.101201570764145
-0.165306041400927	0.0592208118770727
-1.79840965860499	0.382877827643389
-3.08216231491203	0.947551973079846
-1.50920533808673	0.759234123562016
-1.83132702405761	0.74028277145384
-0.806925412876822	0.440463425753647
-0.539787890554963	0.202744059579388
-0.237783836658627	0.0764730781037413
-0.539089600210505	0.202542124367007
-0.74243876954869	0.25362235352836
0.146922191196889	0.0431076767472804
2.75580772001712	0.763760469153332
-3.08216231491203	0.947551973079846
-1.52556530925699	0.541887546993991
-3.46299441124492	1.22953362528533
-2.57963910438406	0.659061212358043
0.159992352718576	0.0400538861334557
0.159402290839324	0.0399177124259514
1.95786695174359	0.441149378722158
0.155111385030128	0.0290417527313876
-2.5766529574574	0.657773148602288
-0.168975142967507	0.0605402988532689
0.120313607013079	0.045423239090566
0.803055311396109	0.330423388744012
0.131244557787275	0.0436234987478517
0.159992352718576	0.0400538861334557
1.02685010343664	0.383062880383657
-3.08203048704882	0.947509650360219
-0.789605168834435	0.342652630123742
0.15963091503218	0.0399802605532864
0.950287720870208	0.248999740475732
-4.01226246083748	1.72475882924761
-0.734865258526109	0.250732421647056
-0.631994988626399	0.152498044571477
-0.415514705996988	0.173267191179231
1.95988292961267	0.441702177751728
0.165103009331824	0.0411253937349734
0.948905461162112	0.248586345985544
-3.08216231491203	0.947551973079846
0.162125356869158	0.0404960611383205
0.428071608230174	0.168976723678548
1.02592340208434	0.382810966482796
-0.661708572094635	0.395323363161371
1.02329749324129	0.381582146499257
-1.52525862148376	0.541687313963439
0.663139672968991	0.304522334234169
-1.79839614394125	0.382877807711208
0.948337549654709	0.248516516252871
0.948337549654709	0.248516516252871
0.155067569950451	0.0290355764553768
-0.355104953248248	0.101967480674674
-0.792617263209445	0.34408015271057
0.661225548064972	0.20772290984652
0.132600988210423	0.0440609588064188
0.429189841643481	0.169462047821113
-0.788395480319902	0.341804995882944
-0.747056276000891	0.255214642839991
0.377786837575273	0.167726927816864
-1.51284627596671	0.762154786285722
-0.236989724567202	0.0762485047293907
-1.79840965860499	0.382877827643389
-1.79840965860499	0.382877827643389
-0.628030265547787	0.151499678636842
-0.238433725050041	0.0767157416465737
-1.04324829900211	0.41067273876345
1.31296915771995	0.563217318478537
-0.116152112702002	0.0461979677200941
0.13251756974086	0.0499054645924754
-0.811235185151581	0.443654457762309
-0.413914940317443	0.172398209586204
-0.738079783119958	0.251987608125061
-1.52866955783943	0.543083867430977
0.154465593370314	0.0289479903375428
-0.628299579656606	0.151558046801791
0.506636186737087	0.178613076266429
-1.11237390155026	0.76756726625417
-1.35420389609034	1.36479819695477
-0.672219513283823	0.403006289552228
-0.414835373975387	0.236864764504818
-0.417232278019307	0.173940355942858
0.133494205957342	0.0502794825774846
-1.8625096459366	1.17069168694355
-1.53385767192304	0.545384911398725
2.75580772001712	0.763760469153332
0.805116244112889	0.331471066458395
0.948768757521975	0.248549269795159
-1.79839614394125	0.382877807711208
1.95731570776637	0.441000340195791
0.154509067766894	0.0289541162362231
-1.52525862148376	0.541687313963439
2.75641316563256	0.763778311858285
-1.79839614394125	0.382877807711208
1.31240282325545	0.562988742832529
0.668959447651159	0.307697909547482
0.535987154049386	0.30960096059062
-0.5431188895219	0.204245277624117
1.80952767495421	0.700621417412104
-0.629763239673253	0.152058330338803
0.154509067766894	0.0289541162362231
-0.735122504035354	0.250746836229491
1.8135291528185	0.702758164322864
2.75807933893485	0.764710363024488
0.159992352718576	0.0400538861334557
-0.741848602831151	0.253311922462979
0.154261264990446	0.0387023394037745
-0.628599509856641	0.151612619227975
-0.414515563910564	0.172670310722692
-1.18931024868689	0.664777489703056
-1.14559783756009	0.346052129596875
0.948905461162112	0.248586345985544
0.950426851449918	0.249037516760643
0.948337549654709	0.248516516252871
0.800732484930354	0.329422357686243
0.673071542267294	0.309707778207768
1.81294103662311	0.70256079058948
1.31486971476921	0.564331716989034
-1.83139270651508	0.740181168650308
-0.786629190605387	0.340991155673526
3.6326714041979	1.41965046916025
0.94820175004088	0.248479682375772
0.155111385030128	0.0290417527313876
0.154509067766894	0.0289541162362231
0.162952579336367	0.0406858836130456
0.134160819844205	0.050522457164755
-0.168663393721381	0.0603724956040683
0.144725574883443	0.0425191258680454
-2.30441435077628	1.15122076767449
0.160221796316651	0.0401166927693931
-1.18110256500281	0.658812383807458
0.144054213480702	0.0423469198905259
0.159992352718576	0.0400538861334557
-1.04744397176015	0.412600703300656
0.134096582628132	0.0445246807155045
-1.83132702405761	0.74028277145384
-0.628299579656606	0.151558046801791
0.155067569950451	0.0290355764553768
-0.359725191866461	0.103238313016327
-0.544388043857763	0.20467834687827
-0.632424041671007	0.152580102364835
-0.240278820798337	0.0772929353381372
-1.2948051112795	0.577362423726676
-1.69431640108435	0.953374123284053
3.26284822825054	1.10169382604423
0.673071542267294	0.309707778207768
0.51408290047205	0.181384498788784
-1.29917429595245	0.579864221629977
1.4480329582247	0.477161868008032
2.75641316563256	0.763778311858285
1.44899109330448	0.477667123734845
-0.63185471444008	0.152466960619287
0.155067569950451	0.0290355764553768
-0.804820053038182	0.536215143714145
-0.168443906364487	0.0602979483615774
-1.46515795970462	1.3278925874018
-0.00673006493848704	0.00347636316197161
-1.3546983616166	1.1292025016834
0.941539967669654	0.635876946879287
-0.418966061803969	0.174657791322159
0.132517639884099	0.0565624888818483
-1.53415312392258	0.54539482804645
-0.796060921754267	0.345916139866961
-0.508107866806817	0.26824808787015
-2.3122996042467	1.15699306205514
-0.231757665117199	0.0746126179668819
-2.5766529574574	0.657773148602288
-2.57669595250488	0.657559862268914
0.155067569950451	0.0290355764553768
-1.15367706291255	0.348522146192243
3.26284822825054	1.10169382604423
-1.14284398403614	0.345169869447138
2.75580772001712	0.763760469153332
-0.359435145573547	0.103170722743079
-0.198834706952427	0.107610764066154
-0.233964530152622	0.0753172914260115
-0.169008421659159	0.0604879259203808
0.132951093876262	0.0441757525557606
-0.738748567012076	0.252134640052989
1.44922258720914	0.477763268309402
-0.356656967234746	0.102398272590581
2.75580772001712	0.763760469153332
3.63565166019344	1.42132833477826
-0.628733247343677	0.151688343674084
-3.08216231491203	0.947551973079846
1.02329749324129	0.381582146499257
1.02329749324129	0.381582146499257
-1.83496954182052	0.74201254055013
0.130252043796619	0.0490662084514869
-1.52585303078124	0.541962051097293
0.15144823932183	0.0285426379557898
-2.57660997484294	0.657538252319339
0.948905461162112	0.248586345985544
0.654408135649179	0.205512311863459
-1.18710482416143	0.663070166632177
0.124751416858666	0.0470574836800859
-4.22513159005981	1.96306276053114
0.145313170347528	0.042674261922763
-1.04090886464526	0.409486451709067
2.3415744993868	1.14854547995181
0.159992352718576	0.0400538861334557
0.16045117802105	0.0401558290866076
-0.359141638818634	0.103112871302961
0.162952579336367	0.0406858836130456
-0.415517834935378	0.173096521773236
-0.168318442800183	0.0602514969158982
-0.167409271163493	0.059935085601386
-0.792396830153744	0.344017820558448
2.75580772001712	0.763760469153332
-0.354519585455166	0.101776151388844
0.514431860453614	0.181517099423547
-0.626075023442282	0.151167646950723
0.88293706934252	0.468068574240379
0.144304320671072	0.0423970373819599
-2.5766529574574	0.657773148602288
0.155067569950451	0.0290355764553768
0.160813493636874	0.0402291855562724
0.132032810243933	0.0438841642048134
-2.0888812011404	0.943710245621911
0.131682648363566	0.0437604593152334
-1.35511936841142	0.853408841966974
1.44981862951738	0.477799018830262
0.130586200312459	0.0492036069928143
1.02338601426445	0.38161996773056
0.133301116726748	0.0442849463266127
-0.165088554277847	0.0591488725692337
-1.65052796017226	1.70685697191877
-0.355401168227563	0.102014834884787
1.95786695174359	0.441149378722158
1.95731570776637	0.441000340195791
-0.626075023442282	0.151167646950723
0.145313170347528	0.042674261922763
1.43775769668865	0.881862746132144
-0.339899733956411	0.206042663730617
-0.803858221264198	0.535516800668525
-2.80155587627134	1.88022705352703
-0.679850974046181	0.480618710026654
-0.509163048903537	0.269213584346613
-0.541053988501391	0.203408052094411
0.533180223271448	0.307881274560642
-0.809363746339261	0.442546835487161
-0.804586302088995	0.536576122678754
-1.00307874278111	0.495733112038325
-0.238649881872283	0.0768149363688191
3.6326714041979	1.41965046916025
2.75520320904554	0.763197913000704
3.26224218729945	1.1009233569627
0.950287720870208	0.248999740475732
-0.355104953248248	0.101967480674674
-0.627174388269252	0.564812065037258
0.374667869915192	0.166123158223375
1.4480329582247	0.477161868008032
1.02304894811125	0.381607715308403
-1.0081234533342	0.498869422238765
0.948337549654709	0.248516516252871
0.154509067766894	0.0289541162362231
1.95786695174359	0.441149378722158
0.658157600688591	0.206837664845118
1.81294103662311	0.70256079058948
-1.83066282429031	0.739596942279786
1.55265783773452	0.753699130068357
0.159992352718576	0.0400538861334557
1.44839669376933	0.477459847846965
-1.29445710557565	0.57719309643802
0.16045117802105	0.0401558290866076
-3.08216231491203	0.947551973079846
0.950998501270056	0.249196467275389
0.658448437247608	0.206865271021461
0.144304320671072	0.0423970373819599
-0.629763239673253	0.152058330338803
-0.115828799576449	0.0460664520287092
-0.237783836658627	0.0764730781037413
0.51408290047205	0.181384498788784
-0.117715111446697	0.0468041560106054
-0.537137657009595	0.201827173809651
-1.04744397176015	0.412600703300656
-2.57660997484294	0.657538252319339
-0.632563406792844	0.152610991116788
2.75868832531345	0.765017792149168
0.661517102334111	0.207824976675168
-0.41252357332008	0.235347596681754
0.132951093876262	0.0441757525557606
-0.966761848986155	0.595572537015468
0.536930941594384	0.310248338473953
1.81323362267005	0.702723165703649
1.75871173717241	0.962622777197235
-1.52954577316989	0.543451783402332
-0.737745529684395	0.251848226779474
-0.359141638818634	0.103112871302961
-1.79840965860499	0.382877827643389
0.134796989185734	0.044763826715822
-1.5292536270854	0.543488048058857
-0.354229439997714	0.101697261087168
-0.74269218165825	0.253631177667885
2.34214413722098	1.14880500240653
-0.625147504143598	0.299243250286022
1.44899109330448	0.477667123734845
-2.79718618919907	1.87305507711623
-1.00097868340154	0.494024971537194
-0.234312185154952	0.0754304879292539
-0.415183675733752	0.172968540362155
0.154465593370314	0.0289479903375428
0.162357836679133	0.0405597098553547
-1.52468217246603	0.541450953371581
1.02422162940792	0.382079227006262
-0.197281985448174	0.10681323984889
-0.416430065095431	0.238094148826115
-0.147904343567363	0.0842433817912067
0.442185399245441	0.31901291569507
-1.10859831680392	0.763452867668664
0.872713143376822	0.461243782268702
-1.05167197744822	0.850879609784537
-0.625702212359178	0.299926625299963
-0.197002571624559	0.106663932911857
-0.326398242074565	0.150524196697343
-2.30100347000821	1.14813064628252
-1.10888380344215	0.764384708749381
-0.741173379981644	0.25299768453382
-1.79839614394125	0.382877807711208
0.94820175004088	0.248479682375772
0.160221796316651	0.0401166927693931
-1.79839614394125	0.382877807711208
1.95988292961267	0.441702177751728
0.155067569950451	0.0290355764553768
2.75580772001712	0.763760469153332
0.144389940892798	0.0424393237157952
-0.0824197244585973	0.036250442150472
0.649820190765212	0.463726727585721
0.160813493636874	0.0402291855562724
-0.78873939795176	0.341991104298643
-0.356367399040958	0.102345848061694
0.948337549654709	0.248516516252871
0.159859477622278	0.0400192334307773
0.154509067766894	0.0289541162362231
-2.57968420714322	0.659073447553718
-1.79839614394125	0.382877807711208
0.657866689740957	0.206670742493303
0.659324643575319	0.207123110468657
0.51386494250992	0.181311218287051
-1.04278630064219	0.410314973185565
1.04989721959839	0.499092239481372
0.948337549654709	0.248516516252871
0.948337549654709	0.248516516252871
3.63565166019344	1.42132833477826
0.588719097872329	0.304194471760505
-0.738079783119958	0.251987608125061
-1.04301992355331	0.410276167990221
0.804765006705712	0.331183851246171
0.94820175004088	0.248479682375772
-1.0036817951782	0.496273719320379
2.75520320904554	0.763197913000704
0.514780733836532	0.181589698987139
-1.79840965860499	0.382877827643389
-2.57669595250488	0.657559862268914
-2.57968420714322	0.659073447553718
0.51663050829484	0.182162712770504
0.146332921310034	0.0429416898033695
-1.1414839653338	0.344622990730584
-0.415116620386652	0.172916119993669
-0.737745529684395	0.251848226779474
-0.237212899766669	0.0763212805777045
0.128075192969757	0.0482635683600574
0.510399267871221	0.17998283956174
-0.414248785891065	0.172553623155678
-1.83199158756097	0.740532814070127
0.160583229502904	0.0401661733691417
-1.14559783756009	0.346052129596875
0.130855870642931	0.0557959507305441
-1.83132702405761	0.74028277145384
1.44922258720914	0.477763268309402
0.876717909154008	0.463866575605238
1.08815661084817	0.821954941505662
0.127405387111306	0.0480111839782604
-1.29652555966614	0.578489199680992
-1.51170809593199	0.761452815094782
-1.79840965860499	0.382877827643389
0.146332921310034	0.0429416898033695
0.160221796316651	0.0401166927693931
0.802918643333599	0.330207493215053
0.0183638121732739	0.00995281171786693
-0.628164901903538	0.15157555358925
0.128832734334698	0.0550248255568024
-1.18618496921206	0.662452990855805
0.151354211759733	0.0802324197676714
0.376934445978766	0.167251767408635
-0.507266850013878	0.385077645491571
-0.556797697572101	0.356094683459081
0.527752623824001	0.304158665367679
-0.555750218352781	0.355562423240942
0.166899437701698	0.102746755093797
-0.80106045551942	0.619832728293382
-0.789306862497791	0.342262742988917
-1.0392951647518	0.408752694954169
0.510399267871221	0.17998283956174
-0.355401168227563	0.102014834884787
0.155067569950451	0.0290355764553768
-0.628599509856641	0.151612619227975
-1.79840965860499	0.382877827643389
-1.1412568453231	0.344431220445032
2.75580772001712	0.763760469153332
0.159859477622278	0.0400192334307773
-0.15069894558523	0.0859021326598943
-0.743029498323094	0.253754321369633
-1.0403348553758	0.409226758738803
0.885778040797073	0.46996041052729
0.513297440290374	0.181056085890725
0.950426851449918	0.249037516760643
0.155067569950451	0.0290355764553768
1.44862736407577	0.477555630338169
-0.628733247343677	0.151688343674084
2.3415744993868	1.14854547995181
0.158441687834525	0.0396618099099809
-1.05085567955959	0.414282430800086
0.131190430440417	0.043607248787474
-0.628164901903538	0.15157555358925
-4.0152478191119	1.72707941673336
1.44899109330448	0.477667123734845
-1.79840965860499	0.382877827643389
1.95731570776637	0.441000340195791
-3.08216231491203	0.947551973079846
-2.57963910438406	0.659061212358043
3.63331351050508	1.42008896661082
-0.628867026021838	0.151670609188118
1.55095914928554	0.75209059448413
0.160221796316651	0.0401166927693931
-0.411594396506958	0.171389354957964
-0.999500154963618	0.493213675971716
-2.5766529574574	0.657773148602288
2.09962019368326	0.923638574732708
3.63629792702422	1.42164529184574
0.805818467531733	0.331696510115434
-0.169228505263572	0.0605484402011059
0.128919301055159	0.0428813133463191
3.63331351050508	1.42008896661082
-0.414849585401539	0.172825872337049
1.02246283803588	0.381238371277329
0.506850875189508	0.178656463900139
-0.743255470515655	0.253791738964193
-2.09046195789681	0.944479240118372
-2.57660997484294	0.657538252319339
-1.14088544605048	0.344426431780091
-2.57968420714322	0.659073447553718
-0.628164901903538	0.15157555358925
0.510839396613925	0.180141996770445
-0.355112179440658	0.101904546481095
-1.50703283047852	0.757667053611888
-1.04595278088894	0.411874241216211
-0.237559934502149	0.0764246711906185
-1.14111344283696	0.344497381350969
-0.809984991493741	0.442885499476267
-1.83597776269255	0.742763952258261
-0.628867026021838	0.151670609188118
-0.354525819937872	0.101778275735803
-0.355401168227563	0.102014834884787
-1.13918941442725	0.343767291351689
-0.537020300726747	0.201726380349835
0.510619816865865	0.180113549991954
-0.932393580975337	0.687916444233284
-0.933712930226063	0.687949497592249
-0.109704148514569	0.0650055380965552
-0.505261829382727	0.266676025902672
0.591604123843284	0.306038715149543
-0.256531147631184	0.129708104042109
0.128984037892607	0.0550141448780329
-0.252692667705533	0.127653659498477
-0.234312185154952	0.0754304879292539
-1.52497036065527	0.541612586959632
-1.69404155280401	0.953469430342301
1.44862736407577	0.477555630338169
-0.171978560989748	0.0615700655036388
-1.14536534536015	0.34589005605433
0.146332921310034	0.0429416898033695
-1.52217172198706	0.540157381117801
-2.5766529574574	0.657773148602288
0.948337549654709	0.248516516252871
-2.57963910438406	0.659061212358043
0.154509067766894	0.0289541162362231
0.159859477622278	0.0400192334307773
-1.79839614394125	0.382877807711208
-2.5766529574574	0.657773148602288
1.95731570776637	0.441000340195791
1.93864730600348	1.18850017595477
-0.411210584802484	0.234722276370054
-1.86493118533312	1.17331701825959
0.331903320509225	0.184323318246039
2.10286507825917	0.92563188054431
0.654121684946124	0.205433467520013
2.75807933893485	0.764710363024488
0.157325350109871	0.02936446462458
0.159036592116599	0.0397877345506797
2.75641316563256	0.763778311858285
0.948768757521975	0.248549269795159
-3.45967591146264	1.22746502283364
0.154465593370314	0.0289479903375428
-0.628164901903538	0.15157555358925
-3.76137421922742	1.48226291907169
1.81323362267005	0.702723165703649
0.154465593370314	0.0289479903375428
-0.353939368265063	0.101586834148653
1.95988292961267	0.441702177751728
1.95731570776637	0.441000340195791
-3.76080338308098	1.48176245886347
0.15547989361324	0.039031965106125
-0.354519585455166	0.101776151388844
1.80835489274816	0.70010856168417
-1.14111344283696	0.344497381350969
0.424373787314051	0.167361463682442
-0.359141638818634	0.103112871302961
1.01961500222098	0.379984696878922
-1.1406575104342	0.344234513147494
3.26631056571709	1.10328266544307
0.510051323737923	0.179850968444512
-1.53134880155448	0.544135864927373
0.420151022258527	0.16557864218888
-0.237437039825944	0.0763599123457812
-0.736819853337875	0.251337978101795
-1.04779140371951	0.412732841654536
0.658741078701816	0.207014004441108
-0.418098622830114	0.174378553054991
-0.966157814002342	0.595127884495551
-0.356071393990223	0.102241794383879
-1.79839614394125	0.382877807711208
0.159992352718576	0.0400538861334557
-1.52556530925699	0.541887546993991
-0.789650928512862	0.342421974551524
0.584264578856795	0.301155138737163
0.673482458034147	0.310019955946795
-1.83238513754881	0.740761304659517
-0.236420091117799	0.0760498926963215
-0.538867626524031	0.202372193079411
-1.04255649350425	0.410401789740815
0.673147662557951	0.30986199776055
-0.682485800644453	0.482348863993913
-0.326540917975258	0.150785695879736
-0.285318280841983	0.180720435328935
0.66937968290993	0.307605615084939
-0.417232278019307	0.173940355942858
-0.168443906364487	0.0602979483615774
-0.326085578213453	0.150379879538711
-0.35262379016767	0.101278913820777
-0.514457356884949	0.27258005653473
0.127470654257305	0.0544272791926686
-0.414248785891065	0.172553623155678
-0.663648152688368	0.396625165319953
0.128403345182537	0.0548229639470045
-0.414916504285137	0.173010164636834
-0.786972972841208	0.341119507465729
-2.57660997484294	0.657538252319339
-1.79840965860499	0.382877827643389
0.132032810243933	0.0438841642048134
-1.04221071709325	0.410198911511082
2.75580772001712	0.763760469153332
1.95786695174359	0.441149378722158
0.154465593370314	0.0289479903375428
-3.08203048704882	0.947509650360219
1.95731570776637	0.441000340195791
0.947770742439721	0.248281535275256
1.95786695174359	0.441149378722158
0.305102829985421	0.210219006527125
0.378374383028926	0.168008405940863
-0.624501462907049	0.298906969740345
3.63565166019344	1.42132833477826
-0.508861508452137	0.269011407037734
1.02246283803588	0.381238371277329
-1.79840965860499	0.382877827643389
0.948337549654709	0.248516516252871
-0.62621301873586	0.15115097520137
1.44780311038183	0.477066495630919
1.95988292961267	0.441702177751728
-0.626075023442282	0.151167646950723
-0.632563406792844	0.152610991116788
-1.52468217246603	0.541450953371581
0.947770742439721	0.248281535275256
-1.83072704109891	0.739930594937107
-1.52614082474697	0.541895090059418
-0.628599509856641	0.151612619227975
0.155067569950451	0.0290355764553768
-0.165995298204196	0.0594566920073821
0.144640697621443	0.0425017414545061
-1.52468217246603	0.541450953371581
1.45054889854294	0.478121061898946
1.31310179325084	0.563385616536445
-1.52984634403446	0.54376252749597
-0.236072750277141	0.0759464812223969
1.44899109330448	0.477667123734845
0.948337549654709	0.248516516252871
-1.52468217246603	0.541450953371581
0.156304884454214	0.0392194704826931
0.160813493636874	0.0402291855562724
0.142306377840433	0.0418148962103769
-0.737489374761453	0.251678150254292
-0.234312185154952	0.0754304879292539
0.160221796316651	0.0401166927693931
0.802138012530807	0.329972517070534
0.134652159028374	0.0645965863242581
0.798676159728442	0.328314833787517
-3.45967591146264	1.22746502283364
-0.740148737877288	0.252718341140933
-1.1414839653338	0.344622990730584
-0.628030265547787	0.151499678636842
-1.83504104592481	0.742292078332567
0.660932155782147	0.207694635746326
-0.738079783119958	0.251987608125061
-1.83597776269255	0.742763952258261
-0.199115332378078	0.107765042653738
-0.263405292504074	0.133337453920421
-1.34472018938056	0.844407410280828
0.376024086582362	0.166907700275718
1.06695149496246	0.64684443034121
0.530522972293641	0.305547210911333
-0.739897287341956	0.252561528714207
-1.1414839653338	0.344622990730584
0.804551193439478	0.331168980919484
0.803055311396109	0.330423388744012
-0.743029498323094	0.253754321369633
-1.50863317586361	0.759208525222823
-1.00373076894443	0.496476038979804
-2.79807237538156	1.87716765854473
4.54903770256378	2.49044092574637
-0.789083391693148	0.34215026874497
0.510089510074648	0.179877546335957
-0.115500038225154	0.0459470352181097
-0.789650928512862	0.342421974551524
0.423078399332576	0.166842561193324
-1.04056236968378	0.409373067940558
-1.79840965860499	0.382877827643389
-1.52556530925699	0.541887546993991
-0.350128602099817	0.100573869045266
0.163185820804974	0.0407257646525502
-1.80123754984197	0.383647112861273
-2.5766529574574	0.657773148602288
1.95786695174359	0.441149378722158
-0.628299579656606	0.151558046801791
-1.79840965860499	0.382877827643389
-2.57660997484294	0.657538252319339
-0.165306041400927	0.0592208118770727
-2.30348519403534	1.15039517348929
-1.52585303078124	0.541962051097293
1.8135291528185	0.702758164322864
-0.355394630173918	0.102015543768339
1.44780311038183	0.477066495630919
1.95786695174359	0.441149378722158
0.160221796316651	0.0401166927693931
3.26345542626113	1.10199860979414
2.75641316563256	0.763778311858285
-0.738079783119958	0.251987608125061
0.127740324846529	0.0481396538224244
0.654989426637948	0.205620898952272
-3.08203048704882	0.947509650360219
-2.57669595250488	0.657559862268914
0.804344454513009	0.331111351364724
-1.52497036065527	0.541612586959632
3.26224218729945	1.1009233569627
-0.74243876954869	0.25362235352836
0.143231568712453	0.0420634101782781
-0.628733247343677	0.151688343674084
1.0190295579627	0.379719734867384
-2.57963910438406	0.659061212358043
4.36871773741275	2.22091875583372
0.513516136888496	0.181178716343693
3.63565166019344	1.42132833477826
-1.1414839653338	0.344622990730584
2.09995861282333	0.923872580873855
-1.1412568453231	0.344431220445032
1.4480329582247	0.477161868008032
0.160221796316651	0.0401166927693931
-1.00401478862706	0.496411443567707
1.45054889854294	0.478121061898946
-0.355104953248248	0.101967480674674
0.144304320671072	0.0423970373819599
-0.355394630173918	0.102015543768339
-0.628164901903538	0.15157555358925
0.160221796316651	0.0401166927693931
-2.5766529574574	0.657773148602288
-0.628164901903538	0.15157555358925
-0.628733247343677	0.151688343674084
0.372743868086512	0.16529941656091
-1.14523333483643	0.345843348749308
-1.18373604933465	0.65993611428368
-0.414916683326375	0.172824045878667
-0.628733247343677	0.151688343674084
-2.5766529574574	0.657773148602288
1.76025085410072	0.964447531505056
-0.628565999675436	0.301357592743803
-1.69918225391468	0.958708845567967
0.180950418619539	0.118408453502729
0.151139360662176	0.0801257503611441
-0.280718357544639	0.17734954506348
0.984150206104358	0.805696107300557
-0.0083672052392423	0.00428236046684319
0.34207132264394	0.170808676246762
-0.747056276000891	0.255214642839991
0.30426724159302	0.209406291756584
-0.291272770399458	0.213109926980082
0.15156595422724	0.0804578878139651
-1.49153504484292	1.04496926104933
-1.11362033854268	0.769257563584956
-0.796060921754267	0.345916139866961
0.134062974599289	0.0643095601542711
-0.664396908898562	0.39673883721135
-0.355979365614545	0.102141358762928
2.72578399363787	1.63627178086611
-0.168318442800183	0.0602514969158982
-0.121406733891097	0.0482789131009229
1.02533495299364	0.382457756692076
-1.29180126592501	0.575635440327952
1.5520922495992	0.753268069075162
-0.628733247343677	0.151688343674084
-0.742776335066151	0.253679551734855
2.54335719964434	1.37657609273331
0.140361834634309	0.0413037326992959
-1.1414839653338	0.344622990730584
-1.0419816315643	0.409976007162161
-1.82807822419763	0.738372454891922
0.657283842665822	0.20642210460759
0.950426851449918	0.249037516760643
-1.79840965860499	0.382877827643389
-1.79839614394125	0.382877807711208
0.157325350109871	0.02936446462458
-0.336470921992307	0.203797299672651
0.496351442673519	0.313659960027292
-0.539089600210505	0.202542124367007
2.72389027854438	1.63339405451572
0.772089846493946	0.45862860886728
3.16486197632168	2.54511562795816
-1.79839614394125	0.382877807711208
0.157370411029726	0.0293708256249034
1.95786695174359	0.441149378722158
-1.1413415008172	0.344450233445194
-4.01160255769466	1.72433692110226
2.33899743092669	1.14663661123896
-3.08216231491203	0.947551973079846
-0.23522957281847	0.0756912588669357
0.338501849540538	0.168751727737214
-0.628299579656606	0.151558046801791
3.63629792702422	1.42164529184574
-0.628164901903538	0.15157555358925
0.144725574883443	0.0425191258680454
1.55300985702291	0.753634208358815
0.139097983949456	0.0409512881184992
0.780738822267112	0.615309258123886
0.128568405154016	0.0427795258685336
0.803055311396109	0.330423388744012
2.10055021952577	0.924312412659368
0.144976980831471	0.0425943260188831
-0.547287052704382	0.205976261023422
-0.628733247343677	0.151688343674084
-3.08556356757563	0.949512459473102
-0.23808408660897	0.0766242401144763
1.75769356186832	0.962827388418044
0.667910039261565	0.30706346862549
-0.786972972841208	0.341119507465729
-1.29825184667106	0.579597355540298
0.428844518886435	0.169326646561233
-0.123576615737925	0.0491527525946845
-1.1071947639085	0.76300701493219
0.163185820804974	0.0407257646525502
-0.635264205518197	0.305084646679773
-0.166213389018895	0.0595190660770883
-0.504432615713519	0.266449580555752
-2.57968420714322	0.659073447553718
0.154509067766894	0.0289541162362231
3.63331351050508	1.42008896661082
-2.5766529574574	0.657773148602288
-1.1413415008172	0.344450233445194
-0.118225301795606	0.0470554996015602
-0.967078316232722	0.595874688528225
1.02675953274209	0.382890377120406
0.14248808936743	0.0684207955315359
1.38687627278034	1.07151972448339
0.314133861275616	0.190019463965342
-0.414787942631691	0.237075922560868
-1.34795753446272	0.846815348724729
1.04079506363497	0.493718951705615
0.128217426027829	0.0426676360228733
-2.49458520094053	1.38231611515781
-0.627970534432838	0.301026304064578
-0.971742649823321	0.600526917185055
2.3407843761875	1.14791185937458
-0.788962872631865	0.342076545446221
-0.80581673868088	0.440312918195351
-0.074691403259768	0.032904439302586
-0.252476543309965	0.127445589033375
-0.411995312167042	0.171599355711984
-1.04721949984211	0.412618976511128
2.01647021362217	1.90463268253519
-0.62911012213099	0.301907071342309
-0.234312185154952	0.0754304879292539
2.10696045512803	0.927365218292158
-0.792741102489134	0.344191342632362
-0.628164901903538	0.15157555358925
1.95786695174359	0.441149378722158
1.02455981174032	0.382091874796033
0.933942800495784	0.629240934603472
0.127996404975649	0.0482698701963598
-0.628030265547787	0.151499678636842
1.44922258720914	0.477763268309402
-2.57660997484294	0.657538252319339
-0.628733247343677	0.151688343674084
1.95731570776637	0.441000340195791
-0.628733247343677	0.151688343674084
0.157325350109871	0.02936446462458
0.160813493636874	0.0402291855562724
-1.18710482416143	0.663070166632177
-0.330080848232235	0.152431597005069
0.511187733730715	0.180331422147582
-2.57660997484294	0.657538252319339
0.371507099259899	0.164711145717647
1.44780311038183	0.477066495630919
0.154509067766894	0.0289541162362231
-0.629763239673253	0.152058330338803
1.02279934713965	0.381250494154782
0.140023273435885	0.041219830052157
-1.1412568453231	0.344431220445032
-0.792396830153744	0.344017820558448
0.661225548064972	0.20772290984652
0.162719274583833	0.0406219991153643
-0.740486905445706	0.252775901531668
1.45138090115721	0.478568850670936
-1.79839614394125	0.382877807711208
-1.8327219769474	0.740987434117012
3.26345542626113	1.10199860979414
-1.52644938828825	0.542097216238236
0.140609521820489	0.0413743325045252
-0.119193463665483	0.0474178961600656
0.149551069550847	0.043790750343374
-0.628299579656606	0.151558046801791
0.140609521820489	0.0413743325045252
-0.354815349846941	0.101888689175609
-3.76500715654354	1.48473725010782
0.660638687988492	0.207526442563452
0.154509067766894	0.0289541162362231
0.156661115950913	0.0392800358899383
1.02304894811125	0.381607715308403
0.160221796316651	0.0401166927693931
0.944504519928106	0.247598335656165
0.510619816865865	0.180113549991954
-0.625937070321993	0.151091209012893
-0.414248785891065	0.172553623155678
0.511535984561553	0.180463547184556
-0.359141638818634	0.103112871302961
-2.5766529574574	0.657773148602288
-1.14088544605048	0.344426431780091
-1.80123754984197	0.383647112861273
-2.5766529574574	0.657773148602288
-1.14559783756009	0.346052129596875
-0.414849585401539	0.172825872337049
-0.737824274342293	0.251781339210884
-2.30007213812399	1.14746925859003
-0.326398242074565	0.150524196697343
-0.254598776239717	0.128557363544673
-0.328525364216338	0.151687729244989
-0.342224008355477	0.207775757172291
0.585811213568047	0.302214531395461
-0.117660477054644	0.0467865531553836
-1.69661550867139	0.956574938709399
-0.325147943448607	0.149885751509845
-1.29538171494723	0.577437227146469
-0.415193318963803	0.237455921860634
-0.737154567775087	0.251538686589487
-1.85819064361684	1.16574714101987
-0.32852376495645	0.1516940327181
1.44003097220614	0.883198990520642
-0.354815349846941	0.101888689175609
0.44076739141447	0.317826332251051
-1.29445710557565	0.57719309643802
0.128782523982544	0.0428430922951178
0.807879873143069	0.332714052130745
0.511187733730715	0.180331422147582
0.428416999766404	0.169070991058927
0.154509067766894	0.0289541162362231
0.5126703877852	0.180806312829072
0.129270930562912	0.0487053692648074
-3.08203048704882	0.947509650360219
-1.80123754984197	0.383647112861273
0.154311934860129	0.0289593414864238
-1.80123754984197	0.383647112861273
3.63395648950567	1.42026036401428
-1.79839614394125	0.382877807711208
1.95786695174359	0.441149378722158
-0.628733247343677	0.151688343674084
0.129908031443836	0.0554113226585179
-0.236072750277141	0.0759464812223969
0.156070095129669	0.0391676647119387
-1.18455679987255	0.661253401831801
-1.14193838802885	0.344646219015582
0.950998501270056	0.249196467275389
2.75520320904554	0.763197913000704
2.75580772001712	0.763760469153332
-3.0857009920368	0.949295045119167
0.157325350109871	0.02936446462458
-0.739220696441847	0.252380570526188
0.511755072041239	0.180523302881905
0.661225548064972	0.20772290984652
-0.236072750277141	0.0759464812223969
-0.235577245215042	0.0757788911156959
0.950998501270056	0.249196467275389
0.154465593370314	0.0289479903375428
0.154509067766894	0.0289541162362231
-1.04090886464526	0.409486451709067
0.803055311396109	0.330423388744012
-1.03986963329328	0.409012486353307
2.0956418939305	0.921016207690412
-0.236420091117799	0.0760498926963215
0.159992352718576	0.0400538861334557
0.131588254721678	0.0495753524376327
0.665631323934255	0.208848557575712
1.25391127727982	0.679129594248648
0.804902320215242	0.331341314716319
-1.14111344283696	0.344497381350969
-0.739003822726622	0.252222384495429
0.367828425248363	0.162994306001573
-2.4918813844023	1.37976840109359
-0.969724581460316	0.599210774243433
0.142306377840433	0.0418148962103769
-0.116152112702002	0.0461979677200941
-0.74622166118815	0.254850990416054
-3.08203048704882	0.947509650360219
-4.01624972536839	1.72772773472485
-0.255215030361608	0.12899391091844
-1.14499995487719	0.345855392571373
-0.628733247343677	0.151688343674084
-0.78719505691599	0.341160927810974
-0.808447205468706	0.539637138018695
-0.117122437057426	0.0465713220789387
1.88444843271229	1.61486421322875
0.534781947680155	0.309013153834464
-0.788395480319902	0.341804995882944
-0.628030265547787	0.151499678636842
-1.52955481711501	0.543641482939636
1.06695149496246	0.64684443034121
-0.166881093092997	0.0597967633134523
0.671071788506695	0.308901200069349
-0.237559934502149	0.0764246711906185
2.10190857894464	1.43870866690166
3.63629792702422	1.42164529184574
1.25633035632512	0.680333015646645
-0.237783836658627	0.0764730781037413
-1.79839614394125	0.382877807711208
-0.739003822726622	0.252222384495429
-1.79840965860499	0.382877827643389
1.44862736407577	0.477555630338169
-1.79839614394125	0.382877807711208
-1.52497036065527	0.541612586959632
-3.08203048704882	0.947509650360219
2.10283587498201	1.43790899151827
-1.04347763338354	0.410675434748757
0.147597353924913	0.0432809812564028
-3.08189869996978	0.9470994296719
0.948337549654709	0.248516516252871
-1.1414839653338	0.344622990730584
3.26284822825054	1.10169382604423
0.15963091503218	0.0399802605532864
1.81294103662311	0.70256079058948
0.660054375205789	0.207294450910716
1.95786695174359	0.441149378722158
0.144976980831471	0.0425943260188831
0.162125356869158	0.0404960611383205
-0.35569023027487	0.10209347470967
0.659324643575319	0.207123110468657
-1.14088544605048	0.344426431780091
0.154509067766894	0.0289541162362231
-0.742101285286405	0.253499136601578
-0.628733247343677	0.151688343674084
3.26345542626113	1.10199860979414
-1.04221071709325	0.410198911511082
-1.0465244135449	0.412299764954399
0.950426851449918	0.249037516760643
2.10173504798347	0.924843834263361
-0.354525819937872	0.101778275735803
-0.741848602831151	0.253311922462979
-1.14171114622793	0.344693702322242
0.65757421006213	0.206588655278929
1.44899109330448	0.477667123734845
-0.743595444723557	0.253966184771903
0.131463990676715	0.0437015090033304
-3.45945095257726	1.22747869975084
0.513646005292164	0.181128642856017
0.671883733699227	0.308992744370201
1.8138222857108	0.70292085392477
0.15963091503218	0.0399802605532864
-0.236072750277141	0.0759464812223969
-1.52275201069355	0.540627902821117
-1.83132702405761	0.74028277145384
-0.789995070710077	0.342550534501667
-0.796622843370816	0.346185785919449
-0.144486814727175	0.0821871645598252
0.462107702925941	0.313671266740831
-0.41358116346959	0.172227997670108
-0.260088824993676	0.131539947474576
-1.23625772664871	0.939130730130593
-0.966445106904726	0.595033744190164
-0.327023748339775	0.150762782600137
0.428285671446016	0.169094775343879
1.55357482739164	0.753998587470342
0.129028135557707	0.0550686559066061
1.31253456967921	0.563091330038175
-0.236642536873473	0.0761450888689269
-3.08216231491203	0.947551973079846
-1.14499995487719	0.345855392571373
-1.04290235412753	0.410559570501728
-1.13872731243543	0.343741383764358
-3.45945095257726	1.22747869975084
-3.08556356757563	0.949512459473102
-0.353939368265063	0.101586834148653
1.44922258720914	0.477763268309402
-0.74243876954869	0.25362235352836
-0.32945600647168	0.152097548323583
-0.506582641315037	0.267353542260859
-1.04301992355331	0.410276167990221
0.137777354037229	0.0456973820976041
-0.172107354750232	0.0616237994837963
0.657864503304789	0.206616146564203
-2.57669595250488	0.657559862268914
0.15144823932183	0.0285426379557898
1.44839669376933	0.477459847846965
2.10080345028195	0.924400736993524
-0.35569023027487	0.10209347470967
0.154465593370314	0.0289479903375428
-0.352036490485324	0.101122204058746
-1.14536534536015	0.34589005605433
0.146670376003709	0.0430346600388633
-0.628599509856641	0.151612619227975
1.44958631087756	0.477702557005987
0.154509067766894	0.0289541162362231
1.31196676791469	0.562729963486004
0.657866689740957	0.206670742493303
-1.04090886464526	0.409486451709067
1.04480901675325	0.495932284777841
0.659678688827779	0.207049146044387
-1.29353315609389	0.576437929846008
-0.806956648362338	0.537698045991912
-0.416513977995206	0.173650038119296
-2.57669595250488	0.657559862268914
0.341987818012778	0.170530108879949
-0.62732563122962	0.300719543149506
-1.1406575104342	0.344234513147494
-1.83868845155664	0.743833089652786
-1.62031875430113	1.25495671026339
-0.810298397829203	0.443174463174444
0.909666942375984	0.78947382837419
-0.507188305421916	0.267753560501838
0.15618988590724	0.0897490921398365
0.160577919159696	0.0923828365841588
-1.00104129905763	0.4942642803179
-0.258215156076278	0.130436292835314
-0.80967523819527	0.442788201768594
-0.171762117804328	0.0615057733921786
1.0914061116154	0.826111893998565
-1.18710482416143	0.663070166632177
-0.412674486587401	0.171991500615452
-0.238130718624198	0.0765764115230572
0.154509067766894	0.0289541162362231
-3.46345495606107	1.22933734600421
0.157370411029726	0.0293708256249034
-0.355104953248248	0.101967480674674
-0.628733247343677	0.151688343674084
0.157325350109871	0.02936446462458
1.45609567702012	0.47970937604418
-0.628164901903538	0.15157555358925
0.695290230042389	0.455330161604147
0.13251756974086	0.0499054645924754
-0.115828799576449	0.0460664520287092
-1.83099487872884	0.740025429797688
0.163185820804974	0.0407257646525502
1.95786695174359	0.441149378722158
-1.79839614394125	0.382877807711208
0.661223086818105	0.207656588437818
-0.547502521713302	0.205935973154887
-2.5766529574574	0.657773148602288
-0.539661343528338	0.202765677037844
1.02455981174032	0.382091874796033
-0.735122504035354	0.250746836229491
-2.57660997484294	0.657538252319339
0.658741078701816	0.207014004441108
0.660638687988492	0.207526442563452
-0.0772300873434247	0.0339864112578627
1.8166310232947	0.704051562387115
-1.05036292712194	0.847831198978583
-0.235948417281415	0.0759021467201397
0.155713854733082	0.0390835596706886
0.144054213480702	0.0423469198905259
0.129313692308087	0.0552707048715134
0.133134712517645	0.0568317747059139
0.144389940892798	0.0424393237157952
0.950426851449918	0.249037516760643
1.24565283364774	0.672787214932804
-0.356952421866901	0.102502236157484
-1.83099487872884	0.740025429797688
-0.538391637447097	0.202241097472968
1.02363521199244	0.381873400117373
-2.57660997484294	0.657538252319339
-2.08911637827436	0.943898849288905
-1.15617729977823	1.01082903156336
-0.801329831993386	0.620071849603009
-1.16039542909972	1.0162516378421
-0.111796461708403	0.0663014463602526
-0.50825668343551	0.385987665203776
-0.198273600809145	0.107285353481299
-0.0143495063378005	0.00720380793683103
0.132509644787654	0.0565552702956815
-0.274391280677283	0.172964588432614
-1.34534042494228	0.844939552676444
1.09044911359324	0.824834838182755
0.137587686189923	0.0659630574143923
-1.09836568223776	1.06449817556519
0.530824990880255	0.306167993079753
-0.324840006825389	0.149748814886951
-0.685627988660872	0.485429666570949
-0.351744415353914	0.1010114930848
4.1660832151626	1.96430930605611
-0.735795036496609	0.251087692088149
-0.739220696441847	0.252380570526188
0.907384143007987	0.786284463118514
0.431415494017588	0.170321055884966
0.132382889280095	0.0439989008298304
1.76247306121477	0.966423627602267
2.33819419637623	1.14580369017016
0.144054213480702	0.0423469198905259
1.95786695174359	0.441149378722158
0.658741078701816	0.207014004441108
0.948337549654709	0.248516516252871
-2.57669595250488	0.657559862268914
-0.237212899766669	0.0763212805777045
-2.5766529574574	0.657773148602288
-1.52585303078124	0.541962051097293
-0.354519585455166	0.101776151388844
-1.04721949984211	0.412618976511128
0.132732885510209	0.0441080605497273
0.159402290839324	0.0399177124259514
-0.413251500654497	0.236137805707598
-0.63185471444008	0.152466960619287
0.147259813410519	0.0432007445014279
-1.04056236968378	0.409373067940558
1.04114198965725	0.493788387990445
0.879172487982128	0.464964197974128
0.800732484930354	0.329422357686243
0.126136981026119	0.0475623349481893
0.803620921341924	0.330666152724973
0.426617670606455	0.168281160290742
-0.355104953248248	0.101967480674674
-0.11706780556092	0.0465584081549706
-2.08224011884719	0.939282107374303
0.146332921310034	0.0429416898033695
1.31621760221634	0.565072072441532
-0.165650631391215	0.0593414877038015
-3.08216231491203	0.947551973079846
-0.940229883307557	0.695519431881658
-0.408960258993882	0.233080878402522
0.49715021253505	0.314486639172422
-0.118253503079345	0.0470100497471401
-0.939951487688628	0.695271273828718
-1.18433444905884	0.660318604057607
-0.555138867410117	0.354751316628737
0.733821210741923	0.613321254919498
0.13965273085814	0.067113556390863
-0.11706780556092	0.0465584081549706
1.59837787223645	1.10373743876051
0.131588254721678	0.0495753524376327
-0.258427951201605	0.13076254970393
-1.11083508235659	0.766259514228615
-0.172323794216928	0.061695096887414
-0.539884754000364	0.202777184376746
-1.1406575104342	0.344234513147494
-1.13895833229548	0.343813220888229
0.15963091503218	0.0399802605532864
0.155111385030128	0.0290417527313876
0.156304884454214	0.0392194704826931
-0.200462679970886	0.108647413289214
-0.627648051161859	0.300886351315126
-0.628599509856641	0.151612619227975
-1.68983601719743	0.950487356099264
-0.166213389018895	0.0595190660770883
-0.738079783119958	0.251987608125061
1.02455981174032	0.382091874796033
1.95786695174359	0.441149378722158
0.162952579336367	0.0406858836130456
0.143231568712453	0.0420634101782781
0.140023273435885	0.041219830052157
-2.57963910438406	0.659061212358043
0.135147068183463	0.0448731525122335
-1.29445710557565	0.57719309643802
-1.1414839653338	0.344622990730584
-1.83199158756097	0.740532814070127
1.55357482739164	0.753998587470342
-1.52896155531942	0.543366808154917
1.76171047161249	0.965486468454436
-0.967060298539882	0.59678584231477
0.127737643638726	0.0544487448532607
-0.168098950998947	0.060182556134742
-0.166192019317493	0.0595369312524389
-2.5766529574574	0.657773148602288
0.509738797084365	0.17970407358381
0.126543144272307	0.0540223218243271
0.144640697621443	0.0425017414545061
0.509738797084365	0.17970407358381
0.144640697621443	0.0425017414545061
-0.354815349846941	0.101888689175609
0.156896734628332	0.0393320207188234
-3.08216231491203	0.947551973079846
-0.558719688199567	0.357616579566485
-0.168443906364487	0.0602979483615774
-0.152985849408357	0.0871957371715673
-2.30510991052137	1.15171940932676
-0.151894296454179	0.0865911951224821
-1.69821994677253	0.956758225743488
-0.0747243207166357	0.0329236495647239
0.423708721184005	0.16718499503533
-0.325034420594285	0.14983068947244
-0.00412053843259671	0.00219433009459873
-0.549179115238669	0.350127766330511
-0.813660671144787	0.544819598055776
0.140023273435885	0.041219830052157
1.2308207808272	1.03715307420717
0.128356719617939	0.05472405279054
-0.803572943144849	0.535289511805048
0.13125430574639	0.0494561793802337
-0.627548228265102	0.300647861046188
-1.29860074136172	0.5797920330012
-0.628733247343677	0.151688343674084
0.510440135603011	0.179966436385068
0.154465593370314	0.0289479903375428
-1.79839614394125	0.382877807711208
-0.628867026021838	0.151670609188118
-1.18309149572464	0.65955331260621
-0.325768236591056	0.15018145007308
0.511535984561553	0.180463547184556
-0.172107354750232	0.0616237994837963
-0.164744037178764	0.059028259963585
0.948768757521975	0.248549269795159
-0.628164901903538	0.15157555358925
0.144389940892798	0.0424393237157952
0.806595592048773	0.332087792308818
-3.76836313181621	1.48595887993412
-1.0438234260038	0.410788519057193
-2.57669595250488	0.657559862268914
-0.738748567012076	0.252134640052989
-0.547853283678273	0.206125055397661
1.06939958153489	0.649006787829707
1.25540355308665	0.679789135508396
0.67912166875874	0.313015733596821
-1.00004103377151	0.493654528880013
-1.83105982818556	0.740099638711398
0.585811213568047	0.302214531395461
-0.237559934502149	0.0764246711906185
0.586883597860751	0.303323611201715
0.50755078071475	0.178917899343599
-1.04744397176015	0.412600703300656
0.131814043124596	0.0438161720723548
0.127740324846529	0.0481396538224244
-1.00037438735711	0.493892565592627
-1.14284398403614	0.345169869447138
0.15144823932183	0.0285426379557898
-2.5766529574574	0.657773148602288
-0.808447205468706	0.539637138018695
-0.252116096888433	0.127253608541394
-3.051449991899	2.46503541058909
-1.28937285617751	0.574083957636609
0.311844864867231	0.188515880028994
0.130534492586352	0.0556874732872
-0.538391637447097	0.202241097472968
-0.00917278173157314	0.00466193084833401
0.367561887360249	0.16284634771038
-0.00732206784811802	0.00372384810966334
0.654121684946124	0.205433467520013
-0.628164901903538	0.15157555358925
-0.352328640216398	0.101201570764145
-1.1406575104342	0.344234513147494
0.374933422580566	0.16625772778587
1.24864381476314	0.674778975998023
2.10592974553951	1.44266747069981
-1.0001037668499	0.493752779623566
-0.788395480319902	0.341804995882944
-2.08922761541921	0.943816452673973
-3.08203048704882	0.947509650360219
-0.737489374761453	0.251678150254292
-2.57660997484294	0.657538252319339
-1.04255649350425	0.410401789740815
-0.789083391693148	0.34215026874497
-1.14111344283696	0.344497381350969
1.02190239796348	0.380920127363489
-0.235948417281415	0.0759021467201397
0.13125430574639	0.0494561793802337
1.55152601933111	0.752759870414717
0.885276963514558	0.469599954599376
0.336787433263013	0.167919859906496
0.67255389099498	0.309487891494371
-0.17508657798288	0.0626814147595453
-0.359432307228107	0.103134774665835
0.142306377840433	0.0418148962103769
1.04746072672504	0.497700711342051
0.42606816676538	0.168111872387857
1.02329749324129	0.381582146499257
-0.0750159616572572	0.0330387346979731
-0.237437039825944	0.0763599123457812
-1.2941091808211	0.576975974922849
0.154465593370314	0.0289479903375428
0.132164012775708	0.0439252834614193
-1.04221071709325	0.410198911511082
-0.628164901903538	0.15157555358925
-0.236295434458238	0.0760318807121589
-1.52585303078124	0.541962051097293
-0.555067320006873	0.355044327593001
-0.117044285120093	0.0466007492952659
-0.336725536013642	0.204105743435519
-0.807305801155261	0.538441871928258
-1.05186785999929	0.84913144576983
-1.16012664169161	1.01591907398757
-0.807378194034065	0.539199551110443
-0.691231474136105	0.552514698592046
-0.798206079947461	0.617194972909458
0.0561459742671125	0.0346486725244983
0.307292883806221	0.198973003697132
0.133301116726748	0.0442849463266127
-0.254370792107733	0.128453995962992
-2.92955571426864	2.15883654706746
-1.79839614394125	0.382877807711208
0.154311934860129	0.0289593414864238
0.155111385030128	0.0290417527313876
1.95786695174359	0.441149378722158
-1.52554695498285	0.541620681553635
1.24167560573371	0.856300266738728
0.327783055023169	0.181673591440556
-1.0046184504941	0.49675456385791
-0.0781376360630907	0.0343805148218874
0.510619816865865	0.180113549991954
2.10252540036319	0.925396731648863
-0.237212899766669	0.0763212805777045
3.26284822825054	1.10169382604423
0.659616568882323	0.207151031447049
0.154509067766894	0.0289541162362231
-1.00401478862706	0.496411443567707
-0.321927870259619	0.148367885197031
0.661889134801844	0.207609551948683
-0.738670030097319	0.252119567169358
-0.234312185154952	0.0754304879292539
0.140609521820489	0.0413743325045252
1.54471767337338	0.748380056055001
1.55357482739164	0.753998587470342
0.58779111249192	0.303584027000727
-1.18363942775431	0.660871262590694
-1.5082900806176	0.75898051972622
0.131594500900707	0.0437325371818593
1.31240282325545	0.562988742832529
-0.0415805881681044	0.0198524123782302
-0.552664408124761	0.352502724610346
-0.999762553315893	0.493790350714934
-0.785720368096092	0.340476144248071
0.132032810243933	0.0438841642048134
-0.358852053011674	0.102979336804101
-0.169664956250467	0.0607827502330806
-1.52525862148376	0.541687313963439
-3.46322465260564	1.22963503158779
0.154509067766894	0.0289541162362231
2.75520320904554	0.763197913000704
0.659032459281836	0.207041754611057
-0.418098622830114	0.174378553054991
0.947635845528227	0.248244973505163
0.133827547304626	0.0504034048186407
-0.738079783119958	0.251987608125061
-1.13918941442725	0.343767291351689
-0.628164901903538	0.15157555358925
0.154465593370314	0.0289479903375428
-1.79840965860499	0.382877827643389
-3.08216231491203	0.947551973079846
-1.83564160885514	0.742645090374466
-1.52896155531942	0.543366808154917
3.26406378444313	1.10187162962723
-1.18678285032494	0.662835235719457
0.58779111249192	0.303584027000727
0.649394206065283	0.462876220044707
0.147679086870612	0.0782903739646227
-1.51751726173703	1.71895885361925
0.127740324846529	0.0481396538224244
-0.66467498420205	0.397526639107899
-0.119521314129107	0.0475310840819249
-1.49395737423417	1.04808618992392
0.377786837575273	0.167726927816864
1.06449090773496	0.645455137767061
-0.0767788065927494	0.0338194227138831
-0.505619646265169	0.383447431736405
0.137211516101373	0.0455091631041957
-0.325608383044716	0.150330941023521
0.15144823932183	0.0285426379557898
-3.08542618523242	0.949198094742557
-0.628733247343677	0.151688343674084
-1.23631564403755	0.940627369951601
-0.116152112702002	0.0461979677200941
-0.198100227781001	0.107293445597336
0.146670376003709	0.0430346600388633
0.512600050895113	0.18073388148523
0.155111385030128	0.0290417527313876
2.75580772001712	0.763760469153332
2.75641316563256	0.763778311858285
-1.52926336424741	0.543358625626883
0.157370411029726	0.0293708256249034
-1.04595278088894	0.411874241216211
-0.354815349846941	0.101888689175609
-0.169105614986712	0.0605906204631912
-0.169353526647245	0.0605927748191673
-0.623260950976198	0.298154842625978
-0.622307902500212	0.297990774732261
-2.3085310767113	1.15438674735507
-1.79839614394125	0.382877807711208
-1.79840965860499	0.382877827643389
-3.08898467402977	0.950960285645612
0.803406298057045	0.330476655381048
-0.354815349846941	0.101888689175609
-1.83936441734733	0.744382146126046
0.132032810243933	0.0438841642048134
0.329942512406319	0.183266162288243
0.427598801849298	0.168817190422253
-0.323780689558922	0.149203478598157
-2.0851928861798	0.941244883307777
0.128409991510058	0.0483828350789698
-1.49889760083788	1.05371418271688
-1.79840965860499	0.382877827643389
0.506636186737087	0.178613076266429
4.17107678796855	1.96743662346269
0.140023273435885	0.041219830052157
-0.355979365614545	0.102141358762928
-1.18525592504727	0.660507642904885
-1.29133208294327	0.57526815180387
-0.792961532394216	0.344288490733264
-2.5766529574574	0.657773148602288
-3.08203048704882	0.947509650360219
1.44899109330448	0.477667123734845
-1.79840965860499	0.382877827643389
-0.738159266562824	0.251825620637215
0.154465593370314	0.0289479903375428
0.154465593370314	0.0289479903375428
0.950426851449918	0.249037516760643
3.26631056571709	1.10328266544307
1.95786695174359	0.441149378722158
0.155067569950451	0.0290355764553768
-1.14088544605048	0.344426431780091
-1.83537736671358	0.742411015726266
-0.539661343528338	0.202765677037844
0.135364021327178	0.0449437078279942
0.745923648569538	0.732239328210378
-0.584010438929723	0.429231450672649
0.496070309342028	0.313573433004097
-0.930747859403263	0.685507512595038
-1.15527061187946	1.00847491306429
-0.19910667668722	0.134410246698431
-0.165979088132795	0.0594930049113456
-0.252692667705533	0.127653659498477
-0.167064546625983	0.0597977527594701
0.145683624079725	0.0771527137966606
-0.512484910576258	0.271316828587775
-0.25594460406778	0.129401564925789
0.133134712517645	0.0568317747059139
0.14686710499877	0.0778212151040773
-0.169105614986712	0.0605906204631912
0.155067569950451	0.0290355764553768
-1.79839614394125	0.382877807711208
-1.79839614394125	0.382877807711208
0.85072517579337	0.626806005449482
-0.323790233074692	0.149308363719974
1.04480901675325	0.495932284777841
-0.554815968575034	0.35420448749528
0.424611273738373	0.167583555175302
-0.628164901903538	0.15157555358925
0.163185820804974	0.0407257646525502
0.948905461162112	0.248586345985544
0.804765006705712	0.331183851246171
1.81264504950119	0.702404900566408
-3.0857009920368	0.949295045119167
0.144839984425568	0.0424652121179643
2.54635513717823	1.37966478584737
-1.83132702405761	0.74028277145384
-0.255303154775134	0.1288989194231
-0.628193473396668	0.301139441269947
-1.52499008340819	0.541418114624462
-0.628299579656606	0.151558046801791
0.130626533328143	0.0434288699946859
-1.69337605577332	0.953224222592698
-0.240410025521882	0.0773316206983627
-0.414515563910564	0.172670310722692
-0.629492520462106	0.301914697582698
0.801922158295548	0.329828855715043
0.880935682838479	0.466276639911582
-0.537369569369678	0.201808408063057
-0.355104953248248	0.101967480674674
-0.354815349846941	0.101888689175609
-3.08203048704882	0.947509650360219
-0.544853478742199	0.204974627934257
-0.252985105474192	0.127810468602201
0.132204950627944	0.0564266416745921
-1.1406575104342	0.344234513147494
-0.791200257545119	0.343340530735072
0.130323873520588	0.0491059528446299
-1.29687469974822	0.578507899319399
0.948905461162112	0.248586345985544
0.142892234362748	0.0419793224062305
-0.53874057789979	0.202401825815006
-1.80123754984197	0.383647112861273
0.154509067766894	0.0289541162362231
1.95731570776637	0.441000340195791
0.144640697621443	0.0425017414545061
-0.354815349846941	0.101888689175609
0.154465593370314	0.0289479903375428
1.44922258720914	0.477763268309402
-0.735201728577998	0.25087231236032
-3.08216231491203	0.947551973079846
0.154465593370314	0.0289479903375428
-1.14111344283696	0.344497381350969
0.155067569950451	0.0290355764553768
0.154465593370314	0.0289479903375428
-0.335968337675148	0.203658181079504
-0.0346553031592165	0.0166250645459583
0.0795713517294174	0.0541079033514651
0.588719097872329	0.304194471760505
0.131892201556397	0.0562860360466152
-1.23855045792918	0.943489695086317
0.128217426027829	0.0426676360228733
0.694538610000626	0.454251752585453
-1.05021733625446	0.848185028490331
-0.172669104556229	0.0618131682393964
-0.42154599051791	0.24146873788765
-0.259500572573262	0.131251778546968
-0.807063081176681	0.441221548160824
1.31110478579583	0.562358978556018
-0.415478486287186	0.237658970878567
0.472333054366621	0.322165560471894
-0.628299579656606	0.151558046801791
0.155713854733082	0.0390835596706886
0.158797898832415	0.0397350165406265
1.45174463580423	0.478561109172125
-3.08189869996978	0.9470994296719
-0.258842687878428	0.130906892371963
1.02670426641264	0.973170938141573
-0.354519585455166	0.101776151388844
0.340061585309167	0.169635213590277
1.04515557784367	0.495950978123491
-2.29972533491248	1.14713533709438
3.26284822825054	1.10169382604423
0.140023273435885	0.041219830052157
-0.628867026021838	0.151670609188118
0.155111385030128	0.0290417527313876
-0.737489374761453	0.251678150254292
-1.29445710557565	0.57719309643802
-0.741510950758259	0.253188727186893
-0.234881985943443	0.0755878057926229
-1.10562629319691	0.761060545832337
0.802704240998476	0.33025128123342
1.06787756973317	0.647660386599083
-0.23197785438725	0.0746812633614378
0.135241061119631	0.0577862886226179
-1.0001037668499	0.493752779623566
-1.10756369416481	0.763568556575797
-1.52497036065527	0.541612586959632
-0.0699233482244991	0.0308389741552507
-0.508411021552542	0.268406408234683
-0.738079783119958	0.251987608125061
-1.03986963329328	0.409012486353307
-1.52497036065527	0.541612586959632
-0.791708514054291	0.343534455185817
-0.354519585455166	0.101776151388844
-0.168318442800183	0.0602514969158982
-0.540836580077605	0.203369627038744
0.511755072041239	0.180523302881905
0.155111385030128	0.0290417527313876
-1.79840965860499	0.382877827643389
-0.628164901903538	0.15157555358925
-0.628599509856641	0.151612619227975
-0.35569023027487	0.10209347470967
-1.79839614394125	0.382877807711208
1.44899109330448	0.477667123734845
-1.1413415008172	0.344450233445194
0.155111385030128	0.0290417527313876
-0.628733247343677	0.151688343674084
0.160221796316651	0.0401166927693931
-2.5766529574574	0.657773148602288
1.95786695174359	0.441149378722158
0.154311934860129	0.0289593414864238
-0.118308141297603	0.0470324989584549
-0.621042482452693	0.297116692953715
-2.08529767867884	0.94108469631813
-0.336241727617841	0.203850730550459
-0.0112398235120471	0.00568199362639488
-0.273995218364959	0.172701326030432
-1.10533398757211	0.760768896049564
0.843477793330029	0.768675793160301
-0.465852465825879	0.312249204038732
-0.0100108693496532	0.00509601452138369
-0.505664023246415	0.266769330935837
-0.259863901362972	0.131424498974917
-1.11142031340171	0.766851467688825
-0.255358269451843	0.129058050189224
-0.934676991846181	0.68878888707463
-0.00807663931569891	0.00411884117671122
-1.04267374187429	0.410246962947944
0.659324643575319	0.207123110468657
-0.607981436737104	0.49950615962221
0.470016120464429	0.320198362853783
0.128936415922896	0.0485814724251015
2.33899743092669	1.14663661123896
1.02533495299364	0.382457756692076
-4.72618529022825	2.79550759778367
0.160221796316651	0.0401166927693931
-0.244765062325972	0.0786979182955015
-1.29538171494723	0.577437227146469
-1.82874780946892	0.738800580746292
-1.83671000980052	0.742902778346684
-1.34627625581861	0.845263528448768
-0.358852053011674	0.102979336804101
1.4480329582247	0.477161868008032
0.154509067766894	0.0289541162362231
-1.5292536270854	0.543488048058857
-1.29237610264655	0.575925969894521
-0.625651918637408	0.29977521507963
0.343362383785642	0.171700731083987
-0.322854497726682	0.148847586385378
-0.236989724567202	0.0762485047293907
-1.29433801976141	0.576778854624373
-0.170511025587425	0.0610469624466437
-0.790293055908666	0.343033629214228
0.140068548532657	0.0672072656163264
-1.52585303078124	0.541962051097293
0.50755078071475	0.178917899343599
1.95786695174359	0.441149378722158
0.154465593370314	0.0289479903375428
-0.633622907819692	0.1529660004018
2.10021124048698	0.924077935460336
-0.628867026021838	0.151670609188118
0.654408135649179	0.205512311863459
2.10021124048698	0.924077935460336
1.02246283803588	0.381238371277329
-1.14171114622793	0.344693702322242
-3.08203048704882	0.947509650360219
0.157370411029726	0.0293708256249034
0.950426851449918	0.249037516760643
-0.738079783119958	0.251987608125061
0.130847633086116	0.0558190648233276
0.475157950732795	0.324525709921326
0.321167361438176	0.177737049202488
-0.19491355703042	0.105420113135523
1.65130367000409	1.5565941554514
-0.0760018206111181	0.0334536919767082
0.783834781339896	0.618960531488979
-0.237212899766669	0.0763212805777045
-0.323478262143869	0.149164513688911
-2.08911637827436	0.943898849288905
-0.465456336558489	0.311971504219434
-0.628243335554657	0.30121752247215
-0.120490621868934	0.0479276905170135
-1.1910302178001	0.666443733108398
-1.79840965860499	0.382877827643389
-0.337294968687283	0.204373590439799
-0.538614601651019	0.202264227467562
-4.22944054003563	1.96755402133536
0.128936415922896	0.0485814724251015
-0.538518495752287	0.202252156786087
-0.74243876954869	0.25362235352836
-2.57669595250488	0.657559862268914
0.160221796316651	0.0401166927693931
2.75580772001712	0.763760469153332
-0.628164901903538	0.15157555358925
-1.04852212437679	0.413094498854646
1.02626205148491	0.382823634565729
-1.0465244135449	0.412299764954399
-1.1414839653338	0.344622990730584
-2.29727312282636	1.14544058139388
1.44862736407577	0.477555630338169
-1.79840965860499	0.382877827643389
0.94820175004088	0.248479682375772
0.513516136888496	0.181178716343693
-1.14171114622793	0.344693702322242
-0.234881985943443	0.0755878057926229
-0.237212899766669	0.0763212805777045
-1.13895833229548	0.343813220888229
-0.628599509856641	0.151612619227975
-0.738882523398138	0.252189660649256
-3.76137421922742	1.48226291907169
-1.79839614394125	0.382877807711208
-0.737489374761453	0.251678150254292
-4.01160255769466	1.72433692110226
-0.544025640900278	0.204660696542805
1.45114635521655	0.478471348903038
-3.08203048704882	0.947509650360219
-2.57660997484294	0.657538252319339
1.95731570776637	0.441000340195791
0.154465593370314	0.0289479903375428
-1.14088544605048	0.344426431780091
0.160221796316651	0.0401166927693931
-3.45967591146264	1.22746502283364
-1.79840965860499	0.382877827643389
2.75580772001712	0.763760469153332
0.154465593370314	0.0289479903375428
1.95731570776637	0.441000340195791
1.95786695174359	0.441149378722158
-0.253944500062918	0.128210289453501
-1.65197986003704	1.71150096529078
-3.34961358581412	3.38211900154747
-0.628765702684058	0.566930408782289
0.467380031882927	0.318291920259174
1.76969279815477	1.8203161978626
-0.0119244883867159	0.0060213508108028
0.798324210831681	0.328230166540438
-0.670434356152933	0.40163781241793
-0.9354708349598	0.690926704950282
-3.08556356757563	0.949512459473102
-4.58062762584281	2.49822358368269
0.12976385462973	0.0554328716503754
0.505721230152749	0.178180313722362
-0.117660477054644	0.0467865531553836
0.58780342875841	0.303484945228552
-0.741763882242001	0.253307934106881
1.45078261646269	0.478218161496633
-0.236865950236819	0.0762080730306188
-0.535972986453295	0.201305640312495
-0.355112179440658	0.101904546481095
-0.74243876954869	0.25362235352836
-0.627231703045573	0.300802592615182
0.140609521820489	0.0413743325045252
-1.34807497974815	0.847301364601422
0.133755033052303	0.0503739983594371
-0.2310608494536	0.0743959127754284
-0.35569023027487	0.10209347470967
-1.79840965860499	0.382877827643389
-0.628164901903538	0.15157555358925
0.16045117802105	0.0401558290866076
-0.417829404171734	0.174300012860715
-0.788395480319902	0.341804995882944
-0.355112179440658	0.101904546481095
-0.539089600210505	0.202542124367007
1.44899109330448	0.477667123734845
-0.414849585401539	0.172825872337049
-0.23808408660897	0.0766242401144763
0.134796989185734	0.044763826715822
-0.240976410898063	0.0775300306973211
-0.628599509856641	0.151612619227975
-0.35666348042052	0.102404483392645
-2.09340157284605	0.946438560833984
0.156896734628332	0.0393320207188234
-0.788618958882262	0.341859317766317
-1.14499995487719	0.345855392571373
0.94820175004088	0.248479682375772
-2.57669595250488	0.657559862268914
-3.45922605387697	1.22727228815634
0.883261506201147	0.468247227057581
0.146332921310034	0.0429416898033695
0.162952579336367	0.0406858836130456
0.155067569950451	0.0290355764553768
-3.08189869996978	0.9470994296719
0.155111385030128	0.0290417527313876
0.147259813410519	0.0432007445014279
0.155067569950451	0.0290355764553768
0.154465593370314	0.0289479903375428
-1.83199158756097	0.740532814070127
-0.411169671403364	0.234607889908155
-0.395611275147311	0.274460586563043
1.88726415709868	1.61980395430406
-1.82246459057714	2.12404439387094
0.442079502752678	0.319024474090214
0.146142632021459	0.0773049717946143
0.695212716038234	0.454872450493791
-1.00011363692396	0.901509130106779
-0.626066589995686	0.299656017411652
-0.806612457433559	0.440304257659114
-1.52468217246603	0.541450953371581
-1.79839614394125	0.382877807711208
-1.14583039258107	0.346039770541419
-1.79840965860499	0.382877827643389
0.142892234362748	0.0419793224062305
0.774140291421258	0.459713179819956
-0.536322009305803	0.201466150653051
-1.34889537146582	0.847465590380456
0.379643772442198	0.168732499858167
0.659032643407672	0.20695576224899
0.148186394591661	0.0434281534721658
0.661517102334111	0.207824976675168
0.161043695584893	0.0402684742968713
-1.1414839653338	0.344622990730584
-0.355104953248248	0.101967480674674
-0.624773794560314	0.298987479143815
-0.239565596492154	0.0770626405707141
-0.628164901903538	0.15157555358925
-1.04255649350425	0.410401789740815
0.127141626540389	0.0479115733238652
-0.415847728365783	0.173416198873373
0.802489056255948	0.330144551890374
-0.626986447293897	0.299927106646987
4.37877293010154	2.22820620445373
1.02279934713965	0.381250494154782
1.95786695174359	0.441149378722158
-3.4599009305559	1.22709220959572
0.155067569950451	0.0290355764553768
-0.0771293174447869	0.0339692317993143
0.426057714386364	0.168088710052056
-1.52556530925699	0.541887546993991
0.160221796316651	0.0401166927693931
2.09995861282333	0.923872580873855
0.160221796316651	0.0401166927693931
-2.57660997484294	0.657538252319339
2.75641316563256	0.763778311858285
1.95786695174359	0.441149378722158
-1.79839614394125	0.382877807711208
3.26508709738097	1.10261522135605
-2.5766529574574	0.657773148602288
0.160813493636874	0.0402291855562724
-0.352036490485324	0.101122204058746
0.948905461162112	0.248586345985544
-3.45945095257726	1.22747869975084
-0.236295434458238	0.0760318807121589
-2.5766529574574	0.657773148602288
2.75520320904554	0.763197913000704
2.75641316563256	0.763778311858285
-1.79840965860499	0.382877827643389
-1.79840965860499	0.382877827643389
-1.79840965860499	0.382877827643389
0.154465593370314	0.0289479903375428
-0.359435145573547	0.103170722743079
0.133168522192678	0.0442284444874965
-0.550764644937629	0.351326985344562
-0.323473644280604	0.149131328598253
-1.69664807462893	0.956907916001624
-1.15870250600203	1.01379025600178
-0.50234305291941	0.380386442166695
0.154837160196911	0.0889224851710205
0.135937173335384	0.065153738750526
0.67150187758438	0.308828121931979
-0.465186571734629	0.311731364911784
1.23282184412205	0.847050726361095
-0.506794097572438	0.267917146892905
-0.164961528199622	0.0590946327024874
-0.677125522340892	0.477778774884948
-0.625937070321993	0.151091209012893
2.75580772001712	0.763760469153332
0.64801693621109	0.461520435450924
-0.331562092018327	0.153247973402218
0.313861062708794	0.189572697548573
-0.117715111446697	0.0468041560106054
-2.29796697128273	1.14602149739505
1.04480901675325	0.495932284777841
-0.359435145573547	0.103170722743079
0.155067569950451	0.0290355764553768
-0.356367399040958	0.102345848061694
-0.625937070321993	0.151091209012893
-1.1406575104342	0.344234513147494
-1.52585303078124	0.541962051097293
1.31310179325084	0.563385616536445
0.511187733730715	0.180331422147582
0.948337549654709	0.248516516252871
1.81011419433809	0.700628315633627
0.804902320215242	0.331341314716319
-1.0376447434116	0.407850748994669
-1.04290235412753	0.410559570501728
1.95786695174359	0.441149378722158
-0.355401168227563	0.102014834884787
0.144304320671072	0.0423970373819599
1.75769356186832	0.962827388418044
1.05058910707122	0.49932294137229
-0.741510950758259	0.253188727186893
-1.52527766014307	0.541726073904961
-1.04290235412753	0.410559570501728
0.159992352718576	0.0400538861334557
-0.628164901903538	0.15157555358925
1.44862736407577	0.477555630338169
0.947635845528227	0.248244973505163
-2.5766529574574	0.657773148602288
-3.76194534162119	1.48181566309851
-1.79839614394125	0.382877807711208
-0.237559934502149	0.0764246711906185
-0.628733247343677	0.151688343674084
1.95988292961267	0.441702177751728
1.95731570776637	0.441000340195791
1.45138090115721	0.478568850670936
-1.79839614394125	0.382877807711208
-1.04313192494267	0.410517747694466
-1.1406575104342	0.344234513147494
-1.52554695498285	0.541620681553635
1.44785372417853	0.477041110592846
0.803620921341924	0.330666152724973
-0.0774310000255217	0.0341007322353275
0.498044936572472	0.315216297235505
0.855251860577268	0.632204413857565
-0.66848344347285	0.400207593221083
-0.0771817893579479	0.0472881265779772
-0.273062022253773	0.172102343221935
-0.0403331146963671	0.0192688071712024
-0.809986788684743	0.442997398307845
0.849825350226335	0.625561566167024
-0.33359459337195	0.201868635443812
-0.324102263183128	0.149440270324799
-0.4417974846916	0.343385527390048
-0.50717739734089	0.267732671917775
0.160583229502904	0.0401661733691417
0.155111385030128	0.0290417527313876
-1.1414839653338	0.344622990730584
-0.395611590565006	0.27480702228251
-0.933393243290324	0.68813597210684
-1.0465244135449	0.412299764954399
-1.2941091808211	0.576975974922849
0.128673280033835	0.0484868522338571
1.02592340208434	0.382810966482796
0.157325350109871	0.02936446462458
-0.628030265547787	0.151499678636842
0.657864503304789	0.206616146564203
0.950998501270056	0.249196467275389
-2.08460819785075	0.94084287548003
-0.628733247343677	0.151688343674084
0.154509067766894	0.0289541162362231
-0.737824274342293	0.251781339210884
-0.355104953248248	0.101967480674674
-0.621957831947703	0.297616053571787
1.04690378710311	0.497343192229306
-0.812397624928489	0.444783626628618
0.366647605945859	0.162372910160872
-0.418699120063541	0.174624493913997
0.130894531886353	0.0435089375277545
2.75807933893485	0.764710363024488
1.44942286238737	0.477477409199566
1.25193975444736	0.677226494583158
0.14380305748793	0.042271222114559
0.674668298279169	0.310670180430479
-0.786851278108693	0.341002012219478
-0.541186744719213	0.203457979336671
0.13344715681091	0.0569633928380752
0.800942292103537	0.329468782128631
0.514431860453614	0.181517099423547
0.160813493636874	0.0402291855562724
0.510619816865865	0.180113549991954
-0.358852053011674	0.102979336804101
1.95786695174359	0.441149378722158
-0.628030265547787	0.151499678636842
-0.736131442714986	0.251191396874175
-0.628733247343677	0.151688343674084
0.155111385030128	0.0290417527313876
0.159036592116599	0.0397877345506797
-0.628733247343677	0.151688343674084
-1.29376133697956	0.576703831793288
0.948768757521975	0.248549269795159
-1.52497036065527	0.541612586959632
-0.737489374761453	0.251678150254292
-0.41358116346959	0.172227997670108
0.429294808776901	0.326915267213405
-0.908573240372918	0.762502007440923
-1.52202414060407	1.72465272895344
-0.199396006061114	0.107912996888029
0.141142105599902	0.0677561947950098
-0.336612831105248	0.203921472724513
-4.58028644652542	2.49797531052026
-0.168443906364487	0.0602979483615774
0.529941483302179	0.3055586884015
0.139684630056245	0.0411185419267414
-0.168760743646406	0.0604728682433177
0.3762877852277	0.167105860902907
0.51245179464898	0.180728048354012
0.155067569950451	0.0290355764553768
0.143132619682455	0.0420748163550394
-1.14499995487719	0.345855392571373
-0.640808627946935	0.306684409156036
0.511187733730715	0.180331422147582
-1.04709662477092	0.412413821088329
-0.359141638818634	0.103112871302961
0.152050960400409	0.028630259939513
0.16045117802105	0.0401558290866076
-0.353939368265063	0.101586834148653
0.376873816800882	0.167414245094654
1.02190239796348	0.380920127363489
-0.234881985943443	0.0755878057926229
-0.118253503079345	0.0470100497471401
0.880151515451718	0.46637679203864
-0.237212899766669	0.0763212805777045
-1.14171114622793	0.344693702322242
-0.35262379016767	0.101278913820777
0.155067569950451	0.0290355764553768
0.657866689740957	0.206670742493303
0.130536610066489	0.0491440857372051
-1.30183726033204	0.581473526972169
-0.334885331283272	0.154907915154516
-1.82841297073294	0.73863065228361
-2.57669595250488	0.657559862268914
0.132032810243933	0.0438841642048134
-0.628867026021838	0.151670609188118
-1.6924365528594	0.952130100066479
-1.79839614394125	0.382877807711208
-3.08203048704882	0.947509650360219
0.657866689740957	0.206670742493303
1.95786695174359	0.441149378722158
-3.08912772662777	0.951015235110598
1.95731570776637	0.441000340195791
-0.352328640216398	0.101201570764145
-1.79840965860499	0.382877827643389
0.950287720870208	0.248999740475732
-1.50947479439886	0.760140817990627
1.23251776782743	0.846658033240361
0.146260927929493	0.0773738480545456
-0.326080905120294	0.150357677981339
-0.539535866518366	0.202616428643095
-1.15913076629029	1.01456956644656
-0.628599509856641	0.151612619227975
0.157370411029726	0.0293708256249034
-0.342589473477732	0.245379178423666
-0.417564722900528	0.174188590378297
0.510619816865865	0.180113549991954
-1.49093300351336	1.04416214548142
0.123890289984819	0.0467338918733295
2.75580772001712	0.763760469153332
1.95731570776637	0.441000340195791
-1.04664817491529	0.41219337703347
0.134663561206417	0.0447043906173227
0.132382889280095	0.0439989008298304
0.144976980831471	0.0425943260188831
-0.415249347551518	0.173159047472333
0.144389940892798	0.0424393237157952
0.132032810243933	0.0438841642048134
-1.52556530925699	0.541887546993991
0.675381903961414	0.311010897261863
0.948337549654709	0.248516516252871
1.04746072672504	0.497700711342051
-0.233742966580479	0.0752394538943447
2.0985439196218	0.922769880021207
-1.00042671384016	0.494424006740095
-0.62621301873586	0.15115097520137
-1.79839614394125	0.382877807711208
-0.628599509856641	0.151612619227975
1.2540162666677	0.678629053894652
0.88261256714855	0.467807154334079
0.162357836679133	0.0405597098553547
0.133301116726748	0.0442849463266127
-1.00361914170206	0.496209107630798
0.135013832711232	0.0448286361779132
-2.5766529574574	0.657773148602288
0.144304320671072	0.0423970373819599
-0.236642536873473	0.0761450888689269
0.16045117802105	0.0401558290866076
1.4480329582247	0.477161868008032
-1.79840965860499	0.382877827643389
-1.79839614394125	0.382877807711208
-0.629763239673253	0.152058330338803
0.155111385030128	0.0290417527313876
0.154509067766894	0.0289541162362231
0.513516136888496	0.181178716343693
-1.14171114622793	0.344693702322242
1.95786695174359	0.441149378722158
1.44450447975593	0.475941549703467
3.26345542626113	1.10199860979414
2.75520320904554	0.763197913000704
0.15963091503218	0.0399802605532864
1.44450447975593	0.475941549703467
-3.45945095257726	1.22747869975084
-1.80123754984197	0.383647112861273
-0.930618875042802	0.685303887963229
0.696562649425309	0.456032313197021
0.307597307746424	0.199077467015896
-0.664759398195816	0.397041525477938
-0.806924470834439	0.440526610909245
-0.263153558354916	0.19783890433955
-0.258842687878428	0.130906892371963
-0.968766935557051	0.597836174094374
-1.80123754984197	0.383647112861273
-2.57660997484294	0.657538252319339
-1.14523333483643	0.345843348749308
0.300765504173017	0.206549613145655
-0.627598197564051	0.300860032383781
0.132204950627944	0.0564266416745921
0.375965197195902	0.166938700129267
-1.18590905355777	0.662017355328606
-1.52955481711501	0.543641482939636
0.154465593370314	0.0289479903375428
-1.52556530925699	0.541887546993991
-0.737489374761453	0.251678150254292
-1.83564160885514	0.742645090374466
0.131182346173996	0.0494239428300676
0.43038017867016	0.169931858392029
-0.237734534646551	0.0765149348263535
0.148186394591661	0.0434281534721658
-0.359141638818634	0.103112871302961
-1.13872731243543	0.343741383764358
0.16045117802105	0.0401558290866076
0.147173024714353	0.043149325154862
-0.414248785891065	0.172553623155678
-1.29202801510717	0.575756748795778
0.135013832711232	0.0448286361779132
-0.242654213055822	0.0780836016953457
0.131481738645676	0.0561966026115973
1.5520922495992	0.753268069075162
-3.08898467402977	0.950960285645612
-3.45967591146264	1.22746502283364
-0.352328640216398	0.101201570764145
-0.734528869218703	0.25053149884483
0.124153707844076	0.0468349501941597
0.13146580926851	0.0560811387017879
-0.417764990192744	0.174212377460942
-0.00838988001301373	0.0042899462885576
-0.507198734153596	0.267672223370419
-1.04290235412753	0.410559570501728
0.325764101316749	0.180350989041356
-0.352036490485324	0.101122204058746
-4.22944054003563	1.96755402133536
0.34780640354532	0.173923934525965
-0.237212899766669	0.0763212805777045
-1.13895833229548	0.343813220888229
0.154465593370314	0.0289479903375428
0.509175451887884	0.179500092399481
0.511535984561553	0.180463547184556
-0.738670030097319	0.252119567169358
-0.236642536873473	0.0761450888689269
-0.632424041671007	0.152580102364835
0.145227337337459	0.0426443607563146
-1.79839614394125	0.382877807711208
0.16045117802105	0.0401558290866076
2.75580772001712	0.763760469153332
0.94820175004088	0.248479682375772
1.95786695174359	0.441149378722158
1.95786695174359	0.441149378722158
0.162952579336367	0.0406858836130456
-1.79840965860499	0.382877827643389
-0.796203624624782	0.615227786859403
-1.65254052130014	1.7091660708641
-3.08556356757563	0.949512459473102
0.154509067766894	0.0289541162362231
1.95786695174359	0.441149378722158
0.805116244112889	0.331471066458395
-0.632424041671007	0.152580102364835
-1.83165926032039	0.740451579277532
-0.628030265547787	0.151499678636842
0.318111398826101	0.192854574180174
-0.0392700001266818	0.0187775018019205
1.55826253188697	0.757133972876524
-0.321187229781964	0.14797771435427
0.42217472484669	0.16651690753331
-0.631994988626399	0.152498044571477
2.75641316563256	0.763778311858285
1.95786695174359	0.441149378722158
-3.46322465260564	1.22963503158779
-0.793650299520997	0.344601205700018
-0.794215822472199	0.344737473235044
0.147597353924913	0.0432809812564028
0.65757421006213	0.206588655278929
-1.52525862148376	0.541687313963439
2.09795431527005	0.922132224051814
-0.171762117804328	0.0615057733921786
-1.80123754984197	0.383647112861273
-2.57669595250488	0.657559862268914
-0.358557998384515	0.10292132426425
0.657283842665822	0.20642210460759
0.134575238825374	0.0446629649594228
0.425411281391427	0.167750699925777
-0.666364338492648	0.398115120319756
2.54857488786382	1.38133772150956
1.75205112945731	1.3546900948104
1.02939313477738	0.384032816891873
-1.52527766014307	0.541726073904961
0.152050960400409	0.028630259939513
0.947635845528227	0.248244973505163
1.45054889854294	0.478121061898946
2.10752886304001	1.44381344124215
0.78697379500664	0.622802827066598
-0.073483637333106	0.0323802488272023
1.09064772301453	0.824885624850186
0.13344715681091	0.0569633928380752
0.13125430574639	0.0494561793802337
0.143368676391493	0.0688682170934253
-0.795844159225066	0.345716129333001
0.132032810243933	0.0438841642048134
-2.5766529574574	0.657773148602288
3.6326714041979	1.41965046916025
-0.632424041671007	0.152580102364835
-0.628030265547787	0.151499678636842
0.161187797961992	0.0402267591628498
0.131814043124596	0.0438161720723548
-2.57669595250488	0.657559862268914
-3.76137421922742	1.48226291907169
-0.788172601637339	0.341595524377101
2.75641316563256	0.763778311858285
-2.5766529574574	0.657773148602288
0.157370411029726	0.0293708256249034
2.75520320904554	0.763197913000704
3.26284822825054	1.10169382604423
0.155067569950451	0.0290355764553768
-0.238649881872283	0.0768149363688191
1.45138090115721	0.478568850670936
-1.5292536270854	0.543488048058857
-1.83564160885514	0.742645090374466
-0.628599509856641	0.151612619227975
-1.10504173329098	0.76043289707078
-1.52468217246603	0.541450953371581
-0.359435145573547	0.103170722743079
1.95731570776637	0.441000340195791
-1.79839614394125	0.382877807711208
1.44839669376933	0.477459847846965
2.75520320904554	0.763197913000704
0.948337549654709	0.248516516252871
2.75580772001712	0.763760469153332
-0.743029498323094	0.253754321369633
0.494775566377322	0.312978956603146
-0.80598974352952	0.439880235680511
-0.810721759237556	0.443793126322029
1.25368012065866	0.678376263809774
-1.18341374103987	0.659766839734254
1.31183590793173	0.562694726030807
-0.631994988626399	0.152498044571477
1.95731570776637	0.441000340195791
-2.57963910438406	0.659061212358043
-0.746129763239495	0.254909548180685
2.75868832531345	0.765017792149168
-0.738670030097319	0.252119567169358
-1.04021595924619	0.409215240728406
1.02363521199244	0.381873400117373
-0.355104953248248	0.101967480674674
-0.352620864579995	0.101250485836996
-1.83597776269255	0.742763952258261
0.947770742439721	0.248281535275256
-0.738079783119958	0.251987608125061
1.81294103662311	0.70256079058948
-0.539569636046331	0.202819044138208
-2.12082295578614	2.37214021705567
-0.326701435000739	0.150635968932603
-0.113885349209877	0.0453302765915032
-1.18704413254154	0.663664415608866
-1.03964164372292	0.408955449510983
1.55620078746038	0.756212440653057
0.147259813410519	0.0432007445014279
0.660638687988492	0.207526442563452
1.04515557784367	0.495950978123491
1.02651128578825	0.383050193875148
-0.115768194406184	0.0460582108717829
1.09369241184334	0.828667873653025
1.55450950666522	0.755013474046303
0.344126950121064	0.171727147484912
-0.237212899766669	0.0763212805777045
-1.04852212437679	0.413094498854646
-0.236865950236819	0.0762080730306188
-0.112916791721712	0.0449736645243832
-0.117957085717499	0.0469570963557836
-2.08582299585273	0.941618760271733
-1.48769839688539	1.03985634697011
-0.539089600210505	0.202542124367007
-1.04699599964233	0.412236522767609
0.140856221308987	0.0414153093198016
-0.164744037178764	0.059028259963585
-1.04813892068855	0.412775744631749
-3.08912772662777	0.951015235110598
-0.743595444723557	0.253966184771903
-1.14111344283696	0.344497381350969
0.513516136888496	0.181178716343693
-0.628164901903538	0.15157555358925
-1.79839614394125	0.382877807711208
-3.08229418357021	0.947231644170671
0.948337549654709	0.248516516252871
-0.35569023027487	0.10209347470967
0.950287720870208	0.248999740475732
-0.628733247343677	0.151688343674084
-0.631994988626399	0.152498044571477
-0.241194698180716	0.0775963201393135
3.63694507499105	1.42148992135626
3.26569824690609	1.10327543173781
-1.79840965860499	0.382877827643389
0.154465593370314	0.0289479903375428
-1.79840965860499	0.382877827643389
-1.79840965860499	0.382877827643389
0.156661115950913	0.0392800358899383
0.162590253502546	0.0405994312489443
-1.1414839653338	0.344622990730584
-1.79840965860499	0.382877827643389
-0.738748567012076	0.252134640052989
0.947635845528227	0.248244973505163
-2.5766529574574	0.657773148602288
1.81294103662311	0.70256079058948
1.95731570776637	0.441000340195791
-1.79839614394125	0.382877807711208
1.60070982683077	1.1050727450212
0.344814357962911	0.172223529033892
-0.500172562138292	0.263811591640721
0.137777354037229	0.0456973820976041
-0.665989782761482	0.398373419478767
1.02709860167831	0.383182847467804
1.44922258720914	0.477763268309402
-1.52585303078124	0.541962051097293
1.95731570776637	0.441000340195791
-0.540486497816113	0.203240784979243
-0.172107354750232	0.0616237994837963
-0.236295434458238	0.0760318807121589
1.95731570776637	0.441000340195791
0.130252043796619	0.0490662084514869
-0.539661343528338	0.202765677037844
0.661225548064972	0.20772290984652
-1.52497036065527	0.541612586959632
0.948337549654709	0.248516516252871
0.948768757521975	0.248549269795159
-0.354815349846941	0.101888689175609
1.81545080408239	0.703738180326379
-0.172107354750232	0.0616237994837963
-0.0766159341233539	0.0337214575869702
0.664328029497388	0.305200122284035
-1.83105982818556	0.740099638711398
-1.0001037668499	0.493752779623566
-0.739220696441847	0.252380570526188
-0.359432307228107	0.103134774665835
0.146332921310034	0.0429416898033695
-0.360018151462565	0.103295990712749
0.669887108825485	0.308252439258341
1.5520922495992	0.753268069075162
-0.788962872631865	0.342076545446221
-0.789306862497791	0.342262742988917
1.75815352113832	0.962056246094218
0.134796989185734	0.044763826715822
-0.11200921005411	0.0446314990173143
1.02363521199244	0.381873400117373
-0.0797916892333918	0.0351191648752677
-0.415183675733752	0.172968540362155
0.135013832711232	0.0448286361779132
-0.170856035041343	0.0611834573692003
-0.536101171148354	0.201337796547223
-0.738670030097319	0.252119567169358
-0.789083391693148	0.34215026874497
0.139684630056245	0.0411185419267414
-0.355401168227563	0.102014834884787
-1.83537736671358	0.742411015726266
-0.172669104556229	0.0618131682393964
-0.539312347732804	0.202625351504848
-1.79839614394125	0.382877807711208
-2.5766529574574	0.657773148602288
1.45331304696192	0.47899741335022
1.44725524543057	0.476951096350534
-1.79839614394125	0.382877807711208
-0.628164901903538	0.15157555358925
1.95786695174359	0.441149378722158
2.75580772001712	0.763760469153332
2.75580772001712	0.763760469153332
3.26569824690609	1.10327543173781
0.948768757521975	0.248549269795159
-3.08203048704882	0.947509650360219
-3.08216231491203	0.947551973079846
2.33807558295589	1.14590125490883
1.95786695174359	0.441149378722158
0.154311934860129	0.0289593414864238
0.155067569950451	0.0290355764553768
0.155067569950451	0.0290355764553768
1.95786695174359	0.441149378722158
-0.35569023027487	0.10209347470967
-1.52556530925699	0.541887546993991
-0.364075191310441	0.104431351921358
-0.790512071534418	0.343028422954392
-1.79839614394125	0.382877807711208
-0.628164901903538	0.15157555358925
0.144138136643148	0.0423508720464565
-0.354229439997714	0.101697261087168
-1.69308113767767	0.953810874976096
-0.632563406792844	0.152610991116788
-1.14536534536015	0.34589005605433
0.159992352718576	0.0400538861334557
-0.628164901903538	0.15157555358925
0.154465593370314	0.0289479903375428
0.155067569950451	0.0290355764553768
-3.45945095257726	1.22747869975084
0.54381936385147	0.454622765643347
0.131588254721678	0.0495753524376327
-0.172452668801544	0.0617304368190577
-0.412594451513588	0.171856355506214
1.02304894811125	0.381607715308403
-0.41298115052448	0.17191440264776
1.95988292961267	0.441702177751728
-0.629763239673253	0.152058330338803
1.31451987093813	0.564351638075811
1.81264504950119	0.702404900566408
-0.355104953248248	0.101967480674674
0.147259813410519	0.0432007445014279
-0.74269218165825	0.253631177667885
0.162357836679133	0.0405597098553547
0.129007902031019	0.0486060931750835
0.146332921310034	0.0429416898033695
0.659324643575319	0.207123110468657
2.75868832531345	0.765017792149168
1.44862736407577	0.477555630338169
-0.735201728577998	0.25087231236032
-1.52304226528151	0.540703452519057
0.134765789361054	0.0647243560732313
-4.42028068664857	2.2194455720997
0.654989426637948	0.205620898952272
-0.328333524168311	0.151722211641642
0.659616568882323	0.207151031447049
-1.04313192494267	0.410517747694466
0.805116244112889	0.331471066458395
0.507978169027623	0.178996238801615
-0.63185471444008	0.152466960619287
1.0501057205628	0.499015259455476
0.15144823932183	0.0285426379557898
-0.171762117804328	0.0615057733921786
0.132164012775708	0.0439252834614193
-0.237559934502149	0.0764246711906185
-0.53874057789979	0.202401825815006
1.38431190069449	1.06815032222376
-0.535972986453295	0.201305640312495
0.126016999697019	0.0475222354259138
-0.121083321791546	0.0481564628616814
-0.245541128473275	0.0789739237518624
0.15485549240506	0.0388278030369361
0.144976980831471	0.0425943260188831
0.154509067766894	0.0289541162362231
-3.45945095257726	1.22747869975084
-0.258720715938974	0.13091523211758
-0.241194698180716	0.0775963201393135
0.885714305553056	0.470010838162637
1.75815352113832	0.962056246094218
-0.628867026021838	0.151670609188118
0.512103476504473	0.180655514559587
-0.793429875895682	0.344404192761186
-1.83165926032039	0.740451579277532
0.155067569950451	0.0290355764553768
-3.08203048704882	0.947509650360219
2.75580772001712	0.763760469153332
-0.628733247343677	0.151688343674084
-1.14111344283696	0.344497381350969
0.947770742439721	0.248281535275256
1.45174463580423	0.478561109172125
0.947635845528227	0.248244973505163
-1.79840965860499	0.382877827643389
-2.57968420714322	0.659073447553718
-3.08203048704882	0.947509650360219
0.154465593370314	0.0289479903375428
1.95731570776637	0.441000340195791
1.95988292961267	0.441702177751728
0.154509067766894	0.0289541162362231
-2.57660997484294	0.657538252319339
0.157325350109871	0.02936446462458
3.6326714041979	1.41965046916025
-0.355104953248248	0.101967480674674
-1.14088544605048	0.344426431780091
-0.628164901903538	0.15157555358925
-3.46322465260564	1.22963503158779
1.95786695174359	0.441149378722158
-1.14111344283696	0.344497381350969
1.95786695174359	0.441149378722158
0.15963091503218	0.0399802605532864
1.31183590793173	0.562694726030807
-0.113940536103998	0.0453592768616862
-0.354815349846941	0.101888689175609
-3.76471792016279	1.48446146627735
-1.79839614394125	0.382877807711208
-1.04488326260696	0.411431568917432
-2.57968420714322	0.659073447553718
0.162125356869158	0.0404960611383205
0.155111385030128	0.0290417527313876
0.160221796316651	0.0401166927693931
-1.79839614394125	0.382877807711208
1.95731570776637	0.441000340195791
-1.79840965860499	0.382877827643389
-1.79839614394125	0.382877807711208
-0.682818254572817	0.483530000036108
0.804765006705712	0.331183851246171
0.126806512303075	0.0477831384978955
-0.788172601637339	0.341595524377101
-1.52275201069355	0.540627902821117
-0.736131442714986	0.251191396874175
0.154465593370314	0.0289479903375428
0.157370411029726	0.0293708256249034
0.134446827346684	0.044648821058174
-1.13872731243543	0.343741383764358
1.81604086904786	0.704001590638153
-3.45967591146264	1.22746502283364
-0.628867026021838	0.151670609188118
-1.14583039258107	0.346039770541419
1.95731570776637	0.441000340195791
-0.542900106811953	0.204176406519794
-0.354815349846941	0.101888689175609
0.160221796316651	0.0401166927693931
-0.628867026021838	0.151670609188118
0.160221796316651	0.0401166927693931
-1.52525862148376	0.541687313963439
0.121842056862296	0.0459941817060834
0.804551193439478	0.331168980919484
0.156304884454214	0.0392194704826931
1.76046014220399	0.964372176205742
1.95786695174359	0.441149378722158
-1.14193838802885	0.344646219015582
1.95786695174359	0.441149378722158
-0.354229439997714	0.101697261087168
0.130626533328143	0.0434288699946859
2.75807933893485	0.764710363024488
-0.536892625271128	0.201634766838871
-0.0735206547637866	0.0324052467946301
1.01810403870788	0.379203855378532
-0.538391637447097	0.202241097472968
-1.86003491303789	1.16707179530496
-0.539312347732804	0.202625351504848
-0.511642225527972	0.270501742748226
-1.18618496921206	0.662452990855805
-1.50947479439886	0.760140817990627
0.160221796316651	0.0401166927693931
-0.326229482656395	0.150637495104887
-1.52304226528151	0.540703452519057
0.427308827697831	0.168575943832829
-2.65132620746044	1.61503011481363
0.159402290839324	0.0399177124259514
-1.79839614394125	0.382877807711208
0.950998501270056	0.249196467275389
1.31331884073887	0.56363424296824
-0.168443906364487	0.0602979483615774
-0.234090861009704	0.0753429614422092
0.156070095129669	0.0391676647119387
-1.00328617466883	0.495938980978668
0.154509067766894	0.0289541162362231
0.162952579336367	0.0406858836130456
-1.79839614394125	0.382877807711208
-0.628733247343677	0.151688343674084
0.155067569950451	0.0290355764553768
0.653826927429073	0.205337088996143
-1.52246182960607	0.540465661800635
-1.79840965860499	0.382877827643389
-0.628164901903538	0.15157555358925
1.44725524543057	0.476951096350534
0.154509067766894	0.0289541162362231
-1.79840965860499	0.382877827643389
-1.79840965860499	0.382877827643389
0.157325350109871	0.02936446462458
-0.359141638818634	0.103112871302961
-1.79839614394125	0.382877807711208
1.76115464897912	0.964950415738371
0.947635845528227	0.248244973505163
0.155067569950451	0.0290355764553768
0.154509067766894	0.0289541162362231
1.95786695174359	0.441149378722158
-1.80123754984197	0.383647112861273
-0.355104953248248	0.101967480674674
-1.04056236968378	0.409373067940558
0.50755078071475	0.178917899343599
-4.41569932182186	2.2153935768134
-3.08189869996978	0.9470994296719
-1.14111344283696	0.344497381350969
1.95731570776637	0.441000340195791
1.95731570776637	0.441000340195791
2.75520320904554	0.763197913000704
-2.57660997484294	0.657538252319339
1.0238833519431	0.381787644807647
-0.628164901903538	0.15157555358925
1.81441103810189	0.702928228145098
-0.507146815715724	0.268090757020662
-0.419032999305864	0.174774111736774
-0.742101285286405	0.253499136601578
-1.5292536270854	0.543488048058857
-0.628599509856641	0.151612619227975
-3.08203048704882	0.947509650360219
-0.36349392970535	0.104306676026293
-3.45900121533902	1.22669642729201
0.159402290839324	0.0399177124259514
2.75520320904554	0.763197913000704
-0.632424041671007	0.152580102364835
0.15963091503218	0.0399802605532864
-2.08495289661111	0.941010945670462
0.950287720870208	0.248999740475732
-0.628599509856641	0.151612619227975
0.144054213480702	0.0423469198905259
-0.359141638818634	0.103112871302961
0.132732885510209	0.0441080605497273
0.511535984561553	0.180463547184556
-0.736131442714986	0.251191396874175
0.127300641662698	0.042364990085096
-0.35569023027487	0.10209347470967
-0.359725191866461	0.103238313016327
-0.36377836325993	0.104348730459055
1.81294103662311	0.70256079058948
-1.14088544605048	0.344426431780091
2.09995861282333	0.923872580873855
-0.354815349846941	0.101888689175609
-0.540010421209968	0.202885751343567
0.144389940892798	0.0424393237157952
0.421270140467149	0.166129444830307
-1.83165926032039	0.740451579277532
-1.13895833229548	0.343813220888229
-0.735795036496609	0.251087692088149
-0.632563406792844	0.152610991116788
0.146584487246171	0.0430023159110844
0.41815349626362	0.164826694198742
1.25357639446184	0.679092116889119
1.54885026895287	0.751200888851459
1.44839669376933	0.477459847846965
0.160221796316651	0.0401166927693931
-0.415116620386652	0.172916119993669
0.156070095129669	0.0391676647119387
0.154509067766894	0.0289541162362231
-3.08556356757563	0.949512459473102
-1.79840965860499	0.382877827643389
-1.52984634403446	0.54376252749597
0.155111385030128	0.0290417527313876
1.8135291528185	0.702758164322864
-1.79839614394125	0.382877807711208
1.95731570776637	0.441000340195791
0.157370411029726	0.0293708256249034
1.95731570776637	0.441000340195791
-1.79840965860499	0.382877827643389
2.75868832531345	0.765017792149168
0.155111385030128	0.0290417527313876
2.1031177894695	0.925795147014246
0.947770742439721	0.248281535275256
0.156304884454214	0.0392194704826931
2.75580772001712	0.763760469153332
-1.79839614394125	0.382877807711208
-1.79840965860499	0.382877827643389
-1.79839614394125	0.382877807711208
-1.79840965860499	0.382877827643389
-0.735538279411364	0.250976055861043
-3.08189869996978	0.9470994296719
0.15144823932183	0.0285426379557898
-1.14111344283696	0.344497381350969
-1.1406575104342	0.344234513147494
-0.328833852296794	0.151818069855998
1.08549768852112	0.819688908910102
-0.171201121492568	0.0613083374431992
0.160813493636874	0.0402291855562724
-0.74243876954869	0.25362235352836
-2.57963910438406	0.659061212358043
-2.57669595250488	0.657559862268914
-1.04090886464526	0.409486451709067
-0.237783836658627	0.0764730781037413
-0.241194698180716	0.0775963201393135
0.160221796316651	0.0401166927693931
-0.236989724567202	0.0762485047293907
-0.167535179530461	0.0599846998526839
-2.12988139308064	1.6357310980179
-0.746808236911364	0.255160904419701
-0.237212899766669	0.0763212805777045
-0.737154567775087	0.251538686589487
-0.628030265547787	0.151499678636842
-0.355104953248248	0.101967480674674
-0.627920734859053	0.301050564774921
-4.01624972536839	1.72772773472485
-0.35569023027487	0.10209347470967
-0.359435145573547	0.103170722743079
-0.63185471444008	0.152466960619287
0.950287720870208	0.248999740475732
-0.539661343528338	0.202765677037844
-1.52525862148376	0.541687313963439
0.805329377718584	0.331441349253762
0.154311934860129	0.0289593414864238
0.511755072041239	0.180523302881905
1.44958631087756	0.477702557005987
1.44839669376933	0.477459847846965
0.154509067766894	0.0289541162362231
-1.79840965860499	0.382877827643389
-1.14499995487719	0.345855392571373
-0.628867026021838	0.151670609188118
-3.45922605387697	1.22727228815634
-0.352915395102444	0.101358152963712
1.45391440811699	0.479230213237448
1.95786695174359	0.441149378722158
0.163185820804974	0.0407257646525502
0.154509067766894	0.0289541162362231
-0.628164901903538	0.15157555358925
-2.57968420714322	0.659073447553718
2.75641316563256	0.763778311858285
-0.62621301873586	0.15115097520137
-1.79839614394125	0.382877807711208
3.26345542626113	1.10199860979414
-0.628733247343677	0.151688343674084
2.75580772001712	0.763760469153332
-2.5766529574574	0.657773148602288
-0.414782492097238	0.172745595379558
1.95731570776637	0.441000340195791
-0.628733247343677	0.151688343674084
-0.62621301873586	0.15115097520137
1.95988292961267	0.441702177751728
0.154465593370314	0.0289479903375428
-0.63185471444008	0.152466960619287
0.162590253502546	0.0405994312489443
-0.62621301873586	0.15115097520137
-0.625937070321993	0.151091209012893
-1.79839614394125	0.382877807711208
0.16652778493625	0.102387734362013
1.04690378710311	0.497343192229306
0.139542963985349	0.0669682425041542
-1.00268322210563	0.49559648528799
-0.738414128880846	0.252090639638632
0.948337549654709	0.248516516252871
0.152316553683952	0.0807867116263008
-0.0775335080082925	0.0341172758140013
-0.23522957281847	0.0756912588669357
-0.538169446885037	0.20211193569765
0.424611273738373	0.167583555175302
-1.79839614394125	0.382877807711208
0.140361834634309	0.0413037326992959
0.132382889280095	0.0439989008298304
-0.786629190605387	0.340991155673526
-0.233964530152622	0.0753172914260115
1.44958631087756	0.477702557005987
-1.14088544605048	0.344426431780091
0.801922158295548	0.329828855715043
0.94820175004088	0.248479682375772
0.144976980831471	0.0425943260188831
-1.79839614394125	0.382877807711208
-0.628733247343677	0.151688343674084
-1.14974325164212	0.347335128550777
-3.08216231491203	0.947551973079846
0.948337549654709	0.248516516252871
0.947770742439721	0.248281535275256
-3.08189869996978	0.9470994296719
0.94820175004088	0.248479682375772
-4.22615919364595	1.9643368190771
-0.628164901903538	0.15157555358925
0.155111385030128	0.0290417527313876
0.155067569950451	0.0290355764553768
-3.08203048704882	0.947509650360219
2.75807933893485	0.764710363024488
-0.355104953248248	0.101967480674674
1.95731570776637	0.441000340195791
0.154465593370314	0.0289479903375428
1.44981862951738	0.477799018830262
-1.79839614394125	0.382877807711208
0.15144823932183	0.0285426379557898
-0.739003822726622	0.252222384495429
-3.08203048704882	0.947509650360219
2.75641316563256	0.763778311858285
-2.5766529574574	0.657773148602288
0.948905461162112	0.248586345985544
2.75580772001712	0.763760469153332
0.159402290839324	0.0399177124259514
-1.29318528584883	0.57616602568844
-0.628164901903538	0.15157555358925
-0.355394630173918	0.102015543768339
-0.628030265547787	0.151499678636842
1.95786695174359	0.441149378722158
0.155067569950451	0.0290355764553768
0.155067569950451	0.0290355764553768
-0.467138954089958	0.313148400427733
-0.25631804715075	0.129464639348789
-0.790293055908666	0.343033629214228
-1.13872731243543	0.343741383764358
-0.328833852296794	0.151818069855998
-0.421072366359481	0.175748366073623
-0.628164901903538	0.15157555358925
-1.79839614394125	0.382877807711208
-2.57660997484294	0.657538252319339
0.163185820804974	0.0407257646525502
-0.735538279411364	0.250976055861043
1.23251776782743	0.846658033240361
-0.328211744919502	0.151520768197504
-1.29860074136172	0.5797920330012
-0.972402158291794	0.601070891038834
-1.52363491656956	0.769765231657768
-0.415450817577452	0.173071801779126
-0.322547079957888	0.148706106595297
-3.45945095257726	1.22747869975084
-0.356071393990223	0.102241794383879
1.02422162940792	0.382079227006262
0.661517102334111	0.207824976675168
-0.78537681039936	0.340290544519683
-0.354815349846941	0.101888689175609
0.425281606664403	0.167780963846818
-1.69694783625764	0.956763598468156
-0.234534484549801	0.0754746413023498
0.143817020419273	0.042209488638599
-0.628733247343677	0.151688343674084
-1.79840965860499	0.382877827643389
0.154509067766894	0.0289541162362231
0.162719274583833	0.0406219991153643
0.947770742439721	0.248281535275256
0.154509067766894	0.0289541162362231
0.512321829500026	0.180674048803135
-2.5766529574574	0.657773148602288
0.155067569950451	0.0290355764553768
0.950426851449918	0.249037516760643
0.162590253502546	0.0405994312489443
-0.628299579656606	0.151558046801791
0.144976980831471	0.0425943260188831
0.154509067766894	0.0289541162362231
0.947770742439721	0.248281535275256
-0.628599509856641	0.151612619227975
1.95786695174359	0.441149378722158
2.76097686654259	0.765783986906631
1.44725524543057	0.476951096350534
-0.628164901903538	0.15157555358925
1.95731570776637	0.441000340195791
0.94820175004088	0.248479682375772
0.157325350109871	0.02936446462458
0.154465593370314	0.0289479903375428
0.154311934860129	0.0289593414864238
0.154465593370314	0.0289479903375428
0.160221796316651	0.0401166927693931
0.156070095129669	0.0391676647119387
0.154509067766894	0.0289541162362231
-0.632563406792844	0.152610991116788
-1.04278630064219	0.410314973185565
0.156070095129669	0.0391676647119387
-1.04630043534404	0.412061137796638
-1.1414839653338	0.344622990730584
0.154465593370314	0.0289479903375428
0.950287720870208	0.248999740475732
-2.5766529574574	0.657773148602288
0.12766278679512	0.0481491979841494
0.1283743793892	0.054720523384562
-3.08216231491203	0.947551973079846
-2.57660997484294	0.657538252319339
-2.57669595250488	0.657559862268914
-0.417431426130247	0.174014069700138
-1.29538171494723	0.577437227146469
1.31543636736156	0.564668618767136
-1.50771865123221	0.758301194323698
-0.629431682359457	0.30199828622077
-0.236642536873473	0.0761450888689269
1.01810403870788	0.379203855378532
-0.621364549348226	0.297314514339653
-1.70045193992328	0.959389000268318
-1.52304226528151	0.540703452519057
-0.17577753011317	0.0629386368387672
-3.76108876538849	1.48211039032061
0.15144823932183	0.0285426379557898
0.425711946160757	0.16789021565377
-0.240846100521927	0.0774684702165293
0.156304884454214	0.0392194704826931
-1.79839614394125	0.382877807711208
-0.352036490485324	0.101122204058746
-2.57963910438406	0.659061212358043
-1.79840965860499	0.382877827643389
0.16045117802105	0.0401558290866076
-0.628733247343677	0.151688343674084
0.16045117802105	0.0401558290866076
-2.5766529574574	0.657773148602288
-0.62621301873586	0.15115097520137
-1.52556530925699	0.541887546993991
-3.08229418357021	0.947231644170671
0.154509067766894	0.0289541162362231
0.154311934860129	0.0289593414864238
0.155111385030128	0.0290417527313876
-1.79839614394125	0.382877807711208
-0.628030265547787	0.151499678636842
-1.79839614394125	0.382877807711208
2.75580772001712	0.763760469153332
1.95786695174359	0.441149378722158
-1.80123754984197	0.383647112861273
1.95731570776637	0.441000340195791
0.948337549654709	0.248516516252871
-1.14171114622793	0.344693702322242
-0.352036490485324	0.101122204058746
-0.628164901903538	0.15157555358925
0.154509067766894	0.0289541162362231
-3.08542618523242	0.949198094742557
-0.628164901903538	0.15157555358925
0.123626725166388	0.0466183439460429
-0.539312347732804	0.202625351504848
-0.735795036496609	0.251087692088149
-1.79840965860499	0.382877827643389
-1.1414839653338	0.344622990730584
-0.235054063894512	0.0756562770409618
-0.167973568861706	0.0601248969281319
-0.628030265547787	0.151499678636842
-3.08229418357021	0.947231644170671
-2.0829306948437	0.93952458006008
0.127740324846529	0.0481396538224244
0.137975327840755	0.066270081040515
0.32145434676966	0.177894218111029
0.658448437247608	0.206865271021461
1.95731570776637	0.441000340195791
-1.80123754984197	0.383647112861273
-1.29376133697956	0.576703831793288
-0.787538911753505	0.34128930081221
-0.788962872631865	0.342076545446221
-2.30111302804183	1.14793362916327
-0.739003822726622	0.252222384495429
-3.46322465260564	1.22963503158779
0.13125430574639	0.0494561793802337
0.585509213576081	0.302002922696166
-1.10540570968352	0.760612620171078
0.798535307893646	0.328254107247198
-0.11854795863833	0.0471817731309927
0.669552643528324	0.308070987336909
-1.52556530925699	0.541887546993991
-1.29202801510717	0.575756748795778
-0.416052480704823	0.173271999112426
-1.52275201069355	0.540627902821117
2.10225336027739	1.43701662598727
1.44899109330448	0.477667123734845
0.658157600688591	0.206837664845118
-1.04687191417195	0.412486748895758
-0.544038098124227	0.204549461860792
-0.738670030097319	0.252119567169358
-1.14088544605048	0.344426431780091
-0.632563406792844	0.152610991116788
0.162590253502546	0.0405994312489443
-3.45945095257726	1.22747869975084
1.81323362267005	0.702723165703649
-3.08556356757563	0.949512459473102
-1.52275201069355	0.540627902821117
0.158441687834525	0.0396618099099809
0.155111385030128	0.0290417527313876
-3.08216231491203	0.947551973079846
-2.57660997484294	0.657538252319339
-1.80123754984197	0.383647112861273
0.155111385030128	0.0290417527313876
0.154509067766894	0.0289541162362231
-1.79840965860499	0.382877827643389
-1.79839614394125	0.382877807711208
0.154509067766894	0.0289541162362231
-2.5766529574574	0.657773148602288
0.154509067766894	0.0289541162362231
0.157370411029726	0.0293708256249034
0.155111385030128	0.0290417527313876
-0.355104953248248	0.101967480674674
-1.14523333483643	0.345843348749308
-1.1414839653338	0.344622990730584
0.154465593370314	0.0289479903375428
-1.79840965860499	0.382877827643389
-1.79840965860499	0.382877827643389
-2.57968420714322	0.659073447553718
0.154465593370314	0.0289479903375428
1.95731570776637	0.441000340195791
-1.00625245172633	0.497936953119527
-1.29847664104935	0.579413585561218
0.428844518886435	0.169326646561233
-1.2948051112795	0.577362423726676
-2.5766529574574	0.657773148602288
-0.412193448344764	0.171596426506329
0.531174056748171	0.305985288511311
-0.235577245215042	0.0757788911156959
-0.117929588660045	0.0468818487534914
-0.236642536873473	0.0761450888689269
-0.628733247343677	0.151688343674084
0.160221796316651	0.0401166927693931
-4.0152478191119	1.72707941673336
-3.46345495606107	1.22933734600421
0.154465593370314	0.0289479903375428
-0.234312185154952	0.0754304879292539
-3.08542618523242	0.949198094742557
-0.628164901903538	0.15157555358925
-0.744181789627878	0.254179651745662
1.0239728358881	0.381885834911352
-0.238477685762541	0.0766637276789288
-0.969665311823208	0.599063433855573
1.44862736407577	0.477555630338169
0.657864503304789	0.206616146564203
-0.999500154963618	0.493213675971716
0.124391130548139	0.0414392550449754
-0.538391637447097	0.202241097472968
-0.354815349846941	0.101888689175609
0.947635845528227	0.248244973505163
-2.5766529574574	0.657773148602288
-0.742101285286405	0.253499136601578
-0.738748567012076	0.252134640052989
-0.628299579656606	0.151558046801791
-1.79840965860499	0.382877827643389
0.15547989361324	0.039031965106125
-0.742101285286405	0.253499136601578
-0.628599509856641	0.151612619227975
1.95786695174359	0.441149378722158
1.95786695174359	0.441149378722158
-0.737745529684395	0.251848226779474
0.156070095129669	0.0391676647119387
0.658741078701816	0.207014004441108
2.75807933893485	0.764710363024488
1.95731570776637	0.441000340195791
-1.79840965860499	0.382877827643389
-2.57963910438406	0.659061212358043
-1.79840965860499	0.382877827643389
-0.628733247343677	0.151688343674084
2.75520320904554	0.763197913000704
0.155067569950451	0.0290355764553768
0.154465593370314	0.0289479903375428
-1.79839614394125	0.382877807711208
0.160813493636874	0.0402291855562724
-0.63185471444008	0.152466960619287
0.154509067766894	0.0289541162362231
0.161043695584893	0.0402684742968713
-1.8327219769474	0.740987434117012
-1.79839614394125	0.382877807711208
-1.51318979569184	0.762352086460052
-1.53385767192304	0.545384911398725
-1.79840965860499	0.382877827643389
-0.738079783119958	0.251987608125061
-2.09409747001161	0.946526700873001
-0.789650928512862	0.342421974551524
0.135930401959736	0.045112999214881
0.654408135649179	0.205512311863459
-0.241194698180716	0.0775963201393135
-1.1412568453231	0.344431220445032
-2.08529767867884	0.94108469631813
-3.08203048704882	0.947509650360219
0.15144823932183	0.0285426379557898
0.159992352718576	0.0400538861334557
-0.359141638818634	0.103112871302961
0.520769391686398	0.452699680371842
0.673482458034147	0.310019955946795
0.805680641996882	0.331728723334835
-0.0354331442143756	0.0169902597992451
0.343718766977058	0.17180680807435
0.34076688873539	0.169817609665638
0.658448437247608	0.206865271021461
0.139097983949456	0.0409512881184992
1.04634616178494	0.496931093386432
-1.14171114622793	0.344693702322242
-1.29860074136172	0.5797920330012
-3.45922605387697	1.22727228815634
0.661517102334111	0.207824976675168
-1.52614082474697	0.541895090059418
0.420710921124661	0.165871172191323
0.16045117802105	0.0401558290866076
-0.739337707457692	0.252266162743882
-0.166668167322061	0.0597347128910005
0.374402254410437	0.165957266705863
0.144640697621443	0.0425017414545061
-3.76108876538849	1.48211039032061
0.671166583876549	0.308670070263109
-0.739003822726622	0.252222384495429
-0.113940536103998	0.0453592768616862
-1.29860074136172	0.5797920330012
-2.57968420714322	0.659073447553718
0.155111385030128	0.0290417527313876
0.94820175004088	0.248479682375772
-0.628867026021838	0.151670609188118
0.160813493636874	0.0402291855562724
-3.76500715654354	1.48473725010782
-1.79840965860499	0.382877827643389
-1.80123754984197	0.383647112861273
0.15144823932183	0.0285426379557898
-2.57669595250488	0.657559862268914
1.95786695174359	0.441149378722158
0.155111385030128	0.0290417527313876
-1.79840965860499	0.382877827643389
-0.628030265547787	0.151499678636842
-2.57669595250488	0.657559862268914
-1.79839614394125	0.382877807711208
0.155067569950451	0.0290355764553768
-0.628164901903538	0.15157555358925
-0.63185471444008	0.152466960619287
-3.45967591146264	1.22746502283364
0.42682030423095	0.168391760294474
0.944504519928106	0.247598335656165
-1.04347763338354	0.410675434748757
-1.83564160885514	0.742645090374466
-1.04488326260696	0.411431568917432
-0.235948417281415	0.0759021467201397
-0.359141638818634	0.103112871302961
0.658448437247608	0.206865271021461
0.156896734628332	0.0393320207188234
0.156070095129669	0.0391676647119387
-1.79839614394125	0.382877807711208
-2.57660997484294	0.657538252319339
-1.52497036065527	0.541612586959632
-0.539312347732804	0.202625351504848
-0.632424041671007	0.152580102364835
0.160221796316651	0.0401166927693931
-0.358848207258787	0.103009197892419
2.75580772001712	0.763760469153332
3.26284822825054	1.10169382604423
-0.635712548659237	0.153374459528297
0.160221796316651	0.0401166927693931
-0.115110612138407	0.045844206374042
0.132732885510209	0.0441080605497273
-2.29796697128273	1.14602149739505
-0.35569023027487	0.10209347470967
0.131944361264887	0.0438321696149265
0.948337549654709	0.248516516252871
-1.79839614394125	0.382877807711208
0.155067569950451	0.0290355764553768
0.162357836679133	0.0405597098553547
3.63500627246108	1.42050433165602
0.947770742439721	0.248281535275256
-0.169573605704574	0.0606638826665737
-1.1414839653338	0.344622990730584
-0.807997368719043	0.441651304111933
-0.536892625271128	0.201634766838871
0.156070095129669	0.0391676647119387
0.948905461162112	0.248586345985544
0.420923941760099	0.16593978696762
0.130221292046546	0.0555517354093256
0.658741078701816	0.207014004441108
1.02190239796348	0.380920127363489
1.54680777141452	0.74936933408606
-1.14111344283696	0.344497381350969
-3.45945095257726	1.22747869975084
-0.234534484549801	0.0754746413023498
-1.04418706517305	0.411112263748397
-0.790856126479565	0.343201648006092
-0.628164901903538	0.15157555358925
-1.79840965860499	0.382877827643389
-1.79839614394125	0.382877807711208
-1.14559783756009	0.346052129596875
-1.79839614394125	0.382877807711208
2.75580772001712	0.763760469153332
1.95786695174359	0.441149378722158
-0.628299579656606	0.151558046801791
0.947635845528227	0.248244973505163
1.44509906384746	0.476148552116978
-0.628599509856641	0.151612619227975
-1.79839614394125	0.382877807711208
-1.79840965860499	0.382877827643389
-0.628867026021838	0.151670609188118
1.95731570776637	0.441000340195791
0.155067569950451	0.0290355764553768
-2.5766529574574	0.657773148602288
-2.5766529574574	0.657773148602288
0.155111385030128	0.0290417527313876
-1.79840965860499	0.382877827643389
0.155111385030128	0.0290417527313876
-0.628164901903538	0.15157555358925
0.131113855393916	0.043577918433868
-2.57968420714322	0.659073447553718
-1.79840965860499	0.382877827643389
-1.52556530925699	0.541887546993991
2.75580772001712	0.763760469153332
0.155111385030128	0.0290417527313876
1.81545080408239	0.703738180326379
-0.235725494787964	0.0758333105755394
0.156896734628332	0.0393320207188234
-1.52527766014307	0.541726073904961
-1.52246182960607	0.540465661800635
3.92452877652187	1.70087632208659
-0.536322009305803	0.201466150653051
0.654703443030561	0.205608890273211
-1.1412568453231	0.344431220445032
-1.14260761039773	0.345006924269412
-1.04290235412753	0.410559570501728
-3.45967591146264	1.22746502283364
0.947770742439721	0.248281535275256
0.161043695584893	0.0402684742968713
0.162719274583833	0.0406219991153643
-3.46322465260564	1.22963503158779
0.160161145484647	0.0921241916884295
0.140783643747874	0.0675835149436117
-0.0445285117474655	0.0212234532327812
0.47151861555004	0.321524381684788
0.608174310692204	0.46109476004855
1.04334303236484	0.494914028912666
0.154465593370314	0.0289479903375428
2.3392177093588	1.14668438820198
0.658741078701816	0.207014004441108
0.162590253502546	0.0405994312489443
-0.797185448531253	0.346320131102832
-1.00109114438115	0.494830108494711
-3.76529646610535	1.48477662035046
-0.0773820044668893	0.0340746300882354
-1.04255649350425	0.410401789740815
0.154465593370314	0.0289479903375428
-1.6937087705413	0.953388496658937
-1.52926336424741	0.543358625626883
-0.684256185559837	0.483578655686567
-2.655232083328	1.62127102438249
-1.61899616973576	1.2542868752015
0.805893093496788	0.331627872991141
-0.415181751888503	0.173101618298361
-0.354519585455166	0.101776151388844
-2.57963910438406	0.659061212358043
-1.18678285032494	0.662835235719457
-1.04290235412753	0.410559570501728
-1.1414839653338	0.344622990730584
-0.355401168227563	0.102014834884787
2.75868832531345	0.765017792149168
2.75520320904554	0.763197913000704
-0.354525819937872	0.101778275735803
-2.5766529574574	0.657773148602288
1.45355066214954	0.47909620382923
-1.52955481711501	0.543641482939636
-1.79839614394125	0.382877807711208
-1.79840965860499	0.382877827643389
0.154509067766894	0.0289541162362231
-2.57660997484294	0.657538252319339
0.154509067766894	0.0289541162362231
-1.79839614394125	0.382877807711208
2.75868832531345	0.765017792149168
-1.79840965860499	0.382877827643389
0.154509067766894	0.0289541162362231
-2.57669595250488	0.657559862268914
2.75868832531345	0.765017792149168
-1.13895833229548	0.343813220888229
0.158797898832415	0.0397350165406265
-2.57669595250488	0.657559862268914
-1.00048993841766	0.494351717278692
0.159992352718576	0.0400538861334557
-2.57963910438406	0.659061212358043
-0.539312347732804	0.202625351504848
0.154465593370314	0.0289479903375428
-3.08216231491203	0.947551973079846
-0.414849585401539	0.172825872337049
2.10283587498201	1.43790899151827
0.374679873395023	0.16633198853929
-0.333434583323249	0.154123017701203
0.143477516670026	0.0421253750116672
0.159859477622278	0.0400192334307773
0.658157600688591	0.206837664845118
0.132382889280095	0.0439989008298304
-3.45945095257726	1.22747869975084
1.31310179325084	0.563385616536445
-1.14088544605048	0.344426431780091
-0.41909186058351	0.174909956657311
0.37342860187781	0.165486981804691
0.658741078701816	0.207014004441108
-1.52246182960607	0.540465661800635
-1.14171114622793	0.344693702322242
-1.80123754984197	0.383647112861273
-0.737745529684395	0.251848226779474
0.160221796316651	0.0401166927693931
0.948337549654709	0.248516516252871
0.162719274583833	0.0406219991153643
0.160221796316651	0.0401166927693931
1.45331304696192	0.47899741335022
-0.628030265547787	0.151499678636842
-1.04418706517305	0.411112263748397
0.508115032981171	0.179108309242443
-0.801174008683572	0.619757705071463
-0.507895463399269	0.268639004418563
-2.30065661297022	1.14788322958659
-0.737745529684395	0.251848226779474
-1.69984590272943	0.959409105161515
3.26345542626113	1.10199860979414
0.159992352718576	0.0400538861334557
0.950426851449918	0.249037516760643
1.95731570776637	0.441000340195791
0.140856221308987	0.0414153093198016
-1.14974325164212	0.347335128550777
-0.0787623034247887	0.0346393153486749
-0.628599509856641	0.151612619227975
0.145313170347528	0.042674261922763
-2.57669595250488	0.657559862268914
-0.787848135845016	0.341680578040663
-1.1205730884678	0.776071673185326
0.583174815418652	0.300690983643278
3.92630081042927	1.70195316826628
-1.34796229008534	0.846753250447306
-0.238477685762541	0.0766637276789288
1.31486971476921	0.564331716989034
0.159992352718576	0.0400538861334557
-1.34764669147499	0.846576745156122
-1.79839614394125	0.382877807711208
-0.358852053011674	0.102979336804101
1.30842279896953	0.560888896280948
0.156070095129669	0.0391676647119387
0.776721959649447	0.462205153599777
2.10198726272346	0.924604281154893
-2.57963910438406	0.659061212358043
-3.46299441124492	1.22953362528533
0.140609521820489	0.0413743325045252
0.140023273435885	0.041219830052157
-2.5766529574574	0.657773148602288
-1.80123754984197	0.383647112861273
-1.79840965860499	0.382877827643389
-2.5766529574574	0.657773148602288
-1.79839614394125	0.382877807711208
3.26284822825054	1.10169382604423
-0.73833632952493	0.25198039611565
1.55563768080424	0.755897558752995
-0.628599509856641	0.151612619227975
-0.628164901903538	0.15157555358925
-0.628299579656606	0.151558046801791
-0.739003822726622	0.252222384495429
-3.45945095257726	1.22747869975084
-1.52527766014307	0.541726073904961
0.157325350109871	0.02936446462458
0.669640034979678	0.307781097383292
0.425281606664403	0.167780963846818
-0.199115332378078	0.107765042653738
0.135425444521791	0.0650545240277583
1.02914563133488	0.3838807966434
-1.83072704109891	0.739930594937107
0.374609166640495	0.166082906956976
-0.734865258526109	0.250732421647056
0.159402290839324	0.0399177124259514
0.671191566595966	0.308726498042704
0.659324643575319	0.207123110468657
-0.628733247343677	0.151688343674084
0.661811042100157	0.2078534144171
0.658448437247608	0.206865271021461
0.154465593370314	0.0289479903375428
-1.79840965860499	0.382877827643389
-2.57669595250488	0.657559862268914
-0.538391637447097	0.202241097472968
-0.417431426130247	0.174014069700138
-1.18678285032494	0.662835235719457
-0.793619397479092	0.344760445951904
-1.29515319796898	0.577477426894068
0.162952579336367	0.0406858836130456
0.143132619682455	0.0420748163550394
-0.628733247343677	0.151688343674084
-1.52468217246603	0.541450953371581
-0.27898313836486	0.176213978315404
-0.735795036496609	0.251087692088149
-3.08229418357021	0.947231644170671
0.50952600895777	0.179673416398791
0.144389940892798	0.0424393237157952
1.95731570776637	0.441000340195791
1.95786695174359	0.441149378722158
0.155111385030128	0.0290417527313876
-0.539089600210505	0.202542124367007
3.26284822825054	1.10169382604423
0.947770742439721	0.248281535275256
-1.52497036065527	0.541612586959632
0.331230181195349	0.183899859713982
0.15552701765553	0.089346530154378
-0.970627955723922	0.598898776078844
-1.8300617404783	0.739244520230481
0.374679873395023	0.16633198853929
-0.624773794560314	0.298987479143815
0.144389940892798	0.0424393237157952
-1.80123754984197	0.383647112861273
0.510271633266051	0.179924314863983
-2.57669595250488	0.657559862268914
1.44839669376933	0.477459847846965
4.16730154885901	1.96585814036702
0.13571412709247	0.0450530753488282
-0.539089600210505	0.202542124367007
-0.539438704416492	0.202662195535841
-0.415181751888503	0.173101618298361
-1.14284398403614	0.345169869447138
-1.52554695498285	0.541620681553635
0.882351172371629	0.467564315220484
0.65757421006213	0.206588655278929
0.661517102334111	0.207824976675168
-0.241194698180716	0.0775963201393135
0.162952579336367	0.0406858836130456
4.16730154885901	1.96585814036702
0.16045117802105	0.0401558290866076
0.160221796316651	0.0401166927693931
-1.79840965860499	0.382877827643389
-3.45945095257726	1.22747869975084
-1.79840965860499	0.382877827643389
0.659032459281836	0.207041754611057
-0.355104953248248	0.101967480674674
0.511187733730715	0.180331422147582
0.132183867428434	0.0497956563494198
-1.04090886464526	0.409486451709067
0.159859477622278	0.0400192334307773
-1.79840965860499	0.382877827643389
2.75807933893485	0.764710363024488
-0.352915395102444	0.101358152963712
-0.738002720964575	0.251779850607704
1.95731570776637	0.441000340195791
0.155111385030128	0.0290417527313876
0.155111385030128	0.0290417527313876
-1.79839614394125	0.382877807711208
-3.08542618523242	0.949198094742557
1.95731570776637	0.441000340195791
-2.57963910438406	0.659061212358043
1.44922258720914	0.477763268309402
1.95731570776637	0.441000340195791
-0.628733247343677	0.151688343674084
-3.08203048704882	0.947509650360219
3.63331351050508	1.42008896661082
2.72067663085353	1.63138047593582
-1.14111344283696	0.344497381350969
0.14027070998759	0.0412729382935957
-0.356952421866901	0.102502236157484
-1.79840965860499	0.382877827643389
-4.41639175512262	2.21581279585334
-1.79839614394125	0.382877807711208
-1.79839614394125	0.382877807711208
-3.45967591146264	1.22746502283364
0.948337549654709	0.248516516252871
-0.234659925712008	0.0755339906287207
1.76025085410072	0.964447531505056
0.511315925469962	0.180318053690652
1.02592340208434	0.382810966482796
1.55563768080424	0.755897558752995
1.22775708473439	0.843129090534852
1.34877831547458	1.24387476432577
2.33943629821843	1.14632249750661
2.39265269817219	2.02595721053239
0.129484452637878	0.0430568172874428
-1.52527766014307	0.541726073904961
1.44780311038183	0.477066495630919
1.44780311038183	0.477066495630919
2.09962019368326	0.923638574732708
-0.5431188895219	0.204245277624117
0.805116244112889	0.331471066458395
-1.52954577316989	0.543451783402332
-1.79839614394125	0.382877807711208
3.63500627246108	1.42050433165602
1.44391071628385	0.475549251261387
-0.354525819937872	0.101778275735803
-1.73365047691953	1.4672573985929
-1.17708652007058	0.655310397590433
-0.507339388119605	0.384846978750905
-1.52037594268562	1.72456763741674
-0.25631804715075	0.129464639348789
-1.79840965860499	0.382877827643389
-0.737489374761453	0.251678150254292
-0.625147504143598	0.299243250286022
-0.0778369843795223	0.0342460626890111
-0.663809996241731	0.396290494347697
-1.29837683044387	0.579387492116583
-1.29825184667106	0.579597355540298
-1.048174810108	0.845089550584213
0.147272679341602	0.0780615982991529
-0.634716554369999	0.304974222879428
-0.538963433786103	0.202464572078945
-0.506885445790532	0.267562148692892
0.131814043124596	0.0438161720723548
-0.78873939795176	0.341991104298643
0.802489056255948	0.330144551890374
-1.79840965860499	0.382877827643389
-1.52585303078124	0.541962051097293
0.15547989361324	0.039031965106125
0.94820175004088	0.248479682375772
2.75580772001712	0.763760469153332
-1.79840965860499	0.382877827643389
-0.355104953248248	0.101967480674674
-0.793748947119285	0.873699469618313
-0.419853936905498	0.240212912166154
0.705336199138119	0.463362587535031
-2.30476209042479	1.1515199403139
-1.18650676324905	0.662687745285691
2.13013350207844	2.1913236943896
0.514780733836532	0.181589698987139
-0.544376029490011	0.20475734362525
0.658448437247608	0.206865271021461
0.659032459281836	0.207041754611057
-0.239565596492154	0.0770626405707141
-0.0778369843795223	0.0342460626890111
1.4406132118216	0.883736181001059
0.132732885510209	0.0441080605497273
-0.789306862497791	0.342262742988917
-0.628599509856641	0.151612619227975
-1.52497036065527	0.541612586959632
0.130323873520588	0.0491059528446299
-0.354815349846941	0.101888689175609
0.428285671446016	0.169094775343879
-0.252764615876097	0.127651219182287
-1.29733006650978	0.578803317170819
-0.629763239673253	0.152058330338803
-0.236642536873473	0.0761450888689269
0.143477516670026	0.0421253750116672
0.160813493636874	0.0402291855562724
-0.628164901903538	0.15157555358925
1.95786695174359	0.441149378722158
-1.14111344283696	0.344497381350969
0.134796989185734	0.044763826715822
-0.359435145573547	0.103170722743079
-3.45967591146264	1.22746502283364
0.948337549654709	0.248516516252871
1.81515619836297	0.703574555319196
0.14556417703739	0.0427370982099398
-4.41147722006694	2.20981019730012
-1.79839614394125	0.382877807711208
1.95731570776637	0.441000340195791
0.154465593370314	0.0289479903375428
-1.79839614394125	0.382877807711208
-1.80123754984197	0.383647112861273
-0.628030265547787	0.151499678636842
0.155111385030128	0.0290417527313876
-0.62621301873586	0.15115097520137
-1.79840965860499	0.382877827643389
-1.80123754984197	0.383647112861273
0.94820175004088	0.248479682375772
1.95731570776637	0.441000340195791
-1.79839614394125	0.382877807711208
-1.79839614394125	0.382877807711208
-1.34503027832017	0.844701684217595
-1.14088544605048	0.344426431780091
0.140023273435885	0.041219830052157
1.02214625298213	0.381008988602194
0.51185508822947	0.180429891879722
0.160221796316651	0.0401166927693931
2.10345763612533	0.92603048253316
-1.14171114622793	0.344693702322242
0.154465593370314	0.0289479903375428
1.44391071628385	0.475549251261387
-0.355104953248248	0.101967480674674
-0.354809804669678	0.101824397658975
-1.51136479722898	0.761191935779971
-1.52525862148376	0.541687313963439
-2.09317148951444	0.946189901333289
-0.358557998384515	0.10292132426425
-0.236519085872564	0.0760782981535278
-0.241194698180716	0.0775963201393135
-0.627003274611623	0.300529188364514
1.04780700199927	0.497914055094941
-0.236642536873473	0.0761450888689269
0.144976980831471	0.0425943260188831
0.139774852128096	0.0411362731979931
-0.167535179530461	0.0599846998526839
1.02363521199244	0.381873400117373
1.02846670438308	0.383574973231276
0.126471027587366	0.0476885354284832
2.13420555030815	2.19594181723118
1.03933408515551	0.492573720159458
-0.167754072609883	0.0600616127897958
0.154465593370314	0.0289479903375428
-1.79840965860499	0.382877827643389
-3.08912772662777	0.951015235110598
0.160813493636874	0.0402291855562724
0.805329377718584	0.331441349253762
-0.628299579656606	0.151558046801791
1.02279934713965	0.381250494154782
-1.79839614394125	0.382877807711208
-0.965145581975427	0.594503837286352
-0.342315741480875	0.207912998479509
-0.583599310073484	0.428784453397315
0.170205497492141	0.110879916135583
0.890847632368635	0.912053496250977
1.23284407780258	1.20666984169743
-0.194633802740337	0.105261176942598
0.941597069975086	0.636043946768533
1.23373721770188	1.20871044667812
-0.148753480892945	0.0847399048892256
-0.81333966124059	0.445364281300392
-0.337408490738444	0.241066344081599
-0.225035010280783	0.146749106371002
-0.337426845162676	0.204429095231117
0.01837679940184	0.00999357868989209
-0.0756772053074762	0.0463395894996852
0.0158266197078403	0.00865465004392171
0.424373787314051	0.167361463682442
-0.407898067673196	0.232473975562362
-0.418432324070287	0.17452805778287
-0.410987384874928	0.234482992214215
-0.00313611523277043	0.00168391552487805
-0.1476341538492	0.0840834949303233
-0.245541128473275	0.0789739237518624
-0.0827779879102081	0.036399718605894
0.802138012530807	0.329972517070534
-0.967414840149627	0.596763683107506
0.147386000325911	0.0779902311224963
-0.27628740276342	0.174318441878252
-0.45134187545583	0.352339755913711
0.135602552114273	0.0650571522048527
-1.50863317586361	0.759208525222823
-1.04255649350425	0.410401789740815
-0.0743893776856152	0.0327764828836103
0.126136981026119	0.0475623349481893
0.51334638643738	0.444182636111172
0.420497290289715	0.165725313801652
-1.23857309832813	0.940926823240686
0.15200676951172	0.0806862443093814
-0.403432091167487	0.229601233146125
-0.621364549348226	0.297314514339653
0.94820175004088	0.248479682375772
-2.08484842220823	0.940993818731239
0.51408290047205	0.181384498788784
-0.170856035041343	0.0611834573692003
0.424719696521905	0.167520800855861
0.130839257555829	0.0434851599132372
-0.738670030097319	0.252119567169358
0.140023273435885	0.041219830052157
0.342295556627301	0.170733222878425
-0.628030265547787	0.151499678636842
0.657866689740957	0.206670742493303
-2.09374947900653	0.946588314074809
-0.240976410898063	0.0775300306973211
0.428285671446016	0.169094775343879
0.889706378290081	0.472778288735199
-2.09305375149111	0.946159640923577
0.427726139064257	0.168841338822495
-0.234881985943443	0.0755878057926229
1.01810403870788	0.379203855378532
-0.416119418774553	0.17334263980881
-0.237212899766669	0.0763212805777045
0.423708721184005	0.16718499503533
-0.540836580077605	0.203369627038744
-2.0894625554263	0.944110632073379
0.808443090829137	0.332994891311029
-0.807373932590619	0.441430069717292
0.669975753795622	0.30798845763185
2.3407843761875	1.14791185937458
0.511535984561553	0.180463547184556
0.148186394591661	0.0434281534721658
-0.354815349846941	0.101888689175609
0.943937640725668	0.24736392993685
4.37246862085129	2.22501493733621
-3.45900121533902	1.22669642729201
-0.354525819937872	0.101778275735803
-0.741510950758259	0.253188727186893
0.16045117802105	0.0401558290866076
0.51698026885657	0.182353676420312
-0.539884754000364	0.202777184376746
0.805116244112889	0.331471066458395
0.155067569950451	0.0290355764553768
1.25633035632512	0.680333015646645
-0.539884754000364	0.202777184376746
3.63203016857434	1.41874839489518
-1.83530553524322	0.742418988109019
1.31161763457028	0.562749823451238
-0.234534484549801	0.0754746413023498
-3.45967591146264	1.22746502283364
-0.743029498323094	0.253754321369633
-0.415249347551518	0.173159047472333
2.10286507825917	0.92563188054431
0.887204072935865	0.471099889359017
-0.326706420774188	0.150676078031383
-0.538963433786103	0.202464572078945
-0.412001071945379	0.235266861901049
-1.80123754984197	0.383647112861273
-0.628599509856641	0.151612619227975
0.94820175004088	0.248479682375772
1.02248687611089	0.381157405723936
-0.356071393990223	0.102241794383879
2.75641316563256	0.763778311858285
-0.354525819937872	0.101778275735803
-0.743029498323094	0.253754321369633
0.154509067766894	0.0289541162362231
0.154509067766894	0.0289541162362231
-3.08216231491203	0.947551973079846
1.55563768080424	0.755897558752995
0.424503019666265	0.167361296949189
-0.742101285286405	0.253499136601578
-4.72618529022825	2.79550759778367
-4.01957111035614	1.72991145987686
0.51534721966292	0.181749344838292
-0.255729442306016	0.129133255847616
-0.323785681062795	0.149294817267518
-0.237559934502149	0.0764246711906185
-0.355104953248248	0.101967480674674
-0.321187229781964	0.14797771435427
0.658157600688591	0.206837664845118
0.154509067766894	0.0289541162362231
-2.5766529574574	0.657773148602288
-0.277777156255334	0.175413806017581
0.941835408124751	0.635868297180267
-0.180545148963359	0.158474592823236
0.487805228266674	0.535006700177765
0.0167876287688502	0.0145875135029824
-0.788395480319902	0.341804995882944
-1.83964357547828	1.68618240859974
0.961355066921242	1.18757253719435
-0.79187058233643	0.684446792228835
0.511535984561553	0.180463547184556
0.391493970784058	0.418541667896535
-0.610979671290383	0.502382930896241
-0.554691832582504	0.35417728294827
0.159992352718576	0.0400538861334557
-0.624824451696218	0.299085257385298
2.10283587498201	1.43790899151827
0.184177551976725	0.137709384836195
-0.0278467989811792	0.0180819988066778
-0.786629190605387	0.340991155673526
0.128095938069514	0.054688430908986
0.524129624002973	0.4563644144981
0.638103219448017	0.680091992889978
-0.351586737106781	0.313983561311885
0.056651719668458	0.0349327543938311
1.64899404385149	1.55126747324867
0.422454580001047	0.320845083798414
0.433481909284661	0.43643820427238
-0.511129398405284	0.475139501038574
0.115124689916403	0.098688559727236
0.42738284925149	0.325417761747272
0.0146460070364945	0.0106318434343788
0.530530541676178	0.306002189478256
-1.23739855278235	0.939753837088956
-0.165650631391215	0.0593414877038015
-1.49401769237218	1.04807002498526
0.883522598319616	0.46852696737076
1.11894317145813	2.02354481994959
0.0151459001490997	0.00829211983635037
-0.115901910219619	0.0688080707224157
0.306554396525124	0.211385961841362
-0.149589686431103	0.11979477631177
-2.29727312282636	1.14544058139388
-1.2941091808211	0.576975974922849
-1.83099487872884	0.740025429797688
-0.628733247343677	0.151688343674084
-3.76137421922742	1.48226291907169
0.162719274583833	0.0406219991153643
-2.5766529574574	0.657773148602288
1.44839669376933	0.477459847846965
-0.358848207258787	0.103009197892419
-0.0603072228426737	0.0380710663322952
0.654121684946124	0.205433467520013
0.135983782260437	0.0400782901589669
0.29419214015856	0.212567414563934
0.144054213480702	0.0423469198905259
0.142645543006535	0.0418989273349654
-0.35262379016767	0.101278913820777
0.015717444449294	0.00861771548045275
-0.081993630823869	0.0360437885764915
-0.191896783490832	0.129127352325427
0.948768757521975	0.248549269795159
1.44450447975593	0.475941549703467
-1.50897634643426	0.759381379959404
-0.628867026021838	0.151670609188118
-0.355104953248248	0.101967480674674
0.528784841044852	0.304875612147036
0.764815993209973	0.45277028128392
-0.327322018145925	0.150879571290534
0.371241121847868	0.164587159709047
1.94304263758661	1.1922784095485
0.850524933719135	0.627216386966809
-0.55003042188854	0.351036714914739
0.695577463228225	0.455607002351505
-0.241543381848446	0.0777055848228126
1.60585728227919	1.11171319621848
0.13041301345043	0.0433517092562305
0.784595349161583	0.620285911382668
0.591303356385791	0.305825227482059
0.669975753795622	0.30798845763185
-0.121959868123294	0.0485306914005998
0.156896734628332	0.0393320207188234
-0.117312200329271	0.046700587944202
-0.105997601812439	0.062749617039936
0.158640230758253	0.0913164490938019
-0.512183606781156	0.271122218829645
0.512103476504473	0.180655514559587
-1.35238263274197	1.12465601833107
1.11384054493841	1.00164332906051
0.495336976763676	0.313343287710687
-0.787160832639447	0.341300612837268
1.81264504950119	0.702404900566408
0.802489056255948	0.330144551890374
-1.30170759528482	0.581419164585357
0.780055786584882	0.61450548644899
1.04480901675325	0.495932284777841
2.09962019368326	0.923638574732708
0.140495817073427	0.0675152766850489
-2.08922761541921	0.943816452673973
-3.45945095257726	1.22747869975084
-1.52585303078124	0.541962051097293
3.26857074944807	1.10417713664958
0.797547838398202	0.327616486302074
1.95786695174359	0.441149378722158
0.159992352718576	0.0400538861334557
1.95731570776637	0.441000340195791
-0.62621301873586	0.15115097520137
-0.631994988626399	0.152498044571477
0.155067569950451	0.0290355764553768
2.09995861282333	0.923872580873855
-2.5766529574574	0.657773148602288
1.81264504950119	0.702404900566408
0.34780640354532	0.173923934525965
1.02592340208434	0.382810966482796
-1.83631399679176	0.742708043545115
1.44958631087756	0.477702557005987
0.659032643407672	0.20695576224899
0.146922191196889	0.0431076767472804
-0.261698532482127	0.132461580912612
0.449043559841567	0.325097953985642
0.155378653320753	0.0893221696929683
0.131850096082115	0.0496765164754003
1.8135291528185	0.702758164322864
-2.57660997484294	0.657538252319339
0.155067569950451	0.0290355764553768
-1.79839614394125	0.382877807711208
-0.2637435465009	0.198353145856741
-0.194138200005054	0.104930601199209
-0.278423562709726	0.175777206558087
0.494487052994412	0.312914792329931
-1.242680315607	0.947691116404128
-0.47053344831458	0.315962141434025
0.156499452254917	0.0898507098234307
-0.331343215606858	0.153233187857485
0.149334343540883	0.0792112728522592
-0.0432162690157527	0.0280075898570305
-0.149959399157922	0.085471495001811
-0.0396564657832242	0.0189568642950416
-1.19827525590353	1.24354581895717
-0.336804600787654	0.204187859254245
-0.33688749190521	0.204092376477478
0.0168912959118833	0.00920043413901385
-0.798345556429728	0.617282984855963
-0.667528498954918	0.399686452573427
0.0672323707582822	0.0455220659133832
-0.506139918661916	0.267518246229609
0.468260319555637	0.31874016658616
-0.792732782431652	0.685311002152945
-1.62253202097255	1.258107804818
-0.277244086365895	0.175058659159282
-0.807088103466911	0.538588420845066
-1.00109114438115	0.494830108494711
-2.80421227745428	1.88579315270935
0.323198732393427	0.179082987330493
-1.18304488365072	0.659381044955694
-0.142435071744406	0.0809596703857133
-0.257890752097657	0.130392292626134
0.684558637126369	0.597701740644598
0.070819165298776	0.0480033812460211
1.38009530006437	1.0626050219654
0.802704240998476	0.33025128123342
0.534421299632636	0.308785902930263
-0.255597256299403	0.129044978394764
1.60328850097904	1.10868107744973
0.0355342958119859	0.0207195666727356
0.338155125821821	0.168537276082784
-0.536195859665246	0.449483646788286
1.03515249311965	0.983848180136576
-0.790405195087975	0.747768245044218
-0.5431188895219	0.204245277624117
-0.676304949908377	0.477126860173655
0.700165798251825	0.458932541598477
-1.23914434837753	0.941256142869854
-2.30065661297022	1.14788322958659
0.427594646547955	0.168736117125312
3.63395648950567	1.42026036401428
-1.14088544605048	0.344426431780091
-4.01558169607127	1.72750624811894
0.659032459281836	0.207041754611057
-0.51102336697958	0.270250808762861
0.446352165993586	0.322717347651533
-1.83470480543889	0.742065970342523
0.144304320671072	0.0423970373819599
0.133160795773977	0.0501507856579274
-1.1406575104342	0.344234513147494
0.804902320215242	0.331341314716319
0.127405387111306	0.0480111839782604
-0.0434750748448765	0.0207191582288199
-0.937830525216666	0.693127376638082
-0.162300795954345	0.0581731243217536
0.947635845528227	0.248244973505163
0.80809182652064	0.332822174466832
-1.2941091808211	0.576975974922849
0.670571388016324	0.308341959138758
-2.65165811608	1.61544434110455
-0.802757300212422	0.437833842618495
1.02939313477738	0.384032816891873
0.58809258340558	0.303772057806143
-0.735458723618684	0.250947808327744
1.81323362267005	0.702723165703649
-0.741173379981644	0.25299768453382
0.513646005292164	0.181128642856017
-3.45945095257726	1.22747869975084
1.0239728358881	0.381885834911352
-0.632243941489255	0.303477189677079
1.44665759513172	0.476601664632304
0.667315577413551	0.306736150645152
-0.628867026021838	0.151670609188118
-1.29847664104935	0.579413585561218
1.02855796326907	0.383555576069077
1.81294103662311	0.70256079058948
0.129924563608428	0.0554083103264059
1.31252470975392	0.562731640905167
4.36994521583168	2.22249832804223
-1.29525574662277	0.577871829307603
-1.50920533808673	0.759234123562016
-0.240846100521927	0.0774684702165293
0.144976980831471	0.0425943260188831
-0.240976410898063	0.0775300306973211
0.667834408899946	0.306910995944576
-0.738748567012076	0.252134640052989
-0.53874057789979	0.202401825815006
1.55528546656109	0.755344535013972
-0.544614450051074	0.204939615726028
0.370650988532887	0.164283149019924
-0.354815349846941	0.101888689175609
0.131814043124596	0.0438161720723548
-0.789949074347787	0.342860425674977
-0.415183675733752	0.172968540362155
-0.540269772022685	0.203101413077247
0.152050960400409	0.028630259939513
2.25382049655444	1.72106451926552
0.135930401959736	0.045112999214881
0.948768757521975	0.248549269795159
2.75520320904554	0.763197913000704
1.44922258720914	0.477763268309402
0.144725574883443	0.0425191258680454
1.81604086904786	0.704001590638153
2.10139563641952	0.924609016057742
-0.354519585455166	0.101776151388844
2.75580772001712	0.763760469153332
1.81323362267005	0.702723165703649
1.5524442422019	0.753203287410312
1.3150863687139	0.564688556451063
-0.171762117804328	0.0615057733921786
1.55918347761798	0.757875986288971
1.02271178737872	0.381316878019672
-0.162300795954345	0.0581731243217536
1.09227155282965	0.826527931936948
1.44509906384746	0.476148552116978
0.424265519863284	0.167436585180397
-0.169320011151056	0.0606649453809961
0.132517639884099	0.0565624888818483
0.802840016253824	0.330197869326294
-1.05085567955959	0.414282430800086
-1.29503373562381	0.577267948395295
-0.742101285286405	0.253499136601578
-0.322858807251386	0.148859538682056
-2.71824853148406	3.2032189604098
0.17216567675465	0.106213831409457
0.444498939234662	0.320928829706679
0.908307988469676	0.788243933471778
3.63629792702422	1.42164529184574
0.943937640725668	0.24736392993685
-0.238867027256143	0.076861982184789
-0.558174970324647	0.357050353364168
0.529163604537314	0.304520191767634
-0.507396217503075	0.268221250259367
-0.196281085654231	0.106196626309652
0.125085786448965	0.0471836584371826
-0.542682107954062	0.204015443104983
-0.0743893776856152	0.0327764828836103
-0.00837533370369499	0.00428892557361767
0.0504868688951375	0.0310986108673666
-0.230534223830048	0.150700338250694
-0.783370529889775	0.738180237872542
-0.293696845059382	0.215141647443219
-0.29913753978802	0.219790917543082
-0.810510247144943	0.541529439250627
-0.509163048903537	0.269213584346613
-2.08553743334962	0.941412888325459
0.129989608626953	0.0489773561473865
-0.500526517652929	0.264059549437001
-0.324097777063102	0.14944854000421
-1.1406575104342	0.344234513147494
0.155111385030128	0.0290417527313876
-0.239640103138887	0.0771179508257806
0.660932155782147	0.207694635746326
0.425281606664403	0.167780963846818
-0.536892625271128	0.201634766838871
0.30044608408891	0.206569245385547
0.513516136888496	0.181178716343693
0.149212845857803	0.0436974436845553
1.03968123804489	0.492918499809222
-0.114853970799127	0.0457131921372416
1.75815352113832	0.962056246094218
-1.79840965860499	0.382877827643389
1.95731570776637	0.441000340195791
0.427094552562733	0.168477934254199
-0.0753188093843308	0.0331712184809263
-0.543250105928331	0.204305308908878
-3.45945095257726	1.22747869975084
0.144138136643148	0.0423508720464565
2.33807558295589	1.14590125490883
-2.79686531681485	1.87241706469818
2.54822169023008	1.38099385922808
0.948768757521975	0.248549269795159
0.511755072041239	0.180523302881905
-3.45967591146264	1.22746502283364
-0.418365309512863	0.174458184135551
0.160221796316651	0.0401166927693931
2.76097686654259	0.765783986906631
-0.738670030097319	0.252119567169358
0.131463990676715	0.0437015090033304
-0.539661343528338	0.202765677037844
1.44839669376933	0.477459847846965
-1.52525862148376	0.541687313963439
0.154465593370314	0.0289479903375428
0.156304884454214	0.0392194704826931
1.05065958271836	0.499233992285843
2.10286507825917	0.92563188054431
0.163185820804974	0.0407257646525502
1.81767719681703	0.704324972687456
1.75134073748287	1.35483139282442
0.144054213480702	0.0423469198905259
-2.5766529574574	0.657773148602288
-2.57963910438406	0.659061212358043
-0.734865258526109	0.250732421647056
0.159992352718576	0.0400538861334557
0.948905461162112	0.248586345985544
-1.79840965860499	0.382877827643389
-2.5766529574574	0.657773148602288
-1.79840965860499	0.382877827643389
-1.79840965860499	0.382877827643389
0.157325350109871	0.02936446462458
-0.236989724567202	0.0762485047293907
-0.628164901903538	0.15157555358925
-1.79839614394125	0.382877807711208
-1.79840965860499	0.382877827643389
-1.80123754984197	0.383647112861273
-1.52468217246603	0.541450953371581
1.44509906384746	0.476148552116978
-0.632424041671007	0.152580102364835
1.44862736407577	0.477555630338169
0.144640697621443	0.0425017414545061
2.10543731746934	0.926718487222265
1.55126146787483	0.752994445894456
-3.08216231491203	0.947551973079846
-0.628733247343677	0.151688343674084
0.147848686423209	0.0433479015633612
-1.05577005540915	0.416316897885428
-4.22581657690928	1.96408199501772
-0.416453822837314	0.173440560323554
1.95988292961267	0.441702177751728
0.657866689740957	0.206670742493303
0.132164012775708	0.0439252834614193
1.76059814163611	0.964315864553363
0.94820175004088	0.248479682375772
-0.631994988626399	0.152498044571477
-2.57968420714322	0.659073447553718
-0.412927940206854	0.171983979559785
-2.57669595250488	0.657559862268914
0.144054213480702	0.0423469198905259
1.02592340208434	0.382810966482796
-0.738670030097319	0.252119567169358
0.506286345412427	0.178440504115667
0.947635845528227	0.248244973505163
-0.626075023442282	0.151167646950723
-0.628733247343677	0.151688343674084
-1.83072704109891	0.739930594937107
0.155111385030128	0.0290417527313876
-0.354519585455166	0.101776151388844
0.157325350109871	0.02936446462458
3.26631056571709	1.10328266544307
-3.46322465260564	1.22963503158779
0.658741078701816	0.207014004441108
-0.36377836325993	0.104348730459055
0.64918955476056	0.203655643010603
-0.353207074434312	0.101406886597049
-3.76165974462818	1.48222195957514
-0.413428194320737	0.236236427726743
-0.441475453347692	0.342808163965258
1.34071329037654	1.41950176519733
1.13598062767502	1.16679537415591
-0.00809218328006586	0.00545176555182952
-0.674111084965799	0.47503253637835
0.343215720718814	0.171249343298025
0.876129967741063	0.463352515238102
0.783573542679962	0.619355606654692
0.077283964406224	0.0525192986919019
-0.399439919807765	0.277940091377763
-0.10516578967962	0.0622275548471323
-0.793931322212549	0.753081497237341
-0.394438540601665	0.273833471018428
-0.0590963107218514	0.0373225171448379
-0.58387132690449	0.428611109641705
-0.1475272407043	0.0839964877109038
0.0100649379316279	0.00699425013343973
-0.95863442557941	1.02985949488459
-0.465245564938064	0.438233656934559
0.0137983933490387	0.00757590945719188
-0.514120318614052	0.478485698433516
-1.86186804816906	1.17019756092968
-0.464545055606584	0.311024651466845
-0.0837201643282599	0.0368061095870123
-1.04756717059493	0.412661948904752
1.09197569071818	0.827691588401073
0.785919211508845	0.621757873530769
1.07228604598581	0.651523044941711
-0.193910820758056	0.104901678955042
-0.0571885645847212	0.0432486845147541
-0.555332609348887	0.354929561531433
-0.162300795954345	0.0581731243217536
-0.157162671537265	0.056345442408744
-0.16719037374262	0.0598638290738506
0.670737684854578	0.308719803763878
0.706851832738523	0.464666883858816
-0.662154855715363	0.395348293665247
1.76490782001768	0.968318313425391
-0.998111432883182	0.492490025140871
-0.809363746339261	0.442546835487161
-0.549736664256545	0.350474390226716
0.941892448802518	0.636316235630065
0.12766278679512	0.0481491979841494
0.50720087150347	0.178829201945322
0.12913352992743	0.0429550272454785
0.132164012775708	0.0439252834614193
-0.355401168227563	0.102014834884787
0.654121684946124	0.205433467520013
0.428285671446016	0.169094775343879
-0.507804767338244	0.268072565537459
1.44922258720914	0.477763268309402
-0.628733247343677	0.151688343674084
-2.0898088165941	0.944216737411355
0.130229401607723	0.0555523028434548
0.144389940892798	0.0424393237157952
2.34214413722098	1.14880500240653
0.506985941033904	0.178701728610087
-1.00334886962648	0.496090169972327
4.85819249001253	3.14078266568753
-0.62193620484777	0.297861170206029
0.140609521820489	0.0413743325045252
-2.30041902135912	1.14771664793519
0.780701545412115	0.464941154156665
1.25948160330272	0.682717497587543
-0.968766935557051	0.597836174094374
-0.411746492353726	0.171554824556765
-0.627375422770668	0.300613241777779
-0.536322009305803	0.201466150653051
-0.173898627793226	0.0622737835466209
-0.410730552636856	0.170999171077753
-0.169228505263572	0.0605484402011059
-3.45945095257726	1.22747869975084
-1.80123754984197	0.383647112861273
0.159036592116599	0.0397877345506797
-0.742101285286405	0.253499136601578
-0.352915395102444	0.101358152963712
-3.45900121533902	1.22669642729201
0.133651056800119	0.0443846032753033
0.94820175004088	0.248479682375772
-1.14499995487719	0.345855392571373
1.02533495299364	0.382457756692076
3.26345542626113	1.10199860979414
0.658157600688591	0.206837664845118
1.44899109330448	0.477667123734845
-2.08529767867884	0.94108469631813
0.159402290839324	0.0399177124259514
-0.739810651859165	0.252595067527066
0.880148600822102	0.465798141511016
0.341683515144474	0.170370018773878
-0.0831159725743894	0.0365472417995258
0.948768757521975	0.248549269795159
-1.18022059491462	0.657713722320658
-4.22978477325578	1.96790247420793
0.127651677266186	0.0424864772644231
-0.26235995294509	0.132795331247969
0.850338534623657	0.62585875477515
-0.236295434458238	0.0760318807121589
1.95731570776637	0.441000340195791
0.948768757521975	0.248549269795159
0.144304320671072	0.0423970373819599
0.162590253502546	0.0405994312489443
-0.351744415353914	0.1010114930848
2.75520320904554	0.763197913000704
-1.79839614394125	0.382877807711208
0.144640697621443	0.0425017414545061
-0.54346877962796	0.204399150899749
0.656596864428374	0.206190386440451
0.654121684946124	0.205433467520013
-0.737745529684395	0.251848226779474
0.802489056255948	0.330144551890374
0.160813493636874	0.0402291855562724
-1.29595383595811	0.578200044497114
0.540149087450436	0.312485502442982
0.162590253502546	0.0405994312489443
0.140023273435885	0.041219830052157
0.793024519327491	0.325480643919101
-0.418432324070287	0.17452805778287
0.947635845528227	0.248244973505163
-0.242110936050434	0.0778562762427623
3.26345542626113	1.10199860979414
-1.14111344283696	0.344497381350969
-1.79839614394125	0.382877807711208
1.95731570776637	0.441000340195791
-0.737824274342293	0.251781339210884
-1.14111344283696	0.344497381350969
-1.14088544605048	0.344426431780091
-0.536322009305803	0.201466150653051
0.157370411029726	0.0293708256249034
-0.462623546571948	0.309470766873079
-0.061887498298355	0.0390934439739904
-0.231890131183599	0.151799617363679
0.313227947341565	0.203483739267921
-0.442433179350982	0.34398696526495
0.465276449472658	0.316116142449589
0.325764101316749	0.180350989041356
-0.556990211510219	0.356460599232836
-0.0787961982082494	0.0482982434205763
0.512509769567573	0.443677589457041
-0.906837431197747	0.760465681038497
-0.703242252047607	0.622321054157817
-0.516180689267627	0.556708998090684
-0.874519081465614	0.882823419576879
-0.258406818968401	0.193755496271
-0.877933479863266	0.887672048335384
0.0879668318416301	0.0623689554279167
-0.262571790563679	0.242087229863969
-0.58400204015312	0.428689623105922
-1.04967955424505	0.847089026947568
-1.7266364584207	1.45591993459224
0.429189841643481	0.169462047821113
-4.23411420899595	1.97080112496183
-0.809236302273325	0.540152357034333
-1.8625096459366	1.17069168694355
-0.257689402479243	0.130103157369043
-0.257236960359302	0.19283867130197
0.137241747959079	0.0658054864748649
-0.237212899766669	0.0763212805777045
1.04079506363497	0.493718951705615
0.584292640095187	0.30151965227866
-0.50588943324458	0.267408092733776
0.527094794358766	0.30366142744645
-0.968121767217738	0.597106911065702
-0.912223561592358	0.767376985481454
0.160577919159696	0.0923828365841588
-1.56013976130548	1.51346508038442
-0.9689207057346	0.596797444138341
-3.08203048704882	0.947509650360219
-0.500190774393147	0.263657219570826
0.672888864603785	0.309645885119075
0.133406927065206	0.0639803101619169
-0.803688756226162	0.438487002570186
0.670479674423801	0.308592907557702
-1.00064515503921	0.493786893688021
-0.359432307228107	0.103134774665835
-0.11706780556092	0.0465584081549706
0.162952579336367	0.0406858836130456
0.159402290839324	0.0399177124259514
4.37308121738766	2.22561534970761
1.55378707815797	0.754352987255714
-0.966397085661355	0.59655817358728
-0.354815349846941	0.101888689175609
-0.118225301795606	0.0470554996015602
-1.62215870243921	1.25856009142841
0.15558671892193	0.0826872278509612
-0.23733699757943	0.0763359683654099
0.880674235537621	0.466970077335854
0.876717909154008	0.463866575605238
0.378374383028926	0.168008405940863
-0.738414128880846	0.252090639638632
0.513018859677697	0.180878875427753
-0.5064891255839	0.267818999562086
-0.627970534432838	0.301026304064578
0.659324643575319	0.207123110468657
1.76435507103013	0.967932409653904
-0.41816567462896	0.17438817779225
-0.738414128880846	0.252090639638632
-0.320262412728915	0.147584460342776
2.10030930204643	0.92344939175659
0.131587631973577	0.0561520158479122
-2.57660997484294	0.657538252319339
-1.14260761039773	0.345006924269412
0.159036592116599	0.0397877345506797
0.162357836679133	0.0405597098553547
-1.52468217246603	0.541450953371581
1.04815319884068	0.497931909325788
1.76191854127478	0.966069659943695
-1.80123754984197	0.383647112861273
0.15963091503218	0.0399802605532864
-1.52527766014307	0.541726073904961
1.55749040589242	0.756886319378393
0.947635845528227	0.248244973505163
0.66698042724415	0.306554705615375
0.160813493636874	0.0402291855562724
-1.29560475057299	0.578066307323286
0.158441687834525	0.0396618099099809
0.155067569950451	0.0290355764553768
-0.167512803562201	0.0600061354098137
-1.1412568453231	0.344431220445032
-0.554644156510152	0.354550734751893
-1.69987380856728	0.959517810711776
-0.625380300345378	0.299760189641616
0.160221796316651	0.0401166927693931
-0.171762117804328	0.0615057733921786
0.654408135649179	0.205512311863459
1.95731570776637	0.441000340195791
-0.355401168227563	0.102014834884787
0.146584487246171	0.0430023159110844
-0.739003822726622	0.252222384495429
1.81545080408239	0.703738180326379
-0.628733247343677	0.151688343674084
0.4187085493114	0.16504840979534
-0.738079783119958	0.251987608125061
1.02499638904051	0.382165912389253
-0.237212899766669	0.0763212805777045
2.33750365888202	1.14533306687431
-0.540931907633296	0.203119310406955
-0.167754072609883	0.0600616127897958
2.1031177894695	0.925795147014246
-0.168415949181166	0.0603482965151677
0.133168522192678	0.0442284444874965
0.154465593370314	0.0289479903375428
2.75580772001712	0.763760469153332
0.135364021327178	0.0449437078279942
0.799239343613409	0.328591622299045
0.658449623497539	0.206846818911275
1.31798968775981	0.566002482239596
2.10173504798347	0.924843834263361
0.140023273435885	0.041219830052157
2.75580772001712	0.763760469153332
2.75520320904554	0.763197913000704
0.948337549654709	0.248516516252871
0.154311934860129	0.0289593414864238
-0.628030265547787	0.151499678636842
-0.810100985119007	0.443454935777436
-1.52984634403446	0.54376252749597
0.159992352718576	0.0400538861334557
0.15963091503218	0.0399802605532864
-1.79839614394125	0.382877807711208
-0.132930648164333	0.0937262893229969
-0.679516625012965	0.480483045610407
-0.391878628390616	0.311443296308721
-1.42979218982916	1.74881907765933
-0.464275361188111	0.310842385096228
0.131573930086445	0.0631247074891074
-0.690190442874111	0.551057891412496
-1.17957777129961	0.657060054523096
-1.35935251813957	1.58081396924814
-0.11512189478062	0.0458130318128354
-0.511168955039369	0.270517447187913
0.573850663615641	0.458933880904052
0.426728413954056	0.324746602591372
-0.683433427980546	0.483567778402764
-0.806301574475639	0.440102374945707
-0.55602894319553	0.355788724756025
-0.410597999582018	0.234250839874387
-2.28305098165349	2.84019600556855
0.286597157943158	0.225549351603966
-0.785466778591577	0.802521481112779
-0.0764521453905151	0.046822437285307
-1.35315834014761	1.36426016108097
-0.621313403040809	0.297195153613456
-0.630408878529803	0.302537637116181
-2.12826188917201	1.6346766754145
-1.68977730874814	0.950240382325095
-0.812402174415978	0.444792956101086
0.144640697621443	0.0425017414545061
-0.0103553565646856	0.00522630362360615
-0.54975216070923	0.350802757220459
-0.195597609447604	0.105813478281397
0.370650988532887	0.164283149019924
-0.270285118253256	0.224878406777165
1.31110478579583	0.562358978556018
0.140609521820489	0.0413743325045252
-1.18678285032494	0.662835235719457
0.318001770641293	0.175794023979675
0.85304382109191	0.629180410574105
-0.248625177597259	0.185461878002663
-0.119521314129107	0.0475310840819249
-1.35541546836967	1.36706719028095
-0.280886654027639	0.177579009132994
-0.700565923957353	0.618939788763907
-0.114208159166471	0.0454613905002761
-0.32852376495645	0.1516940327181
-0.118225301795606	0.0470554996015602
0.134805972596946	0.0575233232261637
-0.0415668423121438	0.0197728493137586
0.804551193439478	0.331168980919484
-0.504646444914547	0.266345102798541
-1.18336718045491	0.659680463908191
-0.172323794216928	0.061695096887414
0.16045117802105	0.0401558290866076
0.512417982564511	0.180670773702822
0.132382889280095	0.0439989008298304
0.130626533328143	0.0434288699946859
0.128919301055159	0.0428813133463191
-0.538518495752287	0.202252156786087
0.128852754702737	0.0485791509684367
-0.620720478750012	0.296893963868876
-0.240278820798337	0.0772929353381372
3.6326714041979	1.41965046916025
-0.329146058047281	0.151991518723621
-1.11112767215023	0.766579733783713
-0.738414128880846	0.252090639638632
0.506636186737087	0.178613076266429
-1.0046631656553	0.497107504358171
-0.165650631391215	0.0593414877038015
-1.83470480543889	0.742065970342523
0.344810876823588	0.172151862394131
1.02363521199244	0.381873400117373
-0.425501221293288	0.177726025051167
-0.790293055908666	0.343033629214228
-0.743029498323094	0.253754321369633
0.147007749076803	0.0431148554966707
-0.355401168227563	0.102014834884787
-0.352036490485324	0.101122204058746
1.31310179325084	0.563385616536445
1.3150863687139	0.564688556451063
0.160813493636874	0.0402291855562724
1.59702044189479	1.10204098134001
0.130839257555829	0.0434851599132372
-0.238517872091775	0.0767343190056563
-3.45945095257726	1.22747869975084
0.144389940892798	0.0424393237157952
-1.1414839653338	0.344622990730584
-1.14536534536015	0.34589005605433
-0.739003822726622	0.252222384495429
0.156304884454214	0.0392194704826931
2.10080345028195	0.924400736993524
-0.628299579656606	0.151558046801791
1.81767719681703	0.704324972687456
0.805116244112889	0.331471066458395
-0.416831719536345	0.173741892138878
0.653826927429073	0.205337088996143
2.5452226219926	1.378586498706
-0.789995070710077	0.342550534501667
-0.415785083697339	0.173214573475784
0.132164012775708	0.0439252834614193
-1.00042671384016	0.494424006740095
1.44899109330448	0.477667123734845
-0.412927940206854	0.171983979559785
-1.00488919428814	0.496747626192119
-0.790637113549688	0.343172490347042
-0.542900106811953	0.204176406519794
-1.29503373562381	0.577267948395295
-0.170856035041343	0.0611834573692003
0.124488256386008	0.0469611145656188
-2.58269164924118	0.660244336228982
0.160221796316651	0.0401166927693931
2.34135533413392	1.14844291387782
0.948337549654709	0.248516516252871
0.950426851449918	0.249037516760643
1.45138090115721	0.478568850670936
0.159859477622278	0.0400192334307773
1.4480329582247	0.477161868008032
0.161043695584893	0.0402684742968713
1.44839669376933	0.477459847846965
-4.23012908950087	1.96806967376347
0.131588254721678	0.0495753524376327
-1.85563924109955	1.16406443245283
0.801294435982005	0.329722340410091
0.378811633870552	0.168147330093331
0.803834759846622	0.330669806288606
0.426403404838852	0.16824819606602
0.660932155782147	0.207694635746326
-0.623906381122263	0.29857673275019
-1.85314422381375	1.16034731944785
0.661225548064972	0.20772290984652
-0.738079783119958	0.251987608125061
0.948337549654709	0.248516516252871
-0.737824274342293	0.251781339210884
0.155067569950451	0.0290355764553768
0.139436459089769	0.0410524321785509
0.659032459281836	0.207041754611057
0.159859477622278	0.0400192334307773
0.139436459089769	0.0410524321785509
-3.45900121533902	1.22669642729201
-0.241543381848446	0.0777055848228126
-0.35569023027487	0.10209347470967
-3.08203048704882	0.947509650360219
-0.354815349846941	0.101888689175609
-0.23808408660897	0.0766242401144763
-3.08203048704882	0.947509650360219
-1.10347855280295	1.07230396555621
-1.06288410779342	1.12195951328991
-1.51955105094895	1.72289179972018
-1.00828829862638	0.912915165703371
-0.788967390630336	0.680403931769937
-0.335794300013315	0.23969620546344
-0.556711321392276	0.356257889221837
0.17113809619814	0.122155515772699
0.587176291944614	0.303137191834926
-0.503186808368642	0.380978357788498
-1.62366161356683	1.26073043675422
-1.11001892109019	1.08093595800365
-0.345758353006749	0.247993641548173
-0.523252405903961	0.13520751138828
-0.666992363851978	0.399350302445719
-0.0190013855947585	0.0126118143476548
-0.349979532405815	0.283570219671465
-0.60824533377607	0.499660705941118
-1.25600008046167	1.18118495929857
-0.793305877820496	0.344462091426673
-0.111796461708403	0.0663014463602526
-1.56406328720072	1.52183316817857
-1.52525862148376	0.541687313963439
-0.701332276119142	0.620197326022752
0.46988917705054	0.319886339404654
-0.250539790148516	0.126389889079077
0.584578935507783	0.301384393607091
0.883507158681791	0.46895223143047
0.322047322172649	0.178158992543368
-1.14171114622793	0.344693702322242
-0.628744835664584	0.301812975962935
0.669887108825485	0.308252439258341
-0.503321190789218	0.381042316204153
-0.00959345489776748	0.00486722103938569
-1.0001037668499	0.493752779623566
0.159859477622278	0.0400192334307773
0.376551412982955	0.167247054250923
0.342295556627301	0.170733222878425
-0.416180819022606	0.173548740911163
-0.506746050540962	0.384531188482343
-1.48638098013416	1.03864492201993
-0.54346877962796	0.204399150899749
-0.116420756707114	0.046298768256123
-1.5082900806176	0.75898051972622
1.75009182353986	1.35232703473341
-1.46134374065949	1.32238103027141
0.130920287619515	0.0493322328761646
0.343215720718814	0.171249343298025
-0.414248785891065	0.172553623155678
0.696457384759662	0.456004717359531
-1.86218881611503	1.17049077336732
0.117678068486862	0.0444626043879573
3.63203016857434	1.41874839489518
0.162357836679133	0.0405597098553547
0.159859477622278	0.0400192334307773
-0.234312185154952	0.0754304879292539
-4.57548440309247	2.48997069661828
0.804199982861606	0.330881993772713
0.156304884454214	0.0392194704826931
-1.14111344283696	0.344497381350969
-0.537590863359465	0.201894959579
-0.628299579656606	0.151558046801791
-0.539661343528338	0.202765677037844
1.07024711860289	0.650442838337407
-3.76500715654354	1.48473725010782
1.04312921058322	0.494597597231009
-0.170224986924238	0.0609594427437693
0.380247581678695	0.168913349809968
-0.236295434458238	0.0760318807121589
-1.10562629319691	0.761060545832337
-1.51592702222711	0.764714423305997
1.04613434901401	0.496626299036399
-0.506571882441745	0.267399394400547
-0.236865950236819	0.0762080730306188
0.6628046781818	0.304278973180948
1.51738148222101	1.29461654706397
-1.13872731243543	0.343741383764358
-0.809807672466443	0.54067228401008
-0.74243876954869	0.25362235352836
0.140948251392809	0.041458274749763
-1.4860629660448	1.03880779381282
-4.01591566480886	1.72772177589649
-0.233964530152622	0.0753172914260115
-0.742101285286405	0.253499136601578
-0.631994988626399	0.152498044571477
-1.13872731243543	0.343741383764358
-0.168318442800183	0.0602514969158982
1.44450447975593	0.475941549703467
1.02685010343664	0.383062880383657
0.656596864428374	0.206190386440451
-0.628030265547787	0.151499678636842
-0.240759104425561	0.0774229005659888
0.947770742439721	0.248281535275256
1.45174463580423	0.478561109172125
-0.355401168227563	0.102014834884787
-1.04290235412753	0.410559570501728
0.140361834634309	0.0413037326992959
1.31742436471332	0.565703873185492
-0.352915395102444	0.101358152963712
0.139097983949456	0.0409512881184992
0.144054213480702	0.0423469198905259
0.800169874224594	0.329047040920974
1.02592340208434	0.382810966482796
-1.34565553450718	0.844847999744205
-0.414323432930547	0.236679169279143
0.338501849540538	0.168751727737214
0.672812797155709	0.309654422171124
-0.540233723322025	0.202917482560003
0.13344715681091	0.0569633928380752
0.156070095129669	0.0391676647119387
4.36871773741275	2.22091875583372
-0.355394630173918	0.102015543768339
0.159402290839324	0.0399177124259514
3.92694117717927	1.70243676685084
-0.359141638818634	0.103112871302961
1.95786695174359	0.441149378722158
-0.536671114051193	0.201606330220057
0.502286749661021	0.17690861219098
0.950426851449918	0.249037516760643
0.12913352992743	0.0429550272454785
2.75580772001712	0.763760469153332
-1.14559783756009	0.346052129596875
-1.52984634403446	0.54376252749597
-0.416119418774553	0.17334263980881
-0.237212899766669	0.0763212805777045
1.04302207258716	0.494997011858153
0.142892234362748	0.0419793224062305
-0.736819853337875	0.251337978101795
1.55507391974261	0.755498369683247
-1.2961765010462	0.578355472409881
0.516764201582912	0.182313298692041
0.139097983949456	0.0409512881184992
-0.236989724567202	0.0762485047293907
-0.355401168227563	0.102014834884787
-1.14088544605048	0.344426431780091
0.155067569950451	0.0290355764553768
0.143467885183021	0.0421790290070851
-0.788618958882262	0.341859317766317
-2.5766529574574	0.657773148602288
-0.544038098124227	0.204549461860792
-0.161397135867674	0.057846393087718
-0.624773794560314	0.298987479143815
1.0466925841433	0.497144343266033
-1.52585303078124	0.541962051097293
-0.632563406792844	0.152610991116788
0.155111385030128	0.0290417527313876
-0.738414128880846	0.252090639638632
-0.194107701707098	0.130735107673253
-0.799206558477594	0.618351308810068
-0.334832354315969	0.202660434714584
0.143010764582895	0.0686818565623084
-0.590201307595095	0.434773100688706
0.304148223194497	0.209319116826802
1.3788446152388	1.06233792343139
-0.306692514279709	0.251940475053164
-0.583332521205084	0.428030456713
-0.975599148773222	0.967428133567527
-0.738079783119958	0.251987608125061
-0.233742966580479	0.0752394538943447
-1.79840965860499	0.382877827643389
-1.82908274045033	0.738883204958362
-0.664465802510175	0.396805630761883
-0.679577496023146	0.480333739404348
-0.688102110014335	0.488300349131454
-1.49437731847554	1.04765798843367
-0.0124224809339951	0.0062486650681852
-2.24759179353687	1.89526314677922
-0.547072375141699	0.205896809005572
0.132951093876262	0.0441757525557606
1.31187743476134	0.562546621193265
-0.790168092677088	0.342820605922819
-0.258548809094942	0.130748653622353
0.160450187456392	0.0984377176727735
-0.0376271332975909	0.0243703513278402
-0.0780828764283557	0.0343785485199201
0.424821624713548	0.167666820972884
-1.34458487539477	0.843010836745783
0.131922134573853	0.049685237617415
1.23211306457154	0.847199902428617
0.935222474572715	0.630670311988213
1.94702414784587	1.19700322657703
0.130658069144789	0.0492298941542097
0.87730549327442	0.464338198778869
-0.256972025540661	0.12980659006953
-0.0398906226906693	0.0190588202373056
-1.14480220729497	1.28182695881138
-0.553265489630287	0.353554087165746
-0.237212899766669	0.0763212805777045
0.348661699090943	0.174540377936834
-0.963021647166617	0.592868754274254
1.23012115948079	0.845119523814915
0.506636186737087	0.178613076266429
0.133827547304626	0.0504034048186407
-0.536671114051193	0.201606330220057
1.02363521199244	0.381873400117373
-1.13895833229548	0.343813220888229
0.511884149147493	0.180536056250855
0.849033416840213	0.624300101804337
-0.504184569807053	0.266199953381814
-1.04127521263344	0.409589630621856
-0.628195266656509	0.301456110896782
-0.165995298204196	0.0594566920073821
0.770040929892088	0.455985041665186
0.771138698658618	0.457826149912316
1.81235300959058	0.702242876396542
0.372896498702742	0.165147413219819
-0.810298397829203	0.443174463174444
0.376875238635301	0.16727169805512
0.948337549654709	0.248516516252871
-0.534032698929875	0.200474562335257
-1.30297756911684	0.58208110971542
0.659032459281836	0.207041754611057
0.801571141201532	0.329656916274671
0.66698042724415	0.306554705615375
-0.172107354750232	0.0616237994837963
0.585338177362246	0.302351290065957
-1.49153504484292	1.04496926104933
-0.121352846510502	0.0482535926174825
-0.969387244041332	0.598345544931514
-1.83238513754881	0.740761304659517
-1.13872731243543	0.343741383764358
0.511187733730715	0.180331422147582
-0.237212899766669	0.0763212805777045
-2.57669595250488	0.657559862268914
-3.45900121533902	1.22669642729201
-2.5766529574574	0.657773148602288
-0.359725191866461	0.103238313016327
0.154465593370314	0.0289479903375428
-0.632424041671007	0.152580102364835
-0.628733247343677	0.151688343674084
-0.628164901903538	0.15157555358925
-0.540136497897179	0.20308713328324
2.75868832531345	0.765017792149168
-1.0046631656553	0.497107504358171
-0.542769081676375	0.204049428112683
-1.79840965860499	0.382877827643389
1.43879814346692	0.881611180766954
-0.412594451513588	0.171856355506214
-0.356071393990223	0.102241794383879
-0.417165105552592	0.173939978457542
0.140948251392809	0.041458274749763
0.883522598319616	0.46852696737076
0.14212982812245	0.0682493066749557
-0.78873939795176	0.341991104298643
-0.339219048940744	0.205597895507079
-0.115445012575853	0.0459374479837746
-1.04361600013496	0.410853585324869
-2.5766529574574	0.657773148602288
3.26569824690609	1.10327543173781
0.800732484930354	0.329422357686243
-4.01160255769466	1.72433692110226
0.154509067766894	0.0289541162362231
-0.354815349846941	0.101888689175609
-0.628164901903538	0.15157555358925
-1.79839614394125	0.382877807711208
0.155067569950451	0.0290355764553768
-0.632563406792844	0.152610991116788
-0.240627572806769	0.0774207528438286
-1.14193838802885	0.344646219015582
-0.166213389018895	0.0595190660770883
1.31331884073887	0.56363424296824
0.802489056255948	0.330144551890374
0.135364021327178	0.0449437078279942
0.660932155782147	0.207694635746326
2.33649313051364	1.14462794540279
-1.83165926032039	0.740451579277532
0.877568166251878	0.464557348802083
-0.35569023027487	0.10209347470967
-0.73833632952493	0.25198039611565
-1.79840965860499	0.382877827643389
-0.35569023027487	0.10209347470967
-3.45967591146264	1.22746502283364
0.134796989185734	0.044763826715822
-0.358852053011674	0.102979336804101
4.37246862085129	2.22501493733621
-1.83631399679176	0.742708043545115
-1.04595278088894	0.411874241216211
-0.626075023442282	0.151167646950723
-4.85650593970938	3.11151107155524
-0.500227013866265	0.263859976254586
-1.99985726280125	1.39194162677612
-0.509744326150485	0.387378387394187
-1.10897897527642	0.764748478437518
-1.83504104592481	0.742292078332567
-1.18309149572464	0.65955331260621
-0.806463030557378	0.537446444024282
-1.69337605577332	0.953224222592698
-0.356367399040958	0.102345848061694
-4.22615919364595	1.9643368190771
-0.237212899766669	0.0763212805777045
0.697517931667986	0.457094547418296
-1.34765137912707	0.84639728114869
-0.119521314129107	0.0475310840819249
-3.08216231491203	0.947551973079846
-3.46322465260564	1.22963503158779
-1.14088544605048	0.344426431780091
0.950858461556905	0.2491584305819
3.26284822825054	1.10169382604423
2.75868832531345	0.765017792149168
-1.29917429595245	0.579864221629977
1.45138090115721	0.478568850670936
0.512321829500026	0.180674048803135
0.168401767653781	0.10359881971233
-0.509766296558063	0.269560889619866
-1.03998820725116	0.409113309598422
-1.69343417353851	0.952604249317342
0.950998501270056	0.249196467275389
-0.0119244883867159	0.0060213508108028
0.793938787838851	0.326027980619057
0.657866689740957	0.206670742493303
-1.0438234260038	0.410788519057193
-1.50897634643426	0.759381379959404
-0.163838348578899	0.058695787626698
-0.684255988262682	0.484342971325814
0.13375172371708	0.057095704691796
-0.236295434458238	0.0760318807121589
0.137777354037229	0.0456973820976041
0.16045117802105	0.0401558290866076
-0.738670030097319	0.252119567169358
-0.172452668801544	0.0617304368190577
-2.0842635823597	0.940591792243383
0.155067569950451	0.0290355764553768
0.144976980831471	0.0425943260188831
0.155067569950451	0.0290355764553768
3.26284822825054	1.10169382604423
-0.35569023027487	0.10209347470967
-0.23808408660897	0.0766242401144763
0.160221796316651	0.0401166927693931
-0.235577245215042	0.0757788911156959
-3.08556356757563	0.949512459473102
-0.73833632952493	0.25198039611565
0.588707465419301	0.304164601027873
-0.74243876954869	0.25362235352836
0.128217426027829	0.0426676360228733
0.138268969280216	0.0664163020380255
0.144054213480702	0.0423469198905259
0.346712166130059	0.173271358216005
1.04424975463849	0.495554192271584
-0.0773820044668893	0.0340746300882354
-1.83537736671358	0.742411015726266
0.132204950627944	0.0564266416745921
0.371241121847868	0.164587159709047
1.81264504950119	0.702404900566408
1.95731570776637	0.441000340195791
3.26569824690609	1.10327543173781
1.45174463580423	0.478561109172125
0.503199687484611	0.177252156994688
-3.76471792016279	1.48446146627735
-1.14536534536015	0.34589005605433
-1.83099487872884	0.740025429797688
0.15963091503218	0.0399802605532864
-2.57669595250488	0.657559862268914
-0.628733247343677	0.151688343674084
-1.52246182960607	0.540465661800635
-3.46345495606107	1.22933734600421
0.139436459089769	0.0410524321785509
1.95786695174359	0.441149378722158
-2.5766529574574	0.657773148602288
0.154509067766894	0.0289541162362231
-0.632563406792844	0.152610991116788
-0.354229439997714	0.101697261087168
-1.5270374870482	0.542502468800959
0.947635845528227	0.248244973505163
0.155111385030128	0.0290417527313876
-2.57669595250488	0.657559862268914
-1.79840965860499	0.382877827643389
1.04780700199927	0.497914055094941
1.06224086141978	0.644094127486759
0.947770742439721	0.248281535275256
0.506286345412427	0.178440504115667
0.127085280098733	0.0422956780096126
0.950998501270056	0.249196467275389
1.95731570776637	0.441000340195791
0.159992352718576	0.0400538861334557
-0.241543381848446	0.0777055848228126
1.02329749324129	0.381582146499257
0.510089510074648	0.179877546335957
2.09682127519349	0.921775526445784
0.802489056255948	0.330144551890374
0.801922158295548	0.329828855715043
0.948337549654709	0.248516516252871
0.658157600688591	0.206837664845118
-2.57963910438406	0.659061212358043
0.154465593370314	0.0289479903375428
0.66401463442463	0.208486788853871
-1.83564160885514	0.742645090374466
0.147259813410519	0.0432007445014279
0.144976980831471	0.0425943260188831
1.95786695174359	0.441149378722158
0.131814043124596	0.0438161720723548
0.94820175004088	0.248479682375772
-3.08216231491203	0.947551973079846
0.152050960400409	0.028630259939513
2.54578920374591	1.37918799565204
-2.0842635823597	0.940591792243383
0.654121684946124	0.205433467520013
1.81323362267005	0.702723165703649
-1.14193838802885	0.344646219015582
0.159402290839324	0.0399177124259514
-3.45967591146264	1.22746502283364
-0.420739250391455	0.175588441965966
-0.534791909939741	0.448132654848037
-0.197981786635598	0.107213816117182
-0.11104011255294	0.065820501210396
-1.51368578567272	0.762844824673748
-0.623583634287472	0.298378288783754
0.131160713568611	0.0559458435691786
-0.165433148159335	0.0592640318232164
-3.45922605387697	1.22727228815634
-0.666002721121228	0.397903920588439
-0.62621301873586	0.15115097520137
-0.796405468804135	0.346111740260538
-0.331988490587381	0.236428045633794
-0.236642536873473	0.0761450888689269
-0.168760743646406	0.0604728682433177
-0.628838972377586	0.301497189830301
0.948768757521975	0.248549269795159
0.160813493636874	0.0402291855562724
-0.738414128880846	0.252090639638632
-0.628599509856641	0.151612619227975
0.659324643575319	0.207123110468657
1.81264504950119	0.702404900566408
1.76400821995721	0.967220409420252
-0.24874109944039	0.210731722803937
-0.010838346855961	0.00550213612075853
0.128673280033835	0.0484868522338571
-0.539312347732804	0.202625351504848
1.0444623770314	0.495719164594595
-0.340044516610774	0.206144279312937
0.805680641996882	0.331728723334835
0.669552643528324	0.308070987336909
-2.30348519403534	1.15039517348929
-1.10859831680392	0.763452867668664
-0.110826072586855	0.0441427359749605
-0.628838972377586	0.301497189830301
0.807528635845388	0.332541409655835
0.132600988210423	0.0440609588064188
0.150672561897184	0.0798253248528431
-0.327162257518513	0.15107114930378
0.156896734628332	0.0393320207188234
-0.359432307228107	0.103134774665835
1.0472501359547	0.497556503187299
-0.621042482452693	0.297116692953715
1.31275235192293	0.563405500186811
-0.807547420066161	0.440867270911814
-0.241543381848446	0.0777055848228126
1.31296915771995	0.563217318478537
-0.415582259016658	0.173291488777707
0.16045117802105	0.0401558290866076
-0.628164901903538	0.15157555358925
-0.169008421659159	0.0604879259203808
-0.240278820798337	0.0772929353381372
-0.359725191866461	0.103238313016327
0.127740324846529	0.0481396538224244
0.148972461975345	0.0788979486166892
-0.355401168227563	0.102014834884787
-0.352915395102444	0.101358152963712
-1.34826843547917	0.846993382955124
-0.624773794560314	0.298987479143815
0.135937173335384	0.065153738750526
-0.236642536873473	0.0761450888689269
0.948768757521975	0.248549269795159
-0.973419245403779	0.60144864798233
-1.29515319796898	0.577477426894068
-0.737489374761453	0.251678150254292
-3.45900121533902	1.22669642729201
0.660054375205789	0.207294450910716
0.508961914241948	0.17942052870648
0.804551193439478	0.331168980919484
-0.117122437057426	0.0465713220789387
-0.743029498323094	0.253754321369633
-3.08556356757563	0.949512459473102
-0.807063081176681	0.441221548160824
-0.171416957929972	0.0613808082861972
-1.83132702405761	0.74028277145384
-0.234659925712008	0.0755339906287207
-0.243005367486847	0.0781807445892085
-0.738882523398138	0.252189660649256
-1.79839614394125	0.382877807711208
-2.5766529574574	0.657773148602288
-1.14111344283696	0.344497381350969
-0.741848602831151	0.253311922462979
-0.788051638764763	0.341587882696307
-0.354815349846941	0.101888689175609
-1.14559783756009	0.346052129596875
-0.354815349846941	0.101888689175609
-1.14088544605048	0.344426431780091
-0.743366896164806	0.253811440648201
1.4480329582247	0.477161868008032
0.144389940892798	0.0424393237157952
1.45391440811699	0.479230213237448
-1.80123754984197	0.383647112861273
1.81515619836297	0.703574555319196
-1.85819064361684	1.16574714101987
-0.165979088132795	0.0594930049113456
-1.50966291367779	0.759447148207904
-1.79839614394125	0.382877807711208
3.26284822825054	1.10169382604423
-0.0775258053822137	0.034106937425788
-0.23808408660897	0.0766242401144763
0.143467885183021	0.0421790290070851
2.3392177093588	1.14668438820198
-0.355401168227563	0.102014834884787
0.146922191196889	0.0431076767472804
-0.632563406792844	0.152610991116788
1.44981862951738	0.477799018830262
1.44509906384746	0.476148552116978
0.155067569950451	0.0290355764553768
-0.997845177226802	0.4926653227243
0.516197868156601	0.182070276152868
0.370384780177247	0.164109337229307
0.127651677266186	0.0424864772644231
0.127740324846529	0.0481396538224244
-0.121083321791546	0.0481564628616814
-1.1414839653338	0.344622990730584
-1.14523333483643	0.345843348749308
-3.08216231491203	0.947551973079846
-1.04232764455762	0.41013375079511
0.660932155782147	0.207694635746326
-0.359435145573547	0.103170722743079
-0.359725191866461	0.103238313016327
-2.57660997484294	0.657538252319339
-1.14171114622793	0.344693702322242
-0.418432324070287	0.17452805778287
-0.60648645947527	0.497593692008959
-0.792596638310123	0.611048278674745
-0.547072375141699	0.205896809005572
0.128601831848837	0.0484529754734972
0.156070095129669	0.0391676647119387
0.50776496866365	0.179019570667438
-0.63185471444008	0.152466960619287
0.133494205957342	0.0502794825774846
-1.84030212833345	1.68981823239673
-0.937352343227211	0.692004168219354
-0.577532110111946	0.422909607375702
0.143467885183021	0.0421790290070851
1.75871173717241	0.962622777197235
-0.25623784972197	0.129559211249805
2.10286507825917	0.92563188054431
-0.237951175012543	0.0765779483617726
-0.539089600210505	0.202542124367007
-0.0432133700773138	0.0206106232042939
-0.906939200796952	1.16399736583929
1.0448904969898	0.496196275960062
-0.540269772022685	0.203101413077247
-3.08203048704882	0.947509650360219
-0.999437341583464	0.493311859213278
1.22958237703192	0.843097115764037
-0.112437641613907	0.0666932274129945
0.125481327678951	0.0536012042227833
-0.807547420066161	0.440867270911814
0.422732503974395	0.166740249700131
-0.194468842794236	0.105218837180181
-0.511525963221028	0.270740246429276
-1.04090886464526	0.409486451709067
2.10223401201574	1.43906286000202
-0.0794920793562974	0.034975917735626
-1.46223924018063	1.32464409472794
-1.30297756911684	0.58208110971542
1.87456872417561	2.07208619333434
-0.14424736949145	0.0820602408425501
-0.323478262143869	0.149164513688911
-0.786629190605387	0.340991155673526
-0.355401168227563	0.102014834884787
0.160221796316651	0.0401166927693931
0.370708995867251	0.164218043115525
0.887204072935865	0.471099889359017
0.654121684946124	0.205433467520013
1.81294103662311	0.70256079058948
1.02743758778838	0.383195606193548
-1.14111344283696	0.344497381350969
-0.236072750277141	0.0759464812223969
-0.113027892109346	0.0449937607261965
-0.164961528199622	0.0590946327024874
-1.04664817491529	0.41219337703347
-1.14088544605048	0.344426431780091
0.425842843580689	0.168023318876402
-0.62006610443414	0.296469925613087
0.14371839260098	0.0422424410228484
-1.52984634403446	0.54376252749597
1.01752340521689	0.378825443214315
0.697577711003236	0.456456381353303
-1.1414839653338	0.344622990730584
-0.042599635214127	0.0203208339641058
-0.976662344550899	0.604108044170574
-0.076126295516662	0.03353476597524
0.123152529758358	0.0464753496775011
-0.629763239673253	0.152058330338803
0.159992352718576	0.0400538861334557
-2.13432276018299	1.64390383927901
0.673147662557951	0.30986199776055
1.02156194483674	0.380771817220124
0.806382919129529	0.331954183712481
0.511535984561553	0.180463547184556
-0.622924950141373	0.298084054436828
-0.789650928512862	0.342421974551524
0.658741078701816	0.207014004441108
-1.0030160119447	0.495866412258457
-0.628838972377586	0.301497189830301
0.155111385030128	0.0290417527313876
-1.83564160885514	0.742645090374466
-0.35262379016767	0.101278913820777
-0.23522957281847	0.0756912588669357
0.162590253502546	0.0405994312489443
1.44862736407577	0.477555630338169
-0.353939368265063	0.101586834148653
0.41815349626362	0.164826694198742
0.140023273435885	0.041219830052157
-1.52585303078124	0.541962051097293
-0.0760018206111181	0.0334536919767082
2.75520320904554	0.763197913000704
0.15369426273246	0.0883137352966725
-3.08216231491203	0.947551973079846
0.143231568712453	0.0420634101782781
-0.121083321791546	0.0481564628616814
-0.54346877962796	0.204399150899749
-1.29202801510717	0.575756748795778
-1.2941091808211	0.576975974922849
3.26284822825054	1.10169382604423
1.02787937451017	0.383250060365422
-0.325768236591056	0.15018145007308
0.155111385030128	0.0290417527313876
3.92516768334333	1.70097969958265
-0.355394630173918	0.102015543768339
2.75580772001712	0.763760469153332
0.162590253502546	0.0405994312489443
-0.738079783119958	0.251987608125061
0.133301116726748	0.0442849463266127
0.950998501270056	0.249196467275389
0.128002629615466	0.0425983067073654
-0.354809804669678	0.101824397658975
-0.168663393721381	0.0603724956040683
0.128217426027829	0.0426676360228733
1.02271178737872	0.381316878019672
0.16045117802105	0.0401558290866076
-1.1840119631349	0.66014918760717
-1.52304226528151	0.540703452519057
-1.1413415008172	0.344450233445194
2.75641316563256	0.763778311858285
-1.83704863877437	0.743077948481445
-0.355394630173918	0.102015543768339
0.15144823932183	0.0285426379557898
-0.548204128346919	0.2062674559642
-0.507396217503075	0.268221250259367
-0.97720132748534	0.969479087927514
-0.533641006793201	0.446859294523009
-1.52614082474697	0.541895090059418
-0.628164901903538	0.15157555358925
-1.29503373562381	0.577267948395295
-0.351744415353914	0.1010114930848
-0.442506312809864	0.343838189595255
0.383643847811865	0.32855294074909
-0.639531061734479	0.623295735420444
0.35587766402345	0.333784455277047
-0.605834559739005	0.496872173465669
0.0703595530850194	0.0477007769152318
-1.00397731968748	0.907223616591618
-0.0542540574271947	0.0342374028815265
-0.0759869141420772	0.0566685787327713
-0.623559103624393	0.705056669482283
-1.04642009542375	1.40057727531934
0.937124174379436	0.63222639543926
-0.199798150882665	0.108145258883169
1.75691880430097	0.961338574868249
-0.12075997380286	0.0480297290129821
1.22489064901421	1.6095740032867
0.875385355895323	1.29776150828432
-0.799949827184588	0.693661320163555
0.179512767846784	0.128714526877813
1.68275018414937	1.95833847250666
0.400819944157138	0.316835059275344
0.850258898452073	0.626983250010615
-0.167754072609883	0.0600616127897958
-0.259089247234585	0.131099968033654
0.127405387111306	0.0480111839782604
0.158486996113524	0.0842883913031392
-0.718155223276536	0.694362313939564
0.31824504907235	0.192955854117236
0.68941654897825	0.802447186526109
0.500338852550527	0.317269273989472
0.154465593370314	0.0289479903375428
-0.163549748543938	0.0585887693480599
0.139684630056245	0.0411185419267414
0.805467397708516	0.331643487494376
0.670571388016324	0.308341959138758
0.511187733730715	0.180331422147582
2.3386469338706	1.1463460110087
-0.339225822598572	0.242577837615695
-1.14193838802885	0.344646219015582
0.658449623497539	0.206846818911275
0.144640697621443	0.0425017414545061
-0.467930684602553	0.313982345567094
-2.08853487094957	0.94349842004388
1.45054889854294	0.478121061898946
0.50952600895777	0.179673416398791
0.529221789222177	0.30461075930615
0.151167757898976	0.0802417024282859
0.132164012775708	0.0439252834614193
-0.355104953248248	0.101967480674674
-0.512579106639299	0.389877957005416
0.805680641996882	0.331728723334835
0.51534721966292	0.181749344838292
-0.741510950758259	0.253188727186893
0.572858919332307	0.458221229170861
-0.692163377527105	0.553664129080591
0.177771160541669	0.132455066900782
0.669294093430786	0.307879355796411
-2.08553743334962	0.941412888325459
-1.18026758558175	0.657601682408907
0.147259813410519	0.0432007445014279
-1.19265269914259	0.667637689252608
0.146823561647424	0.0776914846761426
0.609093684579012	0.462344902446867
0.674333859734918	0.310512339568963
-1.2941091808211	0.576975974922849
-0.665919533048588	0.398323947233835
-1.18586323787425	0.662169281444744
-3.76137421922742	1.48226291907169
1.81545080408239	0.703738180326379
-0.666573598108029	0.399015082280499
-0.799744739682709	0.618971084474597
-0.0803989917489781	0.0353723876391366
0.776781902863777	0.461819559858996
-0.359141638818634	0.103112871302961
0.148113500687537	0.0785056802078839
-0.813422406315094	0.445736281797462
-0.63159924778929	0.303148971324203
0.570501485019702	0.455790109071025
-0.687513068182205	0.548298245462313
0.143210806727225	0.0758296179696823
-0.807236543147843	0.440721837794854
0.124751416858666	0.0470574836800859
-0.543250105928331	0.204305308908878
-0.737489374761453	0.251678150254292
0.948337549654709	0.248516516252871
-0.535333292016463	0.201013510347176
-1.79840965860499	0.382877827643389
-1.1414839653338	0.344622990730584
0.159859477622278	0.0400192334307773
-1.29468583724064	0.577050898837199
-2.57660997484294	0.657538252319339
0.154509067766894	0.0289541162362231
1.01985986214015	0.380041869937102
-0.628164901903538	0.15157555358925
0.657283842665822	0.20642210460759
-1.69401702020662	0.954466738504699
0.84813713111734	0.625012418854881
0.147597353924913	0.0432809812564028
1.12136919540791	1.01102607376543
-1.18742686080635	0.663256194109459
0.16045117802105	0.0401558290866076
0.132951093876262	0.0441757525557606
-1.53297073485798	0.544868330378889
-0.737411368529038	0.251647475713659
-0.628733247343677	0.151688343674084
0.159402290839324	0.0399177124259514
0.154465593370314	0.0289479903375428
-0.230712570441327	0.0742666476260239
1.8138222857108	0.70292085392477
-2.5766529574574	0.657773148602288
-1.0001037668499	0.493752779623566
-0.663103164655776	0.395982367731761
-1.35852179587461	1.13308115773585
-0.258548809094942	0.130748653622353
-0.515479155221758	0.273129612301987
-1.51205147000913	0.761649961850138
-1.29525574662277	0.577871829307603
-0.123846347462531	0.0492523596430064
-1.13697824433148	1.26824907981078
-1.27240009480903	1.39530954036899
-0.968784221848522	0.59768595712633
0.368151935156228	0.163149596492036
1.75134073748287	1.35483139282442
-1.0046631656553	0.497107504358171
-1.11142031340171	0.766851467688825
-0.909757458150278	0.76456786105169
-0.254715109644572	0.128583611893165
-0.412965982284542	0.235929283809284
-0.536671114051193	0.201606330220057
3.92580672554595	1.70065833032814
0.128431434764688	0.0427214136286789
1.02455981174032	0.382091874796033
0.12734351598535	0.0544306878864236
0.14371839260098	0.0422424410228484
-1.52896155531942	0.543366808154917
0.144138136643148	0.0423508720464565
0.423708721184005	0.16718499503533
-0.233616960664733	0.0751877350099978
0.299221353647439	0.227060304006069
0.159745178266577	0.091855154213516
-0.0743893776856152	0.0327764828836103
-0.810298397829203	0.443174463174444
0.671426153581554	0.3087620734569
0.132732885510209	0.0441080605497273
-0.237437039825944	0.0763599123457812
0.131814043124596	0.0438161720723548
0.374092127736531	0.166034201456291
-0.537020300726747	0.201726380349835
-1.00785299147423	0.498892647730563
-0.0766234130521355	0.033718032708427
0.431148714317599	0.170179116380456
0.511535984561553	0.180463547184556
-0.540233723322025	0.202917482560003
0.507978169027623	0.178996238801615
-0.359432307228107	0.103134774665835
1.8166310232947	0.704051562387115
0.144640697621443	0.0425017414545061
-0.415582259016658	0.173291488777707
-0.352328640216398	0.101201570764145
-0.261698532482127	0.132461580912612
0.130658069144789	0.0492298941542097
-0.542682107954062	0.204015443104983
0.885340264822546	0.469535134963231
-0.168098950998947	0.060182556134742
0.88376707631409	0.469122341494911
0.65757421006213	0.206588655278929
0.657179529610805	0.206320016652676
-0.236642536873473	0.0761450888689269
0.376875238635301	0.16727169805512
-1.52984634403446	0.54376252749597
0.132164012775708	0.0439252834614193
-0.165868726206903	0.059398359502228
-0.807061272286763	0.441226470695926
-1.29503373562381	0.577267948395295
-1.83199158756097	0.740532814070127
0.585811213568047	0.302214531395461
0.123476538600204	0.0411411390392408
0.378051059436921	0.167851534216859
1.23478061000196	0.848369095026323
0.669294093430786	0.307879355796411
-0.111092319480916	0.0442510174626019
-0.539312347732804	0.202625351504848
-0.537369569369678	0.201808408063057
0.133900377854123	0.0572123695711444
3.63565166019344	1.42132833477826
0.802704240998476	0.33025128123342
0.948337549654709	0.248516516252871
4.16480743748042	1.96391658672842
-0.628867026021838	0.151670609188118
-1.29318528584883	0.57616602568844
1.02246283803588	0.381238371277329
1.95786695174359	0.441149378722158
0.154509067766894	0.0289541162362231
-0.111414326111756	0.0443778368292598
-0.240627572806769	0.0774207528438286
-3.45967591146264	1.22746502283364
0.146670376003709	0.0430346600388633
-1.04687191417195	0.412486748895758
-0.628733247343677	0.151688343674084
-1.80123754984197	0.383647112861273
-3.45945095257726	1.22747869975084
-0.628733247343677	0.151688343674084
-2.5766529574574	0.657773148602288
-0.628599509856641	0.151612619227975
0.154465593370314	0.0289479903375428
-1.79839614394125	0.382877807711208
1.55598981029304	0.755831923074866
-0.234312185154952	0.0754304879292539
-0.741763882242001	0.253307934106881
-0.354519585455166	0.101776151388844
0.162590253502546	0.0405994312489443
0.16045117802105	0.0401558290866076
-2.57968420714322	0.659073447553718
1.02304894811125	0.381607715308403
-0.543818752032067	0.204528065886448
-0.803690348239521	0.438414529705338
-1.0001037668499	0.493752779623566
-0.241194698180716	0.0775963201393135
0.947770742439721	0.248281535275256
1.55378707815797	0.754352987255714
0.658449623497539	0.206846818911275
0.160221796316651	0.0401166927693931
3.92452877652187	1.70087632208659
-0.359141638818634	0.103112871302961
-0.234312185154952	0.0754304879292539
0.669043786961478	0.307398315446467
0.132382889280095	0.0439989008298304
0.156304884454214	0.0392194704826931
0.673147662557951	0.30986199776055
-4.01127274087298	1.72385346831695
0.162125356869158	0.0404960611383205
1.02338601426445	0.38161996773056
0.144304320671072	0.0423970373819599
-1.29503373562381	0.577267948395295
-0.354525819937872	0.101778275735803
0.670495785883766	0.308175450251856
-1.79839614394125	0.382877807711208
-0.793871327710497	0.344598346953249
-0.53874057789979	0.202401825815006
0.798112323859371	0.328001407916524
-0.789306862497791	0.342262742988917
-0.172323794216928	0.061695096887414
0.155067569950451	0.0290355764553768
-1.83099487872884	0.740025429797688
-0.237090328086136	0.0762301533221021
-2.0851928861798	0.941244883307777
-1.79839614394125	0.382877807711208
0.658448437247608	0.206865271021461
0.159859477622278	0.0400192334307773
-1.1447666380351	0.34569313996721
-1.18086366894859	0.658180766835232
-0.117336741462383	0.0466584622287431
-0.538963433786103	0.202464572078945
-1.14171114622793	0.344693702322242
-0.237783836658627	0.0764730781037413
-0.414108355891229	0.236671190326578
-0.082910058511977	0.05086643080349
-0.506429969324636	0.383972790520856
-0.962706142534811	0.592524234710439
-0.625380300345378	0.299760189641616
1.04079506363497	0.493718951705615
-0.165777818856825	0.059368826568821
-0.505538353425505	0.267134589183353
0.343207737424765	0.1711450129719
-0.418699120063541	0.174624493913997
-1.1414839653338	0.344622990730584
1.81323362267005	0.702723165703649
-0.789306862497791	0.342262742988917
0.15963091503218	0.0399802605532864
0.154311934860129	0.0289593414864238
3.26569824690609	1.10327543173781
-2.08495289661111	0.941010945670462
1.01961500222098	0.379984696878922
-3.08189869996978	0.9470994296719
-1.35606054183282	0.854658191805349
-1.84057935511075	1.69025760631379
0.528232473506239	0.304189242659612
0.590365604465499	0.3051023515698
-0.241543381848446	0.0777055848228126
1.31161763457028	0.562749823451238
0.155111385030128	0.0290417527313876
1.44899109330448	0.477667123734845
-0.628164901903538	0.15157555358925
0.159036592116599	0.0397877345506797
1.04334303236484	0.494914028912666
-1.29860074136172	0.5797920330012
0.128919301055159	0.0428813133463191
0.128673280033835	0.0484868522338571
-1.83132702405761	0.74028277145384
0.157325350109871	0.02936446462458
0.13422930794267	0.0445728055584624
0.654703443030561	0.205608890273211
0.948337549654709	0.248516516252871
1.02422162940792	0.382079227006262
-1.83199158756097	0.740532814070127
0.344020825518911	0.171954547685475
0.84818606800191	0.623888217309632
0.120510141444313	0.0455113005768119
0.581193932648992	0.299447645738948
0.311218132615903	0.201852863233521
1.31451987093813	0.564351638075811
1.02592340208434	0.382810966482796
1.02422162940792	0.382079227006262
-0.737154567775087	0.251538686589487
0.327338298813687	0.181585900254316
0.13492932969269	0.0447816956397829
0.582439476614043	0.300374349088181
-0.241543381848446	0.0777055848228126
-0.80947586383922	0.443073558127975
-1.73447831488232	1.46508041016598
-1.34409517157526	0.843658320242331
-0.55774727490685	0.3568225526332
-0.325464789243747	0.150066551001885
-0.546370661002688	0.205565383963988
-0.237212899766669	0.0763212805777045
0.14027070998759	0.0412729382935957
-2.48734643273085	1.37500772456017
0.424589856092066	0.167423262672112
-0.352915395102444	0.101358152963712
1.23042477670022	0.845418603003654
2.09902930301809	0.922968081727696
-0.797094791910291	0.346349069485095
1.54772454303117	0.750267453926655
-4.22581657690928	1.96408199501772
-2.57669595250488	0.657559862268914
3.6326714041979	1.41965046916025
2.75641316563256	0.763778311858285
-1.1414839653338	0.344622990730584
2.54635513717823	1.37966478584737
1.93836473958323	1.18661646864895
1.31183590793173	0.562694726030807
0.160221796316651	0.0401166927693931
0.160221796316651	0.0401166927693931
-0.35569023027487	0.10209347470967
0.162590253502546	0.0405994312489443
-2.57660997484294	0.657538252319339
0.155067569950451	0.0290355764553768
-0.628030265547787	0.151499678636842
-1.79840965860499	0.382877827643389
-1.79840965860499	0.382877827643389
-3.76108876538849	1.48211039032061
0.50776496866365	0.179019570667438
-1.04290235412753	0.410559570501728
-2.57968420714322	0.659073447553718
0.948337549654709	0.248516516252871
-1.79839614394125	0.382877807711208
-1.52525862148376	0.541687313963439
-1.14088544605048	0.344426431780091
-0.789995070710077	0.342550534501667
-0.413914940317443	0.172398209586204
1.55450950666522	0.755013474046303
0.14556417703739	0.0427370982099398
-0.115445012575853	0.0459374479837746
-1.04278630064219	0.410314973185565
1.04780700199927	0.497914055094941
0.127740324846529	0.0481396538224244
2.3407843761875	1.14791185937458
-0.543600187389582	0.204393526545073
0.127141626540389	0.0479115733238652
1.02558467001725	0.382518749728777
0.659032643407672	0.20695576224899
1.44839669376933	0.477459847846965
-1.52866955783943	0.543083867430977
-1.18678285032494	0.662835235719457
1.04690378710311	0.497343192229306
-2.5766529574574	0.657773148602288
-0.628164901903538	0.15157555358925
-1.14088544605048	0.344426431780091
-0.628733247343677	0.151688343674084
-0.118846882261354	0.0472241520722413
-2.57963910438406	0.659061212358043
0.133988982259407	0.0444835620395598
0.130839837148547	0.0558138396767043
0.139774852128096	0.0411362731979931
-0.23522957281847	0.0756912588669357
-0.537137657009595	0.201827173809651
-1.14284398403614	0.345169869447138
-1.79840965860499	0.382877827643389
-0.628299579656606	0.151558046801791
-0.35569023027487	0.10209347470967
-1.14583039258107	0.346039770541419
0.653245802516738	0.205089848433872
0.159992352718576	0.0400538861334557
-1.79839614394125	0.382877807711208
-0.236072750277141	0.0759464812223969
-1.04163570285521	0.409773247801858
-1.52585303078124	0.541962051097293
-2.5766529574574	0.657773148602288
0.160221796316651	0.0401166927693931
-1.83099487872884	0.740025429797688
-2.0851928861798	0.941244883307777
-0.536322009305803	0.201466150653051
1.02651128578825	0.383050193875148
1.4480329582247	0.477161868008032
0.881905953351589	0.467625218578819
-0.437901180525606	0.339470416583506
-0.96452810672783	0.594064583928283
0.0510629601464201	0.0314809191393788
-0.810300749920875	0.442803793562403
-1.87647006929473	2.69202942685702
-0.391302274199708	0.271201796063898
0.585034505000857	0.302146848118809
-1.69692065897191	0.957002089838081
-0.341236933491672	0.244048801758856
-0.25766605844123	0.193077062243481
-0.290638539124739	0.212614556437784
-1.10273595285092	0.758211647961548
0.0158552225023299	0.0086196932441401
-0.410987384874928	0.234482992214215
-0.699980199844293	0.618097509980844
-0.282493727378818	0.178688463194126
-0.63185471444008	0.152466960619287
0.143467885183021	0.0421790290070851
-2.5766529574574	0.657773148602288
0.154465593370314	0.0289479903375428
-2.5766529574574	0.657773148602288
-0.742101285286405	0.253499136601578
0.15963091503218	0.0399802605532864
0.159992352718576	0.0400538861334557
-0.628030265547787	0.151499678636842
-2.5766529574574	0.657773148602288
0.134765789361054	0.0647243560732313
1.08806776840063	0.821603900618372
-1.04361600013496	0.410853585324869
-0.512128290070204	0.271107062793508
0.322047322172649	0.178158992543368
-2.49119644412757	1.37909180287789
1.95731570776637	0.441000340195791
0.144389940892798	0.0424393237157952
0.948337549654709	0.248516516252871
0.165103009331824	0.0411253937349734
-1.83139270651508	0.740181168650308
-1.51193347960281	0.761871435562758
-1.29825184667106	0.579597355540298
-1.17800123346917	0.655910249769542
0.702650878909646	0.461064986353016
-1.04744397176015	0.412600703300656
0.159992352718576	0.0400538861334557
0.155067569950451	0.0290355764553768
1.81515619836297	0.703574555319196
0.660347295989593	0.207462296247491
-1.14193838802885	0.344646219015582
0.805116244112889	0.331471066458395
0.667834408899946	0.306910995944576
0.132382889280095	0.0439989008298304
-0.415116620386652	0.172916119993669
0.466989211319108	0.317965666180903
-0.53874057789979	0.202401825815006
0.511187733730715	0.180331422147582
1.01752340521689	0.378825443214315
-2.57669595250488	0.657559862268914
-0.325152368345626	0.149912584088137
-0.234312185154952	0.0754304879292539
-1.29894971744328	0.579925756370133
1.38749663522035	1.07220088412232
-1.23710680708835	0.940483589250856
1.44922258720914	0.477763268309402
-0.0448155417660347	0.0213559908386472
-1.61741279383694	1.25110084795334
-1.34427362797871	0.842694118565477
0.130140075559398	0.0490548661465519
-0.354229439997714	0.101697261087168
-0.167409271163493	0.059935085601386
-0.359141638818634	0.103112871302961
-0.788962872631865	0.342076545446221
-0.115828799576449	0.0460664520287092
0.159992352718576	0.0400538861334557
-0.330937904921865	0.152931374943538
-0.170856035041343	0.0611834573692003
-1.14171114622793	0.344693702322242
-0.240061032815783	0.077222364016591
0.769091972515076	0.455945683096624
-0.409687345206493	0.233803798932473
1.44922258720914	0.477763268309402
1.0192751562055	0.379836783778508
2.75580772001712	0.763760469153332
1.95786695174359	0.441149378722158
0.510967914253512	0.180245566763838
-0.738748567012076	0.252134640052989
-4.23376817757738	1.97077097194121
-0.628030265547787	0.151499678636842
-3.08556356757563	0.949512459473102
-1.13895833229548	0.343813220888229
-1.79839614394125	0.382877807711208
-2.0851928861798	0.941244883307777
1.04413088328048	0.495761798173922
1.95786695174359	0.441149378722158
0.15547989361324	0.039031965106125
0.801922158295548	0.329828855715043
1.23282184412205	0.847050726361095
0.512103476504473	0.180655514559587
0.514780733836532	0.181589698987139
-0.173231531936069	0.0619881764616233
0.8804110252599	0.466091387895369
-0.331562092018327	0.153247973402218
0.424373787314051	0.167361463682442
0.948337549654709	0.248516516252871
0.160221796316651	0.0401166927693931
0.502848017421805	0.177122784241691
0.133988982259407	0.0444835620395598
-0.164961528199622	0.0590946327024874
1.81545080408239	0.703738180326379
-0.326539072018651	0.15076312383533
0.162719274583833	0.0406219991153643
-2.57660997484294	0.657538252319339
1.95786695174359	0.441149378722158
0.155111385030128	0.0290417527313876
1.02304894811125	0.381607715308403
0.506636186737087	0.178613076266429
-0.355104953248248	0.101967480674674
-0.550799406273425	0.207416002259121
-0.786851278108693	0.341002012219478
-1.14088544605048	0.344426431780091
2.54335719964434	1.37657609273331
1.81264504950119	0.702404900566408
0.155111385030128	0.0290417527313876
-0.238130718624198	0.0765764115230572
1.31473628244331	0.564270657565622
0.668959447651159	0.307697909547482
-1.83504104592481	0.742292078332567
-0.539569636046331	0.202819044138208
-1.14559783756009	0.346052129596875
-0.63185471444008	0.152466960619287
-1.83072704109891	0.739930594937107
-0.507447959204926	0.2682734714133
-0.1619566453599	0.0580474167794195
-0.624465346012822	0.299268395966845
1.02304894811125	0.381607715308403
1.0239728358881	0.381885834911352
0.155111385030128	0.0290417527313876
-1.29490682407041	0.577616131618102
0.175551320238989	0.130587966029132
-0.108502288206651	0.064282145570661
-0.194508585294929	0.105169311296838
-1.23920584141957	0.944413798443379
-1.2402882050756	0.943762867561667
-2.35845755113963	2.15791508895406
-0.905068449332512	0.757992301393138
-0.249159470238237	0.125722088486113
-0.539884754000364	0.202777184376746
0.742099214455457	0.726893660896068
0.330620754915226	0.183675159759698
-0.0121432687661165	0.00610867775961948
0.651028211171976	0.464378241054323
-0.147364009838151	0.083919206061244
0.14783327522573	0.0783639484224274
0.0548020048918389	0.0338133614061237
1.35650164525084	1.25541940422262
-0.81333966124059	0.445364281300392
-0.737489374761453	0.251678150254292
-0.997239885973177	0.49199767471028
0.420497290289715	0.165725313801652
1.04424975463849	0.495554192271584
0.155067569950451	0.0290355764553768
0.162590253502546	0.0405994312489443
0.154509067766894	0.0289541162362231
-1.1413415008172	0.344450233445194
1.44839669376933	0.477459847846965
0.160221796316651	0.0401166927693931
-1.79839614394125	0.382877807711208
1.45198001091205	0.478658944297305
-0.707195076053938	0.679599377474508
0.140700482604142	0.0745102178780891
0.510967914253512	0.180245566763838
-0.236865950236819	0.0762080730306188
-0.252409468418304	0.127414335516569
1.55322278137623	0.754063606155397
2.75520320904554	0.763197913000704
-2.5766529574574	0.657773148602288
0.155111385030128	0.0290417527313876
0.147173024714353	0.043149325154862
1.45355066214954	0.47909620382923
-1.04361600013496	0.410853585324869
0.162952579336367	0.0406858836130456
1.02617238539361	0.38275777208832
-0.359141638818634	0.103112871302961
0.159992352718576	0.0400538861334557
-0.35262379016767	0.101278913820777
-1.14171114622793	0.344693702322242
0.658157600688591	0.206837664845118
1.02363521199244	0.381873400117373
-0.257258688288793	0.130041986331332
-1.52955481711501	0.543641482939636
0.803269824230379	0.33049399469318
-0.414916683326375	0.172824045878667
2.10432597300032	1.4390861862818
1.02626205148491	0.382823634565729
0.94820175004088	0.248479682375772
-0.240627572806769	0.0774207528438286
2.33750365888202	1.14533306687431
0.511535984561553	0.180463547184556
-0.80368977255507	0.438581105146134
0.32191138205596	0.195320983093946
-2.0898088165941	0.944216737411355
0.774140291421258	0.459713179819956
-0.236420091117799	0.0760498926963215
0.128568405154016	0.0427795258685336
-1.04255649350425	0.410401789740815
0.129916076947615	0.0554206976348945
-0.540359580814883	0.202967573555385
0.343663496887345	0.171817058168894
0.144976980831471	0.0425943260188831
-2.57660997484294	0.657538252319339
-3.08556356757563	0.949512459473102
-0.355394630173918	0.102015543768339
1.5524442422019	0.753203287410312
-0.354815349846941	0.101888689175609
-0.162989326959396	0.0584083699345145
-0.808619618511849	0.441965241483382
-1.29503373562381	0.577267948395295
-1.34826843547917	0.846993382955124
0.372154632546278	0.165023296170665
-1.14111344283696	0.344497381350969
-0.355394630173918	0.102015543768339
-1.29202801510717	0.575756748795778
-0.336138305701049	0.155491066756595
0.155111385030128	0.0290417527313876
-0.628733247343677	0.151688343674084
-1.1412568453231	0.344431220445032
0.149212845857803	0.0436974436845553
0.162125356869158	0.0404960611383205
0.157325350109871	0.02936446462458
-0.629906869562113	0.152090136193736
-1.79840965860499	0.382877827643389
0.159859477622278	0.0400192334307773
-0.806612457433559	0.440304257659114
-1.82874780946892	0.738800580746292
-0.628733247343677	0.151688343674084
-1.79839614394125	0.382877807711208
0.506850875189508	0.178656463900139
-1.29202801510717	0.575756748795778
1.04390304170334	0.495341115745227
0.506850875189508	0.178656463900139
-0.356656967234746	0.102398272590581
0.375257613631461	0.166414569843084
-2.0894625554263	0.944110632073379
-0.167409271163493	0.059935085601386
0.526107290288036	0.302867088130551
4.16353012204261	1.96268998387972
-0.538518495752287	0.202252156786087
0.154465593370314	0.0289479903375428
0.804336592371997	0.330963349185792
0.143477516670026	0.0421253750116672
0.160221796316651	0.0401166927693931
-1.79840965860499	0.382877827643389
0.947770742439721	0.248281535275256
0.155067569950451	0.0290355764553768
-0.746717249463686	0.255040079048345
0.144640697621443	0.0425017414545061
1.95786695174359	0.441149378722158
-0.355401168227563	0.102014834884787
-3.0857009920368	0.949295045119167
0.424821624713548	0.167666820972884
-0.0807014082915	0.0354990875683461
2.34428714005014	1.15007845209507
-0.628164901903538	0.15157555358925
-1.52439405688463	0.541142934209623
-0.73833632952493	0.25198039611565
0.149801165834309	0.0438547660273388
0.657864503304789	0.206616146564203
-0.238300485260816	0.0767056206772632
1.45415285694275	0.479329377268875
0.126995343599123	0.0478876212085346
1.54828773160562	0.75077259968661
-0.238300485260816	0.0767056206772632
-1.52644938828825	0.542097216238236
-1.04721949984211	0.412618976511128
-0.199396006061114	0.107912996888029
0.161043695584893	0.0402684742968713
0.140609521820489	0.0413743325045252
1.95731570776637	0.441000340195791
-0.414582700218	0.172696165251637
0.879497924712769	0.465358146017653
0.987166167357612	0.809236996920043
-1.05089053183401	0.849106291617429
-0.468070909504856	0.31410530393929
-0.62532995147283	0.299558266504311
-0.502152450398295	0.379966069050883
-0.499784244954482	0.377780286146005
-0.510068003800926	0.269701724777448
1.2540162666677	0.678629053894652
0.4263556430159	0.324403327953858
-0.679296702028054	0.480118282243773
-0.583734988166976	0.428852847248779
-0.155468240831745	0.106993720078753
-0.532101090657231	0.445015860280278
-1.10859831680392	0.763452867668664
-0.257766303003423	0.130410105025724
-0.512449991248423	0.389793290416844
0.366971484627794	0.162528187043335
1.35611712295524	1.25658671886175
-1.73299821065315	1.46634996799269
-0.785720368096092	0.340476144248071
-0.809988126308024	0.442888551069516
-0.737411368529038	0.251647475713659
1.04836317982236	0.498217822369961
0.140609521820489	0.0413743325045252
-0.236989724567202	0.0762485047293907
0.143137930281083	0.0420234902455121
-0.242110936050434	0.0778562762427623
-0.628164901903538	0.15157555358925
0.945072510336007	0.247668267417156
0.16045117802105	0.0401558290866076
0.944504519928106	0.247598335656165
-3.08203048704882	0.947509650360219
-2.57963910438406	0.659061212358043
0.155111385030128	0.0290417527313876
-1.23534969111119	0.939616313764614
-0.540359580814883	0.202967573555385
1.31486971476921	0.564331716989034
-1.0030160119447	0.495866412258457
-0.547072375141699	0.205896809005572
-1.04617699792138	0.412020671665578
-1.80123754984197	0.383647112861273
1.81264504950119	0.702404900566408
0.135147068183463	0.0448731525122335
-0.168098950998947	0.060182556134742
0.162590253502546	0.0405994312489443
0.16045117802105	0.0401558290866076
-0.628733247343677	0.151688343674084
-0.237212899766669	0.0763212805777045
-0.168098950998947	0.060182556134742
-0.628164901903538	0.15157555358925
1.95786695174359	0.441149378722158
-1.83165926032039	0.740451579277532
-0.165650631391215	0.0593414877038015
0.0361496668979824	0.0210583780112731
-0.790793460230095	0.608969420625487
-2.08495289661111	0.941010945670462
0.788232219770436	0.62426115460802
-1.00339911433149	0.496272756392628
-1.29468583724064	0.577050898837199
-0.238517872091775	0.0767343190056563
-0.628030265547787	0.151499678636842
0.162952579336367	0.0406858836130456
-0.999770520176459	0.493549718270557
1.75581252415946	0.960877392919588
1.23417320894585	0.848249739485819
0.324362599365035	0.179615844268892
0.801294435982005	0.329722340410091
0.697866076460167	0.456722359396474
-0.51103675896282	0.270152926506011
-1.61907359320996	1.25400629916467
-0.539661343528338	0.202765677037844
-3.08203048704882	0.947509650360219
-2.30476209042479	1.1515199403139
-0.628299579656606	0.151558046801791
-1.14111344283696	0.344497381350969
-0.542550190002901	0.204022574863377
-0.111625043258788	0.0444230570537812
0.128217426027829	0.0426676360228733
0.133142839040939	0.0568208455015268
-0.788395480319902	0.341804995882944
2.33819419637623	1.14580369017016
-0.792865631143318	0.344008393266803
0.128568405154016	0.0427795258685336
-0.740486905445706	0.252775901531668
-1.79840965860499	0.382877827643389
-1.79839614394125	0.382877807711208
-0.63185471444008	0.152466960619287
2.75641316563256	0.763778311858285
0.154465593370314	0.0289479903375428
0.944504519928106	0.247598335656165
0.160221796316651	0.0401166927693931
-1.79840965860499	0.382877827643389
-0.628164901903538	0.15157555358925
-1.04021595924619	0.409215240728406
1.04390304170334	0.495341115745227
0.147259813410519	0.0432007445014279
0.948768757521975	0.248549269795159
0.654989426637948	0.205620898952272
-0.121083321791546	0.0481564628616814
-0.111680767322516	0.0444764309930823
-0.737745529684395	0.251848226779474
0.514431860453614	0.181517099423547
0.420653932369945	0.165919903886093
1.02338601426445	0.38161996773056
-1.00037438735711	0.493892565592627
0.130252043796619	0.0490662084514869
0.801571141201532	0.329656916274671
-2.57660997484294	0.657538252319339
0.947770742439721	0.248281535275256
0.948337549654709	0.248516516252871
2.75641316563256	0.763778311858285
-0.631994988626399	0.152498044571477
0.517329942421449	0.18248668342077
1.44780311038183	0.477066495630919
1.95731570776637	0.441000340195791
0.950287720870208	0.248999740475732
2.75580772001712	0.763760469153332
3.26569824690609	1.10327543173781
0.51518302061104	0.181531381043715
-1.14111344283696	0.344497381350969
0.146922191196889	0.0431076767472804
0.132732885510209	0.0441080605497273
0.511406581218177	0.180333732150807
-3.76108876538849	1.48211039032061
-0.738079783119958	0.251987608125061
0.144640697621443	0.0425017414545061
-0.412938616691816	0.172061331189187
-0.628867026021838	0.151670609188118
1.81264504950119	0.702404900566408
0.16045117802105	0.0401558290866076
0.154509067766894	0.0289541162362231
2.54614231756351	1.37953151874953
-0.233395157779413	0.075126282890225
-1.00097868340154	0.494024971537194
-0.737489374761453	0.251678150254292
2.75520320904554	0.763197913000704
0.144054213480702	0.0423469198905259
-0.628030265547787	0.151499678636842
-1.2948051112795	0.577362423726676
-1.79840965860499	0.382877827643389
1.45114635521655	0.478471348903038
-0.121406733891097	0.0482789131009229
0.339455490649775	0.169320934103776
1.57954377126893	1.71291542640751
0.425281606664403	0.167780963846818
-0.323166350368557	0.149010924449565
-0.341759434277134	0.207583122829008
-0.418098622830114	0.174378553054991
-0.359435145573547	0.103170722743079
-0.739810651859165	0.252595067527066
-1.1406575104342	0.344234513147494
-0.810298397829203	0.443174463174444
-0.680265348963648	0.481004810395536
-0.0196508434398255	0.0130268398396309
-1.15598601512484	1.01092015392497
-1.69365069043125	0.952980236644444
0.312896157343118	0.189142169228642
-0.307139279557846	0.252270528570981
0.033778825572832	0.0196538706234603
-0.499841062170933	0.263416546521431
-0.253063568737107	0.127775270691815
-0.07500874924485	0.0330421732017199
1.09067839369163	0.825682892366604
-2.30041902135912	1.14771664793519
-0.966776141874087	0.595634558804664
-0.408003797304242	0.232565142662761
-1.52896155531942	0.543366808154917
0.155111385030128	0.0290417527313876
-1.14088544605048	0.344426431780091
-1.18646093927296	0.662551325409641
0.145900922770069	0.0428171507649781
1.45138090115721	0.478568850670936
1.44899109330448	0.477667123734845
-0.354519585455166	0.101776151388844
-2.5766529574574	0.657773148602288
-1.13849635482287	0.34354887893789
0.94820175004088	0.248479682375772
-2.57968420714322	0.659073447553718
1.95786695174359	0.441149378722158
0.154465593370314	0.0289479903375428
2.75580772001712	0.763760469153332
-0.910206413206707	0.764585644199016
0.583661099816125	0.30061250714809
-3.76529646610535	1.48477662035046
-0.162861071132377	0.0583534612127534
0.425842843580689	0.168023318876402
-1.14088544605048	0.344426431780091
0.144640697621443	0.0425017414545061
-1.79839614394125	0.382877807711208
0.156896734628332	0.0393320207188234
0.660932155782147	0.207694635746326
2.75520320904554	0.763197913000704
-0.539219691548408	0.202623826299243
-1.2941091808211	0.576975974922849
-0.236989724567202	0.0762485047293907
-0.737745529684395	0.251848226779474
0.516547144535097	0.182142928581128
0.132600988210423	0.0440609588064188
-0.511339464712696	0.270336863256202
-0.326701435000739	0.150635968932603
-0.12075997380286	0.0480297290129821
-0.797312161678037	0.346534853807119
-0.409816838953692	0.233634565576299
-0.735458723618684	0.250947808327744
0.15144823932183	0.0285426379557898
-1.13895833229548	0.343813220888229
3.6326714041979	1.41965046916025
1.54680777141452	0.74936933408606
1.65050845881608	1.55450204542329
0.493925346037194	0.311825970704383
-0.810923332320749	0.443516649682128
0.165103009331824	0.0411253937349734
-0.789650928512862	0.342421974551524
0.156661115950913	0.0392800358899383
-0.354525819937872	0.101778275735803
-1.14088544605048	0.344426431780091
-1.04163570285521	0.409773247801858
-1.0419816315643	0.409976007162161
0.512600050895113	0.18073388148523
2.75580772001712	0.763760469153332
-0.117688932670079	0.0468486729054095
2.75520320904554	0.763197913000704
0.703381778431381	0.462090937648832
1.02592340208434	0.382810966482796
1.44958631087756	0.477702557005987
0.144640697621443	0.0425017414545061
0.146670376003709	0.0430346600388633
0.147259813410519	0.0432007445014279
0.132951093876262	0.0441757525557606
2.75520320904554	0.763197913000704
-3.0857009920368	0.949295045119167
-0.628299579656606	0.151558046801791
-0.354229439997714	0.101697261087168
1.81323362267005	0.702723165703649
0.162357836679133	0.0405597098553547
-1.14088544605048	0.344426431780091
-1.69634136387629	0.955896600132044
1.44981862951738	0.477799018830262
0.15144823932183	0.0285426379557898
1.45054889854294	0.478121061898946
-0.120167455299042	0.0478010740088029
0.370326825020082	0.164116205224483
0.140609521820489	0.0413743325045252
0.144389940892798	0.0424393237157952
-0.537590863359465	0.201894959579
0.14371839260098	0.0422424410228484
0.803760414606964	0.330819866621168
0.510271633266051	0.179924314863983
-0.625692684462055	0.299377366971328
0.666385345775343	0.306202110873003
-2.57669595250488	0.657559862268914
1.81323362267005	0.702723165703649
0.134579360214552	0.0446820626093357
-1.52275201069355	0.540627902821117
0.948905461162112	0.248586345985544
-1.83564160885514	0.742645090374466
2.75868832531345	0.765017792149168
2.75580772001712	0.763760469153332
0.154465593370314	0.0289479903375428
-0.354815349846941	0.101888689175609
0.948768757521975	0.248549269795159
-0.363196548838041	0.104223897327175
1.81294103662311	0.70256079058948
-1.51193347960281	0.761871435562758
-0.354519585455166	0.101776151388844
2.33785384704991	1.14562321252435
-0.237783836658627	0.0764730781037413
-2.3045284921599	1.15130739007319
-1.1413415008172	0.344450233445194
-1.79839614394125	0.382877807711208
-0.237090328086136	0.0762301533221021
-0.234534484549801	0.0754746413023498
-0.236669444294962	0.0761561849297003
1.95786695174359	0.441149378722158
0.950998501270056	0.249196467275389
0.659678688827779	0.207049146044387
0.15144823932183	0.0285426379557898
-1.52955481711501	0.543641482939636
1.04424975463849	0.495554192271584
0.131944361264887	0.0438321696149265
0.424719696521905	0.167520800855861
-1.04313192494267	0.410517747694466
0.510619816865865	0.180113549991954
3.26631056571709	1.10328266544307
-3.08556356757563	0.949512459473102
-0.742101285286405	0.253499136601578
-1.14559783756009	0.346052129596875
-2.30383287964351	1.15080880271623
0.658157600688591	0.206837664845118
-0.541982138529851	0.203732865607725
2.33356949482934	1.142348547644
-0.241194698180716	0.0775963201393135
-0.19815145605143	0.107222402663046
-0.552575273401569	0.352983742706684
0.136045220966435	0.0580504203822811
1.09341427975451	0.828273866913226
-0.26235995294509	0.132795331247969
-1.52614082474697	0.541895090059418
-0.29741393082984	0.218323062947684
-0.506269207642477	0.267208166381903
-0.996907415288135	0.49182997996147
0.155067569950451	0.0290355764553768
-1.13895833229548	0.343813220888229
-0.965237774547831	0.594149815429311
-1.11441319764502	0.770074381141894
-0.342667540413934	0.276588019313361
-0.891234056790035	0.82904894598141
-0.661721890353869	0.394821073413873
-0.151623523402777	0.0864303861077182
-0.195087139693944	0.151542547200147
-0.39555437256707	0.274721958806612
-0.667649818521345	0.399460839061927
0.13702524312717	0.0657941189156485
0.13344715681091	0.0569633928380752
-0.0111052013248261	0.00561141702952369
-0.90494299045776	0.758601136314035
0.179049743138719	0.117118912285469
0.136884366080616	0.0656256474791365
-0.0796858688486884	0.0488555103531525
-0.341533087089955	0.207101111159719
-1.10918454329817	0.763995769327407
-0.254715109644572	0.128583611893165
-1.1840119631349	0.66014918760717
-0.798328131496804	0.347039810817492
0.128002629615466	0.0425983067073654
1.31296915771995	0.563217318478537
0.143467885183021	0.0421790290070851
0.143467885183021	0.0421790290070851
0.657866689740957	0.206670742493303
3.26224218729945	1.1009233569627
-0.628030265547787	0.151499678636842
0.155111385030128	0.0290417527313876
-3.08203048704882	0.947509650360219
0.156304884454214	0.0392194704826931
-0.628164901903538	0.15157555358925
-3.0857009920368	0.949295045119167
-1.14171114622793	0.344693702322242
0.163185820804974	0.0407257646525502
0.840772204387849	0.76534434288505
-0.809676508391549	0.442607458794809
-0.327014345939738	0.150800233005045
0.510839396613925	0.180141996770445
-0.62732563122962	0.300719543149506
-0.738748567012076	0.252134640052989
3.26284822825054	1.10169382604423
0.155067569950451	0.0290355764553768
0.162125356869158	0.0404960611383205
0.513297440290374	0.181056085890725
0.661517102334111	0.207824976675168
0.159402290839324	0.0399177124259514
0.140023273435885	0.041219830052157
0.315066397796367	0.190437819224133
-0.791832805004252	0.343622226885232
-1.83564160885514	0.742645090374466
-0.354815349846941	0.101888689175609
-0.625937070321993	0.151091209012893
0.134796989185734	0.044763826715822
0.131850096082115	0.0496765164754003
1.31240282325545	0.562988742832529
0.782479297569299	0.617341406928973
-0.162300795954345	0.0581731243217536
-0.120705980641787	0.0479830037605722
-0.118308141297603	0.0470324989584549
-0.541053988501391	0.203408052094411
-0.628299579656606	0.151558046801791
2.75641316563256	0.763778311858285
1.44922258720914	0.477763268309402
0.948337549654709	0.248516516252871
-0.359141638818634	0.103112871302961
-0.538391637447097	0.202241097472968
0.801786885039242	0.329686341918844
0.130626533328143	0.0434288699946859
-0.32945600647168	0.152097548323583
-2.30476209042479	1.1515199403139
-1.00334886962648	0.496090169972327
-1.14260761039773	0.345006924269412
-0.547287052704382	0.205976261023422
0.15144823932183	0.0285426379557898
0.658157600688591	0.206837664845118
0.157325350109871	0.02936446462458
-0.626075023442282	0.151167646950723
-1.79840965860499	0.382877827643389
0.144389940892798	0.0424393237157952
0.154465593370314	0.0289479903375428
-0.628733247343677	0.151688343674084
-0.628164901903538	0.15157555358925
-0.628733247343677	0.151688343674084
-1.69788730794492	0.9568468536646
-0.789186944928493	0.341997569429404
0.15963091503218	0.0399802605532864
-2.5766529574574	0.657773148602288
1.02592340208434	0.382810966482796
0.150139558066054	0.0439481510359518
0.654408135649179	0.205512311863459
0.135497064378108	0.0449728061554857
0.132382889280095	0.0439989008298304
-0.793305877820496	0.344462091426673
-0.355401168227563	0.102014834884787
3.92452877652187	1.70087632208659
-0.537590863359465	0.201894959579
2.33470644076288	1.14335517449658
0.943937640725668	0.24736392993685
1.44839669376933	0.477459847846965
1.81574571371452	0.703837629137609
0.16045117802105	0.0401558290866076
-0.237559934502149	0.0764246711906185
1.44922258720914	0.477763268309402
0.154465593370314	0.0289479903375428
2.75580772001712	0.763760469153332
-0.626075023442282	0.151167646950723
-2.57963910438406	0.659061212358043
-0.628164901903538	0.15157555358925
0.159859477622278	0.0400192334307773
0.154509067766894	0.0289541162362231
3.26857074944807	1.10417713664958
0.144389940892798	0.0424393237157952
-0.354815349846941	0.101888689175609
0.510967914253512	0.180245566763838
0.658741078701816	0.207014004441108
0.156304884454214	0.0392194704826931
-0.628867026021838	0.151670609188118
-1.52527766014307	0.541726073904961
1.44391071628385	0.475549251261387
-1.5292536270854	0.543488048058857
-0.168443906364487	0.0602979483615774
0.659032459281836	0.207041754611057
0.805116244112889	0.331471066458395
-1.52497036065527	0.541612586959632
0.510967914253512	0.180245566763838
-0.628164901903538	0.15157555358925
0.659032459281836	0.207041754611057
-0.354229439997714	0.101697261087168
-0.999167083585943	0.493010859676662
0.950998501270056	0.249196467275389
-1.52468217246603	0.541450953371581
1.8135291528185	0.702758164322864
-1.52499008340819	0.541418114624462
-0.359141638818634	0.103112871302961
-0.1543849193781	0.0880609665116836
-0.74243876954869	0.25362235352836
-0.739003822726622	0.252222384495429
0.511535984561553	0.180463547184556
0.658157600688591	0.206837664845118
0.124989356000535	0.0533282830149229
0.154508825265604	0.0820750052553746
-0.664465802510175	0.396805630761883
1.02363521199244	0.381873400117373
0.322536511482767	0.178482088044605
-0.410415730554536	0.234038218354238
-4.41216759171177	2.21071024552937
-0.104338205561733	0.0617247685327003
-0.805891478973771	0.536961305760892
-0.535402990152881	0.201037267314672
-0.337412813414752	0.20460301795254
-0.397998587598672	0.276590404787497
-0.626836786440588	0.564867215266708
-0.0585401889808955	0.0369639702705694
-0.685897583205123	0.546663185755142
-0.416519786690065	0.173702607204853
-0.631003887082057	0.302869251450465
-0.535972986453295	0.201305640312495
0.132528387877086	0.0636004850705903
0.0255041798728682	0.0137838928499418
-0.907338217399094	0.761244201863954
-0.0438510272292785	0.0209070802229925
-0.332498100411613	0.153701798268277
-1.4593545251276	1.31627737102103
-0.810612552252399	0.443084941827577
0.128670408883655	0.0548738095016879
1.75780594186057	0.962186704227779
-0.543818752032067	0.204528065886448
1.02363521199244	0.381873400117373
-0.414582700218	0.172696165251637
-0.167754072609883	0.0600616127897958
0.510271633266051	0.179924314863983
0.420710921124661	0.165871172191323
0.160221796316651	0.0401166927693931
-1.1414839653338	0.344622990730584
-0.628733247343677	0.151688343674084
1.95988292961267	0.441702177751728
0.154465593370314	0.0289479903375428
3.26345542626113	1.10199860979414
3.26345542626113	1.10199860979414
0.060237626259724	0.037179217127528
-0.935414386685397	0.69035115026705
1.04502103592787	0.496054824715763
-2.30007213812399	1.14746925859003
-1.52497036065527	0.541612586959632
-0.240278820798337	0.0772929353381372
1.01961500222098	0.379984696878922
1.02363521199244	0.381873400117373
-1.0419816315643	0.409976007162161
-0.628030265547787	0.151499678636842
-0.539089600210505	0.202542124367007
-1.50279544291114	0.755018220309598
-2.08460819785075	0.94084287548003
-0.534252162096025	0.200568300060239
-1.13895833229548	0.343813220888229
-0.245541128473275	0.0789739237518624
0.948337549654709	0.248516516252871
-0.16684564485734	0.0597373941238438
-0.117336741462383	0.0466584622287431
-1.82841297073294	0.73863065228361
-0.506794097572438	0.267917146892905
1.55620078746038	0.756212440653057
-0.234659925712008	0.0755339906287207
0.345069601977721	0.172542436651614
-0.788962872631865	0.342076545446221
-0.35262379016767	0.101278913820777
0.667055935180136	0.306473926098619
0.154465593370314	0.0289479903375428
-1.79840965860499	0.382877827643389
-0.241194698180716	0.0775963201393135
1.31530203855702	0.564526657282562
0.131541520016344	0.0437194079588842
-0.236642536873473	0.0761450888689269
-0.628867026021838	0.151670609188118
-1.30306677357967	0.582294175956165
0.51408290047205	0.181384498788784
-3.08189869996978	0.9470994296719
-0.737745529684395	0.251848226779474
-3.0857009920368	0.949295045119167
-1.79840965860499	0.382877827643389
-1.83165926032039	0.740451579277532
-1.52556530925699	0.541887546993991
0.656311070885642	0.206056768558202
-0.165995298204196	0.0594566920073821
1.45114635521655	0.478471348903038
-3.76108876538849	1.48211039032061
-0.540582774520611	0.203037525917041
-1.04090886464526	0.409486451709067
0.425167304475746	0.167813808376943
-0.540836580077605	0.203369627038744
0.127067130239612	0.0479237420102215
1.55230573373748	0.753147839021799
0.797972177742043	0.327977456331324
1.44839669376933	0.477459847846965
2.34214413722098	1.14880500240653
-0.626075023442282	0.151167646950723
2.10080345028195	0.924400736993524
0.947635845528227	0.248244973505163
0.425281606664403	0.167780963846818
1.44839669376933	0.477459847846965
0.160221796316651	0.0401166927693931
1.95786695174359	0.441149378722158
2.75580772001712	0.763760469153332
-3.45967591146264	1.22746502283364
0.160583229502904	0.0401661733691417
0.513516136888496	0.181178716343693
0.155111385030128	0.0290417527313876
0.343515362055148	0.171387824364995
-0.359141638818634	0.103112871302961
-0.628030265547787	0.151499678636842
1.45078261646269	0.478218161496633
3.63800215358027	1.42157836230782
2.33842592547281	1.14619164851825
-0.354525819937872	0.101778275735803
-0.628733247343677	0.151688343674084
-1.52955481711501	0.543641482939636
-1.79840965860499	0.382877827643389
-0.628164901903538	0.15157555358925
-0.542200355463654	0.20382681574915
0.154465593370314	0.0289479903375428
0.654121684946124	0.205433467520013
1.44862736407577	0.477555630338169
0.145313170347528	0.042674261922763
2.1037096154536	0.926051884063359
0.663132334033902	0.208271470068789
3.27084439282948	1.10457819366653
0.654703443030561	0.205608890273211
1.31486971476921	0.564331716989034
0.155067569950451	0.0290355764553768
-1.14523333483643	0.345843348749308
-3.08216231491203	0.947551973079846
-1.83072704109891	0.739930594937107
-1.52554695498285	0.541620681553635
-1.51262029806075	0.762329863284607
-0.735538279411364	0.250976055861043
-1.52468217246603	0.541450953371581
0.67912166875874	0.313015733596821
0.657864503304789	0.206616146564203
-1.00488760693082	0.908589519576119
0.13648154632258	0.0655472388779091
-0.935882244208081	0.691339101300207
0.69911332374351	0.457950581723798
0.162650317115367	0.0998892920705923
-0.0687427934742669	0.0303337015074852
-0.550143266612475	0.35079939303787
0.671166583876549	0.308670070263109
-0.410652148472588	0.234426201126656
0.155865183994629	0.0895273932061834
-1.83099487872884	0.740025429797688
-0.798304220083608	0.691579206155745
1.75857433397038	0.962537125105929
-0.503740359428344	0.265822350710775
1.09726272507886	0.833892133538524
0.849695892927062	0.62632951482611
1.23137995825322	1.35556794237293
-0.549479299410381	0.350526168601563
-0.0704378650959987	0.0310641344341906
-0.40704265045882	0.231921623211714
-0.579689576235219	0.424643114554412
-0.540010421209968	0.202885751343567
-0.940080980218068	0.695160982996942
-1.83072704109891	0.739930594937107
0.129916076947615	0.0554206976348945
0.154465593370314	0.0289479903375428
2.75641316563256	0.763778311858285
-0.330513491453011	0.152720818608878
0.12913352992743	0.0429550272454785
1.04934203386098	0.498700980586011
1.03144627194415	0.384568101938763
0.944504519928106	0.247598335656165
0.154465593370314	0.0289479903375428
-1.80123754984197	0.383647112861273
0.16045117802105	0.0401558290866076
-0.628733247343677	0.151688343674084
0.948337549654709	0.248516516252871
-0.741848602831151	0.253311922462979
-0.738414128880846	0.252090639638632
0.0685027377201752	0.0444771949750843
0.343827829244824	0.171574217030059
-0.623906381122263	0.29857673275019
0.88099839576048	0.466529066729843
-1.5082900806176	0.75898051972622
0.155067569950451	0.0290355764553768
0.803406298057045	0.330476655381048
-0.241325335112873	0.0776212717213414
-1.14499995487719	0.345855392571373
-1.10786947260097	0.762398281561715
-0.737154567775087	0.251538686589487
-0.737745529684395	0.251848226779474
-0.354815349846941	0.101888689175609
-3.08203048704882	0.947509650360219
-1.83637146222996	0.742529051928793
-1.19018461257151	0.665625499116834
-0.359725191866461	0.103238313016327
-0.73833632952493	0.25198039611565
-1.14088544605048	0.344426431780091
-0.738882523398138	0.252189660649256
0.128353498749062	0.0427000802237377
0.37713976360368	0.167394977086872
0.128217426027829	0.0426676360228733
-0.625420064790819	0.299364667533995
0.13146580926851	0.0560811387017879
-0.166111290983893	0.0595337328333211
1.0239728358881	0.381885834911352
0.159578404777515	0.0918878947101614
-1.04418706517305	0.411112263748397
-1.34489823388258	0.843163844366104
-0.737489374761453	0.251678150254292
-0.746468959039539	0.255084183402722
-0.628030265547787	0.151499678636842
2.75580772001712	0.763760469153332
0.801786885039242	0.329686341918844
0.804551193439478	0.331168980919484
-0.354519585455166	0.101776151388844
0.659324643575319	0.207123110468657
-0.969387244041332	0.598345544931514
-0.354815349846941	0.101888689175609
-1.5292536270854	0.543488048058857
-0.735795036496609	0.251087692088149
-1.79840965860499	0.382877827643389
0.155111385030128	0.0290417527313876
1.31075302529266	0.562166881695306
-2.3085310767113	1.15438674735507
-1.0438234260038	0.410788519057193
1.25940066717258	0.682987619618916
0.131900506227203	0.0562878352351733
0.511884149147493	0.180536056250855
-1.04699599964233	0.412236522767609
-0.536892625271128	0.201634766838871
-1.29869220259106	0.579679423164169
0.50776496866365	0.179019570667438
0.161043695584893	0.0402684742968713
0.144054213480702	0.0423469198905259
0.127668996962389	0.0480973768293819
-1.2948051112795	0.577362423726676
0.160813493636874	0.0402291855562724
0.94820175004088	0.248479682375772
-3.0857009920368	0.949295045119167
2.75580772001712	0.763760469153332
-1.79839614394125	0.382877807711208
-0.628867026021838	0.151670609188118
-0.626075023442282	0.151167646950723
0.657866689740957	0.206670742493303
-0.355104953248248	0.101967480674674
-0.241194698180716	0.0775963201393135
-1.13895833229548	0.343813220888229
0.944504519928106	0.247598335656165
0.156304884454214	0.0392194704826931
-2.08224011884719	0.939282107374303
0.156896734628332	0.0393320207188234
0.512600050895113	0.18073388148523
1.44862736407577	0.477555630338169
3.6326714041979	1.41965046916025
0.159859477622278	0.0400192334307773
-0.237907054483207	0.0765120695488488
1.31451987093813	0.564351638075811
0.653540010885453	0.205185988936824
0.149212845857803	0.0436974436845553
0.146584487246171	0.0430023159110844
1.31054152970832	0.562024590641149
1.02329749324129	0.381582146499257
-0.355104953248248	0.101967480674674
0.51386494250992	0.181311218287051
3.63203016857434	1.41874839489518
0.160813493636874	0.0402291855562724
0.155111385030128	0.0290417527313876
-1.14559783756009	0.346052129596875
3.26508709738097	1.10261522135605
1.95731570776637	0.441000340195791
-2.5766529574574	0.657773148602288
-1.0036817951782	0.496273719320379
-1.1412568453231	0.344431220445032
-1.52896155531942	0.543366808154917
1.44922258720914	0.477763268309402
0.162719274583833	0.0406219991153643
-2.49153887696394	1.3794831051551
0.772833879108308	0.45894134158591
0.0319975878765748	0.0186750846959463
-0.234645836427366	0.15374026401768
-0.253063568737107	0.127775270691815
-0.0717751999099725	0.0316466216384382
0.139542963985349	0.0669682425041542
-0.800150797777681	0.619036661674074
-1.65187030233709	1.70912822742388
-0.581968794184943	0.426963881373622
-0.270631125461451	0.170326127040168
-0.587113683022752	0.431782702300944
-0.11512189478062	0.0458130318128354
-0.788051638764763	0.341587882696307
-0.112437641613907	0.0666932274129945
-0.806613464250832	0.440297416724532
-1.00664676634159	0.909795245542239
-0.66467498420205	0.397526639107899
-0.326393633173898	0.150521800029804
-0.113830143183779	0.0675141226240048
-0.886611478000403	0.822170477464549
-0.807859674665281	0.441062645155464
4.37622086004103	2.22737429730147
-0.789083391693148	0.34215026874497
0.145995384957952	0.042836480378728
0.88469254678474	0.469318863205873
0.128075192969757	0.0482635683600574
1.44862736407577	0.477555630338169
-1.04255649350425	0.410401789740815
-0.239712126266584	0.0770946293272292
0.154311934860129	0.0289593414864238
-0.360424422137527	0.103456197360052
0.155067569950451	0.0290355764553768
2.75807933893485	0.764710363024488
2.75520320904554	0.763197913000704
-0.628733247343677	0.151688343674084
-1.52525862148376	0.541687313963439
2.10114269367742	0.924635433318668
-0.236642536873473	0.0761450888689269
-0.326393633173898	0.150521800029804
-1.18770323490463	0.663144069216596
-0.329146058047281	0.151991518723621
0.15963091503218	0.0399802605532864
2.75580772001712	0.763760469153332
-0.628030265547787	0.151499678636842
0.161043695584893	0.0402684742968713
-0.244977424990099	0.078799048069108
0.154509067766894	0.0289541162362231
0.143477516670026	0.0421253750116672
-0.544264065926487	0.204797597144567
-0.74243876954869	0.25362235352836
-1.13895833229548	0.343813220888229
-0.539661343528338	0.202765677037844
-0.354229439997714	0.101697261087168
-0.628030265547787	0.151499678636842
-0.414181611233199	0.172499925294108
-0.741848602831151	0.253311922462979
-0.807235224462935	0.440644755239146
-0.359725191866461	0.103238313016327
-0.250111948564357	0.126180675841749
-0.165088554277847	0.0591488725692337
-0.236295434458238	0.0760318807121589
-0.249538902334702	0.0802244220104811
0.159992352718576	0.0400538861334557
0.149212845857803	0.0436974436845553
-0.742776335066151	0.253679551734855
-0.539661343528338	0.202765677037844
2.10173504798347	0.924843834263361
-0.738414128880846	0.252090639638632
-0.628299579656606	0.151558046801791
-0.800635670278497	0.348242107256169
0.154465593370314	0.0289479903375428
-0.628733247343677	0.151688343674084
-3.08216231491203	0.947551973079846
-1.79840965860499	0.382877827643389
-3.08556356757563	0.949512459473102
-1.52866955783943	0.543083867430977
-2.57660997484294	0.657538252319339
0.162357836679133	0.0405597098553547
-0.122984359346539	0.0489187523079828
2.72578399363787	1.63627178086611
-0.354815349846941	0.101888689175609
1.3150863687139	0.564688556451063
-0.117336741462383	0.0466584622287431
-1.52497036065527	0.541612586959632
2.54465539428252	1.37784108921964
1.31126841403568	0.56233368703482
-1.1412568453231	0.344431220445032
3.26345542626113	1.10199860979414
0.163185820804974	0.0407257646525502
1.02271178737872	0.381316878019672
2.10021124048698	0.924077935460336
0.94820175004088	0.248479682375772
0.65757421006213	0.206588655278929
0.143817020419273	0.042209488638599
-1.14088544605048	0.344426431780091
0.144389940892798	0.0424393237157952
0.144725574883443	0.0425191258680454
0.140023273435885	0.041219830052157
0.658741078701816	0.207014004441108
0.94820175004088	0.248479682375772
-1.14559783756009	0.346052129596875
0.125085786448965	0.0471836584371826
1.44839669376933	0.477459847846965
1.06283268198428	0.643666030279054
1.02304894811125	0.381607715308403
1.0413509498197	0.494052519302526
-1.52556530925699	0.541887546993991
0.15144823932183	0.0285426379557898
-0.35569023027487	0.10209347470967
-1.29376133697956	0.576703831793288
0.511535984561553	0.180463547184556
0.157370411029726	0.0293708256249034
-2.5766529574574	0.657773148602288
-1.04779140371951	0.412732841654536
-0.233047434566175	0.0749968030904927
0.51408290047205	0.181384498788784
0.144054213480702	0.0423469198905259
3.63331351050508	1.42008896661082
-2.5766529574574	0.657773148602288
-1.14088544605048	0.344426431780091
-3.08216231491203	0.947551973079846
1.95731570776637	0.441000340195791
-1.14171114622793	0.344693702322242
-2.5766529574574	0.657773148602288
-2.652654242736	1.61608904191966
-2.49164768520171	1.37949331968487
-0.23808408660897	0.0766242401144763
-0.628599509856641	0.151612619227975
0.155111385030128	0.0290417527313876
0.159402290839324	0.0399177124259514
-0.53807249671511	0.202201826922908
0.324070475144127	0.179498877599934
-0.19951738266641	0.107990838793166
-0.559691841431007	0.358333713591006
-0.999770520176459	0.493549718270557
-0.554566743776019	0.35403519889262
-0.624787013389174	0.299458156224005
-0.142560015304018	0.0810356659845497
0.127067130239612	0.0479237420102215
-0.167857447437524	0.0601420074781568
0.131182346173996	0.0494239428300676
0.469359719178976	0.319888754097796
-0.254336312730808	0.128522043568015
-0.329768397676277	0.152271155223032
-0.622602514066325	0.297951287862419
1.04690378710311	0.497343192229306
-0.742354946133043	0.253440043281208
-0.168318442800183	0.0602514969158982
2.72466968012884	1.63483488457966
-0.355104953248248	0.101967480674674
-3.08203048704882	0.947509650360219
0.425842843580689	0.168023318876402
2.0991329538262	0.923165538283533
0.660638687988492	0.207526442563452
0.160221796316651	0.0401166927693931
0.658448437247608	0.206865271021461
-1.79839614394125	0.382877807711208
-1.79840965860499	0.382877827643389
-1.79839614394125	0.382877807711208
-2.57660997484294	0.657538252319339
0.948905461162112	0.248586345985544
-1.79839614394125	0.382877807711208
-1.61833437606022	1.25288792800678
0.328406233525666	0.182280751569256
0.511535984561553	0.180463547184556
-0.5431188895219	0.204245277624117
-1.1413415008172	0.344450233445194
0.16045117802105	0.0401558290866076
0.156661115950913	0.0392800358899383
-0.233964530152622	0.0753172914260115
0.950426851449918	0.249037516760643
0.950998501270056	0.249196467275389
0.160221796316651	0.0401166927693931
-1.14111344283696	0.344497381350969
-1.04813892068855	0.412775744631749
-0.237212899766669	0.0763212805777045
-0.355104953248248	0.101967480674674
-0.802552377601377	0.534849653244977
-1.04359432816695	0.410701746871047
-0.501742838197007	0.264598866572696
0.645225246953125	0.459494863665145
-1.00004103377151	0.493654528880013
-0.164399596828408	0.0589021623891461
-0.625937070321993	0.151091209012893
-1.04324829900211	0.41067273876345
-0.739003822726622	0.252222384495429
-1.83105982818556	0.740099638711398
-0.355104953248248	0.101967480674674
-1.14583039258107	0.346039770541419
-3.08229418357021	0.947231644170671
-1.04232764455762	0.41013375079511
-1.79839614394125	0.382877807711208
-1.52585303078124	0.541962051097293
-1.14111344283696	0.344497381350969
-1.83504104592481	0.742292078332567
-2.57669595250488	0.657559862268914
0.947770742439721	0.248281535275256
-0.792961532394216	0.344288490733264
0.139774852128096	0.0411362731979931
1.02363521199244	0.381873400117373
0.657864503304789	0.206616146564203
-3.08189869996978	0.9470994296719
0.591303356385791	0.305825227482059
-0.53874057789979	0.202401825815006
0.144389940892798	0.0424393237157952
-0.355104953248248	0.101967480674674
0.155067569950451	0.0290355764553768
2.75641316563256	0.763778311858285
1.45198001091205	0.478658944297305
1.95731570776637	0.441000340195791
-2.5766529574574	0.657773148602288
1.44665759513172	0.476601664632304
1.02422162940792	0.382079227006262
-0.35262379016767	0.101278913820777
0.669715508406058	0.307763797286233
0.159992352718576	0.0400538861334557
0.16045117802105	0.0401558290866076
0.948768757521975	0.248549269795159
-0.359141638818634	0.103112871302961
-0.738079783119958	0.251987608125061
0.948337549654709	0.248516516252871
1.95731570776637	0.441000340195791
-1.52468217246603	0.541450953371581
-3.4599009305559	1.22709220959572
-2.5766529574574	0.657773148602288
-0.628164901903538	0.15157555358925
0.65757421006213	0.206588655278929
0.15547989361324	0.039031965106125
-1.52527766014307	0.541726073904961
1.3150863687139	0.564688556451063
1.01961500222098	0.379984696878922
0.144054213480702	0.0423469198905259
2.10173504798347	0.924843834263361
-1.14523333483643	0.345843348749308
-2.57968420714322	0.659073447553718
0.37156503848093	0.164732367180838
1.44958631087756	0.477702557005987
0.139684630056245	0.0411185419267414
1.95786695174359	0.441149378722158
-0.35262379016767	0.101278913820777
-1.79839614394125	0.382877807711208
-1.04488326260696	0.411431568917432
0.144138136643148	0.0423508720464565
-0.632563406792844	0.152610991116788
0.162357836679133	0.0405597098553547
0.676230708529718	0.311405981611559
-0.00683948238932377	0.00350520448247839
-0.683843207826719	0.483913873441443
-1.61667493045909	1.25216647123379
-0.905194871558693	0.757962245604535
1.75780594186057	0.962186704227779
0.534647068961101	0.308545552699103
-1.70045193992328	0.959389000268318
1.04267536642294	0.494927913760596
-0.240410025521882	0.0773316206983627
-0.538695484330629	0.452278465383152
-0.415514705996988	0.173267191179231
-2.36307616623246	2.16591480787038
-0.167535179530461	0.0599846998526839
0.589020566551014	0.304394414206738
-0.539787890554963	0.202744059579388
-0.735795036496609	0.251087692088149
-3.08556356757563	0.949512459473102
0.805680641996882	0.331728723334835
0.877568166251878	0.464557348802083
0.156896734628332	0.0393320207188234
-1.52275201069355	0.540627902821117
-0.354815349846941	0.101888689175609
-1.79840965860499	0.382877827643389
-0.63185471444008	0.152466960619287
1.95786695174359	0.441149378722158
1.95786695174359	0.441149378722158
-2.0851928861798	0.941244883307777
0.950858461556905	0.2491584305819
-1.11362033854268	0.769257563584956
0.157313963255955	0.0903427795558484
1.25751110269703	0.681299123737563
0.318638447760087	0.192997983473982
-0.409415637092455	0.170432459389647
-0.412261031351047	0.171714138801548
-3.76137421922742	1.48226291907169
0.155111385030128	0.0290417527313876
0.144640697621443	0.0425017414545061
1.31126841403568	0.56233368703482
-0.738670030097319	0.252119567169358
-0.628164901903538	0.15157555358925
-0.793305877820496	0.344462091426673
-3.76471792016279	1.48446146627735
-4.01127274087298	1.72385346831695
0.128568405154016	0.0427795258685336
-0.737745529684395	0.251848226779474
0.531113882206666	0.305955102147361
0.135014849374711	0.0508389488561352
-1.03952339178586	0.408722843420212
-0.550078584129472	0.350674534982025
-0.631921563015673	0.30332819832855
1.0239728358881	0.381885834911352
-0.113940536103998	0.0453592768616862
-0.237559934502149	0.0764246711906185
-0.784177987931164	0.339638597270029
-0.539661343528338	0.202765677037844
-0.355112179440658	0.101904546481095
-2.30007213812399	1.14746925859003
-0.624450754998572	0.298763655781335
-1.29894971744328	0.579925756370133
-0.415847728365783	0.173416198873373
-1.18336718045491	0.659680463908191
0.157325350109871	0.02936446462458
-0.35262379016767	0.101278913820777
0.5126703877852	0.180806312829072
-3.46702762063817	1.23112270337757
-0.4123286239061	0.171726887264068
-2.08553743334962	0.941412888325459
0.160221796316651	0.0401166927693931
-2.57968420714322	0.659073447553718
-0.628733247343677	0.151688343674084
0.658448437247608	0.206865271021461
1.6038976207751	1.10940156497452
0.127996404975649	0.0482698701963598
-1.1414839653338	0.344622990730584
-0.635712548659237	0.153374459528297
1.0239728358881	0.381885834911352
2.09962019368326	0.923638574732708
0.944504519928106	0.247598335656165
0.513331621229635	0.180931780396043
0.658157600688591	0.206837664845118
-0.354519585455166	0.101776151388844
0.130061977767633	0.0432396857332205
2.75807933893485	0.764710363024488
1.81294103662311	0.70256079058948
1.31275235192293	0.563405500186811
0.154465593370314	0.0289479903375428
3.26569824690609	1.10327543173781
-2.57963910438406	0.659061212358043
0.948768757521975	0.248549269795159
-0.354519585455166	0.101776151388844
-0.792961532394216	0.344288490733264
1.02246283803588	0.381238371277329
-1.83564160885514	0.742645090374466
0.948337549654709	0.248516516252871
1.81545080408239	0.703738180326379
3.63331351050508	1.42008896661082
0.94820175004088	0.248479682375772
0.134663561206417	0.0447043906173227
0.155067569950451	0.0290355764553768
0.154465593370314	0.0289479903375428
-1.14284398403614	0.345169869447138
-0.790219131055702	0.342560224844598
0.947770742439721	0.248281535275256
3.63331351050508	1.42008896661082
-0.628733247343677	0.151688343674084
0.161043695584893	0.0402684742968713
0.512948788838409	0.180923723722652
-2.49096274093513	1.37902869839897
-0.350128602099817	0.100573869045266
1.02914563133488	0.3838807966434
-0.354815349846941	0.101888689175609
-0.628299579656606	0.151558046801791
-0.625937070321993	0.151091209012893
0.94820175004088	0.248479682375772
-0.7914525005887	0.343474911706433
-0.668602321767401	0.400091749654085
-0.668892914447729	0.400432681695428
2.09799838917731	0.921975658653833
-0.632424041671007	0.152580102364835
-0.625147504143598	0.299243250286022
0.146584487246171	0.0430023159110844
0.144389940892798	0.0424393237157952
-0.115165426912487	0.0458651931718034
0.155378653320753	0.0893221696929683
-1.15394401128714	1.00724516553518
-1.1429274483898	1.27855571799372
-0.386161750301348	0.30588595611998
-0.665919533048588	0.398323947233835
-0.05974906972874	0.0377372879093942
-0.39405158552065	0.273297920779458
0.3157765461448	0.191220059340036
-0.563953966710085	0.516575500715226
-0.790226232913148	0.682267197815113
0.307153811609672	0.21170888199231
0.179485108765105	0.128667912907715
-0.0780345329416728	0.0343561683319498
-0.194465352212934	0.130929260509222
-0.0479089218624073	0.0227474095657366
-0.534469611859635	0.447599880654359
-1.23789691067271	0.940749815423217
-0.115768194406184	0.0460582108717829
-0.550891790056326	0.35142173142068
-0.684484735144848	0.484640756426374
-1.29388110726104	0.576654901330229
0.370384780177247	0.164109337229307
0.160221796316651	0.0401166927693931
0.160813493636874	0.0402291855562724
0.666645207013981	0.306285022366829
-0.78873939795176	0.341991104298643
1.95731570776637	0.441000340195791
-4.41216759171177	2.21071024552937
0.428071608230174	0.168976723678548
-0.63185471444008	0.152466960619287
0.658741078701816	0.207014004441108
-1.14193838802885	0.344646219015582
-1.79840965860499	0.382877827643389
-1.79840965860499	0.382877827643389
-1.04290235412753	0.410559570501728
0.94820175004088	0.248479682375772
-0.274947257938665	0.1734501068643
-0.32852376495645	0.1516940327181
1.48524151249139	1.50070990086738
-0.00532940944746785	0.00276479926071839
-0.506192198893441	0.267533094000495
-0.628164901903538	0.15157555358925
-1.79839614394125	0.382877807711208
0.132104783259101	0.0438875360219019
0.156304884454214	0.0392194704826931
-0.0834180404247537	0.0366783325164675
-0.242110936050434	0.0778562762427623
-0.539535866518366	0.202616428643095
-0.419032999305864	0.174774111736774
-0.166972081756225	0.0597742269277735
-0.41644655319438	0.173623085124818
-0.806748349934683	0.440834120492329
-0.354809804669678	0.101824397658975
-0.54070401543365	0.203254410003037
-0.416119418774553	0.17334263980881
-1.61879253414406	1.25474542889522
-1.29825184667106	0.579597355540298
-0.966404885429049	0.596313197706014
-0.809988126308024	0.442888551069516
-0.538518495752287	0.202252156786087
-0.503740359428344	0.265822350710775
-0.354815349846941	0.101888689175609
-0.23808408660897	0.0766242401144763
-0.791488681990959	0.343414207086288
-0.785598299709024	0.340429869924533
0.144976980831471	0.0425943260188831
0.669975753795622	0.30798845763185
1.25650524049789	0.680551565208647
0.88378361922821	0.468684036461483
1.02271178737872	0.381316878019672
0.135364021327178	0.0449437078279942
0.130554304374381	0.0557920950686344
0.130564777193798	0.0492136699998879
-0.632563406792844	0.152610991116788
-0.355104953248248	0.101967480674674
0.156304884454214	0.0392194704826931
-0.626075023442282	0.151167646950723
1.02304894811125	0.381607715308403
1.45054889854294	0.478121061898946
2.10810739662568	1.44473656888945
0.660932155782147	0.207694635746326
1.44862736407577	0.477555630338169
2.75641316563256	0.763778311858285
1.95731570776637	0.441000340195791
-1.52304226528151	0.540703452519057
3.63331351050508	1.42008896661082
-3.08542618523242	0.949198094742557
-1.34795753446272	0.846815348724729
-0.411927679691464	0.171559111174735
-1.04324829900211	0.41067273876345
0.159859477622278	0.0400192334307773
1.02246283803588	0.381238371277329
-1.52527766014307	0.541726073904961
-2.0887702850993	0.943580524590739
-0.417764990192744	0.174212377460942
-1.04163570285521	0.409773247801858
1.45114635521655	0.478471348903038
0.142892234362748	0.0419793224062305
-0.792052634019788	0.343809589207604
1.55472173238364	0.754945653890023
1.02651128578825	0.383050193875148
-1.1414839653338	0.344622990730584
0.16045117802105	0.0401558290866076
3.92389000551089	1.70054361221532
-0.540836580077605	0.203369627038744
-0.354519585455166	0.101776151388844
0.141967130194531	0.0417132288760272
3.26569824690609	1.10327543173781
-1.79840965860499	0.382877827643389
1.76635526742618	0.968974637406011
-0.628599509856641	0.151612619227975
-1.1413415008172	0.344450233445194
-0.358852053011674	0.102979336804101
-1.52246182960607	0.540465661800635
-2.5766529574574	0.657773148602288
-0.735538279411364	0.250976055861043
-0.240627572806769	0.0774207528438286
-2.45580107721517	2.41564700352615
-0.234312185154952	0.0754304879292539
-0.629763239673253	0.152058330338803
-0.539089600210505	0.202542124367007
0.134796989185734	0.044763826715822
0.146670376003709	0.0430346600388633
-0.353939368265063	0.101586834148653
0.156304884454214	0.0392194704826931
-0.546156558129354	0.205464884972569
-0.807235224462935	0.440644755239146
-0.538963433786103	0.202464572078945
-0.466122320458293	0.312489565921246
-0.806910410928042	0.538161872495787
-0.337412813414752	0.20460301795254
0.468018824142	0.318396029959152
-1.045958021937	0.842821711710898
-0.943276158423147	0.698306912253006
1.43713924157415	1.6318747316181
-0.714315280354212	0.688957639864884
1.11813166348422	1.00671413591718
-0.791200257545119	0.343340530735072
1.22631307228459	1.03091766371093
0.346409706658078	0.173128687108114
-0.502665944145278	0.380444931267286
-0.462776004927514	0.309632888356462
-0.690840344039432	0.552168867470362
-0.411662068870429	0.171457253105263
-1.04721949984211	0.412618976511128
-0.41780539505111	0.239045143423714
-1.10683055307899	1.07640175849735
-1.51262029806075	0.762329863284607
2.1090103804175	1.44664043084578
0.144976980831471	0.0425943260188831
-0.121676375691626	0.0483804301176356
1.55770066431938	0.756785003922843
-0.996907415288135	0.49182997996147
2.10080345028195	0.924400736993524
0.950426851449918	0.249037516760643
0.510839396613925	0.180141996770445
-0.629763239673253	0.152058330338803
1.45078261646269	0.478218161496633
0.154465593370314	0.0289479903375428
1.44922258720914	0.477763268309402
1.95731570776637	0.441000340195791
0.15963091503218	0.0399802605532864
3.26284822825054	1.10169382604423
-1.53013794503811	0.543725951296145
1.02897089773778	0.975710764516533
0.375581739818815	0.166553161927003
-0.253357160069419	0.127928879096124
0.161187797961992	0.0402267591628498
-2.5766529574574	0.657773148602288
-0.356656967234746	0.102398272590581
0.162590253502546	0.0405994312489443
2.09799838917731	0.921975658653833
-0.738414128880846	0.252090639638632
-0.550799406273425	0.207416002259121
-1.18373604933465	0.65993611428368
-0.792961532394216	0.344288490733264
-0.233395157779413	0.075126282890225
-0.121676375691626	0.0483804301176356
-0.791488681990959	0.343414207086288
-0.738414128880846	0.252090639638632
-0.631994988626399	0.152498044571477
-1.14499995487719	0.345855392571373
-3.08203048704882	0.947509650360219
-0.354809804669678	0.101824397658975
0.155111385030128	0.0290417527313876
0.160221796316651	0.0401166927693931
-0.240976410898063	0.0775300306973211
0.658157600688591	0.206837664845118
0.669975753795622	0.30798845763185
0.663718669460888	0.208457802619674
0.13125430574639	0.0494561793802337
0.514998191803244	0.181676716913907
0.370998645503741	0.164562011753448
-0.234659925712008	0.0755339906287207
0.50552532504459	0.178094491109243
-0.32440993230369	0.149592506469743
-1.1414839653338	0.344622990730584
0.146584487246171	0.0430023159110844
0.947770742439721	0.248281535275256
1.95786695174359	0.441149378722158
-1.14193838802885	0.344646219015582
3.26345542626113	1.10199860979414
0.155067569950451	0.0290355764553768
-0.628164901903538	0.15157555358925
-1.79840965860499	0.382877827643389
0.154465593370314	0.0289479903375428
0.140023273435885	0.041219830052157
-0.540269772022685	0.203101413077247
-1.79840965860499	0.382877827643389
-0.63185471444008	0.152466960619287
0.145227337337459	0.0426443607563146
0.16045117802105	0.0401558290866076
2.3410042779854	1.14815153258672
-0.74243876954869	0.25362235352836
-1.1447666380351	0.34569313996721
-0.73955895107728	0.252503873418029
-1.1413415008172	0.344450233445194
0.139684630056245	0.0411185419267414
-1.00334886962648	0.496090169972327
1.44981862951738	0.477799018830262
-0.359432307228107	0.103134774665835
-3.08203048704882	0.947509650360219
0.160221796316651	0.0401166927693931
0.156896734628332	0.0393320207188234
-0.415514705996988	0.173267191179231
-1.69398351198074	0.953209725297627
2.10286507825917	0.92563188054431
0.154311934860129	0.0289593414864238
0.162952579336367	0.0406858836130456
0.159402290839324	0.0399177124259514
3.26345542626113	1.10199860979414
0.160221796316651	0.0401166927693931
0.144304320671072	0.0423970373819599
-1.79840965860499	0.382877827643389
-2.57660997484294	0.657538252319339
-1.82807822419763	0.738372454891922
0.160221796316651	0.0401166927693931
-1.14088544605048	0.344426431780091
-0.414393917398318	0.23693856945821
-2.00417249627688	1.3976909975664
-0.62732563122962	0.300719543149506
0.510839396613925	0.180141996770445
1.02338601426445	0.38161996773056
-3.08898467402977	0.950960285645612
-0.415924051904185	0.173484617546305
0.510619816865865	0.180113549991954
-0.324986063077883	0.149999184438971
-0.00815411865883031	0.00413671610451879
-3.76108876538849	1.48211039032061
-0.812713183791751	0.445021044977566
-1.14523333483643	0.345843348749308
-0.466861679973577	0.313141311176046
-0.629906869562113	0.152090136193736
-1.6937087705413	0.953388496658937
-0.582936345016621	0.427719212798001
0.319318289959221	0.193482781797724
-0.552693852365056	0.352790085672344
-0.794580796737081	0.874692841112358
0.155708400291603	0.0827414881509108
0.698248631611684	0.457018799540781
-0.668602321767401	0.400091749654085
-0.246001300046446	0.123922554020468
0.468260319555637	0.31874016658616
-2.48814206037235	1.37670608323073
-0.467856849645072	0.313588355128652
0.796656625602871	0.757613888235707
-0.801279196930277	0.620006729869564
-0.323785681062795	0.149294817267518
1.59978379272755	1.10397520673989
-2.49119644412757	1.37909180287789
0.536048800705317	0.309587605344382
-0.327327316509723	0.150954637070045
0.134946671603529	0.0647318837638804
3.26224218729945	1.1009233569627
0.660638687988492	0.207526442563452
0.154465593370314	0.0289479903375428
0.659324643575319	0.207123110468657
0.126537481835482	0.0540219075248714
0.128338588542606	0.0483629401375905
2.75580772001712	0.763760469153332
-2.48734643273085	1.37500772456017
-2.57660997484294	0.657538252319339
0.154509067766894	0.0289541162362231
0.155111385030128	0.0290417527313876
-0.628299579656606	0.151558046801791
-0.628299579656606	0.151558046801791
0.131814043124596	0.0438161720723548
-0.354809804669678	0.101824397658975
0.842710322429379	0.767617819119689
-0.0704844287193884	0.0310899700365581
2.3410042779854	1.14815153258672
0.344507335808554	0.172008714040102
-0.108631982482886	0.0432847228520672
-2.57669595250488	0.657559862268914
-3.08216231491203	0.947551973079846
-1.04709662477092	0.412413821088329
-0.785720368096092	0.340476144248071
-1.83470480543889	0.742065970342523
-3.08189869996978	0.9470994296719
0.330514374722379	0.183531043392625
-0.0766159341233539	0.0337214575869702
0.137536650513881	0.0659495032275318
-1.51205147000913	0.761649961850138
-1.79840965860499	0.382877827643389
-3.47037791848506	1.23253991106037
0.132382889280095	0.0439989008298304
-2.57660997484294	0.657538252319339
-2.5766529574574	0.657773148602288
-1.1414839653338	0.344622990730584
-0.737489374761453	0.251678150254292
-0.171416957929972	0.0613808082861972
0.670145389835663	0.308411472409514
-0.628599509856641	0.151612619227975
0.421828677837084	0.166370084244426
0.661225548064972	0.20772290984652
-0.532985055301143	0.200054479171228
-0.236989724567202	0.0762485047293907
0.806031822454127	0.331901204294119
0.950998501270056	0.249196467275389
-0.11954479396179	0.0475820926768518
0.148186394591661	0.0434281534721658
-0.537590863359465	0.201894959579
0.661811042100157	0.2078534144171
1.02709860167831	0.383182847467804
-0.355104953248248	0.101967480674674
0.163185820804974	0.0407257646525502
-3.46299441124492	1.22953362528533
1.31530203855702	0.564526657282562
0.132032810243933	0.0438841642048134
1.95731570776637	0.441000340195791
0.154465593370314	0.0289479903375428
-1.1406575104342	0.344234513147494
-1.13895833229548	0.343813220888229
2.75520320904554	0.763197913000704
1.45114635521655	0.478471348903038
-2.0829306948437	0.93952458006008
-0.737824274342293	0.251781339210884
-0.737745529684395	0.251848226779474
4.16857700301249	1.96642819066943
-1.14111344283696	0.344497381350969
-1.83072704109891	0.739930594937107
0.144054213480702	0.0423469198905259
-1.1447666380351	0.34569313996721
-1.79839614394125	0.382877807711208
1.44839669376933	0.477459847846965
1.81545080408239	0.703738180326379
-3.08203048704882	0.947509650360219
1.44391071628385	0.475549251261387
0.14371839260098	0.0422424410228484
0.660638687988492	0.207526442563452
-0.356656967234746	0.102398272590581
-2.5766529574574	0.657773148602288
-1.83470480543889	0.742065970342523
-0.628030265547787	0.151499678636842
3.26284822825054	1.10169382604423
0.146922191196889	0.0431076767472804
0.52001579822888	0.183336866288534
-1.29963484966362	0.58034016669025
-0.737154567775087	0.251538686589487
-0.3523322595973	0.101168276473444
0.14380305748793	0.042271222114559
0.144725574883443	0.0425191258680454
-1.04313192494267	0.410517747694466
0.510967914253512	0.180245566763838
0.131682648363566	0.0437604593152334
-0.355394630173918	0.102015543768339
0.660932155782147	0.207694635746326
-1.79840965860499	0.382877827643389
-1.04090886464526	0.409486451709067
-0.997509204027781	0.492307329534456
-0.967360743473125	0.597005396682198
-0.628867026021838	0.151670609188118
-0.734865258526109	0.250732421647056
-0.628733247343677	0.151688343674084
0.140609521820489	0.0413743325045252
0.131516255673475	0.0495525805236666
0.673147662557951	0.30986199776055
-0.168098950998947	0.060182556134742
-0.167880062254655	0.0601000389710004
-0.506192198893441	0.267533094000495
-0.32440993230369	0.149592506469743
-1.00358982433528	0.906388036314151
-0.504344361633648	0.266187551953157
0.132382889280095	0.0439989008298304
-1.04776395748001	0.844344368925983
-0.354519585455166	0.101776151388844
0.782061237522485	0.617003899509174
-0.799123966088848	0.617461492497263
-0.00958219069531807	0.00486495432588564
0.642153501456954	0.456268466722766
0.146260927929493	0.0773738480545456
0.325320499680322	0.180313807005827
0.131868077775357	0.0632738284334258
0.660638687988492	0.207526442563452
-0.41644655319438	0.173623085124818
-0.412340489016642	0.235171783877052
0.602402247182017	0.455185770191682
0.0160957069807854	0.00874765218299117
-0.928474254202486	0.683177516154275
-0.282499250137397	0.178714120829115
0.673482458034147	0.310019955946795
0.156070095129669	0.0391676647119387
-0.201035995946059	0.108980605050753
1.35476012555797	1.25416513527178
0.773783943744302	0.459936660350152
-0.417498560054849	0.174105987349017
-0.546936263888774	0.205787157109813
-0.62621301873586	0.15115097520137
1.95988292961267	0.441702177751728
-0.237951175012543	0.0765779483617726
0.805680641996882	0.331728723334835
1.44899109330448	0.477667123734845
-3.76471792016279	1.48446146627735
-3.76529646610535	1.48477662035046
-2.5766529574574	0.657773148602288
-0.632563406792844	0.152610991116788
0.154465593370314	0.0289479903375428
3.26795444532845	1.10381433627613
-0.707988114589331	0.680688706449713
-1.79839614394125	0.382877807711208
-0.202559286017258	0.109833659056818
-0.264817730464133	0.134121544143057
0.132382889280095	0.0439989008298304
-1.48861074071392	1.0426244092726
-0.624178537751399	0.298708339466037
-1.00745158177883	0.912103226029867
0.128832734334698	0.0550248255568024
-0.171546284974738	0.0614263022767799
0.309051805190098	0.200391032458597
-0.740148737877288	0.252718341140933
0.376875238635301	0.16727169805512
-0.789874992835508	0.342400986685966
-1.18336718045491	0.659680463908191
-0.353207074434312	0.101406886597049
-0.738748567012076	0.252134640052989
-1.5292536270854	0.543488048058857
-0.73955895107728	0.252503873418029
0.510747125906926	0.180055308660596
-0.237559934502149	0.0764246711906185
-0.535054022471038	0.200837600176531
-0.543688234679481	0.204395614503949
-0.353207074434312	0.101406886597049
0.658448437247608	0.206865271021461
-0.743029498323094	0.253754321369633
0.371241121847868	0.164587159709047
0.135497064378108	0.0449728061554857
-0.115176972525438	0.0458338726616066
0.372154632546278	0.165023296170665
0.428071608230174	0.168976723678548
1.45114635521655	0.478471348903038
0.802489056255948	0.330144551890374
-4.01591566480886	1.72772177589649
0.155111385030128	0.0290417527313876
-1.13849635482287	0.34354887893789
0.154509067766894	0.0289541162362231
0.154465593370314	0.0289479903375428
-2.57660997484294	0.657538252319339
0.948768757521975	0.248549269795159
-0.628733247343677	0.151688343674084
0.154311934860129	0.0289593414864238
0.155067569950451	0.0290355764553768
-1.79840965860499	0.382877827643389
-3.76108876538849	1.48211039032061
1.31486971476921	0.564331716989034
0.947635845528227	0.248244973505163
1.44922258720914	0.477763268309402
0.127651677266186	0.0424864772644231
0.948337549654709	0.248516516252871
-3.45945095257726	1.22747869975084
-0.735538279411364	0.250976055861043
-0.540486497816113	0.203240784979243
1.44922258720914	0.477763268309402
2.75641316563256	0.763778311858285
0.947770742439721	0.248281535275256
1.02914563133488	0.3838807966434
2.75580772001712	0.763760469153332
0.160813493636874	0.0402291855562724
-0.535972986453295	0.201305640312495
-0.626075023442282	0.151167646950723
-0.737411368529038	0.251647475713659
-0.23522957281847	0.0756912588669357
-0.737489374761453	0.251678150254292
0.660932155782147	0.207694635746326
3.63331351050508	1.42008896661082
-0.359141638818634	0.103112871302961
2.75641316563256	0.763778311858285
-0.628164901903538	0.15157555358925
0.129346968723243	0.0430094917251188
-1.79839614394125	0.382877807711208
-1.79839614394125	0.382877807711208
-0.628030265547787	0.151499678636842
-0.74269218165825	0.253631177667885
1.95786695174359	0.441149378722158
-1.52556530925699	0.541887546993991
0.152718005702027	0.0383738683664069
-0.631994988626399	0.152498044571477
-0.628599509856641	0.151612619227975
-1.14088544605048	0.344426431780091
-0.540010421209968	0.202885751343567
0.132111775945609	0.0497633325597358
-0.539089600210505	0.202542124367007
0.348754892447253	0.174472739683263
-0.468372645895452	0.31416339514362
-0.110182485256337	0.0438858950957056
1.95731570776637	0.441000340195791
-0.747056276000891	0.255214642839991
0.148874540131084	0.0435916810734132
-0.539312347732804	0.202625351504848
1.07137836473667	0.650489845122742
-0.786629190605387	0.340991155673526
-0.168098950998947	0.060182556134742
-0.354525819937872	0.101778275735803
-0.410987384874928	0.234482992214215
0.128936415922896	0.0485814724251015
-0.201753425700073	0.109355928913808
-1.15746948102286	1.01205949651365
-0.200940408906613	0.108875995392504
-0.808737427533245	0.44201094323255
0.700836937091453	0.459509407930341
0.155798604936806	0.0895132046190377
0.421544281336533	0.319918025501866
1.22583978185024	1.48243636794376
-0.323785681062795	0.149294817267518
-0.418826686176616	0.174791777507008
-0.415116620386652	0.172916119993669
0.146142632021459	0.0773049717946143
-2.92631295214218	2.15548460178152
-0.665053046070224	0.397254476932718
0.331457279688786	0.184153690190761
-0.394429786315747	0.273670617969395
0.136663227954214	0.0656173011284088
0.145683624079725	0.0771527137966606
-0.125356848452977	0.0498640053931963
1.55174017229736	0.752717131207676
0.586571228605748	0.30310952317022
-0.969085705816332	0.598042920688115
0.526696120073202	0.303151352086548
0.669887108825485	0.308252439258341
-0.324097777063102	0.14944854000421
1.7594787819258	0.963664569613647
-1.14088544605048	0.344426431780091
-0.167535179530461	0.0599846998526839
-0.624824451696218	0.299085257385298
-1.13895833229548	0.343813220888229
3.26284822825054	1.10169382604423
1.54530096905645	0.748757219515923
0.160583229502904	0.0401661733691417
0.659324643575319	0.207123110468657
0.154465593370314	0.0289479903375428
-0.628299579656606	0.151558046801791
-0.0797943273019492	0.0351107855199681
0.661517102334111	0.207824976675168
1.23673956020122	0.851293218843058
0.372420316289065	0.165154295536893
-2.4879252582229	1.37546460490462
-3.46322465260564	1.22963503158779
-0.173341415808603	0.0620980411857629
-0.789949074347787	0.342860425674977
-0.35569023027487	0.10209347470967
-1.29445710557565	0.57719309643802
-0.804621473140211	0.438958467266849
2.72178561770761	1.63281052682918
-2.48724101398497	1.37471071412863
-0.117336741462383	0.0466584622287431
-0.356367399040958	0.102345848061694
0.162952579336367	0.0406858836130456
0.154465593370314	0.0289479903375428
-0.739810651859165	0.252595067527066
0.658449623497539	0.206846818911275
-1.04431250676144	0.411172957447673
-0.357247952587094	0.102560703144377
-0.789386763625026	0.34250460133574
0.946592090327999	0.248117976822064
0.154465593370314	0.0289479903375428
0.144976980831471	0.0425943260188831
-0.628733247343677	0.151688343674084
-0.63185471444008	0.152466960619287
0.658157600688591	0.206837664845118
0.160221796316651	0.0401166927693931
0.14380305748793	0.042271222114559
0.51464907727053	0.181544056103037
0.431493827089577	0.170378647120809
-0.66728360402327	0.399224247090471
-0.738079783119958	0.251987608125061
-0.076009631334136	0.0334534231591844
0.132732885510209	0.0441080605497273
1.95731570776637	0.441000340195791
-1.14171114622793	0.344693702322242
0.155111385030128	0.0290417527313876
-0.355401168227563	0.102014834884787
-0.352915395102444	0.101358152963712
0.154509067766894	0.0289541162362231
-1.79840965860499	0.382877827643389
0.155111385030128	0.0290417527313876
-1.79839614394125	0.382877807711208
-0.741763882242001	0.253307934106881
0.798324210831681	0.328230166540438
1.8105685130581	0.700946430734877
-1.1447666380351	0.34569313996721
0.154509067766894	0.0289541162362231
0.15963091503218	0.0399802605532864
1.54828773160562	0.75077259968661
1.04989721959839	0.499092239481372
-3.08203048704882	0.947509650360219
0.658157600688591	0.206837664845118
-1.79840965860499	0.382877827643389
-0.628733247343677	0.151688343674084
-0.539919662858571	0.202972610998623
0.657866689740957	0.206670742493303
3.63395648950567	1.42026036401428
-0.352036490485324	0.101122204058746
0.94820175004088	0.248479682375772
0.672888864603785	0.309645885119075
0.654121684946124	0.205433467520013
2.75580772001712	0.763760469153332
2.75641316563256	0.763778311858285
0.948905461162112	0.248586345985544
0.132382889280095	0.0439989008298304
-0.237212899766669	0.0763212805777045
-0.539089600210505	0.202542124367007
0.654121684946124	0.205433467520013
-3.08189869996978	0.9470994296719
-0.355104953248248	0.101967480674674
-1.3471399958112	1.11881080342128
-0.354519585455166	0.101776151388844
-1.04290235412753	0.410559570501728
-0.628299579656606	0.151558046801791
1.02447067732237	0.381899446024378
-1.14088544605048	0.344426431780091
0.15144823932183	0.0285426379557898
-1.1414839653338	0.344622990730584
-3.08229418357021	0.947231644170671
3.26224218729945	1.1009233569627
-0.168760743646406	0.0604728682433177
0.127099279623228	0.0422877450227253
-1.35321862772237	1.12574488657425
-0.0123329101028764	0.00622479462210069
0.447935075190741	0.324112087136592
-1.83132702405761	0.74028277145384
1.81115625615482	0.701436048499222
0.159859477622278	0.0400192334307773
-1.18455679987255	0.661253401831801
-0.628733247343677	0.151688343674084
-0.16719037374262	0.0598638290738506
0.936421891620665	0.630595551028426
1.31275235192293	0.563405500186811
-0.625937070321993	0.151091209012893
-0.628867026021838	0.151670609188118
-2.5766529574574	0.657773148602288
-0.414548755730622	0.23667878175087
0.58549722668145	0.301985138113919
-1.04761145315361	0.845139563218688
-0.11316922235616	0.0671030084381811
-0.802611072784623	0.534430712568863
-2.25173635805277	1.90024941796579
-1.7358636972673	1.46850832565078
-1.45674075904886	1.31468540692197
0.0120697723705383	0.00838107439047878
1.35406570770706	1.25317814475919
0.132830269347538	0.0566941160717077
1.06817566818363	0.648031617689729
-0.339160985228867	0.242344389112021
-1.11323079369096	0.769108629476149
2.10534947076348	1.44181343752199
-0.686828861394323	0.486680346828449
0.134062974599289	0.0643095601542711
0.018364376267566	0.00998439138730817
-0.678881817113464	0.479761938230659
-0.00904329836363243	0.00459686076937871
0.176137225177897	0.115026704881183
-0.0872834414624175	0.0536020463624409
0.493129501810836	0.311677964658119
-0.789306862497791	0.342262742988917
-0.231209311747056	0.15118001950853
0.732836486812033	0.612576971360099
-0.41444726231294	0.236617733228822
-0.234881985943443	0.0755878057926229
0.769436933398438	0.456273104789113
0.661517102334111	0.207824976675168
-3.46345495606107	1.22933734600421
-0.410995787493564	0.171132757340513
0.144389940892798	0.0424393237157952
0.159992352718576	0.0400538861334557
0.671426153581554	0.3087620734569
-0.741848602831151	0.253311922462979
-0.354519585455166	0.101776151388844
0.152050960400409	0.028630259939513
3.26284822825054	1.10169382604423
0.154509067766894	0.0289541162362231
0.140948251392809	0.041458274749763
-0.742776335066151	0.253679551734855
0.948905461162112	0.248586345985544
-0.540159463024954	0.453712767014974
0.426403404838852	0.16824819606602
1.02304894811125	0.381607715308403
-0.967092205712457	0.595741729972001
0.428285671446016	0.169094775343879
-1.52556530925699	0.541887546993991
-1.1406575104342	0.344234513147494
-0.35666348042052	0.102404483392645
-0.237437039825944	0.0763599123457812
-0.416119418774553	0.17334263980881
-0.253063568737107	0.127775270691815
-1.83132702405761	0.74028277145384
-0.622551476616889	0.297821562046113
-1.6937087705413	0.953388496658937
1.60070982683077	1.1050727450212
-0.498442410881177	0.262560306703104
-1.00789307940812	0.499148384672776
-0.625430537103922	0.299764003396603
-0.121137147104356	0.0481642409499079
-3.08189869996978	0.9470994296719
3.26345542626113	1.10199860979414
3.26569824690609	1.10327543173781
0.51245179464898	0.180728048354012
1.06527469285794	0.645091800384117
-1.00102800522207	0.494605341939198
-1.50771865123221	0.758301194323698
-2.0887702850993	0.943580524590739
0.147510896476738	0.0432547789402825
0.950287720870208	0.248999740475732
1.02626205148491	0.382823634565729
-0.115377526450621	0.0459298576899465
-0.742354946133043	0.253440043281208
-0.359435145573547	0.103170722743079
-1.1412568453231	0.344431220445032
0.162125356869158	0.0404960611383205
-0.354815349846941	0.101888689175609
0.130061388011485	0.0489935931719159
-1.30332741218541	0.582240011476995
0.139774852128096	0.0411362731979931
-0.359435145573547	0.103170722743079
-1.52499008340819	0.541418114624462
-0.742101285286405	0.253499136601578
1.06756361386573	0.647463169421482
-1.79840965860499	0.382877827643389
0.154465593370314	0.0289479903375428
-0.626075023442282	0.151167646950723
-1.79839614394125	0.382877807711208
-1.52499008340819	0.541418114624462
0.417597749872015	0.164587834326102
-0.628164901903538	0.15157555358925
0.944504519928106	0.247598335656165
-0.239289328474782	0.0769945522116738
-1.52275201069355	0.540627902821117
-0.355104953248248	0.101967480674674
0.136280534534393	0.0452223830753287
0.12972701511052	0.0488696838341898
-1.83039434521114	0.739673075735054
-3.45900121533902	1.22669642729201
-0.358852053011674	0.102979336804101
0.133046177085143	0.0637920107410573
-0.235619570438745	0.0758277903941252
-0.543688234679481	0.204395614503949
-0.73833632952493	0.25198039611565
-1.1413415008172	0.344450233445194
-0.356656967234746	0.102398272590581
-1.51227685112488	0.76213256545427
-1.03998820725116	0.409113309598422
-0.539089600210505	0.202542124367007
1.02651128578825	0.383050193875148
0.160813493636874	0.0402291855562724
-2.5766529574574	0.657773148602288
1.02685010343664	0.383062880383657
-0.737489374761453	0.251678150254292
0.154509067766894	0.0289541162362231
0.15547989361324	0.039031965106125
-3.08189869996978	0.9470994296719
-0.040961528846874	0.0195605871572343
-0.73587491106309	0.251021106469488
-1.48892144564036	1.0411120755181
-0.354519585455166	0.101776151388844
-1.79839614394125	0.382877807711208
0.152050960400409	0.028630259939513
-1.14111344283696	0.344497381350969
-3.08189869996978	0.9470994296719
-0.743029498323094	0.253754321369633
0.134663561206417	0.0447043906173227
0.804902320215242	0.331341314716319
-0.354815349846941	0.101888689175609
-0.662378155459898	0.395422521261087
1.2523964405748	0.678127150547035
-2.5766529574574	0.657773148602288
1.95731570776637	0.441000340195791
-0.352328640216398	0.101201570764145
-0.336138305701049	0.155491066756595
1.31183590793173	0.562694726030807
0.653826927429073	0.205337088996143
-0.624787013389174	0.299458156224005
-1.04221071709325	0.410198911511082
0.658741078701816	0.207014004441108
2.75641316563256	0.763778311858285
-0.170856035041343	0.0611834573692003
-0.139181016910383	0.079016233814278
0.123555562714425	0.0466077516946964
-1.83139270651508	0.740181168650308
-1.1414839653338	0.344622990730584
-1.79840965860499	0.382877827643389
0.160221796316651	0.0401166927693931
-1.51695840714881	0.765087733861551
-2.00122691017419	1.39533161372041
-0.796394187879369	0.689137027914704
-0.663103164655776	0.395982367731761
0.134935693421357	0.0576366543060668
0.140609521820489	0.0413743325045252
-0.507396217503075	0.268221250259367
0.53181254017889	0.306572604492641
-0.790945272929779	0.682838900156864
1.76025085410072	0.964447531505056
0.0507277468789092	0.0312714268822651
-0.20216651949569	0.109585017921532
-0.111532341957756	0.0661388094784369
0.296165211108067	0.214216537585888
-0.417498560054849	0.174105987349017
0.803620921341924	0.330666152724973
-0.805818727490886	0.440321641658937
-0.279384210139475	0.176429359187833
4.16480743748042	1.96391658672842
0.131463990676715	0.0437015090033304
-0.471073820606	0.316374010607593
-0.340379407352389	0.206686966361463
-0.407821868853272	0.169680195764422
0.139136720185741	0.0667233876662734
0.155067569950451	0.0290355764553768
-0.234659925712008	0.0755339906287207
2.54257405726722	1.37573596793611
-1.14111344283696	0.344497381350969
-0.741173379981644	0.25299768453382
-1.79840965860499	0.382877827643389
0.660932155782147	0.207694635746326
0.154509067766894	0.0289541162362231
-1.80123754984197	0.383647112861273
2.75807933893485	0.764710363024488
0.155067569950451	0.0290355764553768
-0.355104953248248	0.101967480674674
-1.80123754984197	0.383647112861273
0.94820175004088	0.248479682375772
0.936773036656567	0.63094824504248
0.14556417703739	0.0427370982099398
1.06343368235403	0.643323957851685
-0.411729751297452	0.171423243510252
-1.52556530925699	0.541887546993991
-3.45967591146264	1.22746502283364
-0.354229439997714	0.101697261087168
0.156304884454214	0.0392194704826931
0.162590253502546	0.0405994312489443
-1.1447666380351	0.34569313996721
-1.83970252194045	0.744362773958515
-0.628733247343677	0.151688343674084
-0.352036490485324	0.101122204058746
-0.538963433786103	0.202464572078945
-1.00136036488049	0.494828521671196
-0.538518495752287	0.202252156786087
2.10080345028195	0.924400736993524
-0.966474022084964	0.595359261324955
0.134754521345484	0.0507456606042315
-0.167316891769859	0.0598894891235218
0.147597353924913	0.0432809812564028
-0.0791898875686777	0.0348351685416243
-0.237734534646551	0.0765149348263535
-0.415079104892675	0.237406368599871
-0.0800966314259405	0.0352428263549873
0.346107190599633	0.172968959614611
-0.417498560054849	0.174105987349017
-0.240627572806769	0.0774207528438286
1.95786695174359	0.441149378722158
-0.628733247343677	0.151688343674084
-0.245541128473275	0.0789739237518624
-1.0412554441698	0.40951599523156
-0.784689922627881	0.339793570202208
-0.786285484359973	0.340832261518803
-0.632563406792844	0.152610991116788
-1.52556530925699	0.541887546993991
-0.114531033021198	0.0455888758023028
0.143467885183021	0.0421790290070851
0.159992352718576	0.0400538861334557
-0.628164901903538	0.15157555358925
-3.08216231491203	0.947551973079846
-1.0412554441698	0.40951599523156
-1.04488326260696	0.411431568917432
0.144054213480702	0.0423469198905259
-1.29538171494723	0.577437227146469
1.44922258720914	0.477763268309402
0.948905461162112	0.248586345985544
-2.57669595250488	0.657559862268914
-1.79840965860499	0.382877827643389
0.950287720870208	0.248999740475732
0.510967914253512	0.180245566763838
-0.236642536873473	0.0761450888689269
0.15547989361324	0.039031965106125
-0.414849585401539	0.172825872337049
1.02651128578825	0.383050193875148
0.373768905624823	0.165889064042439
-0.628733247343677	0.151688343674084
0.15963091503218	0.0399802605532864
0.658449623497539	0.206846818911275
0.947770742439721	0.248281535275256
1.02709860167831	0.383182847467804
0.511187733730715	0.180331422147582
1.81264504950119	0.702404900566408
1.80894124091292	0.700425017401662
2.3407843761875	1.14791185937458
-3.76051807227417	1.48103739093911
0.149551069550847	0.043790750343374
-0.355112179440658	0.101904546481095
0.510967914253512	0.180245566763838
-1.14536534536015	0.34589005605433
1.8135291528185	0.702758164322864
1.4480329582247	0.477161868008032
1.01868988091969	0.379571940690884
-0.628030265547787	0.151499678636842
-1.79840965860499	0.382877827643389
-0.788117278004018	0.67964254289448
-0.115445012575853	0.0459374479837746
-0.78873939795176	0.341991104298643
-0.692014491198067	0.491593826555397
-1.52525862148376	0.541687313963439
-0.736131442714986	0.251191396874175
0.660640141500972	0.207490447031014
-1.52984634403446	0.54376252749597
0.123497377344485	0.0527429861629998
0.136340909197733	0.0582154117801055
-0.117391426362144	0.0466831384071538
-0.537020300726747	0.201726380349835
-0.632424041671007	0.152580102364835
-0.534601431740005	0.200688279278656
0.805467397708516	0.331643487494376
-0.180324842331597	0.0645385840833112
0.377522545229957	0.167567105298898
-4.41569932182186	2.2153935768134
0.13363835988629	0.0443714034051703
-0.359725191866461	0.103238313016327
-3.45945095257726	1.22747869975084
-0.628565999675436	0.301357592743803
-0.0810515161299132	0.03565307121072
-0.540136497897179	0.20308713328324
0.154509067766894	0.0289541162362231
1.02363521199244	0.381873400117373
0.119979213187488	0.0452908152352089
-0.196001043641754	0.106037317974827
0.175559770267938	0.114654135526247
-0.0426173814119264	0.0203168773672398
0.643796293277644	0.457333054753448
-0.668602321767401	0.400091749654085
0.124153707844076	0.0468349501941597
-0.692408394934349	0.553482886298004
0.674333859734918	0.310512339568963
-0.149039102383663	0.0849198270851458
-0.0807489895784552	0.0355233891539603
0.791704680127089	0.751176738112991
0.0329073116610799	0.0191984561614647
0.314940252836952	0.190368277604811
-0.254505809495095	0.128646930573403
0.728764912005749	0.607906361700498
-0.412234107755548	0.235267241962341
0.342903733430487	0.171036604477131
1.04746072672504	0.497700711342051
-0.806463030557378	0.537446444024282
0.170595778239714	0.111170368768674
0.144054213480702	0.0423469198905259
-0.167754072609883	0.0600616127897958
-0.416180819022606	0.173548740911163
0.134796989185734	0.044763826715822
-2.57968420714322	0.659073447553718
-2.65237512021193	1.61552535134066
0.425973045957768	0.168010824921803
1.02455981174032	0.382091874796033
0.143137930281083	0.0420234902455121
-1.52497036065527	0.541612586959632
-1.52614082474697	0.541895090059418
-1.79840965860499	0.382877827643389
0.15963091503218	0.0399802605532864
0.947770742439721	0.248281535275256
-0.3523322595973	0.101168276473444
-0.355104953248248	0.101967480674674
0.15547989361324	0.039031965106125
-0.664759398195816	0.397041525477938
1.07422494180957	0.653188282182382
-0.680417238394305	0.480700538027319
-0.354815349846941	0.101888689175609
-0.358852053011674	0.102979336804101
-0.352036490485324	0.101122204058746
-0.355401168227563	0.102014834884787
-0.539312347732804	0.202625351504848
0.131900506227203	0.0562878352351733
-0.236642536873473	0.0761450888689269
-1.03986963329328	0.409012486353307
-1.52468217246603	0.541450953371581
-0.535402990152881	0.201037267314672
-0.330083030983558	0.152436412473373
-0.669185487979105	0.400714073775444
-0.511827098966603	0.270934671623205
-0.53874057789979	0.202401825815006
0.53758088928049	0.310676015572418
-0.79033928912234	0.342616322399315
-3.08203048704882	0.947509650360219
-1.14583039258107	0.346039770541419
-0.628599509856641	0.151612619227975
1.02499638904051	0.382165912389253
-0.23808408660897	0.0766242401144763
-3.76471792016279	1.48446146627735
-0.539661343528338	0.202765677037844
-0.236642536873473	0.0761450888689269
-0.355979365614545	0.102141358762928
0.151536491393852	0.0381262887020096
-0.542900106811953	0.204176406519794
0.14027070998759	0.0412729382935957
0.950998501270056	0.249196467275389
0.160813493636874	0.0402291855562724
-0.631994988626399	0.152498044571477
-0.629906869562113	0.152090136193736
-1.80123754984197	0.383647112861273
-1.79839614394125	0.382877807711208
1.95731570776637	0.441000340195791
0.660347295989593	0.207462296247491
-0.50946464493218	0.269396741706226
-2.5766529574574	0.657773148602288
-1.80123754984197	0.383647112861273
-1.29318528584883	0.57616602568844
1.0238833519431	0.381787644807647
-1.52497036065527	0.541612586959632
1.44862736407577	0.477555630338169
-2.57669595250488	0.657559862268914
-0.355104953248248	0.101967480674674
-1.30557395523838	0.583537439731307
0.160813493636874	0.0402291855562724
0.144725574883443	0.0425191258680454
0.154465593370314	0.0289479903375428
-1.14171114622793	0.344693702322242
0.155111385030128	0.0290417527313876
0.160221796316651	0.0401166927693931
-3.76471792016279	1.48446146627735
0.160221796316651	0.0401166927693931
0.159859477622278	0.0400192334307773
1.31196676791469	0.562729963486004
0.154465593370314	0.0289479903375428
2.75580772001712	0.763760469153332
-0.355979365614545	0.102141358762928
-0.632563406792844	0.152610991116788
-1.14111344283696	0.344497381350969
-0.626075023442282	0.151167646950723
-0.538867626524031	0.202372193079411
-0.605697368500277	0.496646845086831
-1.04761145315361	0.845139563218688
0.154654104874909	0.0888564536554361
-0.621686679461025	0.297492094197077
-0.326360415612411	0.15073868587809
-0.113885349209877	0.0453302765915032
0.155067569950451	0.0290355764553768
0.160221796316651	0.0401166927693931
0.156070095129669	0.0391676647119387
-0.405416749279289	0.230827954803017
-0.237559934502149	0.0764246711906185
-0.162516847395341	0.0582276997411553
-0.412342326540933	0.171843174016083
0.130977595936442	0.0435409758262869
-0.510412640598019	0.270130572602861
0.425411281391427	0.167750699925777
-0.0810515161299132	0.03565307121072
0.374667869915192	0.166123158223375
1.55507391974261	0.755498369683247
0.141967130194531	0.0417132288760272
-0.0827620268813194	0.0363955644283056
-0.632424041671007	0.152580102364835
-1.85190383140304	1.15928003584734
-0.552296658279675	0.352749003106791
-1.0036817951782	0.496273719320379
0.53774832407235	0.447751791269002
-0.228528717852822	0.149370518421862
-0.551729369583757	0.352091696465476
-0.200252303922607	0.108482462409146
-0.0373489805161347	0.0178830334187009
-1.11112767215023	0.766579733783713
-0.00615249342755269	0.00317209801401076
-0.0711326750941348	0.0313698588392587
-0.999437341583464	0.493311859213278
-1.04651631097953	0.843989669378777
0.0521887780328288	0.0321885910696268
0.373180610877933	0.165574351861478
-0.171416957929972	0.0613808082861972
0.879823295650508	0.465619204635478
-0.25766605844123	0.193077062243481
0.0172971859593013	0.00938387610143243
-0.236295434458238	0.0760318807121589
-0.93551562897081	0.689496912397435
1.02338509689728	0.968554475899042
1.22713363335434	0.841411058433987
0.146670376003709	0.0430346600388633
-0.168760743646406	0.0604728682433177
-0.629906869562113	0.152090136193736
0.139684630056245	0.0411185419267414
3.26345542626113	1.10199860979414
1.09198312472668	0.82660674599997
-1.69237831617164	0.952348956265162
0.144304320671072	0.0423970373819599
-0.352620864579995	0.101250485836996
2.75868832531345	0.765017792149168
-0.628599509856641	0.151612619227975
0.950998501270056	0.249196467275389
1.02304894811125	0.381607715308403
1.03809789235344	0.491965069395342
2.75641316563256	0.763778311858285
0.167568173560441	0.103089470118477
-0.806129276371208	0.440601402672594
-1.83996143837479	0.744733446648564
-0.23733699757943	0.0763359683654099
0.155067569950451	0.0290355764553768
-0.629906869562113	0.152090136193736
-1.29894971744328	0.579925756370133
-0.628733247343677	0.151688343674084
-2.30030983594691	1.14754924641394
1.43912328472901	0.882298404206883
0.339758566383255	0.169487309376746
-0.408003797304242	0.232565142662761
0.136861270958273	0.0453939461531857
-0.233616960664733	0.0751877350099978
-0.536671114051193	0.201606330220057
-0.538963433786103	0.202464572078945
0.155111385030128	0.0290417527313876
3.26345542626113	1.10199860979414
-3.45922605387697	1.22727228815634
-1.52525862148376	0.541687313963439
-0.543688234679481	0.204395614503949
-1.04347763338354	0.410675434748757
-1.04290235412753	0.410559570501728
-3.08216231491203	0.947551973079846
-0.167535179530461	0.0599846998526839
1.44509906384746	0.476148552116978
0.157325350109871	0.02936446462458
0.16045117802105	0.0401558290866076
-0.63185471444008	0.152466960619287
-0.359435145573547	0.103170722743079
0.947770742439721	0.248281535275256
1.44862736407577	0.477555630338169
0.154465593370314	0.0289479903375428
-1.80123754984197	0.383647112861273
-3.0857009920368	0.949295045119167
-1.52527766014307	0.541726073904961
-0.358852053011674	0.102979336804101
0.666720675538898	0.306383563426964
2.10345763612533	0.92603048253316
0.160221796316651	0.0401166927693931
-2.5766529574574	0.657773148602288
0.160583229502904	0.0401661733691417
1.4480329582247	0.477161868008032
-0.542682107954062	0.204015443104983
-0.743029498323094	0.253754321369633
0.8804110252599	0.466091387895369
0.128075192969757	0.0482635683600574
-1.14111344283696	0.344497381350969
-1.04255649350425	0.410401789740815
1.95731570776637	0.441000340195791
-1.29110511870394	0.575249388426856
1.0239728358881	0.381885834911352
0.146332921310034	0.0429416898033695
-0.237437039825944	0.0763599123457812
-0.11512189478062	0.0458130318128354
-0.354525819937872	0.101778275735803
0.430034918597118	0.169732493078437
-0.414248785891065	0.172553623155678
0.144976980831471	0.0425943260188831
0.947770742439721	0.248281535275256
0.156304884454214	0.0392194704826931
-0.628299579656606	0.151558046801791
-1.52497036065527	0.541612586959632
-0.391463486087759	0.271056295964642
-0.25623784972197	0.129559211249805
-0.0753188093843308	0.0331712184809263
-0.552414421086193	0.352604772406788
-0.41416073438949	0.236445029782846
0.159402290839324	0.0399177124259514
0.159402290839324	0.0399177124259514
-0.624465346012822	0.299268395966845
-0.631994988626399	0.152498044571477
-0.355104953248248	0.101967480674674
0.802704240998476	0.33025128123342
-0.539569636046331	0.202819044138208
-0.168663393721381	0.0603724956040683
-2.57660997484294	0.657538252319339
0.849022266424135	0.625626989746566
-0.416519786690065	0.173702607204853
0.658448437247608	0.206865271021461
2.34214413722098	1.14880500240653
-0.807917365250416	0.538290071749316
-1.52525862148376	0.541687313963439
-1.79839614394125	0.382877807711208
-1.52926336424741	0.543358625626883
-2.5766529574574	0.657773148602288
-1.83132702405761	0.74028277145384
-1.35349738621645	1.12598932802336
-0.197412011414715	0.106905377355674
-1.73008048064835	1.46190561140149
-0.55553172561429	0.354731828067712
0.0363656583589512	0.0281379764973398
0.42290168290695	0.321258253714383
0.0779401257397195	0.0529647452998117
0.445102349688046	0.321832580161132
0.032419554484589	0.0189191125268329
-1.18774896028366	0.663382321488493
1.23447691079595	1.36157370630728
0.173513758265901	0.113235988033333
0.426934660994314	0.324966422805685
-0.930061742503662	0.684796241279196
0.770650849661271	0.456686706927308
-0.197264103029319	0.106819021405277
0.303818973637025	0.22051737498148
1.60554342607263	1.11137339749534
1.06466108057026	0.64454593824045
-0.159338508958033	0.109848412212585
-0.155597875276977	0.0887986837173255
-0.679324869063681	0.479795438441087
0.130070615556567	0.0555691726612021
0.129451701763363	0.0552996203439574
-0.790856126479565	0.343201648006092
-0.539312347732804	0.202625351504848
-0.418699120063541	0.174624493913997
0.122438461006635	0.0462113789063196
-0.0781405164773084	0.0343722722954072
-0.963939565359419	0.593620723745749
-0.240846100521927	0.0774684702165293
-0.741848602831151	0.253311922462979
0.950858461556905	0.2491584305819
0.947635845528227	0.248244973505163
1.44922258720914	0.477763268309402
-0.354519585455166	0.101776151388844
-0.793404089795098	0.344600107771943
-0.142107745464119	0.113240757468706
0.125916993909445	0.0537508905746059
-0.328333524168311	0.151722211641642
-0.413648420763288	0.172239608085413
-0.806924470834439	0.440526610909245
-1.83105982818556	0.740099638711398
-0.624787013389174	0.299458156224005
-0.236072750277141	0.0759464812223969
0.154441831977437	0.0887320595329486
-0.0479940404776977	0.0228169383120612
0.170075603433634	0.110770072366022
-0.200660206585321	0.108719089057337
-1.50897634643426	0.759381379959404
1.01961500222098	0.379984696878922
-3.45900121533902	1.22669642729201
-1.69304340847359	0.952994808261722
-1.29445710557565	0.57719309643802
-0.504333057137247	0.266107743342616
-0.167409271163493	0.059935085601386
-1.01014337964735	0.500415224128735
-0.23899936488781	0.076906393395764
0.127651677266186	0.0424864772644231
1.25283050010547	0.677613121936022
0.144640697621443	0.0425017414545061
0.948337549654709	0.248516516252871
0.154509067766894	0.0289541162362231
0.15144823932183	0.0285426379557898
-0.536671114051193	0.201606330220057
-0.327332174704144	0.150952905988774
0.660638687988492	0.207526442563452
0.15144823932183	0.0285426379557898
-1.1414839653338	0.344622990730584
0.157325350109871	0.02936446462458
0.805329377718584	0.331441349253762
0.804902320215242	0.331341314716319
-2.30476209042479	1.1515199403139
-1.14111344283696	0.344497381350969
0.804687608616084	0.331016518337293
-0.737489374761453	0.251678150254292
1.45114635521655	0.478471348903038
-0.35569023027487	0.10209347470967
0.658157600688591	0.206837664845118
0.507414817168509	0.178846704726786
0.653826927429073	0.205337088996143
0.514998191803244	0.181676716913907
1.02271178737872	0.381316878019672
-0.628733247343677	0.151688343674084
0.948768757521975	0.248549269795159
-0.543250105928331	0.204305308908878
0.147597353924913	0.0432809812564028
0.513167244701502	0.180988618942657
0.527578604752974	0.303709014226356
2.10080345028195	0.924400736993524
0.511535984561553	0.180463547184556
1.45174463580423	0.478561109172125
0.154509067766894	0.0289541162362231
-2.5766529574574	0.657773148602288
3.63565166019344	1.42132833477826
0.948337549654709	0.248516516252871
-2.4879252582229	1.37546460490462
-0.539661343528338	0.202765677037844
-1.52527766014307	0.541726073904961
-0.536322009305803	0.201466150653051
-0.010838346855961	0.00550213612075853
-1.84547367391734	1.69857615453422
-0.0740421189680175	0.0326219653534458
-0.63185471444008	0.152466960619287
-1.14583039258107	0.346039770541419
0.125085786448965	0.0471836584371826
0.136232409391936	0.0652977139166454
-1.01047554687743	0.50058842062014
-0.626730881631617	0.300306818939214
-0.626075023442282	0.151167646950723
-0.242459551461214	0.077947382082456
-4.01127274087298	1.72385346831695
-0.935135592029543	0.690057908273133
-0.508072858727082	0.385598873332704
-1.29202801510717	0.575756748795778
-1.52468217246603	0.541450953371581
-2.57963910438406	0.659061212358043
-0.741510950758259	0.253188727186893
-2.08224011884719	0.939282107374303
2.75580772001712	0.763760469153332
-0.171762117804328	0.0615057733921786
0.912484285472701	0.792797545460528
-0.277061111879603	0.174924082534658
-0.692903397218259	0.554373071929159
-0.111031573098108	0.065789613753831
1.1403669857462	1.29656258711166
-0.679369625773498	0.480417508395317
0.315342764269987	0.190646255813695
-0.502800219302615	0.380609971902311
0.689558751430209	0.603638401537062
-0.606971702368657	0.498577151011102
-0.279948875768572	0.17690550448084
-0.583195599606806	0.576039115459918
-0.150827281084282	0.0859767240887275
0.729136489780352	0.608375214763233
0.466055343733915	0.317170748061109
-1.35151975311668	1.12545048307919
-0.326393633173898	0.150521800029804
1.13454469394142	1.16486748275015
-0.0386500285519266	0.0184596866336008
0.159791861461169	0.0918483841636063
1.31366843634341	0.563614405395139
-0.238649881872283	0.0768149363688191
0.147398814739607	0.0781244362483836
0.947770742439721	0.248281535275256
0.948905461162112	0.248586345985544
-0.328213411940456	0.151539178014274
0.374609166640495	0.166082906956976
1.02626205148491	0.382823634565729
0.155067569950451	0.0290355764553768
-0.540233723322025	0.202917482560003
1.95786695174359	0.441149378722158
3.63395648950567	1.42026036401428
0.144976980831471	0.0425943260188831
3.26631056571709	1.10328266544307
1.0239728358881	0.381885834911352
1.02363521199244	0.381873400117373
0.948337549654709	0.248516516252871
-0.0734384542323317	0.0323643349727654
-0.583202877918609	0.428436136405456
-0.150652509129488	0.0858300797527298
-0.668602321767401	0.400091749654085
-1.52439405688463	0.541142934209623
-0.73833632952493	0.25198039611565
-0.966097906479983	0.596319682562756
-1.34242339837694	0.842141066716044
-0.354815349846941	0.101888689175609
-0.323790233074692	0.149308363719974
-0.197820617341592	0.107130833016635
-0.538169446885037	0.20211193569765
-0.111736396242696	0.0445015745003232
-0.538963433786103	0.202464572078945
-0.737824274342293	0.251781339210884
-0.35569023027487	0.10209347470967
0.124391130548139	0.0414392550449754
0.801855724958264	0.329978129287869
-0.544038098124227	0.204549461860792
0.149801165834309	0.0438547660273388
0.144389940892798	0.0424393237157952
1.95786695174359	0.441149378722158
-2.57660997484294	0.657538252319339
-1.00361914170206	0.496209107630798
-0.783147962710017	0.339078815162653
0.424848845886683	0.16745593894641
-1.14088544605048	0.344426431780091
0.131244557787275	0.0436234987478517
-1.1414839653338	0.344622990730584
-3.46322465260564	1.22963503158779
0.658449623497539	0.206846818911275
0.948337549654709	0.248516516252871
1.95731570776637	0.441000340195791
-0.355401168227563	0.102014834884787
-1.13872731243543	0.343741383764358
0.657864503304789	0.206616146564203
3.63500627246108	1.42050433165602
-1.1414839653338	0.344622990730584
0.131463990676715	0.0437015090033304
0.658741078701816	0.207014004441108
0.417387788396371	0.164445662421174
0.155111385030128	0.0290417527313876
0.135013832711232	0.0448286361779132
-1.14171114622793	0.344693702322242
0.658741078701816	0.207014004441108
1.44922258720914	0.477763268309402
-1.1413415008172	0.344450233445194
0.159992352718576	0.0400538861334557
1.31139839023769	0.562237305599265
-0.354815349846941	0.101888689175609
0.511884149147493	0.180536056250855
-0.355104953248248	0.101967480674674
-0.738079783119958	0.251987608125061
-0.358852053011674	0.102979336804101
-1.79840965860499	0.382877827643389
-1.8390572796856	1.68853906639772
-0.794307979532201	0.345108712645955
-0.238517872091775	0.0767343190056563
0.144976980831471	0.0425943260188831
-0.168883481879203	0.0604274159651903
0.126543144272307	0.0540223218243271
-0.419032999305864	0.174774111736774
-0.741763882242001	0.253307934106881
-0.628030265547787	0.151499678636842
-2.5766529574574	0.657773148602288
-0.788172601637339	0.341595524377101
-0.233742966580479	0.0752394538943447
-0.352620864579995	0.101250485836996
2.75580772001712	0.763760469153332
-1.14171114622793	0.344693702322242
-0.548201379601039	0.349545954710999
-0.627970534432838	0.301026304064578
-2.30418064567315	1.15110792862376
-1.6207503761161	1.25776922364847
-1.50806167447291	0.75852900058031
0.165103009331824	0.0411253937349734
3.92936359942063	1.70302424744953
-1.79839614394125	0.382877807711208
-2.5766529574574	0.657773148602288
-0.738414128880846	0.252090639638632
-0.537487301010156	0.201980308336473
-0.228583224007098	0.149331271411439
-0.904095139657618	0.757068804287302
-1.52468217246603	0.541450953371581
0.948337549654709	0.248516516252871
-0.789995070710077	0.342550534501667
0.314319608622947	0.204124893824983
0.588234805535035	0.304196236981737
0.137304897407311	0.0658230339141644
-0.249165296401242	0.125646218025282
0.41090198659401	0.32653055517441
-0.807548674395524	0.440888000966653
-0.117336741462383	0.0466584622287431
0.311680504767871	0.188165472317928
0.69559941183419	0.45522476618541
-0.276955250766681	0.174876532734177
0.801922158295548	0.329828855715043
0.132111775945609	0.0497633325597358
0.14961270573893	0.0794229491660257
-0.626680981283384	0.30031180860201
-0.99983329436222	0.493381857829095
-0.296643699310697	0.217665675515376
1.37721026661354	1.05994315113607
0.770650849661271	0.456686706927308
0.346368872558299	0.173311780771057
-0.00824532268830892	0.0042230345948152
-0.00344010479140128	0.00185474819613287
-0.967360743473125	0.597005396682198
-0.120167455299042	0.0478010740088029
-1.0001037668499	0.493752779623566
1.02248687611089	0.381157405723936
-3.46322465260564	1.22963503158779
0.144725574883443	0.0425191258680454
-0.164961528199622	0.0590946327024874
1.44899109330448	0.477667123734845
0.802489056255948	0.330144551890374
0.154465593370314	0.0289479903375428
0.950998501270056	0.249196467275389
-0.628164901903538	0.15157555358925
2.75580772001712	0.763760469153332
-0.359435145573547	0.103170722743079
-2.57660997484294	0.657538252319339
-3.45945095257726	1.22747869975084
-0.624178537751399	0.298708339466037
0.0377643378211981	0.0220136202425329
0.144725574883443	0.0425191258680454
2.75641316563256	0.763778311858285
0.882026488770121	0.467302986145836
-0.737745529684395	0.251848226779474
-0.355401168227563	0.102014834884787
-1.14088544605048	0.344426431780091
-1.14499995487719	0.345855392571373
-1.49365746044456	1.04782438004563
-1.04313192494267	0.410517747694466
-1.00077046454764	0.494047076059912
-0.167064546625983	0.0597977527594701
0.160221796316651	0.0401166927693931
-2.09340157284605	0.946438560833984
0.132732885510209	0.0441080605497273
-0.628733247343677	0.151688343674084
-1.04756717059493	0.412661948904752
-0.545203937742332	0.205116674791126
-1.29422913938657	0.576824155878015
-2.5766529574574	0.657773148602288
2.10543731746934	0.926718487222265
-0.628867026021838	0.151670609188118
0.157325350109871	0.02936446462458
-3.08216231491203	0.947551973079846
-1.13895833229548	0.343813220888229
-1.79840965860499	0.382877827643389
-1.1412568453231	0.344431220445032
0.157370411029726	0.0293708256249034
-1.52527766014307	0.541726073904961
-0.354229439997714	0.101697261087168
-0.792617263209445	0.34408015271057
-1.14088544605048	0.344426431780091
2.09962019368326	0.923638574732708
0.15820382838182	0.0396092897578142
2.33527403839181	1.14369090689666
-0.627598197564051	0.300860032383781
0.156304884454214	0.0392194704826931
-0.165088554277847	0.0591488725692337
0.154509067766894	0.0289541162362231
0.140023273435885	0.041219830052157
-0.231409214332045	0.0745090449257407
-0.735458723618684	0.250947808327744
0.16045117802105	0.0401558290866076
-0.539661343528338	0.202765677037844
2.09962019368326	0.923638574732708
-1.14088544605048	0.344426431780091
1.02567343435987	0.382470463826608
0.661225548064972	0.20772290984652
-2.08911637827436	0.943898849288905
-1.14088544605048	0.344426431780091
-0.738002720964575	0.251779850607704
0.127811645941547	0.0481547579411935
-0.236295434458238	0.0760318807121589
-1.79840965860499	0.382877827643389
-1.79839614394125	0.382877807711208
-2.57669595250488	0.657559862268914
-1.79840965860499	0.382877827643389
-1.52304226528151	0.540703452519057
-1.79839614394125	0.382877807711208
0.370593094408395	0.164217881793277
0.879823295650508	0.465619204635478
-0.192087584948652	0.103812487057489
-1.52275201069355	0.540627902821117
-3.08216231491203	0.947551973079846
-1.83132702405761	0.74028277145384
-1.14088544605048	0.344426431780091
0.509312228273621	0.179509324022326
-1.34552114991548	0.843747392998248
-1.04056236968378	0.409373067940558
-0.786629190605387	0.340991155673526
-0.234659925712008	0.0755339906287207
-1.52556530925699	0.541887546993991
0.138298265480237	0.0590452968047927
-0.501742838197007	0.264598866572696
-0.193610793162078	0.130338454249896
-0.935326192420162	0.690839422253599
-1.0075202234291	0.4987397956021
-1.14536534536015	0.34589005605433
1.01523948723683	0.377893831261949
-1.13872731243543	0.343741383764358
0.944504519928106	0.247598335656165
0.161043695584893	0.0402684742968713
-1.79840965860499	0.382877827643389
-0.198106699061794	0.107304746807369
-0.807876403939501	0.539118037807679
-0.505261829382727	0.266676025902672
-2.08224011884719	0.939282107374303
-1.14088544605048	0.344426431780091
0.511755072041239	0.180523302881905
0.49057758049981	0.309556095461033
-1.15897112728646	1.01404003140479
-1.1100978415491	0.765241804276415
-0.0540450237379938	0.0340954680535605
-0.718192073120587	0.745121760077222
-0.581032219183618	0.426133391949708
0.295727517388907	0.202869823887766
0.941892448802518	0.636316235630065
-0.281556905168812	0.178048645013049
0.130070615556567	0.0555691726612021
0.132600988210423	0.0440609588064188
0.850443170033821	0.626487656244461
0.988483492928888	0.810602781182634
-0.793326833338392	0.68600848707569
1.60265930765279	1.10746514400358
-0.499540687951398	0.263210609557522
0.769782491998811	0.456493550197517
0.696618791617961	0.455546902590479
-0.15986077451609	0.0573031810593282
-1.3568536620019	1.1319472811402
0.344131441332208	0.171748814080647
-0.400510032960929	0.278715147015667
-0.0787414122856276	0.0346359692313583
0.429189841643481	0.169462047821113
-0.538042778815197	0.20204085051787
-0.237783836658627	0.0764730781037413
1.04058549229476	0.493412698340227
-0.240976410898063	0.0775300306973211
-0.354519585455166	0.101776151388844
2.75580772001712	0.763760469153332
-0.738079783119958	0.251987608125061
-1.2995232454581	0.579997913839283
1.81323362267005	0.702723165703649
0.950858461556905	0.2491584305819
3.26631056571709	1.10328266544307
-1.79840965860499	0.382877827643389
-0.626075023442282	0.151167646950723
1.11376211053956	1.00008267150736
-0.503401617078509	0.265523042009152
0.802704240998476	0.33025128123342
-2.65750311561981	1.62306382883272
-0.661206606736585	0.394622763499144
0.947770742439721	0.248281535275256
0.950998501270056	0.249196467275389
0.94820175004088	0.248479682375772
0.155067569950451	0.0290355764553768
-0.5431188895219	0.204245277624117
-1.80123754984197	0.383647112861273
0.155067569950451	0.0290355764553768
-0.738670030097319	0.252119567169358
-2.08818862480767	0.943180111661063
-0.662516828796566	0.395534601783474
0.771744760475744	0.458284359409075
0.132382889280095	0.0439989008298304
-0.539312347732804	0.202625351504848
0.143467885183021	0.0421790290070851
1.44862736407577	0.477555630338169
0.660347295989593	0.207462296247491
-3.0857009920368	0.949295045119167
-1.80123754984197	0.383647112861273
-0.628030265547787	0.151499678636842
1.01844354699295	0.379351483810338
0.13125430574639	0.0494561793802337
0.658157600688591	0.206837664845118
0.146922191196889	0.0431076767472804
-0.628599509856641	0.151612619227975
-3.45967591146264	1.22746502283364
2.75580772001712	0.763760469153332
2.33842592547281	1.14619164851825
-3.08203048704882	0.947509650360219
1.02709860167831	0.383182847467804
3.63331351050508	1.42008896661082
1.81294103662311	0.70256079058948
-0.242110936050434	0.0778562762427623
-1.04290235412753	0.410559570501728
0.124953122017102	0.0416133200147752
-0.738079783119958	0.251987608125061
-0.737745529684395	0.251848226779474
0.94820175004088	0.248479682375772
-0.354815349846941	0.101888689175609
-0.628867026021838	0.151670609188118
-0.237090328086136	0.0762301533221021
-2.57968420714322	0.659073447553718
-4.01193246433531	1.72463037714346
-1.52896155531942	0.543366808154917
-0.739003822726622	0.252222384495429
-3.08216231491203	0.947551973079846
0.155067569950451	0.0290355764553768
1.44839669376933	0.477459847846965
-2.5766529574574	0.657773148602288
-1.79839614394125	0.382877807711208
-0.118225301795606	0.0470554996015602
-0.790168092677088	0.342820605922819
0.126279530758567	0.0476107769003057
0.131814043124596	0.0438161720723548
0.135013832711232	0.0448286361779132
-0.999770520176459	0.493549718270557
-1.14171114622793	0.344693702322242
-0.234187068597326	0.0753450872420761
-1.19233185749481	0.66732964314563
-0.970895749689094	0.599131774834399
-1.04290235412753	0.410559570501728
-0.603209671322515	0.494109036928185
-0.240976410898063	0.0775300306973211
-0.501742838197007	0.264598866572696
-0.113617842404022	0.045231923551469
-2.49130517577134	1.3793138866032
-0.503478540970582	0.265910990494613
-3.45900121533902	1.22669642729201
-1.79840965860499	0.382877827643389
-0.733240683052057	0.250029440271245
-0.73833632952493	0.25198039611565
-2.57660997484294	0.657538252319339
-2.5766529574574	0.657773148602288
-0.358557998384515	0.10292132426425
-0.355112179440658	0.101904546481095
0.162590253502546	0.0405994312489443
-0.789995070710077	0.342550534501667
-1.83139270651508	0.740181168650308
-0.665482561131185	0.397403457165612
1.31763888527422	0.565583561080284
-0.662075630096678	0.395581468876211
-0.416119418774553	0.17334263980881
0.144304320671072	0.0423970373819599
-0.739337707457692	0.252266162743882
0.156896734628332	0.0393320207188234
0.798887367854718	0.328506973468232
1.23841911926853	0.852975703482452
-0.584535151699912	0.429040929463791
-1.00737569755512	0.911946203820007
-0.396460690593055	0.275452707828328
0.171144030752705	0.117041795768526
0.294565891351866	0.212889220624988
0.305691123559517	0.197900179429719
0.445947126381537	0.32233439487789
-0.78537681039936	0.340290544519683
0.133168522192678	0.0442284444874965
-0.157933980974337	0.0901688764781787
-0.665260171640708	0.397898433795701
0.532820476474415	0.30763470810271
-0.876752910683558	0.886092562098559
-0.556927397300167	0.356143327528522
-1.1839605359013	0.661105345949097
-0.516386537643436	0.273737232594094
-0.785598299709024	0.340429869924533
-1.18710482416143	0.663070166632177
0.565727634210697	0.450830962940854
-1.05255225278892	0.850826842801535
-1.18341374103987	0.659766839734254
-0.337825158253146	0.204879714791169
0.532167327045769	0.307117109029544
0.132111775945609	0.0497633325597358
0.15963091503218	0.0399802605532864
0.374621476455653	0.166300862321494
-1.48383374844376	1.03604607686349
-2.57963910438406	0.659061212358043
-0.628164901903538	0.15157555358925
0.948905461162112	0.248586345985544
1.02363521199244	0.381873400117373
-1.79839614394125	0.382877807711208
-0.241762406615348	0.0777470617850766
0.154509067766894	0.0289541162362231
3.26508709738097	1.10261522135605
0.154465593370314	0.0289479903375428
0.152050960400409	0.028630259939513
0.647614462685364	0.461160748777392
1.23504398450382	0.850127602140738
4.16666305010686	1.96519958497957
2.09902930301809	0.922968081727696
2.3415744993868	1.14854547995181
1.31310179325084	0.563385616536445
1.95786695174359	0.441149378722158
0.950287720870208	0.248999740475732
-0.35262379016767	0.101278913820777
-0.742354946133043	0.253440043281208
-0.417764990192744	0.174212377460942
-0.16719037374262	0.0598638290738506
-0.354815349846941	0.101888689175609
0.160583229502904	0.0401661733691417
0.94820175004088	0.248479682375772
1.31075302529266	0.562166881695306
0.14255281745336	0.0418775195715754
-0.162429597708006	0.0582070931495376
-0.784177987931164	0.339638597270029
-0.110770376325381	0.0441206699150109
-0.409083068223129	0.170290860377214
-1.1412568453231	0.344431220445032
0.130586200312459	0.0492036069928143
1.02271178737872	0.381316878019672
2.5422210800607	1.37539333441399
-0.165995298204196	0.0594566920073821
-2.5766529574574	0.657773148602288
-2.57660997484294	0.657538252319339
0.144640697621443	0.0425017414545061
-1.79839614394125	0.382877807711208
-3.08556356757563	0.949512459473102
-1.79839614394125	0.382877807711208
-1.1414839653338	0.344622990730584
0.510967914253512	0.180245566763838
0.154465593370314	0.0289479903375428
-0.74243876954869	0.25362235352836
1.81294103662311	0.70256079058948
-1.83496954182052	0.74201254055013
-0.628733247343677	0.151688343674084
-0.35569023027487	0.10209347470967
2.10055021952577	0.924312412659368
0.14371839260098	0.0422424410228484
-0.233395157779413	0.075126282890225
-2.57669595250488	0.657559862268914
2.1031177894695	0.925795147014246
2.75868832531345	0.765017792149168
0.657864503304789	0.206616146564203
0.948905461162112	0.248586345985544
0.948337549654709	0.248516516252871
-1.29802782774478	0.579253782835915
-0.628733247343677	0.151688343674084
0.512417982564511	0.180670773702822
-1.52527766014307	0.541726073904961
-0.628867026021838	0.151670609188118
-1.14171114622793	0.344693702322242
-0.354815349846941	0.101888689175609
0.144304320671072	0.0423970373819599
-0.737745529684395	0.251848226779474
-0.743029498323094	0.253754321369633
-0.628733247343677	0.151688343674084
-1.79839614394125	0.382877807711208
-0.628733247343677	0.151688343674084
-1.79839614394125	0.382877807711208
0.658157600688591	0.206837664845118
0.154465593370314	0.0289479903375428
-1.79839614394125	0.382877807711208
-2.57669595250488	0.657559862268914
-0.355394630173918	0.102015543768339
0.136510942900199	0.0452694401140608
-0.167535179530461	0.0599846998526839
-1.29767890644575	0.579059217742002
0.120647931593836	0.0455461781043806
-0.625937070321993	0.151091209012893
-1.82874780946892	0.738800580746292
-0.628030265547787	0.151499678636842
0.16045117802105	0.0401558290866076
-1.00043708163123	0.493921146875203
-0.504657345698144	0.266343563170319
-1.51227685112488	0.76213256545427
0.782721148943043	0.466397685434672
-1.48516072209444	1.03782284906023
-1.29145315181805	0.575466227441089
-2.5766529574574	0.657773148602288
-1.83105982818556	0.740099638711398
-2.5766529574574	0.657773148602288
1.81545080408239	0.703738180326379
-0.631994988626399	0.152498044571477
0.950287720870208	0.248999740475732
0.155111385030128	0.0290417527313876
0.154465593370314	0.0289479903375428
-1.79840965860499	0.382877827643389
0.128353498749062	0.0427000802237377
0.132732885510209	0.0441080605497273
-0.538963433786103	0.202464572078945
-0.164744037178764	0.059028259963585
-0.165306041400927	0.0592208118770727
0.341466140633817	0.170494371879831
1.06436231489504	0.644280530255301
0.128975742122713	0.0549947337160527
-0.626730881631617	0.300306818939214
-0.356071393990223	0.102241794383879
-0.355104953248248	0.101967480674674
-0.237437039825944	0.0763599123457812
-1.83072704109891	0.739930594937107
-0.412860436217696	0.171921381427765
-0.509096922686566	0.269369557419376
0.34110580187449	0.170218026730113
0.0302288767883864	0.0176702742131318
-0.701203757728008	0.620036755849491
-0.688329892898802	0.549522581132537
0.157728913268309	0.090606366647051
0.134357593366572	0.0644555511050823
0.671166583876549	0.308670070263109
0.588849767767261	0.30460311035786
-0.00766149450249552	0.00391316390862304
0.886361496446088	0.470450698347211
-0.198554129768127	0.107450861296122
-0.80337863126898	0.438359650062652
0.129297606667776	0.0551498554583142
0.424665053881152	0.322791714357788
-2.30487641913941	1.151393355645
-1.25979560435057	1.18620387984362
-0.622602514066325	0.297951287862419
-0.409922149373193	0.233791493917811
-1.29882542782854	0.579669605589987
1.04836317982236	0.498217822369961
-1.52497036065527	0.541612586959632
-1.52333259340182	0.540638008661445
-0.354229439997714	0.101697261087168
0.807740478355158	0.33253414891386
0.15485549240506	0.0388278030369361
3.26284822825054	1.10169382604423
-0.736819853337875	0.251337978101795
-3.08556356757563	0.949512459473102
-0.632424041671007	0.152580102364835
0.155713854733082	0.0390835596706886
0.948768757521975	0.248549269795159
1.95786695174359	0.441149378722158
2.75520320904554	0.763197913000704
1.8105685130581	0.700946430734877
0.60439537873991	0.457053516963388
2.51395776743389	2.33942903047252
-3.08216231491203	0.947551973079846
-0.999770520176459	0.493549718270557
1.8135291528185	0.702758164322864
0.130977595936442	0.0435409758262869
-1.14193838802885	0.344646219015582
-1.0419816315643	0.409976007162161
-0.240846100521927	0.0774684702165293
-0.355104953248248	0.101967480674674
-0.737489374761453	0.251678150254292
-0.332186318365693	0.153547014020797
-0.739003822726622	0.252222384495429
-0.359141638818634	0.103112871302961
-1.79839614394125	0.382877807711208
-1.52954577316989	0.543451783402332
-2.08582299585273	0.941618760271733
-0.414515563910564	0.172670310722692
0.136861270958273	0.0453939461531857
1.31218528243788	0.56311122145944
-0.35569023027487	0.10209347470967
1.04536760236631	0.496267966555643
-2.5766529574574	0.657773148602288
-0.542769081676375	0.204049428112683
-0.63185471444008	0.152466960619287
2.72543602097789	1.63587476931929
-1.14523333483643	0.345843348749308
0.658741078701816	0.207014004441108
-1.83139270651508	0.740181168650308
0.154509067766894	0.0289541162362231
-1.52497036065527	0.541612586959632
0.154465593370314	0.0289479903375428
-2.57963910438406	0.659061212358043
-2.5766529574574	0.657773148602288
-2.58269164924118	0.660244336228982
-0.741848602831151	0.253311922462979
-0.626953313077783	0.300368806878658
1.81515619836297	0.703574555319196
0.375581739818815	0.166553161927003
-2.5766529574574	0.657773148602288
0.15144823932183	0.0285426379557898
-3.45945095257726	1.22747869975084
0.659324643575319	0.207123110468657
-1.52527766014307	0.541726073904961
0.147848686423209	0.0433479015633612
0.660640141500972	0.207490447031014
0.425281606664403	0.167780963846818
-1.82841297073294	0.73863065228361
-1.14111344283696	0.344497381350969
0.657866689740957	0.206670742493303
2.10345763612533	0.92603048253316
0.16045117802105	0.0401558290866076
-0.0797943273019492	0.0351107855199681
0.661225548064972	0.20772290984652
0.947163829875457	0.248276694926132
-1.14950531730286	0.347256013848679
0.15963091503218	0.0399802605532864
-0.358848207258787	0.103009197892419
-1.1414839653338	0.344622990730584
-0.739003822726622	0.252222384495429
0.144976980831471	0.0425943260188831
-0.628164901903538	0.15157555358925
-3.76051807227417	1.48103739093911
-3.46299441124492	1.22953362528533
-1.04255649350425	0.410401789740815
0.154509067766894	0.0289541162362231
-1.79840965860499	0.382877827643389
0.154465593370314	0.0289479903375428
0.155111385030128	0.0290417527313876
1.81574571371452	0.703837629137609
-1.79840965860499	0.382877827643389
-0.747056276000891	0.255214642839991
-1.53356266427775	0.545121163894634
0.162590253502546	0.0405994312489443
-1.79839614394125	0.382877807711208
-1.13872731243543	0.343741383764358
-1.34583450297698	0.843524061522781
-0.237559934502149	0.0764246711906185
-0.996575012288978	0.491627733478489
0.583057246951312	0.300779301083878
-1.14111344283696	0.344497381350969
0.162590253502546	0.0405994312489443
-1.85505804801774	1.16199339565662
-3.08229418357021	0.947231644170671
-1.52468217246603	0.541450953371581
-0.734865258526109	0.250732421647056
0.144640697621443	0.0425017414545061
0.140609521820489	0.0413743325045252
-1.18526588814393	0.661499553487784
-0.0422535120116957	0.0201658288099811
-1.0496565202412	0.848207791644826
-0.998771188529432	0.492657480541253
-0.66534674615136	0.397444473734649
-0.0569216088793522	0.0359321780121209
0.660347295989593	0.207462296247491
-0.546156558129354	0.205464884972569
-1.14171114622793	0.344693702322242
1.44862736407577	0.477555630338169
-0.359435145573547	0.103170722743079
0.948337549654709	0.248516516252871
-1.79839614394125	0.382877807711208
3.26508709738097	1.10261522135605
-1.13872731243543	0.343741383764358
-0.238649881872283	0.0768149363688191
-2.4918813844023	1.37976840109359
-0.741848602831151	0.253311922462979
2.54914246833101	1.38188149930818
0.133759541419869	0.0570900875763627
-0.506139918661916	0.267518246229609
-0.359141638818634	0.103112871302961
0.646735444901278	0.461009393381072
0.50720087150347	0.178829201945322
-3.08189869996978	0.9470994296719
0.421828677837084	0.166370084244426
3.63865172808213	1.42228041522975
-0.354815349846941	0.101888689175609
-0.339638004431897	0.2058407314039
-1.83537736671358	0.742411015726266
-2.45428389196895	2.41463323885899
-0.800366091594378	0.619155584115289
-0.339414437193127	0.20602709966627
-0.658541556822227	0.392591975450729
-0.0767788065927494	0.0338194227138831
0.790709280482151	0.626461880242565
-0.581589938244767	0.426851032515484
1.22947557240226	0.844367069255034
-0.806864488511363	0.625988388137193
0.143075200034732	0.0687240024025084
-1.04951483219841	0.848114263978794
0.300451705796566	0.217666991061587
-0.797312161678037	0.346534853807119
-0.358557998384515	0.10292132426425
-1.05167197744822	0.850879609784537
-0.539089600210505	0.202542124367007
0.610168012681955	0.463270583584011
0.428844518886435	0.169326646561233
-0.54346877962796	0.204399150899749
1.01961500222098	0.379984696878922
0.883522598319616	0.46852696737076
0.886361496446088	0.470450698347211
-1.29214946106116	0.575750520175542
1.95731570776637	0.441000340195791
1.8138222857108	0.70292085392477
-1.52955481711501	0.543641482939636
-1.79839614394125	0.382877807711208
-2.5766529574574	0.657773148602288
-2.5766529574574	0.657773148602288
-1.79840965860499	0.382877827643389
1.95786695174359	0.441149378722158
0.160221796316651	0.0401166927693931
-0.363196548838041	0.104223897327175
0.993014684997603	0.816059825330872
-1.24128412125739	0.94578414981203
0.421057115552697	0.166017922839267
-0.62732563122962	0.300719543149506
-0.968301748004173	0.596628367110863
0.657179529610805	0.206320016652676
0.155111385030128	0.0290417527313876
3.26284822825054	1.10169382604423
-1.14559783756009	0.346052129596875
-0.738079783119958	0.251987608125061
-0.628733247343677	0.151688343674084
2.34249550448842	1.14909671976623
1.44450447975593	0.475941549703467
-0.0764772914224788	0.033688068526269
1.76136333181412	0.965618801346497
0.139684630056245	0.0411185419267414
-0.542900106811953	0.204176406519794
-0.242110936050434	0.0778562762427623
-0.362912584859585	0.104115139070542
1.9428325943082	1.1933610072112
-0.745542848478608	0.254599681888053
1.44942286238737	0.477477409199566
1.55472173238364	0.754945653890023
-0.257597094518172	0.130225421169494
-0.737745529684395	0.251848226779474
-1.52984634403446	0.54376252749597
-0.790637113549688	0.343172490347042
0.154509067766894	0.0289541162362231
-0.359435145573547	0.103170722743079
-1.79840965860499	0.382877827643389
1.95731570776637	0.441000340195791
0.154509067766894	0.0289541162362231
-2.5766529574574	0.657773148602288
-0.63185471444008	0.152466960619287
-1.52585303078124	0.541962051097293
-0.628733247343677	0.151688343674084
0.133879172838789	0.0444578970345513
0.802489056255948	0.330144551890374
0.160221796316651	0.0401166927693931
0.154465593370314	0.0289479903375428
-1.1412568453231	0.344431220445032
-0.5431188895219	0.204245277624117
-0.241325335112873	0.0776212717213414
-1.52585303078124	0.541962051097293
0.657864503304789	0.206616146564203
0.156304884454214	0.0392194704826931
0.160813493636874	0.0402291855562724
1.02248687611089	0.381157405723936
-1.50863317586361	0.759208525222823
-0.238300485260816	0.0767056206772632
-1.29388110726104	0.576654901330229
-1.79840965860499	0.382877827643389
-0.236519085872564	0.0760782981535278
-0.356952421866901	0.102502236157484
0.154509067766894	0.0289541162362231
-1.69304340847359	0.952994808261722
-1.04326787487181	0.410574945464854
-1.79840965860499	0.382877827643389
-1.79839614394125	0.382877807711208
-1.1414839653338	0.344622990730584
-2.5766529574574	0.657773148602288
0.157325350109871	0.02936446462458
0.948905461162112	0.248586345985544
-1.79840965860499	0.382877827643389
-0.355394630173918	0.102015543768339
-1.52499008340819	0.541418114624462
-0.628299579656606	0.151558046801791
-2.57660997484294	0.657538252319339
-0.628733247343677	0.151688343674084
-2.48666233195922	1.37425411083544
0.802489056255948	0.330144551890374
0.493568484024042	0.31179515497492
-0.256677530842303	0.129644700392135
0.51464907727053	0.181544056103037
-0.738670030097319	0.252119567169358
-1.11149547732305	0.766751489287297
-1.29894971744328	0.579925756370133
1.55399854137691	0.753938864891249
0.15963091503218	0.0399802605532864
-0.544964913632515	0.205036285991737
-0.00999811051330845	0.00506571524043069
-0.277513644876038	0.175093937923095
-0.667502981726247	0.399214134305915
-0.106841131074146	0.0632571799136546
-0.51103675896282	0.270152926506011
-0.0434750748448765	0.0207191582288199
0.328456421446103	0.18208970462934
-0.354815349846941	0.101888689175609
-0.736131442714986	0.251191396874175
-1.83105982818556	0.740099638711398
0.155111385030128	0.0290417527313876
-1.79840965860499	0.382877827643389
0.160583229502904	0.0401661733691417
-0.625937070321993	0.151091209012893
-0.352328640216398	0.101201570764145
-0.175432015465782	0.0628166126562356
0.140948251392809	0.041458274749763
-4.42313546062696	2.2223606945581
-0.543250105928331	0.204305308908878
-0.804622730453418	0.439153910758235
0.426403404838852	0.16824819606602
-0.543818752032067	0.204528065886448
-0.415582259016658	0.173291488777707
0.345460273391501	0.172602869150054
-1.04128985839135	0.40948342982649
-0.628164901903538	0.15157555358925
2.5427894591106	1.37603904067737
3.26345542626113	1.10199860979414
0.80348355218499	0.330383273975626
-0.232151142901137	0.151983305840654
-1.11046677263525	0.765913283178152
-0.258135238458387	0.13059968483712
-0.412342326540933	0.171843174016083
0.66630164720201	0.306385320744327
-0.151069750358443	0.086076205798467
-0.679050916895054	0.479576828762571
-0.401003530957286	0.279068173270596
0.671783007787141	0.309153799246242
-0.170856035041343	0.0611834573692003
0.0545534376255103	0.0336135657212474
-0.294987027212366	0.216311784338064
-0.556900224985786	0.355678781078757
0.593865989831313	0.307385155210456
0.881582532524672	0.467561214093851
-0.419357186063525	0.174956868056436
-0.737489374761453	0.251678150254292
-0.412261031351047	0.171714138801548
-0.169105614986712	0.0605906204631912
0.154465593370314	0.0289479903375428
0.658449623497539	0.206846818911275
0.659678688827779	0.207049146044387
0.154465593370314	0.0289479903375428
-1.14559783756009	0.346052129596875
0.157370411029726	0.0293708256249034
-2.57669595250488	0.657559862268914
0.658741078701816	0.207014004441108
0.147259813410519	0.0432007445014279
1.11423136021384	1.00230139294288
0.68985877096211	0.604287492877438
-0.789186944928493	0.341997569429404
0.37719892423885	0.167428598365971
-0.242110936050434	0.0778562762427623
-0.544025640900278	0.204660696542805
0.947635845528227	0.248244973505163
0.144725574883443	0.0425191258680454
-0.628599509856641	0.151612619227975
-1.52896155531942	0.543366808154917
-1.80123754984197	0.383647112861273
-0.244977424990099	0.078799048069108
0.511187733730715	0.180331422147582
-0.0731367058478757	0.0322325710166528
0.425627365203623	0.167916299468516
-0.241892151565733	0.0777967682855961
-1.83172567613139	0.740097644798901
-1.79840965860499	0.382877827643389
-0.417165105552592	0.173939978457542
0.371830898216795	0.164878125398627
-4.4132037427002	2.21084901178304
0.656596864428374	0.206190386440451
2.10139563641952	0.924609016057742
0.126543144272307	0.0540223218243271
-0.118225301795606	0.0470554996015602
-1.79839614394125	0.382877807711208
-1.80123754984197	0.383647112861273
-1.79839614394125	0.382877807711208
-0.242110936050434	0.0778562762427623
1.04502103592787	0.496054824715763
-0.628733247343677	0.151688343674084
0.65757421006213	0.206588655278929
0.80809182652064	0.332822174466832
-1.14499995487719	0.345855392571373
0.159036592116599	0.0397877345506797
0.14380305748793	0.042271222114559
1.31565227991103	0.564944763794614
-1.14088544605048	0.344426431780091
-0.631921563015673	0.30332819832855
-1.14171114622793	0.344693702322242
-0.544168806771776	0.204616248813117
-0.233964530152622	0.0753172914260115
-0.735458723618684	0.250947808327744
-0.358852053011674	0.102979336804101
-0.628299579656606	0.151558046801791
0.16045117802105	0.0401558290866076
-0.738748567012076	0.252134640052989
0.159992352718576	0.0400538861334557
0.133518654529654	0.0443432692760018
-0.120436689899838	0.0478987092728061
-1.14171114622793	0.344693702322242
-1.14111344283696	0.344497381350969
-2.57963910438406	0.659061212358043
-1.79840965860499	0.382877827643389
-3.08189869996978	0.9470994296719
-2.5766529574574	0.657773148602288
-1.79839614394125	0.382877807711208
0.154465593370314	0.0289479903375428
-1.79840965860499	0.382877827643389
-1.80123754984197	0.383647112861273
-1.79840965860499	0.382877827643389
2.76097686654259	0.765783986906631
1.45078261646269	0.478218161496633
-2.57669595250488	0.657559862268914
0.141195201809473	0.0415167743660916
-2.57669595250488	0.657559862268914
-1.79840965860499	0.382877827643389
-1.79839614394125	0.382877807711208
-2.57660997484294	0.657538252319339
-3.45967591146264	1.22746502283364
-0.414916683326375	0.172824045878667
-0.741510950758259	0.253188727186893
-3.76108876538849	1.48211039032061
-0.354229439997714	0.101697261087168
-0.351744415353914	0.1010114930848
-1.14171114622793	0.344693702322242
0.156070095129669	0.0391676647119387
3.26508709738097	1.10261522135605
-0.350422842295583	0.100623457131418
-1.53013794503811	0.543725951296145
-1.79839614394125	0.382877807711208
0.157325350109871	0.02936446462458
-2.57660997484294	0.657538252319339
1.95988292961267	0.441702177751728
1.95731570776637	0.441000340195791
-2.57669595250488	0.657559862268914
0.15144823932183	0.0285426379557898
-1.79839614394125	0.382877807711208
1.95786695174359	0.441149378722158
-3.08189869996978	0.9470994296719
3.63629792702422	1.42164529184574
0.155111385030128	0.0290417527313876
2.75641316563256	0.763778311858285
-3.08229418357021	0.947231644170671
-0.628599509856641	0.151612619227975
0.154465593370314	0.0289479903375428
-0.628030265547787	0.151499678636842
-2.5766529574574	0.657773148602288
0.15144823932183	0.0285426379557898
-0.738414128880846	0.252090639638632
-1.04278630064219	0.410314973185565
-0.352036490485324	0.101122204058746
-2.58269164924118	0.660244336228982
-3.08556356757563	0.949512459473102
-1.52497036065527	0.541612586959632
-0.628164901903538	0.15157555358925
0.155111385030128	0.0290417527313876
-1.80123754984197	0.383647112861273
-0.235948417281415	0.0759021467201397
0.94820175004088	0.248479682375772
1.03076612999303	0.384261688494044
-3.08216231491203	0.947551973079846
0.154509067766894	0.0289541162362231
-1.79840965860499	0.382877827643389
4.371241833944	2.22281697504716
-1.79839614394125	0.382877807711208
-1.79840965860499	0.382877827643389
1.95786695174359	0.441149378722158
0.155067569950451	0.0290355764553768
-1.79840965860499	0.382877827643389
2.75580772001712	0.763760469153332
0.948768757521975	0.248549269795159
-0.544038098124227	0.204549461860792
-3.08203048704882	0.947509650360219
0.947163829875457	0.248276694926132
-0.356952421866901	0.102502236157484
1.02363521199244	0.381873400117373
3.26284822825054	1.10169382604423
3.63500627246108	1.42050433165602
-1.79840965860499	0.382877827643389
-2.5766529574574	0.657773148602288
0.154465593370314	0.0289479903375428
1.95731570776637	0.441000340195791
0.154465593370314	0.0289479903375428
0.135497064378108	0.0449728061554857
0.155067569950451	0.0290355764553768
-1.79840965860499	0.382877827643389
-1.79839614394125	0.382877807711208
-0.628867026021838	0.151670609188118
-0.628164901903538	0.15157555358925
0.155111385030128	0.0290417527313876
0.161043695584893	0.0402684742968713
-1.79840965860499	0.382877827643389
-1.80123754984197	0.383647112861273
0.950426851449918	0.249037516760643
0.950998501270056	0.249196467275389
-2.57669595250488	0.657559862268914
-1.79839614394125	0.382877807711208
-2.5766529574574	0.657773148602288
3.92389000551089	1.70054361221532
-1.80123754984197	0.383647112861273
-1.79840965860499	0.382877827643389
1.95786695174359	0.441149378722158
2.75520320904554	0.763197913000704
-1.79840965860499	0.382877827643389
-1.79840965860499	0.382877827643389
-1.79839614394125	0.382877807711208
-0.628164901903538	0.15157555358925
2.76097686654259	0.765783986906631
0.155111385030128	0.0290417527313876
-1.1414839653338	0.344622990730584
-1.79840965860499	0.382877827643389
0.15144823932183	0.0285426379557898
0.155111385030128	0.0290417527313876
-1.79840965860499	0.382877827643389
0.154509067766894	0.0289541162362231
-1.79840965860499	0.382877827643389
-1.79839614394125	0.382877807711208
0.162125356869158	0.0404960611383205
-1.79840965860499	0.382877827643389
-1.79840965860499	0.382877827643389
-2.5766529574574	0.657773148602288
-1.14499995487719	0.345855392571373
-0.738079783119958	0.251987608125061
-3.08556356757563	0.949512459473102
0.159402290839324	0.0399177124259514
-0.622873965072891	0.297999365421546
-0.663396410578162	0.396171924168727
0.125085786448965	0.0471836584371826
0.138127543219772	0.0458068858026646
-0.627870819112005	0.300921694497278
-0.738002720964575	0.251779850607704
0.154465593370314	0.0289479903375428
1.95731570776637	0.441000340195791
-1.34227622928921	0.841027460108784
-0.621313403040809	0.297195153613456
-0.804000972345036	0.438775541584656
0.170266297331165	0.110965895366052
0.405455976751306	0.321461967862001
-0.555903286660153	0.35564976180235
-0.200380052309392	0.108555825957429
0.771869910442035	0.457603950108276
-0.338251375768541	0.204974245354181
-1.16133453082276	1.0173760860008
-1.1412568453231	0.344431220445032
-2.13110443723557	1.63809048771461
-1.14171114622793	0.344693702322242
0.658741078701816	0.207014004441108
3.63331351050508	1.42008896661082
0.658448437247608	0.206865271021461
-3.46322465260564	1.22963503158779
-0.63185471444008	0.152466960619287
0.947635845528227	0.248244973505163
0.343663496887345	0.171817058168894
-3.76165974462818	1.48222195957514
-2.48666233195922	1.37425411083544
-1.14499995487719	0.345855392571373
1.0472501359547	0.497556503187299
1.06847401484548	0.64822646886455
-1.48831824908302	1.04039371612177
0.13146580926851	0.0560811387017879
-0.0415805881681044	0.0198524123782302
-0.999437341583464	0.493311859213278
-0.628599509856641	0.151612619227975
0.163185820804974	0.0407257646525502
0.154465593370314	0.0289479903375428
-0.968766935557051	0.597836174094374
-0.799388833399365	0.531934668558225
-1.85879116076031	1.16677597693724
0.130061977767633	0.0432396857332205
-0.788051638764763	0.341587882696307
-0.585072518836578	0.429675500697206
-0.20106727895276	0.108940412826074
1.23018948892245	0.84377830869838
2.1024888803025	1.43956195021615
-0.41512204271669	0.237037614309952
-0.323907520644444	0.149228541829633
0.947770742439721	0.248281535275256
-0.167880062254655	0.0601000389710004
-1.17962486873434	0.657135145898332
0.805467397708516	0.331643487494376
1.55126146787483	0.752994445894456
1.81441103810189	0.702928228145098
2.75641316563256	0.763778311858285
-1.79840965860499	0.382877827643389
3.6326714041979	1.41965046916025
1.95786695174359	0.441149378722158
2.10173504798347	0.924843834263361
1.44839669376933	0.477459847846965
0.138305971703249	0.0590522137127195
1.22397086804799	1.02583430059378
1.04288348301965	0.494991603589003
0.136037036853093	0.0580806941212942
-1.51353339090259	0.762476718383466
-1.83470480543889	0.742065970342523
1.95988292961267	0.441702177751728
-0.234090861009704	0.0753429614422092
-3.08556356757563	0.949512459473102
1.04044805884449	0.49337374099371
0.162125356869158	0.0404960611383205
0.142892234362748	0.0419793224062305
-0.354815349846941	0.101888689175609
0.141195201809473	0.0415167743660916
1.25283050010547	0.677613121936022
0.124751416858666	0.0470574836800859
2.75868832531345	0.765017792149168
0.155067569950451	0.0290355764553768
0.94820175004088	0.248479682375772
-3.76165974462818	1.48222195957514
-0.62509689781615	0.299186252053425
-1.50981787638691	0.760401413502174
-0.543250105928331	0.204305308908878
-0.628733247343677	0.151688343674084
1.02422162940792	0.382079227006262
1.02329749324129	0.381582146499257
1.22988422611179	0.843385780272178
-0.547637924233028	0.206118690117243
0.131137344847386	0.0628874891599159
0.156304884454214	0.0392194704826931
0.155067569950451	0.0290355764553768
-0.632563406792844	0.152610991116788
0.154509067766894	0.0289541162362231
0.15144823932183	0.0285426379557898
0.155111385030128	0.0290417527313876
-0.628164901903538	0.15157555358925
-1.79839614394125	0.382877807711208
-0.625937070321993	0.151091209012893
-1.52217172198706	0.540157381117801
-0.237437039825944	0.0763599123457812
-1.83305889694033	0.741106639876373
-0.36377836325993	0.104348730459055
1.81264504950119	0.702404900566408
1.95988292961267	0.441702177751728
-0.236642536873473	0.0761450888689269
1.81515619836297	0.703574555319196
-1.52955481711501	0.543641482939636
0.948337549654709	0.248516516252871
2.75580772001712	0.763760469153332
-1.50794706066394	0.75869717656901
3.26345542626113	1.10199860979414
-1.0403348553758	0.409226758738803
0.512103476504473	0.180655514559587
1.5520922495992	0.753268069075162
-0.628867026021838	0.151670609188118
-0.632424041671007	0.152580102364835
0.152050960400409	0.028630259939513
-0.628164901903538	0.15157555358925
-1.52468217246603	0.541450953371581
0.160221796316651	0.0401166927693931
0.803408818952654	0.330566110600543
0.143477516670026	0.0421253750116672
0.163185820804974	0.0407257646525502
0.160221796316651	0.0401166927693931
0.146922191196889	0.0431076767472804
-0.354815349846941	0.101888689175609
0.144640697621443	0.0425017414545061
-3.08189869996978	0.9470994296719
-1.14171114622793	0.344693702322242
0.511755072041239	0.180523302881905
-1.79840965860499	0.382877827643389
-2.57669595250488	0.657559862268914
-2.5766529574574	0.657773148602288
-1.52984634403446	0.54376252749597
-2.57660997484294	0.657538252319339
-1.14111344283696	0.344497381350969
-0.114853970799127	0.0457131921372416
-1.34489823388258	0.843163844366104
0.298395973418162	0.215955712946439
-0.336338216957841	0.203739896798862
1.04531561518429	0.496344184889131
-1.83132702405761	0.74028277145384
-0.539661343528338	0.202765677037844
-0.964039423668485	0.594358289979877
1.81323362267005	0.702723165703649
1.4379565837346	0.880863084619832
1.75525834937773	0.960461484578152
2.10592974553951	1.44266747069981
-0.117660477054644	0.0467865531553836
0.427588150458057	0.429071213465953
-1.27546752254374	1.40118751114897
-1.35672526555543	1.36838460269177
0.166104082186501	0.102114462994449
0.591916460544262	0.306231299697181
0.408247722251476	0.323924045758338
0.0533736244945999	0.0328914240826594
0.0313386480981274	0.0183286276994293
-1.83470480543889	0.742065970342523
-0.165433148159335	0.0592640318232164
-0.801410758507508	0.620346621349821
-1.85634465087915	1.16301425135806
0.145313170347528	0.042674261922763
2.75520320904554	0.763197913000704
0.146922191196889	0.0431076767472804
-1.1414839653338	0.344622990730584
1.95731570776637	0.441000340195791
0.155111385030128	0.0290417527313876
0.670479674423801	0.308592907557702
-0.28005159806442	0.176895986488801
-0.234659925712008	0.0755339906287207
-3.08216231491203	0.947551973079846
1.7567928737171	0.962019300769757
-0.539438704416492	0.202662195535841
-0.418826686176616	0.174791777507008
-0.274415038090332	0.173060531857522
-0.0796858688486884	0.0488555103531525
0.494095724357813	0.31245556152189
-0.154492347877314	0.0881351229603057
0.642721487401036	0.456160351501055
-0.792528641954742	0.751259870376043
-0.684256136455439	0.483969980410142
-0.153543712526277	0.0875737824547743
0.128075192969757	0.0482635683600574
-0.790907636194284	0.342754617005309
-0.355394630173918	0.102015543768339
0.805467397708516	0.331643487494376
-0.743029498323094	0.253754321369633
-0.356367399040958	0.102345848061694
0.154311934860129	0.0289593414864238
2.75641316563256	0.763778311858285
-0.626075023442282	0.151167646950723
-2.5766529574574	0.657773148602288
-0.358557998384515	0.10292132426425
0.160813493636874	0.0402291855562724
-0.704467211780465	0.623627490908289
-0.117984276991248	0.0469113915138907
1.22988777078931	0.843310716533092
0.424054549100668	0.167331926668015
-2.30510991052137	1.15171940932676
1.81264504950119	0.702404900566408
0.155111385030128	0.0290417527313876
0.146922191196889	0.0431076767472804
-0.74269218165825	0.253631177667885
-0.236865950236819	0.0762080730306188
-1.04232764455762	0.41013375079511
0.134446827346684	0.044648821058174
0.134096582628132	0.0445246807155045
2.10592974553951	1.44266747069981
-1.52527766014307	0.541726073904961
0.133301116726748	0.0442849463266127
-0.741763882242001	0.253307934106881
0.154465593370314	0.0289479903375428
1.02455981174032	0.382091874796033
4.16416878488742	1.96341587712626
0.12766278679512	0.0481491979841494
-1.35266125099995	1.12507815723512
-0.541053988501391	0.203408052094411
-2.00729102903449	1.40316658418067
0.658157600688591	0.206837664845118
-1.04255649350425	0.410401789740815
-2.80434495086561	1.8844285670583
-0.241543381848446	0.0777055848228126
0.51245179464898	0.180728048354012
1.02651128578825	0.383050193875148
-0.628030265547787	0.151499678636842
-1.14171114622793	0.344693702322242
-2.5766529574574	0.657773148602288
-0.628733247343677	0.151688343674084
0.161043695584893	0.0402684742968713
-0.786629190605387	0.340991155673526
0.154465593370314	0.0289479903375428
0.155067569950451	0.0290355764553768
3.26284822825054	1.10169382604423
-0.631994988626399	0.152498044571477
-1.79840965860499	0.382877827643389
-1.80123754984197	0.383647112861273
-0.628164901903538	0.15157555358925
-1.29998431494646	0.580573219981784
0.127141626540389	0.0479115733238652
0.94820175004088	0.248479682375772
-1.1406575104342	0.344234513147494
0.428844518886435	0.169326646561233
1.02363521199244	0.381873400117373
0.657864503304789	0.206616146564203
1.02592340208434	0.382810966482796
1.31218528243788	0.56311122145944
1.45114635521655	0.478471348903038
0.658157600688591	0.206837664845118
0.129758591124513	0.0554306708744218
0.158797898832415	0.0397350165406265
-0.172107354750232	0.0616237994837963
1.44839669376933	0.477459847846965
-0.236865950236819	0.0762080730306188
0.157325350109871	0.02936446462458
-0.737489374761453	0.251678150254292
0.427856931061711	0.16878095788918
4.70843157541324	2.79857371031716
1.45054889854294	0.478121061898946
-1.83504104592481	0.742292078332567
-0.241194698180716	0.0775963201393135
-0.620720478750012	0.296893963868876
1.02338601426445	0.38161996773056
0.160813493636874	0.0402291855562724
-0.356071393990223	0.102241794383879
0.805116244112889	0.331471066458395
0.152050960400409	0.028630259939513
1.44922258720914	0.477763268309402
1.02212623462815	0.380948102315312
-1.83537736671358	0.742411015726266
-0.626075023442282	0.151167646950723
-2.0898088165941	0.944216737411355
0.144976980831471	0.0425943260188831
-0.744521675908842	0.254256650960469
0.428844518886435	0.169326646561233
-0.62621301873586	0.15115097520137
-1.1447666380351	0.34569313996721
-1.1414839653338	0.344622990730584
-3.45945095257726	1.22747869975084
0.510271633266051	0.179924314863983
-0.355104953248248	0.101967480674674
-1.79839614394125	0.382877807711208
-1.79839614394125	0.382877807711208
-1.83504104592481	0.742292078332567
-3.45967591146264	1.22746502283364
-0.16719037374262	0.0598638290738506
-0.738748567012076	0.252134640052989
0.422520693979278	0.166619271733836
-0.355401168227563	0.102014834884787
-1.04396421075156	0.411040526644558
-2.09247545291009	0.945761140891945
1.43568623048366	0.879694352903354
-1.13895833229548	0.343813220888229
-0.240627572806769	0.0774207528438286
1.02592340208434	0.382810966482796
1.93954790797232	1.18863154455072
-0.788276522239301	0.679905872311074
-0.628243335554657	0.30121752247215
0.53568854511616	0.309603245081218
-0.257473762635704	0.130247423855213
-0.412261031351047	0.171714138801548
-0.168443906364487	0.0602979483615774
1.23187559239844	0.845909310977756
-1.18738108149194	0.662909084634087
2.34135533413392	1.14844291387782
0.132204950627944	0.0564266416745921
-0.236295434458238	0.0760318807121589
0.133168522192678	0.0442284444874965
-1.03998820725116	0.409113309598422
0.648314837854735	0.461653192466384
-0.788962872631865	0.342076545446221
-2.5766529574574	0.657773148602288
4.16916333036968	1.96553039398065
2.75868832531345	0.765017792149168
1.95731570776637	0.441000340195791
-0.359141638818634	0.103112871302961
0.155111385030128	0.0290417527313876
2.75580772001712	0.763760469153332
-0.628164901903538	0.15157555358925
2.54614231756351	1.37953151874953
-0.16719037374262	0.0598638290738506
-0.625937070321993	0.151091209012893
1.02626205148491	0.382823634565729
-1.83564160885514	0.742645090374466
-0.734865258526109	0.250732421647056
-0.117688932670079	0.0468486729054095
0.140361834634309	0.0413037326992959
-0.324717351579936	0.149696500852553
-0.258720715938974	0.13091523211758
-0.257890752097657	0.130392292626134
-1.1412568453231	0.344431220445032
-0.240976410898063	0.0775300306973211
0.13571412709247	0.0450530753488282
-0.11647548997383	0.0463257966118371
3.63395648950567	1.42026036401428
1.04780700199927	0.497914055094941
0.127436205712794	0.0424074206930577
0.160221796316651	0.0401166927693931
1.81515619836297	0.703574555319196
0.950858461556905	0.2491584305819
-0.628599509856641	0.151612619227975
1.45114635521655	0.478471348903038
0.128838709612748	0.0550009273011585
0.50720087150347	0.178829201945322
-1.70273521012112	0.961647749553078
-1.04278630064219	0.410314973185565
-0.790219131055702	0.342560224844598
1.2557393069652	0.679752543170007
0.154509067766894	0.0289541162362231
1.8138222857108	0.70292085392477
1.95786695174359	0.441149378722158
-1.14111344283696	0.344497381350969
-0.355112179440658	0.101904546481095
0.654121684946124	0.205433467520013
0.162357836679133	0.0405597098553547
-0.535972986453295	0.201305640312495
0.948337549654709	0.248516516252871
-0.808850787923313	0.442541949655114
0.659032459281836	0.207041754611057
1.95731570776637	0.441000340195791
1.95988292961267	0.441702177751728
0.132382889280095	0.0439989008298304
-0.738670030097319	0.252119567169358
-1.18022059491462	0.657713722320658
-0.354815349846941	0.101888689175609
-0.168098950998947	0.060182556134742
0.945072510336007	0.247668267417156
1.81294103662311	0.70256079058948
1.95731570776637	0.441000340195791
-0.737745529684395	0.251848226779474
2.75580772001712	0.763760469153332
0.155713854733082	0.0390835596706886
0.155111385030128	0.0290417527313876
-3.08229418357021	0.947231644170671
-0.628164901903538	0.15157555358925
0.948337549654709	0.248516516252871
-0.788172601637339	0.341595524377101
-0.628164901903538	0.15157555358925
-0.628164901903538	0.15157555358925
1.44839669376933	0.477459847846965
-1.79839614394125	0.382877807711208
-1.79839614394125	0.382877807711208
-3.08216231491203	0.947551973079846
-1.52926336424741	0.543358625626883
0.144054213480702	0.0423469198905259
0.156661115950913	0.0392800358899383
-0.354519585455166	0.101776151388844
-1.52984634403446	0.54376252749597
-0.628164901903538	0.15157555358925
-1.52527766014307	0.541726073904961
-0.628733247343677	0.151688343674084
0.154465593370314	0.0289479903375428
1.55472173238364	0.754945653890023
0.657283842665822	0.20642210460759
0.161043695584893	0.0402684742968713
0.131541520016344	0.0437194079588842
0.659032459281836	0.207041754611057
-2.57660997484294	0.657538252319339
0.155111385030128	0.0290417527313876
3.26569824690609	1.10327543173781
-1.79839614394125	0.382877807711208
-0.738079783119958	0.251987608125061
-0.628164901903538	0.15157555358925
-3.08216231491203	0.947551973079846
1.81011419433809	0.700628315633627
2.75580772001712	0.763760469153332
0.154509067766894	0.0289541162362231
-0.354815349846941	0.101888689175609
0.144725574883443	0.0425191258680454
-0.628599509856641	0.151612619227975
0.145995384957952	0.042836480378728
0.16045117802105	0.0401558290866076
0.157370411029726	0.0293708256249034
-1.04595278088894	0.411874241216211
-2.5766529574574	0.657773148602288
-1.83564160885514	0.742645090374466
-0.169879968136509	0.0608416154288642
0.131682648363566	0.0437604593152334
-0.537020300726747	0.201726380349835
-1.79839614394125	0.382877807711208
-1.79840965860499	0.382877827643389
3.26345542626113	1.10199860979414
-1.79840965860499	0.382877827643389
-1.04324829900211	0.41067273876345
-0.628599509856641	0.151612619227975
-1.79840965860499	0.382877827643389
-0.359141638818634	0.103112871302961
-0.628030265547787	0.151499678636842
-1.80123754984197	0.383647112861273
-1.29882542782854	0.579669605589987
-0.53874057789979	0.202401825815006
0.141195201809473	0.0415167743660916
0.699495221090948	0.458324940297203
0.0132536855729201	0.00726303385473377
-1.04779140371951	0.412732841654536
-1.00136036488049	0.494828521671196
0.145900922770069	0.0428171507649781
1.55357482739164	0.753998587470342
1.43854011903875	0.881623246091676
0.155111385030128	0.0290417527313876
0.143467885183021	0.0421790290070851
0.159859477622278	0.0400192334307773
0.135546683348653	0.0579178182718303
-0.552414421086193	0.352604772406788
0.331516682484581	0.184064254084493
-0.0775407294713637	0.0341157452619414
-0.666573598108029	0.399015082280499
0.168239127869154	0.103543634418389
0.988887063510729	0.810335646736897
-0.151435932139871	0.0863298223024546
-1.69271082861525	0.952704551969826
-0.276977617741541	0.174867717672651
0.144389940892798	0.0424393237157952
-0.169105614986712	0.0605906204631912
-0.172452668801544	0.0617304368190577
0.159036592116599	0.0397877345506797
-1.18465699807104	0.660431357535566
-0.969068341357722	0.598096157291759
-2.57669595250488	0.657559862268914
-1.79839614394125	0.382877807711208
-0.73833632952493	0.25198039611565
-0.351744415353914	0.1010114930848
3.63331351050508	1.42008896661082
0.160221796316651	0.0401166927693931
-1.79839614394125	0.382877807711208
-0.358848207258787	0.103009197892419
0.132732885510209	0.0441080605497273
0.659324643575319	0.207123110468657
-0.543032216178632	0.204103693561096
0.143477516670026	0.0421253750116672
-0.240061032815783	0.077222364016591
0.160583229502904	0.0401661733691417
-0.330703419300768	0.152676145818067
-0.544388043857763	0.20467834687827
-0.809673508940478	0.442747934748592
-0.463985067955506	0.310307264991978
-0.118785611334791	0.0705518129677391
-1.14974325164212	0.347335128550777
0.162357836679133	0.0405597098553547
-0.628164901903538	0.15157555358925
0.512321829500026	0.180674048803135
-0.539661343528338	0.202765677037844
-2.48826749209947	1.37570369842
0.144640697621443	0.0425017414545061
0.6628368429258	0.20810242430301
1.95786695174359	0.441149378722158
-2.5766529574574	0.657773148602288
2.75807933893485	0.764710363024488
0.660640141500972	0.207490447031014
-0.628299579656606	0.151558046801791
-3.08203048704882	0.947509650360219
0.155111385030128	0.0290417527313876
-0.504320509166947	0.382186115156879
0.142423526320512	0.0683980799901551
0.344322827714011	0.172065988807231
-1.35100887170602	0.849122853784294
-0.228722559098149	0.0736417404953527
0.154509067766894	0.0289541162362231
-1.14583039258107	0.346039770541419
-0.359435145573547	0.103170722743079
0.669043786961478	0.307398315446467
-4.01193246433531	1.72463037714346
1.45054889854294	0.478121061898946
2.75580772001712	0.763760469153332
1.8135291528185	0.702758164322864
-0.169664956250467	0.0607827502330806
2.75520320904554	0.763197913000704
-3.45922605387697	1.22727228815634
1.95731570776637	0.441000340195791
-0.236420091117799	0.0760498926963215
1.0239728358881	0.381885834911352
-2.30476209042479	1.1515199403139
-0.792961532394216	0.344288490733264
-1.83132702405761	0.74028277145384
-0.538614601651019	0.202264227467562
-0.78873939795176	0.341991104298643
0.657866689740957	0.206670742493303
-0.238649881872283	0.0768149363688191
1.23143076977733	0.844554892720366
-0.236865950236819	0.0762080730306188
-0.240976410898063	0.0775300306973211
0.156304884454214	0.0392194704826931
0.155111385030128	0.0290417527313876
-2.5766529574574	0.657773148602288
0.156070095129669	0.0391676647119387
-1.1414839653338	0.344622990730584
-1.14284398403614	0.345169869447138
-1.79839614394125	0.382877807711208
-1.14171114622793	0.344693702322242
0.160813493636874	0.0402291855562724
-0.625937070321993	0.151091209012893
-0.628733247343677	0.151688343674084
1.95786695174359	0.441149378722158
3.26284822825054	1.10169382604423
0.154465593370314	0.0289479903375428
-1.79840965860499	0.382877827643389
-1.79839614394125	0.382877807711208
-2.5766529574574	0.657773148602288
-1.79839614394125	0.382877807711208
-1.80123754984197	0.383647112861273
-3.08556356757563	0.949512459473102
-2.57669595250488	0.657559862268914
-1.79839614394125	0.382877807711208
-1.52585303078124	0.541962051097293
0.154465593370314	0.0289479903375428
-1.79840965860499	0.382877827643389
-0.628030265547787	0.151499678636842
-0.415450817577452	0.173071801779126
-1.04290235412753	0.410559570501728
0.165103009331824	0.0411253937349734
0.162719274583833	0.0406219991153643
-0.352915395102444	0.101358152963712
-1.1414839653338	0.344622990730584
1.44839669376933	0.477459847846965
0.947770742439721	0.248281535275256
2.75807933893485	0.764710363024488
-0.73833632952493	0.25198039611565
3.26284822825054	1.10169382604423
0.165103009331824	0.0411253937349734
0.663422627847196	0.208288477111549
0.144389940892798	0.0424393237157952
0.424935770305415	0.167621556044747
0.123555562714425	0.0466077516946964
-0.354815349846941	0.101888689175609
-0.354815349846941	0.101888689175609
0.670145389835663	0.308411472409514
0.156661115950913	0.0392800358899383
-1.1414839653338	0.344622990730584
0.15963091503218	0.0399802605532864
0.952960668065698	0.249631740841768
-0.356952421866901	0.102502236157484
-0.628299579656606	0.151558046801791
0.155713854733082	0.0390835596706886
1.81574571371452	0.703837629137609
-1.83564160885514	0.742645090374466
-1.14171114622793	0.344693702322242
-0.547287052704382	0.205976261023422
-0.355394630173918	0.102015543768339
-0.539535866518366	0.202616428643095
-0.354525819937872	0.101778275735803
-0.355112179440658	0.101904546481095
0.805680641996882	0.331728723334835
-1.14171114622793	0.344693702322242
0.125348688058955	0.0472753894733249
-0.628030265547787	0.151499678636842
-0.628733247343677	0.151688343674084
-0.355104953248248	0.101967480674674
0.15144823932183	0.0285426379557898
-3.45967591146264	1.22746502283364
-1.79840965860499	0.382877827643389
-1.79839614394125	0.382877807711208
-1.80123754984197	0.383647112861273
-0.62621301873586	0.15115097520137
-1.52896155531942	0.543366808154917
0.425281606664403	0.167780963846818
1.31473628244331	0.564270657565622
-0.256308452147283	0.129569719085921
0.134424861075149	0.0644831773464918
-0.354525819937872	0.101778275735803
-1.14523333483643	0.345843348749308
0.69884969635935	0.458513053639668
-0.539661343528338	0.202765677037844
-0.415582259016658	0.173291488777707
-3.0857009920368	0.949295045119167
0.658449623497539	0.206846818911275
1.38235904505669	1.06688478378842
0.379721221237639	0.16864819385015
-0.413428194320737	0.236236427726743
-0.114263293640458	0.0454834777184629
-0.146301412530307	0.0832902148907592
1.02363521199244	0.381873400117373
-0.330939081668808	0.152880763908293
-1.18926532578881	0.664979531042305
-0.0397111993831533	0.0189742651368284
0.50776496866365	0.179019570667438
-1.79839614394125	0.382877807711208
-0.636281951781153	0.153487716090317
-0.807063081176681	0.441221548160824
-1.69276902569465	0.952359245821965
-0.412860436217696	0.171921381427765
-1.69728023110238	0.956864275004206
0.8804110252599	0.466091387895369
-2.65199009148174	1.6157608196678
-0.116744249017674	0.0464304413870714
-0.415582259016658	0.173291488777707
-0.628599509856641	0.151612619227975
-3.08216231491203	0.947551973079846
1.95988292961267	0.441702177751728
0.125085786448965	0.0471836584371826
-3.08203048704882	0.947509650360219
2.75641316563256	0.763778311858285
1.95786695174359	0.441149378722158
-2.57669595250488	0.657559862268914
-3.45900121533902	1.22669642729201
-1.14536534536015	0.34589005605433
-1.14171114622793	0.344693702322242
-0.19305105781774	0.104359024341583
-1.04396421075156	0.411040526644558
-0.239712126266584	0.0770946293272292
0.125682878474067	0.0474015610954397
-0.329146058047281	0.151991518723621
0.937717653360221	0.63198880434338
-0.795295177631759	0.432508604117008
-0.537020300726747	0.201726380349835
-0.0455117094166965	0.0216703290636384
1.8138222857108	0.70292085392477
1.95731570776637	0.441000340195791
-0.738670030097319	0.252119567169358
0.801705526679166	0.329494691176548
-1.00395217666584	0.496433034650267
-0.628164901903538	0.15157555358925
-1.83072704109891	0.739930594937107
-1.79840965860499	0.382877827643389
0.162952579336367	0.0406858836130456
-0.3523322595973	0.101168276473444
0.155067569950451	0.0290355764553768
1.44780311038183	0.477066495630919
-1.14088544605048	0.344426431780091
-1.05085567955959	0.414282430800086
-0.704212724348876	0.623441621466716
1.22832696337567	1.03369425911496
0.354023139252359	0.177377272424589
-1.14559783756009	0.346052129596875
0.945072510336007	0.247668267417156
-0.354229439997714	0.101697261087168
0.160813493636874	0.0402291855562724
0.155067569950451	0.0290355764553768
0.147259813410519	0.0432007445014279
0.659324643575319	0.207123110468657
0.587477639043838	0.30335432802977
-1.00037438735711	0.493892565592627
1.94086852849473	1.19140672043808
-2.5766529574574	0.657773148602288
1.95786695174359	0.441149378722158
-0.628867026021838	0.151670609188118
-0.74269218165825	0.253631177667885
1.0192751562055	0.379836783778508
-1.04255649350425	0.410401789740815
-0.736467942319606	0.25123635401307
-1.70345585721399	0.961516754950455
-1.50771865123221	0.758301194323698
1.04368981844324	0.495127036286315
-0.624465346012822	0.299268395966845
-2.57660997484294	0.657538252319339
-0.158959179295277	0.0569890269505847
-0.801829921590991	0.762710570662065
0.160813493636874	0.0402291855562724
0.944504519928106	0.247598335656165
-0.62621301873586	0.15115097520137
1.95786695174359	0.441149378722158
0.160583229502904	0.0401661733691417
0.511187733730715	0.180331422147582
-0.628733247343677	0.151688343674084
-1.79840965860499	0.382877827643389
2.75580772001712	0.763760469153332
-0.741510950758259	0.253188727186893
0.144389940892798	0.0424393237157952
-0.354229439997714	0.101697261087168
-1.14111344283696	0.344497381350969
-1.14088544605048	0.344426431780091
0.157370411029726	0.0293708256249034
0.155067569950451	0.0290355764553768
3.26345542626113	1.10199860979414
-1.79840965860499	0.382877827643389
0.155067569950451	0.0290355764553768
0.155111385030128	0.0290417527313876
-1.79840965860499	0.382877827643389
-0.628164901903538	0.15157555358925
-2.5766529574574	0.657773148602288
0.510839396613925	0.180141996770445
-0.628030265547787	0.151499678636842
-0.354525819937872	0.101778275735803
-1.04416930284237	0.410817461260561
-3.08189869996978	0.9470994296719
2.75807933893485	0.764710363024488
-0.358264019190404	0.102817613458252
0.164866646813102	0.0410606750914948
0.658157600688591	0.206837664845118
0.16045117802105	0.0401558290866076
0.953104063529892	0.24967071820883
-0.628164901903538	0.15157555358925
-1.0438234260038	0.410788519057193
0.654121684946124	0.205433467520013
-2.08651667798306	0.942148962041558
-0.234881985943443	0.0755878057926229
-2.57968420714322	0.659073447553718
-1.52304226528151	0.540703452519057
-0.738079783119958	0.251987608125061
-0.355104953248248	0.101967480674674
-0.359725191866461	0.103238313016327
-1.04290235412753	0.410559570501728
-1.1413415008172	0.344450233445194
0.950858461556905	0.2491584305819
-0.539312347732804	0.202625351504848
-1.79840965860499	0.382877827643389
-0.35569023027487	0.10209347470967
0.948337549654709	0.248516516252871
2.75641316563256	0.763778311858285
1.02592340208434	0.382810966482796
0.154509067766894	0.0289541162362231
-0.35569023027487	0.10209347470967
-0.237559934502149	0.0764246711906185
2.34192571099863	1.148837051844
-3.08216231491203	0.947551973079846
0.159992352718576	0.0400538861334557
-3.08556356757563	0.949512459473102
-1.79839614394125	0.382877807711208
-4.419586339886	2.21928020280036
0.511755072041239	0.180523302881905
0.659616568882323	0.207151031447049
0.880412908398583	0.466769991773935
0.374098577806928	0.166082228285506
-1.85570122471156	1.16264732967497
-0.796278298730937	0.345919211193994
-0.171416957929972	0.0613808082861972
1.45114635521655	0.478471348903038
0.373103920888069	0.165278577438034
-0.364075191310441	0.104431351921358
-0.356952421866901	0.102502236157484
0.154311934860129	0.0289593414864238
0.370650988532887	0.164283149019924
-0.109293809684691	0.064750695736248
-0.782584706497323	0.338824521604781
0.167493647943266	0.109000521716399
0.556975155353335	0.554102292363573
-1.35533390875545	1.12942956939179
0.133768302707907	0.0641579669995326
1.11713712976088	1.00502664861676
-0.680417238394305	0.480700538027319
-0.0730315750298271	0.0321765937537631
0.129270930562912	0.0487053692648074
0.510619816865865	0.180113549991954
-2.65588469983787	1.62079232393202
-0.78719505691599	0.341160927810974
-0.504042333144739	0.266012917728938
-0.535402990152881	0.201037267314672
-0.164744037178764	0.059028259963585
-0.359435145573547	0.103170722743079
-1.52275201069355	0.540627902821117
2.75580772001712	0.763760469153332
0.660347295989593	0.207462296247491
3.63331351050508	1.42008896661082
-1.1413415008172	0.344450233445194
0.154465593370314	0.0289479903375428
-1.1406575104342	0.344234513147494
0.162952579336367	0.0406858836130456
-1.79839614394125	0.382877807711208
-0.789386763625026	0.34250460133574
-2.08622677743602	0.941367239108157
-0.621396994754712	0.558165936577239
-0.786600344905534	0.341047309877343
-0.256895230163255	0.12989407327354
-0.504132685233141	0.266255058634921
1.44862736407577	0.477555630338169
-0.237734534646551	0.0765149348263535
1.04746072672504	0.497700711342051
-0.738414128880846	0.252090639638632
1.81264504950119	0.702404900566408
-3.46276423195498	1.22902448571158
0.41815349626362	0.164826694198742
0.94820175004088	0.248479682375772
1.95786695174359	0.441149378722158
0.159859477622278	0.0400192334307773
0.156070095129669	0.0391676647119387
3.26224218729945	1.1009233569627
1.95731570776637	0.441000340195791
-1.1447666380351	0.34569313996721
-0.803150297540011	0.622141394583663
-1.49151476156511	1.0449610950884
-1.48893814226417	1.04036149024026
-0.244977424990099	0.078799048069108
-0.622602514066325	0.297951287862419
-0.352915395102444	0.101358152963712
-0.355104953248248	0.101967480674674
1.81633531763119	0.703887329894944
0.136861270958273	0.0453939461531857
-3.08189869996978	0.9470994296719
0.802138012530807	0.329972517070534
-0.238649881872283	0.0768149363688191
2.33807558295589	1.14590125490883
-0.661861879922842	0.395113171797799
-0.790907636194284	0.342754617005309
0.144640697621443	0.0425017414545061
-1.14088544605048	0.344426431780091
-0.354519585455166	0.101776151388844
0.143137930281083	0.0420234902455121
-0.735538279411364	0.250976055861043
-1.48798236280911	1.03977263798581
-1.1412568453231	0.344431220445032
0.659032459281836	0.207041754611057
-0.737154567775087	0.251538686589487
-1.04267374187429	0.410246962947944
-0.240976410898063	0.0775300306973211
0.657866689740957	0.206670742493303
0.659324643575319	0.207123110468657
0.156304884454214	0.0392194704826931
-1.79839614394125	0.382877807711208
-0.235007751863996	0.0756217011010752
-1.13872731243543	0.343741383764358
-1.14111344283696	0.344497381350969
0.132951093876262	0.0441757525557606
-0.737745529684395	0.251848226779474
1.02271178737872	0.381316878019672
-1.14111344283696	0.344497381350969
-3.76137421922742	1.48226291907169
-1.79839614394125	0.382877807711208
0.948337549654709	0.248516516252871
-1.79840965860499	0.382877827643389
-0.628030265547787	0.151499678636842
-1.79840965860499	0.382877827643389
-1.79840965860499	0.382877827643389
1.95731570776637	0.441000340195791
0.154465593370314	0.0289479903375428
-1.79839614394125	0.382877807711208
-1.79839614394125	0.382877807711208
1.95786695174359	0.441149378722158
-3.08216231491203	0.947551973079846
-0.735795036496609	0.251087692088149
0.151536491393852	0.0381262887020096
-0.543250105928331	0.204305308908878
-0.169320011151056	0.0606649453809961
0.132164012775708	0.0439252834614193
0.660932155782147	0.207694635746326
1.81545080408239	0.703738180326379
0.653826927429073	0.205337088996143
-0.354815349846941	0.101888689175609
1.44862736407577	0.477555630338169
0.659032643407672	0.20695576224899
-2.57669595250488	0.657559862268914
-0.739810651859165	0.252595067527066
-0.237212899766669	0.0763212805777045
-1.52468217246603	0.541450953371581
-0.628733247343677	0.151688343674084
-0.736467942319606	0.25123635401307
0.342603572142307	0.170909913666102
2.75580772001712	0.763760469153332
-0.171978560989748	0.0615700655036388
-1.52527766014307	0.541726073904961
1.02617238539361	0.38275777208832
0.657866689740957	0.206670742493303
0.947635845528227	0.248244973505163
-0.356071393990223	0.102241794383879
-0.632563406792844	0.152610991116788
-1.14171114622793	0.344693702322242
-0.63185471444008	0.152466960619287
-0.628599509856641	0.151612619227975
-0.120724864556327	0.0480527767900987
-0.806567334222378	0.53751621243249
-0.683981755273177	0.484112169331038
-0.627648051161859	0.300886351315126
-2.5766529574574	0.657773148602288
-0.539661343528338	0.202765677037844
-1.18276931336496	0.659298465281137
-0.738159266562824	0.251825620637215
0.140023273435885	0.041219830052157
-0.539312347732804	0.202625351504848
0.124746748229843	0.0532730660001616
0.0569694335722609	0.0351497226296803
-0.554007147588077	0.353644361147243
1.6844527939058	1.9617254123148
-1.5583370531207	1.51204113390835
-0.0408531662538756	0.019489548383719
-0.793526909263106	0.34442474324859
-0.200099946062873	0.108385763536053
0.943573260203336	0.638501464446263
-0.675446489212064	0.476617493216067
0.13125430574639	0.0494561793802337
-1.29422913938657	0.576824155878015
2.1046410607199	0.926318292522978
0.133963534463516	0.0643357773417039
0.128992774358963	0.0550059415649745
-0.411396616732374	0.171295832500664
-0.539312347732804	0.202625351504848
0.134796989185734	0.044763826715822
0.157370411029726	0.0293708256249034
-1.52275201069355	0.540627902821117
-0.355394630173918	0.102015543768339
-0.323785681062795	0.149294817267518
-0.236989724567202	0.0762485047293907
-1.52217172198706	0.540157381117801
-1.04347763338354	0.410675434748757
-1.13895833229548	0.343813220888229
0.128338588542606	0.0483629401375905
-1.52468217246603	0.541450953371581
-1.51683748482938	0.764963888056652
-0.278849956657629	0.176063170455591
-0.0434597109861634	0.0207214601793741
-1.23558000053909	0.937972003497024
-0.260374629595072	0.131754725314246
0.144640697621443	0.0425017414545061
0.147848686423209	0.0433479015633612
-0.418699120063541	0.174624493913997
0.325667277127438	0.180271675977909
0.421828677837084	0.166370084244426
-2.08450404139696	0.940647115246043
-0.234090861009704	0.0753429614422092
-1.14088544605048	0.344426431780091
-3.08189869996978	0.9470994296719
1.95786695174359	0.441149378722158
3.63694507499105	1.42148992135626
-1.1413415008172	0.344450233445194
-2.57963910438406	0.659061212358043
0.155067569950451	0.0290355764553768
-0.904677738710778	0.758144482558156
-0.500491313944422	0.263863430966641
-0.783271168461203	0.339225590175745
-1.04347763338354	0.410675434748757
1.44780311038183	0.477066495630919
3.26284822825054	1.10169382604423
0.94820175004088	0.248479682375772
-1.79840965860499	0.382877827643389
-0.54070401543365	0.203254410003037
1.31275235192293	0.563405500186811
-0.967682828735145	0.596245216453205
0.147259813410519	0.0432007445014279
-0.118253503079345	0.0470100497471401
-1.00718752312453	0.498535526397277
-0.414916504285137	0.173010164636834
-0.626075023442282	0.151167646950723
-1.14260761039773	0.345006924269412
-1.79840965860499	0.382877827643389
1.4480329582247	0.477161868008032
1.95786695174359	0.441149378722158
2.75580772001712	0.763760469153332
1.44569447046789	0.476184455710964
-0.628599509856641	0.151612619227975
1.95786695174359	0.441149378722158
-1.14583039258107	0.346039770541419
-0.354815349846941	0.101888689175609
3.26345542626113	1.10199860979414
-0.628733247343677	0.151688343674084
0.160813493636874	0.0402291855562724
-0.62621301873586	0.15115097520137
-1.1412568453231	0.344431220445032
-2.5766529574574	0.657773148602288
-1.79840965860499	0.382877827643389
-1.79839614394125	0.382877807711208
-1.79839614394125	0.382877807711208
-0.539312347732804	0.202625351504848
-0.414515563910564	0.172670310722692
0.134796989185734	0.044763826715822
-0.357247952587094	0.102560703144377
-1.29917429595245	0.579864221629977
0.146670376003709	0.0430346600388633
-1.52585303078124	0.541962051097293
-0.166881093092997	0.0597967633134523
1.04002831208302	0.492988167205126
0.654121684946124	0.205433467520013
0.125085786448965	0.0471836584371826
3.26569824690609	1.10327543173781
0.155067569950451	0.0290355764553768
1.81826867111223	0.704762090721195
3.63395648950567	1.42026036401428
-1.52644938828825	0.542097216238236
0.658741078701816	0.207014004441108
0.159992352718576	0.0400538861334557
-3.76080338308098	1.48176245886347
-0.624450754998572	0.298763655781335
-0.628733247343677	0.151688343674084
-1.83072704109891	0.739930594937107
1.81604086904786	0.704001590638153
-0.742101285286405	0.253499136601578
-0.237212899766669	0.0763212805777045
0.131463990676715	0.0437015090033304
-3.08203048704882	0.947509650360219
0.140609521820489	0.0413743325045252
1.25473183298555	0.679004838710393
0.658449623497539	0.206846818911275
-3.45945095257726	1.22747869975084
-0.628733247343677	0.151688343674084
0.155111385030128	0.0290417527313876
0.16045117802105	0.0401558290866076
-1.48636382139294	1.03901578253871
-0.543818752032067	0.204528065886448
-0.788051638764763	0.341587882696307
0.804902320215242	0.331341314716319
-0.504646444914547	0.266345102798541
-0.932570329241234	0.687914827354859
0.544527311821542	0.455131069314205
0.300125106290484	0.206024952771548
0.050922898932116	0.031402178491101
-0.62666291079302	0.299847345184566
0.374933422580566	0.16625772778587
0.171378676655054	0.11171753898307
0.322272039959405	0.178578816561508
1.0727096872829	0.651797634482739
1.76038232272505	0.963861850139789
1.44839669376933	0.477459847846965
-1.04255649350425	0.410401789740815
-0.254629166509042	0.128688028337544
1.55486158244648	0.754948133287252
-0.167754072609883	0.0600616127897958
0.124822735555812	0.0470818361400661
-0.0815334303714436	0.0499982053789641
-1.65609264800792	1.71667918124594
-0.557611044009202	0.356812663960364
-0.689237925421919	0.550457212508287
-0.296225082408904	0.217389413998686
0.130586200312459	0.0492036069928143
0.154465593370314	0.0289479903375428
-0.54346877962796	0.204399150899749
-1.04664817491529	0.41219337703347
-2.30076598465326	1.14787782347651
0.589161551646797	0.304771723465165
-0.172452668801544	0.0617304368190577
-0.788516523036361	0.341754565320538
0.342115994538253	0.170891262641201
1.06726563745067	0.647041742164496
-0.55922228542733	0.35832834752365
0.150615569862954	0.0798245367337306
-1.51902046021459	0.766452974685119
-1.00268322210563	0.49559648528799
-0.241325335112873	0.0776212717213414
0.132164012775708	0.0439252834614193
0.136984680359439	0.0515651205178124
1.25776575882309	0.681723722846692
-0.414916504285137	0.173010164636834
0.58275306088536	0.300543406969333
-4.01226246083748	1.72475882924761
-0.626075023442282	0.151167646950723
-0.628733247343677	0.151688343674084
2.0985439196218	0.922769880021207
-0.628299579656606	0.151558046801791
-0.628599509856641	0.151612619227975
-0.628733247343677	0.151688343674084
-1.79839614394125	0.382877807711208
-0.153002546584331	0.0872565913727207
-0.359141638818634	0.103112871302961
-1.79840965860499	0.382877827643389
1.55770066431938	0.756785003922843
3.63331351050508	1.42008896661082
1.25717588580468	0.681336772174657
1.31486971476921	0.564331716989034
-0.41909186058351	0.174909956657311
0.314814509994867	0.190445489378676
-1.68983601719743	0.950487356099264
-0.236072750277141	0.0759464812223969
-0.499092123634006	0.262873735229022
-0.418766093941213	0.174660992041724
-1.29547862804629	0.577905227000786
0.160583229502904	0.0401661733691417
-0.628599509856641	0.151612619227975
0.159859477622278	0.0400192334307773
-0.626075023442282	0.151167646950723
0.142892234362748	0.0419793224062305
0.424719696521905	0.167520800855861
0.159859477622278	0.0400192334307773
1.02363521199244	0.381873400117373
-0.628867026021838	0.151670609188118
3.26857074944807	1.10417713664958
0.945072510336007	0.247668267417156
0.145313170347528	0.042674261922763
0.661225548064972	0.20772290984652
0.154465593370314	0.0289479903375428
-0.235969441731701	0.0759552403505453
-2.57968420714322	0.659073447553718
0.155111385030128	0.0290417527313876
-2.57660997484294	0.657538252319339
-1.80123754984197	0.383647112861273
-1.52984634403446	0.54376252749597
-0.54346877962796	0.204399150899749
-0.538963433786103	0.202464572078945
-0.168975142967507	0.0605402988532689
-0.785598299709024	0.340429869924533
-2.3083013950996	1.15422789630039
-0.355104953248248	0.101967480674674
-3.08203048704882	0.947509650360219
-3.46322465260564	1.22963503158779
-0.735795036496609	0.251087692088149
0.511884149147493	0.180536056250855
-2.57660997484294	0.657538252319339
-0.628733247343677	0.151688343674084
-1.83132702405761	0.74028277145384
-0.41909186058351	0.174909956657311
-2.08495289661111	0.941010945670462
-0.360018151462565	0.103295990712749
-2.57669595250488	0.657559862268914
-0.540136497897179	0.20308713328324
-3.76137421922742	1.48226291907169
0.50720087150347	0.178829201945322
0.512103476504473	0.180655514559587
-0.735458723618684	0.250947808327744
-2.00385480806041	1.39821301907833
0.802138012530807	0.329972517070534
-0.16719037374262	0.0598638290738506
-1.83072704109891	0.739930594937107
0.155713854733082	0.0390835596706886
-0.359435145573547	0.103170722743079
-1.29388110726104	0.576654901330229
-2.30041902135912	1.14771664793519
-1.61928809799758	1.25465591942389
0.162590253502546	0.0405994312489443
-1.79840965860499	0.382877827643389
-0.742101285286405	0.253499136601578
0.323010253151496	0.178756952287688
-0.93845551995382	0.6935733644252
-0.197412011414715	0.106905377355674
-0.193546843550915	0.130360494721108
0.490841397502573	0.439952130901869
0.380307254840881	0.168957183383726
-0.152482290931349	0.0869516685539495
-1.56447308530082	1.52170660841843
0.661223086818105	0.207656588437818
1.25973527090773	0.683240231968848
2.10114269367742	0.924635433318668
0.658157600688591	0.206837664845118
1.5199676888882	1.30095522833675
0.676307490803662	0.31158022240744
-2.57660997484294	0.657538252319339
0.329370447299156	0.18291051568528
-0.0775335080082925	0.0341172758140013
0.32348527164262	0.179279745101294
-0.276977617741541	0.174867717672651
-0.286626550334062	0.181626002729459
0.66937968290993	0.307605615084939
0.805680641996882	0.331728723334835
-0.236642536873473	0.0761450888689269
-0.240627572806769	0.0774207528438286
-0.735795036496609	0.251087692088149
-3.08203048704882	0.947509650360219
-0.739337707457692	0.252266162743882
-2.09434536458798	0.94657069294734
-0.0784394961748059	0.0345096358826743
-0.164744037178764	0.059028259963585
-0.575910828147767	0.421389480091396
-0.542769081676375	0.204049428112683
-0.796405468804135	0.346111740260538
-0.252445739128468	0.188719424561997
-2.0818949561759	0.939030968916842
-0.66823649884077	0.399887699161994
0.514431860453614	0.181517099423547
-0.419032999305864	0.174774111736774
-0.319640411937001	0.147269192949069
-0.735201728577998	0.25087231236032
-1.6904410732661	0.950884310209639
0.584292640095187	0.30151965227866
0.140609521820489	0.0413743325045252
0.15547989361324	0.039031965106125
-3.08189869996978	0.9470994296719
1.45138090115721	0.478568850670936
-0.746468959039539	0.255084183402722
0.15963091503218	0.0399802605532864
1.44899109330448	0.477667123734845
-0.354519585455166	0.101776151388844
-1.25791782324534	1.18292007285043
-0.54070401543365	0.203254410003037
1.554331556689	0.754901612413363
-0.355401168227563	0.102014834884787
-0.240976410898063	0.0775300306973211
-1.52614082474697	0.541895090059418
-0.628030265547787	0.151499678636842
-1.03986963329328	0.409012486353307
0.375522987574006	0.166534241680736
-0.735538279411364	0.250976055861043
-1.00334886962648	0.496090169972327
-0.782584706497323	0.338824521604781
-1.14193838802885	0.344646219015582
-0.255009105896322	0.128744948277513
0.144304320671072	0.0423970373819599
-0.414849585401539	0.172825872337049
-1.83470480543889	0.742065970342523
-1.79840965860499	0.382877827643389
1.95731570776637	0.441000340195791
-1.83470480543889	0.742065970342523
-0.236865950236819	0.0762080730306188
0.147259813410519	0.0432007445014279
-0.737745529684395	0.251848226779474
0.160221796316651	0.0401166927693931
0.948337549654709	0.248516516252871
-1.79839614394125	0.382877807711208
-1.79840965860499	0.382877827643389
-0.238130718624198	0.0765764115230572
0.155111385030128	0.0290417527313876
-1.79840965860499	0.382877827643389
-0.628867026021838	0.151670609188118
0.155111385030128	0.0290417527313876
-0.738748567012076	0.252134640052989
-2.08460819785075	0.94084287548003
-3.08203048704882	0.947509650360219
0.155111385030128	0.0290417527313876
0.511755072041239	0.180523302881905
2.34135533413392	1.14844291387782
-1.83530553524322	0.742418988109019
2.3392177093588	1.14668438820198
1.23316024468512	0.847347946626701
2.1037096154536	0.926051884063359
-0.240976410898063	0.0775300306973211
-0.737154567775087	0.251538686589487
-0.354229439997714	0.101697261087168
-0.233964530152622	0.0753172914260115
3.63629792702422	1.42164529184574
-1.14111344283696	0.344497381350969
0.661223086818105	0.207656588437818
0.132164012775708	0.0439252834614193
-1.14088544605048	0.344426431780091
0.15963091503218	0.0399802605532864
1.02363521199244	0.381873400117373
1.06190339887597	0.642861277235968
0.948337549654709	0.248516516252871
1.76380162310955	0.967438028830762
-0.165650631391215	0.0593414877038015
2.75580772001712	0.763760469153332
-0.236295434458238	0.0760318807121589
-1.10599049764675	0.76133634915392
-0.931744100135977	0.686778363925398
-0.355401168227563	0.102014834884787
0.802489056255948	0.330144551890374
-0.66830884011887	0.399865225953181
0.171383507818071	0.117141748536348
-0.280619672011567	0.177387054460569
0.777465053783563	0.46236477399392
0.285553874973249	0.224505736781552
0.324931872029241	0.180005810279352
-0.119495261886987	0.0474703944863814
-0.466864420230202	0.312794688079388
-0.904512148647885	0.758385707246229
-1.85598046414276	1.16223114558373
1.0282187103729	0.383542758401815
1.02480914386846	0.382191050766977
0.668700629956387	0.307443025512028
-1.70213042370517	0.960778786761587
-0.11512189478062	0.0458130318128354
1.31707371804938	0.565285221866794
0.506286345412427	0.178440504115667
-0.583327596447998	0.428374987071731
0.429436427031842	0.327294307266702
0.334870183316187	0.186181032278363
-0.324987336844565	0.149990505177965
0.0353835432320059	0.0206047884061516
1.44503708811922	0.887798302554905
-1.0438234260038	0.410788519057193
0.154465593370314	0.0289479903375428
-1.52585303078124	0.541962051097293
1.814860828926	0.70324597733131
-1.00334886962648	0.496090169972327
-0.628599509856641	0.151612619227975
-0.355104953248248	0.101967480674674
-1.35636976204032	0.854925859654623
-0.241543381848446	0.0777055848228126
-1.61567902927673	1.2488384704204
-0.40761287873714	0.232302723804459
-0.255369578167339	0.128949668562758
0.325091808035205	0.179929287325781
-0.459440321344966	0.306905516806856
0.798387938817618	0.328181419703203
-2.09374947900653	0.946588314074809
-1.00361914170206	0.496209107630798
-0.073740258598921	0.0324941384795382
-0.415847728365783	0.173416198873373
-0.167064546625983	0.0597977527594701
-1.04278630064219	0.410314973185565
-0.35262379016767	0.101278913820777
-0.359141638818634	0.103112871302961
-0.62621301873586	0.15115097520137
1.80952767495421	0.700621417412104
0.948337549654709	0.248516516252871
-0.790219131055702	0.342560224844598
-0.737824274342293	0.251781339210884
0.135413489226664	0.0578132039573497
-0.169008421659159	0.0604879259203808
0.15144823932183	0.0285426379557898
0.510399267871221	0.17998283956174
-1.52525862148376	0.541687313963439
-3.08542618523242	0.949198094742557
-1.69331793640898	0.952689952401271
-0.544038098124227	0.204549461860792
-1.52866955783943	0.543083867430977
-0.622229051549432	0.29762349689836
-0.628164901903538	0.15157555358925
0.425065527869463	0.167656114427908
2.0991329538262	0.923165538283533
-0.625937070321993	0.151091209012893
0.152050960400409	0.028630259939513
0.676307490803662	0.31158022240744
-0.175219253175259	0.0627416121374728
-0.508861508452137	0.269011407037734
-0.738079783119958	0.251987608125061
0.14556417703739	0.0427370982099398
0.948337549654709	0.248516516252871
-1.79839614394125	0.382877807711208
0.424956949894045	0.16768572118921
0.150139558066054	0.0439481510359518
-1.79840965860499	0.382877827643389
0.155111385030128	0.0290417527313876
-1.80123754984197	0.383647112861273
2.75580772001712	0.763760469153332
-2.5766529574574	0.657773148602288
-1.79840965860499	0.382877827643389
-1.80123754984197	0.383647112861273
-0.628030265547787	0.151499678636842
-0.240278820798337	0.0772929353381372
-1.52955481711501	0.543641482939636
-0.63185471444008	0.152466960619287
-0.739897287341956	0.252561528714207
0.14371839260098	0.0422424410228484
2.75520320904554	0.763197913000704
1.44981862951738	0.477799018830262
0.804551193439478	0.331168980919484
-0.352915395102444	0.101358152963712
-2.57660997484294	0.657538252319339
1.54849725422999	0.750967982437123
0.658449623497539	0.206846818911275
-1.04779140371951	0.412732841654536
0.941581654149527	0.635594285661584
0.5126703877852	0.180806312829072
-0.742101285286405	0.253499136601578
-1.51193347960281	0.761871435562758
-0.236519085872564	0.0760782981535278
2.75580772001712	0.763760469153332
0.15820382838182	0.0396092897578142
0.804336592371997	0.330963349185792
-0.0787344364115528	0.034649476142605
0.666720675538898	0.306383563426964
-0.539312347732804	0.202625351504848
-1.04221071709325	0.410198911511082
0.883198277759912	0.468265493265458
-0.359435145573547	0.103170722743079
-0.17577753011317	0.0629386368387672
-1.70084187843044	0.959683739451574
0.132164012775708	0.0439252834614193
0.344854739682366	0.17223727588284
-0.231329984418762	0.15124919202835
-2.09046195789681	0.944479240118372
0.162952579336367	0.0406858836130456
0.15144823932183	0.0285426379557898
0.131588254721678	0.0495753524376327
0.339803185904148	0.169509322064483
-0.394715068864315	0.273987503929416
-0.796332127135915	0.615224834416882
-0.906961194302432	0.761160613553915
-0.418465901618826	0.239253083928888
-0.804586302088995	0.536576122678754
0.732423458228292	0.611966512116691
-0.672967450314556	0.403557218001036
-0.556927397300167	0.356143327528522
0.160583229502904	0.0401661733691417
0.128568405154016	0.0427795258685336
-0.237212899766669	0.0763212805777045
0.140195375107008	0.0672907050712517
-1.51296382044259	0.76245444535201
0.801786885039242	0.329686341918844
-1.18217179809297	0.65863084400255
1.31275235192293	0.563405500186811
0.123819504700162	0.0467310347737323
-1.62433096735108	1.26144462296601
-0.402215994247666	0.280223732672545
-0.916748897806734	0.772111431381555
-1.29353315609389	0.576437929846008
-1.8343686452195	0.741659633265439
-0.739220696441847	0.252380570526188
0.157325350109871	0.02936446462458
-0.621957831947703	0.297616053571787
-1.14583039258107	0.346039770541419
-2.09282342877292	0.94604006879287
-0.997176624877224	0.492104865568636
0.128075192969757	0.0482635683600574
-0.115560333893349	0.0459571256215431
-0.809986788684743	0.442997398307845
-1.00241331464069	0.495326299521873
0.373768905624823	0.165889064042439
0.14248808936743	0.0684207955315359
1.55435072570787	0.754490491314653
-1.18309149572464	0.65955331260621
0.129007902031019	0.0486060931750835
0.945072510336007	0.247668267417156
-0.50709512987148	0.268080796616478
-0.236295434458238	0.0760318807121589
-1.52954577316989	0.543451783402332
4.37369327971884	2.22600437542249
-1.52585303078124	0.541962051097293
0.943937640725668	0.24736392993685
0.15547989361324	0.039031965106125
-1.52556530925699	0.541887546993991
-1.14171114622793	0.344693702322242
-0.737824274342293	0.251781339210884
-0.632424041671007	0.152580102364835
-1.52497036065527	0.541612586959632
-1.50863317586361	0.759208525222823
-1.14499995487719	0.345855392571373
-1.14111344283696	0.344497381350969
0.660932155782147	0.207694635746326
3.26345542626113	1.10199860979414
0.155067569950451	0.0290355764553768
0.154465593370314	0.0289479903375428
0.51386494250992	0.181311218287051
2.75580772001712	0.763760469153332
0.155111385030128	0.0290417527313876
-2.08553743334962	0.941412888325459
-2.5766529574574	0.657773148602288
-2.5766529574574	0.657773148602288
-0.628733247343677	0.151688343674084
2.75520320904554	0.763197913000704
-3.46345495606107	1.22933734600421
0.658157600688591	0.206837664845118
-3.08216231491203	0.947551973079846
-1.79840965860499	0.382877827643389
-2.5766529574574	0.657773148602288
-1.13872731243543	0.343741383764358
-3.08203048704882	0.947509650360219
0.658448437247608	0.206865271021461
0.138127543219772	0.0458068858026646
-4.01558169607127	1.72750624811894
-0.739220696441847	0.252380570526188
-1.00037438735711	0.493892565592627
0.948905461162112	0.248586345985544
-0.543600187389582	0.204393526545073
-0.632424041671007	0.152580102364835
0.159859477622278	0.0400192334307773
-0.354815349846941	0.101888689175609
-0.628599509856641	0.151612619227975
-3.08216231491203	0.947551973079846
-0.632424041671007	0.152580102364835
-3.08216231491203	0.947551973079846
0.511315925469962	0.180318053690652
0.154509067766894	0.0289541162362231
-1.04418706517305	0.411112263748397
-0.167754072609883	0.0600616127897958
0.659616568882323	0.207151031447049
-1.52556530925699	0.541887546993991
-0.544038098124227	0.204549461860792
-0.354525819937872	0.101778275735803
-2.5766529574574	0.657773148602288
1.76080743527667	0.965082451079631
3.6326714041979	1.41965046916025
1.93988519471977	1.18841121629508
-0.245541128473275	0.0789739237518624
-0.538169446885037	0.20211193569765
0.162357836679133	0.0405597098553547
-0.628164901903538	0.15157555358925
-1.34072626014951	0.839382292428368
-2.49153887696394	1.3794831051551
-3.45945095257726	1.22747869975084
-2.08415974370804	0.940101868694296
-0.793085451058619	0.344330406086191
1.02329749324129	0.381582146499257
1.02592340208434	0.382810966482796
1.02651128578825	0.383050193875148
-1.11105177240846	0.766407742158825
-0.20058459136357	0.108709007380494
0.154749585594519	0.0822239242330883
0.169395164308228	0.097834383023297
1.40960105467862	1.76275037828113
0.493814978377598	0.312226381483279
0.91782693181791	0.799642037143817
1.40960105467862	1.76275037828113
-0.690807935050116	0.551306889905761
0.129392572850791	0.0487411458586158
-1.00428527958743	0.496616726867449
-0.350422842295583	0.100623457131418
-0.352328640216398	0.101201570764145
0.162952579336367	0.0406858836130456
1.02626205148491	0.382823634565729
-2.57669595250488	0.657559862268914
0.514431860453614	0.181517099423547
-0.260081444745141	0.131591402677925
-0.556797697572101	0.356094683459081
-4.23342222999968	1.97051039748635
-0.421671919871399	0.176021386488643
-0.737824274342293	0.251781339210884
-1.50897634643426	0.759381379959404
0.162952579336367	0.0406858836130456
-1.04232764455762	0.41013375079511
-0.167409271163493	0.059935085601386
-0.25623784972197	0.129559211249805
-0.325460428922752	0.150061790536247
-0.551855701029782	0.352176772446279
-1.1083052810932	0.763115610975735
0.798324210831681	0.328230166540438
-3.46322465260564	1.22963503158779
-0.789306862497791	0.342262742988917
0.506636186737087	0.178613076266429
1.76511316536884	0.967788015699665
-0.631276995785674	0.302939384668502
0.586267289145259	0.302958783193424
-1.04232764455762	0.41013375079511
1.95786695174359	0.441149378722158
-0.628733247343677	0.151688343674084
-1.79839614394125	0.382877807711208
1.95786695174359	0.441149378722158
1.31183590793173	0.562694726030807
-3.08203048704882	0.947509650360219
-3.08216231491203	0.947551973079846
-0.737489374761453	0.251678150254292
-1.13895833229548	0.343813220888229
-0.632424041671007	0.152580102364835
-0.234090861009704	0.0753429614422092
0.94820175004088	0.248479682375772
-0.628599509856641	0.151612619227975
1.45054889854294	0.478121061898946
0.515072331678474	0.181489315744199
-0.237559934502149	0.0764246711906185
-0.793305877820496	0.344462091426673
-1.79839614394125	0.382877807711208
0.94820175004088	0.248479682375772
-0.628733247343677	0.151688343674084
-1.79839614394125	0.382877807711208
-1.79840965860499	0.382877827643389
-1.79839614394125	0.382877807711208
-1.79840965860499	0.382877827643389
-1.79839614394125	0.382877807711208
-1.1412568453231	0.344431220445032
-1.79840965860499	0.382877827643389
-0.628867026021838	0.151670609188118
1.81633531763119	0.703887329894944
-0.535333292016463	0.201013510347176
-0.73587491106309	0.251021106469488
1.80894124091292	0.700425017401662
-0.236642536873473	0.0761450888689269
0.149551069550847	0.043790750343374
0.512103476504473	0.180655514559587
-0.742101285286405	0.253499136601578
1.81574571371452	0.703837629137609
0.661811042100157	0.2078534144171
1.8135291528185	0.702758164322864
0.657864503304789	0.206616146564203
1.94618781985765	1.19547478989918
-1.04221071709325	0.410198911511082
0.947770742439721	0.248281535275256
0.156896734628332	0.0393320207188234
-0.415718108031314	0.173116245300649
1.95786695174359	0.441149378722158
1.02304894811125	0.381607715308403
0.146332921310034	0.0429416898033695
0.139436459089769	0.0410524321785509
-0.628164901903538	0.15157555358925
-0.236420091117799	0.0760498926963215
-3.46322465260564	1.22963503158779
0.159036592116599	0.0397877345506797
-1.83039434521114	0.739673075735054
0.156661115950913	0.0392800358899383
-0.631994988626399	0.152498044571477
2.75580772001712	0.763760469153332
-1.52614082474697	0.541895090059418
-0.257597094518172	0.130225421169494
0.339108391642414	0.1691026253186
-0.236989724567202	0.0762485047293907
-0.236519085872564	0.0760782981535278
0.377786837575273	0.167726927816864
0.0387721599669499	0.0225725039259491
0.172693806223942	0.106569002741486
-1.69304340847359	0.952994808261722
0.850443170033821	0.626487656244461
-0.415847728365783	0.173416198873373
0.69971671963831	0.458917781355087
1.36019820101212	1.26098678175045
-1.25571455839039	1.18077130730957
0.17669397822827	0.131513554668247
-1.29445710557565	0.57719309643802
1.44862736407577	0.477555630338169
-1.50651106541178	0.757648389188625
0.373753217777433	0.165661732219598
1.04480901675325	0.495932284777841
0.879172487982128	0.464964197974128
4.99351749999669	3.51867232294557
-0.536671114051193	0.201606330220057
0.163051034947271	0.10023437789205
-1.11383160068059	0.769128743879262
-0.508195745737283	0.268857646151999
-0.541053988501391	0.203408052094411
-1.73504136904606	1.46997437829391
-0.415450817577452	0.173071801779126
-0.395874621622688	0.274641890959443
-0.937631566321454	0.692167324128957
-0.395496061364806	0.274425054071621
1.22988619084469	1.03457709290475
0.117081239017808	0.0442372821504118
1.04703892798642	0.497162533983788
-1.04255649350425	0.410401789740815
-0.628789100734759	0.301329860342247
-0.33702023978	0.204191853414514
-0.792521279547384	0.343934576327854
-0.113940536103998	0.0453592768616862
0.159992352718576	0.0400538861334557
-2.5766529574574	0.657773148602288
3.26569824690609	1.10327543173781
4.16416878488742	1.96341587712626
0.660932155782147	0.207694635746326
0.155067569950451	0.0290355764553768
-0.628867026021838	0.151670609188118
-0.628164901903538	0.15157555358925
0.0373410960717093	0.0217458608819733
-0.410883810414824	0.234435865032873
-0.351744415353914	0.1010114930848
0.343211488292579	0.171244587332318
-0.336138305701049	0.155491066756595
-0.111102444535344	0.044271075704881
0.160221796316651	0.0401166927693931
-0.234438841107355	0.0754307260806296
2.75641316563256	0.763778311858285
0.156304884454214	0.0392194704826931
-3.0857009920368	0.949295045119167
1.44509906384746	0.476148552116978
0.948768757521975	0.248549269795159
-1.14559783756009	0.346052129596875
-1.29767890644575	0.579059217742002
-1.1447666380351	0.34569313996721
-1.52525862148376	0.541687313963439
-2.57669595250488	0.657559862268914
-1.79839614394125	0.382877807711208
0.329604297218518	0.18283298549379
-0.735795036496609	0.251087692088149
-0.628164901903538	0.15157555358925
0.144725574883443	0.0425191258680454
0.160221796316651	0.0401166927693931
0.14556417703739	0.0427370982099398
0.510967914253512	0.180245566763838
-0.738670030097319	0.252119567169358
1.3150863687139	0.564688556451063
-2.08911637827436	0.943898849288905
0.654703443030561	0.205608890273211
2.33470644076288	1.14335517449658
0.508961914241948	0.17942052870648
0.542414852025245	0.31406352447653
-1.5292536270854	0.543488048058857
-0.738079783119958	0.251987608125061
-1.83165926032039	0.740451579277532
-0.354815349846941	0.101888689175609
0.947635845528227	0.248244973505163
0.129186012717308	0.0486997491537303
-0.3523322595973	0.101168276473444
0.425497080140127	0.167863861612803
-0.167409271163493	0.059935085601386
0.881648218382847	0.466747321637601
-0.548204128346919	0.2062674559642
3.9232513707374	1.69997531930461
-0.53874057789979	0.202401825815006
-0.628733247343677	0.151688343674084
-0.628599509856641	0.151612619227975
-1.04595278088894	0.411874241216211
-0.356656967234746	0.102398272590581
-0.539661343528338	0.202765677037844
0.531174056748171	0.305985288511311
0.51386494250992	0.181311218287051
1.44958631087756	0.477702557005987
1.25658555936341	0.68088288459711
-0.117366577096693	0.0467267891566294
0.50720087150347	0.178829201945322
-1.29515319796898	0.577477426894068
-0.234312185154952	0.0754304879292539
1.45114635521655	0.478471348903038
0.162952579336367	0.0406858836130456
-0.242459551461214	0.077947382082456
-0.00256095317531883	0.00178769892108402
-0.506484361037888	0.384274533732994
1.89241266793111	1.63014557177888
1.89243763946648	1.62909667838051
-1.34552114991548	0.843747392998248
-0.25378309878962	0.12812361197293
0.408828457011773	0.324822464645745
0.607558750320797	0.569096730491789
-0.668602321767401	0.400091749654085
0.139436459089769	0.0410524321785509
0.510440135603011	0.179966436385068
0.806382919129529	0.331954183712481
-0.468102853441426	0.313957134623048
0.51386494250992	0.181311218287051
0.144054213480702	0.0423469198905259
-1.69271082861525	0.952704551969826
-1.35705717060066	1.13244209669234
0.467771623391233	0.318572863729516
-0.415582259016658	0.173291488777707
-0.397236715308585	0.275919707316773
-1.04267374187429	0.410246962947944
-1.29445710557565	0.57719309643802
0.473271430805186	0.43773789009976
0.157844104729058	0.0968297935749073
-0.00889776621750375	0.00452687193612399
-0.0406200833354701	0.0194037010733111
0.700836937091453	0.459509407930341
-0.354815349846941	0.101888689175609
-1.50794706066394	0.75869717656901
-1.83970252194045	0.744362773958515
-0.237212899766669	0.0763212805777045
-0.789204594175652	0.341948856887745
-1.14088544605048	0.344426431780091
0.948768757521975	0.248549269795159
-2.5766529574574	0.657773148602288
0.510089510074648	0.179877546335957
0.948768757521975	0.248549269795159
-0.628164901903538	0.15157555358925
-1.04255649350425	0.410401789740815
0.299977034798196	0.205910173349956
0.132822208517431	0.056695914322575
-1.51536103121353	0.764034834188615
-0.539312347732804	0.202625351504848
-0.73587491106309	0.251021106469488
-0.628733247343677	0.151688343674084
-0.739003822726622	0.252222384495429
-0.80431134713055	0.438959309026121
-1.51296382044259	0.76245444535201
-0.552575273401569	0.352983742706684
-0.50649312058637	0.267734582838957
-0.172540841763772	0.0617450223024159
-0.667943132665949	0.399687185070704
1.02422162940792	0.382079227006262
-0.628867026021838	0.151670609188118
-0.628030265547787	0.151499678636842
-3.08216231491203	0.947551973079846
-1.2941091808211	0.576975974922849
-1.13918941442725	0.343767291351689
-1.79840965860499	0.382877827643389
-3.08203048704882	0.947509650360219
-1.79840965860499	0.382877827643389
0.144138136643148	0.0423508720464565
-0.237783836658627	0.0764730781037413
-1.79839614394125	0.382877807711208
0.157325350109871	0.02936446462458
0.160221796316651	0.0401166927693931
0.162590253502546	0.0405994312489443
-0.793619397479092	0.344760445951904
1.94618781985765	1.19547478989918
-1.14088544605048	0.344426431780091
2.1031177894695	0.925795147014246
-0.743029498323094	0.253754321369633
-0.738002720964575	0.251779850607704
-0.355104953248248	0.101967480674674
-0.237212899766669	0.0763212805777045
-1.5292536270854	0.543488048058857
0.131113855393916	0.043577918433868
0.428071608230174	0.168976723678548
0.129916076947615	0.0554206976348945
-1.14088544605048	0.344426431780091
0.948768757521975	0.248549269795159
0.160221796316651	0.0401166927693931
1.44862736407577	0.477555630338169
0.947635845528227	0.248244973505163
0.590990832455095	0.305632632862991
1.04058549229476	0.493412698340227
0.941539967669654	0.635876946879287
-0.424901868682805	0.177479894055701
-1.5270374870482	0.542502468800959
0.154509067766894	0.0289541162362231
-1.13918941442725	0.343767291351689
-1.14284398403614	0.345169869447138
-2.08553743334962	0.941412888325459
-0.627970534432838	0.301026304064578
-0.354229439997714	0.101697261087168
-0.163158788360812	0.058491049115795
-1.52554695498285	0.541620681553635
-0.628164901903538	0.15157555358925
1.02329749324129	0.381582146499257
-0.739220696441847	0.252380570526188
1.04459638890115	0.495573049358365
-1.53415312392258	0.54539482804645
3.6326714041979	1.41965046916025
-0.63185471444008	0.152466960619287
-0.417165105552592	0.173939978457542
-0.355979365614545	0.102141358762928
-0.967414840149627	0.596763683107506
-0.414849585401539	0.172825872337049
-1.04090886464526	0.409486451709067
-0.240410025521882	0.0773316206983627
0.130382580547973	0.0557024249618874
1.51957863305524	1.29856217475002
0.175097995938077	0.114269521920409
0.734660711389807	0.614255581335747
-0.461308715476474	0.308475861818618
-0.581974865523501	0.427368636822928
-0.785598299709024	0.340429869924533
0.158787479797115	0.0913684440878188
0.14949322536783	0.0792071464781003
-0.191822647292072	0.128963596059814
1.02214625298213	0.381008988602194
-0.630359811707849	0.302392090301031
0.146670376003709	0.0430346600388633
0.12381262394757	0.0528826408874737
-0.738079783119958	0.251987608125061
-0.539312347732804	0.202625351504848
-0.114531033021198	0.0455888758023028
-0.393164600522507	0.272772507931433
-0.666330756789736	0.398478619330565
-0.582936345016621	0.427719212798001
-0.967394509290605	0.596017220489417
-0.692408394934349	0.553482886298004
-0.41416073438949	0.236445029782846
-0.16719037374262	0.0598638290738506
-0.679577496023146	0.480333739404348
-1.04221071709325	0.410198911511082
0.129769577014126	0.0554037458914946
-0.538963433786103	0.202464572078945
1.45138090115721	0.478568850670936
-0.632424041671007	0.152580102364835
1.44958631087756	0.477702557005987
2.10114269367742	0.924635433318668
-1.79840965860499	0.382877827643389
0.145764885985373	0.0427233550222621
-1.14171114622793	0.344693702322242
0.172235254323203	0.112220912715879
-0.149027526844456	0.0848684104654742
0.130825119365376	0.049315550979476
0.132456214575046	0.0635534992602486
0.160813493636874	0.0402291855562724
-0.113617842404022	0.045231923551469
-1.14171114622793	0.344693702322242
-0.625420064790819	0.299364667533995
-0.620771630231924	0.296922811580482
-3.46702762063817	1.23112270337757
0.160813493636874	0.0402291855562724
-0.737745529684395	0.251848226779474
-0.414849585401539	0.172825872337049
0.803620921341924	0.330666152724973
-3.0857009920368	0.949295045119167
-1.79840965860499	0.382877827643389
-2.57669595250488	0.657559862268914
-0.737154567775087	0.251538686589487
0.165103009331824	0.0411253937349734
-1.79840965860499	0.382877827643389
-2.57963910438406	0.659061212358043
-3.45945095257726	1.22747869975084
-3.46299441124492	1.22953362528533
-0.627648051161859	0.300886351315126
0.952960668065698	0.249631740841768
-1.14171114622793	0.344693702322242
0.94820175004088	0.248479682375772
0.947770742439721	0.248281535275256
-0.628867026021838	0.151670609188118
-1.14559783756009	0.346052129596875
0.16045117802105	0.0401558290866076
0.132382889280095	0.0439989008298304
3.26284822825054	1.10169382604423
1.0239728358881	0.381885834911352
-1.52497036065527	0.541612586959632
0.159859477622278	0.0400192334307773
0.128568405154016	0.0427795258685336
-0.73833632952493	0.25198039611565
0.144389940892798	0.0424393237157952
-2.57669595250488	0.657559862268914
-2.57963910438406	0.659061212358043
0.160813493636874	0.0402291855562724
-3.76165974462818	1.48222195957514
1.0466925841433	0.497144343266033
-0.73692534431476	0.251432666327998
-2.5766529574574	0.657773148602288
0.51408290047205	0.181384498788784
1.31240282325545	0.562988742832529
-0.233395157779413	0.075126282890225
-0.234881985943443	0.0755878057926229
-0.540486497816113	0.203240784979243
-1.83132702405761	0.74028277145384
-0.734528869218703	0.25053149884483
-0.237437039825944	0.0763599123457812
-0.237559934502149	0.0764246711906185
-1.14171114622793	0.344693702322242
-1.13872731243543	0.343741383764358
-1.52955481711501	0.543641482939636
-0.535752039699562	0.201197678787455
-4.01591566480886	1.72772177589649
0.15144823932183	0.0285426379557898
0.159859477622278	0.0400192334307773
0.149551069550847	0.043790750343374
-1.14111344283696	0.344497381350969
0.16045117802105	0.0401558290866076
-0.628193473396668	0.301139441269947
-1.14559783756009	0.346052129596875
-3.45922605387697	1.22727228815634
-1.52556530925699	0.541887546993991
-0.167409271163493	0.059935085601386
-0.415116620386652	0.172916119993669
-0.804000972345036	0.438775541584656
-0.122070131565794	0.0485466325449333
-0.628599509856641	0.151612619227975
-1.04595278088894	0.411874241216211
2.34393536580824	1.14978628636697
1.04815319884068	0.497931909325788
0.373445619140009	0.165721944947213
-0.147698855282249	0.0841055917441537
-0.581844040395476	0.4270815766026
1.23971037593088	1.36966528168658
0.473967275553975	0.439016094347016
-0.508113081422206	0.385625067268804
-1.51296382044259	0.76245444535201
-0.558998842772695	0.357869270561927
0.79105303720259	0.749617082134827
-0.0731696654725432	0.0322563091239041
-0.622257179437365	0.298050216528205
0.144138136643148	0.0423508720464565
-0.323473644280604	0.149131328598253
0.584114753151325	0.301360592082506
-0.171762117804328	0.0615057733921786
-1.50954858063363	0.759406995999744
0.133879172838789	0.0444578970345513
-0.624773794560314	0.298987479143815
-0.00781636392615781	0.00401277848807121
-0.114208159166471	0.0454613905002761
1.04591688407727	0.496764913557561
-0.358848207258787	0.103009197892419
0.659032643407672	0.20695576224899
0.154311934860129	0.0289593414864238
1.44981862951738	0.477799018830262
-0.632563406792844	0.152610991116788
0.950998501270056	0.249196467275389
0.154509067766894	0.0289541162362231
0.948337549654709	0.248516516252871
-0.108051375945899	0.0776437906557815
0.697905511546635	0.45740388980472
1.06251868198243	0.64340853360446
0.425281606664403	0.167780963846818
-1.85786965168951	1.16541570856726
-0.115176972525438	0.0458338726616066
-3.76108876538849	1.48211039032061
-1.69077305617802	0.95111299336607
-0.236642536873473	0.0761450888689269
0.160221796316651	0.0401166927693931
-1.14308042190445	0.345158978274606
0.339152358087674	0.169136307644266
-0.417498560054849	0.174105987349017
-0.804299751124141	0.35005771077833
-0.358848207258787	0.103009197892419
-3.08189869996978	0.9470994296719
3.63460034321621	1.42001047409594
-1.79840965860499	0.382877827643389
-1.80123754984197	0.383647112861273
1.02626205148491	0.382823634565729
-0.418098622830114	0.174378553054991
-1.04347763338354	0.410675434748757
-1.79840965860499	0.382877827643389
-0.738079783119958	0.251987608125061
0.154465593370314	0.0289479903375428
0.154465593370314	0.0289479903375428
-1.79839614394125	0.382877807711208
3.9232513707374	1.69997531930461
-0.354519585455166	0.101776151388844
0.154465593370314	0.0289479903375428
0.130229401607723	0.0555523028434548
-0.245190781440017	0.0788498782296321
-1.05142448722124	0.41439445041073
-1.29825184667106	0.579597355540298
0.667910039261565	0.30706346862549
2.33413825881179	1.14291338616828
0.511535984561553	0.180463547184556
0.156070095129669	0.0391676647119387
0.144304320671072	0.0423970373819599
-0.355112179440658	0.101904546481095
3.27084439282948	1.10457819366653
0.807667121594307	0.332402633699121
1.31166744621023	0.562613064395961
0.511535984561553	0.180463547184556
1.44391071628385	0.475549251261387
0.879497924712769	0.465358146017653
1.31621760221634	0.565072072441532
-0.737824274342293	0.251781339210884
0.163185820804974	0.0407257646525502
3.9232513707374	1.69997531930461
0.135013832711232	0.0448286361779132
0.145313170347528	0.042674261922763
0.163185820804974	0.0407257646525502
-0.352915395102444	0.101358152963712
0.142892234362748	0.0419793224062305
-1.83165926032039	0.740451579277532
1.02558467001725	0.382518749728777
1.44253864883488	0.885602859187718
0.144640697621443	0.0425017414545061
-0.323166350368557	0.149010924449565
-0.789650928512862	0.342421974551524
-0.629016017725771	0.301843992599855
-1.00664746961598	0.49800756832546
-0.806129276371208	0.440601402672594
-0.965539526006679	0.594424456005031
1.55322278137623	0.754063606155397
0.511315925469962	0.180318053690652
-0.504132206625847	0.266286518658437
-0.964994372632752	0.59483027982586
-0.442121740397575	0.343719761159216
-0.0312234228609511	0.0202483414533668
0.687767826624797	0.601787256310584
-1.10852717104292	0.763334208785295
1.55805296257806	0.757338935380643
0.660640141500972	0.207490447031014
0.682689766413426	0.595918377815173
-0.877141736956739	0.88672671553509
-1.10693932173722	0.761870186467736
0.144389940892798	0.0424393237157952
1.02617238539361	0.38275777208832
-0.355104953248248	0.101967480674674
1.04378432587275	0.495692924097087
0.424935770305415	0.167621556044747
1.02304894811125	0.381607715308403
0.507414817168509	0.178846704726786
0.341991383777001	0.170558622885727
-0.337580984340967	0.204454211026306
-1.18526588814393	0.661499553487784
-1.6924365528594	0.952130100066479
0.130848367555103	0.0492864903447113
-0.734865258526109	0.250732421647056
0.506985941033904	0.178701728610087
-0.742101285286405	0.253499136601578
0.154509067766894	0.0289541162362231
0.155111385030128	0.0290417527313876
-0.167754072609883	0.0600616127897958
0.800380368072435	0.329168985697583
-0.628867026021838	0.151670609188118
-0.236642536873473	0.0761450888689269
-0.152827411990042	0.10498902583451
-0.412176746429534	0.235432436609742
0.704377071544823	0.462631172713329
0.371241121847868	0.164587159709047
-0.116420756707114	0.046298768256123
-0.358848207258787	0.103009197892419
0.146584487246171	0.0430023159110844
0.658157600688591	0.206837664845118
0.657179529610805	0.206320016652676
1.06406380089982	0.643844404785173
1.02363521199244	0.381873400117373
0.126543144272307	0.0540223218243271
-0.54736425907809	0.205983739647282
1.0472501359547	0.497556503187299
-0.627003274611623	0.300529188364514
-1.34552114991548	0.843747392998248
-1.00428527958743	0.496616726867449
-0.171546284974738	0.0614263022767799
0.377463332864578	0.167570032868996
-1.52439405688463	0.541142934209623
-3.08216231491203	0.947551973079846
0.143467885183021	0.0421790290070851
-0.742101285286405	0.253499136601578
1.81633531763119	0.703887329894944
-3.08216231491203	0.947551973079846
-2.5766529574574	0.657773148602288
-0.628164901903538	0.15157555358925
0.154509067766894	0.0289541162362231
0.160583229502904	0.0401661733691417
-1.80123754984197	0.383647112861273
-1.1413415008172	0.344450233445194
0.162952579336367	0.0406858836130456
1.44899109330448	0.477667123734845
0.948768757521975	0.248549269795159
0.140023273435885	0.041219830052157
-1.80123754984197	0.383647112861273
-2.5766529574574	0.657773148602288
-0.73833632952493	0.25198039611565
-1.29503373562381	0.577267948395295
1.95731570776637	0.441000340195791
2.34013871385356	1.14719384740346
0.659324643575319	0.207123110468657
0.135725292726052	0.0579491154080408
-1.2948051112795	0.577362423726676
1.02592340208434	0.382810966482796
-1.1414839653338	0.344622990730584
0.141534099969908	0.041600735872343
-0.168443906364487	0.0602979483615774
-1.52585303078124	0.541962051097293
-0.735201728577998	0.25087231236032
1.02246283803588	0.381238371277329
1.02363521199244	0.381873400117373
-3.4599009305559	1.22709220959572
0.140023273435885	0.041219830052157
0.797972177742043	0.327977456331324
1.44839669376933	0.477459847846965
1.02304894811125	0.381607715308403
1.5558485462913	0.755659230691169
-1.14193838802885	0.344646219015582
0.131541520016344	0.0437194079588842
-1.2948051112795	0.577362423726676
0.154465593370314	0.0289479903375428
-0.53874057789979	0.202401825815006
-0.62621301873586	0.15115097520137
-1.79839614394125	0.382877807711208
-1.14171114622793	0.344693702322242
-0.539661343528338	0.202765677037844
-0.356952421866901	0.102502236157484
0.51386494250992	0.181311218287051
-0.41816567462896	0.17438817779225
0.160583229502904	0.0401661733691417
0.947770742439721	0.248281535275256
0.14380305748793	0.042271222114559
0.511884149147493	0.180536056250855
-0.789949074347787	0.342860425674977
0.948337549654709	0.248516516252871
0.159992352718576	0.0400538861334557
-1.00164594491588	0.494396817586234
-0.256972025540661	0.12980659006953
-0.118526093569951	0.0471935654315832
-0.240976410898063	0.0775300306973211
-1.83496954182052	0.74201254055013
0.535337683902321	0.309116262791333
0.935840327093675	0.630792655113875
-0.663689708519548	0.39633583619867
0.848131979319308	0.774281026971298
0.831551725853174	0.875274096338327
1.0501057205628	0.499015259455476
0.130534492586352	0.0556874732872
-0.128169117696241	0.0901256204853641
-1.09775793002128	1.06320414990996
-2.02757117373471	2.13351310993009
3.9275816800867	1.70263786398349
1.04390304170334	0.495341115745227
-1.0419816315643	0.409976007162161
1.23217983584621	0.846301873835062
-0.417501424625703	0.238735091137122
-0.809363746339261	0.442546835487161
0.771786956152333	0.458361445393627
-0.086371249371939	0.0530291017707188
-0.276282780157979	0.174248741112988
-2.08911637827436	0.943898849288905
-2.57660997484294	0.657538252319339
1.31451987093813	0.564351638075811
0.137777354037229	0.0456973820976041
0.162357836679133	0.0405597098553547
-0.246508988134271	0.0792825586162302
0.511187733730715	0.180331422147582
1.44862736407577	0.477555630338169
0.950287720870208	0.248999740475732
-1.86158822691551	1.16945945697315
-0.0777327385177198	0.0342298345396652
0.493643718442209	0.311637233885528
0.126543144272307	0.0540223218243271
0.153391798887707	0.0814703331560114
-0.340450226949445	0.20641786902835
-0.354815349846941	0.101888689175609
-0.632424041671007	0.152580102364835
2.33750365888202	1.14533306687431
3.63565166019344	1.42132833477826
1.95731570776637	0.441000340195791
-0.360018151462565	0.103295990712749
0.802353086825023	0.329964914866132
1.02592340208434	0.382810966482796
0.317831370380201	0.192594787447171
-0.171762117804328	0.0615057733921786
-0.172323794216928	0.061695096887414
-1.14111344283696	0.344497381350969
0.135013812660324	0.0647808494274447
-0.116420756707114	0.046298768256123
-0.328214617534578	0.151475672609922
1.02304894811125	0.381607715308403
0.128338588542606	0.0483629401375905
0.144976980831471	0.0425943260188831
-0.786507575298711	0.340816244239033
0.137777354037229	0.0456973820976041
-0.738670030097319	0.252119567169358
-3.08203048704882	0.947509650360219
-1.04664817491529	0.41219337703347
-3.76137421922742	1.48226291907169
-0.542900106811953	0.204176406519794
-0.62621301873586	0.15115097520137
-1.79840965860499	0.382877827643389
-0.632424041671007	0.152580102364835
0.16045117802105	0.0401558290866076
-1.04313192494267	0.410517747694466
-3.08203048704882	0.947509650360219
-1.79840965860499	0.382877827643389
0.154465593370314	0.0289479903375428
-2.5766529574574	0.657773148602288
-1.79840965860499	0.382877827643389
-1.1414839653338	0.344622990730584
-0.628867026021838	0.151670609188118
-1.00004103377151	0.493654528880013
-0.170570082702335	0.0610660122676351
2.75807933893485	0.764710363024488
3.26284822825054	1.10169382604423
1.95786695174359	0.441149378722158
0.155067569950451	0.0290355764553768
2.09902930301809	0.922968081727696
1.02685010343664	0.383062880383657
0.65757421006213	0.206588655278929
1.01810403870788	0.379203855378532
-0.355104953248248	0.101967480674674
-0.536671114051193	0.201606330220057
-0.354815349846941	0.101888689175609
-3.45945095257726	1.22747869975084
1.25283050010547	0.677613121936022
-0.240976410898063	0.0775300306973211
-0.358848207258787	0.103009197892419
0.15963091503218	0.0399802605532864
1.02651128578825	0.383050193875148
-1.52499008340819	0.541418114624462
-1.04128985839135	0.40948342982649
0.144640697621443	0.0425017414545061
0.511535984561553	0.180463547184556
0.162357836679133	0.0405597098553547
1.04044805884449	0.49337374099371
0.674075603168132	0.310361240164618
0.510619816865865	0.180113549991954
0.506636186737087	0.178613076266429
1.04390304170334	0.495341115745227
-0.354229439997714	0.101697261087168
0.160221796316651	0.0401166927693931
-0.539569636046331	0.202819044138208
-1.82841297073294	0.73863065228361
-2.0887702850993	0.943580524590739
-0.628733247343677	0.151688343674084
0.128002629615466	0.0425983067073654
-0.166213389018895	0.0595190660770883
-1.04255649350425	0.410401789740815
0.511315925469962	0.180318053690652
-2.57660997484294	0.657538252319339
1.81264504950119	0.702404900566408
2.72487913013225	1.6352217084451
0.802489056255948	0.330144551890374
-0.628299579656606	0.151558046801791
-0.120490621868934	0.0479276905170135
-2.08853487094957	0.94349842004388
0.948905461162112	0.248586345985544
-0.354815349846941	0.101888689175609
0.341768759934436	0.170660839612809
0.443904476777292	0.4350996079656
1.32591880846051	1.56163651754116
-0.0206386599605966	0.0102665254042608
0.885717154997981	0.903767856250784
0.322984845890426	0.178444868755386
0.307865743679507	0.199264107515815
1.43886537661144	0.881917767428703
-0.152306595207479	0.0868664664677757
-0.467138954089958	0.313148400427733
-1.03998820725116	0.409113309598422
-0.737824274342293	0.251781339210884
-1.00042671384016	0.494424006740095
-0.0414241302573207	0.0197552117295672
-1.29525574662277	0.577871829307603
0.660054375205789	0.207294450910716
0.135364021327178	0.0449437078279942
-0.257766303003423	0.130410105025724
-1.05541930160636	0.416079140893358
-1.23642796414425	0.940160409436935
-0.801397978981006	0.437007399884224
-0.114798840995251	0.0456854313144561
-1.29512981359302	0.577531413428973
-0.737489374761453	0.251678150254292
1.02533495299364	0.382457756692076
0.132600988210423	0.0440609588064188
-0.628299579656606	0.151558046801791
1.81264504950119	0.702404900566408
1.95786695174359	0.441149378722158
-0.258184462125235	0.130550356161956
0.328070244195466	0.181882173921055
0.310525843994846	0.201446512060287
-0.624824451696218	0.299085257385298
-0.256811934162602	0.129880551449727
-0.114557735849313	0.0679555462150155
0.591604123843284	0.306038715149543
0.16045117802105	0.0401558290866076
0.154509067766894	0.0289541162362231
0.804902320215242	0.331341314716319
-0.739003822726622	0.252222384495429
-0.539089600210505	0.202542124367007
0.666720675538898	0.306383563426964
-0.737824274342293	0.251781339210884
0.131900506227203	0.0562878352351733
0.12766278679512	0.0481491979841494
-0.628733247343677	0.151688343674084
0.146584487246171	0.0430023159110844
-0.628030265547787	0.151499678636842
-1.00109114438115	0.494830108494711
-1.52525862148376	0.541687313963439
1.44413466998286	0.886793803882764
-0.114531033021198	0.0455888758023028
-0.0343092561749843	0.0164484440949287
-0.353939368265063	0.101586834148653
-0.628599509856641	0.151612619227975
-3.76137421922742	1.48226291907169
-1.1414839653338	0.344622990730584
0.128075192969757	0.0482635683600574
-0.359141638818634	0.103112871302961
0.656894206098884	0.206287716765961
-2.57669595250488	0.657559862268914
-1.1414839653338	0.344622990730584
0.162125356869158	0.0404960611383205
-2.57963910438406	0.659061212358043
0.154465593370314	0.0289479903375428
-1.79839614394125	0.382877807711208
0.159859477622278	0.0400192334307773
0.154465593370314	0.0289479903375428
-1.52525862148376	0.541687313963439
-1.79840965860499	0.382877827643389
-1.52497036065527	0.541612586959632
-0.789650928512862	0.342421974551524
-0.628030265547787	0.151499678636842
-1.14536534536015	0.34589005605433
-0.968766935557051	0.597836174094374
-0.78537681039936	0.340290544519683
-0.968012915919243	0.596185996729843
0.156896734628332	0.0393320207188234
0.132032810243933	0.0438841642048134
-1.04744397176015	0.412600703300656
-0.00656609681224937	0.00337572810327366
-3.08229418357021	0.947231644170671
0.144389940892798	0.0424393237157952
0.155111385030128	0.0290417527313876
0.157325350109871	0.02936446462458
0.154465593370314	0.0289479903375428
-0.628030265547787	0.151499678636842
-0.237559934502149	0.0764246711906185
0.424611273738373	0.167583555175302
0.133518654529654	0.0443432692760018
0.16045117802105	0.0401558290866076
-0.355104953248248	0.101967480674674
-1.83099487872884	0.740025429797688
0.51245179464898	0.180728048354012
1.02787937451017	0.383250060365422
0.94820175004088	0.248479682375772
0.143477516670026	0.0421253750116672
3.63203016857434	1.41874839489518
-1.04255649350425	0.410401789740815
0.13363835988629	0.0443714034051703
1.44665759513172	0.476601664632304
0.427044554676773	0.168576132834755
0.661225548064972	0.20772290984652
-3.46299441124492	1.22953362528533
-3.46322465260564	1.22963503158779
0.947163829875457	0.248276694926132
-0.23899936488781	0.076906393395764
-0.539661343528338	0.202765677037844
-0.355401168227563	0.102014834884787
0.511315925469962	0.180318053690652
3.93000570763666	1.70337610095798
-0.353939368265063	0.101586834148653
3.26345542626113	1.10199860979414
1.45078261646269	0.478218161496633
-1.13895833229548	0.343813220888229
-0.539661343528338	0.202765677037844
0.130763965881961	0.0434534922717181
-3.76500715654354	1.48473725010782
-0.735201728577998	0.25087231236032
0.144389940892798	0.0424393237157952
0.140609521820489	0.0413743325045252
-1.83039434521114	0.739673075735054
0.128002629615466	0.0425983067073654
-0.738670030097319	0.252119567169358
-0.0889004948606473	0.0546096272645008
0.134446827346684	0.044648821058174
0.146332921310034	0.0429416898033695
0.14027070998759	0.0412729382935957
-0.166972081756225	0.0597742269277735
-0.038544417550719	0.0184236942632245
-0.537470546751546	0.450669604836028
-0.168098950998947	0.060182556134742
-0.254720691264257	0.190631061758882
-1.74286339330925	1.47924493153465
-0.623311653851392	0.298165624398171
-0.327162257518513	0.15107114930378
-0.26235995294509	0.132795331247969
-0.258796362376717	0.130936940796162
0.132382889280095	0.0439989008298304
1.02422162940792	0.382079227006262
-0.233742966580479	0.0752394538943447
-0.196222976930201	0.106095510258412
-1.17962486873434	0.657135145898332
-0.786629190605387	0.340991155673526
0.144304320671072	0.0423970373819599
-0.536322009305803	0.201466150653051
-0.0133861710905803	0.00672648683872928
-1.2941091808211	0.576975974922849
-1.14111344283696	0.344497381350969
-0.539884754000364	0.202777184376746
-2.49515863051393	1.38276807599546
-1.1414839653338	0.344622990730584
-0.0813771757937801	0.035789700940242
-1.13895833229548	0.343813220888229
-0.737745529684395	0.251848226779474
1.0239728358881	0.381885834911352
1.95731570776637	0.441000340195791
3.9226128726263	1.6989438994259
-2.57669595250488	0.657559862268914
1.95731570776637	0.441000340195791
1.44981862951738	0.477799018830262
0.425965469795894	0.324003905451812
-0.164399596828408	0.0589021623891461
-1.61891795084567	1.25354983580699
-0.323790233074692	0.149308363719974
0.140023273435885	0.041219830052157
-0.354815349846941	0.101888689175609
0.658449623497539	0.206846818911275
0.653540010885453	0.205185988936824
-0.536671114051193	0.201606330220057
0.42363541765707	0.167033692932676
2.10193245054258	0.924755435038698
-1.49183614616713	1.04526896364508
-2.57660997484294	0.657538252319339
-0.194354096336305	0.105096752367293
-0.543818752032067	0.204528065886448
-3.08229418357021	0.947231644170671
-0.264524517789926	0.13396276398759
-0.628299579656606	0.151558046801791
-1.83105982818556	0.740099638711398
0.125890926307052	0.0418917548738343
-0.53874057789979	0.202401825815006
-0.806612457433559	0.440304257659114
0.803055311396109	0.330423388744012
0.134796989185734	0.044763826715822
-0.540010421209968	0.202885751343567
-0.539312347732804	0.202625351504848
-0.628733247343677	0.151688343674084
-0.542900106811953	0.204176406519794
-0.236295434458238	0.0760318807121589
-0.364075191310441	0.104431351921358
3.26224218729945	1.1009233569627
-0.628867026021838	0.151670609188118
-2.5766529574574	0.657773148602288
0.659032459281836	0.207041754611057
-1.79840965860499	0.382877827643389
-1.79839614394125	0.382877807711208
-1.79840965860499	0.382877827643389
-1.79839614394125	0.382877807711208
-1.79839614394125	0.382877807711208
-1.79839614394125	0.382877807711208
-0.355104953248248	0.101967480674674
-1.14111344283696	0.344497381350969
-1.29468583724064	0.577050898837199
-1.79840965860499	0.382877827643389
-0.355394630173918	0.102015543768339
-1.29468583724064	0.577050898837199
-1.34441015810263	0.844052635442434
-1.14088544605048	0.344426431780091
-0.741763882242001	0.253307934106881
-0.35569023027487	0.10209347470967
-0.354815349846941	0.101888689175609
-0.625937070321993	0.151091209012893
-2.57968420714322	0.659073447553718
-1.0465244135449	0.412299764954399
-0.738670030097319	0.252119567169358
-0.740148737877288	0.252718341140933
-0.5431188895219	0.204245277624117
0.421057115552697	0.166017922839267
-1.83072704109891	0.739930594937107
0.948337549654709	0.248516516252871
-0.234534484549801	0.0754746413023498
0.147597353924913	0.0432809812564028
2.3410042779854	1.14815153258672
1.45054889854294	0.478121061898946
-0.628164901903538	0.15157555358925
0.15144823932183	0.0285426379557898
3.63565166019344	1.42132833477826
0.162719274583833	0.0406219991153643
0.154509067766894	0.0289541162362231
1.04390304170334	0.495341115745227
0.658448437247608	0.206865271021461
1.31218528243788	0.56311122145944
-0.536322009305803	0.201466150653051
-0.418966061803969	0.174657791322159
0.65757421006213	0.206588655278929
-0.240627572806769	0.0774207528438286
-3.45922605387697	1.22727228815634
1.02214625298213	0.381008988602194
2.34934920743043	1.1520386134598
-2.0851928861798	0.941244883307777
0.160813493636874	0.0402291855562724
-1.52984634403446	0.54376252749597
3.26284822825054	1.10169382604423
-0.358848207258787	0.103009197892419
3.26284822825054	1.10169382604423
0.883522598319616	0.46852696737076
1.31451987093813	0.564351638075811
1.31240282325545	0.562988742832529
-0.738079783119958	0.251987608125061
3.26345542626113	1.10199860979414
0.155067569950451	0.0290355764553768
0.140023273435885	0.041219830052157
3.6326714041979	1.41965046916025
-0.234090861009704	0.0753429614422092
-0.741510950758259	0.253188727186893
-0.358848207258787	0.103009197892419
-0.628733247343677	0.151688343674084
-0.354229439997714	0.101697261087168
0.131541520016344	0.0437194079588842
-3.46322465260564	1.22963503158779
-0.80817198828208	0.441228939518888
-0.354815349846941	0.101888689175609
0.421828677837084	0.166370084244426
-0.74243876954869	0.25362235352836
0.659616568882323	0.207151031447049
0.510051323737923	0.179850968444512
0.128002629615466	0.0425983067073654
0.161043695584893	0.0402684742968713
-0.739810651859165	0.252595067527066
-0.411927679691464	0.171559111174735
-2.80494876192485	1.88496106706754
-1.53297073485798	0.544868330378889
-0.240627572806769	0.0774207528438286
-1.00075889534507	0.494647107908871
1.23579424191371	0.85024763803667
-0.553823152513068	0.353960823854626
-0.504167556344331	0.382112404360304
-0.721953342476187	0.750023810999807
0.64136558394134	0.580790994677346
0.13417884000225	0.0644319084468146
-0.154506211899601	0.0881314295445881
0.799239343613409	0.328591622299045
-0.98001157645941	0.973650615600864
-1.8420396796814	1.69143250362573
-0.547287052704382	0.205976261023422
0.653826927429073	0.205337088996143
1.05267607785163	0.500574839123106
0.343068448104388	0.171439068373362
-0.16719037374262	0.0598638290738506
-3.45967591146264	1.22746502283364
-0.0759935270919984	0.033438924763354
-1.2957297752472	0.577552208373856
-0.189962893041753	0.127687656670655
-0.504344361633648	0.266187551953157
-1.52556530925699	0.541887546993991
0.158441687834525	0.0396618099099809
0.426188529242061	0.168158662567646
-3.45967591146264	1.22746502283364
0.511406581218177	0.180333732150807
-1.52275201069355	0.540627902821117
2.75520320904554	0.763197913000704
-0.738670030097319	0.252119567169358
0.15144823932183	0.0285426379557898
0.154509067766894	0.0289541162362231
-1.14088544605048	0.344426431780091
-0.541982138529851	0.203732865607725
0.427726139064257	0.168841338822495
-0.692457642880513	0.55324515882075
0.374033731308239	0.16601974607059
-1.85341614633532	1.1616831511099
-0.789949074347787	0.342860425674977
-1.73522561511852	1.46678704609946
0.374667869915192	0.166123158223375
0.154509067766894	0.0289541162362231
-0.25334967713625	0.127993040262983
3.26224218729945	1.1009233569627
-0.415517834935378	0.173096521773236
0.134796989185734	0.044763826715822
0.803406298057045	0.330476655381048
0.425842843580689	0.168023318876402
-0.624501462907049	0.298906969740345
-0.319644404282246	0.147254718226974
-0.536101171148354	0.201337796547223
-1.83165926032039	0.740451579277532
-0.743029498323094	0.253754321369633
-0.236642536873473	0.0761450888689269
-1.14088544605048	0.344426431780091
-1.51227685112488	0.76213256545427
-1.11004836611257	0.76626307105783
-3.45945095257726	1.22747869975084
-2.5766529574574	0.657773148602288
2.34192571099863	1.148837051844
-0.739337707457692	0.252266162743882
-0.117366577096693	0.0467267891566294
0.337441775153714	0.168294297071026
0.146922191196889	0.0431076767472804
-0.0353304910987063	0.0169407740569569
-0.418098622830114	0.174378553054991
0.374356834493824	0.166186882736063
0.156896734628332	0.0393320207188234
-1.00048993841766	0.494351717278692
-0.418561663646976	0.174592569513727
0.162125356869158	0.0404960611383205
-2.5766529574574	0.657773148602288
-2.5766529574574	0.657773148602288
0.129868142847707	0.048914965567742
0.94820175004088	0.248479682375772
0.132600988210423	0.0440609588064188
-2.48724101398497	1.37471071412863
0.157325350109871	0.02936446462458
-0.628733247343677	0.151688343674084
-0.631994988626399	0.152498044571477
0.159992352718576	0.0400538861334557
-1.80123754984197	0.383647112861273
1.95786695174359	0.441149378722158
0.155111385030128	0.0290417527313876
-0.628733247343677	0.151688343674084
0.154509067766894	0.0289541162362231
0.948768757521975	0.248549269795159
2.75580772001712	0.763760469153332
0.154509067766894	0.0289541162362231
0.947635845528227	0.248244973505163
0.154509067766894	0.0289541162362231
-0.632563406792844	0.152610991116788
0.155067569950451	0.0290355764553768
-3.45945095257726	1.22747869975084
-1.14171114622793	0.344693702322242
-0.741848602831151	0.253311922462979
-2.5766529574574	0.657773148602288
-0.628599509856641	0.151612619227975
-0.746808236911364	0.255160904419701
-0.739810651859165	0.252595067527066
0.160221796316651	0.0401166927693931
-0.629906869562113	0.152090136193736
-1.79840965860499	0.382877827643389
-0.3523322595973	0.101168276473444
-0.421938432498096	0.176107268065683
-1.14583039258107	0.346039770541419
1.01868988091969	0.379571940690884
-1.69368543283268	0.954207038668379
-2.57968420714322	0.659073447553718
-1.04361600013496	0.410853585324869
-0.506794097572438	0.267917146892905
-1.83238513754881	0.740761304659517
0.12913352992743	0.0429550272454785
0.160583229502904	0.0401661733691417
0.660638687988492	0.207526442563452
1.44780311038183	0.477066495630919
-0.628733247343677	0.151688343674084
-1.83039434521114	0.739673075735054
1.55299984946191	0.753902213486873
2.75580772001712	0.763760469153332
0.155067569950451	0.0290355764553768
1.44569447046789	0.476184455710964
0.15144823932183	0.0285426379557898
0.950426851449918	0.249037516760643
0.138127543219772	0.0458068858026646
-3.08203048704882	0.947509650360219
0.804344454513009	0.331111351364724
-0.168538535517575	0.0603007768512499
0.658449623497539	0.206846818911275
-1.29388110726104	0.576654901330229
0.144976980831471	0.0425943260188831
-0.793650299520997	0.344601205700018
0.159859477622278	0.0400192334307773
1.81574571371452	0.703837629137609
1.75324369241631	0.958478385484762
2.0985439196218	0.922769880021207
-1.04779140371951	0.412732841654536
0.156304884454214	0.0392194704826931
1.81323362267005	0.702723165703649
-1.03986963329328	0.409012486353307
0.154509067766894	0.0289541162362231
-1.14536534536015	0.34589005605433
0.144389940892798	0.0424393237157952
0.127787048120533	0.0425091605383456
-0.355112179440658	0.101904546481095
0.660347295989593	0.207462296247491
0.157370411029726	0.0293708256249034
-3.08216231491203	0.947551973079846
-2.57669595250488	0.657559862268914
0.155713854733082	0.0390835596706886
0.14380305748793	0.042271222114559
0.130992195528203	0.0493490863110476
-0.358557998384515	0.10292132426425
-1.83504104592481	0.742292078332567
-1.80123754984197	0.383647112861273
-0.359141638818634	0.103112871302961
0.660638687988492	0.207526442563452
-0.73833632952493	0.25198039611565
-1.52554695498285	0.541620681553635
0.134446827346684	0.044648821058174
-1.14171114622793	0.344693702322242
-0.352915395102444	0.101358152963712
-1.04255649350425	0.410401789740815
-0.628599509856641	0.151612619227975
-0.806613464250832	0.440297416724532
0.64801693621109	0.461520435450924
-0.0180443871182976	0.0119848463169966
0.328406233525666	0.182280751569256
-0.690773768467795	0.552147524090389
-1.48892144564036	1.0411120755181
-0.0120573429111473	0.00608902805238812
-0.010689106803507	0.00541135416774983
-2.29727312282636	1.14544058139388
-0.967360743473125	0.597005396682198
0.141195201809473	0.0415167743660916
0.426909821951289	0.168480279722444
-1.1414839653338	0.344622990730584
-0.0422077858966108	0.0201364164282556
0.669975753795622	0.30798845763185
-1.29110511870394	0.575249388426856
1.04323019345025	0.495337606424751
-0.963739764929449	0.594139698769996
-0.329146058047281	0.151991518723621
-0.336933856087612	0.204343932245855
-1.00136036488049	0.494828521671196
-0.327783649433147	0.151320027520186
-0.354815349846941	0.101888689175609
-2.57669595250488	0.657559862268914
-0.355104953248248	0.101967480674674
-1.79840965860499	0.382877827643389
-1.50920533808673	0.759234123562016
-0.168318442800183	0.0602514969158982
-0.327901518781814	0.151379212017917
-0.116744249017674	0.0464304413870714
0.144976980831471	0.0425943260188831
0.155111385030128	0.0290417527313876
1.95731570776637	0.441000340195791
-0.628299579656606	0.151558046801791
2.75580772001712	0.763760469153332
1.95988292961267	0.441702177751728
-0.355104953248248	0.101967480674674
-0.241194698180716	0.0775963201393135
0.281811233954145	0.2119290574148
-0.25595795616293	0.129265356172398
0.128075192969757	0.0482635683600574
0.487245741706	0.307145778068925
1.0239728358881	0.381885834911352
0.803620921341924	0.330666152724973
1.55563768080424	0.755897558752995
-1.69628324831707	0.956314425825286
2.33785384704991	1.14562321252435
0.58549722668145	0.301985138113919
-1.52866955783943	0.543083867430977
0.774733924496347	0.460761617383799
-1.14111344283696	0.344497381350969
0.126995343599123	0.0478876212085346
0.508678695512037	0.179257945972662
-0.790856126479565	0.343201648006092
1.03933408515551	0.492573720159458
0.513018859677697	0.180878875427753
-1.0403348553758	0.409226758738803
-0.739220696441847	0.252380570526188
-0.806301574475639	0.440102374945707
-0.999770520176459	0.493549718270557
-0.535972986453295	0.201305640312495
-0.660541826543628	0.394362053398999
-1.51958366892663	0.767132183671945
-0.120490621868934	0.0479276905170135
-0.323785681062795	0.149294817267518
-1.18770323490463	0.663144069216596
-1.52556530925699	0.541887546993991
0.809005645695198	0.333196127239404
0.144640697621443	0.0425017414545061
1.23018948892245	0.84377830869838
0.13041301345043	0.0433517092562305
-1.0456052115104	0.411595401174635
-0.996907415288135	0.49182997996147
0.658157600688591	0.206837664845118
-0.738670030097319	0.252119567169358
-0.663103164655776	0.395982367731761
-0.168098950998947	0.060182556134742
-1.04255649350425	0.410401789740815
0.162125356869158	0.0404960611383205
-2.5766529574574	0.657773148602288
-1.79840965860499	0.382877827643389
-2.5766529574574	0.657773148602288
-1.14088544605048	0.344426431780091
0.147173024714353	0.043149325154862
3.26284822825054	1.10169382604423
-1.14193838802885	0.344646219015582
-1.79839614394125	0.382877807711208
3.26224218729945	1.1009233569627
-2.5766529574574	0.657773148602288
-2.57669595250488	0.657559862268914
-2.5766529574574	0.657773148602288
2.75580772001712	0.763760469153332
-1.79840965860499	0.382877827643389
-1.79839614394125	0.382877807711208
0.948337549654709	0.248516516252871
0.155111385030128	0.0290417527313876
-2.5766529574574	0.657773148602288
0.154465593370314	0.0289479903375428
-1.80123754984197	0.383647112861273
0.154465593370314	0.0289479903375428
-1.79840965860499	0.382877827643389
0.155067569950451	0.0290355764553768
0.162952579336367	0.0406858836130456
0.160221796316651	0.0401166927693931
3.26508709738097	1.10261522135605
-1.79840965860499	0.382877827643389
2.75580772001712	0.763760469153332
1.95731570776637	0.441000340195791
1.45078261646269	0.478218161496633
-2.5766529574574	0.657773148602288
-0.237783836658627	0.0764730781037413
-0.790293055908666	0.343033629214228
-1.52497036065527	0.541612586959632
-3.45922605387697	1.22727228815634
-1.50760411597075	0.75834570109955
0.669715508406058	0.307763797286233
2.75580772001712	0.763760469153332
1.80835489274816	0.70010856168417
-0.628164901903538	0.15157555358925
0.658157600688591	0.206837664845118
1.81515619836297	0.703574555319196
-0.418699120063541	0.174624493913997
-0.628164901903538	0.15157555358925
-0.358848207258787	0.103009197892419
2.75868832531345	0.765017792149168
-2.57968420714322	0.659073447553718
3.63331351050508	1.42008896661082
-1.69271082861525	0.952704551969826
1.81738056066142	0.704160226172228
-0.632424041671007	0.152580102364835
-0.245190781440017	0.0788498782296321
3.63629792702422	1.42164529184574
-1.52984634403446	0.54376252749597
-1.52556530925699	0.541887546993991
3.63395648950567	1.42026036401428
-0.742776335066151	0.253679551734855
-0.169573605704574	0.0606638826665737
0.132164012775708	0.0439252834614193
0.127651677266186	0.0424864772644231
2.54314246294555	1.37638183456833
0.158797898832415	0.0397350165406265
0.948337549654709	0.248516516252871
-1.52217172198706	0.540157381117801
-0.631994988626399	0.152498044571477
0.51386494250992	0.181311218287051
-0.540010421209968	0.202885751343567
-0.355401168227563	0.102014834884787
-1.04721949984211	0.412618976511128
-1.03998820725116	0.409113309598422
-0.73955895107728	0.252503873418029
-2.5766529574574	0.657773148602288
-1.04232764455762	0.41013375079511
-0.62574329550905	0.299522773517337
0.658741078701816	0.207014004441108
-0.63185471444008	0.152466960619287
-2.5766529574574	0.657773148602288
-1.14193838802885	0.344646219015582
-1.18309149572464	0.65955331260621
-1.43697870384939	1.53903443015395
-0.793064452165324	0.611662635341851
0.312010641008832	0.202582156117327
0.293777929762618	0.212236715996862
-0.118901525235319	0.0472561684211653
-0.661861879922842	0.395113171797799
-1.3551892620854	1.12907386992277
-0.485062560875983	0.415973825592168
-0.793279864576496	0.751627016286739
-1.00455591421692	0.496563866064046
1.02338601426445	0.38161996773056
-0.412261031351047	0.171714138801548
-0.499841062170933	0.263416546521431
0.428631067442515	0.169230176789531
-0.539884754000364	0.202777184376746
-0.810610065650247	0.443312153801458
0.127141626540389	0.0479115733238652
2.01644742028444	1.90376618396405
0.132517639884099	0.0565624888818483
-0.329267261580061	0.152184360471162
-0.0101325022324033	0.00513516764925225
-0.626075023442282	0.151167646950723
-0.789427461577023	0.342278786572665
3.93243983265972	1.70365948076754
-1.18586323787425	0.662169281444744
-1.05028745982723	0.413857331598975
-0.80967523819527	0.442788201768594
-1.18244719393679	0.658999253683359
-0.628733247343677	0.151688343674084
-2.09247545291009	0.945761140891945
-0.162645023142981	0.0582934318085609
-0.111414326111756	0.0443778368292598
-0.168760743646406	0.0604728682433177
1.02422162940792	0.382079227006262
0.155111385030128	0.0290417527313876
-2.57660997484294	0.657538252319339
0.658449623497539	0.206846818911275
-1.29515319796898	0.577477426894068
-0.35262379016767	0.101278913820777
0.51185508822947	0.180429891879722
-0.276559430793328	0.174581654896683
0.0494652807883129	0.0304905358871445
-0.416430065095431	0.238094148826115
-1.84168874341096	1.69366865962264
-0.536101171148354	0.201337796547223
2.75520320904554	0.763197913000704
-3.08912772662777	0.951015235110598
-0.544025640900278	0.204660696542805
0.802138012530807	0.329972517070534
-0.121352846510502	0.0482535926174825
-0.791832805004252	0.343622226885232
0.658448437247608	0.206865271021461
1.25650524049789	0.680551565208647
-1.34228089008113	0.840964400403067
0.123497377344485	0.0527429861629998
1.5558485462913	0.755659230691169
0.128936415922896	0.0485814724251015
0.950287720870208	0.248999740475732
-0.355979365614545	0.102141358762928
0.658449623497539	0.206846818911275
0.370650988532887	0.164283149019924
-0.414848866012593	0.172904117262776
1.31416993955936	0.56393406368061
-0.963925360351845	0.593695634303048
0.445102349688046	0.321832580161132
-0.788172601637339	0.341595524377101
-0.62574329550905	0.299522773517337
0.144976980831471	0.0425943260188831
-0.354815349846941	0.101888689175609
0.317534995836684	0.192241253912743
-0.416898933449453	0.173791167876446
-0.541053988501391	0.203408052094411
-0.0834370821337456	0.0511996162235187
-0.352328640216398	0.101201570764145
0.160583229502904	0.0401661733691417
-1.00077046454764	0.494047076059912
-0.326085578213453	0.150379879538711
0.87864676451159	0.464496955776935
-0.166972081756225	0.0597742269277735
-0.322235411713064	0.148542946725632
0.123555562714425	0.0466077516946964
0.374356834493824	0.166186882736063
-0.541053988501391	0.203408052094411
-0.168318442800183	0.0602514969158982
1.94388293117648	1.19389586255578
0.134796989185734	0.044763826715822
1.81294103662311	0.70256079058948
3.26631056571709	1.10328266544307
1.95731570776637	0.441000340195791
-1.51718135344789	0.765112751840217
0.144976980831471	0.0425943260188831
-1.52439405688463	0.541142934209623
1.30898590240314	0.561115575362232
-2.57660997484294	0.657538252319339
0.950287720870208	0.248999740475732
-2.57669595250488	0.657559862268914
-3.08556356757563	0.949512459473102
-1.79840965860499	0.382877827643389
-2.5766529574574	0.657773148602288
0.15963091503218	0.0399802605532864
-3.76165974462818	1.48222195957514
-1.52468217246603	0.541450953371581
0.158441687834525	0.0396618099099809
-1.79840965860499	0.382877827643389
0.159992352718576	0.0400538861334557
-0.73692534431476	0.251432666327998
-0.539312347732804	0.202625351504848
-0.236642536873473	0.0761450888689269
0.159402290839324	0.0399177124259514
0.16045117802105	0.0401558290866076
0.94820175004088	0.248479682375772
0.660347295989593	0.207462296247491
2.33470644076288	1.14335517449658
2.75580772001712	0.763760469153332
-1.79839614394125	0.382877807711208
0.15144823932183	0.0285426379557898
0.155111385030128	0.0290417527313876
0.146332921310034	0.0429416898033695
-0.236989724567202	0.0762485047293907
-0.238433725050041	0.0767157416465737
-1.52275201069355	0.540627902821117
0.136861270958273	0.0453939461531857
0.160221796316651	0.0401166927693931
-0.74269218165825	0.253631177667885
0.131463990676715	0.0437015090033304
-1.04347763338354	0.410675434748757
-0.628599509856641	0.151612619227975
0.51464907727053	0.181544056103037
0.160221796316651	0.0401166927693931
0.159402290839324	0.0399177124259514
-1.82807822419763	0.738372454891922
0.663132334033902	0.208271470068789
0.427034967705126	0.16848288057257
-1.83936441734733	0.744382146126046
3.63395648950567	1.42026036401428
-0.628030265547787	0.151499678636842
-1.14111344283696	0.344497381350969
-1.50840477299905	0.758701742248802
-1.83072704109891	0.739930594937107
-0.415116620386652	0.172916119993669
0.134796989185734	0.044763826715822
-1.00241331464069	0.495326299521873
-3.08556356757563	0.949512459473102
-0.176336496006155	0.0631273418046569
-0.632424041671007	0.152580102364835
-0.539535866518366	0.202616428643095
1.8135291528185	0.702758164322864
-2.49062038066175	1.37863753906601
-0.471071074779331	0.316420370335856
0.141184389035416	0.0677627261843457
0.495056296383064	0.313178377921025
-0.41512204271669	0.237037614309952
1.38396157714832	1.06794475141015
2.10286507825917	0.92563188054431
0.772174795113499	0.457923849616105
-0.33288246145125	0.201467043301298
-1.35006518560722	1.35869616133447
-0.628030265547787	0.151499678636842
1.55528546656109	0.755344535013972
-1.04128985839135	0.40948342982649
0.376875238635301	0.16727169805512
1.02156194483674	0.380771817220124
0.509312228273621	0.179509324022326
0.144976980831471	0.0425943260188831
-0.792961532394216	0.344288490733264
-0.117634611193586	0.0468309314969464
-0.410026528315556	0.233840291834394
-0.261330166755305	0.132267275819964
0.982624790840564	0.80279257022752
-0.256601815000838	0.129736279045066
-0.741763882242001	0.253307934106881
0.948768757521975	0.248549269795159
-3.08189869996978	0.9470994296719
0.15963091503218	0.0399802605532864
-3.08203048704882	0.947509650360219
-0.355104953248248	0.101967480674674
0.160221796316651	0.0401166927693931
0.129484452637878	0.0430568172874428
-1.14974325164212	0.347335128550777
0.94820175004088	0.248479682375772
-0.628164901903538	0.15157555358925
3.26508709738097	1.10261522135605
0.94820175004088	0.248479682375772
-0.628867026021838	0.151670609188118
1.95988292961267	0.441702177751728
2.33842592547281	1.14619164851825
0.00810390946932502	0.00564398722827749
1.38588071188751	1.0704968509689
-0.325152368345626	0.149912584088137
-0.469219516887942	0.314822137638124
-0.329768397676277	0.152271155223032
0.140023273435885	0.041219830052157
0.155111385030128	0.0290417527313876
0.146922191196889	0.0431076767472804
2.3410042779854	1.14815153258672
2.10021124048698	0.924077935460336
-0.737745529684395	0.251848226779474
-1.69722223237915	0.956557235506187
-0.112269589327082	0.0446916693927969
0.851691723273856	0.628333746050636
-0.234312185154952	0.0754304879292539
-0.742101285286405	0.253499136601578
-0.74243876954869	0.25362235352836
-2.5766529574574	0.657773148602288
-1.52674340008464	0.542380499879977
-3.4599009305559	1.22709220959572
-2.08553743334962	0.941412888325459
-1.00785299147423	0.498892647730563
-0.813962230268975	0.445703859133414
0.660640141500972	0.207490447031014
-0.812402174415978	0.444792956101086
-0.0389252899672265	0.0186061304149046
-1.13895833229548	0.343813220888229
-1.10533398757211	0.760768896049564
-1.345522892957	0.843207090301188
0.371241121847868	0.164587159709047
-2.65494275344401	1.62012029882008
-1.23461359119966	0.937804688267667
-0.0767788065927494	0.0338194227138831
-0.73833632952493	0.25198039611565
0.510440135603011	0.179966436385068
2.10661966239409	0.927129156443633
3.9275816800867	1.70263786398349
1.02617238539361	0.38275777208832
0.145313170347528	0.042674261922763
-0.790856126479565	0.343201648006092
0.421057115552697	0.166017922839267
-0.26199211211623	0.132614958594315
0.12498310765266	0.0533276353109306
0.152050960400409	0.028630259939513
-1.52527766014307	0.541726073904961
-1.04278630064219	0.410314973185565
0.142645543006535	0.0418989273349654
1.02499638904051	0.382165912389253
-1.79840965860499	0.382877827643389
3.26345542626113	1.10199860979414
0.155111385030128	0.0290417527313876
-2.57968420714322	0.659073447553718
1.31275235192293	0.563405500186811
0.948337549654709	0.248516516252871
-1.52556530925699	0.541887546993991
-1.52304226528151	0.540703452519057
-1.79839614394125	0.382877807711208
-1.79839614394125	0.382877807711208
0.155111385030128	0.0290417527313876
-0.628733247343677	0.151688343674084
-2.57660997484294	0.657538252319339
-1.79840965860499	0.382877827643389
0.152050960400409	0.028630259939513
0.154465593370314	0.0289479903375428
-0.628867026021838	0.151670609188118
0.15963091503218	0.0399802605532864
-0.236642536873473	0.0761450888689269
-1.79840965860499	0.382877827643389
-1.14536534536015	0.34589005605433
1.44780311038183	0.477066495630919
2.75520320904554	0.763197913000704
-1.05107548737008	0.414131243401247
-1.29515319796898	0.577477426894068
-0.996575012288978	0.491627733478489
-1.29237610264655	0.575925969894521
1.81604086904786	0.704001590638153
0.94820175004088	0.248479682375772
2.75580772001712	0.763760469153332
-2.5766529574574	0.657773148602288
0.154465593370314	0.0289479903375428
2.75520320904554	0.763197913000704
-0.237783836658627	0.0764730781037413
0.948337549654709	0.248516516252871
0.155713854733082	0.0390835596706886
-0.359432307228107	0.103134774665835
-2.08911637827436	0.943898849288905
0.144389940892798	0.0424393237157952
2.0956418939305	0.921016207690412
0.660347295989593	0.207462296247491
-0.231409214332045	0.0745090449257407
-0.352620864579995	0.101250485836996
1.81176507224111	0.701716027060748
0.658157600688591	0.206837664845118
1.81545080408239	0.703738180326379
-2.5766529574574	0.657773148602288
0.157370411029726	0.0293708256249034
-0.23197785438725	0.0746812633614378
1.44862736407577	0.477555630338169
-0.35569023027487	0.10209347470967
1.02248687611089	0.381157405723936
-0.737745529684395	0.251848226779474
-0.360424422137527	0.103456197360052
0.658448437247608	0.206865271021461
0.132164012775708	0.0439252834614193
-3.76165974462818	1.48222195957514
-3.76529646610535	1.48477662035046
-3.08556356757563	0.949512459473102
-1.52926336424741	0.543358625626883
-0.170295794786799	0.0609732056271428
0.154509067766894	0.0289541162362231
-1.14171114622793	0.344693702322242
0.155067569950451	0.0290355764553768
-0.170856035041343	0.0611834573692003
0.447404269903232	0.323621679099249
-0.188617275719036	0.126706221137625
-0.682485800644453	0.482348863993913
1.11527562982068	1.00243414667811
0.671166583876549	0.308670070263109
0.429189841643481	0.169462047821113
0.322217766985752	0.195717909566332
-0.417519735681061	0.238819913422308
0.879827542304998	0.466312125509254
2.10636939831221	0.927285990182235
-0.243005367486847	0.0781807445892085
-1.29688036665762	0.578659315874656
0.80809182652064	0.332822174466832
0.67255389099498	0.309487891494371
1.3150863687139	0.564688556451063
-0.354229439997714	0.101697261087168
-0.0386394749421448	0.0184723033555434
-0.967060298539882	0.59678584231477
-2.13587728782389	1.64632461607647
-0.622280141343316	0.297793777237155
0.347764684457856	0.173866248822086
0.135308208894332	0.0649218855246896
-0.076009631334136	0.0334534231591844
2.10021124048698	0.924077935460336
-1.04290235412753	0.410559570501728
-3.08542618523242	0.949198094742557
-2.5766529574574	0.657773148602288
-0.806612457433559	0.440304257659114
1.22947557240226	0.844367069255034
1.43977336934669	0.882480049411007
0.155111385030128	0.0290417527313876
1.02914563133488	0.3838807966434
0.948337549654709	0.248516516252871
-0.628164901903538	0.15157555358925
0.154465593370314	0.0289479903375428
1.95988292961267	0.441702177751728
-2.57669595250488	0.657559862268914
-1.79840965860499	0.382877827643389
0.160221796316651	0.0401166927693931
-1.04995334235795	0.847370982592851
-0.785720368096092	0.340476144248071
-0.23522957281847	0.0756912588669357
0.345762955214128	0.172762610176751
0.136378502228855	0.0655166256588136
-0.969671315617705	0.598494814733868
1.95731570776637	0.441000340195791
-3.08216231491203	0.947551973079846
-0.539312347732804	0.202625351504848
0.162952579336367	0.0406858836130456
0.15963091503218	0.0399802605532864
-0.355394630173918	0.102015543768339
-1.52556530925699	0.541887546993991
-0.352036490485324	0.101122204058746
0.124559536168029	0.0469661659539754
0.514431860453614	0.181517099423547
0.15963091503218	0.0399802605532864
1.45114635521655	0.478471348903038
-1.53415312392258	0.54539482804645
-0.236989724567202	0.0762485047293907
-1.04232764455762	0.41013375079511
0.131656068506217	0.0632161193831429
-0.93463653899508	0.690250845225265
1.31685844911644	0.565253656635589
0.907627500880166	0.787554503406693
0.808794271319844	0.33304767361123
-0.735538279411364	0.250976055861043
-4.98002947688758	3.47880480298405
-0.418074350397678	0.239077236847873
0.347666256810043	0.174094004556467
-0.25342363704007	0.127960853759803
0.0198569848615412	0.0107581342264225
0.375257613631461	0.166414569843084
-0.237212899766669	0.0763212805777045
-0.198834706952427	0.107610764066154
-0.0359023772783361	0.0172010280862601
-3.46322465260564	1.22963503158779
0.160813493636874	0.0402291855562724
-0.532636004607756	0.199855299235165
-1.04313192494267	0.410517747694466
-2.48734643273085	1.37500772456017
0.669975753795622	0.30798845763185
0.58565092474121	0.302565370854111
0.13622607304895	0.0401388785529382
-0.254629166509042	0.128688028337544
0.373454818648763	0.165812563770478
-0.236642536873473	0.0761450888689269
-1.1412568453231	0.344431220445032
1.02422162940792	0.382079227006262
-0.538518495752287	0.202252156786087
-1.79840965860499	0.382877827643389
1.3150863687139	0.564688556451063
-0.628164901903538	0.15157555358925
0.154465593370314	0.0289479903375428
0.660638687988492	0.207526442563452
-0.354815349846941	0.101888689175609
-2.57660997484294	0.657538252319339
-1.79840965860499	0.382877827643389
-1.79840965860499	0.382877827643389
-1.80123754984197	0.383647112861273
-1.80123754984197	0.383647112861273
0.154465593370314	0.0289479903375428
-2.57968420714322	0.659073447553718
-1.79840965860499	0.382877827643389
1.95731570776637	0.441000340195791
-0.628030265547787	0.151499678636842
-2.57968420714322	0.659073447553718
0.155067569950451	0.0290355764553768
-1.14171114622793	0.344693702322242
-0.354519585455166	0.101776151388844
-1.14499995487719	0.345855392571373
-3.76529646610535	1.48477662035046
1.45138090115721	0.478568850670936
1.55126146787483	0.752994445894456
0.947635845528227	0.248244973505163
-3.08556356757563	0.949512459473102
3.92694117717927	1.70243676685084
-3.08229418357021	0.947231644170671
4.16544558167092	1.96422252025176
-0.737154567775087	0.251538686589487
-0.628733247343677	0.151688343674084
0.132164012775708	0.0439252834614193
-1.04267374187429	0.410246962947944
-0.788395480319902	0.341804995882944
2.75580772001712	0.763760469153332
-0.237212899766669	0.0763212805777045
0.156304884454214	0.0392194704826931
-1.79840965860499	0.382877827643389
-1.13895833229548	0.343813220888229
-0.235948417281415	0.0759021467201397
0.661517102334111	0.207824976675168
-1.80123754984197	0.383647112861273
-0.625937070321993	0.151091209012893
-0.359725191866461	0.103238313016327
1.44958631087756	0.477702557005987
1.94526561678581	1.19487045519075
-1.04674936271233	0.41213485099752
-2.0888812011404	0.943710245621911
-1.51752529767187	0.765107103324429
-1.79840965860499	0.382877827643389
-1.00175301637526	0.495194163317958
0.16045117802105	0.0401558290866076
-1.14950531730286	0.347256013848679
0.131814043124596	0.0438161720723548
-0.628030265547787	0.151499678636842
-3.45967591146264	1.22746502283364
-3.08189869996978	0.9470994296719
-0.53874057789979	0.202401825815006
1.05045170776055	0.499417532634873
-0.738079783119958	0.251987608125061
-0.147107435934125	0.0837368584151683
-0.506007608704752	0.383793044234226
-0.50482972294807	0.467423919607077
-0.341124670783221	0.244156789951426
-0.556339680025539	0.355329069725301
0.0690844599000465	0.0468134874771149
-0.907103012485819	0.760826475275571
-0.156700503729534	0.0894466501207565
-0.80817198828208	0.441228939518888
-3.45945095257726	1.22747869975084
0.803055311396109	0.330423388744012
0.13794440241614	0.0661540900530683
-0.785598299709024	0.340429869924533
0.658448437247608	0.206865271021461
0.135013832711232	0.0448286361779132
0.499247438281134	0.316097927117589
0.53670148120228	0.310385370582239
-0.508861508452137	0.269011407037734
-0.149963845701122	0.0854158492559142
1.13352000328046	1.1633019478119
-0.506615614948501	0.384461113488349
1.07392795708274	0.653014942197049
1.02455981174032	0.382091874796033
1.31253456967921	0.563091330038175
-1.79839614394125	0.382877807711208
-1.04221071709325	0.410198911511082
-3.45945095257726	1.22747869975084
-0.509163048903537	0.269213584346613
1.64279427303535	1.54071163417069
-1.5292536270854	0.543488048058857
-0.738079783119958	0.251987608125061
-0.416119418774553	0.17334263980881
0.154509067766894	0.0289541162362231
0.950998501270056	0.249196467275389
-3.08203048704882	0.947509650360219
1.95786695174359	0.441149378722158
2.75868832531345	0.765017792149168
1.02329749324129	0.381582146499257
0.452304101988049	0.430018382280641
0.327587605088765	0.18154599062201
-0.119575292361138	0.0475678129859071
-0.50850855544076	0.26879944898842
-0.53874057789979	0.202401825815006
-0.738002720964575	0.251779850607704
0.157370411029726	0.0293708256249034
1.44922258720914	0.477763268309402
-1.1413415008172	0.344450233445194
0.658157600688591	0.206837664845118
0.66930424577174	0.30749416119693
0.371507099259899	0.164711145717647
0.127405387111306	0.0480111839782604
0.371241121847868	0.164587159709047
0.653245802516738	0.205089848433872
-1.18640293204007	0.663074269060665
-3.08203048704882	0.947509650360219
0.657864503304789	0.206616146564203
-1.50989189857641	0.75951248333145
-0.240759104425561	0.0774229005659888
-0.168663393721381	0.0603724956040683
1.04424975463849	0.495554192271584
0.374667869915192	0.166123158223375
-0.15355531055333	0.0875958691763935
-0.624178537751399	0.298708339466037
-1.69655742608848	0.955964177103611
-0.625752393490911	0.299848628932365
-0.236989724567202	0.0762485047293907
1.23157129099325	0.845225301969972
-0.22872107311083	0.149440060558313
-0.170640807744489	0.0610979709501241
-0.329147982594378	0.152002884124992
1.88440123808185	1.61552132986513
-0.667649818521345	0.399460839061927
0.148468103221354	0.0786037036253614
-1.83105982818556	0.740099638711398
0.155111385030128	0.0290417527313876
1.44981862951738	0.477799018830262
-0.117957085717499	0.0469570963557836
0.88067338607847	0.466267903307237
1.43659354112542	0.880872771635626
-1.51347413888638	0.762985163792994
1.0190295579627	0.379719734867384
0.132822310594404	0.0637434570685865
-1.04162398220417	0.409776469371892
3.63395648950567	1.42026036401428
1.04378432587275	0.495692924097087
1.02363521199244	0.381873400117373
-0.23899936488781	0.076906393395764
0.129602692162006	0.0552849677106642
2.10518557386543	0.926356193545713
-0.628733247343677	0.151688343674084
0.144389940892798	0.0424393237157952
0.660932155782147	0.207694635746326
0.147597353924913	0.0432809812564028
-0.356952421866901	0.102502236157484
-1.79840965860499	0.382877827643389
-1.79840965860499	0.382877827643389
-0.628030265547787	0.151499678636842
0.157370411029726	0.0293708256249034
0.15144823932183	0.0285426379557898
-2.57968420714322	0.659073447553718
-1.79840965860499	0.382877827643389
-0.628733247343677	0.151688343674084
-1.79840965860499	0.382877827643389
-2.57669595250488	0.657559862268914
0.155111385030128	0.0290417527313876
0.157370411029726	0.0293708256249034
0.155067569950451	0.0290355764553768
0.804551193439478	0.331168980919484
-0.632424041671007	0.152580102364835
-1.79840965860499	0.382877827643389
-1.11149547732305	0.766751489287297
-0.417764990192744	0.174212377460942
-2.5766529574574	0.657773148602288
-0.351744415353914	0.1010114930848
-0.792961532394216	0.344288490733264
0.132382889280095	0.0439989008298304
-0.544376029490011	0.20475734362525
1.04424975463849	0.495554192271584
0.15963091503218	0.0399802605532864
0.162590253502546	0.0405994312489443
-0.738670030097319	0.252119567169358
1.44839669376933	0.477459847846965
0.661811042100157	0.2078534144171
2.10139563641952	0.924609016057742
-1.29202801510717	0.575756748795778
1.02190239796348	0.380920127363489
-0.741510950758259	0.253188727186893
0.511535984561553	0.180463547184556
2.5422210800607	1.37539333441399
0.425627365203623	0.167916299468516
-1.50794706066394	0.75869717656901
-0.738079783119958	0.251987608125061
0.130626533328143	0.0434288699946859
1.76046014220399	0.964372176205742
-0.354525819937872	0.101778275735803
1.4480329582247	0.477161868008032
-0.628599509856641	0.151612619227975
-1.2941091808211	0.576975974922849
-1.1406575104342	0.344234513147494
-0.540136497897179	0.20308713328324
-0.354815349846941	0.101888689175609
0.155111385030128	0.0290417527313876
-0.628164901903538	0.15157555358925
-1.0419816315643	0.409976007162161
-3.76165974462818	1.48222195957514
-1.86154734207553	1.16981199178563
-0.742101285286405	0.253499136601578
-0.536322009305803	0.201466150653051
0.160813493636874	0.0402291855562724
-0.503531553512582	0.265904018068453
-0.164399596828408	0.0589021623891461
-0.628193473396668	0.301139441269947
0.163058180189565	0.100175835684416
0.536499992778944	0.548372040621949
-0.339219048940744	0.205597895507079
-0.789306862497791	0.342262742988917
0.799239343613409	0.328591622299045
-0.0741007656838568	0.0326446982737396
-0.467678262799489	0.313577228221623
-1.29929877495216	0.579944104762718
0.653826927429073	0.205337088996143
0.693865076239723	0.453600574388827
-0.156429788853147	0.0892913018395835
-0.283173314735615	0.179199292913679
0.311917243850813	0.202563970453509
0.330600017711672	0.183646659088023
-0.0809043351974205	0.0495970567464485
0.881648218382847	0.466747321637601
-0.662154855715363	0.395348293665247
1.02651128578825	0.383050193875148
-0.539089600210505	0.202542124367007
-3.08898467402977	0.950960285645612
-2.57660997484294	0.657538252319339
-1.52468217246603	0.541450953371581
-0.259712145682091	0.131382239188195
-1.03986963329328	0.409012486353307
-0.933458380450123	0.687559839795957
-0.626075023442282	0.151167646950723
0.156304884454214	0.0392194704826931
3.63629792702422	1.42164529184574
0.154465593370314	0.0289479903375428
1.95786695174359	0.441149378722158
-4.22978477325578	1.96790247420793
-1.14088544605048	0.344426431780091
0.660932155782147	0.207694635746326
-0.67346340868403	0.755335090942753
-1.23274573007444	0.936642194673089
0.374077768613044	0.165818583952208
-0.0422077858966108	0.0201364164282556
-0.971755864586087	0.600994030949172
-0.235725494787964	0.0758333105755394
1.95786695174359	0.441149378722158
-1.83637146222996	0.742529051928793
0.140609521820489	0.0413743325045252
0.154465593370314	0.0289479903375428
0.154509067766894	0.0289541162362231
-3.08556356757563	0.949512459473102
1.02567343435987	0.382470463826608
1.46808809762037	1.47194492481123
-2.49245485878935	1.38073510925551
1.02422162940792	0.382079227006262
1.2562500926633	0.680630080040547
0.146332921310034	0.0429416898033695
1.31275235192293	0.563405500186811
-1.11017434983909	0.765593385837461
-2.48734643273085	1.37500772456017
0.343827829244824	0.171574217030059
-0.547287052704382	0.205976261023422
-0.111147961359232	0.0442663386856808
1.07178764628468	0.650684610513286
0.423842957130646	0.167146269891682
0.669975753795622	0.30798845763185
-0.418699120063541	0.174624493913997
-0.07500874924485	0.0330421732017199
0.128992774358963	0.0550059415649745
-0.549864371675293	0.350614804182447
-0.410257069257545	0.234203047521053
-0.167409271163493	0.059935085601386
-0.412193448344764	0.171596426506329
2.10345763612533	0.92603048253316
3.63331351050508	1.42008896661082
-1.83165926032039	0.740451579277532
-0.16719037374262	0.0598638290738506
0.798324210831681	0.328230166540438
-1.04255649350425	0.410401789740815
-0.536322009305803	0.201466150653051
-0.234312185154952	0.0754304879292539
-1.1414839653338	0.344622990730584
-1.52954577316989	0.543451783402332
-1.04326787487181	0.410574945464854
1.31486971476921	0.564331716989034
-1.0392951647518	0.408752694954169
0.132164012775708	0.0439252834614193
0.154509067766894	0.0289541162362231
1.95786695174359	0.441149378722158
0.140948251392809	0.041458274749763
-1.79839614394125	0.382877807711208
0.155067569950451	0.0290355764553768
-2.5766529574574	0.657773148602288
-0.354815349846941	0.101888689175609
-0.628030265547787	0.151499678636842
0.658741078701816	0.207014004441108
0.154509067766894	0.0289541162362231
-4.01160255769466	1.72433692110226
0.160221796316651	0.0401166927693931
1.45174463580423	0.478561109172125
-0.541982138529851	0.203732865607725
0.659032459281836	0.207041754611057
-2.57660997484294	0.657538252319339
-0.283718296902289	0.179567393110028
0.147679086870612	0.0782903739646227
-0.545554476241447	0.205213353825286
-2.5766529574574	0.657773148602288
-3.45945095257726	1.22747869975084
0.950998501270056	0.249196467275389
-0.626075023442282	0.151167646950723
0.152050960400409	0.028630259939513
-0.355104953248248	0.101967480674674
-0.538963433786103	0.202464572078945
-0.355401168227563	0.102014834884787
0.797760401782817	0.327916718359797
-1.79839614394125	0.382877807711208
-1.00109114438115	0.494830108494711
-0.743029498323094	0.253754321369633
-1.83199158756097	0.740532814070127
1.3150863687139	0.564688556451063
-0.231757665117199	0.0746126179668819
-0.628164901903538	0.15157555358925
1.8138222857108	0.70292085392477
-0.541053988501391	0.203408052094411
0.511187733730715	0.180331422147582
-1.04255649350425	0.410401789740815
0.146922191196889	0.0431076767472804
-0.354815349846941	0.101888689175609
1.95786695174359	0.441149378722158
-1.04255649350425	0.410401789740815
-2.08224011884719	0.939282107374303
-0.738079783119958	0.251987608125061
-0.628299579656606	0.151558046801791
-0.539438704416492	0.202662195535841
-1.0419816315643	0.409976007162161
-0.241194698180716	0.0775963201393135
-1.04313192494267	0.410517747694466
-0.539884754000364	0.202777184376746
-0.786846006611806	0.743034422856056
-0.0435641915940222	0.0207733811332674
0.672812797155709	0.309654422171124
0.16841754786781	0.0972145173124808
0.05493714585755	0.0338932632230909
-0.467597769917142	0.313588938596036
-0.354815349846941	0.101888689175609
1.81294103662311	0.70256079058948
-0.241543381848446	0.0777055848228126
0.430695595501213	0.328476685595615
0.374033731308239	0.16601974607059
-0.543818752032067	0.204528065886448
-0.332497049441515	0.153654350305859
0.67176133967809	0.308969462067512
0.443817865274448	0.320748739601769
-0.340727301811273	0.243800035892579
-1.29180126592501	0.575635440327952
-0.465456336558489	0.311971504219434
0.490174538397635	0.309231078877933
-0.78770787325314	0.341306383089413
-0.358557998384515	0.10292132426425
0.156896734628332	0.0393320207188234
-1.0548537725175	0.415969062551682
-0.628599509856641	0.151612619227975
-1.53297073485798	0.544868330378889
0.156070095129669	0.0391676647119387
1.95731570776637	0.441000340195791
2.75520320904554	0.763197913000704
0.653540010885453	0.205185988936824
-2.5766529574574	0.657773148602288
0.154509067766894	0.0289541162362231
-1.04687191417195	0.412486748895758
-0.887713407086234	0.824225383677694
-1.1557235468992	1.01062320321972
-0.329890354053852	0.152471090629613
0.882017285619925	0.46780586793273
1.12301294078007	1.01313704927193
1.44839669376933	0.477459847846965
-1.79840965860499	0.382877827643389
2.75520320904554	0.763197913000704
-2.49912753512028	1.38615189517953
0.156896734628332	0.0393320207188234
2.54144566124961	1.37568799443927
0.160221796316651	0.0401166927693931
1.81323362267005	0.702723165703649
1.06160244193306	0.642529285329515
-0.0831159725743894	0.0365472417995258
-0.359435145573547	0.103170722743079
-0.53874057789979	0.202401825815006
0.948768757521975	0.248549269795159
-0.236642536873473	0.0761450888689269
1.02329749324129	0.381582146499257
-0.416447714183901	0.238252679925732
0.533767648890495	0.308325161127839
-1.51592702222711	0.764714423305997
-0.125786478246688	0.050014728053343
0.464394854768463	0.315673621206257
-2.13719802473537	1.6476711258879
0.162590253502546	0.0405994312489443
-0.631003887082057	0.302869251450465
-1.04056236968378	0.409373067940558
-3.76080338308098	1.48176245886347
-0.804768711689497	0.439592385745162
-1.05213928281849	0.850582881644487
-1.18715053951618	0.662999625947635
-0.557206988563684	0.356379710575636
-0.323166350368557	0.149010924449565
1.74832669817704	1.35183433634611
0.885016438325024	0.469497274711102
-0.418966061803969	0.174657791322159
0.140609521820489	0.0413743325045252
1.81205656672306	0.701877636994275
-0.744181789627878	0.254179651745662
0.132382889280095	0.0439989008298304
-1.14111344283696	0.344497381350969
-0.22065626528587	0.143642200464364
0.379398224596932	0.168491339836282
-0.171546284974738	0.0614263022767799
0.425842843580689	0.168023318876402
1.44253864883488	0.885602859187718
0.50720087150347	0.178829201945322
0.658741078701816	0.207014004441108
-0.628164901903538	0.15157555358925
0.156304884454214	0.0392194704826931
-1.1414839653338	0.344622990730584
-1.52955481711501	0.543641482939636
-1.52955481711501	0.543641482939636
-0.355104953248248	0.101967480674674
-1.80123754984197	0.383647112861273
0.154509067766894	0.0289541162362231
0.154509067766894	0.0289541162362231
0.154509067766894	0.0289541162362231
-3.08203048704882	0.947509650360219
-2.57669595250488	0.657559862268914
0.154465593370314	0.0289479903375428
-0.628164901903538	0.15157555358925
-2.57660997484294	0.657538252319339
-0.738670030097319	0.252119567169358
-1.52556530925699	0.541887546993991
3.26284822825054	1.10169382604423
-3.08203048704882	0.947509650360219
3.26284822825054	1.10169382604423
2.75520320904554	0.763197913000704
-1.29512981359302	0.577531413428973
-0.172669104556229	0.0618131682393964
0.162357836679133	0.0405597098553547
-0.239565596492154	0.0770626405707141
0.152050960400409	0.028630259939513
-0.789949074347787	0.342860425674977
-3.08556356757563	0.949512459473102
-0.54233208208366	0.203886592916296
0.160583229502904	0.0401661733691417
-0.628733247343677	0.151688343674084
0.157325350109871	0.02936446462458
-0.408818837665921	0.170144478211642
-0.116420756707114	0.046298768256123
-0.169320011151056	0.0606649453809961
-0.329267261580061	0.152184360471162
0.160813493636874	0.0402291855562724
1.44780311038183	0.477066495630919
-0.355979365614545	0.102141358762928
-2.08853487094957	0.94349842004388
0.160221796316651	0.0401166927693931
0.154465593370314	0.0289479903375428
3.63629792702422	1.42164529184574
2.75520320904554	0.763197913000704
-1.69271082861525	0.952704551969826
-1.13849635482287	0.34354887893789
0.657866689740957	0.206670742493303
-0.994674646261014	0.490537278296358
1.04690378710311	0.497343192229306
-1.04744397176015	0.412600703300656
-0.622280141343316	0.297793777237155
-0.742101285286405	0.253499136601578
-2.57660997484294	0.657538252319339
-1.04431250676144	0.411172957447673
-0.937760319883267	0.692904207932615
-1.1413415008172	0.344450233445194
-1.18650676324905	0.662687745285691
-0.680143103964418	0.480456959253861
-0.693612036017825	0.554796439297195
-0.807195594765229	0.538474992754209
0.0179600874665991	0.00976816281508705
-1.16012664169161	1.01591907398757
-0.11854795863833	0.0471817731309927
-1.1414839653338	0.344622990730584
-0.35569023027487	0.10209347470967
-0.16719037374262	0.0598638290738506
0.511755072041239	0.180523302881905
0.13041301345043	0.0433517092562305
-0.00560379878460893	0.00289884526307793
0.315237370033331	0.190806509138809
-0.675863090159255	0.476986338251881
-0.692670917982772	0.553767327938997
0.168756797118904	0.103974619126226
-1.49038010839145	1.04489167086826
0.511535984561553	0.180463547184556
3.92389000551089	1.70054361221532
-1.05085567955959	0.414282430800086
-1.79839614394125	0.382877807711208
-0.738079783119958	0.251987608125061
-0.354525819937872	0.101778275735803
-3.76108876538849	1.48211039032061
-0.121730210126732	0.0483931682097506
-1.79840965860499	0.382877827643389
-0.632424041671007	0.152580102364835
-0.628164901903538	0.15157555358925
0.948337549654709	0.248516516252871
1.02422162940792	0.382079227006262
0.155111385030128	0.0290417527313876
-0.737154567775087	0.251538686589487
1.53154611388699	2.29939308287963
-1.1124484584154	0.767263761475804
0.310525843994846	0.201446512060287
0.325421740381781	0.180469114699152
0.693388252842099	0.453782181498319
0.132382889280095	0.0439989008298304
3.92452877652187	1.70087632208659
-1.14111344283696	0.344497381350969
-0.732903532938375	0.249925569855424
1.31183590793173	0.562694726030807
0.511535984561553	0.180463547184556
-0.786629190605387	0.340991155673526
-0.742101285286405	0.253499136601578
0.421828677837084	0.166370084244426
0.14371839260098	0.0422424410228484
0.50776496866365	0.179019570667438
0.802207811651426	0.330062663722945
0.156070095129669	0.0391676647119387
0.507414817168509	0.178846704726786
0.65757421006213	0.206588655278929
-1.00037438735711	0.493892565592627
-4.41639175512262	2.21581279585334
-0.542900106811953	0.204176406519794
0.342907558328519	0.17108452863234
-1.00037438735711	0.493892565592627
1.75969359071924	0.963607828871972
-0.50946464493218	0.269396741706226
-1.14536534536015	0.34589005605433
-0.118660747124919	0.0471953493152873
-1.26020714385244	1.18670315309069
-2.08588206375572	0.941486520759418
-1.48769839688539	1.03985634697011
-0.967696867519134	0.596257528552273
1.88074139388358	2.08373653727707
0.53063512124313	0.306221566362023
-0.412965982284542	0.235929283809284
0.574351328018865	0.45938474044317
0.883261506201147	0.468247227057581
2.01227593937672	1.89572039286586
1.0239728358881	0.381885834911352
1.02592340208434	0.382810966482796
0.131778044475103	0.0496347108537807
0.130229401607723	0.0555523028434548
0.144389940892798	0.0424393237157952
-1.34472018938056	0.844407410280828
-0.78873939795176	0.341991104298643
-0.00917278173157314	0.00466193084833401
-0.355394630173918	0.102015543768339
-0.235725494787964	0.0758333105755394
0.155067569950451	0.0290355764553768
0.155111385030128	0.0290417527313876
1.95731570776637	0.441000340195791
-0.358264019190404	0.102817613458252
-1.04664817491529	0.41219337703347
-0.628733247343677	0.151688343674084
-2.57660997484294	0.657538252319339
-0.538963433786103	0.202464572078945
0.94820175004088	0.248479682375772
0.15963091503218	0.0399802605532864
-1.79839614394125	0.382877807711208
-1.14111344283696	0.344497381350969
-1.79840965860499	0.382877827643389
-1.1414839653338	0.344622990730584
-0.62621301873586	0.15115097520137
0.155067569950451	0.0290355764553768
0.16045117802105	0.0401558290866076
0.948337549654709	0.248516516252871
-0.354815349846941	0.101888689175609
2.75641316563256	0.763778311858285
0.154465593370314	0.0289479903375428
-1.52556530925699	0.541887546993991
-0.358557998384515	0.10292132426425
-0.171762117804328	0.0615057733921786
0.512948788838409	0.180923723722652
0.144054213480702	0.0423469198905259
0.128919301055159	0.0428813133463191
-1.83470480543889	0.742065970342523
0.139774210780199	0.0670732346945976
0.13714885434975	0.0403729153594517
-0.237559934502149	0.0764246711906185
4.16480743748042	1.96391658672842
0.87859329958879	0.46522403526817
-0.240846100521927	0.0774684702165293
-1.05120492037028	0.414443813999069
-0.628164901903538	0.15157555358925
-1.79840965860499	0.382877827643389
0.516065078104504	0.181989514523655
1.55413915094178	0.754287920214899
0.805818467531733	0.331696510115434
0.51408290047205	0.181384498788784
-0.628867026021838	0.151670609188118
-1.04301992355331	0.410276167990221
0.663427748733987	0.208300313291545
-0.358557998384515	0.10292132426425
0.516414683304658	0.182180363838712
0.160813493636874	0.0402291855562724
1.8135291528185	0.702758164322864
-0.354815349846941	0.101888689175609
-1.14193838802885	0.344646219015582
0.947635845528227	0.248244973505163
0.155067569950451	0.0290355764553768
-2.30383287964351	1.15080880271623
-0.999167083585943	0.493010859676662
-0.632424041671007	0.152580102364835
-0.108650260934348	0.0643528391969618
-1.35151975311668	1.12545048307919
-0.794215822472199	0.344737473235044
-0.467587093906074	0.313354840477179
0.166058524808832	0.0957154519536295
-1.18618496921206	0.662452990855805
0.148646531720232	0.0788329657549989
-0.625077533065823	0.299682257141956
0.164607446359813	0.106977451281629
-0.540269772022685	0.203101413077247
0.134796989185734	0.044763826715822
0.132032810243933	0.0438841642048134
-0.255075468198058	0.128780214037053
-0.153429180092979	0.0875049092638506
-0.412927940206854	0.171983979559785
0.154311934860129	0.0289593414864238
-0.628867026021838	0.151670609188118
-0.628867026021838	0.151670609188118
-1.79839614394125	0.382877807711208
-1.79840965860499	0.382877827643389
-1.52468217246603	0.541450953371581
-1.14499995487719	0.345855392571373
2.75520320904554	0.763197913000704
-1.52527766014307	0.541726073904961
-0.241543381848446	0.0777055848228126
-0.273062022253773	0.172102343221935
0.990240025403667	0.811989330018186
0.49816431076067	0.315321316435575
0.162477215220033	0.0998334781493332
0.130839837148547	0.0558138396767043
-0.0778369843795223	0.0342460626890111
0.948337549654709	0.248516516252871
1.44839669376933	0.477459847846965
0.876392990765684	0.463648482641693
-1.04221071709325	0.410198911511082
-0.319951382973952	0.147431646559579
0.377137252638376	0.16753482985518
0.421828677837084	0.166370084244426
0.320880324991585	0.17756020480048
0.590260847861515	0.305105711043137
-0.806301574475639	0.440102374945707
-0.352620864579995	0.101250485836996
1.04746072672504	0.497700711342051
0.514431860453614	0.181517099423547
2.10345763612533	0.92603048253316
0.344814357962911	0.172223529033892
0.51464907727053	0.181544056103037
0.126806512303075	0.0477831384978955
0.726649222789382	0.60525269038737
-0.168318442800183	0.0602514969158982
-0.579563394745883	0.424746042267939
1.25042147238036	0.676388597053865
-0.121999969070935	0.0485029648375706
1.02019987734301	0.380189874951528
-1.82874780946892	0.738800580746292
0.699783196724979	0.45859124837399
-0.933433667624378	0.687600766832686
-0.681254111022891	0.481259752136758
1.06467715805871	0.644478179892282
0.591119881968517	0.30592104552199
-0.810641253892378	0.541533704350043
1.26032318885289	0.683649377912084
-1.00399942765767	0.496751743591319
2.75807933893485	0.764710363024488
-0.244626922047089	0.0786750222770691
0.51408290047205	0.181384498788784
-0.237212899766669	0.0763212805777045
-0.807139166139028	0.538001772268611
-0.327162257518513	0.15107114930378
-1.14583039258107	0.346039770541419
-1.18618496921206	0.662452990855805
-0.242303145848854	0.0779596714788979
-0.083469305589168	0.0366919291793373
-0.167880062254655	0.0601000389710004
-0.23522957281847	0.0756912588669357
-1.14171114622793	0.344693702322242
0.511315925469962	0.180318053690652
-1.79839614394125	0.382877807711208
-1.04221071709325	0.410198911511082
-0.78873939795176	0.341991104298643
-1.1412568453231	0.344431220445032
1.95988292961267	0.441702177751728
0.155067569950451	0.0290355764553768
0.950858461556905	0.2491584305819
0.950858461556905	0.2491584305819
0.156896734628332	0.0393320207188234
-2.57660997484294	0.657538252319339
-1.79840965860499	0.382877827643389
-0.35569023027487	0.10209347470967
1.45114635521655	0.478471348903038
0.155067569950451	0.0290355764553768
0.160221796316651	0.0401166927693931
0.160583229502904	0.0401661733691417
0.140023273435885	0.041219830052157
-0.540836580077605	0.203369627038744
-1.29860074136172	0.5797920330012
-0.628599509856641	0.151612619227975
-0.237907054483207	0.0765120695488488
-1.49365746044456	1.04782438004563
-0.411375975915749	0.234670525260759
-0.62814581842004	0.301371379198213
1.25599478121855	0.680370001576288
-0.628733247343677	0.151688343674084
-0.412860436217696	0.171921381427765
-0.117660477054644	0.0467865531553836
3.26569824690609	1.10327543173781
-0.359141638818634	0.103112871302961
1.80894124091292	0.700425017401662
1.81797148254981	0.704596952092508
-1.83139270651508	0.740181168650308
-0.628733247343677	0.151688343674084
-0.112325206261752	0.0447272182406447
0.342907558328519	0.17108452863234
-0.355401168227563	0.102014834884787
2.09995861282333	0.923872580873855
-0.237212899766669	0.0763212805777045
-0.120813852462324	0.0480500438896859
-0.738414128880846	0.252090639638632
1.31451987093813	0.564351638075811
0.658449623497539	0.206846818911275
-0.789650928512862	0.342421974551524
2.10021124048698	0.924077935460336
3.92389000551089	1.70054361221532
-0.175990907131087	0.0630052614300172
3.26224218729945	1.1009233569627
-0.074691403259768	0.032904439302586
0.160221796316651	0.0401166927693931
-0.939951487688628	0.695271273828718
-0.0793785150692979	0.0593012933486262
-0.262770713302985	0.197424254651603
-0.253277595140944	0.127958648823637
-0.115432391049226	0.045969859575827
-0.236295434458238	0.0760318807121589
-0.271302119021436	0.170796863906166
-1.00488919428814	0.496747626192119
-0.966474022084964	0.595359261324955
-0.665334007891297	0.397951841287221
1.45198001091205	0.478658944297305
0.127866363638053	0.0425460435773885
-0.628030265547787	0.151499678636842
-0.358557998384515	0.10292132426425
4.37438416000052	2.22481496347797
0.146670376003709	0.0430346600388633
-1.79840965860499	0.382877827643389
-0.632563406792844	0.152610991116788
0.566491903327521	0.451718773399899
-0.397208951153496	0.275947708139301
-1.18715053951618	0.662999625947635
0.127740324846529	0.0481396538224244
-1.19173446870104	0.666656259448589
0.134062974599289	0.0643095601542711
-1.1414839653338	0.344622990730584
0.146670376003709	0.0430346600388633
0.132164012775708	0.0439252834614193
-1.1839605359013	0.661105345949097
1.95731570776637	0.441000340195791
0.803055311396109	0.330423388744012
0.670479674423801	0.308592907557702
-1.34764669147499	0.846576745156122
0.376610644407851	0.167113227197513
0.669715508406058	0.307763797286233
0.160221796316651	0.0401166927693931
0.160221796316651	0.0401166927693931
-0.355104953248248	0.101967480674674
-1.29837683044387	0.579387492116583
-0.628867026021838	0.151670609188118
-0.599571931256972	0.490370617710216
1.81545080408239	0.703738180326379
0.425281606664403	0.167780963846818
0.13571412709247	0.0450530753488282
-0.330393358161736	0.152580557331573
0.3762877852277	0.167105860902907
1.04536760236631	0.496267966555643
-0.414916504285137	0.173010164636834
-0.694704413934944	0.555919086567938
0.570322968129199	0.455237247796835
0.125682878474067	0.0474015610954397
-0.252476543309965	0.127445589033375
0.425135724231492	0.32289042300242
-0.580234134222605	0.425438441724878
-0.66728360402327	0.399224247090471
0.128673280033835	0.0484868522338571
-0.172996196356598	0.0619762892653504
0.128782523982544	0.0428430922951178
0.128601831848837	0.0484529754734972
-0.0415341788928077	0.0198257286559348
-0.629763239673253	0.152058330338803
0.16045117802105	0.0401558290866076
0.16045117802105	0.0401558290866076
-0.355112179440658	0.101904546481095
-0.628599509856641	0.151612619227975
-2.5766529574574	0.657773148602288
-3.46345495606107	1.22933734600421
-1.51718135344789	0.765112751840217
-1.04021595924619	0.409215240728406
-2.5766529574574	0.657773148602288
-0.628599509856641	0.151612619227975
-1.14499995487719	0.345855392571373
0.155067569950451	0.0290355764553768
0.154465593370314	0.0289479903375428
2.75580772001712	0.763760469153332
0.157370411029726	0.0293708256249034
-1.79839614394125	0.382877807711208
0.160583229502904	0.0401661733691417
-0.628299579656606	0.151558046801791
0.511187733730715	0.180331422147582
-1.52468217246603	0.541450953371581
0.154509067766894	0.0289541162362231
3.26224218729945	1.1009233569627
0.156896734628332	0.0393320207188234
0.154509067766894	0.0289541162362231
-2.57963910438406	0.659061212358043
-0.329770647368486	0.152300665435464
0.537287065766741	0.310486818755938
-1.15367706291255	0.348522146192243
-0.166323589368164	0.0596172172201267
0.801922158295548	0.329828855715043
0.803985492374408	0.330791149341887
0.773799648871031	0.459313018388843
0.162357836679133	0.0405597098553547
0.162952579336367	0.0406858836130456
-0.238300485260816	0.0767056206772632
-1.04721949984211	0.412618976511128
-0.164744037178764	0.059028259963585
-1.30205730155638	0.581777820807544
-1.14171114622793	0.344693702322242
2.75641316563256	0.763778311858285
-0.789427461577023	0.342278786572665
-0.171762117804328	0.0615057733921786
-1.14171114622793	0.344693702322242
1.76247306121477	0.966423627602267
-1.82841297073294	0.73863065228361
1.55265783773452	0.753699130068357
0.159402290839324	0.0399177124259514
-1.1412568453231	0.344431220445032
-0.628164901903538	0.15157555358925
1.25427252025537	0.678807753709709
-0.359432307228107	0.103134774665835
-0.149564653963599	0.0852347045408415
0.129989608626953	0.0489773561473865
0.658157600688591	0.206837664845118
-0.628243335554657	0.30121752247215
-0.197957959014918	0.107166776471307
-1.43652782133406	1.5367175459703
-4.23741925011089	1.97306282988807
-0.635712548659237	0.153374459528297
-0.358557998384515	0.10292132426425
-3.45945095257726	1.22747869975084
-0.73833632952493	0.25198039611565
-3.08216231491203	0.947551973079846
-3.45922605387697	1.22727228815634
0.658449623497539	0.206846818911275
0.163185820804974	0.0407257646525502
0.162125356869158	0.0404960611383205
-0.473857059044652	0.403790826430079
1.38202516084069	1.06546302107838
0.144976980831471	0.0425943260188831
0.876129967741063	0.463352515238102
-1.73609040471757	1.46976309014604
-0.628030265547787	0.151499678636842
0.160813493636874	0.0402291855562724
-1.52525862148376	0.541687313963439
-0.355104953248248	0.101967480674674
-0.237437039825944	0.0763599123457812
-1.14499995487719	0.345855392571373
0.425281606664403	0.167780963846818
-0.076009631334136	0.0334534231591844
1.44862736407577	0.477555630338169
0.658741078701816	0.207014004441108
-0.353939368265063	0.101586834148653
1.04169780172704	0.494121856474359
1.93980165288237	1.18852060587789
-1.29860074136172	0.5797920330012
0.341375923082367	0.1701522160674
0.138268969280216	0.0664163020380255
1.43691796502797	0.880864882600073
0.0425559195773451	0.0247776541581646
0.169565232718958	0.11049384378595
-0.0731367058478757	0.0322325710166528
3.63865172808213	1.42228041522975
0.155111385030128	0.0290417527313876
-2.5766529574574	0.657773148602288
0.135725292726052	0.0579491154080408
-0.017318814361347	0.0086357698199309
0.908165929757845	0.788024146666074
-0.589935074543304	0.434557099026113
0.532462428279103	0.307065268028187
0.883507158681791	0.46895223143047
0.323398809157708	0.179039787542457
-0.789650928512862	0.342421974551524
-0.418494190903507	0.174652651803506
-2.5766529574574	0.657773148602288
-0.123846347462531	0.0492523596430064
0.51464907727053	0.181544056103037
-3.08216231491203	0.947551973079846
-0.628299579656606	0.151558046801791
-3.76108876538849	1.48211039032061
-1.14559783756009	0.346052129596875
-0.351744415353914	0.1010114930848
-1.79840965860499	0.382877827643389
1.95786695174359	0.441149378722158
0.155067569950451	0.0290355764553768
-0.628164901903538	0.15157555358925
-3.0857009920368	0.949295045119167
0.155111385030128	0.0290417527313876
-3.08189869996978	0.9470994296719
-1.79840965860499	0.382877827643389
0.950287720870208	0.248999740475732
-1.79839614394125	0.382877807711208
-0.738414128880846	0.252090639638632
-1.14111344283696	0.344497381350969
-1.14088544605048	0.344426431780091
-0.360018151462565	0.103295990712749
-0.355394630173918	0.102015543768339
0.155067569950451	0.0290355764553768
-1.79840965860499	0.382877827643389
-2.08853487094957	0.94349842004388
0.151419681592301	0.0802825408713078
-0.340275783532376	0.243460297497279
0.341379155886314	0.170195448745096
0.673223768225707	0.309720010174899
0.70332136607649	0.46169637694099
-0.794868309871216	0.345275049617098
-0.3523322595973	0.101168276473444
3.26345542626113	1.10199860979414
-0.733240683052057	0.250029440271245
-1.83039434521114	0.739673075735054
-3.08216231491203	0.947551973079846
0.380570278636146	0.169088548105439
-0.355104953248248	0.101967480674674
1.81294103662311	0.70256079058948
-1.04232764455762	0.41013375079511
0.660347295989593	0.207462296247491
-1.14088544605048	0.344426431780091
-0.627053120575017	0.300473431997261
-0.414108355891229	0.236671190326578
0.804902320215242	0.331341314716319
0.125682878474067	0.0474015610954397
0.950426851449918	0.249037516760643
0.135643418122619	0.0399857811688552
-0.73833632952493	0.25198039611565
-0.964039423668485	0.594358289979877
-0.676304949908377	0.477126860173655
-0.506789459064379	0.38443525496093
-1.0392951647518	0.408752694954169
-0.737154567775087	0.251538686589487
-0.241194698180716	0.0775963201393135
-0.235404091206056	0.075783701658557
0.146922191196889	0.0431076767472804
-0.788172601637339	0.341595524377101
-0.284908711143587	0.180427102938456
-0.508853261591119	0.269259139793526
-0.500693324987094	0.378649813317136
0.511315925469962	0.180318053690652
-0.354815349846941	0.101888689175609
0.658157600688591	0.206837664845118
-1.1489072506678	0.347059060481392
-3.76137421922742	1.48226291907169
0.146584487246171	0.0430023159110844
-1.52556530925699	0.541887546993991
-0.359435145573547	0.103170722743079
-0.153423416030416	0.0874970431596174
0.136957210683092	0.0657634664186794
-0.079443953533135	0.0349594720381106
0.154465593370314	0.0289479903375428
0.161043695584893	0.0402684742968713
-0.240846100521927	0.0774684702165293
0.802489056255948	0.330144551890374
2.75520320904554	0.763197913000704
-0.237559934502149	0.0764246711906185
-0.322542704196169	0.148672259692575
-0.256895230163255	0.12989407327354
1.25743065096792	0.681471032367679
0.345417426227086	0.172769364558937
0.660640141500972	0.207490447031014
-1.83105982818556	0.740099638711398
0.133879172838789	0.0444578970345513
-2.08495289661111	0.941010945670462
-0.800252591811718	0.618912083507074
0.318111398826101	0.192854574180174
-0.149959399157922	0.085471495001811
1.4427949537857	0.885875946515462
-1.23162039689914	0.934357620305934
0.130061977767633	0.0432396857332205
-1.11020484409917	0.764423749086507
1.31240282325545	0.562988742832529
0.679199107228281	0.313038547221107
-0.0778369843795223	0.0342460626890111
0.68687973184148	0.600769140595454
0.594489306482951	0.307807820515829
-1.69365069043125	0.952980236644444
1.04312921058322	0.494597597231009
-0.677373480615333	0.478433513240969
-0.0419347629377039	0.0199977666130289
0.160221796316651	0.0401166927693931
-1.18368954027495	0.659935496261333
-1.52554695498285	0.541620681553635
-0.0425062147264082	0.020267128019124
0.138692748947246	0.0459791022798751
-0.737411368529038	0.251647475713659
-0.359435145573547	0.103170722743079
-0.358264019190404	0.102817613458252
0.155067569950451	0.0290355764553768
-2.57669595250488	0.657559862268914
1.95786695174359	0.441149378722158
-0.628867026021838	0.151670609188118
-0.628164901903538	0.15157555358925
-1.79840965860499	0.382877827643389
-2.5766529574574	0.657773148602288
0.15144823932183	0.0285426379557898
0.655285284601054	0.205717641865354
0.152050960400409	0.028630259939513
-2.5766529574574	0.657773148602288
-1.79839614394125	0.382877807711208
-1.14284398403614	0.345169869447138
-0.234312185154952	0.0754304879292539
-1.52556530925699	0.541887546993991
-2.57669595250488	0.657559862268914
-0.538518495752287	0.202252156786087
-1.14536534536015	0.34589005605433
-1.04290235412753	0.410559570501728
0.375198911949774	0.166359415199843
1.47614807458743	1.48734521367907
2.24983716865232	1.71650557064444
1.22763223982952	1.0330614111223
0.670145389835663	0.308411472409514
0.127141626540389	0.0479115733238652
-1.14111344283696	0.344497381350969
1.02212623462815	0.380948102315312
-0.236865950236819	0.0762080730306188
-0.632424041671007	0.152580102364835
-0.74269218165825	0.253631177667885
-0.737745529684395	0.251848226779474
-0.355104953248248	0.101967480674674
0.133301116726748	0.0442849463266127
-1.1413415008172	0.344450233445194
1.75987153907137	0.96444920101874
-0.741510950758259	0.253188727186893
-0.737745529684395	0.251848226779474
2.09962019368326	0.923638574732708
0.129007902031019	0.0486060931750835
-3.08216231491203	0.947551973079846
-2.5766529574574	0.657773148602288
0.658741078701816	0.207014004441108
-4.0152478191119	1.72707941673336
-1.04021595924619	0.409215240728406
-0.355394630173918	0.102015543768339
-0.874769644996491	0.883193752707157
-0.197646313721371	0.106918730224957
-0.704594049615088	0.623796323915827
-0.17508657798288	0.0626814147595453
-0.194468842794236	0.105218837180181
-0.556432479380614	0.356031415581787
0.373504015970365	0.165719506035071
0.138127543219772	0.0458068858026646
-0.997239885973177	0.49199767471028
0.653826927429073	0.205337088996143
-0.997113371103229	0.491770286556746
-0.35569023027487	0.10209347470967
-0.354815349846941	0.101888689175609
0.15963091503218	0.0399802605532864
-0.628164901903538	0.15157555358925
-1.52674340008464	0.542380499879977
-0.508195745737283	0.268857646151999
-1.4886198203362	1.04078344693213
0.162590253502546	0.0405994312489443
-0.538391637447097	0.202241097472968
2.10252540036319	0.925396731648863
1.76837218920681	0.970190564497415
0.128409991510058	0.0483828350789698
2.1037096154536	0.926051884063359
1.44899109330448	0.477667123734845
-0.120813852462324	0.0480500438896859
-0.807425157025892	0.538199258306415
1.04390304170334	0.495341115745227
0.511755072041239	0.180523302881905
2.75580772001712	0.763760469153332
-0.535752039699562	0.201197678787455
2.33413825881179	1.14291338616828
0.427726139064257	0.168841338822495
-0.171978560989748	0.0615700655036388
0.943170247972652	0.637517428378794
-0.542769081676375	0.204049428112683
-0.624824451696218	0.299085257385298
0.315237370033331	0.190806509138809
-0.414848866012593	0.172904117262776
1.44665759513172	0.476601664632304
1.81411735765381	0.702765282094499
-0.232326150568762	0.0747848072087388
-1.2948051112795	0.577362423726676
-0.738079783119958	0.251987608125061
-0.58547334912441	0.429970805022719
-0.905068449332512	0.757992301393138
-0.0446312289944776	0.0212686405008099
0.585811213568047	0.302214531395461
0.699495221090948	0.458324940297203
0.952636662872442	0.94175642019405
0.129611115232073	0.0552814638410688
0.855011523964934	0.63133094082941
0.659616568882323	0.207151031447049
-0.415718108031314	0.173116245300649
0.161043695584893	0.0402684742968713
0.428071608230174	0.168976723678548
-0.537241703354832	0.201774932174822
-0.536101171148354	0.201337796547223
-0.505261829382727	0.266676025902672
-0.554691832582504	0.35417728294827
-1.73532464313271	1.47038252827414
-0.113672982500486	0.0452450156337797
-1.83132702405761	0.74028277145384
-2.57660997484294	0.657538252319339
-3.0857009920368	0.949295045119167
-2.09700512397093	0.948128008108556
-0.355401168227563	0.102014834884787
-0.628164901903538	0.15157555358925
1.95731570776637	0.441000340195791
1.95731570776637	0.441000340195791
0.155111385030128	0.0290417527313876
0.154509067766894	0.0289541162362231
-0.628164901903538	0.15157555358925
0.155111385030128	0.0290417527313876
-1.79840965860499	0.382877827643389
-1.79839614394125	0.382877807711208
-0.743935501383091	0.254043261005316
-1.79839614394125	0.382877807711208
3.63800215358027	1.42157836230782
-0.628733247343677	0.151688343674084
3.9232513707374	1.69997531930461
-1.52525862148376	0.541687313963439
-1.52499008340819	0.541418114624462
-1.80123754984197	0.383647112861273
-1.2948051112795	0.577362423726676
-0.339219048940744	0.205597895507079
0.132382889280095	0.0439989008298304
0.141121148783402	0.0677205150148699
-0.238477685762541	0.0766637276789288
0.124751416858666	0.0470574836800859
1.24957292115585	0.675413891825759
-1.14523333483643	0.345843348749308
-0.167754072609883	0.0600616127897958
-0.742101285286405	0.253499136601578
-1.69655742608848	0.955964177103611
0.132513899668301	0.0440249398537092
0.80809182652064	0.332822174466832
-0.165433148159335	0.0592640318232164
0.156304884454214	0.0392194704826931
1.95786695174359	0.441149378722158
0.509703293466095	0.179662001032772
-2.57660997484294	0.657538252319339
-1.52955481711501	0.543641482939636
2.75580772001712	0.763760469153332
0.879560693658437	0.465283433803917
1.04703892798642	0.497162533983788
-1.52585303078124	0.541962051097293
0.510051323737923	0.179850968444512
0.162952579336367	0.0406858836130456
1.81115625615482	0.701436048499222
-1.79840965860499	0.382877827643389
-0.90411376013411	0.757341847059097
-0.255373619934931	0.191219455652348
-0.443976580281533	0.345430086695206
-0.359725191866461	0.103238313016327
-0.35569023027487	0.10209347470967
-0.410995787493564	0.171132757340513
-0.703762417856126	0.623189468382329
-0.547072375141699	0.205896809005572
-0.241194698180716	0.0775963201393135
-0.6242291915052	0.298754858474491
-0.688832319267562	0.54986029168413
-0.465484908246869	0.311660098066759
-0.874958972296284	0.883517174590551
-0.277489051672572	0.175157685430649
0.12747667107683	0.0480354772047687
-0.234438841107355	0.0754307260806296
-1.04255649350425	0.410401789740815
-0.628733247343677	0.151688343674084
0.127329099679244	0.0480229321825531
1.45054889854294	0.478121061898946
-2.57963910438406	0.659061212358043
-0.788962872631865	0.342076545446221
-1.29917429595245	0.579864221629977
-1.04221071709325	0.410198911511082
-1.52556530925699	0.541887546993991
-0.789306862497791	0.342262742988917
-0.117098606871896	0.046609215535939
1.0192751562055	0.379836783778508
-1.04255649350425	0.410401789740815
0.127329099679244	0.0480229321825531
0.77448151215745	0.460015257060709
0.137241747959079	0.0658054864748649
-1.69077305617802	0.95111299336607
3.26284822825054	1.10169382604423
-0.35569023027487	0.10209347470967
0.806595592048773	0.332087792308818
0.127740324846529	0.0481396538224244
0.489892948718675	0.309002361720895
-1.18455679987255	0.661253401831801
-0.799940243063914	0.61864242868551
-0.624787013389174	0.299458156224005
-0.510022837231044	0.38749413976854
-0.0307394371942473	0.01479469868002
0.137211516101373	0.0455091631041957
0.160813493636874	0.0402291855562724
0.145227337337459	0.0426443607563146
-0.241194698180716	0.0775963201393135
-1.1083052810932	0.763115610975735
0.310061804635802	0.187230740220405
-0.41721503730629	0.238541269456171
0.0533489868917572	0.0328855724477029
0.848978573347773	0.624597987438019
-0.0803942791312376	0.0353768877934584
-0.627598197564051	0.300860032383781
1.23575918126675	0.850130887814421
0.162929560806088	0.0938260638035156
-1.18834773043522	0.663456443016774
3.26508709738097	1.10261522135605
-0.732229475897083	0.249585184704911
0.132830269347538	0.0566941160717077
1.25940066717258	0.682987619618916
-0.236295434458238	0.0760318807121589
-1.1406575104342	0.344234513147494
-0.167754072609883	0.0600616127897958
0.159859477622278	0.0400192334307773
-0.632563406792844	0.152610991116788
0.16045117802105	0.0401558290866076
1.81604086904786	0.704001590638153
-1.79840965860499	0.382877827643389
-1.80123754984197	0.383647112861273
0.155111385030128	0.0290417527313876
-1.80123754984197	0.383647112861273
-1.79839614394125	0.382877807711208
1.95786695174359	0.441149378722158
1.95731570776637	0.441000340195791
-0.629763239673253	0.152058330338803
0.154465593370314	0.0289479903375428
3.26284822825054	1.10169382604423
-1.14111344283696	0.344497381350969
0.15144823932183	0.0285426379557898
-1.79840965860499	0.382877827643389
-1.85943368910264	1.16719953676456
1.44899109330448	0.477667123734845
-2.09282342877292	0.94604006879287
0.143137930281083	0.0420234902455121
0.948337549654709	0.248516516252871
-0.632424041671007	0.152580102364835
-1.69374402419029	0.954258264739605
-0.167754072609883	0.0600616127897958
-0.168415949181166	0.0603482965151677
0.155067569950451	0.0290355764553768
-1.18049506055536	0.657564753814063
0.324420076571648	0.179497011757384
0.852169888310789	0.628469958392706
0.984932105856977	0.806098823253828
-0.545263704783689	0.346942963392891
-0.735538279411364	0.250976055861043
0.802489056255948	0.330144551890374
0.424265519863284	0.167436585180397
0.144054213480702	0.0423469198905259
0.425627365203623	0.167916299468516
0.771870295630741	0.45769289495397
-1.0001037668499	0.493752779623566
-0.168098950998947	0.060182556134742
1.02338601426445	0.38161996773056
4.17358260475505	1.96795663586461
0.51663050829484	0.182162712770504
0.144976980831471	0.0425943260188831
-0.122661847663685	0.0487893900785802
-0.738670030097319	0.252119567169358
-0.256308452147283	0.129569719085921
0.948337549654709	0.248516516252871
1.02558467001725	0.382518749728777
-1.30170759528482	0.581419164585357
-0.412261031351047	0.171714138801548
-2.57669595250488	0.657559862268914
-0.550764644937629	0.351326985344562
-0.504959560103313	0.266518345381214
-0.467678262799489	0.313577228221623
-1.06685151526575	1.12837313172253
-0.300499085306477	0.22093101711347
-0.120167455299042	0.0478010740088029
0.948337549654709	0.248516516252871
-0.62732563122962	0.300719543149506
-0.256895230163255	0.12989407327354
-1.10984158995657	0.764484192379418
-0.326850635290987	0.150922823207438
-1.29145315181805	0.575466227441089
-0.441610313877908	0.342876040894589
-0.0794270341666096	0.0486943832928221
-1.83132702405761	0.74028277145384
-0.415116620386652	0.172916119993669
0.144640697621443	0.0425017414545061
0.154465593370314	0.0289479903375428
0.152050960400409	0.028630259939513
-0.628164901903538	0.15157555358925
0.155111385030128	0.0290417527313876
-0.628599509856641	0.151612619227975
-0.938734163201473	0.693750049053803
-0.442061150028586	0.343565613168836
-0.33837380738976	0.20526531652795
-1.86218881611503	1.17049077336732
0.661223086818105	0.207656588437818
0.134796989185734	0.044763826715822
-0.539438704416492	0.202662195535841
0.124751416858666	0.0470574836800859
0.136487292184017	0.0452532952968288
0.151914687487375	0.0805510729299522
0.939310734951195	0.633493679051634
0.947770742439721	0.248281535275256
2.09972141544835	0.923420014426389
1.31423449666468	0.56372177285117
0.658157600688591	0.206837664845118
0.798676159728442	0.328314833787517
-0.966404885429049	0.596313197706014
1.58130110388952	1.71459413658221
-0.3297724371318	0.152247279206787
0.984834146509459	0.806606809567691
-0.506930383370464	0.384777755050138
-0.664690443423093	0.396928636459017
0.143817020419273	0.042209488638599
0.802704240998476	0.33025128123342
0.142892234362748	0.0419793224062305
-1.49695884628183	1.05145536924648
-0.738670030097319	0.252119567169358
-0.661206606736585	0.394622763499144
-0.117580179326867	0.046786458346426
0.127405387111306	0.0480111839782604
0.139774210780199	0.0670732346945976
0.417944151143051	0.1647019663695
0.131892201556397	0.0562860360466152
-0.806924470834439	0.440526610909245
0.0216223347192609	0.0117506310516031
0.426057714386364	0.168088710052056
0.663427748733987	0.208300313291545
0.128075192969757	0.0482635683600574
-0.253642285686054	0.128150004698882
-4.01591566480886	1.72772177589649
-0.352328640216398	0.101201570764145
-0.237212899766669	0.0763212805777045
0.799801873116795	0.328832552504415
-0.240061032815783	0.077222364016591
-0.542900106811953	0.204176406519794
-2.57660997484294	0.657538252319339
0.160221796316651	0.0401166927693931
0.154509067766894	0.0289541162362231
1.95786695174359	0.441149378722158
3.26345542626113	1.10199860979414
-1.79839614394125	0.382877807711208
-1.14111344283696	0.344497381350969
-0.354525819937872	0.101778275735803
3.26284822825054	1.10169382604423
2.75520320904554	0.763197913000704
0.154509067766894	0.0289541162362231
0.155111385030128	0.0290417527313876
0.160221796316651	0.0401166927693931
1.95731570776637	0.441000340195791
0.164866646813102	0.0410606750914948
4.1660832151626	1.96430930605611
-0.628733247343677	0.151688343674084
0.653245802516738	0.205089848433872
1.44839669376933	0.477459847846965
0.159992352718576	0.0400538861334557
-1.79840965860499	0.382877827643389
0.131682648363566	0.0437604593152334
-0.535752039699562	0.201197678787455
-0.167409271163493	0.059935085601386
0.160221796316651	0.0401166927693931
-0.357247952587094	0.102560703144377
-0.538614601651019	0.202264227467562
0.124153707844076	0.0468349501941597
0.135718667286381	0.0651911871818165
-0.16762877187216	0.0599874574926919
-0.150381822941009	0.0856676058836999
0.803620921341924	0.330666152724973
0.514299876023424	0.1813536988113
0.145900922770069	0.0428171507649781
-2.5766529574574	0.657773148602288
0.422386530780278	0.166593415832503
0.428285671446016	0.169094775343879
1.44450447975593	0.475941549703467
0.16045117802105	0.0401558290866076
0.144054213480702	0.0423469198905259
1.44509906384746	0.476148552116978
1.44509906384746	0.476148552116978
1.44862736407577	0.477555630338169
-0.358848207258787	0.103009197892419
-1.14088544605048	0.344426431780091
-1.18364292399837	0.65945698220937
-0.74622166118815	0.254850990416054
-0.35569023027487	0.10209347470967
-1.69341254752899	0.95407039678829
-0.536671114051193	0.201606330220057
-0.806925412876822	0.440463425753647
-0.617597949023167	0.295126537996027
-0.88950924814641	0.826423558803824
0.645304795890525	0.459451362321269
-0.311937619885107	0.2570768334727
-0.975599148773222	0.967428133567527
-0.113913502387804	0.0820822160633308
0.162125356869158	0.0404960611383205
-0.999437341583464	0.493311859213278
-1.2941091808211	0.576975974922849
0.0416451327232716	0.0242494370045986
-0.450556007982084	0.351564158464323
-0.581839874916637	0.426926727039166
-1.04992973579288	0.84851099492792
-1.52217172198706	0.540157381117801
-1.00685489053344	0.498279597615627
-0.628164901903538	0.15157555358925
-0.540486497816113	0.203240784979243
0.139428236135088	0.0409789255672982
-1.79839614394125	0.382877807711208
-0.629906869562113	0.152090136193736
-0.355104953248248	0.101967480674674
-0.323473644280604	0.149131328598253
-0.64798102227373	0.634652862041944
-0.334526886021764	0.238635663060735
0.156304884454214	0.0392194704826931
0.123486051630744	0.0466080705225542
-1.82841297073294	0.73863065228361
0.374667869915192	0.166123158223375
-1.50594114050579	0.757317613930428
-0.32440993230369	0.149592506469743
-0.409922149373193	0.233791493917811
-0.0398906226906693	0.0190588202373056
-2.57660997484294	0.657538252319339
3.26284822825054	1.10169382604423
-0.73833632952493	0.25198039611565
-0.240061032815783	0.077222364016591
-0.234645836427366	0.15374026401768
-0.168788938740215	0.0604027917010433
0.29510030795201	0.213198608380437
0.37156503848093	0.164732367180838
-0.509766296558063	0.269560889619866
-0.343322833654231	0.208668649339961
-1.51318979569184	0.762352086460052
-0.238300485260816	0.0767056206772632
0.427940197825985	0.168935073750412
-0.237212899766669	0.0763212805777045
-0.327279319900177	0.151032199016468
-0.504948583006908	0.266480762452715
-0.124762191385822	0.0496063006189251
-0.11706780556092	0.0465584081549706
-0.464603963699292	0.311204397827188
-0.111796461708403	0.0663014463602526
-0.0827620268813194	0.0363955644283056
0.730698119480477	0.609714551306991
0.145289305990422	0.0770476115543849
0.131682648363566	0.0437604593152334
-1.00984385757767	0.914758169020376
0.497550825538004	0.314800901979366
-0.539089600210505	0.202542124367007
-1.2401801495457	0.945518942424602
0.93708406406614	0.631933257775381
-2.49085408586187	1.37857017789878
0.162719274583833	0.0406219991153643
0.950287720870208	0.248999740475732
-0.806853225210099	0.537773647420436
-0.53807249671511	0.202201826922908
-0.996844113472531	0.49186769829669
-1.79839614394125	0.382877807711208
0.159992352718576	0.0400538861334557
1.44922258720914	0.477763268309402
-2.5766529574574	0.657773148602288
-3.08556356757563	0.949512459473102
-2.57660997484294	0.657538252319339
0.160221796316651	0.0401166927693931
-1.79840965860499	0.382877827643389
1.95731570776637	0.441000340195791
0.152050960400409	0.028630259939513
0.660932155782147	0.207694635746326
2.75580772001712	0.763760469153332
0.154509067766894	0.0289541162362231
-0.629906869562113	0.152090136193736
-0.358557998384515	0.10292132426425
-0.63185471444008	0.152466960619287
-3.45945095257726	1.22747869975084
-1.292724271206	0.576041031122052
-1.52896155531942	0.543366808154917
-1.52527766014307	0.541726073904961
-2.0851928861798	0.941244883307777
0.511187733730715	0.180331422147582
-0.262579428518622	0.132873753459358
-0.681998169118807	0.482702740150505
-1.29318528584883	0.57616602568844
2.75641316563256	0.763778311858285
-0.743029498323094	0.253754321369633
-0.421938432498096	0.176107268065683
-0.0772372347035295	0.0339801222472218
-0.115445012575853	0.0459374479837746
-0.0769267223647628	0.0338534850047221
0.32413212259718	0.179305605170016
0.424373787314051	0.167361463682442
0.121508094503253	0.0458712394859171
0.144976980831471	0.0425943260188831
0.128002629615466	0.0425983067073654
0.155111385030128	0.0290417527313876
-2.30030983594691	1.14754924641394
-1.13872731243543	0.343741383764358
-0.539884754000364	0.202777184376746
0.131814043124596	0.0438161720723548
-0.537241703354832	0.201774932174822
0.510619816865865	0.180113549991954
0.144640697621443	0.0425017414545061
0.88469254678474	0.469318863205873
-0.788395480319902	0.341804995882944
0.654989426637948	0.205620898952272
0.425627365203623	0.167916299468516
-1.29110511870394	0.575249388426856
-0.237212899766669	0.0763212805777045
-0.741848602831151	0.253311922462979
-0.41132889398855	0.171302358575038
-0.590412590595256	0.585599953047453
-0.409415637092455	0.170432459389647
-0.564813410446798	0.517606417376272
0.684744827295062	0.598241477636961
0.290916489221697	0.219750588020191
-0.63132601946024	0.303048347852369
-0.800980639277787	0.348417550389874
-0.935825567185266	0.69071013527195
-0.504709993096705	0.382600940793968
-1.10003581127786	1.31319743551066
-0.628867026021838	0.151670609188118
-0.238433725050041	0.0767157416465737
0.143132619682455	0.0420748163550394
3.26345542626113	1.10199860979414
0.154465593370314	0.0289479903375428
-1.35293991598849	1.1254405550869
-3.08203048704882	0.947509650360219
-0.737824274342293	0.251781339210884
-0.385844521452429	0.370655245706963
-0.512484910576258	0.271316828587775
0.566308096761008	0.451235506813612
0.314574007000261	0.20434746932173
0.128338588542606	0.0483629401375905
-0.412594451513588	0.171856355506214
-1.83631399679176	0.742708043545115
-1.04221071709325	0.410198911511082
-0.038309603680707	0.0183313407359653
-0.171071875093521	0.0612441883153977
0.527706688925614	0.303732141447815
-0.00536588334689979	0.00280388457203627
-0.806301574475639	0.440102374945707
-0.737824274342293	0.251781339210884
-1.14499995487719	0.345855392571373
0.948337549654709	0.248516516252871
-0.234659925712008	0.0755339906287207
-0.538391637447097	0.202241097472968
1.46985254693293	1.47475674304171
-0.0678410965653516	0.0299476507788503
-0.0707389412979856	0.0311913394060182
0.510619816865865	0.180113549991954
0.13789039267969	0.0588444531152765
0.53470856239453	0.308619788234774
-0.236642536873473	0.0761450888689269
0.154465593370314	0.0289479903375428
0.340407135315049	0.170048985804581
-0.664103426510756	0.396526119389941
-0.00532940944746785	0.00276479926071839
-0.0785894385783236	0.0481613248763339
-1.29422913938657	0.576824155878015
-0.121637625546058	0.0484068306648454
-0.788172601637339	0.341595524377101
-0.0771293174447869	0.0339692317993143
-0.146083921058358	0.0831325794731628
0.881323339853085	0.466707870803552
0.511535984561553	0.180463547184556
1.06345038596438	0.643152014152057
1.25460848783248	0.679060492763701
-0.121676375691626	0.0483804301176356
0.279321118114316	0.227551656309426
-0.0110981352155802	0.0056145277539703
-0.121730210126732	0.0483931682097506
0.321759652566532	0.177989303103298
0.1585765235768	0.0911820159076007
1.60644554981157	1.11192508142141
-0.557269149750309	0.356637793554438
1.02338601426445	0.38161996773056
-3.08203048704882	0.947509650360219
-0.628164901903538	0.15157555358925
0.155067569950451	0.0290355764553768
0.130221292046546	0.0555517354093256
-0.417293171759796	0.238675397305982
-1.0419816315643	0.409976007162161
-1.03894877029856	0.40846311461811
-1.52556530925699	0.541887546993991
0.162590253502546	0.0405994312489443
-1.14111344283696	0.344497381350969
1.31565227991103	0.564944763794614
-0.632563406792844	0.152610991116788
0.154509067766894	0.0289541162362231
-1.79840965860499	0.382877827643389
0.657179529610805	0.206320016652676
-1.79840965860499	0.382877827643389
0.160813493636874	0.0402291855562724
0.947635845528227	0.248244973505163
1.8135291528185	0.702758164322864
-1.79839614394125	0.382877807711208
-3.08229418357021	0.947231644170671
-1.14559783756009	0.346052129596875
0.160221796316651	0.0401166927693931
-1.1406575104342	0.344234513147494
-0.539219691548408	0.202623826299243
0.154509067766894	0.0289541162362231
-0.11512189478062	0.0458130318128354
1.04378432587275	0.495692924097087
-1.10859831680392	0.763452867668664
1.95988292961267	0.441702177751728
1.04480901675325	0.495932284777841
-0.0826511678278677	0.0507092069093985
0.346409706658078	0.173128687108114
1.60585728227919	1.11171319621848
-0.0756285973054995	0.0332915322947327
-0.999437341583464	0.493311859213278
0.37719892423885	0.167428598365971
0.429402678919788	0.169523968553339
-3.76165974462818	1.48222195957514
-0.790512071534418	0.343028422954392
-4.01226246083748	1.72475882924761
0.142306377840433	0.0418148962103769
-1.85814888087445	1.1660283918281
-1.13895833229548	0.343813220888229
-0.35569023027487	0.10209347470967
-0.541632277255132	0.203537298477024
-0.162300795954345	0.0581731243217536
-0.53874057789979	0.202401825815006
-0.117688932670079	0.0468486729054095
-0.120813852462324	0.0480500438896859
-1.83099487872884	0.740025429797688
0.135147068183463	0.0448731525122335
0.132899691411348	0.0500449841132133
0.428153640589647	0.1689678534764
2.75807933893485	0.764710363024488
0.503760514975086	0.177440938805015
-0.540486497816113	0.203240784979243
-0.415450817577452	0.173071801779126
-0.239216268709345	0.0769712564401174
-0.539535866518366	0.202616428643095
-0.626680981283384	0.30031180860201
-0.686466215867496	0.486559809157662
-0.412188080795294	0.235522260724987
-0.544168806771776	0.204616248813117
-0.626075023442282	0.151167646950723
-0.628733247343677	0.151688343674084
-2.57660997484294	0.657538252319339
-0.738414128880846	0.252090639638632
3.26284822825054	1.10169382604423
-1.52614082474697	0.541895090059418
0.346234222789294	0.312128361811896
-0.737745529684395	0.251848226779474
0.319679870021377	0.194032884146322
0.373445619140009	0.165721944947213
-1.52527766014307	0.541726073904961
-1.14583039258107	0.346039770541419
-0.121959868123294	0.0485306914005998
-0.539089600210505	0.202542124367007
-0.793650299520997	0.344601205700018
0.156070095129669	0.0391676647119387
1.75470348804114	0.959971912184309
0.658741078701816	0.207014004441108
-0.628733247343677	0.151688343674084
-3.08203048704882	0.947509650360219
-0.252770029823374	0.127614347961034
0.507978169027623	0.178996238801615
-3.76051807227417	1.48103739093911
-0.624552065460917	0.298912713773585
-1.50348041571122	0.755417360566611
-1.10975710038892	0.765907077878943
-0.415763703444604	0.237844647731621
0.154509067766894	0.0289541162362231
-0.233742966580479	0.0752394538943447
-0.627648051161859	0.300886351315126
2.10727533356804	1.44384158474242
-0.168760743646406	0.0604728682433177
0.58337064368769	0.300948307786924
0.660640141500972	0.207490447031014
0.673147662557951	0.30986199776055
0.127740324846529	0.0481396538224244
1.02329749324129	0.381582146499257
1.44839669376933	0.477459847846965
-0.116798931417201	0.0464504059922324
1.75780594186057	0.962186704227779
1.02304894811125	0.381607715308403
-0.993658927435633	0.48979357843458
-0.41358116346959	0.172227997670108
-1.00718752312453	0.498535526397277
0.802489056255948	0.330144551890374
-0.805990438410634	0.439740371093052
0.533407493506938	0.307753866234165
-0.539089600210505	0.202542124367007
0.94820175004088	0.248479682375772
-1.79840965860499	0.382877827643389
-0.628164901903538	0.15157555358925
-1.34734052621801	0.845963566797433
-0.543688234679481	0.204395614503949
-0.411594396506958	0.171389354957964
0.948905461162112	0.248586345985544
-0.352328640216398	0.101201570764145
0.139837292962633	0.0671168666103984
-0.35569023027487	0.10209347470967
-2.09340157284605	0.946438560833984
-0.628030265547787	0.151499678636842
0.131814043124596	0.0438161720723548
-3.08229418357021	0.947231644170671
-2.5766529574574	0.657773148602288
-0.628299579656606	0.151558046801791
0.154509067766894	0.0289541162362231
0.154509067766894	0.0289541162362231
0.154509067766894	0.0289541162362231
-1.80123754984197	0.383647112861273
0.154509067766894	0.0289541162362231
-2.57660997484294	0.657538252319339
1.95731570776637	0.441000340195791
-2.5766529574574	0.657773148602288
0.155111385030128	0.0290417527313876
0.157325350109871	0.02936446462458
-1.79839614394125	0.382877807711208
-1.29929877495216	0.579944104762718
0.16045117802105	0.0401558290866076
-0.238130718624198	0.0765764115230572
-0.236295434458238	0.0760318807121589
1.95731570776637	0.441000340195791
-1.5292536270854	0.543488048058857
-0.237559934502149	0.0764246711906185
-0.796622843370816	0.346185785919449
-0.628030265547787	0.151499678636842
-1.83199158756097	0.740532814070127
-1.29445710557565	0.57719309643802
-3.76108876538849	1.48211039032061
-1.13872731243543	0.343741383764358
-1.79840965860499	0.382877827643389
-0.359141638818634	0.103112871302961
-1.52527766014307	0.541726073904961
-0.739810651859165	0.252595067527066
1.45054889854294	0.478121061898946
2.10114269367742	0.924635433318668
-0.735201728577998	0.25087231236032
3.92389000551089	1.70054361221532
0.159859477622278	0.0400192334307773
-0.236295434458238	0.0760318807121589
0.948768757521975	0.248549269795159
0.948337549654709	0.248516516252871
3.9275816800867	1.70263786398349
-0.233616960664733	0.0751877350099978
0.160813493636874	0.0402291855562724
-0.40761287873714	0.232302723804459
-0.413822687440913	0.236508775210289
-1.15886067768392	1.01400927739533
1.06436231489504	0.644280530255301
-1.29110511870394	0.575249388426856
-3.46655637771013	1.23090093950973
-3.08203048704882	0.947509650360219
-2.5766529574574	0.657773148602288
-0.236865950236819	0.0762080730306188
-0.628867026021838	0.151670609188118
0.13622607304895	0.0401388785529382
1.46259930670403	2.09231180800305
0.132660839006286	0.0566847121262319
-0.162645023142981	0.0582934318085609
-0.538518495752287	0.202252156786087
-0.11706780556092	0.0465584081549706
-2.57660997484294	0.657538252319339
-1.29515319796898	0.577477426894068
-0.354815349846941	0.101888689175609
0.155111385030128	0.0290417527313876
-1.18049506055536	0.657564753814063
0.133301116726748	0.0442849463266127
1.76080743527667	0.965082451079631
-1.3448961810751	0.843277223151557
0.129602692162006	0.0552849677106642
-0.0445285117474655	0.0212234532327812
-0.808710267598271	0.540435253075454
0.325091808035205	0.179929287325781
-0.254011101623841	0.128275715441553
0.142781671032906	0.0685751906927526
2.10636939831221	0.927285990182235
-0.41512204271669	0.237037614309952
0.158561228545617	0.0911058005485285
-0.411662068870429	0.171457253105263
1.89051012318919	1.62633005569878
-0.0411941733559861	0.0196703822720247
-0.114576995120504	0.0456290352460923
-0.667356556389093	0.399206800053001
-0.112374914304491	0.0666186639532753
-0.114576995120504	0.0456290352460923
0.148749011066677	0.0787506070530574
-0.121406733891097	0.0482789131009229
0.669900234787502	0.307847468714531
-0.117391426362144	0.0466831384071538
0.880736150004461	0.466270264133384
-1.14171114622793	0.344693702322242
0.132032810243933	0.0438841642048134
-1.14088544605048	0.344426431780091
-1.51205147000913	0.761649961850138
0.131588254721678	0.0495753524376327
-0.628733247343677	0.151688343674084
-1.00718752312453	0.498535526397277
-1.29837683044387	0.579387492116583
1.80894124091292	0.700425017401662
0.799239343613409	0.328591622299045
0.124224947793226	0.0468546188464198
-1.14974325164212	0.347335128550777
-0.234090861009704	0.0753429614422092
0.12412218193265	0.053024250758687
-1.79839614394125	0.382877807711208
0.15820382838182	0.0396092897578142
0.159402290839324	0.0399177124259514
-1.14523333483643	0.345843348749308
0.160221796316651	0.0401166927693931
-2.57963910438406	0.659061212358043
-1.79839614394125	0.382877807711208
-3.08229418357021	0.947231644170671
-1.79840965860499	0.382877827643389
-1.1414839653338	0.344622990730584
-1.79839614394125	0.382877807711208
1.95731570776637	0.441000340195791
0.154509067766894	0.0289541162362231
-0.628299579656606	0.151558046801791
-1.1413415008172	0.344450233445194
-3.76865619432902	1.48655906351652
-2.5766529574574	0.657773148602288
0.125420086757105	0.0473043623728007
1.45174463580423	0.478561109172125
1.03968123804489	0.492918499809222
1.31161763457028	0.562749823451238
-1.79840965860499	0.382877827643389
0.655285284601054	0.205717641865354
-3.46345495606107	1.22933734600421
0.140131568938287	0.0672610114285674
1.94467851472954	1.19378258497251
-0.737411368529038	0.251647475713659
-1.83571376784154	0.742355297253328
-1.04290235412753	0.410559570501728
0.154465593370314	0.0289479903375428
-1.18368954027495	0.659935496261333
-0.349834437422478	0.100494066761987
0.140609521820489	0.0413743325045252
0.135643418122619	0.0399857811688552
-1.79840965860499	0.382877827643389
-1.79839614394125	0.382877807711208
-0.738002720964575	0.251779850607704
-1.13849635482287	0.34354887893789
-0.351744415353914	0.1010114930848
-0.544168806771776	0.204616248813117
-0.746808236911364	0.255160904419701
0.159402290839324	0.0399177124259514
-0.737824274342293	0.251781339210884
-0.739003822726622	0.252222384495429
1.81323362267005	0.702723165703649
-0.737411368529038	0.251647475713659
-0.537669834399608	0.45117412341344
-0.50593839192899	0.383381663085214
-1.25341413418984	1.17655450983219
0.844302571350287	0.769844346692245
-0.2208814154556	0.16838646301368
-1.84308637967124	1.69563009143342
-1.04056236968378	0.409373067940558
-1.29894971744328	0.579925756370133
-1.79840965860499	0.382877827643389
-0.66720984762383	0.399077078695013
-0.629906869562113	0.152090136193736
-0.810612552252399	0.443084941827577
-0.914638687502485	1.17907810552158
-0.969369801371616	0.59831665495763
-0.584940063719676	0.429443786891248
-1.49563055369937	1.04974143915476
-0.194354096336305	0.105096752367293
-0.788395480319902	0.341804995882944
-0.737824274342293	0.251781339210884
-1.48892144564036	1.0411120755181
0.672477861798184	0.309366605326623
-0.470821852009586	0.316244440785514
0.643132080490658	0.457184031324079
-0.539312347732804	0.202625351504848
-0.418098622830114	0.174378553054991
-0.297159909139794	0.218120159539352
-0.0753188093843308	0.0331712184809263
-0.967078316232722	0.595874688528225
-0.559688691160138	0.358476734844517
-0.411559239911514	0.234866411182336
-0.50949754401803	0.269378877411908
0.132732885510209	0.0441080605497273
0.56426997034083	0.44897739465967
1.77042850823919	2.19042968003211
-0.933306915582393	0.687613001720665
-0.110950469699816	0.0657801003632984
-0.797742955503049	0.616044339260149
0.137691721500501	0.0587693951692618
-0.237212899766669	0.0763212805777045
1.95731570776637	0.441000340195791
0.506985941033904	0.178701728610087
-0.503178354672175	0.265729305654055
-0.040961528846874	0.0195605871572343
1.23278814895811	0.846422938378743
0.350489463810279	0.175347363642087
0.129313692308087	0.0552707048715134
0.526988033731373	0.303339825390078
-0.166558128693856	0.0596342870966476
-2.08460819785075	0.94084287548003
-0.169573605704574	0.0606638826665737
-0.257561173474428	0.130107527208455
-0.738079783119958	0.251987608125061
-0.354815349846941	0.101888689175609
-1.14088544605048	0.344426431780091
-3.46299441124492	1.22953362528533
-0.746468959039539	0.255084183402722
0.154509067766894	0.0289541162362231
-1.14088544605048	0.344426431780091
0.510399267871221	0.17998283956174
-2.57963910438406	0.659061212358043
-2.5766529574574	0.657773148602288
-2.57963910438406	0.659061212358043
-3.08556356757563	0.949512459473102
-3.08203048704882	0.947509650360219
-1.79840965860499	0.382877827643389
0.423842957130646	0.167146269891682
0.127300641662698	0.042364990085096
-0.804621473140211	0.438958467266849
-0.546721476711003	0.205754407122626
0.155067569950451	0.0290355764553768
0.159992352718576	0.0400538861334557
0.126543144272307	0.0540223218243271
-0.419032999305864	0.174774111736774
-1.34520966272569	0.843480796814617
-1.83902639389835	0.744207122858341
-0.25733101627166	0.129973073231367
-1.14088544605048	0.344426431780091
1.95786695174359	0.441149378722158
-1.3503734605696	0.84935907827322
-1.14088544605048	0.344426431780091
-0.737745529684395	0.251848226779474
-1.22443727056427	1.44997732450112
-0.0574118854063394	0.0362313958817225
-0.345031213207173	0.247361163058732
-0.131683184435469	0.106958412790897
-2.0851928861798	0.941244883307777
-0.543818752032067	0.204528065886448
-0.742186336237652	0.253369233953609
-0.167754072609883	0.0600616127897958
-1.35713156775066	1.13224514034737
-0.781168180778111	0.338000743329063
-0.11706780556092	0.0465584081549706
-0.328333524168311	0.151722211641642
-1.18461053520667	0.660225237113445
-0.542900106811953	0.204176406519794
0.466327275527258	0.317395666998858
-0.412520252220201	0.23543955495804
0.590990832455095	0.305632632862991
0.318520274682913	0.193159704216647
1.64917602985574	1.55230835147293
-1.18327201916528	0.659920096209644
-0.413314751325113	0.172084386698698
-0.118983486353082	0.0473258989547853
-0.237212899766669	0.0763212805777045
-1.29733006650978	0.578803317170819
-1.3470251795022	0.845925924094245
0.341768759934436	0.170660839612809
0.128601831848837	0.0484529754734972
-0.321927870259619	0.148367885197031
0.31453854220287	0.190067569550433
0.495727317334291	0.313838987939047
-0.116744249017674	0.0464304413870714
-1.13872731243543	0.343741383764358
-0.62666291079302	0.299847345184566
0.140609521820489	0.0413743325045252
-0.968315457767496	0.596426386033223
-2.5766529574574	0.657773148602288
-0.354519585455166	0.101776151388844
0.132818306992871	0.0441045823654671
-0.415450817577452	0.173071801779126
-0.628867026021838	0.151670609188118
-0.628733247343677	0.151688343674084
-0.355979365614545	0.102141358762928
-0.740486905445706	0.252775901531668
0.154509067766894	0.0289541162362231
-3.08216231491203	0.947551973079846
-1.79840965860499	0.382877827643389
-1.79840965860499	0.382877827643389
0.137681633709801	0.0661180660751059
-1.04687191417195	0.412486748895758
0.341680355566241	0.170295616939763
-2.0842635823597	0.940591792243383
-0.999167083585943	0.493010859676662
-0.237783836658627	0.0764730781037413
-0.507501723127073	0.267880999817563
-0.319333560281273	0.147102091097629
-0.738079783119958	0.251987608125061
-1.18309149572464	0.65955331260621
0.132660839006286	0.0566847121262319
0.660347295989593	0.207462296247491
0.154311934860129	0.0289593414864238
0.798324210831681	0.328230166540438
-2.49912753512028	1.38615189517953
-1.29376133697956	0.576703831793288
-1.04687191417195	0.412486748895758
-3.76108876538849	1.48211039032061
-0.34031976624892	0.206303319904068
-0.392519991580671	0.272229723632645
-0.244836893888305	0.206839860487729
-0.795734920683934	0.755483041014135
-0.632563406792844	0.152610991116788
-0.354525819937872	0.101778275735803
-0.50956381784046	0.473274612751923
-0.344180729243434	0.246598967238675
-0.33702023978	0.204191853414514
0.131850096082115	0.0496765164754003
-0.354229439997714	0.101697261087168
-0.505891332473846	0.267308357738932
-0.342444694270015	0.245296695258672
0.147959310696477	0.0784497249789993
-1.70400373591685	0.962254868652738
-0.198384501895991	0.107411682287298
-1.48956703100536	1.04300128578836
0.584264578856795	0.301155138737163
0.136946792119869	0.065657089482379
-0.418091104471186	0.239248925062763
-0.422205087720155	0.176112004583198
-0.410701532633711	0.234270220263988
0.132517639884099	0.0565624888818483
-0.325460428922752	0.150061790536247
-1.04162398220417	0.409776469371892
0.16395697279023	0.100836404065613
0.149092010866615	0.0789825000742202
-0.325608383044716	0.150330941023521
-0.662447883420961	0.395560560190393
-2.57669595250488	0.657559862268914
-2.57660997484294	0.657538252319339
-0.536194714717416	0.201274413521666
-0.736819853337875	0.251337978101795
-0.356952421866901	0.102502236157484
0.127476057735319	0.0544213820391125
-0.359141638818634	0.103112871302961
-0.628867026021838	0.151670609188118
0.510967914253512	0.180245566763838
-3.08203048704882	0.947509650360219
-0.539089600210505	0.202542124367007
-2.57660997484294	0.657538252319339
0.157370411029726	0.0293708256249034
-3.08216231491203	0.947551973079846
-3.46322465260564	1.22963503158779
-1.80123754984197	0.383647112861273
-1.79839614394125	0.382877807711208
-0.53874057789979	0.202401825815006
-0.327640346733062	0.151099191040249
-0.117660477054644	0.0467865531553836
-0.118279623925954	0.0470790840172665
-0.240976410898063	0.0775300306973211
-0.735201728577998	0.25087231236032
1.60675908894592	1.11280420755579
1.43775769668865	0.881862746132144
0.425842843580689	0.168023318876402
0.495907160445438	0.313558152843
-0.505831931847643	0.267440850053244
-0.356656967234746	0.102398272590581
-0.358848207258787	0.103009197892419
0.14380305748793	0.042271222114559
1.95731570776637	0.441000340195791
2.75641316563256	0.763778311858285
0.13492932969269	0.0447816956397829
-0.354519585455166	0.101776151388844
-0.550799406273425	0.207416002259121
-0.543250105928331	0.204305308908878
-1.83165926032039	0.740451579277532
-0.12075997380286	0.0480297290129821
-0.794307979532201	0.345108712645955
-0.793085451058619	0.344330406086191
-1.14559783756009	0.346052129596875
-0.73833632952493	0.25198039611565
-0.800290777732036	0.347987961490809
-0.628733247343677	0.151688343674084
-1.04744397176015	0.412600703300656
-0.189130054436337	0.127053046300527
-0.169320011151056	0.0606649453809961
-0.606553901353503	0.498107695469652
-0.15454717072722	0.0881454981302422
-0.0684852190191009	0.0302203891392597
-0.737745529684395	0.251848226779474
-0.419634107069603	0.174973866431689
-1.18650676324905	0.662687745285691
0.425497080140127	0.167863861612803
0.420151022258527	0.16557864218888
-0.174528449602399	0.062484581564294
-0.242459551461214	0.077947382082456
0.17203073602608	0.112171848855839
-0.415763703444604	0.237844647731621
-0.250832817378366	0.126558034419456
-0.0448155417660347	0.0213559908386472
-0.630730827830367	0.302716568383239
-0.624552065460917	0.298912713773585
-0.0774310000255217	0.0341007322353275
0.160813493636874	0.0402291855562724
-1.83099487872884	0.740025429797688
-0.414515563910564	0.172670310722692
-0.114531033021198	0.0455888758023028
-0.355979365614545	0.102141358762928
-0.354229439997714	0.101697261087168
-1.0419816315643	0.409976007162161
-1.14559783756009	0.346052129596875
-1.79840965860499	0.382877827643389
-1.79840965860499	0.382877827643389
-2.5766529574574	0.657773148602288
0.154509067766894	0.0289541162362231
0.155067569950451	0.0290355764553768
0.161043695584893	0.0402684742968713
-1.79839614394125	0.382877807711208
-1.79840965860499	0.382877827643389
-1.79839614394125	0.382877807711208
-1.79839614394125	0.382877807711208
-0.62621301873586	0.15115097520137
-2.57963910438406	0.659061212358043
2.10193245054258	0.924755435038698
-1.04221071709325	0.410198911511082
0.144640697621443	0.0425017414545061
0.146670376003709	0.0430346600388633
-2.5766529574574	0.657773148602288
-0.539312347732804	0.202625351504848
-0.116744249017674	0.0464304413870714
0.145227337337459	0.0426443607563146
-0.414835373975387	0.236864764504818
-0.739810651859165	0.252595067527066
-0.786629190605387	0.340991155673526
-1.0372976266012	0.407692874436092
3.26345542626113	1.10199860979414
2.75807933893485	0.764710363024488
1.81205656672306	0.701877636994275
0.950858461556905	0.2491584305819
-0.738002720964575	0.251779850607704
-0.738079783119958	0.251987608125061
0.591111015332106	0.305966030367016
-0.354815349846941	0.101888689175609
0.15963091503218	0.0399802605532864
0.156896734628332	0.0393320207188234
0.162952579336367	0.0406858836130456
-1.04021595924619	0.409215240728406
-1.52556530925699	0.541887546993991
-0.628867026021838	0.151670609188118
-0.739003822726622	0.252222384495429
-1.14171114622793	0.344693702322242
-0.35262379016767	0.101278913820777
0.145227337337459	0.0426443607563146
1.95731570776637	0.441000340195791
0.805116244112889	0.331471066458395
-1.29917429595245	0.579864221629977
-0.359725191866461	0.103238313016327
-0.355401168227563	0.102014834884787
-0.237783836658627	0.0764730781037413
-0.554256185293774	0.353641964673559
-0.199903723449664	0.10833542853593
-1.4860629660448	1.03880779381282
-0.415020469546975	0.236914297446959
-0.686687486960054	0.486686375342071
-1.34458487539477	0.843010836745783
-0.042599635214127	0.0203208339641058
-0.507491220228881	0.267928943933496
-0.411845242740921	0.235038590760019
-0.0131066156530202	0.00658379720075244
-0.621364549348226	0.297314514339653
-0.537590863359465	0.201894959579
-0.629484725404603	0.301722302378485
-0.806924470834439	0.440526610909245
-0.630730827830367	0.302716568383239
-2.5766529574574	0.657773148602288
-0.628867026021838	0.151670609188118
-1.79839614394125	0.382877807711208
-0.174873812827118	0.0626196616668006
-2.57660997484294	0.657538252319339
-1.79840965860499	0.382877827643389
-3.08216231491203	0.947551973079846
-0.354815349846941	0.101888689175609
0.154509067766894	0.0289541162362231
-0.63185471444008	0.152466960619287
0.157325350109871	0.02936446462458
-0.358557998384515	0.10292132426425
0.15547989361324	0.039031965106125
1.75755340836647	1.36360221275245
-0.538391637447097	0.202241097472968
-1.05177357284393	0.414555736325111
0.132032810243933	0.0438841642048134
0.315342764269987	0.190646255813695
-1.19018461257151	0.665625499116834
0.331516682484581	0.184064254084493
-0.079443953533135	0.0349594720381106
0.132732885510209	0.0441080605497273
3.26224218729945	1.1009233569627
0.145900922770069	0.0428171507649781
1.81264504950119	0.702404900566408
0.157325350109871	0.02936446462458
1.95786695174359	0.441149378722158
0.877568166251878	0.464557348802083
0.943937640725668	0.24736392993685
0.428285671446016	0.169094775343879
-3.08189869996978	0.9470994296719
-1.29445710557565	0.57719309643802
-0.234534484549801	0.0754746413023498
-0.536101171148354	0.201337796547223
-0.626066589995686	0.299656017411652
-0.355104953248248	0.101967480674674
-0.236642536873473	0.0761450888689269
-0.412594451513588	0.171856355506214
0.147259813410519	0.0432007445014279
3.92452877652187	1.70087632208659
1.25684059841494	0.681084009430529
1.31486971476921	0.564331716989034
-3.45967591146264	1.22746502283364
-0.539089600210505	0.202542124367007
0.511884149147493	0.180536056250855
-1.83165926032039	0.740451579277532
-1.69694783625764	0.956763598468156
0.0197230146071845	0.0106858653314715
-0.23621030560993	0.154900507264912
-0.62574329550905	0.299522773517337
-0.237907054483207	0.0765120695488488
-1.69237831617164	0.952348956265162
-0.697765978443589	0.559542429579855
-0.665041322947784	0.397726262402903
-0.258912530592381	0.130926124200128
-0.236989724567202	0.0762485047293907
-1.00836013585893	0.913146941902197
-0.345539420430897	0.210133844737215
-0.416642413715073	0.23810157908976
-0.741763882242001	0.253307934106881
-0.343604996602671	0.246242538920793
-0.236642536873473	0.0761450888689269
0.673406299089429	0.309995735525838
-1.29433801976141	0.576778854624373
-0.628733247343677	0.151688343674084
0.155111385030128	0.0290417527313876
-1.14111344283696	0.344497381350969
-2.57963910438406	0.659061212358043
-0.741848602831151	0.253311922462979
-1.79840965860499	0.382877827643389
-1.14583039258107	0.346039770541419
-0.414248785891065	0.172553623155678
-1.14523333483643	0.345843348749308
-1.1447666380351	0.34569313996721
-1.79839614394125	0.382877807711208
-1.79839614394125	0.382877807711208
-1.79839614394125	0.382877807711208
-1.14583039258107	0.346039770541419
-0.241543381848446	0.0777055848228126
-0.628164901903538	0.15157555358925
0.156070095129669	0.0391676647119387
0.155067569950451	0.0290355764553768
1.44725524543057	0.476951096350534
0.155067569950451	0.0290355764553768
-0.535624045456398	0.201105802702872
-0.585751435589469	0.430432872396092
-1.14111344283696	0.344497381350969
0.37843365344838	0.167968121789855
0.135285377357963	0.064820777691936
0.133439405231815	0.0569598455584698
0.119234866435107	0.0509266580401538
0.673147662557951	0.30986199776055
0.425281606664403	0.167780963846818
0.801354619883508	0.329441219362467
1.02455981174032	0.382091874796033
1.81294103662311	0.70256079058948
0.128353498749062	0.0427000802237377
0.123890289984819	0.0467338918733295
1.30842279896953	0.560888896280948
0.154465593370314	0.0289479903375428
0.143132619682455	0.0420748163550394
0.132513899668301	0.0440249398537092
0.370410638984442	0.16424825560329
-1.29825184667106	0.579597355540298
0.130202411100855	0.049034110770778
-0.792961532394216	0.344288490733264
0.143467885183021	0.0421790290070851
-0.354815349846941	0.101888689175609
1.02307077686635	0.381288755362876
0.130920287619515	0.0493322328761646
-0.237437039825944	0.0763599123457812
0.674075603168132	0.310361240164618
-1.04630043534404	0.412061137796638
-0.237783836658627	0.0764730781037413
-0.236865950236819	0.0762080730306188
-1.04163570285521	0.409773247801858
-0.628164901903538	0.15157555358925
0.42674901755277	0.168383534172577
-1.50851907905198	0.758722846640584
-1.56008085370451	1.51501660277931
-0.0100747425969047	0.00508368679128032
1.43232562132151	0.876083329754825
-0.735201728577998	0.25087231236032
-0.234659925712008	0.0755339906287207
-0.902343602732322	0.754828648802467
-0.117634611193586	0.0468309314969464
-0.122984359346539	0.0489187523079828
-0.354815349846941	0.101888689175609
-0.628733247343677	0.151688343674084
-0.3523322595973	0.101168276473444
2.75868832531345	0.765017792149168
-4.41251289620386	2.21093096236563
-1.14111344283696	0.344497381350969
-1.00235050008212	0.495230938565041
-2.492223966474	1.37994790676841
-0.738079783119958	0.251987608125061
-1.79840965860499	0.382877827643389
-0.628030265547787	0.151499678636842
0.152050960400409	0.028630259939513
0.657283842665822	0.20642210460759
-0.632424041671007	0.152580102364835
0.163185820804974	0.0407257646525502
-1.52246182960607	0.540465661800635
-1.1414839653338	0.344622990730584
-1.04664817491529	0.41219337703347
-0.628164901903538	0.15157555358925
0.656596864428374	0.206190386440451
-2.5766529574574	0.657773148602288
-1.29237610264655	0.575925969894521
-1.00395217666584	0.496433034650267
-1.05182303988623	0.414453734456784
-0.236642536873473	0.0761450888689269
0.135983782260437	0.0400782901589669
-1.14171114622793	0.344693702322242
-0.355394630173918	0.102015543768339
0.808794271319844	0.33304767361123
0.134796989185734	0.044763826715822
0.94820175004088	0.248479682375772
-1.0419816315643	0.409976007162161
0.132164012775708	0.0439252834614193
1.54828773160562	0.75077259968661
2.75641316563256	0.763778311858285
1.0239728358881	0.381885834911352
0.658741078701816	0.207014004441108
0.160583229502904	0.0401661733691417
1.02363521199244	0.381873400117373
-1.50863317586361	0.759208525222823
-0.354525819937872	0.101778275735803
0.50755078071475	0.178917899343599
0.156661115950913	0.0392800358899383
-1.14088544605048	0.344426431780091
1.81797148254981	0.704596952092508
2.75580772001712	0.763760469153332
-0.738414128880846	0.252090639638632
1.44839669376933	0.477459847846965
-0.354815349846941	0.101888689175609
0.132751220081513	0.0636461123174144
-1.52468217246603	0.541450953371581
0.132732885510209	0.0441080605497273
-1.83199158756097	0.740532814070127
-0.238477685762541	0.0766637276789288
0.126850400325993	0.0541601948700295
-0.664759398195816	0.397041525477938
-1.23607937267556	0.938866342068943
-0.114798840995251	0.0456854313144561
-0.999500154963618	0.493213675971716
-0.242110936050434	0.0778562762427623
0.132202352340759	0.0565077462372032
-0.23808408660897	0.0766242401144763
-0.795207122456656	0.614076849032385
0.512103476504473	0.180655514559587
-1.53013794503811	0.543725951296145
-0.231757665117199	0.0746126179668819
-0.256906863070567	0.129765301715378
-0.631994988626399	0.152498044571477
3.63395648950567	1.42026036401428
0.798112323859371	0.328001407916524
-0.628733247343677	0.151688343674084
-1.14499995487719	0.345855392571373
-1.14111344283696	0.344497381350969
-2.57660997484294	0.657538252319339
-1.79840965860499	0.382877827643389
-1.79840965860499	0.382877827643389
-3.08203048704882	0.947509650360219
-1.79839614394125	0.382877807711208
-1.79839614394125	0.382877807711208
0.156304884454214	0.0392194704826931
-0.742186336237652	0.253369233953609
0.660347295989593	0.207462296247491
0.13571412709247	0.0450530753488282
-0.538169446885037	0.20211193569765
0.154509067766894	0.0289541162362231
0.947635845528227	0.248244973505163
-2.57660997484294	0.657538252319339
-3.08189869996978	0.9470994296719
-0.628867026021838	0.151670609188118
0.15963091503218	0.0399802605532864
0.51386494250992	0.181311218287051
-0.543818752032067	0.204528065886448
-1.04244076044317	0.410025002253574
0.127740324846529	0.0481396538224244
-1.18554156921173	0.661825405236208
0.164866646813102	0.0410606750914948
-0.533334187894437	0.200214621288514
-2.30418064567315	1.15110792862376
-0.169535026305362	0.0607169294511869
-0.114208159166471	0.0454613905002761
0.160221796316651	0.0401166927693931
-3.76108876538849	1.48211039032061
0.135930401959736	0.045112999214881
0.159859477622278	0.0400192334307773
1.0466925841433	0.497144343266033
0.948337549654709	0.248516516252871
1.44839669376933	0.477459847846965
1.94388293117648	1.19389586255578
0.155067569950451	0.0290355764553768
-0.73833632952493	0.25198039611565
0.947635845528227	0.248244973505163
-0.73833632952493	0.25198039611565
-1.69722223237915	0.956557235506187
-0.23522957281847	0.0756912588669357
0.801855724958264	0.329978129287869
0.14556417703739	0.0427370982099398
0.510619816865865	0.180113549991954
0.14380305748793	0.042271222114559
1.81235300959058	0.702242876396542
1.45355066214954	0.47909620382923
-1.83105982818556	0.740099638711398
-2.57660997484294	0.657538252319339
-0.74243876954869	0.25362235352836
1.81176507224111	0.701716027060748
0.159992352718576	0.0400538861334557
-1.52554695498285	0.541620681553635
-0.172323794216928	0.061695096887414
-0.54070401543365	0.203254410003037
-1.52644938828825	0.542097216238236
-1.29422913938657	0.576824155878015
-0.790219131055702	0.342560224844598
-1.15486275094266	1.00863307510184
0.327911241340364	0.181941320614242
-0.796967464341819	0.346381482438295
-0.256023718353225	0.129302917301584
0.0185138957787269	0.0100675359772266
0.779030639142125	0.61395932254799
0.16045117802105	0.0401558290866076
-0.934080579366437	0.689564279692562
-0.666202315763534	0.39875984805692
-0.788051638764763	0.341587882696307
-0.339622121331047	0.242918246520669
-0.168663393721381	0.0603724956040683
-0.544025640900278	0.204660696542805
-1.52275201069355	0.540627902821117
0.155067569950451	0.0290355764553768
0.658448437247608	0.206865271021461
0.143467885183021	0.0421790290070851
-0.167754072609883	0.0600616127897958
-2.08484842220823	0.940993818731239
-3.08229418357021	0.947231644170671
-1.79839614394125	0.382877807711208
0.154465593370314	0.0289479903375428
-2.5766529574574	0.657773148602288
-1.79840965860499	0.382877827643389
-1.79840965860499	0.382877827643389
0.157370411029726	0.0293708256249034
-1.79840965860499	0.382877827643389
0.162125356869158	0.0404960611383205
-3.08216231491203	0.947551973079846
-1.52497036065527	0.541612586959632
0.94820175004088	0.248479682375772
-1.14193838802885	0.344646219015582
0.133879172838789	0.0444578970345513
-0.357247952587094	0.102560703144377
-0.241762406615348	0.0777470617850766
0.159992352718576	0.0400538861334557
-1.79840965860499	0.382877827643389
0.154509067766894	0.0289541162362231
0.144054213480702	0.0423469198905259
-0.737489374761453	0.251678150254292
0.126230099066501	0.0538891423818029
-1.04255649350425	0.410401789740815
0.134663561206417	0.0447043906173227
-0.666990457633463	0.3989981189067
-0.682689457807844	0.483308871992191
-0.00807663931569891	0.00411884117671122
-0.252996368538472	0.127713373517329
-0.974072969082324	0.602572853834142
-0.993658927435633	0.48979357843458
-1.18086366894859	0.658180766835232
-1.04255649350425	0.410401789740815
-0.241194698180716	0.0775963201393135
0.128338588542606	0.0483629401375905
-1.1447666380351	0.34569313996721
-0.739003822726622	0.252222384495429
0.510619816865865	0.180113549991954
0.155067569950451	0.0290355764553768
-1.79840965860499	0.382877827643389
1.55152601933111	0.752759870414717
-0.539661343528338	0.202765677037844
0.657866689740957	0.206670742493303
0.162952579336367	0.0406858836130456
0.94820175004088	0.248479682375772
-0.628299579656606	0.151558046801791
-0.165868726206903	0.059398359502228
0.124488256386008	0.0469611145656188
0.146670376003709	0.0430346600388633
0.130763965881961	0.0434534922717181
0.133528954864751	0.044333899674477
0.947635845528227	0.248244973505163
-0.538169446885037	0.20211193569765
2.54614231756351	1.37953151874953
-3.76080338308098	1.48176245886347
-1.79839614394125	0.382877807711208
-0.415450817577452	0.173071801779126
-0.236295434458238	0.0760318807121589
-0.417498560054849	0.174105987349017
1.02329749324129	0.381582146499257
2.09962019368326	0.923638574732708
-0.506794097572438	0.267917146892905
-0.537020300726747	0.201726380349835
-0.737824274342293	0.251781339210884
-1.51227685112488	0.76213256545427
-1.14193838802885	0.344646219015582
-1.14559783756009	0.346052129596875
-1.06372382971299	1.12410988513585
0.345762955214128	0.172762610176751
-0.504241887931703	0.382014823828442
-0.469759519331607	0.315252255907171
-0.737745529684395	0.251848226779474
0.156304884454214	0.0392194704826931
-0.415641850717932	0.237478432151293
0.149801165834309	0.0438547660273388
-0.231757665117199	0.0746126179668819
-1.7382247169536	1.47345765767416
-0.411927679691464	0.171559111174735
-1.50954858063363	0.759406995999744
-0.667236342844292	0.399443129893276
0.148186394591661	0.0434281534721658
-0.168788938740215	0.0604027917010433
-0.328956381540422	0.152030278790754
0.802353086825023	0.329964914866132
-0.625937070321993	0.151091209012893
-2.57669595250488	0.657559862268914
-3.45945095257726	1.22747869975084
-1.79839614394125	0.382877807711208
-1.79840965860499	0.382877827643389
0.154465593370314	0.0289479903375428
-0.636281951781153	0.153487716090317
-3.45945095257726	1.22747869975084
0.161187797961992	0.0402267591628498
1.45078261646269	0.478218161496633
1.02533495299364	0.382457756692076
0.154465593370314	0.0289479903375428
0.162357836679133	0.0405597098553547
-1.14284398403614	0.345169869447138
2.76097686654259	0.765783986906631
1.95786695174359	0.441149378722158
0.135013832711232	0.0448286361779132
3.26569824690609	1.10327543173781
3.26345542626113	1.10199860979414
1.81574571371452	0.703837629137609
-0.260520938008424	0.131727063094562
0.130848367555103	0.0492864903447113
-0.416119418774553	0.17334263980881
-0.736819853337875	0.251337978101795
0.13041301345043	0.0433517092562305
-0.236642536873473	0.0761450888689269
-0.202592413509052	0.109811576180562
-0.411662068870429	0.171457253105263
0.510619816865865	0.180113549991954
-0.328835844174034	0.151854178815226
-0.359141638818634	0.103112871302961
0.15963091503218	0.0399802605532864
0.51386494250992	0.181311218287051
0.147007749076803	0.0431148554966707
-0.418766093941213	0.174660992041724
0.585195102475556	0.30181034100534
0.417251270551917	0.164411014904255
0.147259813410519	0.0432007445014279
0.659032459281836	0.207041754611057
0.423708721184005	0.16718499503533
-1.52497036065527	0.541612586959632
1.02279934713965	0.381250494154782
-1.83496954182052	0.74201254055013
0.802489056255948	0.330144551890374
-0.737824274342293	0.251781339210884
3.63331351050508	1.42008896661082
-0.352328640216398	0.101201570764145
0.947635845528227	0.248244973505163
0.140948251392809	0.041458274749763
0.134096582628132	0.0445246807155045
2.34336570879691	1.1493067363545
0.140609521820489	0.0413743325045252
-0.169008421659159	0.0604879259203808
-1.04290235412753	0.410559570501728
-0.737824274342293	0.251781339210884
-1.00042671384016	0.494424006740095
-1.2941091808211	0.576975974922849
0.424054549100668	0.167331926668015
-1.79839614394125	0.382877807711208
-3.4599009305559	1.22709220959572
-1.07279831810967	1.36192854574291
0.404889349367579	0.320849287428552
-0.555270271834524	0.35484158367503
-0.502877660220989	0.265574804777856
-0.258842687878428	0.130906892371963
-0.172886148273605	0.0618700874958794
-0.628193473396668	0.301139441269947
0.163712979743156	0.0942849860323936
-0.669770790119281	0.401171396132979
-0.325147943448607	0.149885751509845
-0.631994988626399	0.152498044571477
-0.626075023442282	0.151167646950723
-0.55735682932539	0.356458007960817
-0.354815349846941	0.101888689175609
1.76380162310955	0.967438028830762
0.370917140498964	0.164420189737692
0.940017374968878	0.633903742008756
-0.355394630173918	0.102015543768339
0.660347295989593	0.207462296247491
0.510619816865865	0.180113549991954
-0.788618958882262	0.341859317766317
-2.5766529574574	0.657773148602288
-1.79839614394125	0.382877807711208
-2.5766529574574	0.657773148602288
1.0192751562055	0.379836783778508
0.658741078701816	0.207014004441108
-0.737489374761453	0.251678150254292
-1.83105982818556	0.740099638711398
0.160583229502904	0.0401661733691417
1.95786695174359	0.441149378722158
-1.14088544605048	0.344426431780091
0.658741078701816	0.207014004441108
1.59837787223645	1.10373743876051
0.654121684946124	0.205433467520013
1.44862736407577	0.477555630338169
0.155713854733082	0.0390835596706886
1.02338601426445	0.38161996773056
-0.421072366359481	0.175748366073623
0.130221292046546	0.0555517354093256
0.663993398880329	0.304956609853613
0.155713854733082	0.0390835596706886
-0.0751241896746465	0.0330884150067374
0.129306406298619	0.0551328062361276
-0.236989724567202	0.0762485047293907
-0.682544846870898	0.483286214772901
-1.34826843547917	0.846993382955124
-0.810611538250955	0.443339445574606
-3.76108876538849	1.48211039032061
-0.417498560054849	0.174105987349017
-0.540233723322025	0.202917482560003
-0.628867026021838	0.151670609188118
-1.85874938928471	1.165900469138
0.770346127278377	0.456367807284163
-1.04313192494267	0.410517747694466
-0.972760565146734	0.601248269763313
0.663926020689336	0.305085988828083
0.120647931593836	0.0455461781043806
0.937366127711446	0.631586193829918
2.54500845450902	1.37818427264558
3.26569824690609	1.10327543173781
-1.04290235412753	0.410559570501728
3.63331351050508	1.42008896661082
0.658157600688591	0.206837664845118
0.658741078701816	0.207014004441108
0.128075192969757	0.0482635683600574
0.428285671446016	0.169094775343879
0.12913352992743	0.0429550272454785
0.123555562714425	0.0466077516946964
0.376610644407851	0.167113227197513
-0.969688836542503	0.598605784844084
-0.354525819937872	0.101778275735803
-0.0106300467967003	0.00536207106268681
-2.49062038066175	1.37863753906601
-2.65233567378588	1.61787299984043
-0.412261031351047	0.171714138801548
-1.14193838802885	0.344646219015582
-1.83504104592481	0.742292078332567
-0.164154129642095	0.113415201256782
0.176927566582102	0.121314009620617
-0.186896162374597	0.125477559864452
-0.0445285117474655	0.0212234532327812
-1.46067536590967	1.32188879856759
-0.114843768201865	0.045743722193408
-1.52955481711501	0.543641482939636
-0.509163048903537	0.269213584346613
-0.683843207826719	0.483913873441443
0.606844477344688	0.459700409339518
0.344810876823588	0.172151862394131
-0.792052634019788	0.343809589207604
0.135792350960359	0.0652368935293097
-0.235754205237999	0.0758930201795801
-1.83132702405761	0.74028277145384
-0.250964713417158	0.12668995802094
-0.413194033026847	0.172063670363972
-0.417165105552592	0.173939978457542
-0.237559934502149	0.0764246711906185
-0.164182716008776	0.0588217692737051
1.04079506363497	0.493718951705615
-0.739337707457692	0.252266162743882
-2.5766529574574	0.657773148602288
-3.46299441124492	1.22953362528533
-1.14559783756009	0.346052129596875
-1.14111344283696	0.344497381350969
-0.736131442714986	0.251191396874175
-2.57660997484294	0.657538252319339
-1.80123754984197	0.383647112861273
0.157370411029726	0.0293708256249034
-2.5766529574574	0.657773148602288
0.155111385030128	0.0290417527313876
-3.08556356757563	0.949512459473102
-2.5766529574574	0.657773148602288
-2.57660997484294	0.657538252319339
1.45138090115721	0.478568850670936
0.139097983949456	0.0409512881184992
0.14556417703739	0.0427370982099398
0.661517102334111	0.207824976675168
1.95731570776637	0.441000340195791
1.5507001335775	0.752512547286498
1.0239728358881	0.381885834911352
-0.171978560989748	0.0615700655036388
-0.628164901903538	0.15157555358925
0.155111385030128	0.0290417527313876
-0.543818752032067	0.204528065886448
-1.69655742608848	0.955964177103611
-1.2948051112795	0.577362423726676
-0.790512071534418	0.343028422954392
-0.788516523036361	0.341754565320538
-0.737154567775087	0.251538686589487
0.131244557787275	0.0436234987478517
-0.415517834935378	0.173096521773236
0.14380305748793	0.042271222114559
0.658157600688591	0.206837664845118
-2.5766529574574	0.657773148602288
-0.237783836658627	0.0764730781037413
-1.52468217246603	0.541450953371581
-0.355394630173918	0.102015543768339
0.428631067442515	0.169230176789531
1.0239728358881	0.381885834911352
1.02329749324129	0.381582146499257
0.88158540579846	0.466932419228524
-1.83165926032039	0.740451579277532
0.16045117802105	0.0401558290866076
-0.735795036496609	0.251087692088149
0.144640697621443	0.0425017414545061
-0.628030265547787	0.151499678636842
-2.0888812011404	0.943710245621911
-1.52585303078124	0.541962051097293
-0.354519585455166	0.101776151388844
1.550533949764	0.751985727944152
0.883459415345703	0.468288237698106
1.32033107488652	0.566933639249509
-2.13260316288606	1.6432545237299
-0.621364549348226	0.297314514339653
-0.996511669786601	0.49158781401669
-0.628164901903538	0.15157555358925
-0.355401168227563	0.102014834884787
-0.193795567783763	0.167491487876467
0.181409597846073	0.130184690657862
-0.441672836718507	0.34322512307059
-0.789995070710077	0.342550534501667
-0.508411021552542	0.268406408234683
0.127450572227963	0.0424065298545469
-0.358264019190404	0.102817613458252
-0.542550190002901	0.204022574863377
-0.00821271265850647	0.00418838020875047
0.0201241989531136	0.0109004317081414
0.697484316878015	0.456350990994005
-0.50684572759238	0.267889095731562
-0.542200355463654	0.20382681574915
0.156661115950913	0.0392800358899383
-0.513855989823425	0.272184515268105
-1.11033968269064	0.76656098483821
-0.0785382532820336	0.0481193076364666
0.427389936605904	0.168678082747787
-0.237559934502149	0.0764246711906185
1.95731570776637	0.441000340195791
-0.628733247343677	0.151688343674084
0.157370411029726	0.0293708256249034
0.15963091503218	0.0399802605532864
0.512103476504473	0.180655514559587
0.154509067766894	0.0289541162362231
-1.52585303078124	0.541962051097293
-0.355401168227563	0.102014834884787
-1.79840965860499	0.382877827643389
-0.632424041671007	0.152580102364835
-0.628733247343677	0.151688343674084
0.157370411029726	0.0293708256249034
-0.628164901903538	0.15157555358925
-1.79839614394125	0.382877807711208
-2.57660997484294	0.657538252319339
-1.79840965860499	0.382877827643389
-2.57968420714322	0.659073447553718
0.155067569950451	0.0290355764553768
0.94820175004088	0.248479682375772
0.946592090327999	0.248117976822064
2.10139563641952	0.924609016057742
-1.79839614394125	0.382877807711208
-2.5766529574574	0.657773148602288
0.658449623497539	0.206846818911275
-2.5766529574574	0.657773148602288
-0.236865950236819	0.0762080730306188
0.94820175004088	0.248479682375772
-1.14111344283696	0.344497381350969
-3.08203048704882	0.947509650360219
-0.415514705996988	0.173267191179231
0.123961491867375	0.0467299276400687
-0.665708855729707	0.397713751396182
-0.795844159225066	0.345716129333001
-0.807064432054841	0.440921933853983
-0.240759104425561	0.0774229005659888
-0.237559934502149	0.0764246711906185
-0.241194698180716	0.0775963201393135
-0.809363746339261	0.442546835487161
-0.628733247343677	0.151688343674084
0.138631887879035	0.0665885290777017
-0.23522957281847	0.0756912588669357
-1.52674340008464	0.542380499879977
1.31543636736156	0.564668618767136
1.25658555936341	0.68088288459711
1.5588315247009	0.75732211401463
-0.541053988501391	0.203408052094411
-0.235948417281415	0.0759021467201397
1.55507391974261	0.755498369683247
-0.354815349846941	0.101888689175609
-0.0804465192993072	0.0353912074741878
1.55598981029304	0.755831923074866
-0.340725543806458	0.206589509108469
-0.258912530592381	0.130926124200128
0.131171437952691	0.0560672227481937
1.22667468642056	1.0298317302138
-0.166627348638768	0.0596534560097413
-2.5766529574574	0.657773148602288
-0.355104953248248	0.101967480674674
-0.722928521200528	0.751787005706518
-0.396460690593055	0.275452707828328
0.492444614593417	0.311107956878425
-0.621364549348226	0.297314514339653
-2.12541156247912	1.63080019033623
-0.197002571624559	0.106663932911857
1.37750681549975	1.0598344390601
-1.14088544605048	0.344426431780091
0.155111385030128	0.0290417527313876
-0.742186336237652	0.253369233953609
-0.665708855729707	0.397713751396182
0.428071608230174	0.168976723678548
-0.340450226949445	0.20641786902835
-0.685997129922166	0.486106269618751
0.307329725180226	0.211931305074797
-0.461578307529517	0.308689172572736
-0.198540077548839	0.107556535262661
-0.540136497897179	0.20308713328324
0.144138136643148	0.0423508720464565
-0.809825499650903	0.540965154848885
-0.20150095774891	0.109167322319297
0.154465593370314	0.0289479903375428
0.13125430574639	0.0494561793802337
-0.164115797014508	0.058818573672412
0.657866689740957	0.206670742493303
1.44839669376933	0.477459847846965
0.15547989361324	0.039031965106125
-0.35262379016767	0.101278913820777
0.13422930794267	0.0445728055584624
3.26345542626113	1.10199860979414
-1.53356229568948	0.545142396907194
-0.35262379016767	0.101278913820777
-2.57660997484294	0.657538252319339
0.144976980831471	0.0425943260188831
0.155111385030128	0.0290417527313876
-0.354229439997714	0.101697261087168
-2.57968420714322	0.659073447553718
0.155067569950451	0.0290355764553768
1.95731570776637	0.441000340195791
-0.628733247343677	0.151688343674084
0.657866689740957	0.206670742493303
0.142892234362748	0.0419793224062305
-1.79839614394125	0.382877807711208
2.33956836114453	1.14697515944292
-3.08216231491203	0.947551973079846
0.802273091671679	0.329882237321236
0.132513899668301	0.0440249398537092
-1.14559783756009	0.346052129596875
-0.628599509856641	0.151612619227975
-0.327589684718349	0.151206157461436
-0.539661343528338	0.202765677037844
0.132354753694369	0.0565447541966025
-0.409083068223129	0.170290860377214
-0.355104953248248	0.101967480674674
-0.791832805004252	0.343622226885232
-0.358557998384515	0.10292132426425
-0.738670030097319	0.252119567169358
-2.57669595250488	0.657559862268914
1.44780311038183	0.477066495630919
2.33899743092669	1.14663661123896
1.81323362267005	0.702723165703649
2.10345763612533	0.92603048253316
-1.5082900806176	0.75898051972622
0.375257613631461	0.166414569843084
1.31310179325084	0.563385616536445
-0.737745529684395	0.251848226779474
-0.234312185154952	0.0754304879292539
-0.168663393721381	0.0603724956040683
-1.17703894346314	0.655005822995283
-0.511525963221028	0.270740246429276
-0.237212899766669	0.0763212805777045
1.44958631087756	0.477702557005987
-0.625702212359178	0.299926625299963
-0.1501056650942	0.085541296533004
0.161043695584893	0.0402684742968713
0.159859477622278	0.0400192334307773
-1.83597776269255	0.742763952258261
-1.14171114622793	0.344693702322242
0.45342641157441	0.431364307927374
-1.02636279231343	1.16085799502432
1.09398045749387	0.829115349764475
-0.408913536972102	0.233161565913246
-1.65324236143785	1.71279432208509
-1.30275695942311	0.58217036734031
-0.358848207258787	0.103009197892419
-0.329458323063792	0.152151823606521
-0.237907054483207	0.0765120695488488
-0.806437754679821	0.44069713850173
0.590990832455095	0.305632632862991
-2.57660997484294	0.657538252319339
0.150139558066054	0.0439481510359518
-0.662734116443784	0.395908285792068
-0.628838972377586	0.301497189830301
0.491140418067651	0.309984123578025
0.669552643528324	0.308070987336909
-0.690040504062562	0.551014976807114
-0.0741337009149748	0.045380835698823
-1.34072404462395	0.839700896747727
-2.13142488541524	1.63741910329251
-0.624515637931586	0.299231145339758
-0.631588534504771	0.303382283153154
0.130229401607723	0.0555523028434548
0.144640697621443	0.0425017414545061
-2.57660997484294	0.657538252319339
0.155067569950451	0.0290355764553768
0.950426851449918	0.249037516760643
-1.14171114622793	0.344693702322242
1.81411735765381	0.702765282094499
-0.732903532938375	0.249925569855424
0.144725574883443	0.0425191258680454
-0.743029498323094	0.253754321369633
0.132732885510209	0.0441080605497273
-2.30169742426973	1.14834757192713
-1.79840965860499	0.382877827643389
-0.628733247343677	0.151688343674084
0.513297440290374	0.181056085890725
-1.79839614394125	0.382877807711208
-2.5766529574574	0.657773148602288
-1.79840965860499	0.382877827643389
-1.79839614394125	0.382877807711208
-3.46299441124492	1.22953362528533
2.75580772001712	0.763760469153332
0.15144823932183	0.0285426379557898
-1.04232764455762	0.41013375079511
-0.35569023027487	0.10209347470967
0.149212845857803	0.0436974436845553
1.95786695174359	0.441149378722158
-3.46655637771013	1.23090093950973
0.802489056255948	0.330144551890374
-0.628733247343677	0.151688343674084
0.154311934860129	0.0289593414864238
-0.628867026021838	0.151670609188118
-1.04347763338354	0.410675434748757
0.9525409976616	0.941040818144448
-0.537137657009595	0.201827173809651
-0.325772973836945	0.150225747425239
-1.85531893227199	1.16373376386757
-0.53874057789979	0.202401825815006
-0.356071393990223	0.102241794383879
-0.233742966580479	0.0752394538943447
-4.01558169607127	1.72750624811894
-0.53874057789979	0.202401825815006
1.02651128578825	0.383050193875148
-1.04290235412753	0.410559570501728
-0.542900106811953	0.204176406519794
-1.29445710557565	0.57719309643802
-0.360018151462565	0.103295990712749
0.162590253502546	0.0405994312489443
-3.46655637771013	1.23090093950973
-0.235725494787964	0.0758333105755394
0.659616568882323	0.207151031447049
-1.18618496921206	0.662452990855805
-1.52527766014307	0.541726073904961
-1.04396421075156	0.411040526644558
-1.14171114622793	0.344693702322242
-0.169105614986712	0.0605906204631912
-0.282361055383966	0.178550202950989
1.0181042757466	0.379060641594988
-0.738882523398138	0.252189660649256
0.605353503797268	0.458278216611364
-1.34552114991548	0.843747392998248
-1.11017434983909	0.765593385837461
0.12913352992743	0.0429550272454785
-0.328333524168311	0.151722211641642
-0.236072750277141	0.0759464812223969
0.155067569950451	0.0290355764553768
-0.355104953248248	0.101967480674674
0.826992895970306	0.977692640893501
0.599275405443053	0.452551324372597
-0.257303489368494	0.130047737675248
-1.86214791731748	1.16968080472501
-0.359141638818634	0.103112871302961
0.323788177100042	0.179294289329595
0.852082684170523	0.628264095436291
0.129145074812062	0.055158061871462
1.95731570776637	0.441000340195791
1.31275235192293	0.563405500186811
-0.354519585455166	0.101776151388844
-0.74096300521819	0.25284331711653
-0.624773794560314	0.298987479143815
0.448697029576257	0.324992698007859
-1.04163570285521	0.409773247801858
-0.807235224462935	0.440644755239146
-0.625793800111948	0.29945602702412
-0.0763127549371531	0.0335886930934556
-0.352915395102444	0.101358152963712
0.511884149147493	0.180536056250855
-1.52926336424741	0.543358625626883
0.655285284601054	0.205717641865354
-0.236519085872564	0.0760782981535278
1.02480914386846	0.382191050766977
-1.83072704109891	0.739930594937107
0.798676159728442	0.328314833787517
0.425281606664403	0.167780963846818
0.160221796316651	0.0401166927693931
0.162952579336367	0.0406858836130456
-0.736819853337875	0.251337978101795
1.44862736407577	0.477555630338169
-3.08216231491203	0.947551973079846
2.75868832531345	0.765017792149168
1.95786695174359	0.441149378722158
0.154509067766894	0.0289541162362231
-1.79840965860499	0.382877827643389
-0.628867026021838	0.151670609188118
-2.58269164924118	0.660244336228982
-1.79840965860499	0.382877827643389
1.95731570776637	0.441000340195791
-0.354815349846941	0.101888689175609
-2.5766529574574	0.657773148602288
-0.354815349846941	0.101888689175609
-0.626075023442282	0.151167646950723
1.44780311038183	0.477066495630919
0.160583229502904	0.0401661733691417
1.02304894811125	0.381607715308403
-0.358848207258787	0.103009197892419
0.947770742439721	0.248281535275256
-1.29353315609389	0.576437929846008
-1.1414839653338	0.344622990730584
-0.662154855715363	0.395348293665247
-0.539312347732804	0.202625351504848
-1.1840119631349	0.66014918760717
-0.627275723645145	0.300642442777685
-2.57669595250488	0.657559862268914
-0.117984276991248	0.0469113915138907
-0.793994797529232	0.344674990631431
-1.79839614394125	0.382877807711208
2.75807933893485	0.764710363024488
-0.234312185154952	0.0754304879292539
0.16045117802105	0.0401558290866076
0.12412218193265	0.053024250758687
0.15963091503218	0.0399802605532864
-0.169664956250467	0.0607827502330806
-0.737745529684395	0.251848226779474
-4.41604549869706	2.21569104828524
-0.168538535517575	0.0603007768512499
-0.53874057789979	0.202401825815006
-0.329768397676277	0.152271155223032
-1.14193838802885	0.344646219015582
-0.118253503079345	0.0470100497471401
-1.04834736681812	0.847055172824054
-0.33864820174246	0.205440647850932
-0.240061032815783	0.077222364016591
1.95988292961267	0.441702177751728
-0.933712930226063	0.687949497592249
-0.0796858688486884	0.0488555103531525
-1.51318979569184	0.762352086460052
0.658448437247608	0.206865271021461
0.950858461556905	0.2491584305819
0.511535984561553	0.180463547184556
0.162590253502546	0.0405994312489443
-0.628164901903538	0.15157555358925
0.15144823932183	0.0285426379557898
0.173355544577714	0.118646527285728
-0.415364225682151	0.237574507278343
0.130221292046546	0.0555517354093256
-0.557206988563684	0.356379710575636
-0.742101285286405	0.253499136601578
-1.51387706163116	0.762452375075376
-0.419366947267837	0.174907138182534
0.530759004221618	0.305652289759188
-0.466517720032201	0.312730084296057
0.128002629615466	0.0425983067073654
0.660932155782147	0.207694635746326
-0.628599509856641	0.151612619227975
-3.08203048704882	0.947509650360219
-0.411662068870429	0.171457253105263
-2.80095212631908	1.87969289361134
-1.34165518180003	0.840653359447162
-1.00097868340154	0.494024971537194
0.160813493636874	0.0402291855562724
2.75868832531345	0.765017792149168
0.948768757521975	0.248549269795159
-0.35262379016767	0.101278913820777
-0.355112179440658	0.101904546481095
-1.00004103377151	0.493654528880013
-0.355401168227563	0.102014834884787
0.946592090327999	0.248117976822064
0.160583229502904	0.0401661733691417
-2.57963910438406	0.659061212358043
0.155111385030128	0.0290417527313876
-1.14111344283696	0.344497381350969
-1.14583039258107	0.346039770541419
-1.79840965860499	0.382877827643389
1.95731570776637	0.441000340195791
-1.1412568453231	0.344431220445032
-0.628599509856641	0.151612619227975
-1.79840965860499	0.382877827643389
-2.5766529574574	0.657773148602288
0.154509067766894	0.0289541162362231
-0.352915395102444	0.101358152963712
-1.79840965860499	0.382877827643389
1.95786695174359	0.441149378722158
-2.5766529574574	0.657773148602288
2.75807933893485	0.764710363024488
-1.1412568453231	0.344431220445032
1.95988292961267	0.441702177751728
-0.240846100521927	0.0774684702165293
-1.79839614394125	0.382877807711208
0.145227337337459	0.0426443607563146
-0.73833632952493	0.25198039611565
0.155067569950451	0.0290355764553768
-0.507146815715724	0.268090757020662
-1.2941091808211	0.576975974922849
-0.542550190002901	0.204022574863377
-0.628164901903538	0.15157555358925
0.14380305748793	0.042271222114559
-0.235754205237999	0.0758930201795801
3.9275816800867	1.70263786398349
1.31054152970832	0.562024590641149
-1.04347763338354	0.410675434748757
-2.30510991052137	1.15171940932676
-0.738414128880846	0.252090639638632
-0.538867626524031	0.202372193079411
1.02304894811125	0.381607715308403
1.43725553750908	0.87962577067881
-0.415718108031314	0.173116245300649
0.159992352718576	0.0400538861334557
0.16045117802105	0.0401558290866076
-0.321927870259619	0.148367885197031
-0.93215762999294	0.687478261924631
-0.152732031432812	0.0870911168192109
-0.90437894126332	0.75762260192644
1.04592550905106	0.496555772385996
3.26284822825054	1.10169382604423
0.120647931593836	0.0455461781043806
-0.250472686836801	0.126381790686255
-2.3045284921599	1.15130739007319
-0.355401168227563	0.102014834884787
-0.5431188895219	0.204245277624117
0.157325350109871	0.02936446462458
-1.14193838802885	0.344646219015582
-0.628733247343677	0.151688343674084
-0.628299579656606	0.151558046801791
0.948337549654709	0.248516516252871
-1.52984634403446	0.54376252749597
0.0630663730897592	0.0520487449501316
-0.695325746529854	0.556938573537443
-1.23236706645761	0.936004796497014
-0.256023718353225	0.129302917301584
-1.04756717059493	0.412661948904752
-0.539661343528338	0.202765677037844
-1.04290235412753	0.410559570501728
0.142781671032906	0.0685751906927526
0.698920115009984	0.457550575013594
-0.110890549167913	0.065743021517642
0.645304957424401	0.458892018976205
-0.623956980849823	0.298501213044829
-0.73955895107728	0.252503873418029
0.145227337337459	0.0426443607563146
-0.167535179530461	0.0599846998526839
-0.54346877962796	0.204399150899749
-1.14559783756009	0.346052129596875
-1.79839614394125	0.382877807711208
2.10776206166741	0.927294751539999
-1.52468217246603	0.541450953371581
0.944504519928106	0.247598335656165
-0.237783836658627	0.0764730781037413
0.801571141201532	0.329656916274671
-0.355401168227563	0.102014834884787
-0.628030265547787	0.151499678636842
0.162719274583833	0.0406219991153643
0.14027070998759	0.0412729382935957
-0.628030265547787	0.151499678636842
0.15144823932183	0.0285426379557898
-1.79839614394125	0.382877807711208
-3.08189869996978	0.9470994296719
-1.14559783756009	0.346052129596875
-1.79840965860499	0.382877827643389
0.155067569950451	0.0290355764553768
-0.625937070321993	0.151091209012893
-2.5766529574574	0.657773148602288
-1.79839614394125	0.382877807711208
1.02190239796348	0.380920127363489
-0.738670030097319	0.252119567169358
-1.14559783756009	0.346052129596875
0.155111385030128	0.0290417527313876
1.02363521199244	0.381873400117373
0.154465593370314	0.0289479903375428
0.160813493636874	0.0402291855562724
-0.630135989487619	0.302302364107618
-3.08189869996978	0.9470994296719
-0.537241703354832	0.201774932174822
-3.76080338308098	1.48176245886347
-2.30476209042479	1.1515199403139
-1.52984634403446	0.54376252749597
0.156304884454214	0.0392194704826931
0.12766278679512	0.0481491979841494
0.510619816865865	0.180113549991954
0.139774852128096	0.0411362731979931
0.132032810243933	0.0438841642048134
-0.118225301795606	0.0470554996015602
-1.52468217246603	0.541450953371581
0.511535984561553	0.180463547184556
-0.628867026021838	0.151670609188118
2.38730369971256	2.01930557792403
0.159402290839324	0.0399177124259514
-0.742186336237652	0.253369233953609
-0.399338912785552	0.277742064435835
0.291919548709465	0.210566273068587
0.5126703877852	0.180806312829072
-0.172107354750232	0.0616237994837963
-1.18405842063322	0.660048754473972
-1.34258945685085	0.841614516205564
0.802138012530807	0.329972517070534
-0.241543381848446	0.0777055848228126
-0.415249347551518	0.173159047472333
0.50720087150347	0.178829201945322
3.26284822825054	1.10169382604423
1.95731570776637	0.441000340195791
-1.52554695498285	0.541620681553635
0.948905461162112	0.248586345985544
-1.07485046628781	1.36568662545596
0.32079675923179	0.177343660848278
-1.05172550054347	0.850138277858516
-0.0363930234016633	0.0174349801293536
-0.169535026305362	0.0607169294511869
-0.735538279411364	0.250976055861043
-0.354525819937872	0.101778275735803
1.55918347761798	0.757875986288971
0.782941490456492	0.618466370988052
-1.1406575104342	0.344234513147494
3.26284822825054	1.10169382604423
0.128782523982544	0.0428430922951178
-0.245190781440017	0.0788498782296321
-0.355394630173918	0.102015543768339
0.160813493636874	0.0402291855562724
0.155111385030128	0.0290417527313876
1.95731570776637	0.441000340195791
1.44509906384746	0.476148552116978
0.950287720870208	0.248999740475732
0.127866363638053	0.0425460435773885
-0.793650299520997	0.344601205700018
-1.1414839653338	0.344622990730584
-1.79840965860499	0.382877827643389
0.143137930281083	0.0420234902455121
-0.354519585455166	0.101776151388844
-1.79840965860499	0.382877827643389
-0.631994988626399	0.152498044571477
-1.79839614394125	0.382877807711208
0.154509067766894	0.0289541162362231
1.95786695174359	0.441149378722158
-0.628164901903538	0.15157555358925
-1.79839614394125	0.382877807711208
-1.79839614394125	0.382877807711208
-0.737154567775087	0.251538686589487
0.157325350109871	0.02936446462458
-1.83631399679176	0.742708043545115
1.55152601933111	0.752759870414717
-1.03998820725116	0.409113309598422
0.142892234362748	0.0419793224062305
-1.52525862148376	0.541687313963439
-0.35666348042052	0.102404483392645
-2.57660997484294	0.657538252319339
0.140023273435885	0.041219830052157
0.144054213480702	0.0423469198905259
0.660638687988492	0.207526442563452
0.144976980831471	0.0425943260188831
0.160221796316651	0.0401166927693931
-0.15986077451609	0.0573031810593282
1.93654258643877	1.1863688075446
-0.415049569622997	0.172744185489729
0.506636186737087	0.178613076266429
-2.08911637827436	0.943898849288905
-0.234312185154952	0.0754304879292539
-0.789874992835508	0.342400986685966
-1.56462276853486	1.52188678582136
1.30729482478471	0.560238424285418
0.658157600688591	0.206837664845118
-0.671097569195683	0.402045438263385
0.0256487063569893	0.0138646752917663
-1.70111621428643	0.959733621234588
0.88158540579846	0.466932419228524
-1.29790303333427	0.579341243572057
-1.03998820725116	0.409113309598422
0.154509067766894	0.0289541162362231
-0.236989724567202	0.0762485047293907
2.75580772001712	0.763760469153332
0.155067569950451	0.0290355764553768
-0.355104953248248	0.101967480674674
0.125682878474067	0.0474015610954397
0.304840845829283	0.209998313925314
-0.715058508998265	0.690076385299413
0.314110807490996	0.189739665031281
-0.115901910219619	0.0688080707224157
-0.412965982284542	0.235929283809284
-0.335823140626214	0.155324609105987
-0.666573598108029	0.399015082280499
-0.806853225210099	0.537773647420436
0.511535984561553	0.180463547184556
-0.354519585455166	0.101776151388844
0.160221796316651	0.0401166927693931
-0.506874612334667	0.26757461490672
-0.326085578213453	0.150379879538711
-0.28139392755149	0.178006020528456
-1.00887788629191	0.499296015889731
-1.52556530925699	0.541887546993991
0.159402290839324	0.0399177124259514
0.16045117802105	0.0401558290866076
-0.165650631391215	0.0593414877038015
0.950998501270056	0.249196467275389
0.134096582628132	0.0445246807155045
-0.354519585455166	0.101776151388844
-3.45967591146264	1.22746502283364
-0.352036490485324	0.101122204058746
0.152050960400409	0.028630259939513
-0.628599509856641	0.151612619227975
-2.57669595250488	0.657559862268914
-1.79839614394125	0.382877807711208
-0.628733247343677	0.151688343674084
0.157370411029726	0.0293708256249034
0.950858461556905	0.2491584305819
0.155111385030128	0.0290417527313876
0.950998501270056	0.249196467275389
-0.63185471444008	0.152466960619287
-3.08216231491203	0.947551973079846
-1.79840965860499	0.382877827643389
-1.52497036065527	0.541612586959632
-1.14111344283696	0.344497381350969
0.14371839260098	0.0422424410228484
0.154509067766894	0.0289541162362231
-0.237559934502149	0.0764246711906185
0.160813493636874	0.0402291855562724
-0.74269218165825	0.253631177667885
-1.30262780783777	0.581847590234535
0.132382889280095	0.0439989008298304
0.132250799691079	0.0439371594892287
-0.237212899766669	0.0763212805777045
-0.239712126266584	0.0770946293272292
-1.79839614394125	0.382877807711208
-3.45900121533902	1.22669642729201
-2.08564254409193	0.940965641712792
0.88067338607847	0.466267903307237
0.776781902863777	0.461819559858996
0.142892234362748	0.0419793224062305
0.132032810243933	0.0438841642048134
-0.806611010157006	0.440104072892131
-0.558168909048808	0.357242137066179
-0.443324223722562	0.344802156826433
1.35337223237057	1.25006270219799
0.943875170267631	0.638209465346552
-0.412674486587401	0.171991500615452
1.02626205148491	0.382823634565729
-0.507498940112042	0.26817225843593
1.02363521199244	0.381873400117373
-0.54346877962796	0.204399150899749
0.510967914253512	0.180245566763838
-0.790168092677088	0.342820605922819
-3.08189869996978	0.9470994296719
-0.352915395102444	0.101358152963712
0.65757421006213	0.206588655278929
0.161043695584893	0.0402684742968713
-0.628164901903538	0.15157555358925
0.161043695584893	0.0402684742968713
0.943170247972652	0.637517428378794
0.642558626005938	0.456568558426377
-0.25623784972197	0.129559211249805
-0.00892638474424904	0.00455954813773974
-4.41604549869706	2.21569104828524
0.511884149147493	0.180536056250855
1.38326276232355	1.06639837785711
1.02338601426445	0.38161996773056
2.75580772001712	0.763760469153332
-1.52275201069355	0.540627902821117
0.133301116726748	0.0442849463266127
-0.114853970799127	0.0457131921372416
-0.789938579099003	0.808642709101267
-2.49164768520171	1.37949331968487
-0.546156558129354	0.205464884972569
0.154311934860129	0.0289593414864238
0.155111385030128	0.0290417527313876
3.63395648950567	1.42026036401428
-3.08556356757563	0.949512459473102
-0.355104953248248	0.101967480674674
-1.53013794503811	0.543725951296145
0.155111385030128	0.0290417527313876
0.154465593370314	0.0289479903375428
-1.79839614394125	0.382877807711208
-0.352036490485324	0.101122204058746
-2.57660997484294	0.657538252319339
0.157370411029726	0.0293708256249034
-0.628867026021838	0.151670609188118
1.44922258720914	0.477763268309402
0.144976980831471	0.0425943260188831
-3.08203048704882	0.947509650360219
0.508678695512037	0.179257945972662
-1.8343686452195	0.741659633265439
-1.1406575104342	0.344234513147494
-0.420473250378228	0.175432602994733
-0.415718108031314	0.173116245300649
-1.83496954182052	0.74201254055013
-1.1414839653338	0.344622990730584
-1.1414839653338	0.344622990730584
-1.52614082474697	0.541895090059418
-0.536671114051193	0.201606330220057
1.81323362267005	0.702723165703649
-0.737824274342293	0.251781339210884
-4.23307636622479	1.97001809369707
0.13125430574639	0.0494561793802337
1.95988292961267	0.441702177751728
-0.625937070321993	0.151091209012893
-0.137245788752137	0.0969492072476067
0.0371318673929483	0.021592780354051
0.325379568319005	0.180107279455191
-0.196001043641754	0.106037317974827
0.883522598319616	0.46852696737076
1.25147028817193	0.677097701721655
-1.69561892919804	0.955560948596812
-1.85499868512377	1.16331941573562
-0.118308141297603	0.0470324989584549
-1.29445710557565	0.57719309643802
-0.743366896164806	0.253811440648201
0.146584487246171	0.0430023159110844
0.155111385030128	0.0290417527313876
0.140948251392809	0.041458274749763
-0.742776335066151	0.253679551734855
3.26569824690609	1.10327543173781
-3.76080338308098	1.48176245886347
-0.386230613173016	0.371167720954772
-1.10599049764675	0.76133634915392
0.606018712705132	0.45891461208264
-0.043172968309498	0.0205891718215923
-0.415450817577452	0.173071801779126
-0.329146058047281	0.151991518723621
0.132204950627944	0.0564266416745921
-0.0104077286273629	0.00526991347671263
-0.422271909209449	0.176267476336917
-0.117044285120093	0.0466007492952659
-0.742101285286405	0.253499136601578
1.60207005833306	1.10700221493154
-0.582386462452386	0.427739796634287
-0.164744037178764	0.059028259963585
-0.539089600210505	0.202542124367007
0.663718669460888	0.208457802619674
-0.0778442799880398	0.0342488222119108
-2.0888812011404	0.943710245621911
-0.741510950758259	0.253188727186893
-3.46345495606107	1.22933734600421
-1.79839614394125	0.382877807711208
0.154465593370314	0.0289479903375428
-2.5766529574574	0.657773148602288
0.155067569950451	0.0290355764553768
0.16045117802105	0.0401558290866076
2.75520320904554	0.763197913000704
0.94820175004088	0.248479682375772
-0.629763239673253	0.152058330338803
-0.632424041671007	0.152580102364835
0.658157600688591	0.206837664845118
0.158441687834525	0.0396618099099809
-1.52439405688463	0.541142934209623
1.8138222857108	0.70292085392477
-0.789650928512862	0.342421974551524
-0.628164901903538	0.15157555358925
0.139436459089769	0.0410524321785509
-2.08911637827436	0.943898849288905
-1.01041325827596	0.500521971606357
-0.40968014375195	0.170509321280909
-1.14111344283696	0.344497381350969
-0.414515563910564	0.172670310722692
-0.62509689781615	0.299186252053425
-0.356952421866901	0.102502236157484
1.02246283803588	0.381238371277329
-2.0851928861798	0.941244883307777
-0.115389886490873	0.0458999230788645
1.31104941060088	0.562257057470917
0.140023273435885	0.041219830052157
-3.08542618523242	0.949198094742557
-1.27866519292089	1.40665202448635
-0.557486627402114	0.356594833176551
0.849285672253584	0.626169691323525
0.542122260329902	0.313844465561343
-1.305223980569	0.583201873589724
-0.682760338665857	0.482541586349741
-0.796158253814542	0.755673341936363
-0.240846100521927	0.0774684702165293
1.25881210567717	0.68250341264782
-1.04267374187429	0.410246962947944
-0.631994988626399	0.152498044571477
0.15963091503218	0.0399802605532864
-1.14111344283696	0.344497381350969
-1.79840965860499	0.382877827643389
-1.1406575104342	0.344234513147494
-0.792961532394216	0.344288490733264
0.590690182885767	0.305386590557676
-0.395611590565006	0.27480702228251
-0.583739853079938	0.428296294705659
0.299779090238953	0.205862391264696
0.188676372006644	0.141386058257613
0.0175565681825858	0.00955131291099065
-0.165088554277847	0.0591488725692337
-0.632424041671007	0.152580102364835
-0.536892625271128	0.201634766838871
0.145313170347528	0.042674261922763
1.04634616178494	0.496931093386432
-0.238130718624198	0.0765764115230572
-0.62621301873586	0.15115097520137
-0.999770520176459	0.493549718270557
-3.08556356757563	0.949512459473102
-0.789427461577023	0.342278786572665
-0.738414128880846	0.252090639638632
-1.04664817491529	0.41219337703347
-0.737824274342293	0.251781339210884
0.14255281745336	0.0418775195715754
-0.78719505691599	0.341160927810974
-2.57669595250488	0.657559862268914
-1.79840965860499	0.382877827643389
-1.80123754984197	0.383647112861273
-0.632563406792844	0.152610991116788
-2.5766529574574	0.657773148602288
-3.08203048704882	0.947509650360219
-1.1406575104342	0.344234513147494
-1.14111344283696	0.344497381350969
0.948337549654709	0.248516516252871
-0.737824274342293	0.251781339210884
-0.738079783119958	0.251987608125061
-0.628030265547787	0.151499678636842
-0.35569023027487	0.10209347470967
-0.23197785438725	0.0746812633614378
-1.1413415008172	0.344450233445194
-0.506885445790532	0.267562148692892
0.88067338607847	0.466267903307237
-2.08529767867884	0.94108469631813
-1.79840965860499	0.382877827643389
-1.1412568453231	0.344431220445032
-1.52497036065527	0.541612586959632
-1.04709662477092	0.412413821088329
-0.359725191866461	0.103238313016327
-2.08553743334962	0.941412888325459
-3.0857009920368	0.949295045119167
1.31253456967921	0.563091330038175
-0.738670030097319	0.252119567169358
-1.83105982818556	0.740099638711398
-2.57669595250488	0.657559862268914
-0.360018151462565	0.103295990712749
0.802704240998476	0.33025128123342
1.25520925124545	0.680059620183273
-0.236865950236819	0.0762080730306188
0.133651056800119	0.0443846032753033
-0.114208159166471	0.0454613905002761
0.428499118546633	0.169166907815334
-1.23529505719218	0.937670620720759
-0.189526183333276	0.127366027546737
-0.557077239674068	0.356288266321122
-0.398562120689711	0.277066759363094
-0.0119244883867159	0.0060213508108028
0.50720087150347	0.178829201945322
-0.390480255480745	0.27036169997325
2.50978855570111	2.32863866151754
-0.328833852296794	0.151818069855998
-0.167754072609883	0.0600616127897958
-1.83099487872884	0.740025429797688
0.162952579336367	0.0406858836130456
-0.631994988626399	0.152498044571477
-0.539661343528338	0.202765677037844
-1.79840965860499	0.382877827643389
2.75580772001712	0.763760469153332
2.54857488786382	1.38133772150956
1.02558467001725	0.382518749728777
-0.0227670755179601	0.0150760315824419
-0.149179222130951	0.0849713113889378
0.166861882861852	0.10853696147518
-1.16286309214779	1.01953784760356
-0.151352796290277	0.0862650463266833
-0.93569322835423	0.690604323393649
-0.738670030097319	0.252119567169358
-1.52468217246603	0.541450953371581
-0.807373932590619	0.441430069717292
-0.33688749190521	0.204092376477478
-0.50581487057309	0.383254392801315
0.154509067766894	0.0289541162362231
-0.236420091117799	0.0760498926963215
0.146332921310034	0.0429416898033695
1.04334303236484	0.494914028912666
-0.74243876954869	0.25362235352836
-2.09340157284605	0.946438560833984
0.154465593370314	0.0289479903375428
-1.1489072506678	0.347059060481392
-1.79840965860499	0.382877827643389
-0.35569023027487	0.10209347470967
0.159992352718576	0.0400538861334557
0.154465593370314	0.0289479903375428
-1.79840965860499	0.382877827643389
1.44899109330448	0.477667123734845
-0.200864162995092	0.108868880543682
0.947770742439721	0.248281535275256
-1.5270374870482	0.542502468800959
-1.51193347960281	0.761871435562758
-0.355401168227563	0.102014834884787
-0.628867026021838	0.151670609188118
2.10021124048698	0.924077935460336
-1.0438234260038	0.410788519057193
-0.414583729189825	0.172844740940255
-1.29503373562381	0.577267948395295
0.373332743748923	0.165545431969293
0.154509067766894	0.0289541162362231
-0.628030265547787	0.151499678636842
-0.415847728365783	0.173416198873373
-1.29525574662277	0.577871829307603
-0.536101171148354	0.201337796547223
-1.69368543283268	0.954207038668379
-0.789874992835508	0.342400986685966
-1.14523333483643	0.345843348749308
-0.967060298539882	0.59678584231477
0.16045117802105	0.0401558290866076
-0.806300502923464	0.440052788877231
-0.233616960664733	0.0751877350099978
0.144389940892798	0.0424393237157952
-0.621635585855028	0.297418069232042
-1.52275201069355	0.540627902821117
-1.50771865123221	0.758301194323698
1.04334303236484	0.494914028912666
3.26345542626113	1.10199860979414
-0.786507575298711	0.340816244239033
-0.539787890554963	0.202744059579388
-1.03986963329328	0.409012486353307
-1.7382809859219	1.91117842102446
-0.00972295386396322	0.00493142684197402
0.667485272025711	0.307032128584143
-0.196164616393007	0.10617680890434
-0.662516828796566	0.395534601783474
-0.410597999582018	0.234250839874387
0.730917707921215	0.61014439072362
-0.790168092677088	0.342820605922819
0.658741078701816	0.207014004441108
-1.29445710557565	0.57719309643802
-1.14499995487719	0.345855392571373
0.157370411029726	0.0293708256249034
-0.737489374761453	0.251678150254292
2.75641316563256	0.763778311858285
-0.114788896547144	0.0457144662400894
1.00137720110462	1.20074189872308
-0.226425709528643	0.14783804283461
-2.117582082838	2.36681223715378
-0.112173447637626	0.0665304254023962
-0.295375868038265	0.21663533633673
-0.628164901903538	0.15157555358925
-0.199758844571798	0.108231664241709
-0.415450817577452	0.173071801779126
-0.0744033715227707	0.0327794845530911
-0.41444726231294	0.236617733228822
-0.255570935341465	0.191409308763682
0.154509067766894	0.0289541162362231
0.157370411029726	0.0293708256249034
-1.52556530925699	0.541887546993991
-1.79839614394125	0.382877807711208
-1.79840965860499	0.382877827643389
0.155067569950451	0.0290355764553768
-1.79839614394125	0.382877807711208
-3.46679196715223	1.23130500663502
-2.5766529574574	0.657773148602288
-0.628733247343677	0.151688343674084
-0.738079783119958	0.251987608125061
-3.45922605387697	1.22727228815634
-2.57669595250488	0.657559862268914
-2.5766529574574	0.657773148602288
-1.0001037668499	0.493752779623566
-1.14171114622793	0.344693702322242
-0.737824274342293	0.251781339210884
0.160221796316651	0.0401166927693931
1.4480329582247	0.477161868008032
0.803055311396109	0.330423388744012
0.130387981869983	0.0556784680602715
1.81294103662311	0.70256079058948
-0.625702212359178	0.299926625299963
-3.08203048704882	0.947509650360219
-1.14088544605048	0.344426431780091
-0.738414128880846	0.252090639638632
-1.14559783756009	0.346052129596875
1.88442596090328	1.61792311406426
-1.04278630064219	0.410314973185565
-0.116744249017674	0.0464304413870714
0.131113855393916	0.043577918433868
0.137911757795523	0.0457182124863016
0.142003262417253	0.06828571371478
-0.121029381502298	0.0481224499070062
-0.416386922395193	0.173414836063739
0.421270140467149	0.166129444830307
-0.737745529684395	0.251848226779474
-0.117336741462383	0.0466584622287431
0.654703443030561	0.205608890273211
0.424935770305415	0.167621556044747
-0.172323794216928	0.061695096887414
0.130534492586352	0.0556874732872
-1.14536534536015	0.34589005605433
-0.165650631391215	0.0593414877038015
0.658157600688591	0.206837664845118
-0.172107354750232	0.0616237994837963
-0.358848207258787	0.103009197892419
1.04515557784367	0.495950978123491
0.135930401959736	0.045112999214881
-0.165650631391215	0.0593414877038015
-0.790293055908666	0.343033629214228
0.511884149147493	0.180536056250855
0.492963540363094	0.311100338433214
-0.354525819937872	0.101778275735803
-0.738079783119958	0.251987608125061
-0.554102054846102	0.354129940168624
-0.0850718589998903	0.0522039070600254
0.986845468086052	0.808740089484305
-0.0791127453689078	0.048488960147414
0.597271675626599	0.450558102405974
-0.544388043857763	0.20467834687827
-0.629814223494477	0.302123652560845
0.324420076571648	0.179497011757384
-1.52955481711501	0.543641482939636
-2.57968420714322	0.659073447553718
-0.628164901903538	0.15157555358925
-3.08203048704882	0.947509650360219
0.14255281745336	0.0418775195715754
-0.537791896778425	0.538829901311256
-0.670434356152933	0.40163781241793
-0.798433771885053	0.616790059022296
-0.326398242074565	0.150524196697343
-1.69567712933466	0.95544795283318
-0.626075023442282	0.151167646950723
-1.79839614394125	0.382877807711208
-1.80123754984197	0.383647112861273
-1.79840965860499	0.382877827643389
-2.57669595250488	0.657559862268914
-1.52468217246603	0.541450953371581
-1.1413415008172	0.344450233445194
-1.79840965860499	0.382877827643389
-0.628164901903538	0.15157555358925
-0.539216839237451	0.20245410257918
-0.514704790335058	0.272354226796394
0.589646587977421	0.304741958565845
1.81294103662311	0.70256079058948
-1.79840965860499	0.382877827643389
0.493972035652373	0.312271295751619
-2.57660997484294	0.657538252319339
0.137612920317835	0.0660922810400854
0.844431430087742	0.620394517711226
-1.53134880155448	0.544135864927373
0.660932155782147	0.207694635746326
0.159992352718576	0.0400538861334557
-1.29525574662277	0.577871829307603
0.51386494250992	0.181311218287051
-2.3045284921599	1.15130739007319
-0.737745529684395	0.251848226779474
-1.29214946106116	0.575750520175542
-0.352328640216398	0.101201570764145
-0.632424041671007	0.152580102364835
1.02480914386846	0.382191050766977
3.63395648950567	1.42026036401428
-0.741848602831151	0.253311922462979
1.02271178737872	0.381316878019672
0.146584487246171	0.0430023159110844
-1.52275201069355	0.540627902821117
-0.73833632952493	0.25198039611565
0.130977595936442	0.0435409758262869
0.950998501270056	0.249196467275389
0.654703443030561	0.205608890273211
-0.738670030097319	0.252119567169358
0.146670376003709	0.0430346600388633
1.0190295579627	0.379719734867384
1.44922258720914	0.477763268309402
1.54905911103962	0.751329852210446
1.04190614833444	0.494338412378578
-0.54346877962796	0.204399150899749
-1.29318528584883	0.57616602568844
1.04801697819616	0.498004473628131
-0.628733247343677	0.151688343674084
-0.979828325932785	0.973216234944432
0.0167882727502692	0.00911862161324554
-0.506794097572438	0.267917146892905
-0.355104953248248	0.101967480674674
1.02304894811125	0.381607715308403
-0.164744037178764	0.059028259963585
-0.119575292361138	0.0475678129859071
-3.46299441124492	1.22953362528533
-0.19706625116982	0.106571395247493
-2.08853487094957	0.94349842004388
-0.236072750277141	0.0759464812223969
-0.323166350368557	0.149010924449565
-0.541982138529851	0.203732865607725
-1.18054210061732	0.657967863762949
-1.04706472446126	0.844354821008767
-1.43649986807112	1.53853882842884
-1.79840965860499	0.382877827643389
-1.79839614394125	0.382877807711208
-0.74269218165825	0.253631177667885
-0.63185471444008	0.152466960619287
-1.51205147000913	0.761649961850138
-2.5766529574574	0.657773148602288
-0.414515563910564	0.172670310722692
-0.628599509856641	0.151612619227975
0.886944573431526	0.470889744115218
0.877578312575872	0.465070541942354
-1.80123754984197	0.383647112861273
0.132732885510209	0.0441080605497273
-0.0431891266490548	0.0205865815825423
0.3260517192548	0.180529005105452
0.130992195528203	0.0493490863110476
0.162357836679133	0.0405597098553547
-0.628030265547787	0.151499678636842
-0.785598299709024	0.340429869924533
1.55183311001027	0.753399095718747
0.162590253502546	0.0405994312489443
-0.542550190002901	0.204022574863377
-0.236865950236819	0.0762080730306188
1.02743758778838	0.383195606193548
-0.414248785891065	0.172553623155678
-1.52896155531942	0.543366808154917
4.16544558167092	1.96422252025176
0.129712601212399	0.0430966750530626
-0.63185471444008	0.152466960619287
-0.355104953248248	0.101967480674674
-0.738670030097319	0.252119567169358
-1.83704863877437	0.743077948481445
1.45114635521655	0.478471348903038
2.54314246294555	1.37638183456833
2.72237364870173	1.633370964074
0.146922191196889	0.0431076767472804
0.131463990676715	0.0437015090033304
0.657864503304789	0.206616146564203
0.154509067766894	0.0289541162362231
1.04480901675325	0.495932284777841
-0.737745529684395	0.251848226779474
-0.354809804669678	0.101824397658975
-0.789605168834435	0.342652630123742
1.95988292961267	0.441702177751728
2.10345763612533	0.92603048253316
2.72221471940598	1.63161181872182
2.54578920374591	1.37918799565204
-3.76080338308098	1.48176245886347
2.34135533413392	1.14844291387782
-1.04313192494267	0.410517747694466
0.659324643575319	0.207123110468657
-1.04056236968378	0.409373067940558
-0.628299579656606	0.151558046801791
-0.278449712291417	0.175903533278102
0.777425857794473	0.462374564731441
-0.737824274342293	0.251781339210884
-0.35262379016767	0.101278913820777
-0.342774805433263	0.20834380579798
0.350350100940236	0.175311691152206
-0.53874057789979	0.202401825815006
-1.14260761039773	0.345006924269412
-0.737745529684395	0.251848226779474
-2.08460819785075	0.94084287548003
-0.554007147588077	0.353644361147243
-1.0419816315643	0.409976007162161
0.129007902031019	0.0486060931750835
0.143467885183021	0.0421790290070851
-0.233964530152622	0.0753172914260115
-0.743366896164806	0.253811440648201
-0.966474022084964	0.595359261324955
-1.79839614394125	0.382877807711208
-1.79839614394125	0.382877807711208
-0.628599509856641	0.151612619227975
-2.57660997484294	0.657538252319339
-3.08203048704882	0.947509650360219
-1.52468217246603	0.541450953371581
-0.237559934502149	0.0764246711906185
-0.628867026021838	0.151670609188118
-0.114853970799127	0.0457131921372416
0.140023273435885	0.041219830052157
-0.63185471444008	0.152466960619287
0.5126703877852	0.180806312829072
-0.967394509290605	0.596017220489417
-1.35629798960248	1.13113599438104
0.130229401607723	0.0555523028434548
-0.536543629071067	0.201474262127947
-0.414782492097238	0.172745595379558
3.03159222671677	2.21179522752413
-0.34526498338176	0.209961351725545
-2.57968420714322	0.659073447553718
-0.543250105928331	0.204305308908878
-0.16719037374262	0.0598638290738506
-0.628733247343677	0.151688343674084
-1.79839614394125	0.382877807711208
0.157325350109871	0.02936446462458
-0.167409271163493	0.059935085601386
2.14048606374112	2.21083981720064
0.421270140467149	0.166129444830307
-1.14536534536015	0.34589005605433
-0.536671114051193	0.201606330220057
1.04536760236631	0.496267966555643
-0.354519585455166	0.101776151388844
0.130894531886353	0.0435089375277545
-0.356656967234746	0.102398272590581
0.506286345412427	0.178440504115667
0.425711946160757	0.16789021565377
-3.0857009920368	0.949295045119167
-1.52556530925699	0.541887546993991
1.76101611268726	0.964908126415187
0.426188529242061	0.168158662567646
0.155067569950451	0.0290355764553768
0.128852754702737	0.0485791509684367
0.67031140224908	0.308146609796731
1.8166310232947	0.704051562387115
-0.623634285606963	0.29834353419319
3.63500627246108	1.42050433165602
-0.419700963977491	0.175008681759222
0.345115716023747	0.172584086500586
-0.354519585455166	0.101776151388844
1.04368981844324	0.495127036286315
1.44839669376933	0.477459847846965
0.659032459281836	0.207041754611057
0.127740324846529	0.0481396538224244
3.26406378444313	1.10187162962723
2.3386469338706	1.1463460110087
1.55507391974261	0.755498369683247
0.130920287619515	0.0493322328761646
0.144054213480702	0.0423469198905259
-2.08853487094957	0.94349842004388
1.22713363335434	0.841411058433987
-0.237090328086136	0.0762301533221021
-0.421938432498096	0.176107268065683
-0.171762117804328	0.0615057733921786
-0.170856035041343	0.0611834573692003
-1.18054210061732	0.657967863762949
-1.73447831488232	1.46508041016598
-0.735201728577998	0.25087231236032
-0.550143266612475	0.35079939303787
0.427726139064257	0.168841338822495
-1.10533398757211	0.760768896049564
-1.10984158995657	0.764484192379418
-1.04267374187429	0.410246962947944
-1.2995232454581	0.579997913839283
1.02685010343664	0.383062880383657
0.516414683304658	0.182180363838712
0.019184938255468	0.010443621324513
1.04323019345025	0.495337606424751
-0.662447883420961	0.395560560190393
-1.52984634403446	0.54376252749597
-1.14111344283696	0.344497381350969
-3.08556356757563	0.949512459473102
-1.79840965860499	0.382877827643389
-1.79839614394125	0.382877807711208
-1.79840965860499	0.382877827643389
-1.79840965860499	0.382877827643389
-0.628030265547787	0.151499678636842
-2.5766529574574	0.657773148602288
0.162952579336367	0.0406858836130456
0.156070095129669	0.0391676647119387
-1.29825184667106	0.579597355540298
-3.08216231491203	0.947551973079846
-1.52954577316989	0.543451783402332
-0.0360051155352746	0.0172547669018685
-0.78873939795176	0.341991104298643
-1.5082900806176	0.75898051972622
-0.737745529684395	0.251848226779474
0.584893231275224	0.301576967339416
1.75836423143201	0.962753553234379
-0.115389886490873	0.0458999230788645
-0.165650631391215	0.0593414877038015
0.586137253480046	0.30224138677196
-0.00879633294417448	0.00449270149135587
-0.738414128880846	0.252090639638632
-0.116744249017674	0.0464304413870714
0.15144823932183	0.0285426379557898
0.15212683666691	0.0382614485850816
-0.747056276000891	0.255214642839991
-0.783271168461203	0.339225590175745
-0.738079783119958	0.251987608125061
-1.51284627596671	0.762154786285722
0.510967914253512	0.180245566763838
0.156304884454214	0.0392194704826931
0.128568405154016	0.0427795258685336
1.02651128578825	0.383050193875148
0.150139558066054	0.0439481510359518
-0.790637113549688	0.343172490347042
-0.169664956250467	0.0607827502330806
2.3410042779854	1.14815153258672
-0.627598197564051	0.300860032383781
-1.29110511870394	0.575249388426856
-0.120436689899838	0.0478987092728061
-0.236295434458238	0.0760318807121589
0.159992352718576	0.0400538861334557
1.81604086904786	0.704001590638153
-1.18990804079261	0.665449925669789
4.37369327971884	2.22600437542249
-0.123576615737925	0.0491527525946845
0.132526075121962	0.0565462100364261
0.883198277759912	0.468265493265458
-0.236865950236819	0.0762080730306188
1.81633531763119	0.703887329894944
-2.79782811914537	1.87396857950687
0.513733853850566	0.181194231451746
-1.04347763338354	0.410675434748757
1.95786695174359	0.441149378722158
0.132382889280095	0.0439989008298304
0.658449623497539	0.206846818911275
0.343519519984226	0.171423958349357
-0.354519585455166	0.101776151388844
0.140948251392809	0.041458274749763
0.140023273435885	0.041219830052157
1.38490343822166	1.06884777893588
-0.631276995785674	0.302939384668502
-2.80091459148312	1.87964624247264
0.37719892423885	0.167428598365971
2.10114269367742	0.924635433318668
-0.325918106206965	0.150477940797154
0.156070095129669	0.0391676647119387
-0.536671114051193	0.201606330220057
-1.05401537552073	0.85300779016044
-0.507491220228881	0.267928943933496
-0.234881985943443	0.0755878057926229
-1.29445710557565	0.57719309643802
-3.45945095257726	1.22747869975084
-0.197971083760316	0.107211011378447
-0.19754105470287	0.106961511206495
-0.0361069197920712	0.0173021504706186
0.375581739818815	0.166553161927003
-0.354809804669678	0.101824397658975
1.81205656672306	0.701877636994275
0.133142839040939	0.0568208455015268
0.370618426155184	0.164394167908778
-0.795723795972798	0.614295084220096
-1.14260761039773	0.345006924269412
-1.79840965860499	0.382877827643389
-2.5766529574574	0.657773148602288
-1.80123754984197	0.383647112861273
1.95786695174359	0.441149378722158
0.145227337337459	0.0426443607563146
-1.83564160885514	0.742645090374466
-1.52585303078124	0.541962051097293
-2.5766529574574	0.657773148602288
-0.796622843370816	0.346185785919449
-0.789306862497791	0.342262742988917
0.494945286235158	0.312772311222566
0.941892448802518	0.636316235630065
0.425281606664403	0.167780963846818
-0.235577245215042	0.0757788911156959
0.130847633086116	0.0558190648233276
-0.165650631391215	0.0593414877038015
0.162357836679133	0.0405597098553547
2.75580772001712	0.763760469153332
1.95731570776637	0.441000340195791
1.02097706153712	0.380421430230224
-0.419634107069603	0.174973866431689
0.144976980831471	0.0425943260188831
0.694899634817785	0.453914447688596
1.04648076625228	0.496644727124572
0.512321829500026	0.180674048803135
-1.18336718045491	0.659680463908191
-0.662740963057452	0.395749960094668
-1.04255649350425	0.410401789740815
0.802138012530807	0.329972517070534
1.06343368235403	0.643323957851685
-0.124222198349171	0.0493922528776547
1.75990348715341	0.963737800961195
0.125085786448965	0.0471836584371826
-1.18276931336496	0.659298465281137
-0.117660477054644	0.0467865531553836
-0.735122504035354	0.250746836229491
0.512948788838409	0.180923723722652
0.948337549654709	0.248516516252871
-1.29445710557565	0.57719309643802
-0.538963433786103	0.202464572078945
-0.165777818856825	0.059368826568821
0.425497080140127	0.167863861612803
0.511884149147493	0.180536056250855
-1.50856486148784	0.759478247028092
-1.68977730874814	0.950240382325095
1.04459638890115	0.495573049358365
-0.236295434458238	0.0760318807121589
0.506636186737087	0.178613076266429
-0.734865258526109	0.250732421647056
-0.117660477054644	0.0467865531553836
1.44780311038183	0.477066495630919
1.44450447975593	0.475941549703467
0.12766278679512	0.0481491979841494
-0.241543381848446	0.0777055848228126
0.948768757521975	0.248549269795159
-1.52304226528151	0.540703452519057
-2.08553743334962	0.941412888325459
-0.542682107954062	0.204015443104983
-1.29802782774478	0.579253782835915
-0.116744249017674	0.0464304413870714
-1.5082900806176	0.75898051972622
0.130075947991101	0.0555608156022176
-0.32957820021637	0.15232381958644
-0.741510950758259	0.253188727186893
-1.29882542782854	0.579669605589987
0.589464667908567	0.304977824579916
-2.57669595250488	0.657559862268914
-0.0714339723813015	0.0315011656210012
-2.35740018552927	2.15213685177542
-1.5082900806176	0.75898051972622
0.345421121438385	0.172526694098006
-1.04359432816695	0.410701746871047
0.154509067766894	0.0289541162362231
-0.081993630823869	0.0360437885764915
-0.804932981069989	0.439180198783289
0.155067569950451	0.0290355764553768
-2.5766529574574	0.657773148602288
-1.14171114622793	0.344693702322242
-0.632424041671007	0.152580102364835
-0.628733247343677	0.151688343674084
-1.52275201069355	0.540627902821117
0.154509067766894	0.0289541162362231
0.155111385030128	0.0290417527313876
-0.354815349846941	0.101888689175609
-2.57968420714322	0.659073447553718
-0.628733247343677	0.151688343674084
0.660932155782147	0.207694635746326
-2.57669595250488	0.657559862268914
0.155067569950451	0.0290355764553768
-0.9997077483258	0.49337363041305
0.653245802516738	0.205089848433872
-1.14499995487719	0.345855392571373
-2.5766529574574	0.657773148602288
0.586752810057648	0.302645289679449
-0.814786343256825	0.446500409310854
0.772174795113499	0.457923849616105
0.670737684854578	0.308719803763878
1.51995566399165	1.29902870606788
0.34106116939447	0.170418205029306
0.583066584668089	0.300637050268669
0.144640697621443	0.0425017414545061
-2.5766529574574	0.657773148602288
-3.45967591146264	1.22746502283364
-0.669106870376081	0.400647757384
-0.172323794216928	0.061695096887414
0.143231568712453	0.0420634101782781
0.155067569950451	0.0290355764553768
-2.5766529574574	0.657773148602288
-0.16719037374262	0.0598638290738506
0.801855724958264	0.329978129287869
-4.01226246083748	1.72475882924761
1.02248687611089	0.381157405723936
-1.34857939454562	0.847093834063303
0.162357836679133	0.0405597098553547
-3.45945095257726	1.22747869975084
1.81767719681703	0.704324972687456
0.675594516512847	0.311264479842621
0.5126703877852	0.180806312829072
0.807528635845388	0.332541409655835
-0.628733247343677	0.151688343674084
0.33910005564067	0.169268185347465
1.60069011034326	1.10454824460991
1.44922258720914	0.477763268309402
-3.08189869996978	0.9470994296719
-0.354809804669678	0.101824397658975
1.44922258720914	0.477763268309402
-0.238300485260816	0.0767056206772632
-0.416721433130721	0.173542959977968
0.160583229502904	0.0401661733691417
-0.621686679461025	0.297492094197077
-0.624143741591422	0.299051711455743
-0.234438841107355	0.0754307260806296
0.802489056255948	0.330144551890374
-1.52527766014307	0.541726073904961
0.510839396613925	0.180141996770445
4.16921395377231	1.96613153904457
-0.355401168227563	0.102014834884787
0.661517102334111	0.207824976675168
4.16730154885901	1.96585814036702
0.773799648871031	0.459313018388843
-2.08622677743602	0.941367239108157
1.44899109330448	0.477667123734845
-0.792617263209445	0.34408015271057
0.140609521820489	0.0413743325045252
-1.50703283047852	0.757667053611888
-1.52527766014307	0.541726073904961
-1.30306677357967	0.582294175956165
1.44899109330448	0.477667123734845
-0.739897287341956	0.252561528714207
-1.52896155531942	0.543366808154917
-1.29860074136172	0.5797920330012
-0.736131442714986	0.251191396874175
-0.538391637447097	0.202241097472968
0.165103009331824	0.0411253937349734
-0.35569023027487	0.10209347470967
-0.625147504143598	0.299243250286022
-0.417667064408584	0.239112745891377
-1.79839614394125	0.382877807711208
-1.79839614394125	0.382877807711208
-1.79840965860499	0.382877827643389
1.44839669376933	0.477459847846965
1.31820345742129	0.565738028702838
-1.29318528584883	0.57616602568844
0.154465593370314	0.0289479903375428
-0.628733247343677	0.151688343674084
0.654121684946124	0.205433467520013
0.94820175004088	0.248479682375772
0.160221796316651	0.0401166927693931
-0.626075023442282	0.151167646950723
-1.79840965860499	0.382877827643389
-2.4612985833549	2.43038785548123
-0.541404043902354	0.20353687445987
0.660932155782147	0.207694635746326
-0.0442415326044782	0.0210896138943911
-0.197981786635598	0.107213816117182
-0.415181751888503	0.173101618298361
-0.233964530152622	0.0753172914260115
-0.556797697572101	0.356094683459081
-0.54346877962796	0.204399150899749
1.75836423143201	0.962753553234379
0.16045117802105	0.0401558290866076
-0.359725191866461	0.103238313016327
-1.79840965860499	0.382877827643389
-0.35569023027487	0.10209347470967
1.3150863687139	0.564688556451063
-1.1413415008172	0.344450233445194
0.155111385030128	0.0290417527313876
-0.628733247343677	0.151688343674084
0.154465593370314	0.0289479903375428
0.801571141201532	0.329656916274671
1.02626205148491	0.382823634565729
1.03933408515551	0.492573720159458
0.425842843580689	0.168023318876402
0.132382889280095	0.0439989008298304
1.54737158203618	0.750034770693234
0.135364021327178	0.0449437078279942
0.120913347439183	0.0403143441681079
-0.786064001710535	0.340634932199196
0.659324643575319	0.207123110468657
-2.49492790464483	1.38266355445116
-1.14260761039773	0.345006924269412
0.950998501270056	0.249196467275389
1.02651128578825	0.383050193875148
-0.5431188895219	0.204245277624117
0.658448437247608	0.206865271021461
-2.0888812011404	0.943710245621911
2.3386469338706	1.1463460110087
3.63331351050508	1.42008896661082
0.510839396613925	0.180141996770445
-0.259500572573262	0.131251778546968
-0.238300485260816	0.0767056206772632
1.0657186796094	0.646544626684046
-1.0419816315643	0.409976007162161
0.156070095129669	0.0391676647119387
1.95786695174359	0.441149378722158
2.24943148771765	1.71339843178483
0.135983782260437	0.0400782901589669
-1.29468583724064	0.577050898837199
-0.539661343528338	0.202765677037844
0.144389940892798	0.0424393237157952
0.142306377840433	0.0418148962103769
-1.00031169490348	0.493505974173506
-0.236865950236819	0.0762080730306188
-0.53874057789979	0.202401825815006
-1.83132702405761	0.74028277145384
0.128919301055159	0.0428813133463191
-0.241543381848446	0.0777055848228126
-0.354809804669678	0.101824397658975
0.142892234362748	0.0419793224062305
-1.5292536270854	0.543488048058857
-0.245548153424958	0.207494207940816
-1.25842546023966	1.18331392329081
-0.552819370995488	0.352864512120034
-0.080092956338835	0.035249618286535
1.95731570776637	0.441000340195791
0.132732885510209	0.0441080605497273
-0.236642536873473	0.0761450888689269
-1.11092246847841	0.766990278713595
-0.70165614185521	0.62011034388436
-0.797398378478996	0.616378671400762
0.152050960400409	0.028630259939513
0.152050960400409	0.028630259939513
-0.628733247343677	0.151688343674084
0.159402290839324	0.0399177124259514
-1.79839614394125	0.382877807711208
2.75868832531345	0.765017792149168
-3.45967591146264	1.22746502283364
-2.57963910438406	0.659061212358043
-0.738079783119958	0.251987608125061
0.512948788838409	0.180923723722652
0.420710921124661	0.165871172191323
-0.738670030097319	0.252119567169358
-2.57669595250488	0.657559862268914
0.156304884454214	0.0392194704826931
1.80952767495421	0.700621417412104
1.95731570776637	0.441000340195791
0.161187797961992	0.0402267591628498
-0.626075023442282	0.151167646950723
0.159859477622278	0.0400192334307773
-0.628299579656606	0.151558046801791
-0.121352846510502	0.0482535926174825
-0.540486497816113	0.203240784979243
-0.628867026021838	0.151670609188118
-0.114531033021198	0.0455888758023028
0.670813889422589	0.308682359286234
-1.50913178764052	0.759807100505666
0.987259082407518	0.808198002280895
-0.53874057789979	0.202401825815006
0.669900234787502	0.307847468714531
0.137427081968539	0.0455820755982064
0.162952579336367	0.0406858836130456
1.02329749324129	0.381582146499257
-0.539312347732804	0.202625351504848
0.516414683304658	0.182180363838712
2.10404963108371	0.926287358542244
2.10661966239409	0.927129156443633
-0.624465346012822	0.299268395966845
0.5126703877852	0.180806312829072
0.164866646813102	0.0410606750914948
0.161043695584893	0.0402684742968713
-0.628164901903538	0.15157555358925
-0.789083391693148	0.34215026874497
-1.83132702405761	0.74028277145384
2.72487913013225	1.6352217084451
0.126279530758567	0.0476107769003057
-0.240061032815783	0.077222364016591
1.04780700199927	0.497914055094941
0.128338588542606	0.0483629401375905
-1.51992765687568	0.767413432668073
-1.52585303078124	0.541962051097293
0.511187733730715	0.180331422147582
0.511535984561553	0.180463547184556
-3.45967591146264	1.22746502283364
-0.167973568861706	0.0601248969281319
0.143231568712453	0.0420634101782781
0.802138012530807	0.329972517070534
-0.628164901903538	0.15157555358925
0.132032810243933	0.0438841642048134
2.75807933893485	0.764710363024488
-1.52527766014307	0.541726073904961
0.131541520016344	0.0437194079588842
2.10114269367742	0.924635433318668
-0.352915395102444	0.101358152963712
0.13571412709247	0.0450530753488282
-0.627648051161859	0.300886351315126
0.421057115552697	0.166017922839267
-0.631994988626399	0.152498044571477
0.159402290839324	0.0399177124259514
0.804765006705712	0.331183851246171
1.81456677210567	0.703082758766755
2.75580772001712	0.763760469153332
1.44922258720914	0.477763268309402
3.63331351050508	1.42008896661082
-0.360018151462565	0.103295990712749
1.8135291528185	0.702758164322864
-0.236295434458238	0.0760318807121589
-0.546721476711003	0.205754407122626
-0.738670030097319	0.252119567169358
0.122438461006635	0.0462113789063196
0.156661115950913	0.0392800358899383
0.155111385030128	0.0290417527313876
-0.44402150405741	0.345102508020003
-0.627648051161859	0.300886351315126
-1.1412568453231	0.344431220445032
-0.417498560054849	0.174105987349017
0.696814804036146	0.455734032945777
-0.963308301494153	0.59303696199852
0.515423370933994	0.18166352802113
-0.628299579656606	0.151558046801791
-1.04453512123014	0.411299191300165
0.132818306992871	0.0441045823654671
-0.153121885205151	0.0873122816259203
-0.411927679691464	0.171559111174735
0.133262762282793	0.0639307077813112
-0.341759434277134	0.207583122829008
-1.79840965860499	0.382877827643389
-1.79840965860499	0.382877827643389
-1.79840965860499	0.382877827643389
2.75580772001712	0.763760469153332
1.95786695174359	0.441149378722158
-0.628299579656606	0.151558046801791
-2.5766529574574	0.657773148602288
1.95731570776637	0.441000340195791
0.15144823932183	0.0285426379557898
-0.236865950236819	0.0762080730306188
-0.54346877962796	0.204399150899749
0.950858461556905	0.2491584305819
0.157325350109871	0.02936446462458
-1.84029937428055	0.744713906655544
-0.631003887082057	0.302869251450465
-0.354815349846941	0.101888689175609
0.155111385030128	0.0290417527313876
0.163185820804974	0.0407257646525502
2.75641316563256	0.763778311858285
0.506985941033904	0.178701728610087
-0.200123576841566	0.108371515494428
-0.236642536873473	0.0761450888689269
-1.29388110726104	0.576654901330229
-1.79840965860499	0.382877827643389
0.159859477622278	0.0400192334307773
0.0131204437390068	0.00719150070376131
-0.0777810266934077	0.0342469158484829
1.43737268018159	0.879918298654397
0.138189263351201	0.0662692522527709
-0.996575012288978	0.491627733478489
1.09721674046565	0.832811167886543
0.846924660753789	0.622828715870156
-1.18304370493129	0.660290884845088
-0.41358116346959	0.172227997670108
0.658157600688591	0.206837664845118
-0.741510950758259	0.253188727186893
0.328406233525666	0.182280751569256
-1.52585303078124	0.541962051097293
0.801571141201532	0.329656916274671
0.341379155886314	0.170195448745096
-0.410012890354826	0.170651003130304
0.159859477622278	0.0400192334307773
-3.08203048704882	0.947509650360219
2.75580772001712	0.763760469153332
-1.53105076095787	0.544124626485143
-0.539312347732804	0.202625351504848
-0.505877258469351	0.266934879730038
-0.585218791408793	0.430015474368883
0.162952579336367	0.0406858836130456
-0.0784324197780788	0.0345177385183641
-0.114208159166471	0.0454613905002761
0.155067569950451	0.0290355764553768
0.14371839260098	0.0422424410228484
2.54427735653569	1.37734833843962
-0.739003822726622	0.252222384495429
0.658449623497539	0.206846818911275
-1.50806167447291	0.75852900058031
0.880736150004461	0.466270264133384
0.51408290047205	0.181384498788784
0.126543144272307	0.0540223218243271
3.9275816800867	1.70263786398349
1.31240282325545	0.562988742832529
0.807879873143069	0.332714052130745
0.883522598319616	0.46852696737076
0.127740324846529	0.0481396538224244
-1.3470251795022	0.845925924094245
-0.533553868666412	0.200268133849916
0.674075603168132	0.310361240164618
1.5520922495992	0.753268069075162
0.94820175004088	0.248479682375772
0.428285671446016	0.169094775343879
-0.233742966580479	0.0752394538943447
0.145764885985373	0.0427233550222621
0.586892226083895	0.303220119937997
0.58565092474121	0.302565370854111
-1.51614997427971	0.764421592544371
0.672629906043189	0.309282557379997
-1.00522254243229	0.496885553005772
1.8135291528185	0.702758164322864
-1.79839614394125	0.382877807711208
-1.29445710557565	0.57719309643802
-3.08216231491203	0.947551973079846
-0.796967464341819	0.346381482438295
1.44958631087756	0.477702557005987
-0.628599509856641	0.151612619227975
-2.57669595250488	0.657559862268914
-3.45945095257726	1.22747869975084
-2.57963910438406	0.659061212358043
-0.355112179440658	0.101904546481095
-0.256645170434103	0.129796006694075
-0.790856126479565	0.343201648006092
-0.326393633173898	0.150521800029804
-0.168098950998947	0.060182556134742
-3.08216231491203	0.947551973079846
-0.355401168227563	0.102014834884787
0.425167304475746	0.167813808376943
-1.19050618348565	0.66583259298289
-0.117044285120093	0.0466007492952659
-0.539661343528338	0.202765677037844
-3.08203048704882	0.947509650360219
-0.628164901903538	0.15157555358925
0.133868704041977	0.0444524744567928
-0.683717509379777	0.483274030246152
-1.79840965860499	0.382877827643389
0.156070095129669	0.0391676647119387
3.26508709738097	1.10261522135605
-1.79840965860499	0.382877827643389
-1.79840965860499	0.382877827643389
-1.79839614394125	0.382877807711208
-2.5766529574574	0.657773148602288
-2.57963910438406	0.659061212358043
-1.79839614394125	0.382877807711208
1.95731570776637	0.441000340195791
1.44862736407577	0.477555630338169
-1.14559783756009	0.346052129596875
-0.36377836325993	0.104348730459055
2.10484529049321	0.926120631345201
0.138692748947246	0.0459791022798751
2.1031177894695	0.925795147014246
0.14380305748793	0.042271222114559
-1.79840965860499	0.382877827643389
1.95731570776637	0.441000340195791
-3.0857009920368	0.949295045119167
1.44839669376933	0.477459847846965
3.63629792702422	1.42164529184574
-0.535972986453295	0.201305640312495
0.425281606664403	0.167780963846818
1.95731570776637	0.441000340195791
-2.5766529574574	0.657773148602288
-0.171762117804328	0.0615057733921786
-1.69337605577332	0.953224222592698
0.374944396111701	0.16646799579139
0.379721221237639	0.16864819385015
0.511315925469962	0.180318053690652
2.1062553957088	1.44232625883908
-0.327327316509723	0.150954637070045
0.947770742439721	0.248281535275256
-1.00075889534507	0.494647107908871
0.801855724958264	0.329978129287869
-1.13849635482287	0.34354887893789
0.885454295355372	0.469782072585527
1.81011419433809	0.700628315633627
1.44785372417853	0.477041110592846
0.38121548021087	0.169383601621866
0.128673280033835	0.0484868522338571
-3.08216231491203	0.947551973079846
1.95988292961267	0.441702177751728
0.155067569950451	0.0290355764553768
1.95786695174359	0.441149378722158
0.660638687988492	0.207526442563452
1.44862736407577	0.477555630338169
0.880674235537621	0.466970077335854
0.51386494250992	0.181311218287051
1.80894124091292	0.700425017401662
-0.738079783119958	0.251987608125061
-1.14171114622793	0.344693702322242
-3.08216231491203	0.947551973079846
0.147848686423209	0.0433479015633612
2.33842592547281	1.14619164851825
0.948768757521975	0.248549269795159
1.0238833519431	0.381787644807647
-0.737745529684395	0.251848226779474
1.55174017229736	0.752717131207676
-0.354809804669678	0.101824397658975
1.5520922495992	0.753268069075162
-0.236642536873473	0.0761450888689269
-0.628164901903538	0.15157555358925
1.31161763457028	0.562749823451238
1.43718872687132	0.880018013600312
0.139436459089769	0.0410524321785509
2.09623186676469	0.921454672983403
0.660054375205789	0.207294450910716
1.44981862951738	0.477799018830262
-0.540486497816113	0.203240784979243
0.658157600688591	0.206837664845118
-0.621364549348226	0.297314514339653
1.55230573373748	0.753147839021799
0.950858461556905	0.2491584305819
0.155111385030128	0.0290417527313876
0.421616261221355	0.166276240508206
-0.786064001710535	0.340634932199196
0.159992352718576	0.0400538861334557
0.160221796316651	0.0401166927693931
2.10021124048698	0.924077935460336
-0.999167083585943	0.493010859676662
-0.790219131055702	0.342560224844598
-0.536322009305803	0.201466150653051
-0.354519585455166	0.101776151388844
-1.79840965860499	0.382877827643389
-0.628164901903538	0.15157555358925
-0.35569023027487	0.10209347470967
-3.08203048704882	0.947509650360219
-0.355112179440658	0.101904546481095
-0.350341760939021	0.284005469173811
-0.275754076452237	0.173902240696904
-0.665188739952908	0.39710741589544
-0.411746492353726	0.171554824556765
-0.414248785891065	0.172553623155678
-0.168546965623966	0.0603841425337226
-1.49183614616713	1.04526896364508
-0.670141508838271	0.401424211281051
0.130920287619515	0.0493322328761646
0.370917140498964	0.164420189737692
-0.234881985943443	0.0755878057926229
-1.79839614394125	0.382877807711208
-2.57660997484294	0.657538252319339
0.155067569950451	0.0290355764553768
-2.5766529574574	0.657773148602288
1.95786695174359	0.441149378722158
-1.79839614394125	0.382877807711208
-1.1414839653338	0.344622990730584
-2.5766529574574	0.657773148602288
-3.08189869996978	0.9470994296719
-3.45945095257726	1.22747869975084
0.160583229502904	0.0401661733691417
0.94820175004088	0.248479682375772
-0.242459551461214	0.077947382082456
0.155067569950451	0.0290355764553768
0.658741078701816	0.207014004441108
-4.01160255769466	1.72433692110226
0.510967914253512	0.180245566763838
0.131814043124596	0.0438161720723548
-0.628164901903538	0.15157555358925
-0.628867026021838	0.151670609188118
0.512103476504473	0.180655514559587
1.44899109330448	0.477667123734845
2.73195194020229	1.64195031995044
-0.625937070321993	0.151091209012893
-0.168883481879203	0.0604274159651903
0.950426851449918	0.249037516760643
0.536930941594384	0.310248338473953
0.882873891927137	0.467869883524531
-1.0438234260038	0.410788519057193
0.659324643575319	0.207123110468657
4.16980166935744	1.96660776661609
1.04424975463849	0.495554192271584
0.371944582260493	0.164857402503053
0.514780733836532	0.181589698987139
1.04302207258716	0.494997011858153
-0.325772973836945	0.150225747425239
1.31565227991103	0.564944763794614
3.26284822825054	1.10169382604423
0.805253363228048	0.331394396791794
-0.167409271163493	0.059935085601386
-1.52468217246603	0.541450953371581
0.948768757521975	0.248549269795159
-0.356367399040958	0.102345848061694
-2.57660997484294	0.657538252319339
-1.79840965860499	0.382877827643389
-3.08203048704882	0.947509650360219
-0.737745529684395	0.251848226779474
-0.354525819937872	0.101778275735803
-1.28972113382496	0.574199092676088
1.31543636736156	0.564668618767136
-0.414849585401539	0.172825872337049
0.131190430440417	0.043607248787474
1.31110478579583	0.562358978556018
0.160221796316651	0.0401166927693931
0.133651056800119	0.0443846032753033
-0.540233723322025	0.202917482560003
0.660347295989593	0.207462296247491
0.155111385030128	0.0290417527313876
3.26345542626113	1.10199860979414
-0.164744037178764	0.059028259963585
-1.04290235412753	0.410559570501728
0.660932155782147	0.207694635746326
-0.738414128880846	0.252090639638632
2.09995861282333	0.923872580873855
0.515848504972472	0.181937471471781
0.425065527869463	0.167656114427908
0.424719696521905	0.167520800855861
0.658157600688591	0.206837664845118
-0.631994988626399	0.152498044571477
0.948768757521975	0.248549269795159
-0.737745529684395	0.251848226779474
-1.04301992355331	0.410276167990221
1.81264504950119	0.702404900566408
0.132732885510209	0.0441080605497273
-1.14171114622793	0.344693702322242
0.94820175004088	0.248479682375772
1.81323362267005	0.702723165703649
-2.57669595250488	0.657559862268914
1.31473628244331	0.564270657565622
0.155111385030128	0.0290417527313876
0.658741078701816	0.207014004441108
0.146922191196889	0.0431076767472804
-0.354809804669678	0.101824397658975
-0.969688836542503	0.598605784844084
-4.41182236634418	2.21034035519034
-3.46345495606107	1.22933734600421
0.161043695584893	0.0402684742968713
0.156304884454214	0.0392194704826931
0.510967914253512	0.180245566763838
-0.740148737877288	0.252718341140933
0.154465593370314	0.0289479903375428
0.279916426835283	0.228162171361985
-0.970627955723922	0.598898776078844
-0.980394583017716	0.974264709781979
-0.78537681039936	0.340290544519683
-0.626066589995686	0.299656017411652
-1.04630043534404	0.412061137796638
0.147848686423209	0.0433479015633612
0.134446827346684	0.044648821058174
-0.628164901903538	0.15157555358925
-0.354229439997714	0.101697261087168
0.144054213480702	0.0423469198905259
-1.35134397801125	1.12341982086227
-0.118253503079345	0.0470100497471401
-1.79840965860499	0.382877827643389
2.75807933893485	0.764710363024488
-0.628030265547787	0.151499678636842
0.15144823932183	0.0285426379557898
-2.5766529574574	0.657773148602288
-0.632563406792844	0.152610991116788
-3.46299441124492	1.22953362528533
0.950426851449918	0.249037516760643
-1.79839614394125	0.382877807711208
0.162719274583833	0.0406219991153643
-1.14559783756009	0.346052129596875
-1.04186502485552	0.409908817117415
-0.35569023027487	0.10209347470967
0.155111385030128	0.0290417527313876
-1.79840965860499	0.382877827643389
0.65757421006213	0.206588655278929
4.16416878488742	1.96341587712626
1.55131108864054	0.752026296695743
-3.45945095257726	1.22747869975084
-2.08553743334962	0.941412888325459
-1.79840965860499	0.382877827643389
0.155067569950451	0.0290355764553768
0.377786837575273	0.167726927816864
3.92389000551089	1.70054361221532
-0.806670717383174	0.537374555657461
-0.0705233598923363	0.031109121640894
-0.0766234130521355	0.033718032708427
0.659032459281836	0.207041754611057
0.802489056255948	0.330144551890374
0.162357836679133	0.0405597098553547
1.75073105047627	1.35334865521194
-1.52984634403446	0.54376252749597
0.15963091503218	0.0399802605532864
0.660054375205789	0.207294450910716
0.658448437247608	0.206865271021461
-0.538867626524031	0.202372193079411
1.25591455534448	0.680097858973745
0.658741078701816	0.207014004441108
1.95731570776637	0.441000340195791
1.95731570776637	0.441000340195791
-2.57968420714322	0.659073447553718
-0.353939368265063	0.101586834148653
0.16045117802105	0.0401558290866076
2.1031177894695	0.925795147014246
0.162952579336367	0.0406858836130456
0.948337549654709	0.248516516252871
0.511755072041239	0.180523302881905
0.146670376003709	0.0430346600388633
-1.14171114622793	0.344693702322242
-1.82841297073294	0.73863065228361
-2.30383287964351	1.15080880271623
0.159992352718576	0.0400538861334557
0.154465593370314	0.0289479903375428
1.81294103662311	0.70256079058948
1.01961500222098	0.379984696878922
-1.51262029806075	0.762329863284607
0.658448437247608	0.206865271021461
-3.76165974462818	1.48222195957514
-2.49130517577134	1.3793138866032
1.95786695174359	0.441149378722158
0.13132857528406	0.043642788977823
2.10055021952577	0.924312412659368
0.144725574883443	0.0425191258680454
0.808231026632447	0.332766886176791
0.658157600688591	0.206837664845118
0.658741078701816	0.207014004441108
1.02558467001725	0.382518749728777
-1.14583039258107	0.346039770541419
-1.52304226528151	0.540703452519057
1.44862736407577	0.477555630338169
1.31798968775981	0.566002482239596
-1.29515319796898	0.577477426894068
0.12766278679512	0.0481491979841494
0.13422930794267	0.0445728055584624
2.3415744993868	1.14854547995181
-0.236865950236819	0.0762080730306188
-0.409083068223129	0.170290860377214
-0.536101171148354	0.201337796547223
-1.14171114622793	0.344693702322242
-1.52525862148376	0.541687313963439
-0.23808408660897	0.0766242401144763
-0.191693027068782	0.128900871379553
-0.585872646827607	0.430239501293806
-0.253970938496623	0.128297219996624
-0.11854795863833	0.0471817731309927
-0.0766159341233539	0.0337214575869702
-0.408818837665921	0.170144478211642
-0.624501462907049	0.298906969740345
-0.68191298825001	0.482422863042075
-0.812086744982402	0.444592918895625
-0.802268161635636	0.534608547014963
-0.35262379016767	0.101278913820777
-2.57660997484294	0.657538252319339
0.155111385030128	0.0290417527313876
1.95731570776637	0.441000340195791
-1.79839614394125	0.382877807711208
0.155067569950451	0.0290355764553768
-3.08203048704882	0.947509650360219
-3.46322465260564	1.22963503158779
1.0239728358881	0.381885834911352
-1.83105982818556	0.740099638711398
-0.628599509856641	0.151612619227975
0.15144823932183	0.0285426379557898
0.658741078701816	0.207014004441108
-1.14499995487719	0.345855392571373
-0.628733247343677	0.151688343674084
0.948905461162112	0.248586345985544
0.948337549654709	0.248516516252871
3.9232513707374	1.69997531930461
-1.04301992355331	0.410276167990221
-0.628516191143665	0.301330111365903
1.3150863687139	0.564688556451063
-1.04290235412753	0.410559570501728
0.51408290047205	0.181384498788784
1.06466108057026	0.64454593824045
-0.0127405192696043	0.0064271620643665
0.127329099679244	0.0480229321825531
0.129123622574618	0.0619415884507109
0.130065743557369	0.0555465276491602
1.38301964407515	1.06671633935633
-1.48353359187259	1.0358389312568
-4.01624972536839	1.72772773472485
-0.34017495700453	0.20623542562523
2.34192571099863	1.148837051844
2.10080345028195	0.924400736993524
-2.0888812011404	0.943710245621911
1.02880620938241	0.38386800333252
-0.328213411940456	0.151539178014274
0.16045117802105	0.0401558290866076
0.373180610877933	0.165574351861478
0.155713854733082	0.0390835596706886
0.944504519928106	0.247598335656165
-0.628733247343677	0.151688343674084
0.658448437247608	0.206865271021461
1.56203359109958	0.759214011226535
-0.0744033715227707	0.0327794845530911
-0.119575292361138	0.0475678129859071
0.144389940892798	0.0424393237157952
1.31720885231934	0.565233906318953
-2.8040248595005	1.88428834714041
1.25684059841494	0.681084009430529
1.30729482478471	0.560238424285418
2.3415744993868	1.14854547995181
0.66698042724415	0.306554705615375
-0.167754072609883	0.0600616127897958
-0.354815349846941	0.101888689175609
-1.52499008340819	0.541418114624462
-0.666325170629069	0.398886576231929
2.10055021952577	0.924312412659368
0.377522545229957	0.167567105298898
0.144304320671072	0.0423970373819599
-0.628164901903538	0.15157555358925
-0.41132889398855	0.171302358575038
2.5452226219926	1.378586498706
2.11125002735022	1.44831699487123
1.76115464897912	0.964950415738371
-1.85505804801774	1.16199339565662
-1.83204837870805	0.740355357023383
1.81294103662311	0.70256079058948
0.801786885039242	0.329686341918844
-1.50954858063363	0.759406995999744
0.653826927429073	0.205337088996143
1.81604086904786	0.704001590638153
-1.30183726033204	0.581473526972169
0.950858461556905	0.2491584305819
0.667910039261565	0.30706346862549
0.131850096082115	0.0496765164754003
-2.5766529574574	0.657773148602288
2.75807933893485	0.764710363024488
-0.117660477054644	0.0467865531553836
0.130894531886353	0.0435089375277545
-0.0422535120116957	0.0201658288099811
-1.00395217666584	0.496433034650267
-0.737745529684395	0.251848226779474
0.154509067766894	0.0289541162362231
-0.573032435655538	0.527343629146778
-0.116927933855115	0.0694315965304124
1.4390502071259	1.63350689643893
-0.00683948238932377	0.00350520448247839
-0.512183606781156	0.271122218829645
-0.54346877962796	0.204399150899749
-0.339342319739852	0.205663660941728
-1.50651106541178	0.757648389188625
-0.632424041671007	0.152580102364835
0.155067569950451	0.0290355764553768
-1.79840965860499	0.382877827643389
3.26284822825054	1.10169382604423
0.155111385030128	0.0290417527313876
0.948337549654709	0.248516516252871
-2.57968420714322	0.659073447553718
-0.735201728577998	0.25087231236032
-1.79840965860499	0.382877827643389
-1.14583039258107	0.346039770541419
-0.628299579656606	0.151558046801791
-1.79839614394125	0.382877807711208
-1.52527766014307	0.541726073904961
-3.08556356757563	0.949512459473102
0.948337549654709	0.248516516252871
0.144976980831471	0.0425943260188831
0.149551069550847	0.043790750343374
-2.49119644412757	1.37909180287789
-1.52527766014307	0.541726073904961
0.94820175004088	0.248479682375772
2.75520320904554	0.763197913000704
-0.746468959039539	0.255084183402722
0.427094552562733	0.168477934254199
-0.0131109921299256	0.00659045628400858
0.526925076112205	0.303208260387641
0.127811645941547	0.0481547579411935
0.852412424726991	0.628164085516226
1.23049469435749	0.843991763756626
0.530890073192666	0.306271327214717
0.128207874514498	0.0547381959713476
1.02363521199244	0.381873400117373
0.698248631611684	0.457018799540781
1.44899109330448	0.477667123734845
0.513516136888496	0.181178716343693
1.02338601426445	0.38161996773056
1.59978379272755	1.10397520673989
1.0687876575337	0.648549904107086
0.428631067442515	0.169230176789531
0.162125356869158	0.0404960611383205
1.95731570776637	0.441000340195791
0.658741078701816	0.207014004441108
1.2540162666677	0.678629053894652
-0.233742966580479	0.0752394538943447
0.159992352718576	0.0400538861334557
1.02709860167831	0.383182847467804
-1.0465244135449	0.412299764954399
1.0465573597421	0.496941985086031
-0.535752039699562	0.201197678787455
0.154465593370314	0.0289479903375428
-0.235754205237999	0.0758930201795801
-0.121137147104356	0.0481642409499079
-1.83671000980052	0.742902778346684
1.02533495299364	0.382457756692076
1.44839669376933	0.477459847846965
0.947770742439721	0.248281535275256
0.159859477622278	0.0400192334307773
-0.352328640216398	0.101201570764145
-1.79840965860499	0.382877827643389
0.801855724958264	0.329978129287869
1.5524442422019	0.753203287410312
0.319593906415559	0.193691991508389
-1.34921108387048	0.847329478795665
-1.3526237174163	1.12610275109174
0.344207795805188	0.171857661229965
-0.537020300726747	0.201726380349835
2.1037096154536	0.926051884063359
-1.52439405688463	0.541142934209623
0.132382889280095	0.0439989008298304
1.02363521199244	0.381873400117373
1.76191854127478	0.966069659943695
0.509175451887884	0.179500092399481
-0.414515563910564	0.172670310722692
0.147173024714353	0.043149325154862
-1.05120492037028	0.414443813999069
-0.355394630173918	0.102015543768339
-0.683421165497334	0.483505099471887
0.157437584962809	0.0836373381419274
0.770955849099035	0.456911836308705
-1.05085567955959	0.414282430800086
-0.628599509856641	0.151612619227975
-1.14284398403614	0.345169869447138
-0.231409214332045	0.0745090449257407
-0.539661343528338	0.202765677037844
-0.788395480319902	0.341804995882944
-1.79839614394125	0.382877807711208
0.155067569950451	0.0290355764553768
0.155067569950451	0.0290355764553768
-1.79840965860499	0.382877827643389
-3.08556356757563	0.949512459473102
-0.63185471444008	0.152466960619287
-0.628599509856641	0.151612619227975
-3.08203048704882	0.947509650360219
-2.5766529574574	0.657773148602288
0.94820175004088	0.248479682375772
-1.52525862148376	0.541687313963439
0.51386494250992	0.181311218287051
-0.538391637447097	0.202241097472968
1.22425444377077	1.02636717623817
-3.08556356757563	0.949512459473102
1.95731570776637	0.441000340195791
0.658157600688591	0.206837664845118
-1.17703894346314	0.655005822995283
-0.80431134713055	0.438959309026121
0.136911458661761	0.0515275814866284
-0.107828832116709	0.0638429821980562
1.02304894811125	0.381607715308403
-1.29168000855152	0.575539877969775
-0.169008421659159	0.0604879259203808
-3.08203048704882	0.947509650360219
-0.415924051904185	0.173484617546305
0.511535984561553	0.180463547184556
0.144389940892798	0.0424393237157952
0.944504519928106	0.247598335656165
0.512321829500026	0.180674048803135
-1.29388110726104	0.576654901330229
-0.789650928512862	0.342421974551524
-1.00075889534507	0.494647107908871
0.154465593370314	0.0289479903375428
0.657283842665822	0.20642210460759
0.154465593370314	0.0289479903375428
0.658449623497539	0.206846818911275
-4.01127274087298	1.72385346831695
2.5437102301488	1.3769190112143
-0.237783836658627	0.0764730781037413
0.135364021327178	0.0449437078279942
0.880148600822102	0.465798141511016
0.803834759846622	0.330669806288606
0.908960850403047	0.789147773064661
1.2548644764088	0.679177247891947
0.426057714386364	0.168088710052056
-1.29825184667106	0.579597355540298
-3.08203048704882	0.947509650360219
-0.628599509856641	0.151612619227975
0.666125335326482	0.306001775989962
1.31161763457028	0.562749823451238
-0.63185471444008	0.152466960619287
-1.14088544605048	0.344426431780091
0.658741078701816	0.207014004441108
-0.234659925712008	0.0755339906287207
-0.237783836658627	0.0764730781037413
-0.406180202953866	0.168916833827751
0.511535984561553	0.180463547184556
1.44839669376933	0.477459847846965
0.804536923824999	0.330895189401249
0.159859477622278	0.0400192334307773
0.136064150045345	0.0451527296002601
0.948768757521975	0.248549269795159
0.15963091503218	0.0399802605532864
0.132732885510209	0.0441080605497273
0.67176133967809	0.308969462067512
0.508611512899089	0.179247425596536
-0.745882213757673	0.254774193994342
-0.603318087840832	0.494530050708971
-2.30476209042479	1.1515199403139
-0.236989724567202	0.0762485047293907
-2.30007213812399	1.14746925859003
-1.04290235412753	0.410559570501728
-0.405309765791087	0.230754593943253
-1.80123754984197	0.383647112861273
-0.63185471444008	0.152466960619287
1.95786695174359	0.441149378722158
-0.628599509856641	0.151612619227975
-0.63185471444008	0.152466960619287
-3.0857009920368	0.949295045119167
-0.533902974417272	0.200428318244093
-1.52556530925699	0.541887546993991
-1.14171114622793	0.344693702322242
-0.170856035041343	0.0611834573692003
-0.543250105928331	0.204305308908878
-0.735795036496609	0.251087692088149
-1.03964164372292	0.408955449510983
1.95731570776637	0.441000340195791
-0.738414128880846	0.252090639638632
-1.34826843547917	0.846993382955124
-0.043172968309498	0.0205891718215923
-0.54346877962796	0.204399150899749
-0.421948338333407	0.241718530499106
0.771565739384199	0.457400007430261
-0.624837249318542	0.299370553539413
0.475821236310808	0.325023245574879
-1.14559783756009	0.346052129596875
1.02499638904051	0.382165912389253
0.510089510074648	0.179877546335957
1.81235300959058	0.702242876396542
0.801084517559327	0.329506929263352
0.156304884454214	0.0392194704826931
0.160221796316651	0.0401166927693931
-0.257561173474428	0.130107527208455
1.02304894811125	0.381607715308403
1.81633531763119	0.703887329894944
-1.80123754984197	0.383647112861273
0.950426851449918	0.249037516760643
-0.359141638818634	0.103112871302961
0.88261256714855	0.467807154334079
-1.00395217666584	0.496433034650267
-0.241543381848446	0.0777055848228126
0.374402254410437	0.165957266705863
-0.632243941489255	0.303477189677079
1.75689924692463	0.960820487873194
0.939669398857072	0.634760062131297
-4.57994534098845	2.49755438351356
-1.2941091808211	0.576975974922849
-1.18586323787425	0.662169281444744
-0.0734384542323317	0.0323643349727654
1.55805296257806	0.757338935380643
-0.171978560989748	0.0615700655036388
0.943580321896533	0.637662939780161
0.147510896476738	0.0432547789402825
-1.29860074136172	0.5797920330012
1.95731570776637	0.441000340195791
1.31366843634341	0.563614405395139
0.135147068183463	0.0448731525122335
-0.538391637447097	0.202241097472968
0.585207466182842	0.301732347021464
0.425842843580689	0.168023318876402
1.31054152970832	0.562024590641149
0.424373787314051	0.167361463682442
0.658741078701816	0.207014004441108
0.159992352718576	0.0400538861334557
-0.738670030097319	0.252119567169358
-1.52217172198706	0.540157381117801
-1.29733006650978	0.578803317170819
0.370650988532887	0.164283149019924
-0.508113081422206	0.385625067268804
-0.738670030097319	0.252119567169358
1.02846670438308	0.383574973231276
0.424265519863284	0.167436585180397
-1.04290235412753	0.410559570501728
-1.15746948102286	1.01205949651365
-1.50925080405163	0.760072338394048
-3.08203048704882	0.947509650360219
-1.79839614394125	0.382877807711208
-1.79840965860499	0.382877827643389
0.155067569950451	0.0290355764553768
-1.79839614394125	0.382877807711208
-0.63185471444008	0.152466960619287
-1.79840965860499	0.382877827643389
-0.628733247343677	0.151688343674084
-1.80123754984197	0.383647112861273
1.02567343435987	0.382470463826608
0.803620921341924	0.330666152724973
-1.69337605577332	0.953224222592698
-0.80431134713055	0.438959309026121
0.147259813410519	0.0432007445014279
-1.79839614394125	0.382877807711208
-1.00433126300217	0.496955247543201
0.374077768613044	0.165818583952208
1.07331886117734	0.652443585048616
0.509738797084365	0.17970407358381
-0.328022892445496	0.151553658781087
1.43737268018159	0.879918298654397
0.346857826711674	0.173340690158869
1.04536760236631	0.496267966555643
-2.30441435077628	1.15122076767449
-0.930340285307871	0.685068200782214
-1.69694783625764	0.956763598468156
0.162125356869158	0.0404960611383205
0.14371839260098	0.0422424410228484
0.128338588542606	0.0483629401375905
0.162125356869158	0.0404960611383205
0.126850400325993	0.0541601948700295
-0.0711326750941348	0.0313698588392587
1.95731570776637	0.441000340195791
0.155067569950451	0.0290355764553768
-3.08189869996978	0.9470994296719
-1.14974325164212	0.347335128550777
-0.236865950236819	0.0762080730306188
-1.69694783625764	0.956763598468156
0.510399267871221	0.17998283956174
1.75892184559066	0.963246001757108
0.424719696521905	0.167520800855861
1.31310179325084	0.563385616536445
-1.52585303078124	0.541962051097293
2.33807558295589	1.14590125490883
-0.420739250391455	0.175588441965966
-1.83530553524322	0.742418988109019
0.15963091503218	0.0399802605532864
-0.738079783119958	0.251987608125061
1.31588138930954	0.564250255524611
-0.356071393990223	0.102241794383879
0.374726675195871	0.166060734227175
0.139840684433227	0.0463230227801565
-1.52556530925699	0.541887546993991
0.161043695584893	0.0402684742968713
-1.52866955783943	0.543083867430977
-0.806924470834439	0.440526610909245
-0.16684564485734	0.0597373941238438
1.37821337376319	1.06125919509711
0.802489056255948	0.330144551890374
-0.354815349846941	0.101888689175609
-0.737411368529038	0.251647475713659
-1.14088544605048	0.344426431780091
-0.964240988115756	0.593895178033102
1.81294103662311	0.70256079058948
0.144389940892798	0.0424393237157952
-0.241543381848446	0.0777055848228126
-4.41285827985521	2.21099204924989
-0.679734388440986	0.480174026463675
-0.81108055435304	0.542093594231607
-3.08216231491203	0.947551973079846
-0.355979365614545	0.102141358762928
-1.52556530925699	0.541887546993991
0.660347295989593	0.207462296247491
-3.76137421922742	1.48226291907169
-0.33281058362744	0.153827976075897
-1.83597776269255	0.742763952258261
-1.79840965860499	0.382877827643389
-0.628599509856641	0.151612619227975
-1.80123754984197	0.383647112861273
-2.57660997484294	0.657538252319339
-2.57660997484294	0.657538252319339
0.144976980831471	0.0425943260188831
-1.18613909098152	0.662207218310526
1.23704261670618	0.851504974617286
-0.169879968136509	0.0608416154288642
0.768443867258563	0.455397704673924
-1.79839614394125	0.382877807711208
0.133301116726748	0.0442849463266127
0.801294435982005	0.329722340410091
0.511755072041239	0.180523302881905
-0.171762117804328	0.0615057733921786
0.767148607433612	0.454197939218522
0.670495785883766	0.308175450251856
-0.669848713299674	0.401180043749942
0.87730549327442	0.464338198778869
-0.415049569622997	0.172744185489729
-0.233616960664733	0.0751877350099978
-1.00395217666584	0.496433034650267
-0.628733247343677	0.151688343674084
-1.18368562170677	0.660709817671553
-1.52468217246603	0.541450953371581
-3.08203048704882	0.947509650360219
-0.16684564485734	0.0597373941238438
-0.62621301873586	0.15115097520137
0.155111385030128	0.0290417527313876
1.95731570776637	0.441000340195791
-1.14088544605048	0.344426431780091
1.26312419060973	0.68545838984939
-0.742101285286405	0.253499136601578
-1.14536534536015	0.34589005605433
0.159859477622278	0.0400192334307773
3.92452877652187	1.70087632208659
-2.08484842220823	0.940993818731239
-0.738079783119958	0.251987608125061
-0.120813852462324	0.0480500438896859
-4.01193246433531	1.72463037714346
-3.08229418357021	0.947231644170671
0.510967914253512	0.180245566763838
-0.353939368265063	0.101586834148653
0.426188529242061	0.168158662567646
-0.543818752032067	0.204528065886448
0.128568405154016	0.0427795258685336
1.04334303236484	0.494914028912666
0.15547989361324	0.039031965106125
-0.738002720964575	0.251779850607704
0.421616261221355	0.166276240508206
0.808443090829137	0.332994891311029
0.950426851449918	0.249037516760643
-0.418432324070287	0.17452805778287
0.13393072866858	0.0641918694919033
-1.79840965860499	0.382877827643389
1.31218528243788	0.56311122145944
0.341768759934436	0.170660839612809
-0.628733247343677	0.151688343674084
0.661811042100157	0.2078534144171
-1.04630043534404	0.412061137796638
1.81515619836297	0.703574555319196
0.144976980831471	0.0425943260188831
-1.14559783756009	0.346052129596875
-0.418432324070287	0.17452805778287
-0.739220696441847	0.252380570526188
-1.2941091808211	0.576975974922849
-0.50746585234709	0.385026603540182
-0.341674029598066	0.207388132715761
-0.468200464548578	0.31421628650308
-0.790512071534418	0.343028422954392
-1.83597776269255	0.742763952258261
-2.5766529574574	0.657773148602288
-1.79839614394125	0.382877807711208
0.16045117802105	0.0401558290866076
-0.626075023442282	0.151167646950723
-2.57963910438406	0.659061212358043
-1.80123754984197	0.383647112861273
0.159402290839324	0.0399177124259514
-2.5766529574574	0.657773148602288
0.154465593370314	0.0289479903375428
-1.14088544605048	0.344426431780091
-0.628733247343677	0.151688343674084
-0.628599509856641	0.151612619227975
-3.45945095257726	1.22747869975084
-1.1414839653338	0.344622990730584
3.26224218729945	1.1009233569627
0.156070095129669	0.0391676647119387
2.75580772001712	0.763760469153332
0.674591952494631	0.31055320296409
-1.04687191417195	0.412486748895758
1.02685010343664	0.383062880383657
1.95731570776637	0.441000340195791
0.162952579336367	0.0406858836130456
1.44137686922547	0.884217397523827
-0.999437341583464	0.493311859213278
1.0444623770314	0.495719164594595
0.502286749661021	0.17690861219098
1.06829349317689	0.648849060512134
0.131463990676715	0.0437015090033304
1.81294103662311	0.70256079058948
0.776479066310609	0.461588906829984
-0.737154567775087	0.251538686589487
-1.50897634643426	0.759381379959404
-3.08216231491203	0.947551973079846
0.13571412709247	0.0450530753488282
3.63395648950567	1.42026036401428
-1.29353315609389	0.576437929846008
-1.69534511275488	0.955115886541348
-1.2941091808211	0.576975974922849
1.81323362267005	0.702723165703649
0.159402290839324	0.0399177124259514
-1.79840965860499	0.382877827643389
0.658157600688591	0.206837664845118
0.36991993558368	0.163961406370576
1.04459638890115	0.495573049358365
2.09995861282333	0.923872580873855
3.26345542626113	1.10199860979414
-0.233964530152622	0.0753172914260115
-0.236865950236819	0.0762080730306188
0.127405387111306	0.0480111839782604
1.44862736407577	0.477555630338169
-0.737745529684395	0.251848226779474
-0.236642536873473	0.0761450888689269
-1.1413415008172	0.344450233445194
-1.1414839653338	0.344622990730584
0.656014281877058	0.205959668867586
0.380892911471829	0.169245390539158
3.92389000551089	1.70054361221532
-1.50840477299905	0.758701742248802
-1.52556530925699	0.541887546993991
3.26345542626113	1.10199860979414
1.75470348804114	0.959971912184309
-0.235948417281415	0.0759021467201397
0.508678695512037	0.179257945972662
0.425842843580689	0.168023318876402
-0.539312347732804	0.202625351504848
-0.354815349846941	0.101888689175609
1.05267607785163	0.500574839123106
-0.632563406792844	0.152610991116788
-1.52525862148376	0.541687313963439
1.81797148254981	0.704596952092508
0.154465593370314	0.0289479903375428
1.30622443507131	0.559438993999821
-1.79840965860499	0.382877827643389
0.155067569950451	0.0290355764553768
0.155111385030128	0.0290417527313876
-0.741510950758259	0.253188727186893
-1.10355247500633	1.07172978049106
-3.45945095257726	1.22747869975084
-1.79840965860499	0.382877827643389
-0.355112179440658	0.101904546481095
-0.359725191866461	0.103238313016327
0.160221796316651	0.0401166927693931
0.132513899668301	0.0440249398537092
0.140489535892227	0.0674393613833244
0.13492932969269	0.0447816956397829
-0.171762117804328	0.0615057733921786
-0.31932949959622	0.147094884859729
0.511187733730715	0.180331422147582
-0.627920734859053	0.301050564774921
-0.421938432498096	0.176107268065683
-1.04290235412753	0.410559570501728
0.669640034979678	0.307781097383292
-0.73833632952493	0.25198039611565
0.67031140224908	0.308146609796731
0.131850096082115	0.0496765164754003
0.491667413767844	0.31034768979126
0.148519613497664	0.0787521358144454
-0.414733840693053	0.236775734660674
0.154509067766894	0.0289541162362231
-0.339334450170607	0.205896685709038
-0.347493048577435	0.211449432881253
-0.788051638764763	0.341587882696307
-0.332185338017997	0.153542509690508
-0.670356299147389	0.401499653784832
-0.500491313944422	0.263863430966641
-0.174873812827118	0.0626196616668006
0.129611115232073	0.0552814638410688
-0.624787013389174	0.299458156224005
0.675002667107303	0.310743784362086
5.43172569694767	5.26370443431046
-0.509510448033184	0.269617749687792
0.370650988532887	0.164283149019924
-0.254875404181665	0.128844930240539
0.157069830913705	0.0902908809536864
-0.256612428717039	0.129618950888943
0.425842843580689	0.168023318876402
-0.502578146859109	0.265305328177702
0.801786885039242	0.329686341918844
0.510839396613925	0.180141996770445
2.09972141544835	0.923420014426389
3.92516768334333	1.70097969958265
1.02558467001725	0.382518749728777
1.25802024860024	0.681721782138833
0.146584487246171	0.0430023159110844
-2.65527430137816	1.62026525895611
0.880148600822102	0.465798141511016
-0.546507483504259	0.205607207829156
1.02592340208434	0.382810966482796
1.31707371804938	0.565285221866794
0.591928224234595	0.306061230475779
-0.738079783119958	0.251987608125061
1.31310179325084	0.563385616536445
1.0239728358881	0.381885834911352
0.370060499620689	0.163964092997672
1.75525834937773	0.960461484578152
0.327587605088765	0.18154599062201
0.428285671446016	0.169094775343879
1.0239728358881	0.381885834911352
-0.416898933449453	0.173791167876446
2.72543602097789	1.63587476931929
0.421612617089783	0.166289553712117
0.130861078636852	0.0559313521356113
-0.35262379016767	0.101278913820777
0.160221796316651	0.0401166927693931
0.511884149147493	0.180536056250855
0.132951093876262	0.0441757525557606
0.512321829500026	0.180674048803135
1.02675953274209	0.382890377120406
1.56145112294536	0.75898068706858
2.34450443332301	1.15010103410384
-0.538391637447097	0.202241097472968
1.31161763457028	0.562749823451238
-0.121029381502298	0.0481224499070062
-0.412261031351047	0.171714138801548
-0.668602321767401	0.400091749654085
-0.738079783119958	0.251987608125061
-0.328956381540422	0.152030278790754
-0.682893554322448	0.482700275968258
0.30044608408891	0.206569245385547
-0.326393633173898	0.150521800029804
0.165125856231796	0.0951419314697741
-0.393545306905301	0.273061547460995
0.94248304446862	0.636483617530716
-0.076607973469699	0.0337127735000722
0.142423526320512	0.0683980799901551
0.846660162281394	0.621844057165178
-0.00464705158936679	0.00242816911025644
0.0869147988650448	0.0637771202623398
0.332290759846441	0.184551268485775
1.23310058749211	0.848095346041905
-1.15465135101159	1.00892132392586
0.133528954864751	0.044333899674477
1.29099237223695	1.91990806001837
-0.352741062207612	0.286323048657662
0.501915733707647	0.31826036007306
0.13422930794267	0.0445728055584624
0.672812797155709	0.309654422171124
0.124153707844076	0.0468349501941597
-0.501790910579289	0.264529754747854
1.31451987093813	0.564351638075811
1.02248687611089	0.381157405723936
0.155713854733082	0.0390835596706886
-0.742776335066151	0.253679551734855
-0.629906869562113	0.152090136193736
3.63395648950567	1.42026036401428
0.144054213480702	0.0423469198905259
-0.167857447437524	0.0601420074781568
-1.14559783756009	0.346052129596875
0.145313170347528	0.042674261922763
0.950287720870208	0.248999740475732
-0.542200355463654	0.20382681574915
-0.229627894781959	0.150079023431953
0.129046862914346	0.0619138827381857
0.281089389402347	0.220522734642241
-0.354815349846941	0.101888689175609
-0.319644404282246	0.147254718226974
-1.05107548737008	0.414131243401247
0.0141162571215986	0.00979320770202471
-0.975030207813469	0.965690791743261
-0.481392528308168	0.412034264063372
-0.506269207642477	0.267208166381903
0.882600927399831	0.468295583820609
-0.999167083585943	0.493010859676662
-1.00064515503921	0.493786893688021
-3.08216231491203	0.947551973079846
0.373827356626685	0.165827664900066
0.660347295989593	0.207462296247491
-1.18618496921206	0.662452990855805
-1.61925040393472	1.25509545597275
-0.168788938740215	0.0604027917010433
0.149206541018768	0.0791354148356374
1.44137686922547	0.884217397523827
0.148799692505379	0.0788938454794797
-0.35569023027487	0.10209347470967
3.63500627246108	1.42050433165602
0.16045117802105	0.0401558290866076
0.144976980831471	0.0425943260188831
0.847459616065901	0.624306077144201
-0.0747060327030967	0.0329118265288211
2.10708917032344	1.44406682454907
1.8138222857108	0.70292085392477
0.51408290047205	0.181384498788784
0.155067569950451	0.0290355764553768
-0.354229439997714	0.101697261087168
3.63565166019344	1.42132833477826
1.30877399614962	0.561080478424277
-0.00972295386396322	0.00493142684197402
0.160221796316651	0.0401166927693931
-0.0769191689128509	0.0338521771220351
0.153552047379598	0.0815447183754968
-1.18433444905884	0.660318604057607
0.139684630056245	0.0411185419267414
2.75807933893485	0.764710363024488
4.71134559738492	2.80388070544362
-0.234312185154952	0.0754304879292539
0.0197230146071845	0.0106858653314715
-0.354815349846941	0.101888689175609
-3.76108876538849	1.48211039032061
-0.0409920172262245	0.026562058049611
-0.148753480892945	0.0847399048892256
1.35143839370597	1.2482971835546
-0.145935406195585	0.0830299018635133
-0.847916853889454	1.09846914006284
0.667708990659083	0.693481508822317
0.323880652119096	0.179516794044861
-0.0775335080082925	0.0341172758140013
0.426534137158906	0.168253126180802
0.124152888994513	0.0468439166184299
0.745664545719467	0.732352198828834
0.315923674535916	0.205363567392202
0.496188295519467	0.31377310003417
-0.196001043641754	0.106037317974827
1.23018948892245	0.84377830869838
0.332596854305881	0.335664562162324
-0.609586504248977	0.648170100084579
-0.549627403105846	0.350766907473107
0.133409997727731	0.0640046948778424
-0.537241703354832	0.201774932174822
0.588405870825793	0.304001827564856
0.380570278636146	0.169088548105439
-1.53013794503811	0.543725951296145
-0.352328640216398	0.101201570764145
-3.08216231491203	0.947551973079846
-3.08203048704882	0.947509650360219
0.51698026885657	0.182353676420312
-0.118253503079345	0.0470100497471401
1.02558467001725	0.382518749728777
0.270484149975333	0.227224437273344
-1.10562199426068	0.761330193839133
-0.20134116476792	0.109111583676984
-1.35266125099995	1.12507815723512
1.44253864883488	0.885602859187718
-2.80059404136815	1.87917683082973
0.383141584813791	0.328027972931307
0.639845783274346	0.682562436306194
0.643259806562754	0.687107103394754
0.497364909065559	0.314625252696242
1.3150863687139	0.564688556451063
-1.04313192494267	0.410517747694466
-0.73833632952493	0.25198039611565
3.63395648950567	1.42026036401428
0.155111385030128	0.0290417527313876
-0.234659925712008	0.0755339906287207
-0.504344361633648	0.266187551953157
-0.0732270119366391	0.0322575153438902
-0.012750146421289	0.00638910292539965
0.347119083989388	0.173439616121651
0.140023273435885	0.041219830052157
0.773192457530603	0.458914799961596
-0.35569023027487	0.10209347470967
-0.628030265547787	0.151499678636842
-1.14536534536015	0.34589005605433
-1.83962358353467	0.744558464662274
-0.571744423723497	0.417253118486591
0.463340094557791	0.314763091411596
-0.628867026021838	0.151670609188118
-0.628733247343677	0.151688343674084
2.75580772001712	0.763760469153332
0.950998501270056	0.249196467275389
-2.5766529574574	0.657773148602288
-1.14171114622793	0.344693702322242
1.44780311038183	0.477066495630919
1.43912328472901	0.882298404206883
0.347764684457856	0.173866248822086
-0.32363418327189	0.149335805144695
0.323682377479229	0.179189740011395
0.373768905624823	0.165889064042439
0.132382889280095	0.0439989008298304
0.155067569950451	0.0290355764553768
-2.57660997484294	0.657538252319339
1.02212623462815	0.380948102315312
-1.29882542782854	0.579669605589987
-0.631994988626399	0.152498044571477
-0.66686558287723	0.399258193110609
-0.413199196451134	0.235816409321165
0.12766278679512	0.0481491979841494
-0.668967523088527	0.400155241497196
-0.11512189478062	0.0458130318128354
-0.508552810001343	0.269040255173024
0.531113882206666	0.305955102147361
-1.50794706066394	0.75869717656901
0.431282460267094	0.170334509811247
-0.35262379016767	0.101278913820777
1.11267917738518	0.99991008729601
0.31824504907235	0.192955854117236
1.06984439341324	0.649243410221044
0.944464705778376	0.638849149727885
-2.4918813844023	1.37976840109359
0.72997546013019	0.60934269495466
0.301850771609561	0.207592250151782
0.32835738214752	0.182074086084219
-0.19815145605143	0.107222402663046
0.143368676391493	0.0688682170934253
0.880736150004461	0.466270264133384
-1.00691742548076	0.49839680226495
-1.52468217246603	0.541450953371581
-1.04232764455762	0.41013375079511
-0.355401168227563	0.102014834884787
0.132822208517431	0.056695914322575
-3.46655637771013	1.23090093950973
0.123174095134958	0.041030424696199
1.02558467001725	0.382518749728777
-0.464426139139759	0.310967040801654
-0.252409468418304	0.127414335516569
0.493691239836403	0.31210637004753
0.144976980831471	0.0425943260188831
-0.236420091117799	0.0760498926963215
0.340105270513833	0.169871994897384
0.515494432660635	0.447062246361525
0.472061621460406	0.32197579288663
1.65203602897078	1.55726113847109
-0.793526909263106	0.34442474324859
0.947770742439721	0.248281535275256
1.76101611268726	0.964908126415187
1.81264504950119	0.702404900566408
0.159402290839324	0.0399177124259514
-0.359141638818634	0.103112871302961
-1.52468217246603	0.541450953371581
0.125085786448965	0.0471836584371826
-0.326539072018651	0.15076312383533
0.372420316289065	0.165154295536893
0.373504015970365	0.165719506035071
3.26345542626113	1.10199860979414
-1.79840965860499	0.382877827643389
-0.354815349846941	0.101888689175609
0.154509067766894	0.0289541162362231
0.125609750837894	0.0536135320946115
-0.540836580077605	0.203369627038744
-1.79840965860499	0.382877827643389
0.658741078701816	0.207014004441108
0.144640697621443	0.0425017414545061
-1.52246182960607	0.540465661800635
0.155111385030128	0.0290417527313876
-0.35569023027487	0.10209347470967
-2.57660997484294	0.657538252319339
-0.354519585455166	0.101776151388844
-0.356367399040958	0.102345848061694
-0.318712048156024	0.146765786072048
0.428631067442515	0.169230176789531
0.58337064368769	0.300948307786924
0.654703443030561	0.205608890273211
0.658157600688591	0.206837664845118
0.155067569950451	0.0290355764553768
0.143467885183021	0.0421790290070851
-0.628030265547787	0.151499678636842
-1.79840965860499	0.382877827643389
-0.236642536873473	0.0761450888689269
1.02533495299364	0.382457756692076
-1.79839614394125	0.382877807711208
-1.83868845155664	0.743833089652786
-0.114531033021198	0.0455888758023028
0.512103476504473	0.180655514559587
1.23000380170034	1.35382973119836
0.488800565183952	0.308479609217272
-1.85814888087445	1.1660283918281
0.317287361248428	0.192258571641633
-2.30041902135912	1.14771664793519
0.531478682091465	0.306640298371853
-0.743029498323094	0.253754321369633
0.160221796316651	0.0401166927693931
1.55563768080424	0.755897558752995
-0.506544694815059	0.267664159860772
0.00602021694946848	0.00421172046466735
0.687540824976783	0.601280315409597
-0.587930998543424	0.432686670373785
0.93836610904593	0.633476965648796
-1.79840965860499	0.382877827643389
0.445807951641536	0.322101431131918
-0.807686331449203	0.441442688792331
-1.4912778195083	1.04590365298782
0.431282460267094	0.170334509811247
0.328743467113367	0.182298380956541
0.342408010394766	0.171151489042816
-0.397106798138565	0.275757118305771
-1.18926532578881	0.664979531042305
-0.667157619067108	0.399470889154624
0.581507825414038	0.299733978427016
-0.696704241190491	0.558117274269642
-0.737489374761453	0.251678150254292
1.55357482739164	0.753998587470342
-0.628030265547787	0.151499678636842
-1.04359432816695	0.410701746871047
-0.253717343087099	0.128121952033653
-1.23722016460364	0.940179813854664
-0.536892625271128	0.201634766838871
-0.792617263209445	0.34408015271057
-0.11854795863833	0.0471817731309927
-2.30476209042479	1.1515199403139
-0.788516523036361	0.341754565320538
2.34214413722098	1.14880500240653
-1.00395217666584	0.496433034650267
0.660638687988492	0.207526442563452
0.510839396613925	0.180141996770445
-1.69561892919804	0.955560948596812
-0.619744414899846	0.296312992985157
1.0638769361803	0.644835212569185
0.805680641996882	0.331728723334835
-0.810100985119007	0.443454935777436
-0.236072750277141	0.0759464812223969
0.672812797155709	0.309654422171124
0.943937640725668	0.24736392993685
0.127141626540389	0.0479115733238652
-0.735458723618684	0.250947808327744
0.659032643407672	0.20695576224899
3.63331351050508	1.42008896661082
0.800380368072435	0.329168985697583
-0.792052634019788	0.343809589207604
-0.621364549348226	0.297314514339653
0.670906859207156	0.308500067147838
-0.234312185154952	0.0754304879292539
-0.355401168227563	0.102014834884787
-1.79839614394125	0.382877807711208
-0.354519585455166	0.101776151388844
-0.625937070321993	0.151091209012893
-1.03986963329328	0.409012486353307
-0.355401168227563	0.102014834884787
-1.51239491949255	0.761774506146656
0.948337549654709	0.248516516252871
-1.1414839653338	0.344622990730584
-1.29882542782854	0.579669605589987
1.55507391974261	0.755498369683247
1.9510694185239	1.19981608876958
-0.635712548659237	0.153374459528297
1.95786695174359	0.441149378722158
0.658448437247608	0.206865271021461
0.314961564232452	0.190632509681153
0.884107757926487	0.468945532977705
-0.326706420774188	0.150676078031383
-0.418365309512863	0.174458184135551
-0.168098950998947	0.060182556134742
-0.41132889398855	0.171302358575038
-0.794344391638981	0.686303899865509
-0.0770803776008018	0.0339483990760569
-0.120436689899838	0.0478987092728061
0.58809258340558	0.303772057806143
-0.413485532970394	0.236002032317877
-0.739003822726622	0.252222384495429
0.424611273738373	0.167583555175302
0.343519519984226	0.171423958349357
-1.14088544605048	0.344426431780091
-0.628599509856641	0.151612619227975
1.95786695174359	0.441149378722158
-0.628733247343677	0.151688343674084
-1.80123754984197	0.383647112861273
-0.118225301795606	0.0470554996015602
0.328259274110731	0.181987729734874
-1.29318528584883	0.57616602568844
-0.738079783119958	0.251987608125061
-0.32608980926253	0.150342891122813
0.661223086818105	0.207656588437818
-0.625692684462055	0.299377366971328
-2.0851928861798	0.941244883307777
-0.321616386669104	0.14820494753374
0.670831219986141	0.308462665871979
0.124153707844076	0.0468349501941597
-1.52556530925699	0.541887546993991
1.45198001091205	0.478658944297305
0.804551193439478	0.331168980919484
-1.61617028131263	1.24952820043348
0.326339285776008	0.180693388492116
1.01961500222098	0.379984696878922
0.373445619140009	0.165721944947213
1.55713813466701	0.756332773751855
-0.354809804669678	0.101824397658975
-1.83165926032039	0.740451579277532
0.803620921341924	0.330666152724973
-3.45945095257726	1.22747869975084
0.125420086757105	0.0473043623728007
0.516764201582912	0.182313298692041
-1.0403348553758	0.409226758738803
-1.04313192494267	0.410517747694466
0.130534492586352	0.0556874732872
-0.236519085872564	0.0760782981535278
-1.52497036065527	0.541612586959632
0.948337549654709	0.248516516252871
-1.79840965860499	0.382877827643389
-0.737745529684395	0.251848226779474
-0.74243876954869	0.25362235352836
-0.117391426362144	0.0466831384071538
-0.623583634287472	0.298378288783754
0.950426851449918	0.249037516760643
0.132032810243933	0.0438841642048134
-0.0774310000255217	0.0341007322353275
0.797760401782817	0.327916718359797
-0.355104953248248	0.101967480674674
0.947635845528227	0.248244973505163
1.44922258720914	0.477763268309402
0.15963091503218	0.0399802605532864
-1.48576216439132	1.03853875959717
-0.980394583017716	0.974264709781979
-0.587517617211609	0.432093558870378
-0.999825864716523	0.493946054521897
-0.935767775979495	0.691467878078492
-0.0844759083005067	0.0518426966650921
-0.341075504179655	0.274926982736092
-0.33332050199294	0.201667064972087
-1.00395217666584	0.496433034650267
-0.934144703935736	0.688319917013162
-1.34733590649515	0.846281637718503
-0.538391637447097	0.202241097472968
0.530530541676178	0.306002189478256
0.128146551163263	0.0482650415208846
-0.628164901903538	0.15157555358925
0.155067569950451	0.0290355764553768
0.94820175004088	0.248479682375772
0.143467885183021	0.0421790290070851
0.132164012775708	0.0439252834614193
0.667650657551582	0.306826361636502
0.15228634217933	0.0808128615663905
-0.242654213055822	0.0780836016953457
-0.66467498420205	0.397526639107899
0.342418445966623	0.171057767476948
0.34780640354532	0.173923934525965
0.800942292103537	0.329468782128631
0.658157600688591	0.206837664845118
-0.809363746339261	0.442546835487161
-1.29503373562381	0.577267948395295
-0.628599509856641	0.151612619227975
-0.234659925712008	0.0755339906287207
-0.411662068870429	0.171457253105263
0.602671358362322	0.455465377885085
-0.341485082842677	0.207402156908907
0.131850096082115	0.0496765164754003
-0.417498560054849	0.174105987349017
-0.788860520538194	0.341883015013822
-0.742776335066151	0.253679551734855
-0.07500874924485	0.0330421732017199
-1.13918941442725	0.343767291351689
0.129989608626953	0.0489773561473865
0.426188529242061	0.168158662567646
-0.789650928512862	0.342421974551524
0.130252043796619	0.0490662084514869
-1.5088621709036	0.759006136042553
-1.79840965860499	0.382877827643389
-0.628164901903538	0.15157555358925
0.154465593370314	0.0289479903375428
1.4480329582247	0.477161868008032
0.155067569950451	0.0290355764553768
-2.5766529574574	0.657773148602288
0.157370411029726	0.0293708256249034
0.948337549654709	0.248516516252871
-0.354815349846941	0.101888689175609
-0.235725494787964	0.0758333105755394
-1.8327219769474	0.740987434117012
-0.542550190002901	0.204022574863377
0.65757421006213	0.206588655278929
-0.536671114051193	0.201606330220057
0.375257613631461	0.166414569843084
0.774140291421258	0.459713179819956
-2.5766529574574	0.657773148602288
-0.625937070321993	0.151091209012893
1.31275235192293	0.563405500186811
-0.409740867847974	0.233608560009709
2.12584078713373	2.18172082569807
-0.511193268858835	0.388530395951341
-0.662734116443784	0.395908285792068
-0.113154887764525	0.0670983142404213
-0.411948013561287	0.235081883049894
-0.788557804664319	0.806895100079125
-1.29547862804629	0.577905227000786
-0.115066717069849	0.0457685745068807
0.345719080260352	0.172935931212932
2.1031177894695	0.925795147014246
0.658741078701816	0.207014004441108
3.26345542626113	1.10199860979414
-1.29353315609389	0.576437929846008
-1.00455591421692	0.496563866064046
-0.4123286239061	0.171726887264068
-0.355104953248248	0.101967480674674
1.44958631087756	0.477702557005987
-0.625108743744779	0.299624457542705
-0.625702212359178	0.299926625299963
0.673406299089429	0.309995735525838
-0.797874914579277	0.346669204715146
-0.416386922395193	0.173414836063739
-1.00109114438115	0.494830108494711
-0.234090861009704	0.0753429614422092
-1.69077305617802	0.95111299336607
-0.543818752032067	0.204528065886448
-0.172763609011902	0.0618983817636962
-0.169105614986712	0.0605906204631912
-1.1414839653338	0.344622990730584
-1.29515319796898	0.577477426894068
-2.57669595250488	0.657559862268914
0.162590253502546	0.0405994312489443
-3.46276423195498	1.22902448571158
-1.14499995487719	0.345855392571373
-1.29445710557565	0.57719309643802
1.02592340208434	0.382810966482796
1.76399336298203	1.80844983786567
1.81235300959058	0.702242876396542
0.160221796316651	0.0401166927693931
0.492001972325848	0.310331019391304
-0.53874057789979	0.202401825815006
3.63565166019344	1.42132833477826
-1.52556530925699	0.541887546993991
-2.3045284921599	1.15130739007319
-1.69271082861525	0.952704551969826
0.788497775054714	0.747127200958937
-0.253970616982308	0.189996583249677
-0.336859760201311	0.204087097071463
-0.252072083687318	0.127178694558492
0.854730307021958	0.630930908411411
-0.339219048940744	0.205597895507079
-0.807547420066161	0.440867270911814
-0.509413012830844	0.269287116581025
-1.83928580972323	0.744184345012535
-2.00110007475128	1.39357937644223
-0.80817198828208	0.441228939518888
-0.662936479249959	0.39626526265599
0.139837292962633	0.0671168666103984
-0.358848207258787	0.103009197892419
0.159859477622278	0.0400192334307773
-1.79840965860499	0.382877827643389
-0.124169226866603	0.0493819983978037
-1.00004103377151	0.493654528880013
-0.252985105474192	0.127810468602201
-0.78873939795176	0.341991104298643
-0.80581673868088	0.440312918195351
-2.30030983594691	1.14754924641394
-0.354525819937872	0.101778275735803
0.132382889280095	0.0439989008298304
-0.355401168227563	0.102014834884787
-0.74243876954869	0.25362235352836
-1.04630043534404	0.412061137796638
-0.328266586229409	0.151338071759303
-0.997509204027781	0.492307329534456
-2.30348519403534	1.15039517348929
-0.333434887465649	0.154073309852575
-0.998834080201796	0.492773305525864
-0.240976410898063	0.0775300306973211
-0.508107866806817	0.26824808787015
-0.236642536873473	0.0761450888689269
0.15828997905506	0.0909312362079067
1.22958237703192	0.843097115764037
-0.582670031143849	0.427423528417579
0.148646531720232	0.0788329657549989
0.128409991510058	0.0483828350789698
0.444356762267011	0.321097620273926
-2.13279817956435	1.6414169953233
1.06681590225203	0.646357692598681
0.171220132257849	0.105590191421305
-0.583585798591231	0.42869709625004
0.562802387568066	0.447804541849667
-0.447594281948413	0.348560803386081
-0.604586123721138	0.495841532715984
-1.73540917756005	1.468930190688
-1.241137349504	0.945490615612673
-1.29929877495216	0.579944104762718
-1.24525211249398	0.950742973820418
-1.34795753446272	0.846815348724729
-0.167857447437524	0.0601420074781568
-0.802902424875145	0.622275166855244
-4.85894455361785	3.11931070125173
-0.81365091651759	0.445555321944807
-1.85563924109955	1.16406443245283
-0.140988279432264	0.0801069614932187
-1.0537858934434	0.851779208949174
-0.512484910576258	0.271316828587775
-0.171633404840985	0.0614333438599769
0.585207466182842	0.301732347021464
-1.52527766014307	0.541726073904961
-0.165306041400927	0.0592208118770727
0.851802721813993	0.62863729008111
-0.0747060327030967	0.0329118265288211
-0.0784515483486825	0.0345087262852233
-0.538169446885037	0.20211193569765
2.54614231756351	1.37953151874953
-1.00334886962648	0.496090169972327
-1.00208070221632	0.495056733554119
0.144389940892798	0.0424393237157952
-3.45967591146264	1.22746502283364
-1.11112767215023	0.766579733783713
-4.22547404239284	1.96366948140393
-3.08216231491203	0.947551973079846
-0.233616960664733	0.0751877350099978
-2.5766529574574	0.657773148602288
-0.358557998384515	0.10292132426425
-0.736819853337875	0.251337978101795
-1.84935842739047	1.1566499291036
0.534393980108308	0.308382235318699
1.35640996504744	1.25474758326641
0.496603865783066	0.314435795239447
-0.53874057789979	0.202401825815006
0.130847633086116	0.0558190648233276
0.311023422394953	0.187890494332827
-0.54346877962796	0.204399150899749
0.127470654257305	0.0544272791926686
0.805253363228048	0.331394396791794
0.653245802516738	0.205089848433872
-0.807375352568193	0.44120201050936
-0.0893987417237793	0.0654645277313917
-0.385940751335366	0.339796072810402
-0.552316331689102	0.588916704786832
-0.966761848986155	0.595572537015468
-0.975036253753593	0.603333577967361
0.42614043926928	0.324271744754124
1.23217983584621	0.846301873835062
-0.00464236611180395	0.00242620274601342
-0.119575292361138	0.0475678129859071
-0.195473209332159	0.105720777137169
-1.50931959236161	0.759486805982778
-0.467947984132482	0.313765748822775
-0.0769191689128509	0.0338521771220351
-0.11512189478062	0.0458130318128354
-0.966776141874087	0.595634558804664
-1.35401542738598	0.852697105206461
-0.999437341583464	0.493311859213278
-1.29860074136172	0.5797920330012
-1.34951469766107	1.1226639437704
-0.789949074347787	0.342860425674977
-0.543688234679481	0.204395614503949
0.144976980831471	0.0425943260188831
0.16045117802105	0.0401558290866076
-2.57669595250488	0.657559862268914
-2.0842635823597	0.940591792243383
-2.5766529574574	0.657773148602288
-0.628733247343677	0.151688343674084
-1.10474953033618	0.760045763925974
1.6773766573276	1.94732532527539
0.495390774773518	0.313006798010764
0.14750506619492	0.078073669295374
-0.555095931814278	0.354448166437328
-1.0465244135449	0.412299764954399
0.14783327522573	0.0783639484224274
0.496603865783066	0.314435795239447
-0.80967523819527	0.442788201768594
0.375581739818815	0.166553161927003
-0.966171956846182	0.595044580463999
-0.858250684302569	0.994403579963662
-0.553168110695625	0.352911874589816
-0.198554129768127	0.107450861296122
-0.585362117640639	0.430483750267031
-0.510404538541269	0.269929966760556
-1.18983802336654	0.665714768000248
0.135364021327178	0.0449437078279942
0.132512369913378	0.0566436602585611
0.149934129552589	0.0794380591088888
1.6045066723861	1.11003906304138
0.344814357962911	0.172223529033892
-0.539569636046331	0.202819044138208
-0.80967523819527	0.442788201768594
-2.3045284921599	1.15130739007319
-0.413648420763288	0.172239608085413
-1.14523333483643	0.345843348749308
-0.793871327710497	0.344598346953249
-0.800635353019578	0.619394515537661
0.137612920317835	0.0660922810400854
-0.26074670603462	0.131871426026693
-0.148753480892945	0.0847399048892256
-0.351744415353914	0.1010114930848
-0.622280141343316	0.297793777237155
0.16477648578078	0.101310203888365
1.09048847051252	0.825829395715177
-0.397856327583094	0.276650056299559
0.137545017702438	0.0660397906217819
1.52954424461804	1.31287166837412
0.836241021783086	0.881757457168081
-0.551729369583757	0.352091696465476
-0.325772973836945	0.150225747425239
0.371629893163856	0.328643837046143
0.376551488393798	0.167096677243062
0.0015162834019464	0.000901718765751306
-0.193731252712473	0.130453539684878
-0.473294684867632	0.318136472606752
-1.04687191417195	0.412486748895758
-0.738079783119958	0.251987608125061
-0.539089600210505	0.202542124367007
-0.680417238394305	0.480700538027319
-0.81635364836648	0.447484552960604
0.0302096319479544	0.016323454996312
-0.195317711194049	0.1056543372478
-0.255369578167339	0.128949668562758
2.72677374077818	1.63662799370539
0.420364648702741	0.165681646207578
-2.5766529574574	0.657773148602288
-1.04186502485552	0.409908817117415
-0.969688836542503	0.598605784844084
-1.44051243687893	1.54579690491153
0.339758566383255	0.169487309376746
-1.345541182849	1.55460454971308
-0.427552031355086	0.407945017135238
-0.316214248782953	0.285347230220578
-0.104717625009819	0.0619591700345457
-0.793559257664189	0.873347364679468
-1.18682862000913	0.662873620688872
-0.470181872545351	0.315540842546829
0.341683515144474	0.170370018773878
0.131463990676715	0.0437015090033304
0.61923315916738	0.583342055814778
0.533701893849966	0.308096186040316
0.773836833275706	0.459482534768358
-0.684119397424782	0.484142853764199
-0.240061032815783	0.077222364016591
0.430548825974233	0.518013094730872
0.513988239734742	0.555171299924521
-0.573236383051853	0.527538411828039
-1.34858428623377	0.847287386706657
-2.5766529574574	0.657773148602288
0.159859477622278	0.0400192334307773
-1.50954858063363	0.759406995999744
-0.325152368345626	0.149912584088137
-1.17250937453292	1.47423969529199
0.337619616494297	0.323030504544997
1.16907852602135	1.80144649801809
1.14419780708015	1.30307856163189
0.32499582988291	0.179839366729572
0.672812797155709	0.309654422171124
-2.57660997484294	0.657538252319339
-1.14111344283696	0.344497381350969
-0.670511586141742	0.401587305708006
-0.792126949014575	0.812518759344393
-0.791450402387379	0.74970742743849
-1.14010493314184	1.27431504053506
0.29614357383547	0.203085205522124
-1.05255225278892	0.850826842801535
-0.301552737817056	0.221871410500355
0.0171612469922065	0.00936309715411496
-0.664051533655797	0.396475462481186
-0.463270799271484	0.435574908889571
-0.284835361351013	0.207595368897309
0.393819376714274	0.325147466467463
0.133996449912583	0.0642672858724856
0.448999077491235	0.32527361954754
0.380570278636146	0.169088548105439
-0.328837375631517	0.1518232407712
0.532815531347663	0.54342543116882
-0.19016084787461	0.127824875208265
-1.00595809461582	0.909139008972493
0.16736259148177	0.103089406294843
-0.0385961460084644	0.018463699436174
-0.550466540696232	0.634765541546154
0.176163255119673	0.135904603932151
0.137612920317835	0.0660922810400854
-0.789083391693148	0.34215026874497
-0.539219691548408	0.202623826299243
-1.00175584515489	0.495010968345504
-0.352915395102444	0.101358152963712
-0.628164901903538	0.15157555358925
-0.537820479884978	0.201951327851571
-0.629434960256753	0.301687748976086
-0.788516523036361	0.341754565320538
-0.507591509157104	0.385102656485678
-0.149656734038101	0.11986078169975
-0.0728256802076966	0.0445647956252637
-1.09966895996993	1.06654976507125
-0.628299579656606	0.151558046801791
0.132600988210423	0.0440609588064188
2.75580772001712	0.763760469153332
-0.63185471444008	0.152466960619287
-1.14171114622793	0.344693702322242
-0.788618958882262	0.341859317766317
-1.45688012124119	1.31477435962638
-0.795467520785121	0.613973530318418
0.468586599434104	0.319248041814255
0.697131165660236	0.456691539390516
0.153311892695364	0.0879331302066063
0.31975514938932	0.194003025633398
0.512769172128037	0.180759806127899
-0.339899733956411	0.206042663730617
-0.879206500444451	0.889280845208542
-0.35657995494725	0.319444231841934
-0.0840878505662092	0.0515994517595535
-0.154367227727502	0.0880714846054828
-0.187592208182263	0.125951825962846
0.308134134201932	0.19943755612527
-0.684942585376098	0.485524962916764
-0.151882288677972	0.086552004664329
-1.50817606249992	0.758371468912679
-0.172107354750232	0.0616237994837963
-0.512484910576258	0.271316828587775
1.23481434948627	0.849127162878025
-1.84300884752451	1.69367502035007
0.879823295650508	0.465619204635478
-0.0359187671382294	0.0232782764035398
-0.114531033021198	0.0455888758023028
-0.790775877374628	0.978421385809712
0.114413744344096	0.0906377042673078
-0.196157549846983	0.106114483085197
0.131814043124596	0.0438161720723548
-3.08203048704882	0.947509650360219
0.126864758084239	0.0422209393647781
-0.74243876954869	0.25362235352836
-1.2941091808211	0.576975974922849
-0.355104953248248	0.101967480674674
0.569475551755971	0.454646392246807
0.463522129335317	0.315008005387951
-0.410441308927827	0.234268382591342
-3.46345495606107	1.22933734600421
0.797760401782817	0.327916718359797
-0.35262379016767	0.101278913820777
1.81323362267005	0.702723165703649
0.12766278679512	0.0481491979841494
-0.789306862497791	0.342262742988917
-0.807373932590619	0.441430069717292
-0.806611010157006	0.440104072892131
-1.84183090796125	1.6927041532224
-0.789589582263019	0.607757791315556
-1.19050618348565	0.66583259298289
-0.909940784383151	0.764193870692665
0.695887395472241	0.455465983952709
0.174350447964315	0.11381947365536
-0.256023718353225	0.129302917301584
-0.589935074543304	0.434557099026113
-0.648999771395944	0.635722899688477
-0.662442064634439	0.39568369089962
-1.1104211829712	0.766482784697026
-1.65338715221116	1.71267573137699
0.144729975219682	0.0767491154717455
-0.304351027075739	0.249627268256647
-0.466392220459104	0.31271250711528
-0.414548755730622	0.23667878175087
1.3836656101602	1.06747292941298
0.544023383566069	0.31509707697253
0.061907800123949	0.0401341228897186
-0.154241285191041	0.0879800951941539
2.34444329707373	2.7904958933968
0.42401614800295	0.322119917591334
0.133142839040939	0.0568208455015268
-0.133423856227438	0.0941027244550384
0.0208112239285743	0.0112711170124658
0.0691490377968432	0.0468389621885051
-1.83901310727776	1.68604233819078
-0.256972025540661	0.12980659006953
-0.418432324070287	0.17452805778287
0.12945735569768	0.0552860207636022
-2.57660997484294	0.657538252319339
-0.625430537103922	0.299764003396603
0.431070466345996	0.170227115144882
-0.80183003862142	0.533583684628378
-1.35464266126114	1.12849273559461
1.80835489274816	0.70010856168417
0.326436957489437	0.180761282204334
0.177568345249627	0.132219146202523
-0.338892902077878	0.242200879058512
-0.556312148477359	0.594694775605104
-0.414515563910564	0.172670310722692
-0.806752288066886	0.440980957982495
-1.04324829900211	0.41067273876345
-0.352915395102444	0.101358152963712
-1.52955481711501	0.543641482939636
-1.69310156591221	0.952523352821553
0.431070466345996	0.170227115144882
-0.355979365614545	0.102141358762928
0.147848686423209	0.0433479015633612
1.0190295579627	0.379719734867384
0.129611115232073	0.0552814638410688
-0.117660477054644	0.0467865531553836
-0.73833632952493	0.25198039611565
-0.788051638764763	0.341587882696307
0.430937351269827	0.170174602935209
-1.30170759528482	0.581419164585357
-0.813028464416497	0.44513602340247
0.510967914253512	0.180245566763838
1.06632302662465	0.645994008538009
0.614998634140401	0.578280528421282
-0.809988126308024	0.442888551069516
-0.230042367210588	0.150326560013436
-0.443018401138729	0.344305173532412
-0.806567334222378	0.53751621243249
-0.0422535120116957	0.0201658288099811
-0.253063568737107	0.127775270691815
-0.0794370717150708	0.034966043729757
-0.411995312167042	0.171599355711984
0.405707207998462	0.321756605718699
-0.467531395323579	0.313694816501871
-0.0800571853748845	0.0490874926692001
-1.07643774171965	1.36846005446379
-0.610534777737877	0.502190860693428
-0.676988899882203	0.477679249696854
-0.549864371675293	0.350614804182447
0.144304320671072	0.0423970373819599
-0.326398242074565	0.150524196697343
0.373753217777433	0.165661732219598
-0.0754734661810176	0.033243978729875
-1.52896155531942	0.543366808154917
-0.414835373975387	0.236864764504818
-0.414849585401539	0.172825872337049
-0.0412934270956424	0.0197184164258522
-0.808950691885612	0.539838368102078
-1.50840477299905	0.758701742248802
-1.04267374187429	0.410246962947944
0.663718669460888	0.208457802619674
0.948337549654709	0.248516516252871
-0.78873939795176	0.341991104298643
0.427380592234077	0.168681699885593
-0.240627572806769	0.0774207528438286
-1.1840119631349	0.66014918760717
-1.52556530925699	0.541887546993991
-0.628164901903538	0.15157555358925
-0.354815349846941	0.101888689175609
-2.57968420714322	0.659073447553718
-1.28832850947281	0.573427186233537
-0.672219513283823	0.403006289552228
-0.939673139715137	0.694972074112015
0.142306377840433	0.0418148962103769
0.132822208517431	0.056695914322575
1.24949335708199	0.67545807251354
-0.117929588660045	0.0468818487534914
-0.20272599586159	0.109912989363354
1.22837264435401	0.840826360457613
-0.799401994788538	0.618131589266463
-0.587097623104615	0.432090412638901
-1.1081473364088	0.76415823161129
-3.05042938717078	2.46600386835371
1.12104008883706	1.0099771742465
-0.128618814851255	0.0904738819231506
-0.504163551505504	0.382010410083963
0.786082695580929	0.621327566792473
-1.79840965860499	0.382877827643389
0.493585632152197	0.311608676001149
-0.73833632952493	0.25198039611565
-0.805267364675053	0.53718377184671
-0.14914809282259	0.0849600619762362
-0.789386763625026	0.34250460133574
-1.23591810077835	0.940218938908362
-0.264152106533762	0.133785162088107
-0.116744249017674	0.0464304413870714
0.128984037892607	0.0550141448780329
-0.786507575298711	0.340816244239033
1.55450950666522	0.755013474046303
-0.507146815715724	0.268090757020662
-0.535624045456398	0.201105802702872
-0.280037731302981	0.177047430842586
-1.29595383595811	0.578200044497114
1.06817566818363	0.648031617689729
0.771260593055051	0.457204660531777
0.344203738752608	0.171848648698291
-0.553232051498898	0.353582331470541
-1.11732736789017	0.772574603423297
-0.19997224673188	0.108325722879865
-0.415464296122417	0.237468428323082
-0.345289761696153	0.247550798980277
-0.659851963850545	0.393620668205119
0.154923513610245	0.0890830409896447
-0.00709801656837724	0.00478924647506074
-0.810100985119007	0.443454935777436
0.417040379520355	0.428884731608881
0.612973081946433	0.575776679985755
-0.200339855145483	0.10852840087383
-1.15676857725752	1.01067869936893
0.129602692162006	0.0552849677106642
-1.35362568483336	1.12607899938198
-0.440012598345629	0.341579228010776
-0.356367399040958	0.102345848061694
-1.14523333483643	0.345843348749308
0.941597069975086	0.636043946768533
-1.00361914170206	0.496209107630798
-0.735201728577998	0.25087231236032
-0.466787664387868	0.312970632234714
-0.786851278108693	0.341002012219478
-1.29180126592501	0.575635440327952
-0.328095517370477	0.151455436220097
-0.786507575298711	0.340816244239033
-0.0581643994008841	0.0367215981780844
-0.079738224364089	0.0350932014733499
1.30622443507131	0.559438993999821
-0.582372328028558	0.427370662851527
-0.508421267883101	0.26832245260077
-2.2443902151593	1.88877030092311
1.94447061010714	1.19445208639609
0.426403404838852	0.16824819606602
0.343068448104388	0.171439068373362
-0.9780023749399	0.605713288261675
-1.0981066696887	1.06406351404576
-0.438274920208728	0.339771582108748
-1.29547862804629	0.577905227000786
-0.40665111870442	0.231615587299947
0.261977242259692	0.233355347634637
0.0482789388317678	0.0297667096508745
-0.799558572781148	0.61823574323893
-0.162861071132377	0.0583534612127534
-0.321253169734806	0.334285898709352
-0.302555111913589	0.247970880975599
-0.25988503937056	0.19500874220809
0.135059185196406	0.0648610363599509
-0.879071075272624	0.889119158353847
0.848774849115921	0.775056353423979
0.466445482805223	0.31748931412803
-1.52984634403446	0.54376252749597
-0.78719505691599	0.341160927810974
0.125754317811352	0.0474157894684339
0.795895502493967	0.326897130967495
0.160221796316651	0.0401166927693931
-0.241543381848446	0.0777055848228126
-0.168663393721381	0.0603724956040683
0.140783643747874	0.0675835149436117
-1.49097852852631	1.04564260371683
1.44780311038183	0.477066495630919
-1.83099487872884	0.740025429797688
-1.52527766014307	0.541726073904961
-0.359725191866461	0.103238313016327
0.162357836679133	0.0405597098553547
3.63395648950567	1.42026036401428
0.156304884454214	0.0392194704826931
3.26569824690609	1.10327543173781
0.947770742439721	0.248281535275256
0.16045117802105	0.0401558290866076
0.156070095129669	0.0391676647119387
-0.355394630173918	0.102015543768339
0.14380305748793	0.042271222114559
-1.14171114622793	0.344693702322242
-1.1412568453231	0.344431220445032
-0.20272599586159	0.109912989363354
-2.30406669154021	1.15080704675766
0.127329099679244	0.0480229321825531
-0.538963433786103	0.202464572078945
-0.787828756308188	0.341409588187237
0.131944361264887	0.0438321696149265
-0.738079783119958	0.251987608125061
-0.623260950976198	0.298154842625978
-0.197008580238936	0.132901319562419
0.312681141744236	0.203075007797144
0.0698969194795828	0.0473600045280978
0.587619781575194	0.303756952848921
-3.76165974462818	1.48222195957514
0.338805149042864	0.168936275725468
0.148067217898218	0.0783724472695566
0.460985380231172	0.312883989451606
0.341683515144474	0.170370018773878
-0.58468659951969	0.429880775997937
-0.807139166139028	0.538001772268611
-1.11013494516961	0.764689945277186
-0.414216368176492	0.236735088352148
-1.51170809593199	0.761452815094782
-1.85911239386277	1.1670296521338
-0.0431891266490548	0.0205865815825423
-0.25407691917746	0.128292742812592
-0.999437341583464	0.493311859213278
-0.999770520176459	0.493549718270557
-1.79839614394125	0.382877807711208
-0.353939368265063	0.101586834148653
0.162952579336367	0.0406858836130456
1.95786695174359	0.441149378722158
1.81455903653454	0.702571077650313
1.81738056066142	0.704160226172228
1.45331304696192	0.47899741335022
1.45138090115721	0.478568850670936
0.948337549654709	0.248516516252871
1.95786695174359	0.441149378722158
-0.628164901903538	0.15157555358925
0.154509067766894	0.0289541162362231
-1.79839614394125	0.382877807711208
-0.737489374761453	0.251678150254292
-1.1414839653338	0.344622990730584
-1.35067574538607	0.84906746746524
-0.80598974352952	0.439880235680511
-0.257597094518172	0.130225421169494
-0.737745529684395	0.251848226779474
-0.415785083697339	0.173214573475784
-0.39555437256707	0.274721958806612
-0.888834009173811	0.825917822908018
0.442611111525412	0.319492670984895
-1.43459560139239	1.53484900732872
-0.412594451513588	0.171856355506214
-0.00732206784811802	0.00372384810966334
-0.335244122870271	0.239177440980795
0.588104525479538	0.303776671058552
-0.442812198970929	0.344304825447705
-0.9661046610391	0.596054432906184
0.466989211319108	0.317965666180903
1.06848943716824	0.648228728214423
-1.73369429201861	1.46523319581029
-1.10984158995657	0.764484192379418
-1.73694341358121	1.47085111472224
-0.786507575298711	0.340816244239033
1.31395278889093	0.563876697752499
-0.557053368009847	0.35627572589076
-0.804460485613731	0.439332096711383
-0.198834706952427	0.107610764066154
-0.626075023442282	0.151167646950723
0.165103009331824	0.0411253937349734
3.26345542626113	1.10199860979414
-3.45967591146264	1.22746502283364
1.95786695174359	0.441149378722158
0.659032459281836	0.207041754611057
1.95731570776637	0.441000340195791
1.95988292961267	0.441702177751728
-0.355104953248248	0.101967480674674
0.154509067766894	0.0289541162362231
-0.738079783119958	0.251987608125061
0.653826927429073	0.205337088996143
-0.236989724567202	0.0762485047293907
-0.199798150882665	0.108145258883169
-0.608962170572855	0.500719235633359
-0.508498746754831	0.385939470959946
0.939949495527881	0.634333836229723
0.154465593370314	0.0289479903375428
-1.14974325164212	0.347335128550777
-0.66728360402327	0.399224247090471
-0.233047434566175	0.0749968030904927
-0.412571771023346	0.23570354521143
0.952013646715008	0.941028403134491
0.311986347240136	0.18862844123989
-0.233474195183439	0.152867668742504
-0.347784772865976	0.249625355042277
-2.492223966474	1.37994790676841
-3.45967591146264	1.22746502283364
-0.195877555659946	0.105967089810206
-0.327162257518513	0.15107114930378
0.132732885510209	0.0441080605497273
-2.5766529574574	0.657773148602288
0.157370411029726	0.0293708256249034
0.155111385030128	0.0290417527313876
-1.79839614394125	0.382877807711208
0.162590253502546	0.0405994312489443
-0.355104953248248	0.101967480674674
0.650348410925067	0.204075615297835
-1.79840965860499	0.382877827643389
-2.57963910438406	0.659061212358043
0.155111385030128	0.0290417527313876
-0.628867026021838	0.151670609188118
-1.2957297752472	0.577552208373856
1.44780311038183	0.477066495630919
0.160221796316651	0.0401166927693931
-1.18309149572464	0.65955331260621
0.129602692162006	0.0552849677106642
0.771786956152333	0.458361445393627
-1.11524161509451	0.770191910608728
-0.235319796048462	0.154157780272716
-1.1406575104342	0.344234513147494
1.0472501359547	0.497556503187299
1.71251914914179	2.63354125907742
-0.0199048214364816	0.0132013492102695
0.844380376282966	0.769187421261382
-0.791626506844244	0.683198279463832
1.02301325776768	0.966793103652628
-0.0425408654453396	0.0202989394688582
-0.548555055757075	0.206364230554471
-1.04255649350425	0.410401789740815
-0.170856035041343	0.0611834573692003
-0.54346877962796	0.204399150899749
-2.5766529574574	0.657773148602288
-3.76529646610535	1.48477662035046
0.155111385030128	0.0290417527313876
1.95731570776637	0.441000340195791
1.95731570776637	0.441000340195791
0.948768757521975	0.248549269795159
0.154465593370314	0.0289479903375428
-1.82841297073294	0.73863065228361
-0.628733247343677	0.151688343674084
0.154465593370314	0.0289479903375428
-2.57669595250488	0.657559862268914
-0.411662068870429	0.171457253105263
-1.10794127361817	0.762791842707622
0.4968692717387	0.314297897518389
-0.327162257518513	0.15107114930378
1.81323362267005	0.702723165703649
-0.788051638764763	0.341587882696307
0.131588254721678	0.0495753524376327
-0.718058602316598	0.744935399910962
0.0394764323767929	0.0229615633503983
0.527283346081774	0.303542933831935
-0.660417176911421	0.693996848371989
-0.162345167546152	0.112109886214765
-0.0772413151559997	0.0473229927174142
-0.555697325655036	0.355158859130099
-0.628867026021838	0.151670609188118
-0.628030265547787	0.151499678636842
-0.804934172385481	0.439319541353519
-2.30041902135912	1.14771664793519
-2.5766529574574	0.657773148602288
-1.1406575104342	0.344234513147494
0.155111385030128	0.0290417527313876
-1.79840965860499	0.382877827643389
0.155111385030128	0.0290417527313876
1.95786695174359	0.441149378722158
-2.5766529574574	0.657773148602288
2.75580772001712	0.763760469153332
1.44922258720914	0.477763268309402
0.154509067766894	0.0289541162362231
1.95731570776637	0.441000340195791
0.948768757521975	0.248549269795159
-1.1413415008172	0.344450233445194
-1.52556530925699	0.541887546993991
0.37156503848093	0.164732367180838
0.131417934554916	0.0495273798038864
-0.666573598108029	0.399015082280499
0.421270140467149	0.166129444830307
-0.540233723322025	0.202917482560003
0.374992176019385	0.166261800681351
0.695002945392683	0.454932986262973
-0.115579513114925	0.0685940986611929
0.314323204203718	0.190323255355228
1.02622097318311	0.971777487465321
-0.0363930234016633	0.0174349801293536
-0.0825693158712709	0.0506476797627041
0.159993762399384	0.0920880118682716
-0.632424041671007	0.152580102364835
-0.628599509856641	0.151612619227975
-0.5431188895219	0.204245277624117
-1.52525862148376	0.541687313963439
-1.04488326260696	0.411431568917432
0.154465593370314	0.0289479903375428
0.154465593370314	0.0289479903375428
-1.79840965860499	0.382877827643389
0.157370411029726	0.0293708256249034
-1.79839614394125	0.382877807711208
1.95786695174359	0.441149378722158
-0.628164901903538	0.15157555358925
-1.79839614394125	0.382877807711208
0.124746748229843	0.0532730660001616
0.144976980831471	0.0425943260188831
-0.970326045028308	0.598595894355968
1.43291085908757	0.876779804839377
2.75641316563256	0.763778311858285
0.658157600688591	0.206837664845118
-0.257232353603145	0.130022935659369
0.880148600822102	0.465798141511016
-1.34889537146582	0.847465590380456
-1.15668201767706	1.01168302812703
0.575421203768469	0.460584372104985
-1.55923247424235	1.51180985606928
-0.0431157255071357	0.0205614121978254
0.128003827528337	0.0482344496818407
-3.76500715654354	1.48473725010782
-0.738079783119958	0.251987608125061
-1.52866955783943	0.543083867430977
-1.69271082861525	0.952704551969826
-1.04255649350425	0.410401789740815
-0.807859674665281	0.441062645155464
-0.630730827830367	0.302716568383239
0.154465593370314	0.0289479903375428
-0.739337707457692	0.252266162743882
-0.234881985943443	0.0755878057926229
0.51663050829484	0.182162712770504
-0.35262379016767	0.101278913820777
0.155111385030128	0.0290417527313876
1.95731570776637	0.441000340195791
3.26284822825054	1.10169382604423
-1.79840965860499	0.382877827643389
1.95731570776637	0.441000340195791
1.95731570776637	0.441000340195791
-1.14111344283696	0.344497381350969
-1.83132702405761	0.74028277145384
-0.119521314129107	0.0475310840819249
0.128601831848837	0.0484529754734972
0.128936415922896	0.0485814724251015
0.950426851449918	0.249037516760643
-0.120113470057286	0.0477594233775728
-1.16053096044053	1.01583065913706
-0.510706979861295	0.270071279539596
-0.146418484823681	0.0833130371093204
-0.23182979109118	0.151677769830186
-0.550865492887792	0.351610394243998
-1.24225357152544	0.946333212270598
0.187817866483226	0.150900248975156
0.887267888964115	0.470926825205746
0.145579410504849	0.0771711171451458
-0.969688836542503	0.598605784844084
-0.794246040607266	0.687110449624895
-0.628599509856641	0.151612619227975
-1.30557395523838	0.583537439731307
-0.165777818856825	0.059368826568821
-0.168318442800183	0.0602514969158982
-1.83902639389835	0.744207122858341
0.160221796316651	0.0401166927693931
-1.82807822419763	0.738372454891922
1.95786695174359	0.441149378722158
1.95731570776637	0.441000340195791
1.95731570776637	0.441000340195791
-1.79840965860499	0.382877827643389
0.948905461162112	0.248586345985544
1.44899109330448	0.477667123734845
0.160813493636874	0.0402291855562724
-3.08189869996978	0.9470994296719
-1.79839614394125	0.382877807711208
-0.340989381163449	0.206939698591345
1.38138769967134	1.06412833591136
-1.73475814323797	1.46946919023956
0.342295556627301	0.170733222878425
0.154509067766894	0.0289541162362231
2.10080345028195	0.924400736993524
1.43569303658389	0.878123181076952
-0.589079054696726	0.433549861646834
-0.680022439760358	0.480009549049918
1.23284407780258	1.20666984169743
1.68154470583054	1.95515601563748
-1.49213730128901	1.04550204649821
0.0178532778737988	0.00968920404282138
0.313026846401724	0.189193828269949
-1.45796752637001	1.31749225095506
-0.256023718353225	0.129302917301584
-0.503774046355536	0.381676427514653
-0.326085578213453	0.150379879538711
-0.504657345698144	0.266343563170319
-1.52556530925699	0.541887546993991
-0.806924470834439	0.440526610909245
-1.0419816315643	0.409976007162161
-1.04290235412753	0.410559570501728
-0.544503099205595	0.204786163685249
0.693576657872458	0.453359471791393
-0.628243335554657	0.30121752247215
0.140361834634309	0.0413037326992959
-1.00037438735711	0.493892565592627
-0.536101171148354	0.201337796547223
-0.35569023027487	0.10209347470967
3.9275816800867	1.70263786398349
0.661223086818105	0.207656588437818
1.02329749324129	0.381582146499257
0.146922191196889	0.0431076767472804
-0.355401168227563	0.102014834884787
1.95731570776637	0.441000340195791
-0.74269218165825	0.253631177667885
-0.169320011151056	0.0606649453809961
-0.625937070321993	0.151091209012893
0.144976980831471	0.0425943260188831
-0.355104953248248	0.101967480674674
0.15144823932183	0.0285426379557898
-1.83105982818556	0.740099638711398
-3.08216231491203	0.947551973079846
-0.415514705996988	0.173267191179231
-0.196963986722421	0.106568954432013
-1.00541092699075	0.909202923569948
0.309618318957566	0.200653008032766
0.169815941740207	0.110590578848328
0.154465593370314	0.0289479903375428
-0.809988126308024	0.442888551069516
1.75190065874314	1.35745195442077
-0.963007194969533	0.592798098391259
-0.584542013021567	0.429716488826904
-0.0105624736521613	0.00536696306466231
1.64994348324086	1.55361523708663
-0.0413484459470628	0.0197263580856143
-0.683025881339467	0.482693197222343
-0.561373244352626	0.513465141245753
-0.555779326426693	0.354898993285392
-0.635312253974406	0.305254388828647
-0.342360627259447	0.245117135498515
-0.281546057165831	0.178103047620985
0.176005213638684	0.114912569500383
0.0371318673929483	0.021592780354051
-0.967078316232722	0.595874688528225
-0.536322009305803	0.201466150653051
0.880674235537621	0.466970077335854
0.429189841643481	0.169462047821113
0.839631773198719	0.763584286148004
0.656894206098884	0.206287716765961
-1.52527766014307	0.541726073904961
1.0282187103729	0.383542758401815
-0.5431188895219	0.204245277624117
-0.354815349846941	0.101888689175609
1.25658555936341	0.68088288459711
-0.628599509856641	0.151612619227975
1.02651128578825	0.383050193875148
0.130992195528203	0.0493490863110476
2.72767733522358	1.63792686823289
-0.542200355463654	0.20382681574915
0.145227337337459	0.0426443607563146
-1.52497036065527	0.541612586959632
-0.168318442800183	0.0602514969158982
0.131157871067023	0.0494361179939617
-1.69595105516813	0.955981928995573
-1.16399779126646	1.02072026007144
-0.556387577313392	0.355744922540121
-0.443508807453751	0.344709021559806
-0.0842168262959293	0.0516805616808378
-0.276559430793328	0.174581654896683
0.428976385850053	0.169324382927391
-0.544264065926487	0.204797597144567
-1.10958965834092	0.764773622153253
-1.0419816315643	0.409976007162161
0.529877017865922	0.305507036265907
0.131850096082115	0.0496765164754003
-0.119575292361138	0.0475678129859071
-1.1840119631349	0.66014918760717
-0.352244902560101	0.285832159405384
-0.253063568737107	0.127775270691815
-0.0360051155352746	0.0172547669018685
0.284861265235788	0.214651578814458
0.0678907222748449	0.0440699257320205
-0.472916964831545	0.402656071254596
-0.682321579608818	0.482750445229371
-0.62574329550905	0.299522773517337
-0.794965390827357	0.687636325695827
-0.0851258727550614	0.0522478102251541
-0.40875056742842	0.170136564452218
2.75641316563256	0.763778311858285
-0.62574329550905	0.299522773517337
-0.352036490485324	0.101122204058746
-0.419032999305864	0.174774111736774
-1.83470480543889	0.742065970342523
-0.803688756226162	0.438487002570186
0.13422930794267	0.0445728055584624
-0.352620864579995	0.101250485836996
0.376934445978766	0.167251767408635
-1.34764669147499	0.846576745156122
0.663422627847196	0.208288477111549
0.908165929757845	0.788024146666074
0.882026488770121	0.467302986145836
-0.80431134713055	0.438959309026121
0.3694696564584	0.163613647603787
-0.53807249671511	0.202201826922908
-1.34796229008534	0.846753250447306
-0.803914973144865	0.535766064064712
-0.465456336558489	0.311971504219434
-0.536137129919916	0.449367026369947
-0.415073805028997	0.237218230239851
-0.157559354506632	0.108497832489325
-0.233507386664447	0.152889388420254
-0.234291897311997	0.153453774262493
0.657866689740957	0.206670742493303
-2.00047355040337	1.39228997732744
0.329656505210433	0.183096300998704
-0.0743893776856152	0.0327764828836103
-0.171546284974738	0.0614263022767799
-0.114531033021198	0.0455888758023028
-0.24589156237082	0.079070854077361
0.346107190599633	0.172968959614611
-0.418699120063541	0.174624493913997
-0.907756937964804	0.76219668139241
-0.346275847685599	0.248424351337738
-0.118308141297603	0.0470324989584549
-0.51007205691744	0.269912857906595
-0.255663740816163	0.129111206831576
0.160174953284781	0.0922117726493572
-0.506192198893441	0.267533094000495
-0.444410658713668	0.345749767663353
-0.398763981594951	0.277381125906879
-0.330083030983558	0.152436412473373
-0.580766479364988	0.426153037308648
0.324075413847694	0.17946401860549
0.139840820371569	0.067181465101434
3.03154573613446	2.21455128304091
0.135364021327178	0.0449437078279942
-0.997176624877224	0.492104865568636
-0.167754072609883	0.0600616127897958
-1.29353315609389	0.576437929846008
-0.123576615737925	0.0491527525946845
0.947635845528227	0.248244973505163
-0.35262379016767	0.101278913820777
-3.45922605387697	1.22727228815634
-0.540486497816113	0.203240784979243
-1.29433801976141	0.576778854624373
0.133879172838789	0.0444578970345513
0.147510896476738	0.0432547789402825
-2.30208107868191	1.14961345250426
0.50720087150347	0.178829201945322
1.04459638890115	0.495573049358365
-0.737745529684395	0.251848226779474
-0.117929588660045	0.0468818487534914
-0.586847139222871	0.431561565796706
-0.409347465312249	0.170354931524524
0.145122129909196	0.0768399083315411
-0.075677558121544	0.0333226771978703
-0.409068709906066	0.233130060744334
-0.415249347551518	0.173159047472333
-0.509754946738556	0.269771547716342
-0.40125535324346	0.279310771094673
-0.550357537787164	0.350878482416132
-1.69634136387629	0.955896600132044
-0.793460924971758	0.686313589518155
2.75807933893485	0.764710363024488
1.08824637506596	0.821613384295635
0.147618566892091	0.0781974014250772
0.159992352718576	0.0400538861334557
-0.342444694270015	0.245296695258672
-0.0571762341901083	0.0360918438946354
-0.254922072379942	0.128845320578231
-1.29767890644575	0.579059217742002
-0.256671676581443	0.129697835238022
1.81456677210567	0.703082758766755
-0.16521627868341	0.0591621404584655
-0.539312347732804	0.202625351504848
0.66401463442463	0.208486788853871
-0.738079783119958	0.251987608125061
-0.628299579656606	0.151558046801791
1.95988292961267	0.441702177751728
-1.14111344283696	0.344497381350969
-2.5766529574574	0.657773148602288
1.95786695174359	0.441149378722158
0.15144823932183	0.0285426379557898
0.948768757521975	0.248549269795159
1.44958631087756	0.477702557005987
2.75868832531345	0.765017792149168
-2.57669595250488	0.657559862268914
0.145313170347528	0.042674261922763
-1.14111344283696	0.344497381350969
0.159402290839324	0.0399177124259514
-0.236989724567202	0.0762485047293907
0.147007749076803	0.0431148554966707
1.31183590793173	0.562694726030807
-0.737745529684395	0.251848226779474
-0.236642536873473	0.0761450888689269
1.04411565864259	0.495318996316923
-1.04744397176015	0.412600703300656
0.513516136888496	0.181178716343693
-0.806122048286324	0.537910338579748
-0.742354946133043	0.253440043281208
-1.00706015353189	0.910350773024213
0.305824289765151	0.197901242004565
0.658741078701816	0.207014004441108
0.58779111249192	0.303584027000727
0.121579287618433	0.0458855485654082
-0.408574410998858	0.232920879124744
-0.421338623418603	0.175861305360882
-0.0823952229226023	0.0505248276609604
-0.325608383044716	0.150330941023521
-0.385156578147835	0.304831756447444
0.0194557562544165	0.0105440762940145
-1.1413415008172	0.344450233445194
-2.08651667798306	0.942148962041558
-0.544038098124227	0.204549461860792
-1.1406575104342	0.344234513147494
-0.628733247343677	0.151688343674084
-0.74269218165825	0.253631177667885
-0.628164901903538	0.15157555358925
-0.626075023442282	0.151167646950723
-2.5766529574574	0.657773148602288
-1.1413415008172	0.344450233445194
0.154509067766894	0.0289541162362231
1.95731570776637	0.441000340195791
-1.79839614394125	0.382877807711208
-1.79839614394125	0.382877807711208
0.157370411029726	0.0293708256249034
-2.5766529574574	0.657773148602288
-1.79839614394125	0.382877807711208
-0.628733247343677	0.151688343674084
-0.354525819937872	0.101778275735803
3.26508709738097	1.10261522135605
-1.52866955783943	0.543083867430977
2.34135533413392	1.14844291387782
-0.626075023442282	0.151167646950723
-0.737154567775087	0.251538686589487
0.656311070885642	0.206056768558202
-0.628599509856641	0.151612619227975
-0.735201728577998	0.25087231236032
-1.0030160119447	0.495866412258457
0.512103476504473	0.180655514559587
2.75580772001712	0.763760469153332
0.767167746470838	0.455206452816732
0.378051059436921	0.167851534216859
-0.58023069313841	0.42567775075021
0.334169365297558	0.185838518792591
0.343211488292579	0.171244587332318
-0.33031375741141	0.152582172987618
-0.0800966314259405	0.0352428263549873
-1.04255649350425	0.410401789740815
-0.742101285286405	0.253499136601578
-1.68983601719743	0.950487356099264
-1.83199158756097	0.740532814070127
-0.538169446885037	0.20211193569765
-0.628867026021838	0.151670609188118
-0.80368977255507	0.438581105146134
-4.22684467392822	1.96434041549701
-0.539089600210505	0.202542124367007
-1.79839614394125	0.382877807711208
-1.79840965860499	0.382877827643389
-1.79840965860499	0.382877827643389
-0.628733247343677	0.151688343674084
1.44839669376933	0.477459847846965
0.154509067766894	0.0289541162362231
1.95988292961267	0.441702177751728
1.95786695174359	0.441149378722158
0.157370411029726	0.0293708256249034
-1.79839614394125	0.382877807711208
-3.08203048704882	0.947509650360219
0.154311934860129	0.0289593414864238
1.44450447975593	0.475941549703467
-2.57660997484294	0.657538252319339
0.160813493636874	0.0402291855562724
-0.628164901903538	0.15157555358925
0.139185376148384	0.0667894925858745
-0.413914940317443	0.172398209586204
0.154509067766894	0.0289541162362231
2.10080345028195	0.924400736993524
-0.338537743994471	0.20513593023568
0.308390995226035	0.212813222600461
0.312835629303864	0.203245442225812
-0.509895055302649	0.387358799030215
-0.806127217602288	0.440521003869599
-0.237559934502149	0.0764246711906185
-1.83132702405761	0.74028277145384
-0.238867027256143	0.076861982184789
-0.628733247343677	0.151688343674084
-1.1412568453231	0.344431220445032
0.141534099969908	0.041600735872343
0.157370411029726	0.0293708256249034
-2.5766529574574	0.657773148602288
-2.5766529574574	0.657773148602288
1.95786695174359	0.441149378722158
0.144890403623689	0.042539469630613
-2.5766529574574	0.657773148602288
-1.52556530925699	0.541887546993991
2.75580772001712	0.763760469153332
-0.628030265547787	0.151499678636842
-1.13849635482287	0.34354887893789
-1.04128985839135	0.40948342982649
-0.628030265547787	0.151499678636842
-0.167754072609883	0.0600616127897958
0.147259813410519	0.0432007445014279
-1.83139270651508	0.740181168650308
-0.25835153952019	0.130703532049791
0.129484452637878	0.0430568172874428
-0.168098950998947	0.060182556134742
0.473618597822824	0.323491405664637
-0.280215768712558	0.17709725513947
0.282775388986833	0.222053703249841
-0.688066289187946	0.487580114365038
-0.168443906364487	0.0602979483615774
-1.52497036065527	0.541612586959632
-1.79839614394125	0.382877807711208
-0.628299579656606	0.151558046801791
-1.14171114622793	0.344693702322242
-2.57963910438406	0.659061212358043
-2.57660997484294	0.657538252319339
-1.80123754984197	0.383647112861273
-2.5766529574574	0.657773148602288
-1.79839614394125	0.382877807711208
-0.628733247343677	0.151688343674084
-1.1447666380351	0.34569313996721
-0.792396830153744	0.344017820558448
-0.352328640216398	0.101201570764145
-2.57660997484294	0.657538252319339
0.144054213480702	0.0423469198905259
-0.325429020093769	0.150275374548279
-0.505839108433538	0.26733586487459
-0.738414128880846	0.252090639638632
0.51408290047205	0.181384498788784
1.95786695174359	0.441149378722158
1.8138222857108	0.70292085392477
-0.202279995449782	0.109688064024172
0.324075413847694	0.17946401860549
0.130221292046546	0.0555517354093256
-0.0744033715227707	0.0327794845530911
-1.79839614394125	0.382877807711208
-2.57660997484294	0.657538252319339
-1.51262029806075	0.762329863284607
-1.14111344283696	0.344497381350969
-1.79840965860499	0.382877827643389
-1.52527766014307	0.541726073904961
-3.76108876538849	1.48211039032061
0.128075192969757	0.0482635683600574
0.587477639043838	0.30335432802977
-1.43856322836768	1.54086141352876
2.10817920088475	1.44456823444146
0.513516136888496	0.181178716343693
-0.306455117582151	0.251636398685758
0.0891864431535585	0.0655072282350548
-0.336570513449676	0.240355763565631
-0.465635040418369	0.311765585913823
0.0326453188224262	0.019047155650953
-0.628733247343677	0.151688343674084
-1.79839614394125	0.382877807711208
-3.08556356757563	0.949512459473102
-0.628733247343677	0.151688343674084
-0.628164901903538	0.15157555358925
-0.665919533048588	0.398323947233835
-0.909917403242603	0.76412823190292
-0.160091358164042	0.0914413552934696
-0.467012852639609	0.312843856234801
2.75807933893485	0.764710363024488
-1.10976035108449	0.765197710782003
-0.80487100386735	0.5368512476129
0.509593492525752	0.44035983390229
0.943227438574144	0.637569715845761
1.13280748757186	1.16107098097894
-0.784520519585408	0.675099578436947
-0.695493028620976	0.556605153703343
-1.79839614394125	0.382877807711208
-2.5766529574574	0.657773148602288
-2.57669595250488	0.657559862268914
-1.2961765010462	0.578355472409881
-0.392262845274705	0.311775823579262
-0.584670927495327	0.42930895004741
0.157788847739386	0.0907077368158619
0.155111385030128	0.0290417527313876
-0.418161763577722	0.174493277433451
-0.0101325022324033	0.00513516764925225
0.412050582478151	0.327750336917422
0.684819414143285	0.598010700673531
-0.0109658507300087	0.00556697872175154
-0.444531655084069	0.345811059193254
-0.694289955577012	0.555514183434513
-0.169320011151056	0.0606649453809961
0.133301116726748	0.0442849463266127
-0.0396593503133427	0.0189529075071595
0.853432509517353	0.630331007959174
0.154509067766894	0.0289541162362231
-1.80123754984197	0.383647112861273
-0.236295434458238	0.0760318807121589
-0.0083672052392423	0.00428236046684319
-0.0474484247005183	0.0225744393204046
1.05295648847514	1.12095211308292
0.132517639884099	0.0565624888818483
0.160432055045959	0.0922835450094687
-1.24198878920963	0.94650784465103
-1.79839614394125	0.382877807711208
0.135641883851123	0.065005431672688
-0.974435944671482	0.602852505808221
2.75868832531345	0.765017792149168
-0.074691403259768	0.032904439302586
-1.05055989885349	0.849658631090647
0.0119164417929622	0.0065533338830952
1.02523111742826	0.971205510113532
-0.148360337641624	0.0844780837273457
0.0508453102860016	0.0313439175038871
-0.549349593391154	0.350402014910692
-1.35406989157975	1.3653850337282
-0.00920198116262947	0.00469462461045714
0.128003827528337	0.0482344496818407
-2.12796167414356	1.63422976564444
-1.79839614394125	0.382877807711208
-1.80123754984197	0.383647112861273
-1.04347763338354	0.410675434748757
-0.557611044009202	0.356812663960364
0.128338588542606	0.0483629401375905
-1.51193347960281	0.761871435562758
-3.08216231491203	0.947551973079846
0.948768757521975	0.248549269795159
-0.331560773277052	0.153225606766564
1.11878971661548	1.00756773354388
-0.933306915582393	0.687613001720665
0.938165363883811	0.633604666240179
0.159474153119953	0.0916958458234339
-1.23343379408445	0.937227380185863
-0.197971083760316	0.107211011378447
-0.112972646413367	0.0449624790706845
-1.52275201069355	0.540627902821117
0.154509067766894	0.0289541162362231
-1.83072704109891	0.739930594937107
0.160221796316651	0.0401166927693931
1.0239728358881	0.381885834911352
-0.66728360402327	0.399224247090471
-0.661792277377052	0.395069680285659
-0.196561175682361	0.106350384546051
1.80952767495421	0.700621417412104
0.160813493636874	0.0402291855562724
-0.11512189478062	0.0458130318128354
0.187002930836031	0.150137723779708
0.728194830824005	0.606639600426425
0.609764078124195	0.462985774974292
0.293418322727946	0.221914328738959
0.161119552405234	0.0927066248406129
-1.73312530507081	1.46435378636013
0.498044936572472	0.315216297235505
-0.628164901903538	0.15157555358925
0.154509067766894	0.0289541162362231
-3.76500715654354	1.48473725010782
1.23538593028449	0.850689652191307
-0.235969441731701	0.0759552403505453
0.154509067766894	0.0289541162362231
0.424935770305415	0.167621556044747
-0.90571277809712	0.759643924433545
-0.148634750894443	0.0846501892020853
1.02304894811125	0.381607715308403
-1.79839614394125	0.382877807711208
1.31707371804938	0.565285221866794
1.33913858094452	1.4170705496939
-1.25547142683495	1.17883345511203
-1.15693277395857	1.01117272539434
-0.311112681109283	0.256288504407906
0.600897403620378	0.454330907038307
0.0541206392580658	0.0333664771269468
-0.149039102383663	0.0849198270851458
0.156356716807958	0.0897560887285549
0.164825209118008	0.101377680016324
-0.25631804715075	0.129464639348789
-0.62621301873586	0.15115097520137
-1.52955481711501	0.543641482939636
1.95786695174359	0.441149378722158
-1.14559783756009	0.346052129596875
-0.537590863359465	0.201894959579
-1.52674340008464	0.542380499879977
-1.52556530925699	0.541887546993991
-0.666990457633463	0.3989981189067
-1.04313192494267	0.410517747694466
0.144054213480702	0.0423469198905259
-1.8327219769474	0.740987434117012
-0.413644994060678	0.236333391192924
-0.0855179705304551	0.0524958977650144
-0.117660477054644	0.0467865531553836
1.04312921058322	0.494597597231009
2.75641316563256	0.763778311858285
-1.04595278088894	0.411874241216211
-1.23688443673145	0.941116483003227
-0.151892418389265	0.0865932143378605
-0.605445523350927	0.496540754479768
0.166693437784277	0.108471760518347
-0.394127869785015	0.313595281261074
-1.79839614394125	0.382877807711208
1.81294103662311	0.70256079058948
-2.0842635823597	0.940591792243383
-1.79840965860499	0.382877827643389
-1.04595278088894	0.411874241216211
-1.04021595924619	0.409215240728406
-1.14088544605048	0.344426431780091
0.377137252638376	0.16753482985518
0.147510896476738	0.0432547789402825
2.75580772001712	0.763760469153332
-1.14536534536015	0.34589005605433
-0.0756217125559644	0.0333016911335105
-0.417764990192744	0.174212377460942
0.586113466784762	0.30236762510167
0.32413212259718	0.179305605170016
1.95988292961267	0.441702177751728
-0.237559934502149	0.0764246711906185
0.160221796316651	0.0401166927693931
0.155111385030128	0.0290417527313876
0.15963091503218	0.0399802605532864
1.76191854127478	0.966069659943695
1.5524442422019	0.753203287410312
-0.792177004178852	0.343795599913078
-1.69237831617164	0.952348956265162
-3.08203048704882	0.947509650360219
0.424265519863284	0.167436585180397
1.02973272600178	0.384045666652184
0.805680641996882	0.331728723334835
0.135497064378108	0.0449728061554857
2.75580772001712	0.763760469153332
-0.539438704416492	0.202662195535841
-4.57684732174738	2.49233978717692
0.131182346173996	0.0494239428300676
-0.670063518763493	0.401354257855831
0.588405870825793	0.304001827564856
2.75520320904554	0.763197913000704
-1.18774896028366	0.663382321488493
0.16572931039606	0.101960579510539
0.133519191350124	0.0640964333358082
-0.0353304910987063	0.0169407740569569
-0.276026763453165	0.174209071417564
-0.273185554837032	0.172170886002361
-0.358848207258787	0.103009197892419
-0.628164901903538	0.15157555358925
-1.14193838802885	0.344646219015582
1.45138090115721	0.478568850670936
-1.5292536270854	0.543488048058857
-0.359725191866461	0.103238313016327
0.94820175004088	0.248479682375772
-1.04255649350425	0.410401789740815
1.04343768989806	0.495346760546714
1.81323362267005	0.702723165703649
1.31486971476921	0.564331716989034
-0.358848207258787	0.103009197892419
0.130534492586352	0.0556874732872
-0.236072750277141	0.0759464812223969
-0.240627572806769	0.0774207528438286
-2.57660997484294	0.657538252319339
-1.52527766014307	0.541726073904961
-0.907881846527532	0.761481714375389
0.533407493506938	0.307753866234165
-1.18673696325179	0.662281071964009
0.802489056255948	0.330144551890374
0.941951056034795	0.63708805207765
-0.147961933698592	0.0842600233810285
0.540918809918706	0.45126330493157
-1.10840192621191	1.07880022548351
-0.11170458040293	0.0662064934713534
-1.79839614394125	0.382877807711208
-0.628733247343677	0.151688343674084
-2.5766529574574	0.657773148602288
2.75580772001712	0.763760469153332
0.948768757521975	0.248549269795159
-0.356952421866901	0.102502236157484
0.948337549654709	0.248516516252871
-1.52497036065527	0.541612586959632
-0.417764990192744	0.174212377460942
1.30785910565979	0.560597035734697
-3.08216231491203	0.947551973079846
0.427940197825985	0.168935073750412
1.31183590793173	0.562694726030807
0.953104063529892	0.24967071820883
2.10114269367742	0.924635433318668
-0.628733247343677	0.151688343674084
-0.354229439997714	0.101697261087168
-0.78537681039936	0.340290544519683
0.128409991510058	0.0483828350789698
-0.588197324312601	0.432918001616717
0.698631984203314	0.457230399626594
1.44958631087756	0.477702557005987
0.136064150045345	0.0451527296002601
-0.414892428927766	0.237066114168707
0.465783365074596	0.31691953143597
0.768484654873778	0.455487752743666
-0.395232799190353	0.274192663067536
-0.0771293174447869	0.0339692317993143
-0.193290370438776	0.130160582465667
-0.167754072609883	0.0600616127897958
-0.628867026021838	0.151670609188118
-0.73955895107728	0.252503873418029
-1.79840965860499	0.382877827643389
-0.628733247343677	0.151688343674084
1.45174463580423	0.478561109172125
-0.356952421866901	0.102502236157484
1.02422162940792	0.382079227006262
-1.03952339178586	0.408722843420212
1.54978509571326	0.751631802646758
1.44922258720914	0.477763268309402
-0.812708563177904	0.444931899325607
2.33899743092669	1.14663661123896
0.800942292103537	0.329468782128631
0.160221796316651	0.0401166927693931
0.948768757521975	0.248549269795159
0.674075603168132	0.310361240164618
-0.114853970799127	0.0457131921372416
1.75871173717241	0.962622777197235
-2.13279817956435	1.6414169953233
0.426057714386364	0.168088710052056
-0.628030265547787	0.151499678636842
4.37939875998901	2.22857536720408
-0.50949754401803	0.269378877411908
0.0158172650659026	0.00862853752301662
-0.446012014003655	0.347332107837595
-1.35585826903132	1.57405757680601
0.16519756073445	0.101551069973362
-0.969068341357722	0.598096157291759
-0.803528750975735	0.438833046682276
-1.14499995487719	0.345855392571373
-1.04163570285521	0.409773247801858
0.947635845528227	0.248244973505163
-0.628164901903538	0.15157555358925
-0.236072750277141	0.0759464812223969
-0.234312185154952	0.0754304879292539
0.58337064368769	0.300948307786924
-0.352328640216398	0.101201570764145
-1.0419816315643	0.409976007162161
1.8135291528185	0.702758164322864
-0.165306041400927	0.0592208118770727
0.670221504441968	0.308342042732951
0.944504519928106	0.247598335656165
-0.63185471444008	0.152466960619287
0.950998501270056	0.249196467275389
-0.513405998879885	0.272100389656936
-1.35671775455762	1.36976866634423
-0.200532409117217	0.108632386608073
1.75857433397038	0.962537125105929
-1.79839614394125	0.382877807711208
1.81235300959058	0.702242876396542
0.781851462727331	0.616916727834791
-0.338442813233126	0.241869961981513
0.588104525479538	0.303776671058552
0.771038197379166	0.457398104903699
-0.665482561131185	0.397403457165612
-0.543818752032067	0.204528065886448
-1.1412568453231	0.344431220445032
-1.79839614394125	0.382877807711208
-0.548300813005517	0.206439039976061
-1.83165926032039	0.740451579277532
0.146922191196889	0.0431076767472804
-0.0765261199359836	0.0336950763109394
0.513646005292164	0.181128642856017
-0.232326150568762	0.0747848072087388
0.671242260155002	0.308574717990314
-1.29860074136172	0.5797920330012
-1.2930725208218	0.57604533570043
-1.14559783756009	0.346052129596875
0.6628368429258	0.20810242430301
-0.354525819937872	0.101778275735803
1.38039218900077	1.06283177030009
1.15983838653233	1.44908945230445
0.128403345182537	0.0548229639470045
0.160297775489707	0.0922701634877706
-0.258720715938974	0.13091523211758
-0.410441308927827	0.234268382591342
-0.586831862062651	0.431788547007379
-0.501562972011633	0.379516841317696
0.533112642065699	0.307535086851618
0.17648777589056	0.126372945462498
-1.79839614394125	0.382877807711208
1.44922258720914	0.477763268309402
-0.165995298204196	0.0594566920073821
0.510967914253512	0.180245566763838
3.26345542626113	1.10199860979414
0.123555562714425	0.0466077516946964
-0.242110936050434	0.0778562762427623
1.55563768080424	0.755897558752995
1.95786695174359	0.441149378722158
-0.240627572806769	0.0774207528438286
-1.5292536270854	0.543488048058857
1.44899109330448	0.477667123734845
-0.236865950236819	0.0762080730306188
-0.113350405430075	0.0451209552343828
1.22793722661089	1.03307991496507
-1.50863317586361	0.759208525222823
1.52445922533857	1.30706597018011
-1.79840965860499	0.382877827643389
-1.0438234260038	0.410788519057193
0.158003363737422	0.0908658218295259
-0.794600238257847	0.815829451910421
-0.337976485499179	0.204803086363913
1.01973529416365	0.962930724584748
0.32667363865687	0.181189492005752
-1.79840965860499	0.382877827643389
0.947770742439721	0.248281535275256
0.146670376003709	0.0430346600388633
0.159992352718576	0.0400538861334557
-0.735795036496609	0.251087692088149
-0.410826992258895	0.234542118460756
0.807528635845388	0.332541409655835
-1.29110511870394	0.575249388426856
0.425281606664403	0.167780963846818
-1.52439405688463	0.541142934209623
-0.998444255827471	0.492657977518013
3.63500627246108	1.42050433165602
0.143477516670026	0.0421253750116672
-2.30030983594691	1.14754924641394
0.343900085635155	0.171673944402456
-0.0734703854953909	0.0323869114733748
-0.419366947267837	0.174907138182534
0.424956949894045	0.16768572118921
2.75641316563256	0.763778311858285
-1.52984634403446	0.54376252749597
-1.10823419651378	0.763084319265139
0.14949322536783	0.0792071464781003
0.174883900375798	0.119796506246744
0.490737570464798	0.30959556160797
0.0133929999850863	0.0073598315194948
-0.737745529684395	0.251848226779474
0.13422930794267	0.0445728055584624
3.92452877652187	1.70087632208659
1.04870930305702	0.498235550489005
0.584905970766019	0.301363140727098
3.63331351050508	1.42008896661082
0.141195201809473	0.0415167743660916
0.674410150483169	0.310435009145187
1.308210147198	0.560788489886055
0.128782523982544	0.0428430922951178
-3.08203048704882	0.947509650360219
-0.168975142967507	0.0605402988532689
0.159992352718576	0.0400538861334557
1.22775708473439	0.843129090534852
0.168845177802775	0.10996744977265
-0.621686679461025	0.297492094197077
2.7370855292767	2.9977491047564
-0.626075023442282	0.151167646950723
0.144640697621443	0.0425017414545061
0.603603998456704	0.456357052851624
-0.623196516941946	0.29815695467418
-0.0365548122137114	0.0236891921465707
0.449297557996299	0.325433073259114
-0.0800966314259405	0.0352428263549873
-0.23733699757943	0.0763359683654099
-0.416831719536345	0.173741892138878
-0.539089600210505	0.202542124367007
0.379338617629675	0.168415523347565
0.588104525479538	0.303776671058552
-1.52644938828825	0.542097216238236
0.661517102334111	0.207824976675168
0.536636947776447	0.310059086776631
-0.789874992835508	0.342400986685966
0.128217426027829	0.0426676360228733
-0.240627572806769	0.0774207528438286
-0.169664956250467	0.0607827502330806
0.532132712553245	0.307089838855765
0.787078477641398	0.622555409888717
-0.383793532390817	0.30350895710439
0.140988112057955	0.0745756031185631
1.81738056066142	0.704160226172228
0.510271633266051	0.179924314863983
0.338701054285052	0.168988544539099
0.740768306809248	0.725617551430295
1.09332076344998	0.828106042617281
-0.0259384357507388	0.0171621826028421
0.480226925072174	0.446161742852162
0.1719345322894	0.106056125756486
-0.294025695893818	0.215505605170522
-2.57963910438406	0.659061212358043
0.160813493636874	0.0402291855562724
-1.83132702405761	0.74028277145384
-1.04418706517305	0.411112263748397
-3.45922605387697	1.22727228815634
0.140023273435885	0.041219830052157
-3.08203048704882	0.947509650360219
-0.414782492097238	0.172745595379558
-0.355401168227563	0.102014834884787
0.131274697818821	0.0560114645881296
0.162357836679133	0.0405597098553547
0.658157600688591	0.206837664845118
-1.14088544605048	0.344426431780091
1.04023849222891	0.493343152511521
0.950998501270056	0.249196467275389
-0.508861508452137	0.269011407037734
-0.0425408654453396	0.0202989394688582
0.850258898452073	0.626983250010615
1.95731570776637	0.441000340195791
-0.732566463899102	0.249785737696785
0.130323873520588	0.0491059528446299
1.02585317410246	0.971204066029036
0.0378041022444436	0.0219930546207324
0.136957210683092	0.0657634664186794
-0.114263293640458	0.0454834777184629
0.309052139995743	0.200360261350707
0.311753936206429	0.202213256693098
-0.35666348042052	0.102404483392645
-1.52525862148376	0.541687313963439
-1.85943368910264	1.16719953676456
0.154509067766894	0.0289541162362231
-0.236989724567202	0.0762485047293907
-3.76108876538849	1.48211039032061
1.31416993955936	0.56393406368061
1.44450447975593	0.475941549703467
1.81604086904786	0.704001590638153
2.10021124048698	0.924077935460336
0.375267251572156	0.166613055379071
-0.804460485613731	0.439332096711383
0.32835738214752	0.182074086084219
-0.00670160178560003	0.00344113732436268
-0.331562092018327	0.153247973402218
0.162590253502546	0.0405994312489443
0.0179600874665991	0.00976816281508705
-0.114126113390464	0.0676664726573746
1.11036579996519	0.996338755086384
-0.294988267762598	0.216257991970698
0.0816891336489956	0.0577606636722901
0.144873637175306	0.0766717132717728
0.909243045869544	0.789575346356096
-0.259206525287071	0.131093379870512
-1.1573063461414	1.011191116884
-3.08898467402977	0.950960285645612
0.152050960400409	0.028630259939513
-3.08556356757563	0.949512459473102
-0.414849585401539	0.172825872337049
0.16045117802105	0.0401558290866076
-0.359725191866461	0.103238313016327
0.131588254721678	0.0495753524376327
-0.999437341583464	0.493311859213278
0.162952579336367	0.0406858836130456
0.159036592116599	0.0397877345506797
0.159992352718576	0.0400538861334557
-0.736131442714986	0.251191396874175
0.143477516670026	0.0421253750116672
-0.579811102462688	0.424991458327012
0.289090716325044	0.218339345737107
-0.254598776239717	0.128557363544673
0.155067569950451	0.0290355764553768
0.941951056034795	0.63708805207765
-0.0236559473970626	0.0156661783496564
-0.148753480892945	0.0847399048892256
0.292018215022301	0.210688005583025
0.951368421639637	1.16963651955198
1.22870317775826	1.03285250675947
0.270984819442841	0.23542052094319
0.168302883650167	0.109593421515568
0.496323406721658	0.314206203658606
-0.277222189318126	0.174970953149608
-0.511525963221028	0.270740246429276
0.128832734334698	0.0550248255568024
0.14380305748793	0.042271222114559
0.145764885985373	0.0427233550222621
-1.18493319854063	0.660394751697801
-0.229177604033633	0.149827828010743
1.81294103662311	0.70256079058948
1.8138222857108	0.70292085392477
2.3195147641743	3.43178761458975
0.0144585930137234	0.00790215385347269
0.652655293374209	0.465935510507239
-0.0386515889751584	0.0184773729346687
-1.82535124701018	2.12842520219148
-0.392130428489454	0.31169668437537
-0.0814018975878865	0.049915200550333
-0.112437641613907	0.0666932274129945
-0.280463566252167	0.177284629401289
-0.622628882127465	0.298075178202066
-0.414835373975387	0.236864764504818
-1.69634136387629	0.955896600132044
0.154509067766894	0.0289541162362231
0.140023273435885	0.041219830052157
-0.553397352580463	0.35358261370001
-0.340725543806458	0.206589509108469
0.133759541419869	0.0570900875763627
0.0385895073437212	0.0224437881839782
-0.00467009792060315	0.00246280374589112
-0.238300485260816	0.0767056206772632
0.403896411664454	0.319821214027344
0.328644468897194	0.182252308368565
-0.0442415326044782	0.0210896138943911
1.76191854127478	0.966069659943695
-0.0110981352155802	0.0056145277539703
0.941950278361	0.636245799526093
-1.46529963466111	1.32878897957256
-0.391931137284194	0.311364018925263
-0.256531147631184	0.129708104042109
-0.254629166509042	0.128688028337544
-0.659559560159368	0.393409239253438
-1.79839614394125	0.382877807711208
-0.630730827830367	0.302716568383239
-0.0694094602990619	0.0516096624617554
0.48946444131296	0.308834619427735
-0.251026423163837	0.187386214107906
-0.253889439317462	0.189972514583866
-0.556387577313392	0.355744922540121
-0.623956980849823	0.298501213044829
1.95786695174359	0.441149378722158
-0.234090861009704	0.0753429614422092
-0.647606484355386	0.633893639882796
-1.79840965860499	0.382877827643389
-0.796405468804135	0.346111740260538
-0.297593299626382	0.218378649425782
-0.27815656761747	0.175598360516524
-1.79839614394125	0.382877807711208
