x	y
0.879235208284331	0.465104450514343
0.772738250931096	0.459129102120572
-0.117013070189122	0.046526646461327
1.02329749324129	0.381582146499257
1.44922258720914	0.477763268309402
0.803055311396109	0.330423388744012
0.510619816865865	0.180113549991954
1.04399119976667	0.495648425781198
1.02651128578825	0.383050193875148
0.493527034938749	0.311445915105639
1.95786695174359	0.441149378722158
1.31395278889093	0.563876697752499
0.132032810243933	0.0438841642048134
0.143477516670026	0.0421253750116672
1.02651128578825	0.383050193875148
0.658448437247608	0.206865271021461
0.13008184055873	0.0624277409432537
1.31997970844699	0.566514087602009
1.31196676791469	0.562729963486004
0.67031140224908	0.308146609796731
0.421828677837084	0.166370084244426
-0.240061032815783	0.077222364016591
-1.03998820725116	0.409113309598422
0.669900234787502	0.307847468714531
0.425973045957768	0.168010824921803
0.515848504972472	0.181937471471781
0.15963091503218	0.0399802605532864
0.88099839576048	0.466529066729843
1.30842279896953	0.560888896280948
0.51464907727053	0.181544056103037
-0.165650631391215	0.0593414877038015
0.669294093430786	0.307879355796411
0.128409991510058	0.0483828350789698
1.95731570776637	0.441000340195791
0.424719696521905	0.167520800855861
0.531162977088367	0.306051755988097
0.948337549654709	0.248516516252871
1.31430247809655	0.563856873803471
1.45198001091205	0.478658944297305
1.04299616753743	0.494514424164666
0.348108522874215	0.174098522108694
0.122175950186532	0.0461072139338505
0.429189841643481	0.169462047821113
0.512628840708013	0.18066862430138
0.658741078701816	0.207014004441108
0.162590253502546	0.0405994312489443
0.803269824230379	0.33049399469318
0.159859477622278	0.0400192334307773
1.31183590793173	0.562694726030807
0.673482458034147	0.310019955946795
-0.35569023027487	0.10209347470967
3.9232513707374	1.69997531930461
0.799449870454357	0.328747918236032
0.125014428422596	0.0471403293673712
0.66630164720201	0.306385320744327
-0.171762117804328	0.0615057733921786
1.02685010343664	0.383062880383657
-0.113617842404022	0.045231923551469
0.421270140467149	0.166129444830307
1.07545769626202	0.654064146253919
0.669455111177718	0.307394954339857
1.55174017229736	0.752717131207676
1.31253456967921	0.563091330038175
1.44981862951738	0.477799018830262
1.44922258720914	0.477763268309402
1.06571047053831	0.645313983412741
0.51245179464898	0.180728048354012
1.43704699246841	0.879233127607399
2.10055021952577	0.924312412659368
1.31196676791469	0.562729963486004
0.373811976355772	0.165637544004128
4.16480743748042	1.96391658672842
1.94585225748165	1.19570046958984
2.10055021952577	0.924312412659368
-0.737745529684395	0.251848226779474
0.147259813410519	0.0432007445014279
3.26795444532845	1.10381433627613
1.25565913543189	0.680117182136848
0.160813493636874	0.0402291855562724
0.657866689740957	0.206670742493303
1.93713252355331	1.18705609659435
0.948905461162112	0.248586345985544
0.798324210831681	0.328230166540438
2.09623186676469	0.921454672983403
1.55265783773452	0.753699130068357
1.55620078746038	0.756212440653057
0.657866689740957	0.206670742493303
0.140361834634309	0.0413037326992959
-0.797984798278946	0.346865495093371
0.803760414606964	0.330819866621168
1.55265783773452	0.753699130068357
0.663718669460888	0.208457802619674
1.31600243356677	0.564924856678145
0.582608304354881	0.300807307213782
0.144976980831471	0.0425943260188831
0.37342860187781	0.165486981804691
1.02846670438308	0.383574973231276
0.134585760123274	0.0645260523061152
-0.144610235200716	0.0822580786285474
-0.6242291915052	0.298754858474491
0.128409991510058	0.0483828350789698
0.669294093430786	0.307879355796411
1.31275235192293	0.563405500186811
0.130061977767633	0.0432396857332205
1.02422162940792	0.382079227006262
-2.0818949561759	0.939030968916842
1.31834040226142	0.565982656192084
0.658449623497539	0.206846818911275
0.803406298057045	0.330476655381048
0.160583229502904	0.0401661733691417
-0.167535179530461	0.0599846998526839
0.50755078071475	0.178917899343599
0.136064150045345	0.0451527296002601
0.804902320215242	0.331341314716319
1.44391071628385	0.475549251261387
-0.120436689899838	0.0478987092728061
3.26406378444313	1.10187162962723
1.75801664616211	0.962045011646966
0.94820175004088	0.248479682375772
1.31275235192293	0.563405500186811
1.81456677210567	0.703082758766755
-1.51627074165718	0.764944689823934
-2.57963910438406	0.659061212358043
1.81294103662311	0.70256079058948
1.22917172773277	0.843743975243139
-0.235725494787964	0.0758333105755394
1.03712097884627	0.491473547325604
0.948905461162112	0.248586345985544
-2.5766529574574	0.657773148602288
-0.628299579656606	0.151558046801791
-0.234881985943443	0.0755878057926229
0.510967914253512	0.180245566763838
-2.5766529574574	0.657773148602288
0.948337549654709	0.248516516252871
0.147510896476738	0.0432547789402825
0.146922191196889	0.0431076767472804
1.45138090115721	0.478568850670936
0.948337549654709	0.248516516252871
0.145313170347528	0.042674261922763
-0.806612457433559	0.440304257659114
0.511884149147493	0.180536056250855
0.160583229502904	0.0401661733691417
1.95786695174359	0.441149378722158
1.95786695174359	0.441149378722158
2.75807933893485	0.764710363024488
0.50755078071475	0.178917899343599
0.374033731308239	0.16601974607059
2.10225336027739	1.43701662598727
3.26345542626113	1.10199860979414
1.44862736407577	0.477555630338169
0.160221796316651	0.0401166927693931
0.154509067766894	0.0289541162362231
3.26508709738097	1.10261522135605
0.15963091503218	0.0399802605532864
0.658157600688591	0.206837664845118
1.95786695174359	0.441149378722158
3.26345542626113	1.10199860979414
-2.5766529574574	0.657773148602288
0.950287720870208	0.248999740475732
0.94820175004088	0.248479682375772
0.802489056255948	0.330144551890374
0.132732885510209	0.0441080605497273
0.146922191196889	0.0431076767472804
0.511884149147493	0.180536056250855
1.94480649752553	1.19422729059396
1.06190339887597	0.642861277235968
0.532817737105333	0.307283000454082
0.143467885183021	0.0421790290070851
0.160813493636874	0.0402291855562724
-0.354815349846941	0.101888689175609
-3.46702762063817	1.23112270337757
0.424935770305415	0.167621556044747
-1.70045193992328	0.959389000268318
0.950287720870208	0.248999740475732
2.54427735653569	1.37734833843962
-1.52497036065527	0.541612586959632
-1.04431250676144	0.411172957447673
0.12913352992743	0.0429550272454785
0.670831219986141	0.308462665871979
2.10080345028195	0.924400736993524
1.09236332801533	0.827203100696375
2.75580772001712	0.763760469153332
0.127783326041219	0.0545604617647498
1.4379565837346	0.880863084619832
-1.04232764455762	0.41013375079511
0.804765006705712	0.331183851246171
-1.83232400582308	0.740448880550104
-0.737489374761453	0.251678150254292
-1.14974325164212	0.347335128550777
0.698154389926647	0.456940702610438
1.55896709775471	0.757622057216156
0.426403404838852	0.16824819606602
0.879497924712769	0.465358146017653
-0.35569023027487	0.10209347470967
1.43686307539962	0.879332580406743
1.81545080408239	0.703738180326379
-0.414248785891065	0.172553623155678
0.136319648658168	0.0513124821748247
1.25342360352899	0.678146701343376
1.55287065064265	0.753512057969004
-0.258058895292255	0.130562632075233
0.66552955846226	0.305559075382215
0.127405387111306	0.0480111839782604
0.657866689740957	0.206670742493303
0.529813369888509	0.305018633362666
1.04746072672504	0.497700711342051
-0.414582700218	0.172696165251637
-0.937073167288053	0.691792553243006
0.530463462219762	0.305496460932106
1.55322278137623	0.754063606155397
0.129908031443836	0.0554113226585179
0.504320743367008	0.177589368191118
0.887527270351251	0.471278004201116
-0.627552828222771	0.301069167995513
-0.414583729189825	0.172844740940255
-0.717299780604968	0.693002584278483
-0.627598197564051	0.300860032383781
0.130658069144789	0.0492298941542097
-0.507804767338244	0.268072565537459
0.85489597316272	0.631210261694386
0.605324633691911	0.458424314689798
0.731275316478578	0.610307632716432
1.02363521199244	0.381873400117373
0.583988177163072	0.30133161798352
-0.172107354750232	0.0616237994837963
0.161043695584893	0.0402684742968713
0.121437069076498	0.0458587933160858
-0.50779419023108	0.268087141495009
1.23282184412205	0.847050726361095
0.425497080140127	0.167863861612803
0.155067569950451	0.0290355764553768
0.367561887360249	0.16284634771038
0.376021999468746	0.166764826984412
1.75759463202614	0.961397932913898
0.370975087241502	0.16442838158748
1.55265783773452	0.753699130068357
1.0239728358881	0.381885834911352
1.31161763457028	0.562749823451238
2.10875736621331	1.44549134981405
0.144389940892798	0.0424393237157952
0.140023273435885	0.041219830052157
1.38494016827733	1.0691553775983
3.16589392063679	2.54880709036153
-0.786064001710535	0.340634932199196
-0.539312347732804	0.202625351504848
-1.52275201069355	0.540627902821117
-0.628867026021838	0.151670609188118
0.526038629309883	0.302599420766598
-0.804932981069989	0.439180198783289
1.38141548536883	1.06547284431655
1.02422162940792	0.382079227006262
0.328644468897194	0.182252308368565
-1.23240470773891	0.935147790957371
1.4681871323271	1.47251669287128
-0.932118373664273	0.686414019332275
0.318215275900295	0.192710777577153
1.55918347761798	0.757875986288971
0.806382919129529	0.331954183712481
1.31798968775981	0.566002482239596
0.376551488393798	0.167096677243062
0.134663561206417	0.0447043906173227
-1.85846998977206	1.16644412000466
0.130229401607723	0.0555523028434548
0.129451701763363	0.0552996203439574
0.132951093876262	0.0441757525557606
1.31473628244331	0.564270657565622
1.25650524049789	0.680551565208647
0.588707465419301	0.304164601027873
0.128217426027829	0.0426676360228733
0.131190430440417	0.043607248787474
1.02248687611089	0.381157405723936
0.160221796316651	0.0401166927693931
-0.628164901903538	0.15157555358925
0.950858461556905	0.2491584305819
0.672812797155709	0.309654422171124
0.375965197195902	0.166938700129267
-1.52497036065527	0.541612586959632
-4.41604549869706	2.21569104828524
0.883522598319616	0.46852696737076
1.95786695174359	0.441149378722158
1.75302249716051	1.357074949338
0.15963091503218	0.0399802605532864
-0.536892625271128	0.201634766838871
-0.355979365614545	0.102141358762928
0.131312969717297	0.0560946086957417
1.2540162666677	0.678629053894652
-1.00725001382192	0.498549530389026
0.138601900423749	0.0591515108431595
0.494148821335009	0.312063905214744
-1.00097868340154	0.494024971537194
-0.542900106811953	0.204176406519794
1.22482144389687	1.02690640440823
0.129451701763363	0.0552996203439574
1.31275235192293	0.563405500186811
1.93851736817512	1.18860186953176
2.10021124048698	0.924077935460336
3.92452877652187	1.70087632208659
0.37719892423885	0.167428598365971
-0.165306041400927	0.0592208118770727
0.603586507681272	0.456894622846069
1.8135291528185	0.702758164322864
1.31218528243788	0.56311122145944
1.02338601426445	0.38161996773056
0.1330827989725	0.0442077225266119
1.44899109330448	0.477667123734845
0.657866689740957	0.206670742493303
0.132164012775708	0.0439252834614193
0.42674901755277	0.168383534172577
-0.792741102489134	0.344191342632362
-1.34952235306247	0.84750781479436
-1.50771865123221	0.758301194323698
-0.114263293640458	0.0454834777184629
-0.539312347732804	0.202625351504848
-0.6242291915052	0.298754858474491
-0.511469977762164	0.270689661984711
1.04746072672504	0.497700711342051
-1.04431250676144	0.411172957447673
-0.737489374761453	0.251678150254292
0.428285671446016	0.169094775343879
-1.52304226528151	0.540703452519057
-1.52527766014307	0.541726073904961
1.44899109330448	0.477667123734845
0.13125430574639	0.0494561793802337
0.663734071862524	0.30487378494478
-1.04453512123014	0.411299191300165
0.124751416858666	0.0470574836800859
0.144389940892798	0.0424393237157952
-0.0769267223647628	0.0338534850047221
1.02480914386846	0.382191050766977
0.806031822454127	0.331901204294119
0.879235208284331	0.465104450514343
-0.536892625271128	0.201634766838871
1.31451987093813	0.564351638075811
0.669975753795622	0.30798845763185
0.13344715681091	0.0569633928380752
-0.23522957281847	0.0756912588669357
-0.360018151462565	0.103295990712749
0.848692993601629	0.624889360029908
0.42447586723862	0.167476495974403
0.803269824230379	0.33049399469318
0.144054213480702	0.0423469198905259
0.513297440290374	0.181056085890725
0.674075603168132	0.310361240164618
0.947635845528227	0.248244973505163
2.09995861282333	0.923872580873855
-1.00361914170206	0.496209107630798
-0.413914940317443	0.172398209586204
0.159402290839324	0.0399177124259514
0.133518654529654	0.0443432692760018
0.511315925469962	0.180318053690652
0.702746827846861	0.461211439775158
0.801922158295548	0.329828855715043
0.67255389099498	0.309487891494371
-0.324097777063102	0.14944854000421
0.50776496866365	0.179019570667438
1.93713252355331	1.18705609659435
0.132951093876262	0.0441757525557606
0.769736489842755	0.455776825699115
-0.625380300345378	0.299760189641616
-0.326706420774188	0.150676078031383
-0.111791929242384	0.0444992387808309
0.144976980831471	0.0425943260188831
0.429402678919788	0.169523968553339
0.511755072041239	0.180523302881905
-0.198834706952427	0.107610764066154
1.54793474376751	0.750539790868506
-0.418766093941213	0.174660992041724
-0.121083321791546	0.0481564628616814
-0.172669104556229	0.0618131682393964
-0.585072518836578	0.429675500697206
-1.29538171494723	0.577437227146469
1.04599966087592	0.496530182996476
0.672020645637805	0.309003303495101
0.803406298057045	0.330476655381048
2.72578399363787	1.63627178086611
-0.259788312085575	0.131416345796838
1.04690378710311	0.497343192229306
0.511535984561553	0.180463547184556
-1.04830445283218	0.412998546651081
1.04780700199927	0.497914055094941
0.511755072041239	0.180523302881905
1.04592550905106	0.496555772385996
0.132732885510209	0.0441080605497273
0.880085834837522	0.465830263044958
0.132517639884099	0.0565624888818483
-1.83232400582308	0.740448880550104
1.02685010343664	0.383062880383657
-0.539787890554963	0.202744059579388
-2.08922761541921	0.943816452673973
0.657866689740957	0.206670742493303
-0.259136619200067	0.131056288259895
0.128075192969757	0.0482635683600574
-2.08911637827436	0.943898849288905
-1.00718752312453	0.498535526397277
-0.627874016085045	0.301277734749088
-0.35569023027487	0.10209347470967
-0.790293055908666	0.343033629214228
-0.0794920793562974	0.034975917735626
1.04334303236484	0.494914028912666
0.159859477622278	0.0400192334307773
0.370326825020082	0.164116205224483
0.94820175004088	0.248479682375772
0.948905461162112	0.248586345985544
0.370326825020082	0.164116205224483
0.427594646547955	0.168736117125312
1.04780700199927	0.497914055094941
1.01868988091969	0.379571940690884
-0.625793800111948	0.29945602702412
-1.34733082898343	0.845941527917806
-0.506279891975768	0.267122872178576
-1.26032551548678	1.18692691842254
0.427165924201302	0.1685512930904
0.65757421006213	0.206588655278929
-0.234312185154952	0.0754304879292539
0.589646587977421	0.304741958565845
1.06587393544721	0.646951217340291
0.771097156257291	0.457714120868649
0.338761887287261	0.168851530881383
0.129989608626953	0.0489773561473865
-0.233395157779413	0.075126282890225
-0.0442415326044782	0.0210896138943911
0.146584487246171	0.0430023159110844
-0.627648051161859	0.300886351315126
0.94820175004088	0.248479682375772
0.130920287619515	0.0493322328761646
1.95731570776637	0.441000340195791
-1.52896155531942	0.543366808154917
-0.558174970324647	0.357050353364168
0.777123188708003	0.462143896688881
0.809005645695198	0.333196127239404
-1.79840965860499	0.382877827643389
0.948905461162112	0.248586345985544
-0.536322009305803	0.201466150653051
0.147259813410519	0.0432007445014279
-0.739003822726622	0.252222384495429
-0.539312347732804	0.202625351504848
1.02279934713965	0.381250494154782
-0.233395157779413	0.075126282890225
1.25658555936341	0.68088288459711
0.774086371150717	0.460203994216453
0.770650849661271	0.456686706927308
1.0465573597421	0.496941985086031
-1.04128985839135	0.40948342982649
-1.51136479722898	0.761191935779971
2.5427894591106	1.37603904067737
0.431627491838122	0.170469918195788
-1.04709662477092	0.412413821088329
0.950858461556905	0.2491584305819
0.155067569950451	0.0290355764553768
1.44981862951738	0.477799018830262
-0.739472647353845	0.252404120102369
-0.628838972377586	0.301497189830301
0.377463332864578	0.167570032868996
0.156661115950913	0.0392800358899383
2.75641316563256	0.763778311858285
-2.57660997484294	0.657538252319339
4.9904502549856	3.51175906320078
0.16045117802105	0.0401558290866076
-1.14111344283696	0.344497381350969
0.425711946160757	0.16789021565377
1.02743758778838	0.383195606193548
-0.354815349846941	0.101888689175609
1.31161763457028	0.562749823451238
-0.192771698872493	0.104200574286682
0.131850096082115	0.0496765164754003
1.75759463202614	0.961397932913898
-0.796060921754267	0.345916139866961
0.136589296650132	0.0654816461969539
-0.628164901903538	0.15157555358925
2.75520320904554	0.763197913000704
0.653826927429073	0.205337088996143
0.155111385030128	0.0290417527313876
1.09759928160263	0.833145694838769
0.339758566383255	0.169487309376746
0.155111385030128	0.0290417527313876
1.95731570776637	0.441000340195791
-2.5766529574574	0.657773148602288
0.144976980831471	0.0425943260188831
0.159992352718576	0.0400538861334557
3.63500627246108	1.42050433165602
2.0991329538262	0.923165538283533
0.132660839006286	0.0566847121262319
0.159992352718576	0.0400538861334557
-0.669399428299225	0.400830428043252
0.588858693361591	0.304456868483034
0.347359056531357	0.173621731831502
-0.627598197564051	0.300860032383781
-3.47037791848506	1.23253991106037
1.95786695174359	0.441149378722158
1.8138222857108	0.70292085392477
1.07331886117734	0.652443585048616
-1.14499995487719	0.345855392571373
1.95731570776637	0.441000340195791
-0.628164901903538	0.15157555358925
1.45114635521655	0.478471348903038
-2.57660997484294	0.657538252319339
0.424935770305415	0.167621556044747
0.669887108825485	0.308252439258341
-2.57669595250488	0.657559862268914
-0.355104953248248	0.101967480674674
3.26284822825054	1.10169382604423
0.154465593370314	0.0289479903375428
0.51408290047205	0.181384498788784
-0.628733247343677	0.151688343674084
1.45002443087219	0.477709882186281
1.95988292961267	0.441702177751728
0.133555144261353	0.0641909210601344
0.782908083884359	0.618637469677899
-0.418432324070287	0.17452805778287
0.51386494250992	0.181311218287051
0.13422930794267	0.0445728055584624
0.16045117802105	0.0401558290866076
0.157370411029726	0.0293708256249034
-0.933393243290324	0.68813597210684
-0.237212899766669	0.0763212805777045
0.660638687988492	0.207526442563452
-1.79840965860499	0.382877827643389
0.15144823932183	0.0285426379557898
0.16045117802105	0.0401558290866076
-1.80123754984197	0.383647112861273
-0.121046858968259	0.0481817759385421
0.94820175004088	0.248479682375772
-0.793871327710497	0.344598346953249
-0.0787623034247887	0.0346393153486749
0.466599160470273	0.31759414125477
0.803760414606964	0.330819866621168
0.511535984561553	0.180463547184556
0.156070095129669	0.0391676647119387
0.156070095129669	0.0391676647119387
-0.352620864579995	0.101250485836996
-1.00428527958743	0.496616726867449
3.26569824690609	1.10327543173781
1.44839669376933	0.477459847846965
-1.79840965860499	0.382877827643389
-0.628164901903538	0.15157555358925
1.44899109330448	0.477667123734845
0.42674901755277	0.168383534172577
-0.735795036496609	0.251087692088149
0.948768757521975	0.248549269795159
0.154509067766894	0.0289541162362231
2.75520320904554	0.763197913000704
0.154465593370314	0.0289479903375428
2.75580772001712	0.763760469153332
3.63565166019344	1.42132833477826
2.76097686654259	0.765783986906631
0.325601680593196	0.19784634007284
0.671242260155002	0.308574717990314
-0.114531033021198	0.0455888758023028
1.30842279896953	0.560888896280948
1.81235300959058	0.702242876396542
-0.536322009305803	0.201466150653051
-1.52246182960607	0.540465661800635
-1.80123754984197	0.383647112861273
0.154509067766894	0.0289541162362231
0.16045117802105	0.0401558290866076
-0.807547420066161	0.440867270911814
-0.234881985943443	0.0755878057926229
0.947635845528227	0.248244973505163
-0.537241703354832	0.201774932174822
0.154509067766894	0.0289541162362231
3.92452877652187	1.70087632208659
-1.79839614394125	0.382877807711208
0.947770742439721	0.248281535275256
-0.538391637447097	0.202241097472968
0.883522598319616	0.46852696737076
-0.628299579656606	0.151558046801791
1.24923680785857	0.675374574455104
0.804902320215242	0.331341314716319
-1.05241292704995	0.850886837681208
0.529755303888614	0.304762703810486
0.511884149147493	0.180536056250855
0.948337549654709	0.248516516252871
0.948337549654709	0.248516516252871
1.31218528243788	0.56311122145944
0.15144823932183	0.0285426379557898
0.155111385030128	0.0290417527313876
0.154465593370314	0.0289479903375428
-0.355104953248248	0.101967480674674
-0.786851278108693	0.341002012219478
0.947635845528227	0.248244973505163
0.510089510074648	0.179877546335957
1.95731570776637	0.441000340195791
1.02246283803588	0.381238371277329
1.0282187103729	0.383542758401815
-0.355394630173918	0.102015543768339
-1.1406575104342	0.344234513147494
1.81323362267005	0.702723165703649
1.02685010343664	0.383062880383657
0.805116244112889	0.331471066458395
0.58337064368769	0.300948307786924
0.944504519928106	0.247598335656165
1.02592340208434	0.382810966482796
1.554331556689	0.754901612413363
-0.621906689845975	0.297400499083712
0.425411281391427	0.167750699925777
-0.169008421659159	0.0604879259203808
1.44862736407577	0.477555630338169
1.43633551372502	0.880259488778094
-1.2995232454581	0.579997913839283
-1.1447666380351	0.34569313996721
-1.14111344283696	0.344497381350969
-0.354229439997714	0.101697261087168
0.134424861075149	0.0644831773464918
-0.425168163130971	0.177537554772398
0.160583229502904	0.0401661733691417
-1.14111344283696	0.344497381350969
0.660932155782147	0.207694635746326
-1.79840965860499	0.382877827643389
0.948905461162112	0.248586345985544
-2.5766529574574	0.657773148602288
1.2549443845612	0.679024318006008
-2.0898088165941	0.944216737411355
1.75836423143201	0.962753553234379
2.72522717721999	1.63561868011754
-0.241413963115422	0.077619233966542
-2.30007213812399	1.14746925859003
1.2537598567175	0.678111150213048
0.132600988210423	0.0440609588064188
-1.52556530925699	0.541887546993991
1.25042147238036	0.676388597053865
0.130977595936442	0.0435409758262869
1.44899109330448	0.477667123734845
-0.53874057789979	0.202401825815006
0.948337549654709	0.248516516252871
0.950998501270056	0.249196467275389
-0.23733699757943	0.0763359683654099
0.673482458034147	0.310019955946795
1.06434630024958	0.644020115372913
3.63395648950567	1.42026036401428
0.144725574883443	0.0425191258680454
1.95731570776637	0.441000340195791
0.658449623497539	0.206846818911275
0.155111385030128	0.0290417527313876
2.75641316563256	0.763778311858285
0.948337549654709	0.248516516252871
-0.628733247343677	0.151688343674084
0.658448437247608	0.206865271021461
0.657866689740957	0.206670742493303
2.1062553957088	1.44232625883908
0.770793985117418	0.45752296418316
0.58002097918695	0.298916751578617
0.376875238635301	0.16727169805512
0.525680636853532	0.302311810643577
1.02499638904051	0.382165912389253
0.802704240998476	0.33025128123342
-0.115432391049226	0.045969859575827
0.675639408122852	0.311084129184533
-0.536101171148354	0.201337796547223
0.374033731308239	0.16601974607059
0.144640697621443	0.0425017414545061
-2.5766529574574	0.657773148602288
-0.668521909462382	0.400190961595835
0.139436459089769	0.0410524321785509
0.516197868156601	0.182070276152868
-1.52527766014307	0.541726073904961
-1.83165926032039	0.740451579277532
-0.506885445790532	0.267562148692892
-0.504959560103313	0.266518345381214
0.160813493636874	0.0402291855562724
-1.04347763338354	0.410675434748757
3.26284822825054	1.10169382604423
0.145227337337459	0.0426443607563146
-0.237559934502149	0.0764246711906185
0.162357836679133	0.0405597098553547
-1.29882542782854	0.579669605589987
0.510271633266051	0.179924314863983
0.655285284601054	0.205717641865354
2.3386469338706	1.1463460110087
-0.410397623050957	0.170829785405744
0.420308903296593	0.165743094945014
0.14371839260098	0.0422424410228484
-0.735458723618684	0.250947808327744
-0.631994988626399	0.152498044571477
1.81235300959058	0.702242876396542
-0.0370084392150385	0.017713184880402
3.92452877652187	1.70087632208659
1.75223973666186	1.35744917836468
1.55805296257806	0.757338935380643
-0.738079783119958	0.251987608125061
-1.79840965860499	0.382877827643389
1.38073582816861	1.06340510479202
-1.29110511870394	0.575249388426856
-1.04687191417195	0.412486748895758
0.660932155782147	0.207694635746326
-3.45967591146264	1.22746502283364
0.160813493636874	0.0402291855562724
-1.83597776269255	0.742763952258261
-2.5766529574574	0.657773148602288
0.670235846552931	0.308134565191259
0.154465593370314	0.0289479903375428
2.10021124048698	0.924077935460336
1.04557901596628	0.496342633681703
1.75815352113832	0.962056246094218
1.76136333181412	0.965618801346497
1.31126841403568	0.56233368703482
-0.354519585455166	0.101776151388844
-0.358557998384515	0.10292132426425
0.144725574883443	0.0425191258680454
-0.628733247343677	0.151688343674084
-0.238300485260816	0.0767056206772632
1.0238833519431	0.381787644807647
-1.00064515503921	0.493786893688021
-0.629434960256753	0.301687748976086
-1.14111344283696	0.344497381350969
0.147259813410519	0.0432007445014279
-1.79839614394125	0.382877807711208
0.659032643407672	0.20695576224899
-0.414916683326375	0.172824045878667
0.133759541419869	0.0570900875763627
0.127300641662698	0.042364990085096
0.160583229502904	0.0401661733691417
-0.628164901903538	0.15157555358925
-0.628164901903538	0.15157555358925
0.133518654529654	0.0443432692760018
-0.240627572806769	0.0774207528438286
1.22977935935609	0.844666148121663
-1.52499008340819	0.541418114624462
-0.737489374761453	0.251678150254292
0.160813493636874	0.0402291855562724
1.75780594186057	0.962186704227779
0.130252043796619	0.0490662084514869
1.81545080408239	0.703738180326379
-1.04255649350425	0.410401789740815
-0.738748567012076	0.252134640052989
-0.738079783119958	0.251987608125061
0.585811213568047	0.302214531395461
0.800380368072435	0.329168985697583
0.144054213480702	0.0423469198905259
-0.739003822726622	0.252222384495429
-1.79840965860499	0.382877827643389
0.948337549654709	0.248516516252871
-0.411559239911514	0.234866411182336
0.801220040350497	0.32937098969222
0.144054213480702	0.0423469198905259
1.02363521199244	0.381873400117373
1.44922258720914	0.477763268309402
-0.540486497816113	0.203240784979243
-0.240976410898063	0.0775300306973211
0.947635845528227	0.248244973505163
0.675458526307107	0.310947368433736
-0.236642536873473	0.0761450888689269
1.43938112078347	0.882216880017671
1.93954790797232	1.18863154455072
0.305460627833377	0.210364147948254
1.31530203855702	0.564526657282562
-0.358852053011674	0.102979336804101
-0.536543629071067	0.201474262127947
0.129916076947615	0.0554206976348945
0.936718577871809	0.630867700678887
1.09198312472668	0.82660674599997
-1.69365069043125	0.952980236644444
-0.414248785891065	0.172553623155678
0.94820175004088	0.248479682375772
0.15963091503218	0.0399802605532864
1.45114635521655	0.478471348903038
0.428285671446016	0.169094775343879
-0.254715109644572	0.128583611893165
3.26508709738097	1.10261522135605
0.947770742439721	0.248281535275256
-0.628164901903538	0.15157555358925
0.658741078701816	0.207014004441108
0.94820175004088	0.248479682375772
3.93000570763666	1.70337610095798
-1.83704863877437	0.743077948481445
0.777425857794473	0.462374564731441
1.25249399789827	0.677360299966471
0.420039576114012	0.165642658683475
-0.508809985706161	0.268982412843499
0.14380305748793	0.042271222114559
0.424935770305415	0.167621556044747
0.144976980831471	0.0425943260188831
-1.1414839653338	0.344622990730584
-0.168663393721381	0.0603724956040683
0.660932155782147	0.207694635746326
1.95731570776637	0.441000340195791
0.160813493636874	0.0402291855562724
-0.35569023027487	0.10209347470967
0.134796989185734	0.044763826715822
1.25565913543189	0.680117182136848
2.10021124048698	0.924077935460336
-3.08203048704882	0.947509650360219
1.44899109330448	0.477667123734845
-1.1414839653338	0.344622990730584
0.15963091503218	0.0399802605532864
0.947770742439721	0.248281535275256
0.15144823932183	0.0285426379557898
0.700779561410073	0.459991638740411
0.421945043835978	0.320101342774877
0.273314338039889	0.221825111093606
1.23196394400878	1.03847376322748
1.44839669376933	0.477459847846965
0.144640697621443	0.0425017414545061
2.5422210800607	1.37539333441399
0.803620921341924	0.330666152724973
0.151577906324983	0.0803459511464386
-1.52497036065527	0.541612586959632
-3.76529646610535	1.48477662035046
-0.0761937904836556	0.0466632308215739
1.44899109330448	0.477667123734845
0.801294435982005	0.329722340410091
1.81515619836297	0.703574555319196
-1.52527766014307	0.541726073904961
0.495507895778233	0.313228071151536
1.88825132450134	1.62258372856985
1.81604086904786	0.704001590638153
2.33592492960166	1.14383491548753
2.10404963108371	0.926287358542244
0.154465593370314	0.0289479903375428
0.162357836679133	0.0405597098553547
0.660932155782147	0.207694635746326
-1.29802782774478	0.579253782835915
-1.7405582190116	1.47705372884022
0.339455490649775	0.169320934103776
0.781254174490318	0.616758132705635
0.16099550072985	0.0926314304951064
0.374356834493824	0.166186882736063
-1.04687191417195	0.412486748895758
1.45054889854294	0.478121061898946
-1.14111344283696	0.344497381350969
0.428285671446016	0.169094775343879
0.909543039934717	0.789025701775106
0.144304320671072	0.0423970373819599
0.144304320671072	0.0423970373819599
0.653245802516738	0.205089848433872
0.143132619682455	0.0420748163550394
2.75520320904554	0.763197913000704
-0.277917375447157	0.175469773358163
0.514431860453614	0.181517099423547
0.154465593370314	0.0289479903375428
0.654121684946124	0.205433467520013
-1.14171114622793	0.344693702322242
0.162357836679133	0.0405597098553547
0.675381903961414	0.311010897261863
0.733742920097893	0.613655955387167
0.498725539502145	0.315777599811067
0.949876593707356	0.937847149476161
0.657283842665822	0.20642210460759
0.660932155782147	0.207694635746326
0.670906859207156	0.308500067147838
0.346452006387823	0.173144938194172
0.426963288001114	0.16844063660739
0.512103476504473	0.180655514559587
0.377786837575273	0.167726927816864
0.131682648363566	0.0437604593152334
0.428499118546633	0.169166907815334
-0.173341415808603	0.0620980411857629
-1.29538171494723	0.577437227146469
0.76677187520361	0.45442248156236
-1.14499995487719	0.345855392571373
0.428285671446016	0.169094775343879
-0.0818039509122698	0.035979088197246
-0.167409271163493	0.059935085601386
0.130920287619515	0.0493322328761646
2.53901079776307	1.37313946126329
0.587176291944614	0.303137191834926
0.124488256386008	0.0469611145656188
0.947770742439721	0.248281535275256
0.803620921341924	0.330666152724973
-0.78973067173135	0.342677677503607
-1.52497036065527	0.541612586959632
0.122956983165938	0.0463715462377413
0.803055311396109	0.330423388744012
1.94178049339278	1.1907548776292
-1.18373604933465	0.65993611428368
-0.164182716008776	0.0588217692737051
1.04536760236631	0.496267966555643
-0.237734534646551	0.0765149348263535
1.02304894811125	0.381607715308403
-0.542682107954062	0.204015443104983
0.161043695584893	0.0402684742968713
0.510839396613925	0.180141996770445
1.31650795808103	0.564835494933738
-1.04687191417195	0.412486748895758
0.8534424992379	0.629556610100479
0.373753217777433	0.165661732219598
0.13571412709247	0.0450530753488282
1.04424975463849	0.495554192271584
0.15963091503218	0.0399802605532864
0.371241121847868	0.164587159709047
0.803406298057045	0.330476655381048
0.658448437247608	0.206865271021461
0.154465593370314	0.0289479903375428
2.75580772001712	0.763760469153332
1.95731570776637	0.441000340195791
1.23051735025422	0.844040380147423
0.805116244112889	0.331471066458395
0.376286778136865	0.166956339676594
0.580634267886919	0.299408122969644
0.133134712517645	0.0568317747059139
-2.48588788700222	1.3734731429618
-0.554286921845697	0.353849513027017
-1.83105982818556	0.740099638711398
-0.355104953248248	0.101967480674674
-0.416113351946796	0.173474000056601
1.81604086904786	0.704001590638153
0.773122358711112	0.458590588799281
0.43038017867016	0.169931858392029
-0.0797943273019492	0.0351107855199681
-0.236669444294962	0.0761561849297003
-0.256023718353225	0.129302917301584
0.143467885183021	0.0421790290070851
0.877892718764896	0.464775421610208
-1.52554695498285	0.541620681553635
0.879235208284331	0.465104450514343
-0.197467628893276	0.106825926434248
-0.234312185154952	0.0754304879292539
0.886101721273405	0.469998042708207
1.06343368235403	0.643323957851685
1.75824597538546	0.96327545614859
-0.0710867468919551	0.0313503757224285
0.879235208284331	0.465104450514343
0.159992352718576	0.0400538861334557
1.75836423143201	0.962753553234379
0.134357593366572	0.0644555511050823
2.38354600257528	2.00859952227605
1.22717101125176	0.841211393682858
0.58582326390311	0.302158236366012
-0.117312200329271	0.046700587944202
0.127783326041219	0.0545604617647498
0.577901236340036	0.557407505771667
0.783749445789765	0.618481297570456
1.25940066717258	0.682987619618916
0.884431831466915	0.469124039133962
0.659032459281836	0.207041754611057
0.157370411029726	0.0293708256249034
1.308210147198	0.560788489886055
0.147848686423209	0.0433479015633612
0.670403511675477	0.308449332760656
0.425627365203623	0.167916299468516
0.492916018204831	0.311337283695917
0.668959447651159	0.307697909547482
-1.29917429595245	0.579864221629977
-0.236865950236819	0.0762080730306188
-1.00455591421692	0.496563866064046
-4.41604549869706	2.21569104828524
0.371830898216795	0.164878125398627
0.658157600688591	0.206837664845118
0.584264578856795	0.301155138737163
2.3410042779854	1.14815153258672
-0.507188305421916	0.267753560501838
-0.412860436217696	0.171921381427765
-0.117660477054644	0.0467865531553836
-0.631909413060596	0.303481900132257
-0.241543381848446	0.0777055848228126
1.07136286650501	0.650851961894903
-0.416119418774553	0.17334263980881
-0.117634611193586	0.0468309314969464
-0.411662068870429	0.171457253105263
0.489329621986016	0.308409543122935
-0.539089600210505	0.202542124367007
-1.46440046966166	1.32617593778471
0.67031140224908	0.308146609796731
0.144976980831471	0.0425943260188831
-0.807547420066161	0.440867270911814
-0.412983914409789	0.235991276091277
2.33842592547281	1.14619164851825
1.01582077599916	0.378097174810862
-0.632243941489255	0.303477189677079
0.532526564622023	0.307394162809053
-0.25631804715075	0.129464639348789
1.44013048371488	1.63753555802839
0.510089510074648	0.179877546335957
0.586862632728758	0.302907595174976
0.132951093876262	0.0441757525557606
0.424935770305415	0.167621556044747
1.80835489274816	0.70010856168417
0.506985941033904	0.178701728610087
3.26345542626113	1.10199860979414
0.586427268401856	0.30259705207657
0.644074533477609	0.457508300361527
1.60583756625488	1.11125580158597
1.38593520337014	1.06994184844363
1.22599787188055	1.0289343807309
0.849428975915648	0.625035219733127
0.589032264568651	0.304349472385491
0.15963091503218	0.0399802605532864
0.395345439525206	0.326587091627186
0.146584487246171	0.0430023159110844
0.644073359656955	0.457545348039781
0.658449623497539	0.206846818911275
0.672812797155709	0.309654422171124
0.908465321397716	0.787869630689246
1.94145517783612	1.19184759895359
1.11239720807152	0.998251418838734
0.767103482977739	0.455097955428645
1.22945967220878	1.20230212926545
0.803971934707366	0.330719381694903
0.802138012530807	0.329972517070534
0.510399267871221	0.17998283956174
-0.73833632952493	0.25198039611565
1.44839669376933	0.477459847846965
0.88099839576048	0.466529066729843
0.159992352718576	0.0400538861334557
1.04232858160831	0.494582138415673
-0.167535179530461	0.0599846998526839
-0.0807708116355571	0.0355216913668977
-0.359141638818634	0.103112871302961
-0.325460428922752	0.150061790536247
-1.85505804801774	1.16199339565662
0.326629032027088	0.180924076935822
0.425842843580689	0.168023318876402
0.586741009394728	0.302789600281493
-0.409347465312249	0.170354931524524
0.127924488470949	0.0482425929706061
0.135937173335384	0.065153738750526
-0.392140227786982	0.271722108489599
1.2321084946103	0.845566663630943
0.146424019044647	0.077456771116052
0.13702524312717	0.0657941189156485
0.168934785089169	0.103989994055042
-0.465852465825879	0.312249204038732
0.311081129065439	0.201703221232115
0.37570137868635	0.16676271612815
0.948905461162112	0.248586345985544
0.658157600688591	0.206837664845118
4.16793953393336	1.96626606855667
1.31707371804938	0.565285221866794
1.95786695174359	0.441149378722158
1.44958631087756	0.477702557005987
1.95988292961267	0.441702177751728
0.88358587775081	0.468285840080903
0.128984037892607	0.0550141448780329
0.139185376148384	0.0667894925858745
1.06693551903278	0.646612243385251
0.940648535733779	0.635748638119546
0.60465509181834	0.457842890277256
0.370650988532887	0.164283149019924
0.159402290839324	0.0399177124259514
-0.0812006584960108	0.0357047288477807
0.13132857528406	0.043642788977823
1.38396157714832	1.06794475141015
0.378697642183921	0.16814680793788
-0.0131109921299256	0.00659045628400858
0.941301637125253	0.635677036974068
0.586267289145259	0.302958783193424
0.587477639043838	0.30335432802977
4.55279421036568	2.49597177977193
0.132382889280095	0.0439989008298304
0.768788342379241	0.455754428053418
-0.539312347732804	0.202625351504848
1.32054367497259	0.566710774982165
0.126207204805788	0.0475458609722025
-2.30487641913941	1.151393355645
0.533112642065699	0.307535086851618
-0.325156350760458	0.14986540860626
-0.9661046610391	0.596054432906184
-0.356071393990223	0.102241794383879
0.910350818148906	0.790211207756722
-0.786285484359973	0.340832261518803
0.789601903557789	0.624959378377053
-0.808064247559108	0.539812695717306
1.55148040990528	0.753166033771985
0.802489056255948	0.330144551890374
-1.69990385408184	0.958884889121488
1.64577420372538	1.54469676666476
-0.662516828796566	0.395534601783474
-0.443883936653426	0.345050920654803
-2.35558790044526	2.15109596935195
-1.00567264984934	0.909439870101062
0.781798669116267	0.617254496454366
0.145683624079725	0.0771527137966606
0.94820175004088	0.248479682375772
-0.737154567775087	0.251538686589487
-1.79839614394125	0.382877807711208
0.948768757521975	0.248549269795159
0.947770742439721	0.248281535275256
0.157370411029726	0.0293708256249034
0.948768757521975	0.248549269795159
1.95731570776637	0.441000340195791
1.23713681469007	0.85135370423025
0.878655708863766	0.465209858663791
0.512103476504473	0.180655514559587
0.427726139064257	0.168841338822495
0.663132334033902	0.208271470068789
-0.631994988626399	0.152498044571477
-0.414916504285137	0.173010164636834
-0.168098950998947	0.060182556134742
0.93836610904593	0.633476965648796
0.590690182885767	0.305386590557676
-1.00043708163123	0.493921146875203
0.162952579336367	0.0406858836130456
-0.53874057789979	0.202401825815006
0.160445864389561	0.0923790392019197
-0.117984276991248	0.0469113915138907
-0.542550190002901	0.204022574863377
0.133439405231815	0.0569598455584698
1.44922258720914	0.477763268309402
0.670831219986141	0.308462665871979
0.659324643575319	0.207123110468657
0.802704240998476	0.33025128123342
0.529582344156348	0.305303818112092
-0.421072366359481	0.175748366073623
-0.737824274342293	0.251781339210884
-0.682485800644453	0.482348863993913
0.288477399033622	0.207773104026993
-0.508411021552542	0.268406408234683
0.673406299089429	0.309995735525838
0.775771781705108	0.460967913031779
0.503199687484611	0.177252156994688
1.95786695174359	0.441149378722158
-0.629763239673253	0.152058330338803
3.63460034321621	1.42001047409594
1.95786695174359	0.441149378722158
-1.79839614394125	0.382877807711208
1.95786695174359	0.441149378722158
2.71711227887825	1.62636607582503
1.43886537661144	0.881917767428703
0.586883597860751	0.303323611201715
0.13251756974086	0.0499054645924754
1.44028850179998	0.883441749469015
2.1037096154536	0.926051884063359
0.653826927429073	0.205337088996143
0.514431860453614	0.181517099423547
1.02363521199244	0.381873400117373
-4.42313546062696	2.2223606945581
-3.0857009920368	0.949295045119167
1.31543636736156	0.564668618767136
0.88067338607847	0.466267903307237
-0.355104953248248	0.101967480674674
0.426188529242061	0.168158662567646
1.25973527090773	0.683240231968848
0.881910169013778	0.467111139730788
-1.00433126300217	0.496955247543201
0.154465593370314	0.0289479903375428
-0.53874057789979	0.202401825815006
2.10080345028195	0.924400736993524
-0.41132889398855	0.171302358575038
0.587477639043838	0.30335432802977
-0.96999048333885	0.598826501142263
0.130847633086116	0.0558190648233276
-0.0418151228620363	0.0199487628952395
0.329990904757413	0.183069070669066
2.39138465743764	2.02288121181319
0.133406927065206	0.0639803101619169
-1.00142346097541	0.494967406792553
1.02709860167831	0.383182847467804
1.04536760236631	0.496267966555643
0.659324643575319	0.207123110468657
-0.3523322595973	0.101168276473444
-3.08229418357021	0.947231644170671
1.02502103246269	0.381987105172265
1.44922258720914	0.477763268309402
1.02626205148491	0.382823634565729
0.950858461556905	0.2491584305819
-2.08391905009995	0.940245123426704
-0.792617263209445	0.34408015271057
-0.804621473140211	0.438958467266849
-0.362912584859585	0.104115139070542
0.588719097872329	0.304194471760505
-0.539438704416492	0.202662195535841
-0.416977745944003	0.23867086456214
-1.10918454329817	0.763995769327407
-0.80505549367381	0.439072856938811
0.124601127651265	0.0414946434208037
0.581812126512346	0.299874016449937
-1.0419816315643	0.409976007162161
-0.166282692383721	0.0595271440925365
1.0466925841433	0.497144343266033
-1.50897634643426	0.759381379959404
0.498513607511518	0.31546436797164
0.798887367854718	0.328506973468232
1.06681590225203	0.646357692598681
-0.55623875595421	0.355643766893984
0.444945395952536	0.321567819299711
0.445741719481949	0.322385323546702
0.803269824230379	0.33049399469318
-0.161890659248678	0.111728891518828
-1.2941091808211	0.576975974922849
-1.52866955783943	0.543083867430977
-1.14559783756009	0.346052129596875
0.15963091503218	0.0399802605532864
-0.234312185154952	0.0754304879292539
1.02675953274209	0.382890377120406
1.44958631087756	0.477702557005987
0.154465593370314	0.0289479903375428
-0.354519585455166	0.101776151388844
2.34135533413392	1.14844291387782
-0.0729868067582671	0.0321596778790971
0.805818467531733	0.331696510115434
-0.737154567775087	0.251538686589487
0.345117767679071	0.172383594582925
0.151017216852493	0.0800586005958577
-0.735795036496609	0.251087692088149
1.06527469285794	0.645091800384117
2.72543602097789	1.63587476931929
-1.34596089131708	0.84521691535508
0.131463990676715	0.0437015090033304
0.157313963255955	0.0903427795558484
1.43408025265736	0.877989329069648
0.847459616065901	0.624306077144201
0.702028884218045	0.461011580665152
0.132382889280095	0.0439989008298304
-0.627920734859053	0.301050564774921
-0.8007770253454	0.436593074092351
0.421549988426884	0.319808676054945
-0.93519268874811	0.690750509440914
-0.932713992642356	0.687940573888252
-0.540486497816113	0.203240784979243
1.81574571371452	0.703837629137609
1.95731570776637	0.441000340195791
1.02626205148491	0.382823634565729
0.948768757521975	0.248549269795159
-0.35569023027487	0.10209347470967
1.95731570776637	0.441000340195791
0.498915670297641	0.315686926321579
0.325764101316749	0.180350989041356
0.670235846552931	0.308134565191259
1.04100401918575	0.493707174905356
0.374621476455653	0.166300862321494
0.138631887879035	0.0665885290777017
-0.330083030983558	0.152436412473373
-1.00136036488049	0.494828521671196
0.590260847861515	0.305105711043137
-0.192362257061551	0.103995419113987
0.880473840254198	0.465838124899984
0.880736150004461	0.466270264133384
0.673147662557951	0.30986199776055
1.26057639902877	0.683664676987048
-0.805677971390819	0.439629011860758
2.38680317429697	2.01553609434442
-0.359141638818634	0.103112871302961
-0.621364549348226	0.297314514339653
-0.812397624928489	0.444783626628618
0.32701291059626	0.181203411092372
1.06467715805871	0.644478179892282
0.882496636130542	0.467472531115084
0.138828396249141	0.0666005938469343
0.676898432022728	0.311902187791794
-0.249526410671139	0.125867823958853
0.947635845528227	0.248244973505163
-0.359141638818634	0.103112871302961
-0.236420091117799	0.0760498926963215
0.656596864428374	0.206190386440451
3.63694507499105	1.42148992135626
1.23481434948627	0.849127162878025
-0.507804767338244	0.268072565537459
-0.234187068597326	0.0753450872420761
0.125916993909445	0.0537508905746059
0.135998997701927	0.065179640552751
-1.0488260366101	0.847279410699741
-0.535402990152881	0.201037267314672
0.144054213480702	0.0423469198905259
-0.737411368529038	0.251647475713659
-0.628299579656606	0.151558046801791
0.658157600688591	0.206837664845118
-0.0415805881681044	0.0198524123782302
0.146887980538036	0.0706010573876782
0.657864503304789	0.206616146564203
0.132032810243933	0.0438841642048134
-1.34639902693724	0.845053316445674
0.132830269347538	0.0566941160717077
-0.117366577096693	0.0467267891566294
0.155067569950451	0.0290355764553768
-0.786851278108693	0.341002012219478
2.33978790714736	1.14690294531108
-0.360018151462565	0.103295990712749
-0.0080917609834901	0.00414764326776884
1.22988422611179	0.843385780272178
-0.537216897264313	0.45038414759777
0.149551069550847	0.043790750343374
-0.234881985943443	0.0755878057926229
-0.0769267223647628	0.0338534850047221
0.428976385850053	0.169324382927391
1.31110478579583	0.562358978556018
2.10345763612533	0.92603048253316
-0.172452668801544	0.0617304368190577
-0.359435145573547	0.103170722743079
0.88158540579846	0.466932419228524
1.47456653369498	1.48222390910724
-0.786851278108693	0.341002012219478
-0.737745529684395	0.251848226779474
0.15144823932183	0.0285426379557898
2.5452226219926	1.378586498706
1.02558467001725	0.382518749728777
1.11966730523896	1.00829466646751
-0.121406733891097	0.0482789131009229
-0.354815349846941	0.101888689175609
0.511187733730715	0.180331422147582
2.34135533413392	1.14844291387782
-0.354815349846941	0.101888689175609
-1.69688979558773	0.956296670615018
-0.355401168227563	0.102014834884787
-0.738079783119958	0.251987608125061
-2.0842635823597	0.940591792243383
-0.628299579656606	0.151558046801791
-0.168443906364487	0.0602979483615774
-0.506874612334667	0.26757461490672
-0.57627538946156	0.566744391318328
1.60297393512535	1.10834112951941
1.06449090773496	0.645455137767061
0.490569132788815	0.30987999360213
1.11412759193923	1.00092344536459
1.55230573373748	0.753147839021799
1.94526561678581	1.19487045519075
1.35298617533371	1.25157499792089
1.43878534902289	1.63338605694514
-0.622257179437365	0.298050216528205
0.94820175004088	0.248479682375772
0.510967914253512	0.180245566763838
-1.34534526051122	0.844553640589419
4.16730154885901	1.96585814036702
-0.00162700537959148	0.00094586624476277
0.853432509517353	0.630331007959174
1.06436231489504	0.644280530255301
0.144976980831471	0.0425943260188831
0.146670376003709	0.0430346600388633
-0.355401168227563	0.102014834884787
0.658741078701816	0.207014004441108
-0.11706780556092	0.0465584081549706
0.121245213160553	0.045772459841601
-0.509766296558063	0.269560889619866
0.159992352718576	0.0400538861334557
0.324420076571648	0.179497011757384
0.135308208894332	0.0649218855246896
0.425835665384857	0.323938663311671
-0.0750751656772622	0.0330764274953999
1.43141409837159	0.874736464393397
-1.11017434983909	0.765593385837461
1.25308727931006	0.677893883554368
0.80809182652064	0.332822174466832
-0.997778677799232	0.492287479518007
-1.52468217246603	0.541450953371581
1.11202087540279	0.998906254521381
-0.0800966314259405	0.0352428263549873
0.67374098604665	0.310203332995967
-2.08911637827436	0.943898849288905
0.129916076947615	0.0554206976348945
1.3150863687139	0.564688556451063
-0.196907094789275	0.10650128428342
0.134797618528186	0.0575402214076597
1.23344572796901	1.03914742821817
0.490296088133487	0.30929375753451
0.126542495326753	0.0476742327585843
-0.967414840149627	0.596763683107506
0.52762571024609	0.303336411478279
-0.322547079957888	0.148706106595297
-0.624824451696218	0.299085257385298
0.50776496866365	0.179019570667438
1.31451987093813	0.564351638075811
1.44450447975593	0.475941549703467
-1.50897634643426	0.759381379959404
1.25283050010547	0.677613121936022
0.154465593370314	0.0289479903375428
1.44958631087756	0.477702557005987
1.02097706153712	0.380421430230224
1.55450950666522	0.755013474046303
0.993635351042619	0.816102076471108
0.376669898558838	0.167006473342362
-0.111414326111756	0.0443778368292598
0.424611273738373	0.167583555175302
2.72599222880907	1.63639773240187
-0.0744033715227707	0.0327794845530911
0.374402254410437	0.165957266705863
-0.327589684718349	0.151206157461436
-0.275885445239347	0.174040947712424
0.492725655236368	0.311336984276667
1.07075230082482	0.650311109491724
0.0162202411574155	0.00884321540881575
-0.791832805004252	0.343622226885232
0.702797248143121	0.461926680616254
1.75857433397038	0.962537125105929
0.146139603333772	0.0774914174974864
-0.00920198116262947	0.00469462461045714
-0.54346877962796	0.204399150899749
-1.13895833229548	0.343813220888229
-2.5766529574574	0.657773148602288
2.75580772001712	0.763760469153332
-0.35666348042052	0.102404483392645
0.947770742439721	0.248281535275256
0.330557604395398	0.18346148822662
0.798887367854718	0.328506973468232
1.43725553750908	0.87962577067881
0.130992195528203	0.0493490863110476
0.137536650513881	0.0659495032275318
0.84802225522277	0.624574098958728
0.529517606521035	0.304829208941964
-0.412526907999635	0.171766273135573
2.54557570899396	1.37892987568067
0.846642638536155	0.62281040952751
-0.508421267883101	0.26832245260077
1.5599323164899	0.758015609013514
-0.418432324070287	0.17452805778287
-0.0800966314259405	0.0352428263549873
0.67374098604665	0.310203332995967
-0.225447847600851	0.147093488362076
-0.0368995779150647	0.0176578368596796
0.666385345775343	0.306202110873003
0.936136051759976	0.631119921177398
-0.41132889398855	0.171302358575038
1.02567343435987	0.382470463826608
3.26224218729945	1.1009233569627
-1.14559783756009	0.346052129596875
-1.79839614394125	0.382877807711208
2.75520320904554	0.763197913000704
0.670571388016324	0.308341959138758
1.04613434901401	0.496626299036399
0.804902320215242	0.331341314716319
0.145278215373936	0.0769176437893582
0.937124174379436	0.63222639543926
1.06374877239713	0.643646666521253
-0.693349382616017	0.554538974101443
-0.542550190002901	0.204022574863377
1.23601425360656	1.21227271269462
-0.996907415288135	0.49182997996147
-0.502279415881906	0.380110778415325
0.694250336330842	0.454010592549504
-1.69271082861525	0.952704551969826
-0.90530958643469	0.758236471100259
1.2270699366948	1.03042327226031
0.3021594550169	0.207946247696865
-0.507266850013878	0.385077645491571
-0.152851350574415	0.0871612999560241
-0.413032886939455	0.235914366502824
2.69084893130578	3.99137136428684
0.131892201556397	0.0562860360466152
3.26224218729945	1.1009233569627
1.81205656672306	0.701877636994275
1.95731570776637	0.441000340195791
1.44839669376933	0.477459847846965
0.947635845528227	0.248244973505163
0.797972177742043	0.327977456331324
0.425065527869463	0.167656114427908
2.75868832531345	0.765017792149168
-0.410995787493564	0.171132757340513
1.43265129803783	0.876078092905486
0.133301116726748	0.0442849463266127
0.156070095129669	0.0391676647119387
-1.2948051112795	0.577362423726676
3.63800215358027	1.42157836230782
0.657283842665822	0.20642210460759
1.04480901675325	0.495932284777841
-0.00358082882396166	0.00192630532343332
1.43510303914355	0.87902000301251
-0.966171956846182	0.595044580463999
0.313855160305837	0.189806202416885
1.06571047053831	0.645313983412741
-1.50897634643426	0.759381379959404
1.55415734614874	0.754461189942461
0.46804332883215	0.318824430869455
2.10258006966317	1.43668015309585
1.0238833519431	0.381787644807647
1.31416993955936	0.56393406368061
0.802138012530807	0.329972517070534
0.531113882206666	0.305955102147361
1.24949335708199	0.67545807251354
0.93676862659267	0.631783094848693
-0.044034564067547	0.020970591834217
-0.99784185095149	0.492475193471146
0.67912166875874	0.313015733596821
0.325283629255834	0.179987013667165
0.0136478772638502	0.00749051179028279
-0.462892966487103	0.309668956169603
-0.34195311050589	0.207730877681433
1.38424300299312	1.06783599108966
0.496188295519467	0.31377310003417
1.0622046209675	0.642925379689168
-0.118253503079345	0.0470100497471401
-0.667157619067108	0.399470889154624
1.35028787162475	1.24761224544544
1.51405689289751	1.29107287497105
0.69598692105836	0.455489561451158
0.696950786268212	0.456326845806389
0.160568688004601	0.0924510879323801
-0.250111948564357	0.126180675841749
-0.0392111553828247	0.0187388371086151
0.645581023363681	0.459728280662457
2.72677374077818	1.63662799370539
1.76247306121477	0.966423627602267
1.02626205148491	0.382823634565729
0.771786956152333	0.458361445393627
0.491437893868473	0.309819308339931
0.142109399051763	0.0606749174709117
-0.114798840995251	0.0456854313144561
0.42674901755277	0.168383534172577
-1.49223729685711	1.0462312860788
-0.964556346060431	0.59382581703015
-0.0734703854953909	0.0323869114733748
-0.336864489962886	0.204193269988697
-0.252692667705533	0.127653659498477
0.67150187758438	0.308828121931979
1.75197992598217	1.35576464291591
0.684297817025557	0.597350993442496
0.946674729720546	0.640761552074819
0.494546646165561	0.312446477059745
3.17023605886993	2.55704374278161
0.372154632546278	0.165023296170665
0.645727968167078	0.586042472406377
0.423811133592524	0.167066807502356
0.533473962565305	0.308121909631677
0.428844518886435	0.169326646561233
-0.323322096708705	0.149188943317618
0.801294435982005	0.329722340410091
0.317287361248428	0.192258571641633
0.849303912265745	0.625998596159384
-0.693286957281913	0.554845647738214
0.649946320897409	0.463248937780803
0.705033836247971	0.463079419402629
-0.623855676204595	0.298484676975206
1.43660407010061	0.879442080968815
2.01492937170626	1.90077250699162
-0.0790661509493314	0.0347683268827979
-1.00043708163123	0.493921146875203
0.133439405231815	0.0569598455584698
1.11140916534895	0.997736973494312
2.75641316563256	0.763778311858285
0.591002833684449	0.305541349178263
0.881323339853085	0.466707870803552
0.345762955214128	0.172762610176751
0.582614615075381	0.300685752544799
-1.18309149572464	0.65955331260621
-0.230042367210588	0.150326560013436
-1.0030160119447	0.495866412258457
-0.809362084979269	0.442571037659562
-0.99784185095149	0.492475193471146
0.589333607395911	0.304587039615023
0.124751416858666	0.0470574836800859
1.43970607943884	0.882904500572979
-0.671760429963068	0.402337800591044
-0.505226136667012	0.382981928123963
1.9442189987784	1.1936715042042
1.06923380204883	0.648439306660549
0.328259274110731	0.181987729734874
0.502848017421805	0.177122784241691
0.342295556627301	0.170733222878425
2.75807933893485	0.764710363024488
1.95731570776637	0.441000340195791
2.75641316563256	0.763778311858285
2.75580772001712	0.763760469153332
1.02329749324129	0.381582146499257
0.537570710150057	0.44770931242112
0.88293706934252	0.468068574240379
0.139097983949456	0.0409512881184992
1.23294234096454	1.2069551385297
-1.6512025959923	1.71002191303997
0.511315925469962	0.180318053690652
-0.802329845976993	0.437346023379439
0.669552643528324	0.308070987336909
-0.118983486353082	0.0473258989547853
0.506286345412427	0.178440504115667
0.127740324846529	0.0481396538224244
-0.254994031075374	0.12888581978507
0.526629647603803	0.303042123330943
0.017055886199772	0.00926013225358732
0.513736556826631	0.44469583923768
0.313855160305837	0.189806202416885
0.530818454143299	0.305765726169846
-0.0357191046418766	0.0171229468678225
0.725771231732125	0.604536262020437
0.56778523089667	0.453014401207034
1.60070982683077	1.1050727450212
0.162357836679133	0.0405597098553547
1.44450447975593	0.475941549703467
0.661811042100157	0.2078534144171
3.26284822825054	1.10169382604423
0.803971934707366	0.330719381694903
0.160583229502904	0.0401661733691417
1.43970607943884	0.882904500572979
2.33842592547281	1.14619164851825
-0.0771293174447869	0.0339692317993143
-1.50863317586361	0.759208525222823
1.25940066717258	0.682987619618916
-0.544853478742199	0.204974627934257
-0.251485536814475	0.126864956081837
-0.999437341583464	0.493311859213278
-0.117634611193586	0.0468309314969464
-0.241543381848446	0.0777055848228126
1.04480901675325	0.495932284777841
-0.543032216178632	0.204103693561096
0.504405030328064	0.320152522395944
-1.5088621709036	0.759006136042553
0.133134712517645	0.0568317747059139
-0.800775958608964	0.436315728319888
1.38207763882329	1.06501989948698
-0.415796262128571	0.237430348417504
-1.10859831680392	0.763452867668664
1.07210043580464	0.651008016050845
-0.666037830276725	0.398225131486755
0.127476057735319	0.0544213820391125
0.379661560927024	0.168625146631667
3.26284822825054	1.10169382604423
1.8135291528185	0.702758164322864
-0.23733699757943	0.0763359683654099
0.803620921341924	0.330666152724973
1.44922258720914	0.477763268309402
2.75520320904554	0.763197913000704
1.44922258720914	0.477763268309402
1.44509906384746	0.476148552116978
-0.254421166001509	0.128414384661258
0.129924563608428	0.0554083103264059
1.76171047161249	0.965486468454436
1.61065168428818	1.11672819497574
0.343823263111423	0.171583983263262
1.60216989517295	1.10859194175386
1.09016246780246	0.8242030576516
-0.0831159725743894	0.0365472417995258
0.940653321884094	0.635061252037502
-0.685215821584918	0.485786438722228
0.147501405865157	0.0782441172247911
0.137179382173941	0.0657652421172998
0.130061388011485	0.0489935931719159
-0.166213389018895	0.0595190660770883
-0.0807485111277323	0.0355295704372936
-0.811775923318263	0.444365053722232
0.335441580727175	0.186523771392036
0.529877017865922	0.305507036265907
0.938310298955856	0.632438229291036
0.148646531720232	0.0788329657549989
-0.557077239674068	0.356288266321122
-0.327471840558748	0.15117161290868
-0.510720793242878	0.270086020562963
-0.50343844046503	0.265614691620681
1.14074286425446	1.29724666692786
-0.93215762999294	0.687478261924631
0.506286345412427	0.178440504115667
0.155067569950451	0.0290355764553768
-0.354815349846941	0.101888689175609
-0.35569023027487	0.10209347470967
0.948337549654709	0.248516516252871
1.95731570776637	0.441000340195791
-1.14111344283696	0.344497381350969
1.45138090115721	0.478568850670936
0.132732885510209	0.0441080605497273
1.3150863687139	0.564688556451063
1.43977336934669	0.882480049411007
0.583962713049349	0.30093158636829
0.425151238885793	0.167665451674877
0.130825119365376	0.049315550979476
0.428285671446016	0.169094775343879
0.330557604395398	0.18346148822662
0.674410150483169	0.310435009145187
-1.2941091808211	0.576975974922849
-0.169228505263572	0.0605484402011059
-0.415478486287186	0.237658970878567
-1.11149547732305	0.766751489287297
0.844996309902286	0.621045957861675
0.348108522874215	0.174098522108694
0.49057758049981	0.309556095461033
1.81235300959058	0.702242876396542
-0.354815349846941	0.101888689175609
1.64568011677208	1.54767512758009
-0.513799539418223	0.271938391632378
0.135937173335384	0.065153738750526
0.307597307746424	0.199077467015896
0.846325735445277	0.623158742357757
0.493691239836403	0.31210637004753
-1.11391251364696	0.769502271410524
-0.547657746081662	0.348916634591862
0.423919688234173	0.167246344418343
-0.0406200833354701	0.0194037010733111
-1.52304226528151	0.540703452519057
-1.52497036065527	0.541612586959632
0.661225548064972	0.20772290984652
0.155067569950451	0.0290355764553768
-0.352036490485324	0.101122204058746
0.15963091503218	0.0399802605532864
1.81294103662311	0.70256079058948
1.81323362267005	0.702723165703649
4.1660832151626	1.96430930605611
0.157370411029726	0.0293708256249034
1.8138222857108	0.70292085392477
-0.352328640216398	0.101201570764145
0.948337549654709	0.248516516252871
0.131402466769477	0.0436531994039914
-1.18650676324905	0.662687745285691
0.669294093430786	0.307879355796411
0.131778044475103	0.0496347108537807
-0.413587829843939	0.236060310736047
0.511406581218177	0.180333732150807
-0.412261031351047	0.171714138801548
-0.166192019317493	0.0595369312524389
1.94131935547234	1.19070344736512
0.153156614367866	0.0812426294425762
-0.535402990152881	0.201037267314672
-0.683981755273177	0.484112169331038
0.642205398528335	0.456716574432162
-0.966761848986155	0.595572537015468
1.31218528243788	0.56311122145944
0.59161582030464	0.305979921494214
0.379075163658297	0.168316211156431
0.568551126572197	0.453663143919897
0.382782327491632	0.17021099777338
-1.16038677196402	1.01678936945185
-0.343694011168308	0.208834672190799
0.407832585037523	0.32344558652808
-0.203418349092921	0.110301526601018
-0.662154855715363	0.395348293665247
-0.0760018206111181	0.0334536919767082
-0.259206525287071	0.131093379870512
-0.967060298539882	0.59678584231477
-0.240627572806769	0.0774207528438286
0.514431860453614	0.181517099423547
-1.14974325164212	0.347335128550777
0.657283842665822	0.20642210460759
3.9232513707374	1.69997531930461
0.159992352718576	0.0400538861334557
-1.79840965860499	0.382877827643389
0.15963091503218	0.0399802605532864
-0.231757665117199	0.0746126179668819
2.75641316563256	0.763778311858285
1.95731570776637	0.441000340195791
0.950858461556905	0.2491584305819
-0.233964530152622	0.0753172914260115
0.672812797155709	0.309654422171124
1.88538921841262	1.61724352781273
0.585347380871442	0.302315774302495
2.3415744993868	1.14854547995181
-1.29825184667106	0.579597355540298
-0.628599509856641	0.151612619227975
1.60677856805086	1.11225543079521
-0.23733699757943	0.0763359683654099
0.493129501810836	0.311677964658119
-0.194189807559458	0.105063325181775
1.06190339887597	0.642861277235968
-0.116989853099627	0.0465621850339543
-1.18423551103852	0.661019234134657
0.469472534554848	0.319794396024758
-0.0781478862737317	0.034379821201121
0.516197868156601	0.182070276152868
-0.793305877820496	0.344462091426673
0.428499118546633	0.169166907815334
0.373487311088405	0.165498832622079
-0.256612428717039	0.129618950888943
-0.115713119983189	0.0460276099716504
0.146332921310034	0.0429416898033695
-0.796405468804135	0.346111740260538
1.88696701684961	1.62030318764344
0.130382580547973	0.0557024249618874
1.04413088328048	0.495761798173922
0.801294435982005	0.329722340410091
-1.23675556141374	0.939435496163274
0.15989019031701	0.0919598502398825
1.31543636736156	0.564668618767136
1.81205656672306	0.701877636994275
-0.743255470515655	0.253791738964193
-3.08216231491203	0.947551973079846
-1.79839614394125	0.382877807711208
2.75580772001712	0.763760469153332
0.155111385030128	0.0290417527313876
0.5126703877852	0.180806312829072
-1.50897634643426	0.759381379959404
0.154509067766894	0.0289541162362231
0.658449623497539	0.206846818911275
-0.628599509856641	0.151612619227975
3.63395648950567	1.42026036401428
0.147848686423209	0.0433479015633612
1.43382104616308	0.877407693240986
1.0192751562055	0.379836783778508
-0.970913084182283	0.599389744276947
0.142065990473004	0.0682098556042445
-1.51318979569184	0.762352086460052
-0.238130718624198	0.0765764115230572
0.668169269084798	0.307180828373381
0.802824018137818	0.330191852061481
-1.00048993841766	0.494351717278692
-1.61443748343364	1.24824410914655
-0.23733699757943	0.0763359683654099
1.04746072672504	0.497700711342051
-0.410883810414824	0.234435865032873
0.531585744689032	0.306890414561507
0.131814043124596	0.0438161720723548
0.74008513792624	0.62053816348082
-0.329460180239578	0.152138520043125
-0.682881468739734	0.483018193046795
0.918363116900764	0.800049689062708
3.03024277933564	2.20868333659008
-0.578998318840779	0.424503136761579
0.136294173863558	0.0653332884290142
-1.05117848700754	0.84948332715638
1.22836802619353	0.841570296893306
-0.681785736051443	0.481926298289934
0.879497924712769	0.465358146017653
-0.505966587917247	0.266999766123348
-0.797000168810913	0.616001253080945
0.943465276308048	0.637693584208303
1.43634499948318	0.879102311262163
0.950287720870208	0.248999740475732
-1.79839614394125	0.382877807711208
-1.1447666380351	0.34569313996721
0.147510896476738	0.0432547789402825
2.75868832531345	0.765017792149168
0.154509067766894	0.0289541162362231
-2.57963910438406	0.659061212358043
1.45331304696192	0.47899741335022
0.88067338607847	0.466267903307237
1.44780311038183	0.477066495630919
0.654989426637948	0.205620898952272
1.95731570776637	0.441000340195791
3.26284822825054	1.10169382604423
0.511187733730715	0.180331422147582
1.02521939100339	0.970306529879903
1.1296058766123	1.15695032911063
0.588405870825793	0.304001827564856
-1.34764154552807	0.846119358060111
0.137251140592937	0.0659045626428235
1.02617238539361	0.38275777208832
0.771565739384199	0.457400007430261
-1.85939202676445	1.16664799450657
2.34485636396197	1.15039336472359
-0.150798994916079	0.0859093981867342
0.882600927399831	0.468295583820609
0.298344442305372	0.204820841743299
-0.0402330550961737	0.0192212911750753
-0.150381822941009	0.0856676058836999
-0.0399972535543821	0.0191098705740378
-1.23500566731903	0.937800675741369
-0.0784324197780788	0.0345177385183641
1.0640474102783	0.643957712113366
0.588731170167142	0.304014064221788
0.771138698658618	0.457826149912316
0.879823295650508	0.465619204635478
0.94752650803232	0.934428811556145
-0.0054982303017612	0.00287135888365666
-0.416119418774553	0.17334263980881
1.11510336891599	1.00320300556634
0.0405492059959824	0.0235881767586881
0.345117767679071	0.172383594582925
0.935877753108167	0.631383673722263
-1.34885927067312	1.12084770828036
0.152125206940665	0.0807720014755471
1.81515619836297	0.703574555319196
-1.04255649350425	0.410401789740815
0.803620921341924	0.330666152724973
0.154509067766894	0.0289541162362231
0.325423046355416	0.18040264603226
0.15963091503218	0.0399802605532864
1.95786695174359	0.441149378722158
0.948768757521975	0.248549269795159
0.425627365203623	0.167916299468516
0.536281317914201	0.309790247436843
0.914618696152429	0.795720096447728
0.516414683304658	0.182180363838712
0.771989436202657	0.458421915332191
1.04424975463849	0.495554192271584
0.138890879231432	0.0666409138953449
0.950426851449918	0.249037516760643
1.25717588580468	0.681336772174657
-0.40875056742842	0.170136564452218
0.321505414024309	0.195040317825089
-0.742776335066151	0.253679551734855
0.373753217777433	0.165661732219598
0.127450572227963	0.0424065298545469
0.130536610066489	0.0491440857372051
-0.691897097188975	0.552687024566514
-0.126970962502741	0.0504933818375167
-0.280749687723374	0.177453693627073
0.426057714386364	0.168088710052056
-0.508552810001343	0.269040255173024
2.54257405726722	1.37573596793611
0.135602956254906	0.0510447903195405
-0.789306862497791	0.342262742988917
0.124822735555812	0.0470818361400661
0.529221789222177	0.30461075930615
-1.18281587032394	0.659098641368031
0.465689063485873	0.316497782898142
-1.04617699792138	0.412020671665578
0.51408290047205	0.181384498788784
0.582439476614043	0.300374349088181
0.298466975235953	0.204812966490747
1.55563768080424	0.755897558752995
0.160221796316651	0.0401166927693931
3.92389000551089	1.70054361221532
0.157325350109871	0.02936446462458
0.512103476504473	0.180655514559587
0.154509067766894	0.0289541162362231
1.95988292961267	0.441702177751728
0.155111385030128	0.0290417527313876
0.654121684946124	0.205433467520013
0.513297440290374	0.181056085890725
0.806964784735136	0.332177200552997
1.75871173717241	0.962622777197235
-0.121406733891097	0.0482789131009229
-0.548900411575046	0.349924070348244
-0.665260171640708	0.397898433795701
0.673406299089429	0.309995735525838
-0.412472605183309	0.235707032219884
0.644493389688119	0.458637923390347
-0.0119204905008699	0.00603741453514136
-0.668229506436513	0.399909915847284
-0.147377550125602	0.0838904005381241
0.133301116726748	0.0442849463266127
1.43944836001319	0.882592924139301
-0.465329197576145	0.31185003926257
0.301063574465484	0.207007722026764
1.74840192365859	1.35006657797627
-0.627787367231727	0.565374112598088
-0.1543849193781	0.0880609665116836
0.528571689248724	0.304112374974396
0.313172331057485	0.189330666686817
0.131753666673345	0.0437753507518871
-0.662378155459898	0.395422521261087
0.310258136677614	0.201241336030862
0.128992774358963	0.0550059415649745
0.132732885510209	0.0441080605497273
2.10021124048698	0.924077935460336
-1.79840965860499	0.382877827643389
-0.62621301873586	0.15115097520137
0.159992352718576	0.0400538861334557
1.95731570776637	0.441000340195791
1.95731570776637	0.441000340195791
3.6326714041979	1.41965046916025
-0.326706420774188	0.150676078031383
-1.00415102946968	0.907569345349094
0.669640034979678	0.307781097383292
-0.167535179530461	0.0599846998526839
-1.18738108149194	0.662909084634087
1.09525538921744	0.831439385108331
0.133494205957342	0.0502794825774846
1.04759640633222	0.497574511501099
-2.30135040709624	1.14829181495397
-0.415450817577452	0.173071801779126
0.373445619140009	0.165721944947213
-0.199637807699193	0.108034517287432
0.529941483302179	0.3055586884015
-0.681086268630877	0.481777171607505
-0.172323794216928	0.061695096887414
0.128409991510058	0.0483828350789698
-0.197132546888198	0.106742948057111
-0.460769667159507	0.308003119156119
0.125169291272463	0.0534654942708152
-0.504657345698144	0.266343563170319
-0.969065529100847	0.59873497422276
-0.739003822726622	0.252222384495429
-0.539438704416492	0.202662195535841
0.944504519928106	0.247598335656165
-2.57660997484294	0.657538252319339
-0.171546284974738	0.0614263022767799
1.95786695174359	0.441149378722158
-0.355112179440658	0.101904546481095
0.947635845528227	0.248244973505163
0.950998501270056	0.249196467275389
1.95731570776637	0.441000340195791
0.583979558971479	0.301305826340102
0.583962713049349	0.30093158636829
1.07043917798941	0.649987477365162
-0.153002546584331	0.0872565913727207
-0.8007770253454	0.436593074092351
-0.684758488811486	0.484950570914928
-0.807858044179321	0.440841097774977
-0.27332578014813	0.172238011806931
-0.168788938740215	0.0604027917010433
-0.407948472006761	0.232634672952563
-0.506131689749394	0.267611896570957
-0.513799539418223	0.271938391632378
-0.12129884452155	0.0481969735623814
0.341059872769559	0.170221907440528
0.940616180527393	0.635350265347566
0.660347295989593	0.207462296247491
0.304470574889217	0.196966894142555
-0.257625676623496	0.130135111736523
-0.462776004927514	0.309632888356462
-0.254958695668936	0.128753897208798
1.31253456967921	0.563091330038175
0.325574223005299	0.180118027857095
-1.79839614394125	0.382877807711208
-2.57963910438406	0.659061212358043
4.38261409644161	2.22912740483069
-0.628164901903538	0.15157555358925
-0.35262379016767	0.101278913820777
1.44899109330448	0.477667123734845
3.26345542626113	1.10199860979414
2.3392177093588	1.14668438820198
-0.628299579656606	0.151558046801791
1.95786695174359	0.441149378722158
2.75520320904554	0.763197913000704
1.76136333181412	0.965618801346497
0.351641823648287	0.176219808899026
0.771400270268332	0.457777511876895
0.374933422580566	0.16625772778587
0.146025287642498	0.0772113979581962
1.06374877239713	0.643646666521253
-0.805556172965118	0.439540624734674
1.25948160330272	0.682717497587543
0.581193932648992	0.299447645738948
-0.420473250378228	0.175432602994733
-0.168318442800183	0.0602514969158982
1.38173795423053	1.06431164491312
-1.61646260364613	1.2500012018281
-0.323943494566162	0.149495425121135
-1.85250239356097	1.15969531683893
-1.28381019157024	1.58982844442288
2.38639647052715	2.01469078087932
-1.18586323787425	0.662169281444744
1.04399119976667	0.495648425781198
-0.0744233208958202	0.0327978365153949
-0.0448292302760864	0.0213497749083302
0.149801165834309	0.0438547660273388
1.31763888527422	0.565583561080284
0.156304884454214	0.0392194704826931
0.660640141500972	0.207490447031014
-0.628164901903538	0.15157555358925
0.657179529610805	0.206320016652676
0.511755072041239	0.180523302881905
1.02329749324129	0.381582146499257
1.95786695174359	0.441149378722158
2.75868832531345	0.765017792149168
0.154465593370314	0.0289479903375428
-0.738079783119958	0.251987608125061
0.374343498860092	0.165966304255998
1.81323362267005	0.702723165703649
0.669707676602676	0.308170264889091
1.88669023572573	1.62088012447904
0.135580186525053	0.0449978908716727
-0.741510950758259	0.253188727186893
0.658448437247608	0.206865271021461
0.669640034979678	0.307781097383292
-0.508723540749855	0.386261425428991
1.06941476038693	0.648730076797335
0.123890289984819	0.0467338918733295
-0.194189807559458	0.105063325181775
1.75836423143201	0.962753553234379
-0.274261616057252	0.172895130698259
0.883522598319616	0.46852696737076
1.88825132450134	1.62258372856985
1.11659105352188	1.00402055642226
1.8138222857108	0.70292085392477
1.74904183865933	1.35095787123777
-0.628164901903538	0.15157555358925
3.63565166019344	1.42132833477826
3.26345542626113	1.10199860979414
2.75807933893485	0.764710363024488
0.659094086113482	0.20686382155205
0.159992352718576	0.0400538861334557
0.658157600688591	0.206837664845118
0.947770742439721	0.248281535275256
0.428285671446016	0.169094775343879
0.421616261221355	0.166276240508206
1.10303184228902	0.838744758376868
0.568752388520436	0.453458903345192
0.470132768519043	0.320324889611877
0.135641883851123	0.065005431672688
0.165245466496205	0.101642840515188
3.02966325988427	2.2077088415111
-0.113885349209877	0.0453302765915032
-1.56160164094971	1.51634969124304
0.161266269770459	0.092800881060907
1.22926608938562	1.03488585692813
0.428645700271081	0.326312676069268
-0.387228739687084	0.341215525523025
0.988180692761574	0.809018830804478
1.11103476948254	0.996205331951255
-1.23268908112643	0.935498918651258
-0.808426247499661	0.441802221711255
-0.665121281758677	0.397264478625031
1.35679655764094	1.25766534935108
2.10055021952577	0.924312412659368
-1.52984634403446	0.54376252749597
-0.164399596828408	0.0589021623891461
3.63331351050508	1.42008896661082
-2.57968420714322	0.659073447553718
-1.79840965860499	0.382877827643389
1.814860828926	0.70324597733131
1.02651128578825	0.383050193875148
-0.628867026021838	0.151670609188118
2.75580772001712	0.763760469153332
1.95988292961267	0.441702177751728
-2.5766529574574	0.657773148602288
-0.78873939795176	0.341991104298643
0.491580061347013	0.310606921568806
0.701501017617119	0.459826232755709
0.983850239636428	0.803559966722748
0.529813369888509	0.305018633362666
-0.418098622830114	0.174378553054991
-0.151194017404064	0.0861429124537184
-0.335381119906939	0.203076956458227
-0.14876912859427	0.0847573122378848
-1.29422913938657	0.576824155878015
0.528591764874674	0.304484428804969
1.04937913607008	1.11599415397871
-0.968766935557051	0.597836174094374
0.139542963985349	0.0669682425041542
1.14378098156385	1.30284319592402
0.77573268755266	0.460910964664279
0.641749189962593	0.455889784988141
0.0472694192797514	0.0291485210313284
-0.66823649884077	0.399887699161994
0.128075192969757	0.0482635683600574
0.948337549654709	0.248516516252871
-1.14499995487719	0.345855392571373
2.75520320904554	0.763197913000704
-0.116798931417201	0.0464504059922324
-0.628030265547787	0.151499678636842
0.948337549654709	0.248516516252871
-0.352915395102444	0.101358152963712
-0.737411368529038	0.251647475713659
3.63865172808213	1.42228041522975
-1.1447666380351	0.34569313996721
0.154465593370314	0.0289479903375428
0.65757421006213	0.206588655278929
-0.812717326023852	0.444865117262995
0.773088523684159	0.458548259226988
0.436242817008042	0.172275104189628
0.947027284635292	0.641258195780906
0.123152529758358	0.0464753496775011
0.341991383777001	0.170558622885727
-0.358848207258787	0.103009197892419
0.374621476455653	0.166300862321494
0.43038017867016	0.169931858392029
0.767492113725393	0.454626811319101
0.127141626540389	0.0479115733238652
0.123486051630744	0.0466080705225542
0.648143903323647	0.461460568636269
1.93954790797232	1.18863154455072
1.08844582284935	0.822269124164497
-0.326706420774188	0.150676078031383
-0.255663740816163	0.129111206831576
0.12867908214612	0.0548743421463883
0.803634308584142	0.330504508432051
0.13363835988629	0.0443714034051703
3.26284822825054	1.10169382604423
-2.57968420714322	0.659073447553718
0.160813493636874	0.0402291855562724
1.95731570776637	0.441000340195791
0.950998501270056	0.249196467275389
0.160946012629139	0.040173329737006
0.511535984561553	0.180463547184556
-0.632424041671007	0.152580102364835
0.160221796316651	0.0401166927693931
1.95786695174359	0.441149378722158
0.154465593370314	0.0289479903375428
0.155067569950451	0.0290355764553768
-0.742101285286405	0.253499136601578
0.513516136888496	0.181178716343693
0.149801165834309	0.0438547660273388
1.0676940141002	0.64798621738687
0.699113142710495	0.45766638660471
0.940026869719022	0.635120524271181
0.128568405154016	0.0427795258685336
0.348108522874215	0.174098522108694
0.529582344156348	0.305303818112092
-0.93243578794342	0.687730284090494
0.136340909197733	0.0582154117801055
0.156581937138274	0.0899748084869913
1.37661700444686	1.05881591071507
-0.809988126308024	0.442888551069516
0.42016837510359	0.318594359752273
1.68702517798184	1.96617546605317
0.0166311081046917	0.00902923519521521
-1.25926586496588	1.18520810747541
1.22445644246745	1.02807009876971
0.510967914253512	0.180245566763838
-0.167409271163493	0.059935085601386
0.948905461162112	0.248586345985544
0.510839396613925	0.180141996770445
0.658448437247608	0.206865271021461
0.947770742439721	0.248281535275256
1.95731570776637	0.441000340195791
3.26224218729945	1.1009233569627
1.43970607943884	0.882904500572979
-1.52525862148376	0.541687313963439
1.45174463580423	0.478561109172125
0.154465593370314	0.0289479903375428
0.154465593370314	0.0289479903375428
-0.161741213249533	0.0579719954170508
2.89212304562751	1.91858355450954
1.22763492377016	1.03120656961117
1.06357676261582	0.644411064605426
1.2540162666677	0.678629053894652
0.127400928165014	0.0480444248477577
-0.148174579007423	0.0843988428580296
0.149150616938504	0.0789774395931651
-0.130081298329346	0.0915699132838678
-0.585072518836578	0.429675500697206
-0.148905120800319	0.0848122209145365
1.23051735025422	0.844040380147423
-0.153429180092979	0.0875049092638506
0.749522394118587	0.737256858334715
0.304717097006104	0.209926736635046
0.147625087846684	0.0781339305910263
0.424373787314051	0.167361463682442
-0.803688756226162	0.438487002570186
0.159402290839324	0.0399177124259514
-3.46276423195498	1.22902448571158
0.132732885510209	0.0441080605497273
0.660054375205789	0.207294450910716
0.154509067766894	0.0289541162362231
0.154509067766894	0.0289541162362231
4.1660832151626	1.96430930605611
0.132732885510209	0.0441080605497273
-1.13895833229548	0.343813220888229
1.95731570776637	0.441000340195791
-0.628164901903538	0.15157555358925
1.81235300959058	0.702242876396542
0.375522987574006	0.166534241680736
0.424589856092066	0.167423262672112
0.14750506619492	0.078073669295374
-0.68123991910474	0.481272882627941
0.425842843580689	0.168023318876402
0.704664025099988	0.46284942354377
0.326341516368758	0.180745991766869
0.528591764874674	0.304484428804969
1.0251269439012	0.971019191303352
2.01360154894291	1.89847466479422
0.31188490564179	0.202336899761568
-0.683981755273177	0.484112169331038
0.672812797155709	0.309654422171124
-0.232999583460717	0.152524407654029
0.165811482887982	0.102059825044238
-0.229105474410616	0.149717692416031
-0.467794731695223	0.313856401366996
0.157069830913705	0.0902908809536864
1.59794760948324	1.10273056839601
-1.18678285032494	0.662835235719457
0.424935770305415	0.167621556044747
0.947770742439721	0.248281535275256
0.155067569950451	0.0290355764553768
-1.79839614394125	0.382877807711208
1.95988292961267	0.441702177751728
-0.628599509856641	0.151612619227975
1.44000155628905	0.883834302743467
0.425281606664403	0.167780963846818
0.140023273435885	0.041219830052157
2.75641316563256	0.763778311858285
0.155111385030128	0.0290417527313876
0.146584487246171	0.0430023159110844
1.75801664616211	0.962045011646966
-0.790074655877468	0.342816462594085
0.491299296466937	0.310393323020727
0.292437305234465	0.221156060874227
0.374992176019385	0.166261800681351
0.345421121438385	0.172526694098006
3.92452877652187	1.70087632208659
0.798535307893646	0.328254107247198
0.801922158295548	0.329828855715043
-1.34196815956691	0.841133529532938
-0.339880970529451	0.20615320858937
0.307160206391333	0.19888982063742
0.344814357962911	0.172223529033892
-0.507501723127073	0.267880999817563
-0.151894296454179	0.0865911951224821
-0.465059432024451	0.311644159386265
-0.937203465751302	0.692403472570381
1.67717046976371	1.94816443152326
-0.680417238394305	0.480700538027319
1.02617238539361	0.38275777208832
-1.83962358353467	0.744558464662274
-1.79839614394125	0.382877807711208
0.672812797155709	0.309654422171124
-1.52674340008464	0.542380499879977
2.75868832531345	0.765017792149168
1.95731570776637	0.441000340195791
1.44899109330448	0.477667123734845
1.02592340208434	0.382810966482796
0.658448437247608	0.206865271021461
0.154509067766894	0.0289541162362231
-0.632424041671007	0.152580102364835
0.94820175004088	0.248479682375772
-1.14111344283696	0.344497381350969
-0.175432015465782	0.0628166126562356
-0.413914940317443	0.172398209586204
-0.418098622830114	0.174378553054991
-0.121406733891097	0.0482789131009229
0.882675790549136	0.467743019683631
1.3820327166092	1.06604764659918
0.323111427912927	0.178870060024189
0.421962304057483	0.166378653401473
-0.41614391306606	0.237915426336524
0.494657070085156	0.312819701455172
0.129602692162006	0.0552849677106642
-0.928752452781411	0.683412438571624
1.06511779933586	0.64573617430051
0.987934140497214	0.809157611694367
0.154418430958705	0.0886594333843048
0.345460273391501	0.172602869150054
0.771441758104588	0.45809325066597
-0.553042302665826	0.352845575098226
0.304455081916425	0.209718610508826
0.124153707844076	0.0468349501941597
0.425167304475746	0.167813808376943
-0.628599509856641	0.151612619227975
-1.14171114622793	0.344693702322242
-0.735201728577998	0.25087231236032
0.948337549654709	0.248516516252871
0.154465593370314	0.0289479903375428
2.75641316563256	0.763778311858285
-1.14111344283696	0.344497381350969
-2.57669595250488	0.657559862268914
-1.79839614394125	0.382877807711208
-2.5766529574574	0.657773148602288
1.95786695174359	0.441149378722158
-0.416386922395193	0.173414836063739
-1.00175584515489	0.495010968345504
0.378110277761202	0.167865388599197
-0.324840006825389	0.149748814886951
0.373768905624823	0.165889064042439
1.60524952835386	1.11086061091414
0.881323339853085	0.466707870803552
1.01961500222098	0.379984696878922
1.38267030993388	1.06636081638651
0.59129172719439	0.305808683850984
0.883198277759912	0.468265493265458
3.17307807377218	2.56238623139224
-0.507188305421916	0.267753560501838
0.79519705776455	0.75583250143944
-1.10591865018272	0.761309699250813
0.31824504907235	0.192955854117236
-0.414835373975387	0.236864764504818
-0.193910820758056	0.104901678955042
0.693865076239723	0.453600574388827
-0.933712930226063	0.687949497592249
-1.00109114438115	0.494830108494711
-0.665708855729707	0.397713751396182
-0.796060921754267	0.345916139866961
1.04355625006019	0.494941192071787
-0.354229439997714	0.101697261087168
3.92936359942063	1.70302424744953
-0.738079783119958	0.251987608125061
1.81264504950119	0.702404900566408
0.159992352718576	0.0400538861334557
0.15547989361324	0.039031965106125
-1.52527766014307	0.541726073904961
0.511973184781039	0.180484403882585
-0.354809804669678	0.101824397658975
1.95731570776637	0.441000340195791
-1.79839614394125	0.382877807711208
-0.242654213055822	0.0780836016953457
0.804902320215242	0.331341314716319
0.317661291701624	0.20661955325945
0.464733190691156	0.315961212548694
1.81323362267005	0.702723165703649
-0.0377366710970123	0.0180637729923676
0.290436435778828	0.21952229906547
1.11075036374775	0.996880703685115
1.04703892798642	0.497162533983788
-0.50343844046503	0.265614691620681
0.132382889280095	0.0439989008298304
0.136064150045345	0.0451527296002601
1.12844824441836	1.15365264052329
-0.115843880142321	0.0687596733207178
-0.00522327336001334	0.00273679658206992
0.500486804959766	0.317092743256286
-0.114621868977627	0.06801337382499
0.470635665027214	0.321027911392858
0.38616265682646	0.171729678831203
-0.112324832330799	0.0666174076191379
0.308759074694091	0.186426868624904
-0.506817938318707	0.384398671685635
-0.41460923839928	0.236888009872485
0.130229401607723	0.0555523028434548
3.26284822825054	1.10169382604423
0.948337549654709	0.248516516252871
-1.14171114622793	0.344693702322242
0.948768757521975	0.248549269795159
2.75807933893485	0.764710363024488
2.75641316563256	0.763778311858285
-1.2941091808211	0.576975974922849
-2.57660997484294	0.657538252319339
-0.628030265547787	0.151499678636842
0.155111385030128	0.0290417527313876
-0.738079783119958	0.251987608125061
0.510399267871221	0.17998283956174
1.31296915771995	0.563217318478537
0.572251527452997	0.457135625542909
0.493196972264395	0.311536462344286
0.510051323737923	0.179850968444512
1.25273168634424	0.678165134341
0.134421427308654	0.0506266348115601
-1.64866171500362	1.70483898677861
0.698631984203314	0.457230399626594
0.0240347059228268	0.0129994393124457
0.491825345888929	0.310520156542952
0.129145074812062	0.055158061871462
1.06847401484548	0.64822646886455
-0.584281288952721	0.42933875174655
0.941597069975086	0.636043946768533
0.705796977887007	0.463427155074249
-0.63159924778929	0.303148971324203
0.530048342632786	0.305698069716506
0.0209454564456572	0.0113892929138049
1.60039455537571	1.10473288262416
-0.0419662096193585	0.0200316859611326
-0.665334007891297	0.397951841287221
1.43634499948318	0.879102311262163
-1.83564160885514	0.742645090374466
1.03989141335332	0.492998127324037
1.44862736407577	0.477555630338169
1.45114635521655	0.478471348903038
-0.63185471444008	0.152466960619287
0.160221796316651	0.0401166927693931
0.158797898832415	0.0397350165406265
-2.57968420714322	0.659073447553718
-0.536322009305803	0.201466150653051
-1.52497036065527	0.541612586959632
2.75520320904554	0.763197913000704
2.75520320904554	0.763197913000704
0.155067569950451	0.0290355764553768
4.16480743748042	1.96391658672842
-0.172107354750232	0.0616237994837963
-0.793871327710497	0.344598346953249
-0.805947853701745	0.537689457638446
0.770793985117418	0.45752296418316
0.67255389099498	0.309487891494371
0.510839396613925	0.180141996770445
0.846360566763187	0.622618744850189
0.805680641996882	0.331728723334835
-0.043172968309498	0.0205891718215923
0.150615569862954	0.0798245367337306
0.536893614025379	0.447008050965447
0.427165924201302	0.1685512930904
1.24923680785857	0.675374574455104
0.804344454513009	0.331111351364724
0.149735716934359	0.0794930571098061
0.7770846824153	0.461986686975141
0.155111385030128	0.0290417527313876
-0.512183606781156	0.271122218829645
0.446647049157707	0.323143605077878
0.987813999776498	0.808639076536953
0.317810930252378	0.192450194551194
0.702755650959546	0.461039202081124
-0.613365039765443	0.505210563289896
-0.667528498954918	0.399686452573427
-1.35130454227494	0.849945225525586
-3.08216231491203	0.947551973079846
3.26284822825054	1.10169382604423
0.510967914253512	0.180245566763838
2.75868832531345	0.765017792149168
-1.14536534536015	0.34589005605433
-1.14088544605048	0.344426431780091
0.659324643575319	0.207123110468657
0.802273091671679	0.329882237321236
0.510051323737923	0.179850968444512
0.154465593370314	0.0289479903375428
0.948337549654709	0.248516516252871
-3.08216231491203	0.947551973079846
0.143817020419273	0.042209488638599
0.424054549100668	0.167331926668015
1.35950539664236	1.26042739642338
0.343211488292579	0.171244587332318
0.118870408899468	0.0448999998148626
1.44862736407577	0.477555630338169
1.30729482478471	0.560238424285418
0.939653608185034	0.634061548939542
1.75359171542842	0.958752831479486
2.34192571099863	1.148837051844
0.130847633086116	0.0558190648233276
-1.83199158756097	0.740532814070127
-0.625147504143598	0.299243250286022
0.85304382109191	0.629180410574105
0.129924563608428	0.0554083103264059
-0.666002721121228	0.397903920588439
-0.969068341357722	0.598096157291759
-0.631052840203432	0.302865321261427
0.770650849661271	0.456686706927308
-0.038883267766362	0.0185823913221905
0.420923941760099	0.16593978696762
-0.937760319883267	0.692904207932615
-0.109030230049083	0.0645904876227832
1.52214492785942	1.30237862963318
0.141478308983471	0.0679169671541614
-0.122714850095156	0.0487997285129135
0.132600988210423	0.0440609588064188
0.490026567580508	0.309223665265664
0.87859329958879	0.46522403526817
0.155067569950451	0.0290355764553768
0.660932155782147	0.207694635746326
-0.736131442714986	0.251191396874175
2.75580772001712	0.763760469153332
0.154509067766894	0.0289541162362231
-0.628299579656606	0.151558046801791
-1.14499995487719	0.345855392571373
0.144976980831471	0.0425943260188831
0.144389940892798	0.0424393237157952
1.95786695174359	0.441149378722158
-3.76137421922742	1.48226291907169
-0.787484987016101	0.341192703317524
0.379984439988887	0.168800324229436
0.802840016253824	0.330197869326294
0.666635696348189	0.306498754187919
1.04711437298264	0.497299290173911
-0.551729369583757	0.352091696465476
0.147959310696477	0.0784497249789993
0.93836610904593	0.633476965648796
0.80418588371357	0.330841973654618
-0.806924470834439	0.440526610909245
-0.240627572806769	0.0774207528438286
1.44922258720914	0.477763268309402
-1.04630043534404	0.412061137796638
0.703418165861349	0.461806218284021
0.160848758563997	0.0925472374132741
0.374343498860092	0.165966304255998
0.13363835988629	0.0443714034051703
-0.079443953533135	0.0349594720381106
-0.543818752032067	0.204528065886448
-1.0465244135449	0.412299764954399
0.526925076112205	0.303208260387641
-1.35561229584339	1.12962913376656
0.132666137586953	0.0566725770973164
0.128936415922896	0.0485814724251015
0.375962847140253	0.166781377187623
1.60419248260983	1.10969924953747
0.511406581218177	0.180333732150807
0.658741078701816	0.207014004441108
0.656596864428374	0.206190386440451
-0.236865950236819	0.0762080730306188
1.44922258720914	0.477763268309402
0.510271633266051	0.179924314863983
0.509876478641146	0.179762262788489
0.127787048120533	0.0425091605383456
-2.57968420714322	0.659073447553718
0.16045117802105	0.0401558290866076
-1.1412568453231	0.344431220445032
0.340106151270341	0.16969401000777
-0.6242291915052	0.298754858474491
1.0452324442968	0.495942177083587
0.939079635336134	0.63421991644608
0.373180610877933	0.165574351861478
0.800732484930354	0.329422357686243
1.3150863687139	0.564688556451063
0.645304795890525	0.459451362321269
0.884107757926487	0.468945532977705
-0.170856035041343	0.0611834573692003
0.428499118546633	0.169166907815334
0.154509067766894	0.0289541162362231
0.643260354718192	0.457011234810864
3.63694507499105	1.42148992135626
1.25391127727982	0.679129594248648
0.14586119618118	0.0771486408134695
0.127067130239612	0.0479237420102215
0.124391130548139	0.0414392550449754
-1.14559783756009	0.346052129596875
-2.5766529574574	0.657773148602288
0.658157600688591	0.206837664845118
-0.539661343528338	0.202765677037844
-0.622280141343316	0.297793777237155
1.55322278137623	0.754063606155397
1.81456677210567	0.703082758766755
0.128782523982544	0.0428430922951178
0.51245179464898	0.180728048354012
-0.793305877820496	0.344462091426673
-0.241194698180716	0.0775963201393135
-0.168663393721381	0.0603724956040683
0.657866689740957	0.206670742493303
2.38512386111052	2.01268770721081
-0.627870819112005	0.300921694497278
0.133528954864751	0.044333899674477
-0.352036490485324	0.101122204058746
0.850222541662475	0.62596584263267
-0.358557998384515	0.10292132426425
-1.85879116076031	1.16677597693724
0.144640697621443	0.0425017414545061
1.02626205148491	0.382823634565729
1.04968809060783	0.498914343791501
0.131778705419444	0.0562078682127912
0.342907558328519	0.17108452863234
1.09082888917143	0.824969368633014
0.805329377718584	0.331441349253762
1.02499638904051	0.382165912389253
1.3150863687139	0.564688556451063
1.81323362267005	0.702723165703649
0.127811645941547	0.0481547579411935
1.00524937108843	1.20695749320084
1.55152601933111	0.752759870414717
0.178006327131158	0.122144724491289
0.642657241297989	0.581806879960425
0.310851078723987	0.187647345103153
0.801571141201532	0.329656916274671
0.157370411029726	0.0293708256249034
0.144725574883443	0.0425191258680454
1.31777492346909	0.565684040805599
0.538431058805609	0.448437950728719
-0.359141638818634	0.103112871302961
1.44922258720914	0.477763268309402
-0.737154567775087	0.251538686589487
0.154509067766894	0.0289541162362231
-2.57669595250488	0.657559862268914
-0.238649881872283	0.0768149363688191
0.376610644407851	0.167113227197513
0.15144823932183	0.0285426379557898
-1.14193838802885	0.344646219015582
2.75641316563256	0.763778311858285
0.133301116726748	0.0442849463266127
-0.354815349846941	0.101888689175609
0.162952579336367	0.0406858836130456
-0.737411368529038	0.251647475713659
-0.355401168227563	0.102014834884787
3.26569824690609	1.10327543173781
2.3415744993868	1.14854547995181
0.909768401164124	0.788854378283334
0.0905572767159334	0.066558303501782
0.767194503951828	1.1953407480194
-0.606607918461647	0.497648497639736
0.644998966421186	0.690116603664297
0.670571388016324	0.308341959138758
-0.374967611630073	0.384918584405875
1.28718118074383	2.03917203721592
1.05302168896472	0.50059162464074
1.44922258720914	0.477763268309402
3.63800215358027	1.42157836230782
3.26284822825054	1.10169382604423
0.428844518886435	0.169326646561233
0.422520693979278	0.166619271733836
1.75780594186057	0.962186704227779
0.886361496446088	0.470450698347211
1.3341978788439	1.40667950894415
0.497550825538004	0.314800901979366
0.877568166251878	0.464557348802083
-0.997445990548302	0.492050237382732
-1.29582752385193	0.578160974531549
1.02363521199244	0.381873400117373
-0.405585708169686	0.168667457089875
-1.14499995487719	0.345855392571373
-0.63185471444008	0.152466960619287
1.25948160330272	0.682717497587543
0.801922158295548	0.329828855715043
-1.14499995487719	0.345855392571373
0.510619816865865	0.180113549991954
-0.735201728577998	0.25087231236032
-0.538963433786103	0.202464572078945
2.75580772001712	0.763760469153332
-0.237559934502149	0.0764246711906185
1.31486971476921	0.564331716989034
0.660054375205789	0.207294450910716
-1.52585303078124	0.541962051097293
0.157370411029726	0.0293708256249034
-0.355112179440658	0.101904546481095
-0.537487301010156	0.201980308336473
0.948905461162112	0.248586345985544
0.588405870825793	0.304001827564856
-0.0429074295838856	0.0277934095340451
0.604123582719948	0.457378871485855
0.775429619732941	0.460743661512229
-1.736879399579	1.90942480212256
0.77448151215745	0.460015257060709
-0.231666286626522	0.151612256811198
0.606129174737699	0.458592270554811
0.374136576523987	0.165741131404594
0.528886683101048	0.304650367734962
-1.49365746044456	1.04782438004563
1.76080743527667	0.965082451079631
-0.737745529684395	0.251848226779474
-0.535054022471038	0.200837600176531
1.44028850179998	0.883441749469015
0.950426851449918	0.249037516760643
1.75470348804114	0.959971912184309
-1.2957297752472	0.577552208373856
-0.506874612334667	0.26757461490672
0.147259813410519	0.0432007445014279
-0.661499416135427	0.394857633434629
0.129698001528666	0.043121447504943
-0.741848602831151	0.253311922462979
-0.542900106811953	0.204176406519794
0.131900506227203	0.0562878352351733
-0.167973568861706	0.0601248969281319
-0.414651412491099	0.172854821999578
-1.1412568453231	0.344431220445032
0.952960668065698	0.249631740841768
1.55183311001027	0.753399095718747
-2.08818862480767	0.943180111661063
1.30877399614962	0.561080478424277
-0.233964530152622	0.0753172914260115
0.673406299089429	0.309995735525838
0.801571141201532	0.329656916274671
1.55343492064644	0.753801290272683
0.120328642773649	0.0401328430677459
0.506850875189508	0.178656463900139
0.303623463899894	0.208902885673063
1.93988519471977	1.18841121629508
1.31240282325545	0.562988742832529
3.9275816800867	1.70263786398349
1.25599478121855	0.680370001576288
0.585034505000857	0.302146848118809
3.92389000551089	1.70054361221532
0.510619816865865	0.180113549991954
-0.0749934849296606	0.0330299200973716
-0.330078207064496	0.152341896660073
-1.04255649350425	0.410401789740815
-0.118253503079345	0.0470100497471401
-1.04313192494267	0.410517747694466
0.124743014208916	0.0415439261654004
-1.05120492037028	0.414443813999069
-2.30418064567315	1.15110792862376
0.803760414606964	0.330819866621168
0.136589296650132	0.0654816461969539
-0.354815349846941	0.101888689175609
1.06847401484548	0.64822646886455
0.128217426027829	0.0426676360228733
-0.244977424990099	0.078799048069108
0.657866689740957	0.206670742493303
0.128673280033835	0.0484868522338571
0.144976980831471	0.0425943260188831
0.591916460544262	0.306231299697181
0.592044210864717	0.306439682065431
0.128003827528337	0.0482344496818407
-0.120778328951361	0.048074574203287
-0.121046858968259	0.0481817759385421
1.39133101152764	1.07695727141885
-0.808739412746861	0.44212091282488
-2.65132620746044	1.61503011481363
-0.735201728577998	0.25087231236032
0.767188090819956	0.454360312782987
2.34249550448842	1.14909671976623
2.54512463756408	1.37875603640156
0.661225548064972	0.20772290984652
0.657864503304789	0.206616146564203
0.374077768613044	0.165818583952208
-0.680812582729385	0.481547174681908
0.880148600822102	0.465798141511016
1.22927692581302	0.842704664103893
0.374933422580566	0.16625772778587
-0.11706780556092	0.0465584081549706
-0.233964530152622	0.0753172914260115
-3.08229418357021	0.947231644170671
-0.355104953248248	0.101967480674674
-0.623196516941946	0.29815695467418
0.660932155782147	0.207694635746326
-0.736819853337875	0.251337978101795
0.377727671382528	0.167676466473203
-0.165088554277847	0.0591488725692337
1.31543636736156	0.564668618767136
-0.972354901998877	0.601473651930803
0.154465593370314	0.0289479903375428
1.02304894811125	0.381607715308403
3.26284822825054	1.10169382604423
1.43967802372978	0.883843888584323
-1.48891049758972	1.04285591942386
0.145227337337459	0.0426443607563146
-0.11854795863833	0.0471817731309927
-0.236295434458238	0.0760318807121589
0.657866689740957	0.206670742493303
0.666720675538898	0.306383563426964
1.59763287156339	1.10280050385957
0.130542666165209	0.0556791201910634
0.805818467531733	0.331696510115434
1.22679254338684	0.840605399124796
0.905670388027285	0.78391968790088
0.133494205957342	0.0502794825774846
0.802489056255948	0.330144551890374
0.658448437247608	0.206865271021461
1.31296915771995	0.563217318478537
0.661225548064972	0.20772290984652
0.377522545229957	0.167567105298898
1.07014166372592	0.649712177002069
-0.412927940206854	0.171983979559785
-2.4879252582229	1.37546460490462
-0.659489209487121	0.393356032230074
-0.808842157573192	0.539954373210235
-1.18240203728657	0.659665664635482
-0.354525819937872	0.101778275735803
-0.253934946206375	0.128298317732537
-0.0787808565892094	0.0346789960044409
0.882351172371629	0.467564315220484
0.881910169013778	0.467111139730788
-0.16945056323585	0.0606971786368304
0.658741078701816	0.207014004441108
-0.354815349846941	0.101888689175609
-0.164055233193113	0.0587654505194552
0.32701291059626	0.181203411092372
-0.807063081176681	0.441221548160824
0.590678248489277	0.305402658436623
0.131594500900707	0.0437325371818593
-0.662291842605331	0.394909438604731
0.674591952494631	0.31055320296409
0.668365803920423	0.307261628392927
-1.1406575104342	0.344234513147494
0.377727671382528	0.167676466473203
0.539235781319171	0.449697034185222
0.697484316878015	0.456350990994005
0.909500106470822	0.790041591902133
0.584893231275224	0.301576967339416
0.511884149147493	0.180536056250855
0.880935682838479	0.466276639911582
0.134663561206417	0.0447043906173227
0.144640697621443	0.0425017414545061
0.802138012530807	0.329972517070534
-4.22581657690928	1.96408199501772
-0.906939475030409	0.760185375424598
0.511755072041239	0.180523302881905
-1.18742686080635	0.663256194109459
-0.241194698180716	0.0775963201393135
-0.120167455299042	0.0478010740088029
0.506636186737087	0.178613076266429
-1.83165926032039	0.740451579277532
-0.628599509856641	0.151612619227975
-0.171978560989748	0.0615700655036388
0.16045117802105	0.0401558290866076
-0.505272403379046	0.266602224671587
-0.116744249017674	0.0464304413870714
3.92630081042927	1.70195316826628
-0.506885445790532	0.267562148692892
0.79663915668021	0.327407468554178
0.160813493636874	0.0402291855562724
0.423708721184005	0.16718499503533
0.377846101634659	0.167669963424407
1.07259867120348	0.651504386780028
0.134796989185734	0.044763826715822
0.162357836679133	0.0405597098553547
2.10227195989275	0.924990315433236
1.06160244193306	0.642529285329515
-0.737745529684395	0.251848226779474
-0.789306862497791	0.342262742988917
-0.25594460406778	0.129401564925789
-0.399088854883512	0.277509623714854
0.699401391088522	0.458168968512739
1.43605935160024	1.62759397410215
1.22941552488024	0.843643105433401
0.128673280033835	0.0484868522338571
0.669975753795622	0.30798845763185
0.135497064378108	0.0449728061554857
2.88412735993623	1.90781040435036
-1.52527766014307	0.541726073904961
0.666385345775343	0.306202110873003
-2.0851928861798	0.941244883307777
-0.35569023027487	0.10209347470967
-1.52955481711501	0.543641482939636
-0.582775097760315	0.427701219028086
0.371241121847868	0.164587159709047
-0.331562931248909	0.15317939368866
1.04690378710311	0.497343192229306
1.81515619836297	0.703574555319196
0.162952579336367	0.0406858836130456
-1.52556530925699	0.541887546993991
1.09087530292901	0.825840810677254
-0.631276995785674	0.302939384668502
1.31798968775981	0.566002482239596
-0.319951382973952	0.147431646559579
1.06283268198428	0.643666030279054
0.58275306088536	0.300543406969333
-2.08495289661111	0.941010945670462
0.767836214035121	0.454939795512729
0.422386530780278	0.166593415832503
-1.29445710557565	0.57719309643802
-0.175432015465782	0.0628166126562356
0.159992352718576	0.0400538861334557
1.04703892798642	0.497162533983788
1.93595220618141	1.18559614854271
-0.0763127549371531	0.0335886930934556
0.881433267470284	0.467217588908144
-0.0768276907549928	0.0338349978969705
0.372154632546278	0.165023296170665
-0.168663393721381	0.0603724956040683
0.514431860453614	0.181517099423547
0.67526054163764	0.310918476548385
0.422520693979278	0.166619271733836
0.516764201582912	0.182313298692041
0.87730549327442	0.464338198778869
1.02363521199244	0.381873400117373
0.770382667551371	0.457507821153591
0.132951093876262	0.0441757525557606
0.130382580547973	0.0557024249618874
0.127329099679244	0.0480229321825531
1.04536760236631	0.496267966555643
-1.18613909098152	0.662207218310526
-0.413194033026847	0.172063670363972
-1.83165926032039	0.740451579277532
-0.80062896196517	0.436599689015027
1.26203403996069	0.684410796809941
0.347056763003309	0.17347912848182
-0.120490621868934	0.0479276905170135
0.802840016253824	0.330197869326294
1.31218528243788	0.56311122145944
1.06436231489504	0.644280530255301
0.667910039261565	0.30706346862549
-0.508411021552542	0.268406408234683
-0.234312185154952	0.0754304879292539
0.588405870825793	0.304001827564856
0.424373787314051	0.167361463682442
1.43375279823405	0.878565333093442
0.135413489226664	0.0578132039573497
0.128075192969757	0.0482635683600574
-0.664396908898562	0.39673883721135
-1.85473655316488	1.16155351134143
-1.25600158817875	1.17978250915742
-0.323790233074692	0.149308363719974
2.1046410607199	0.926318292522978
0.513297440290374	0.181056085890725
0.780328667421017	0.614797872659238
1.44035579911252	0.883085649053647
0.797408395522862	0.327664211324392
0.654703443030561	0.205608890273211
0.144640697621443	0.0425017414545061
-0.321498630266757	0.148130773447812
0.145313170347528	0.042674261922763
1.06540552238296	0.646059754757069
0.428976385850053	0.169324382927391
-0.354229439997714	0.101697261087168
2.10543731746934	0.926718487222265
-1.18054210061732	0.657967863762949
-1.83132702405761	0.74028277145384
-1.50925080405163	0.760072338394048
0.940710707328429	0.635599589613125
0.673482458034147	0.310019955946795
0.128670408883655	0.0548738095016879
0.774784803839899	0.460245905655184
-0.359725191866461	0.103238313016327
1.02651128578825	0.383050193875148
0.345501988639699	0.172603276401922
-0.671927326488979	0.402810420825516
0.137427081968539	0.0455820755982064
1.23738189547909	0.851860023835566
0.50720087150347	0.178829201945322
0.88067338607847	0.466267903307237
0.853654303163103	0.629909796235604
1.43912328472901	0.882298404206883
0.137992233769885	0.0457542226421718
0.510089510074648	0.179877546335957
0.136037036853093	0.0580806941212942
-0.504646444914547	0.266345102798541
0.700836937091453	0.459509407930341
-0.197002571624559	0.106663932911857
0.493691239836403	0.31210637004753
0.654423995012307	0.467527831357449
2.01095591472874	1.89146876590386
1.81294103662311	0.70256079058948
1.7654598675949	0.968500078169628
1.60810276503068	1.11415479521147
1.02097706153712	0.380421430230224
1.31139839023769	0.562237305599265
2.10484529049321	0.926120631345201
0.159992352718576	0.0400538861334557
-1.23625772664871	0.939130730130593
0.511187733730715	0.180331422147582
0.128217426027829	0.0426676360228733
0.583057246951312	0.300779301083878
0.424719696521905	0.167520800855861
1.80835489274816	0.70010856168417
2.54165206483058	1.37461336959916
0.582125831830818	0.300160545440486
1.31486971476921	0.564331716989034
-0.54346877962796	0.204399150899749
0.144640697621443	0.0425017414545061
0.506850875189508	0.178656463900139
1.02455981174032	0.382091874796033
0.131402466769477	0.0436531994039914
1.2548644764088	0.679177247891947
0.534714760335625	0.308951278144902
0.943937640725668	0.24736392993685
1.09570158903582	0.830911710872369
1.59763506244804	1.10036871392761
0.160221796316651	0.0401166927693931
0.67031140224908	0.308146609796731
0.667315577413551	0.306736150645152
0.3260517192548	0.180529005105452
0.507978169027623	0.178996238801615
0.132732885510209	0.0441080605497273
-2.48734643273085	1.37500772456017
1.0238833519431	0.381787644807647
-2.0851928861798	0.941244883307777
3.63395648950567	1.42026036401428
1.59960014086673	1.1056093064403
-0.352036490485324	0.101122204058746
1.09010245580632	0.825493681129705
0.123890289984819	0.0467338918733295
1.45198001091205	0.478658944297305
0.499382554648981	0.316555968596943
0.146370442088716	0.0775321911401577
-0.234659925712008	0.0755339906287207
-0.415517834935378	0.173096521773236
0.329264846721539	0.182840115585628
-1.34765137912707	0.84639728114869
3.6326714041979	1.41965046916025
1.75836423143201	0.962753553234379
0.798324210831681	0.328230166540438
0.148186394591661	0.0434281534721658
-1.00274599481992	0.495549775463389
-0.327014345939738	0.150800233005045
0.121842056862296	0.0459941817060834
-0.165422360008911	0.0592921948028611
0.772392679836235	0.458819656326414
0.658157600688591	0.206837664845118
1.31451987093813	0.564351638075811
0.67374098604665	0.310203332995967
0.128217426027829	0.0426676360228733
0.167568173560441	0.103089470118477
0.424054549100668	0.167331926668015
1.55357482739164	0.753998587470342
1.44450447975593	0.475941549703467
-0.234881985943443	0.0755878057926229
1.25308727931006	0.677893883554368
0.374077768613044	0.165818583952208
-2.30476209042479	1.1515199403139
1.80894124091292	0.700425017401662
0.133142839040939	0.0568208455015268
0.128338588542606	0.0483629401375905
-2.00386209834963	1.39727611452813
1.76080743527667	0.965082451079631
-0.801885724028796	0.348648066570059
1.76226560709781	0.965937090991291
3.26284822825054	1.10169382604423
0.802138012530807	0.329972517070534
0.674075603168132	0.310361240164618
0.417944151143051	0.1647019663695
1.81235300959058	0.702242876396542
0.804902320215242	0.331341314716319
0.427380592234077	0.168681699885593
0.948337549654709	0.248516516252871
0.131814043124596	0.0438161720723548
0.349703293472321	0.174988977714577
0.428844518886435	0.169326646561233
0.706278768746201	0.46428671011844
1.02304894811125	0.381607715308403
1.31275235192293	0.563405500186811
1.22927692581302	0.842704664103893
-0.417832083070999	0.174255353735987
1.06817566818363	0.648031617689729
-0.0458817619658207	0.0218480888258317
1.35420681385396	1.25127234913204
-1.34583269547314	0.843963640420916
0.671071788506695	0.308901200069349
-0.50435518614772	0.266152831092033
4.16544558167092	1.96422252025176
0.425497080140127	0.167863861612803
-1.00004103377151	0.493654528880013
2.72788473611126	1.63825924457708
-0.0797461473737743	0.0350889021671119
1.04278235143153	0.494384712219271
0.343904778144513	0.171632714637168
0.372154632546278	0.165023296170665
0.51408290047205	0.181384498788784
-0.414318748551147	0.172706108602275
1.02626205148491	0.382823634565729
0.137241747959079	0.0658054864748649
2.34192571099863	1.148837051844
0.46816967835462	0.319052675917037
0.776721959649447	0.462205153599777
0.936718577871809	0.630867700678887
0.126733263288597	0.0477974947336053
0.892521002207517	0.474556547136092
-0.0787909552849089	0.0346730484105952
-0.415116620386652	0.172916119993669
-0.506874612334667	0.26757461490672
0.67255389099498	0.309487891494371
-0.809363746339261	0.442546835487161
0.666385345775343	0.306202110873003
1.06436231489504	0.644280530255301
-0.117336741462383	0.0466584622287431
0.942580029703748	0.636878036966499
0.427726139064257	0.168841338822495
0.67031140224908	0.308146609796731
0.323111427912927	0.178870060024189
1.55343492064644	0.753801290272683
2.10577777041247	0.92695430431462
0.802704240998476	0.33025128123342
0.770753148983889	0.457164481253107
0.346107190599633	0.172968959614611
0.696562649425309	0.456032313197021
0.317407388814092	0.192164370241078
-0.34162564930429	0.207426201471119
-0.0416789582507194	0.0198964522100546
-0.0813771757937801	0.035789700940242
0.605353503797268	0.458278216611364
0.373753217777433	0.165661732219598
-0.253277595140944	0.127958648823637
-0.167754072609883	0.0600616127897958
-0.153256969785107	0.0873504634146969
0.883522598319616	0.46852696737076
3.26345542626113	1.10199860979414
1.45198001091205	0.478658944297305
0.878155215055491	0.464960389811805
1.64673568954847	1.54987622035135
0.785151184224257	0.620379926285501
0.5941776779609	0.307615330004489
0.12734351598535	0.0544306878864236
0.73016581790869	0.609110650542798
0.589333607395911	0.304587039615023
0.734574682053444	0.614463963141607
1.81323362267005	0.702723165703649
0.15963091503218	0.0399802605532864
3.40897690983427	3.29440757357019
1.3516296681078	1.24752019607214
1.04169780172704	0.494121856474359
0.303767655727384	0.208996473589891
1.25646566585656	0.681030255429427
0.132213320602427	0.0564194580163191
0.731333639707232	0.610426299468468
0.881061209097818	0.46630997336116
